id,ground_truth,text,status_id,user_id,screen_name,created_at,relevant_paula,relevant_fabio,frame_paula,frame_fabio,relevance_agreement_check,relevant_ra,mturk_annotation,WorkerId
frames_tweets17_0,health,#Trumpcare Medicaid cuts put 1.75 million veterans &amp; their families at risk #DefendTheACA,910192509351075840,462143773,RepCicilline,2017-09-19T17:22:59.000Z,1.0,1.0,health and safety,health and safety,True,1.0,"['health', 'external']","['A23LXQ5ZX2YONR', 'A2Q1YS118AO2BP']"
frames_tweets17_1,policy,Terminally ill patients deserve a right to try and find a cure for their illnesses. That is why yesterday the House voted to send the #RightToTry Act to @POTUS to be signed in to law. Click here to learn more → https://t.co/8GJqKgiUJm,999302032036188160,27676828,PatrickMcHenry,2018-05-23T14:52:25.000Z,1.0,1.0,policy prescription and evaluation,policy prescription and evaluation,True,1.0,"['health', 'health']","['A2WGW5Y3ZFBDEC', 'A37WXDYYT7RCZ0']"
frames_tweets17_2,health,"The pain of losing a child to a disease like #Cancer is unimaginable. This month during #ChildhoodCancerAwarenessMonth, we honor individuals &amp; groups like @LiveLikeBella who are working to raise awareness and advocate for research to combat this terrible disease. https://t.co/Gj9f8g4zOP",1044346991189221376,2853309155,carloslcurbelo,2018-09-24T22:05:00.000Z,1.0,1.0,health and safety,health and safety,True,1.0,"['capacity', 'constitutionality']","['A18DUG8EA8Y766', 'A2Q1YS118AO2BP']"
frames_tweets17_3,health,"As you may know, yesterday a tornado passed through southeast Alabama. @Ft_Rucker sustained some damage, but thankfully no injuries have been reported as of now and operations continued normally today. My prayers are with those impacted by the storm. 
https://t.co/6NFmJgZCHo",988465655014977538,224294785,MarthaRobyAL,2018-04-23T17:12:31.000Z,1.0,1.0,health and safety,health and safety,True,1.0,"['capacity', 'health']","['A2Q1YS118AO2BP', 'A2YYQJ3JWA2KGD']"
frames_tweets17_4,law,".@realDonaldTrump's years of perpetrating a ""a shocking pattern of illegality” at the Trump Foundation finally caught up w/ him. I think there’s an echo of that shocking pattern of illegality at Trump properties in New York, Panama, &amp; Canada. https://t.co/ux2T09Kqj8",1075078049425694722,24913074,RepSpeier,2018-12-18T17:19:15.000Z,1.0,1.0,"law and order, crime and justice","law and order, crime and justice",True,1.0,"['constitutionality', 'other']","['A2Q1YS118AO2BP', 'A3I9UOCM5EXMR2']"
frames_tweets17_5,health,Discussing healthcare in Danville w/ local leaders. We need more healthcare freedom so individuals &amp; businesses decide what's best for them https://t.co/QCIOOr05eq,908719617929039872,216881337,RandPaul,2017-09-15T15:50:14.000Z,1.0,1.0,health and safety,health and safety,True,1.0,"['constitutionality', 'health']","['A2Q1YS118AO2BP', 'A2YYQJ3JWA2KGD']"
frames_tweets17_6,economic,"As a result of these rising costs, many families have opted to go uninsured, rather than pay for these skyrocketing costs.",816736098336591876,2914515430,RepTomEmmer,2017-01-04T20:00:34.000Z,1.0,1.0,economic,economic,True,1.0,"['economic', 'capacity']","['A2JPOXYZM5AJZZ', 'A2Q1YS118AO2BP']"
frames_tweets17_7,policy,"Spoke with @10News about the potential government shutdown and how it would hurt San Diegans.
The American people expect us to make government work, not shut it down. Holding government services hostage to a border wall is not good governance. https://t.co/xm0HcKOji6",1075452201210920967,1135486501,RepScottPeters,2018-12-19T18:06:00.000Z,1.0,1.0,policy prescription and evaluation,policy prescription and evaluation,True,1.0,"['law', 'constitutionality']","['A2Q1YS118AO2BP', 'A2YYQJ3JWA2KGD']"
frames_tweets17_8,policy,Happy to be joined by @rosadelauro @RepLujanGrisham and @RepAnnieKuster to support @PPact and #KillTheBill! https://t.co/Qs4riSxRmJ,880217473290821632,221792092,NitaLowey,2017-06-29T00:12:53.000Z,1.0,1.0,policy prescription and evaluation,policy prescription and evaluation,True,1.0,"['political', 'policy']","['A23WTODPHXZ68Y', 'A2Q1YS118AO2BP']"
frames_tweets17_9,health,We're live from the Capitol talking about how we can improve America’s health care. Tune in here: https://t.co/u6omNGY9Cr,888048137146953728,15764644,SpeakerPelosi,2017-07-20T14:49:09.000Z,1.0,1.0,health and safety,health and safety,True,1.0,"['security', 'health']","['A2Q1YS118AO2BP', 'A5YVMQWA2IYPF']"
frames_tweets17_10,other,Congratulations to Rep. Geanie Morrison for being honored today by the Texas Federation of Republican Women. @GeaniewmW https://t.co/36N5QSlAMc,1007804323835863040,13218102,JohnCornyn,2018-06-16T01:57:29.000Z,1.0,1.0,other,other,True,1.0,"['other', 'security']","['A2HESXT4DAGASU', 'A2Q1YS118AO2BP']"
frames_tweets17_11,economic,"The demand for products #MadeInAmerica reached an 11-month high in August, adding to the list of good news for manufacturers across #GA07, #Georgia, and the entire country! https://t.co/PBPeTBfdTc",1047952265515061250,2382685057,RepRobWoodall,2018-10-04T20:51:04.000Z,1.0,1.0,economic,economic,True,1.0,"['morality', 'economic']","['A2Q1YS118AO2BP', 'A2WGW5Y3ZFBDEC']"
frames_tweets17_12,health,".@senrobportman Regulations help make sure we have clean air &amp; water, &amp; safe working conditions. No one wants to go back to an ear w/out safety standards https://t.co/BSSzgvX3Ex",857670923402588161,1061029050,SenatorHeitkamp,2017-04-27T19:00:57.000Z,1.0,1.0,health and safety,health and safety,True,1.0,"['health', 'health']","['A2Q1YS118AO2BP', 'A2WGW5Y3ZFBDEC']"
frames_tweets17_13,political,When will Republicans in Congress reach across the aisle and seek compromise?,887410974680113152,2968451607,RepBonnie,2017-07-18T20:37:18.000Z,1.0,1.0,political,political,True,1.0,"['cultural', 'political']","['A2Q1YS118AO2BP', 'A31Z5TPD8QKE26']"
frames_tweets17_14,law,I now have significantly greater confidence that the investigation will follow the facts wherever they lead.,864976838552150016,17494010,SenSchumer,2017-05-17T22:52:03.000Z,1.0,1.0,"law and order, crime and justice","law and order, crime and justice",True,1.0,"['capacity', 'law']","['A2Q1YS118AO2BP', 'A2YYQJ3JWA2KGD']"
frames_tweets17_15,political,There's a better path forward. Real solutions to improve our #HealthCare system are within reach if Republicans &amp; Democrats work together.,890915166040326145,1099199839,MartinHeinrich,2017-07-28T12:41:42.000Z,1.0,1.0,political,political,True,1.0,"['policy', 'law']","['A2IOT3PCS9G5RK', 'A2Q1YS118AO2BP']"
frames_tweets17_16,economic,"Go figure. Corporate CEOs want a massive tax cut and don’t care about the middle-class Americans who will sees their taxes rise, health care costs increase and infrastructure deteriorate.
https://t.co/bATxGDnEla",933020940094488576,462143773,RepCicilline,2017-11-21T17:15:01.000Z,1.0,1.0,economic,economic,True,1.0,"['constitutionality', 'policy']","['A2Q1YS118AO2BP', 'A2YYQJ3JWA2KGD']"
frames_tweets17_17,economic,"""To sum up five imperative items for #TaxReform: Growth. Postcard. Full expensing. Tax cuts. And repeal Dodd-Frank."" With @taxfoundation https://t.co/6Dq8XhKKdr",908097790361964545,1074480192,SenTedCruz,2017-09-13T22:39:19.000Z,1.0,1.0,economic,economic,True,1.0,"['fairness', 'policy']","['A2Q1YS118AO2BP', 'A2WGW5Y3ZFBDEC']"
frames_tweets17_18,political,The passing of President George H W Bush is also the passing of civility and a sense of decency in our polity.,1069012060896399360,78445977,GerryConnolly,2018-12-01T23:35:11.000Z,1.0,1.0,political,political,True,1.0,"['quality', 'political']","['A2Q1YS118AO2BP', 'A37WXDYYT7RCZ0']"
frames_tweets17_19,security,"This #VeteransDay marks 100 years since the end of WWI. Over 122,000 Wisconsinites served our country bravely in that war and nearly 4,000 lost their lives. We will never forget the sacrifice they made to defend the freedoms we all cherish.",1061663423946256384,1074518754,SenatorBaldwin,2018-11-11T16:54:19.000Z,1.0,1.0,security and defense,security and defense,True,1.0,"['constitutionality', 'constitutionality']","['A18DUG8EA8Y766', 'A2Q1YS118AO2BP']"
frames_tweets17_20,other,"Happy to announce federal funding to complete the Blue River Basin/Dodson Levee &amp; Turkey Creek Basin projects!
https://t.co/6C7EMEPQJ2https://t.co/vS7DgNUcbD",874694310226264064,163570705,repcleaver,2017-06-13T18:25:49.000Z,1.0,1.0,other,other,True,1.0,"['capacity', 'capacity']","['A2Q1YS118AO2BP', 'ACDX50KGPE97I']"
frames_tweets17_21,political,John Kelly needs to resign.,966004597566341121,36686040,RepMaxineWaters,2018-02-20T17:40:18.000Z,1.0,1.0,political,political,True,1.0,"['political', 'policy']","['A2JPOXYZM5AJZZ', 'A2Q1YS118AO2BP']"
frames_tweets17_22,health,Here at the Southern Oaks Learning and Wellness Center grand opening in #OKC today. This center will provide immunizations and quality healthcare for some of the neediest people in our community. #OK05 https://t.co/lZYijKTNdi,1058012346470281217,2966758114,RepRussell,2018-11-01T15:06:14.000Z,1.0,1.0,health and safety,health and safety,True,1.0,"['health', 'constitutionality']","['A2JPOXYZM5AJZZ', 'A2Q1YS118AO2BP']"
frames_tweets17_23,health,"Today, on #NationalGunViolenceAwarenessDay, we must redouble our efforts stop the senseless loss of life from gun violence in our country. #EnoughisEnough #WearOrange https://t.co/yxbbfXmBC1",1002640608496963584,937723303,RepJohnDelaney,2018-06-01T19:58:43.000Z,1.0,1.0,health and safety,health and safety,True,1.0,"['security', 'policy']","['A18DUG8EA8Y766', 'A2Q1YS118AO2BP']"
frames_tweets17_24,law,Do you believe @POTUS @realDonaldTrump's #MuslimBan is against the law? #QuestionOfTheDay,830085509582028802,1531521632,RepBeatty,2017-02-10T16:06:22.000Z,1.0,1.0,"law and order, crime and justice","law and order, crime and justice",True,1.0,"['public', 'constitutionality']","['A2JPOXYZM5AJZZ', 'A2Q1YS118AO2BP']"
frames_tweets17_25,economic,"@NWTC Thank you ACE Marine for having me today in Green Bay, and for your critical role in boosting Wisconsin’s maritime industry and supporting our #MadeInWI economy. Looking forward to the North Coast Marine Manufacturing Training Center in Marinette! https://t.co/Q3xBjViRR5",979413137140088832,1074518754,SenatorBaldwin,2018-03-29T17:41:03.000Z,1.0,1.0,economic,economic,True,1.0,"['economic', 'economic']","['A2JPOXYZM5AJZZ', 'A2Q1YS118AO2BP']"
frames_tweets17_26,health,Today is the 52nd anniversary of #Medicare and #Medicaid. And this is my mom and me. In a few… https://t.co/pM5Yy9G4Gh,891701225648828416,558769636,RepBonamici,2017-07-30T16:45:13.000Z,1.0,1.0,health and safety,health and safety,True,1.0,"['morality', 'health']","['A2Q1YS118AO2BP', 'A2WGW5Y3ZFBDEC']"
frames_tweets17_27,health,Toured the new @VirginiaGarcia clinic today in Beaverton. Incredibly impressive site that provides quality health care for so many in Washington County. https://t.co/3KXkVtVHq4,1057408490702962688,250188760,RonWyden,2018-10-30T23:06:44.000Z,1.0,1.0,health and safety,health and safety,True,1.0,"['constitutionality', 'health']","['A2Q1YS118AO2BP', 'A2YYQJ3JWA2KGD']"
frames_tweets17_28,political,"I joined @NLC for their successful event in SA. Now more than ever, it is important that young leaders get involved in all aspects of gov. https://t.co/0MfpqYabaA",901213363035877376,153944899,RepLloydDoggett,2017-08-25T22:43:04.000Z,1.0,1.0,political,political,True,1.0,"['quality', 'political']","['A2Q1YS118AO2BP', 'A3CFNUD7VR2E1E']"
frames_tweets17_29,policy,".@TheIndependent: “Smith, Fischer applaud plan to repeal #WOTUS” Read more: https://t.co/ywZA3Gp2uD",880050198944370688,1071402577,SenatorFischer,2017-06-28T13:08:12.000Z,1.0,1.0,policy prescription and evaluation,policy prescription and evaluation,True,1.0,"['public', 'constitutionality']","['A2Q1YS118AO2BP', 'A2YYQJ3JWA2KGD']"
frames_tweets17_30,security,The #ChibokGirls are our girls and we won’t stop fighting until their safe return! @mlfudge https://t.co/WAjehbziJm,852977236156317696,234014087,RepWilson,2017-04-14T20:09:55.000Z,1.0,1.0,security and defense,security and defense,True,1.0,"['public', 'cultural']","['A2Q1YS118AO2BP', 'A2YYQJ3JWA2KGD']"
frames_tweets17_31,economic,TeMa is opening its very first North American facility in Kearneysville—another great example of companies recognizing that #WV is a great place to invest and do business. Happy to have my staff at the groundbreaking earlier this week to celebrate the big day. https://t.co/HN1ZrW55ZX,984558781949464576,193794406,SenCapito,2018-04-12T22:28:00.000Z,1.0,1.0,economic,economic,True,1.0,"['constitutionality', 'economic']","['A2Q1YS118AO2BP', 'A2R2YZTSME1K3F']"
frames_tweets17_32,other,Wishing our Sikh American friends and neighbors a happy #Vaisakhi on this historically significant day!,852886884233695236,2970279814,RepDebDingell,2017-04-14T14:10:53.000Z,1.0,1.0,other,other,True,1.0,"['cultural', 'capacity']","['A2JPOXYZM5AJZZ', 'A2Q1YS118AO2BP']"
frames_tweets17_33,external,America is strongest when we work together with our allies – including the 28 NATO members who share our democratic values. Undermining NATO is a gift to Putin that @realDonaldTrump seems all too happy to give.,1017123021369364480,970207298,SenWarren,2018-07-11T19:06:40.000Z,1.0,1.0,external regulation and reputation,external regulation and reputation,True,1.0,"['external', 'morality']","['A2JPOXYZM5AJZZ', 'A2Q1YS118AO2BP']"
frames_tweets17_34,health,"#TX25 - be sure to celebrate the #4thofJuly safely/responsibly
- Purchase fireworks from licensed dealers
- Obey laws, including those regarding where fireworks can be  legally fired
- An adult should be present
- Wear safety glasses
- Secure long hair back
- Always wear shoes https://t.co/DX2c9Ewzzk",1014146744806850561,1077446982,RepRWilliams,2018-07-03T14:00:00.000Z,1.0,1.0,health and safety,health and safety,True,1.0,"['capacity', 'health']","['A2Q1YS118AO2BP', 'A37WXDYYT7RCZ0']"
frames_tweets17_35,economic,"Veterans earned their benefits and shouldn't suffer because of the @DeptVetAffairs' IT problems.
#ICYMI: I asked the VA's Undersecretary for Benefits how they plan to repay G.I. Bill beneficiaries. Doing nothing is unacceptable. 
https://t.co/0LTdugUkyw",1068633365484589059,1135486501,RepScottPeters,2018-11-30T22:30:23.000Z,1.0,1.0,economic,economic,True,1.0,"['health', 'cultural']","['A2JPOXYZM5AJZZ', 'A2Q1YS118AO2BP']"
frames_tweets17_36,policy,➫ Less coverage for Americans &amp; more loopholes for insurance company executives. #RxForDisaster,839230775862169601,74508260,BillPascrell,2017-03-07T21:46:23.000Z,1.0,1.0,policy prescription and evaluation,policy prescription and evaluation,True,1.0,"['public', 'health']","['A2Q1YS118AO2BP', 'A2WGW5Y3ZFBDEC']"
frames_tweets17_37,economic,NEW REPORT: The TrumpTax plan is basically tax cuts for billionaires &amp; corporations. How is @SenateGOP planning to pay for it? By raising taxes on the working class. Take a look for yourself: https://t.co/SjBuvuyjXx,931284086915780608,242555999,SenWhitehouse,2017-11-16T22:13:23.000Z,1.0,1.0,economic,economic,True,1.0,"['political', 'political']","['A2JPOXYZM5AJZZ', 'A2Q1YS118AO2BP']"
frames_tweets17_38,constitutionality,"Americans across the country saw so-called ""voter fraud"" commission for what it was- a thinly veiled attempt to suppress the vote. However, our fight to make sure all Americans can exercise their right to vote is far from over.",948932238745456642,92186819,maziehirono,2018-01-04T15:00:50.000Z,1.0,1.0,constitutionality and jurisprudence,constitutionality and jurisprudence,True,1.0,"['public', 'public']","['A2Q1YS118AO2BP', 'A2UCKZZI9KBBCV']"
frames_tweets17_39,policy,"Today, I am announcing my plan to lower prescription drug prices at events across Michigan! https://t.co/DngjB9l89A",978999126439407616,76456274,SenStabenow,2018-03-28T14:15:55.000Z,1.0,1.0,policy prescription and evaluation,policy prescription and evaluation,True,1.0,"['quality', 'cultural']","['A18DUG8EA8Y766', 'A2Q1YS118AO2BP']"
frames_tweets17_40,economic,"Get the facts on https://t.co/zqQZ3XE1d2 → Under our plan, the average family of four will see a tax cut of $1182. https://t.co/NgDvo2uHiD",941430362197995520,17976923,cathymcmorris,2017-12-14T22:11:03.000Z,1.0,1.0,economic,economic,True,1.0,"['morality', 'economic']","['A2Q1YS118AO2BP', 'A3O81LHBBI8NPK']"
frames_tweets17_41,security,Discussed the important role Indiana has in the defense sector with @LGSuzanneCrouch. https://t.co/U6hi3Vd8mT,842855890852175872,17544524,ToddRokita,2017-03-17T21:51:18.000Z,1.0,1.0,security and defense,security and defense,True,1.0,"['fairness', 'security']","['A2Q1YS118AO2BP', 'A2WGW5Y3ZFBDEC']"
frames_tweets17_42,economic,"Last month, I wrote an open letter to farmers &amp; ranchers regarding the threat of NAFTA withdrawal &amp; urging Ag groups to rally folks to speak up regarding the importance of trade in your industry. #Farmers4NAFTA Read the full letter in @agripulse: https://t.co/VJCqB4Kb0L",938466269669576704,18632666,JerryMoran,2017-12-06T17:52:49.000Z,1.0,1.0,economic,economic,True,1.0,"['capacity', 'external']","['A2Q1YS118AO2BP', 'A2WGW5Y3ZFBDEC']"
frames_tweets17_43,health,"My heart goes out to all affected by the ongoing wildfires. Thank you to our heroic first responders—pay attention to evacuation orders, make a plan and stay safe! https://t.co/Lg4ytc9umh",1061361856378474497,1055730738,RepLowenthal,2018-11-10T20:56:00.000Z,1.0,1.0,health and safety,health and safety,True,1.0,"['security', 'capacity']","['A23LXQ5ZX2YONR', 'A2Q1YS118AO2BP']"
frames_tweets17_44,external,Pres. Macron offers eloquent defense of freedom and liberty in French-accented English at joint session of Congress. Quel dommage our own president cannot/will not do the same.,989158816880189440,78445977,GerryConnolly,2018-04-25T15:06:54.000Z,1.0,1.0,external regulation and reputation,external regulation and reputation,True,1.0,"['policy', 'political']","['A2Q1YS118AO2BP', 'A37WXDYYT7RCZ0']"
frames_tweets17_45,health,"As a doctor, I know health care touches every American. We have an obligation to work together &amp; solve problems. See my remarks today --&gt; https://t.co/40yhHw70ky",906193220534767616,950783972,RepBera,2017-09-08T16:31:14.000Z,1.0,1.0,health and safety,health and safety,True,1.0,"['health', 'political']","['A2JPOXYZM5AJZZ', 'A2Q1YS118AO2BP']"
frames_tweets17_46,health,I enjoyed my meeting with the Illinois Primary Health Care Association today about the importance of Community Health Centers in our region. https://t.co/IKIk3J1i5E,913137406135738368,1092979962,RepCheri,2017-09-27T20:24:57.000Z,1.0,1.0,health and safety,health and safety,True,1.0,"['public', 'health']","['A2Q1YS118AO2BP', 'A2WGW5Y3ZFBDEC']"
frames_tweets17_47,political,How many times do the American people have to reject #ACA repeal efforts before Republicans are ready to move on? https://t.co/ddeH3Qpawh,909853567300890625,28602948,RepRaulGrijalva,2017-09-18T18:56:09.000Z,1.0,1.0,political,political,True,1.0,"['constitutionality', 'political']","['A2Q1YS118AO2BP', 'A2WGW5Y3ZFBDEC']"
frames_tweets17_48,political,Tonight it was my distinct privilege to speak on the Senate floor in support of my friend &amp; our Attorney General Jeff Sessions. https://t.co/UoIYp1R3ES,829504231203885057,21111098,SenShelby,2017-02-09T01:36:34.000Z,1.0,1.0,political,political,True,1.0,"['law', 'political']","['A2Q1YS118AO2BP', 'A2WGW5Y3ZFBDEC']"
frames_tweets17_49,health,I’m thinking of the Capital Gazette employees and their families in the wake of today’s heartbreaking shooting. The work they—and reporters all over the country—do is critical to the health of our democracy. -Joe,1012518922468413440,216503958,SenDonnelly,2018-06-29T02:11:37.000Z,1.0,1.0,health and safety,health and safety,True,1.0,"['health', 'security']","['A2JPOXYZM5AJZZ', 'A2Q1YS118AO2BP']"
frames_tweets17_50,security,Great work by our professional and dedicated law enforcement in handling the recent pipe bomb threats. Violence in American politics is abhorrent and never the answer.,1055971274370007040,2891210047,SenDanSullivan,2018-10-26T23:55:45.000Z,1.0,1.0,security and defense,security and defense,True,1.0,"['law', 'law']","['A2Q1YS118AO2BP', 'A2WGW5Y3ZFBDEC']"
frames_tweets17_51,political,"""We know that every Democratic member of @senjudiciary is going to vote no...Doesn’t depend on what they read in documents, doesn’t depend on what Kavanaugh says—they’ve announced ahead of time they’re voting no &amp; most of the Senate Dems have announced that in the full Senate."" https://t.co/6Sqkw6Hq3S",1037082068210073601,1074480192,SenTedCruz,2018-09-04T20:56:47.000Z,1.0,1.0,political,political,True,1.0,"['morality', 'political']","['A2Q1YS118AO2BP', 'A2UCKZZI9KBBCV']"
frames_tweets17_52,health,I was honored to be w/ the Fargo VA today to celebrate their new departments. Their dedication to healthcare for veterans is second to none. https://t.co/cuJRghPlnG,916408545192611841,1048784496,SenKevinCramer,2017-10-06T21:03:17.000Z,1.0,1.0,health and safety,health and safety,True,1.0,"['health', 'constitutionality']","['A23WTODPHXZ68Y', 'A2Q1YS118AO2BP']"
frames_tweets17_53,health,"The NO vote from @SenateDems took pay away from our troops and health care from 9 million children nationwide (88,000 in MO) who rely on the Children’s Health Insurance Program every day. #FundTheGovernment #SchumerShutdown https://t.co/5GqnVAkv5Mhttps://t.co/SuvCJqSsUR",954749760468148225,237763317,RepHartzler,2018-01-20T16:17:35.000Z,1.0,1.0,health and safety,health and safety,True,1.0,"['cultural', 'policy']","['A2Q1YS118AO2BP', 'A37WXDYYT7RCZ0']"
frames_tweets17_54,security,Law enforcement officers make immeasurable sacrifices every single day and we are forever indebted to those who bravely serve our communities. Thank you for all you do to keep our families safe. #NationalPoliceWeek https://t.co/kdwWJiZ7mt,996423094263795713,1128514404,RepDavidValadao,2018-05-15T16:12:32.000Z,1.0,1.0,security and defense,security and defense,True,1.0,"['law', 'law']","['A2JPOXYZM5AJZZ', 'A2Q1YS118AO2BP']"
frames_tweets17_55,health,"Nurse practitioners and physicians assistants are on the front lines of the opioid epidemic, and are ready, willing, and more than able to help; when we let them do their job, they save and change lives. I spoke in support of this provision yesterday. WATCH: https://t.co/igZls9acTr",1042088567479193600,1068481578,SenAngusKing,2018-09-18T16:30:50.000Z,1.0,1.0,health and safety,health and safety,True,1.0,"['quality', 'health']","['A2Q1YS118AO2BP', 'A2WGW5Y3ZFBDEC']"
frames_tweets17_56,security,Today we celebrate the incredible sacrifice of our service members in all branches of military. We honor you for your commitment to this country and we thank you for keeping this nation safe. Happy #VeteransDay2018 https://t.co/jIlhs5eLhI,1061619556517642241,26778110,RepWalterJones,2018-11-11T14:00:00.000Z,1.0,1.0,security and defense,security and defense,True,1.0,"['fairness', 'security']","['A2Q1YS118AO2BP', 'A5YVMQWA2IYPF']"
frames_tweets17_57,other,It's #NationalLibraryWeek! Libraries are critical to the communities they serve and I'm always happy to assist them in any way I can. I urge everyone in #MO05 to go out and support their local libraries this week. I hear @MCPLMO is even having a scavenger hunt... https://t.co/G7JTuGM30e,984164925114404866,163570705,repcleaver,2018-04-11T20:22:57.000Z,1.0,1.0,other,other,True,1.0,"['morality', 'capacity']","['A2Q1YS118AO2BP', 'A37WXDYYT7RCZ0']"
frames_tweets17_58,policy,Clear message today in PDX: #Trumpcare must be stopped. Proud to work w/ @SenJeffMerkley &amp; @RepBonamici in this fight of our lifetime. https://t.co/TAFGMWpXyx,883040154738319360,250188760,RonWyden,2017-07-06T19:09:13.000Z,1.0,1.0,policy prescription and evaluation,policy prescription and evaluation,True,1.0,"['health', 'health']","['A2Q1YS118AO2BP', 'A2WGW5Y3ZFBDEC']"
frames_tweets17_59,policy,"Seismic testing has disastrous consequences for marine wildlife and is designed to lead to drilling off New Jersey’s coast. We will continue to fight the administration’s dangerous environmental policies in New Jersey, the courts and in Congress.
https://t.co/Gj1qICZ5fV",1072595661726605312,31801993,FrankPallone,2018-12-11T20:55:08.000Z,1.0,1.0,policy prescription and evaluation,policy prescription and evaluation,True,1.0,"['political', 'capacity']","['A2Q1YS118AO2BP', 'A37WXDYYT7RCZ0']"
frames_tweets17_60,fairness,“No country can ever truly flourish if it stifles the potential of its women and deprives itself of the contributions of half of its citizens.” —Michelle Obama #WomensHistoryMonth https://t.co/JzdmctAIsr,970348968797450241,30354991,KamalaHarris,2018-03-04T17:23:17.000Z,1.0,1.0,fairness and equality,fairness and equality,True,1.0,"['fairness', 'cultural']","['A2JPOXYZM5AJZZ', 'A2Q1YS118AO2BP']"
frames_tweets17_61,security,So proud of #VT National Guard units and the VT veterans who have served and sacrificed to keep this country safe &amp; secure. @vtarngrrb #VTVets https://t.co/PhE02Zr2MJ,929353405075787776,242836537,SenatorLeahy,2017-11-11T14:21:32.000Z,1.0,1.0,security and defense,security and defense,True,1.0,"['security', 'morality']","['A2IOT3PCS9G5RK', 'A2Q1YS118AO2BP']"
frames_tweets17_62,other,Thank you so much to the American Conservative Union for this award. I will continue to fight each and everyday for conservative values. https://t.co/AWWcJlE1rh,983853486919045120,278145569,MarshaBlackburn,2018-04-10T23:45:25.000Z,1.0,1.0,other,other,True,1.0,"['cultural', 'morality']","['A2JPOXYZM5AJZZ', 'A2Q1YS118AO2BP']"
frames_tweets17_63,security,"This #ThanksgivingWeek, I’m thankful for the dedicated Marines at Camp Pendleton, and across the world, who sacrifice to keep us safe. https://t.co/KHRrc0h9MS",1065013680415354881,30354991,KamalaHarris,2018-11-20T22:47:03.000Z,1.0,1.0,security and defense,security and defense,True,1.0,"['law', 'morality']","['A18DUG8EA8Y766', 'A2Q1YS118AO2BP']"
frames_tweets17_64,law,"If #Kavanaugh won’t insist the @FBI complete his background investigation as to this new allegation, he is unfit to serve as a federal judge. It is not a small matter for a federal judge to participate in a kangaroo hearing.",1042522209426792450,242555999,SenWhitehouse,2018-09-19T21:13:58.000Z,1.0,1.0,"law and order, crime and justice","law and order, crime and justice",True,1.0,"['capacity', 'constitutionality']","['A2Q1YS118AO2BP', 'A2WGW5Y3ZFBDEC']"
frames_tweets17_65,economic,"It’s real simple why: that’s the priority of Texans. We want more jobs, we want higher wages, we want more opportunity. Texans understand that the way you get jobs is lower taxes, lower regulations &amp; creating an environment where small biz can prosper. —&gt; https://t.co/RsBCnlTUuD",1039637297711521793,1074480192,SenTedCruz,2018-09-11T22:10:21.000Z,1.0,1.0,economic,economic,True,1.0,"['economic', 'law']","['A2JPOXYZM5AJZZ', 'A2Q1YS118AO2BP']"
frames_tweets17_66,economic,"3/ We have spent more than $3 billion per month to continue the conflict, with little gain on the ground.",899805671184449537,88806753,RepGaramendi,2017-08-22T01:29:24.000Z,1.0,1.0,economic,economic,True,1.0,"['constitutionality', 'security']","['A2Q1YS118AO2BP', 'A2WGW5Y3ZFBDEC']"
frames_tweets17_67,political,"While bipartisanship may be in short supply in Washington, D.C., it is alive and vocal in New Jersey.  Reps. Josh Gottheimer  and Leonard Lance defend the Gateway Project at a press conference Friday.   Gottheimer and Lance are members of the bipartisan Problem Solvers Caucus. https://t.co/Ca1Rmq9Igr",990969852969046016,613725908,RepLanceNJ7,2018-04-30T15:03:18.000Z,1.0,1.0,political,political,True,1.0,"['cultural', 'policy']","['A2Q1YS118AO2BP', 'A37WXDYYT7RCZ0']"
frames_tweets17_68,external,"This week, I spoke to the Japan America Society of St. Louis. Proud of the growing trade relationship between our two nations. https://t.co/r4u5Gy3N22",918149794446659585,1051446626,RepAnnWagner,2017-10-11T16:22:24.000Z,1.0,1.0,external regulation and reputation,external regulation and reputation,True,1.0,"['morality', 'economic']","['A2Q1YS118AO2BP', 'A3CFNUD7VR2E1E']"
frames_tweets17_69,economic,"Yesterday, our country's debt surpassed $20 trillion. Washington has got to wake up. FULL STATEMENT —&gt; https://t.co/AbFSZcQ3kzhttps://t.co/L27ED8QQJA",907734101377130496,2863210809,sendavidperdue,2017-09-12T22:34:09.000Z,1.0,1.0,economic,economic,True,1.0,"['quality', 'economic']","['A2Q1YS118AO2BP', 'A2WGW5Y3ZFBDEC']"
frames_tweets17_70,economic,"I'm proud to support this major  project, which would create nearly 100 new jobs in Goshen. Investing in our infrastructure is common sense. 
https://t.co/WN7L2z8P4m",957659540845219840,1072467470,RepSeanMaloney,2018-01-28T17:00:01.000Z,1.0,1.0,economic,economic,True,1.0,"['quality', 'external']","['A2HESXT4DAGASU', 'A2Q1YS118AO2BP']"
frames_tweets17_71,economic,"But why rush? @SenateDems, the American ppl &amp; even the rest of the GOP need to know what's actually in the #GOPTaxBill. Are they trying to hide that it helps the wealthy &amp; big corps while raising taxes on millions of middle-class families?",930460221499170818,17494010,SenSchumer,2017-11-14T15:39:38.000Z,1.0,1.0,economic,economic,True,1.0,"['economic', 'policy']","['A23WTODPHXZ68Y', 'A2Q1YS118AO2BP']"
frames_tweets17_72,health,Taking #healthcare away from millions of women just to satisfy your own politics is wrong. Our government works for ALL OF US. https://t.co/zumgZrBVlV,997891131365933056,111635980,JoeCrowleyNY,2018-05-19T17:26:00.000Z,1.0,1.0,health and safety,health and safety,True,1.0,"['health', 'health']","['A2Q1YS118AO2BP', 'A31Z5TPD8QKE26']"
frames_tweets17_73,constitutionality,Fighting for everyone’s civil rights is in our common interest. No one should be left to fight alone.,996956222623543296,30354991,KamalaHarris,2018-05-17T03:31:00.000Z,1.0,1.0,constitutionality and jurisprudence,constitutionality and jurisprudence,True,1.0,"['constitutionality', 'fairness']","['A2Q1YS118AO2BP', 'A2WGW5Y3ZFBDEC']"
frames_tweets17_74,political,"Today House GOP refused to stand up to Trump &amp; voted down Democratic efforts to help secure our elections from outside interference—with no alternative of their own.

SHAME. 

Demand GOP act to #ProtectOurDemocracy.",1019991259266650118,15954997,repblumenauer,2018-07-19T17:04:01.000Z,1.0,1.0,political,political,True,1.0,"['political', 'capacity']","['A2JPOXYZM5AJZZ', 'A2Q1YS118AO2BP']"
frames_tweets17_75,external,Heading into Terrorism and Illicit Finance subcommittee to hear from Treasury Dept. about their work to cut off funding and stop North Korea’s nuclear weapons program. https://t.co/UaQHptnvIN,928349360424980481,1080844782,SenatorSinema,2017-11-08T19:51:50.000Z,1.0,1.0,external regulation and reputation,external regulation and reputation,True,1.0,"['political', 'constitutionality']","['A2JPOXYZM5AJZZ', 'A2Q1YS118AO2BP']"
frames_tweets17_76,security,The #Niger mission is critical to American interests &amp; to prevent the area from becoming a terrorist staging ground. https://t.co/O82ruo4n3a,923665008625635330,264219447,SenatorWicker,2017-10-26T21:37:53.000Z,1.0,1.0,security and defense,security and defense,True,1.0,"['capacity', 'external']","['A2Q1YS118AO2BP', 'A37WXDYYT7RCZ0']"
frames_tweets17_77,economic,The #CHOICEAct provides regulatory relief for community banks &amp; credit unions promoting more economic opportunity → https://t.co/uOBmHKhrxkhttps://t.co/64WGHA1D2R,872890985411264512,27676828,PatrickMcHenry,2017-06-08T19:00:03.000Z,1.0,1.0,economic,economic,True,1.0,"['economic', 'policy']","['A23WTODPHXZ68Y', 'A2Q1YS118AO2BP']"
frames_tweets17_78,political,"#KavanughVote If Democrats regain control, I would become chair of the Judiciary Subcommittee on Courts, Intellectual Property &amp; the Internet. That subcommittee has the authority to subpoena witnesses &amp; documents related to Kavanaugh: https://t.co/uCmfJiQdOZ #DelayTheVote",1045758332932411392,24745957,RepHankJohnson,2018-09-28T19:33:10.000Z,1.0,1.0,political,political,True,1.0,"['fairness', 'policy']","['A2Q1YS118AO2BP', 'A2YYQJ3JWA2KGD']"
frames_tweets17_79,economic,"Last year American Airlines made $1.9 billion in profits. Its CEO Doug Parker is on track to make $31 million this year.

They need to explain why 27% of workers at their subsidiary Envoy Air said they must accept food stamps and other public assistance to make ends meet.",1018247766542176256,29442313,SenSanders,2018-07-14T21:36:00.000Z,1.0,1.0,economic,economic,True,1.0,"['law', 'fairness']","['A2Q1YS118AO2BP', 'ABY1RK8H6HC8C']"
frames_tweets17_80,fairness,Excited about the launch of @bidenfoundation! Grateful for @JoeBiden’s service and his commitment to equal rights. https://t.co/8F8qLVxAM2,826883233245696001,1058717720,RepAnnieKuster,2017-02-01T20:01:40.000Z,1.0,1.0,fairness and equality,fairness and equality,True,1.0,"['policy', 'fairness']","['A2Q1YS118AO2BP', 'ACDX50KGPE97I']"
frames_tweets17_81,security,To all the brave men and women who serve in our nation's armed forces: Thank you!  #VeteransDay https://t.co/VVZIBUbeiq,929462498893484033,20597460,SenBillNelson,2017-11-11T21:35:02.000Z,1.0,1.0,security and defense,security and defense,True,1.0,"['external', 'security']","['A2Q1YS118AO2BP', 'A2WGW5Y3ZFBDEC']"
frames_tweets17_82,quality,.@FERC’s decision-making has a direct effect on the quality of life and safety of the residents of #MA08. https://t.co/aWXkaN2CWl,870315721531805697,310310133,RepStephenLynch,2017-06-01T16:26:52.000Z,1.0,1.0,quality of life,quality of life,True,1.0,"['political', 'public']","['A2JPOXYZM5AJZZ', 'A2Q1YS118AO2BP']"
frames_tweets17_83,economic,The Central Valley is home to our nation’s hardest workers and most innovative minds. Proud to team up with MEC Aerial Work Platforms to show @SpeakerRyan how tax reform legislation is already helping families and businesses in our community. https://t.co/sluvk3YJRj,991829279615971328,1128514404,RepDavidValadao,2018-05-02T23:58:22.000Z,1.0,1.0,economic,economic,True,1.0,"['economic', 'public']","['A23WTODPHXZ68Y', 'A2Q1YS118AO2BP']"
frames_tweets17_84,law,"Nobody is above the law, including our own President of the United States. If President Trump fires the person who is investigating him, he will be obstructing justice, and it’s completely unacceptable! https://t.co/UuyipyNFvD",984439038714269697,90639372,RepDwightEvans,2018-04-12T14:32:11.000Z,1.0,1.0,"law and order, crime and justice","law and order, crime and justice",True,1.0,"['fairness', 'law']","['A2Q1YS118AO2BP', 'A2WGW5Y3ZFBDEC']"
frames_tweets17_85,health,"Heading back to Ohio, safe and sound. Unnerved to hear about my colleagues on their way to the GOP retreat, praying for very minor to no injuries and a safe arrival.",958744683664019461,236916916,RepJimRenacci,2018-01-31T16:51:59.000Z,1.0,1.0,health and safety,health and safety,True,1.0,"['political', 'political']","['A23WTODPHXZ68Y', 'A2Q1YS118AO2BP']"
frames_tweets17_86,security,Watch my full Senate floor tribute to Corporal Matt Henderson who died in Iraq in May 2004 while serving our country. #NEHeroes https://t.co/5vDtpJx7TP,1068266750142230528,1071402577,SenatorFischer,2018-11-29T22:13:35.000Z,1.0,1.0,security and defense,security and defense,True,1.0,"['public', 'security']","['A2Q1YS118AO2BP', 'A2WGW5Y3ZFBDEC']"
frames_tweets17_87,health,TY @AGSchneiderman for your investigation into red light camera violations by school bus companies. Our children’s safety is paramount. https://t.co/CVLj7Lk6r4,920355368219414528,164007407,RepEliotEngel,2017-10-17T18:26:33.000Z,1.0,1.0,health and safety,health and safety,True,1.0,"['law', 'health']","['A2Q1YS118AO2BP', 'A2WGW5Y3ZFBDEC']"
frames_tweets17_88,health,"The U.S. is facing a deadly flu season, &amp; #TrumpShutdown will only make it worse. The @WashingtonPost outlines how @CDCgov employees will be furloughed, which impacts the CDC’s ability to monitor the flu &amp; ensure there are enough antiviral supplies. https://t.co/nXcV4zii8U",954747235035680768,2916086925,RepAdams,2018-01-20T16:07:33.000Z,1.0,1.0,health and safety,health and safety,True,1.0,"['public', 'health']","['A2Q1YS118AO2BP', 'A2WGW5Y3ZFBDEC']"
frames_tweets17_89,external,We need Trump to immediately implement a sustained US diplomatic campaign to defuse current Korean #nuclear crisis. https://t.co/zEAwqUPauB,917779893819183108,21406834,SenMarkey,2017-10-10T15:52:32.000Z,1.0,1.0,external regulation and reputation,external regulation and reputation,True,1.0,"['security', 'political']","['A2JPOXYZM5AJZZ', 'A2Q1YS118AO2BP']"
frames_tweets17_90,economic,"Had a huge turnout for the #GrowWithGoogle digital skills event, which I hosted with @google today in Charleston! Programs like this one will help strengthen our workforce &amp; create a brighter economic future for West Virginians. https://t.co/3ma7Mv1EBR",1021461505131282433,193794406,SenCapito,2018-07-23T18:26:15.000Z,1.0,1.0,economic,economic,True,1.0,"['health', 'economic']","['A2Q1YS118AO2BP', 'A2VE5IV9OD2SK1']"
frames_tweets17_91,political,"@Shellieboo71 That vote will occur in the US Senate, and I serve in the House, so unfortunately I will not have the chance to vote ""no.""",824014020298600448,2962868158,RepDonBeyer,2017-01-24T22:00:26.000Z,1.0,1.0,political,political,True,1.0,"['fairness', 'political']","['A2Q1YS118AO2BP', 'A2WGW5Y3ZFBDEC']"
frames_tweets17_92,law,Acting AG Whitaker wrote an op-ed last year that criticized the Mueller investigation for “going too far.” He should recuse himself from overseeing the investigation immediately.,1060276153024479234,1099199839,MartinHeinrich,2018-11-07T21:01:48.000Z,1.0,1.0,"law and order, crime and justice","law and order, crime and justice",True,1.0,"['morality', 'constitutionality']","['A2Q1YS118AO2BP', 'A2UCKZZI9KBBCV']"
frames_tweets17_93,other,"Thank you, Lynne Bertalmio, for your years of service @StillwaterLibMn! Best wishes in your retirement! https://t.co/RG8IrBaMuO",834243825036050432,516880804,BettyMcCollum04,2017-02-22T03:30:02.000Z,1.0,1.0,other,other,True,1.0,"['constitutionality', 'other']","['A2Q1YS118AO2BP', 'A2WGW5Y3ZFBDEC']"
frames_tweets17_94,cultural,"This #BlackHistoryMonth, we celebrate and honor the immeasurable contributions made by African Americans to American society. Together, we can build a more inclusive and tolerant society that celebrates our diversity as a nation. https://t.co/ShVpRMsTzo",959547127411208192,28602948,RepRaulGrijalva,2018-02-02T22:00:37.000Z,1.0,1.0,cultural identity,cultural identity,True,1.0,"['fairness', 'health']","['A2JPOXYZM5AJZZ', 'A2Q1YS118AO2BP']"
frames_tweets17_95,economic,"ACA cost *less* than projected. Fewer ppl enrolled in marketplaces, but *more* than projected got covered by Medicaid despite GOP sabotage",839555676074561536,2962868158,RepDonBeyer,2017-03-08T19:17:26.000Z,1.0,1.0,economic,economic,True,1.0,"['policy', 'health']","['A2Q1YS118AO2BP', 'ABY1RK8H6HC8C']"
frames_tweets17_96,fairness,"Dr. Martin Kuther King Jr. continues to inspire! Progress on racial and economic equality must march on and I am grateful for #Tampa leaders who pressed for change, equal rights.  Read about our local leaders #MLK50 https://t.co/fKTAced4uT",981556948658196482,1880674038,USRepKCastor,2018-04-04T15:39:47.000Z,1.0,1.0,fairness and equality,fairness and equality,True,1.0,"['fairness', 'cultural']","['A22KRF782ELLB0', 'A2Q1YS118AO2BP']"
frames_tweets17_97,policy,"@theLVguide I fully support a robust aid package to help #PuertoRico recover after the devastation of Hurricane Maria. The sooner, the better.",913025760142782465,258900199,RepMaloney,2017-09-27T13:01:19.000Z,1.0,1.0,policy prescription and evaluation,policy prescription and evaluation,True,1.0,"['law', 'external']","['A2Q1YS118AO2BP', 'A2WGW5Y3ZFBDEC']"
frames_tweets17_98,health,"Joined @BakerCollege-Allen Park &amp; the @Guidance_Center for a critical discussion about how we can work together to combat the #opioid epidemic, which is impacting too many MI families. My focus→solutions that will save lives while not stigmatizing those with real medical needs. https://t.co/BlhP212G2r",979403230030585856,2970279814,RepDebDingell,2018-03-29T17:01:41.000Z,1.0,1.0,health and safety,health and safety,True,1.0,"['quality', 'health']","['A2Q1YS118AO2BP', 'A37WXDYYT7RCZ0']"
frames_tweets17_99,health,"Two years ago, after the gun violence Sit-In, I wrote this piece which still rings true today. One  paragraph is particularly relevant, as courageous citizens rise up across the US to protest gun violence. I couldn't be more supportive of their efforts.
https://t.co/7gleKZriy3https://t.co/MshStHnOoz",966343130143436801,22812754,RepGregoryMeeks,2018-02-21T16:05:30.000Z,1.0,1.0,health and safety,health and safety,True,1.0,"['fairness', 'law']","['A2Q1YS118AO2BP', 'A2WGW5Y3ZFBDEC']"
frames_tweets17_100,policy,"While GOP is celebrating #GlobalGag women across world will suffer  consequences because of this dangerous policy
https://t.co/Jl8FEsTwGE",823934925879513090,3122099613,DonaldNorcross,2017-01-24T16:46:08.000Z,1.0,1.0,policy prescription and evaluation,policy prescription and evaluation,True,1.0,"['morality', 'fairness']","['A2Q1YS118AO2BP', 'A2WGW5Y3ZFBDEC']"
frames_tweets17_101,health,February is American #HeartMonth &amp; the women of the Senate are coming together to raise awareness of heart health. Learn more at https://t.co/QaSaFAkAF3 #GoRedforWomen https://t.co/0CDEuffuNg,961288606794092544,92186819,maziehirono,2018-02-07T17:20:38.000Z,1.0,1.0,health and safety,health and safety,True,1.0,"['policy', 'health']","['A2Q1YS118AO2BP', 'A37WXDYYT7RCZ0']"
frames_tweets17_102,fairness,"The #GOPTaxScam is overwhelmingly skewed to wealthy and powerful shareholders and executives – not middle class families and working Americans.
https://t.co/v5acpZ9EDg",968575124801761281,250188760,RonWyden,2018-02-27T19:54:39.000Z,1.0,1.0,fairness and equality,fairness and equality,True,1.0,"['fairness', 'policy']","['A2Q1YS118AO2BP', 'A3CFNUD7VR2E1E']"
frames_tweets17_103,health,"Joe has expressed concerns about these short-term plans that would allow insurers to deny coverage to those with pre-existing conditions, charge more to people who are sick &amp; provide fewer benefits. We should work together to improve access to quality, affordable health care.",992132919492792321,216503958,SenDonnelly,2018-05-03T20:04:55.000Z,1.0,1.0,health and safety,health and safety,True,1.0,"['health', 'morality']","['A2JPOXYZM5AJZZ', 'A2Q1YS118AO2BP']"
frames_tweets17_104,other,I had the pleasure of visiting President George H.W. Bush at the White House shortly after I was sworn into the House. I recall standing in awe of the ultimate patriot who had served his nation with distinction in so many ways. https://t.co/LWeGAdAVij,1068957034966470656,22545491,KenCalvert,2018-12-01T19:56:32.000Z,1.0,1.0,other,other,True,1.0,"['health', 'morality']","['A2Q1YS118AO2BP', 'A5YVMQWA2IYPF']"
frames_tweets17_105,economic,"We are committed to decreasing gov. dependency &amp; helping SNAP recipients climb the economic ladder. By tripling the amount of $ invested in SNAP E&amp;T programs to ensure that there are spots for anyone who wants one, we are helping develop a strong workforce &amp; grow the economy.",986653081793331200,993153006,RodneyDavis,2018-04-18T17:10:00.000Z,1.0,1.0,economic,economic,True,1.0,"['fairness', 'economic']","['A2Q1YS118AO2BP', 'A2WGW5Y3ZFBDEC']"
frames_tweets17_106,health,Simone visited my office today. She has a pre-existing condition &amp; I fight against #Trumpcare for patients like her. #ProtectOurCare https://t.co/L6lnGCXwss,885235435932442624,3122099613,DonaldNorcross,2017-07-12T20:32:29.000Z,1.0,1.0,health and safety,health and safety,True,1.0,"['political', 'health']","['A2Q1YS118AO2BP', 'ACDX50KGPE97I']"
frames_tweets17_107,health,Health Care Open Enrollment is here! Are you and your loved ones covered? #GetCoveredNow https://t.co/GlOYHMZ3h9,925759196422901760,15764644,SpeakerPelosi,2017-11-01T16:19:26.000Z,1.0,1.0,health and safety,health and safety,True,1.0,"['fairness', 'health']","['A2Q1YS118AO2BP', 'A2WGW5Y3ZFBDEC']"
frames_tweets17_108,political,"@realDonaldTrump @Cabinet Trump has done nothing to ""drain the swamp."" Administration is filled with lobbyists &amp; transparency has gone out the window.",874374346554429440,1155335864,RepDonaldPayne,2017-06-12T21:14:23.000Z,1.0,1.0,political,political,True,1.0,"['political', 'political']","['A2JPOXYZM5AJZZ', 'A2Q1YS118AO2BP']"
frames_tweets17_109,economic,"""Consumer sentiment in March unexpectedly jumped to a 14-year high after tax cuts boosted disposable incomes"" https://t.co/6OaskC1gES",974704852159918080,23976316,RepKenMarchant,2018-03-16T17:52:00.000Z,1.0,1.0,economic,economic,True,1.0,"['morality', 'public']","['A2Q1YS118AO2BP', 'A2WGW5Y3ZFBDEC']"
frames_tweets17_110,economic,"Main street business is booming at the recently reopened Downtown Cuyahoga Falls! The revitalization is projected to create 1,000 jobs and generate more than $65 million per year in restaurant and retail sales. Thank you @MayorWalters for showing me around today. https://t.co/v9v5az8KUr",1015286771758837765,976969338,RepDaveJoyce,2018-07-06T17:30:04.000Z,1.0,1.0,economic,economic,True,1.0,"['political', 'fairness']","['A18DUG8EA8Y766', 'A2Q1YS118AO2BP']"
frames_tweets17_111,policy,Rep Price wants to gut the ACA &amp; send us back to a time when folks couldn’t afford to get sick. #PriceIsWrong #mtpol https://t.co/YrEp8CJfGm,829797724472094720,515822213,SenatorTester,2017-02-09T21:02:49.000Z,1.0,1.0,policy prescription and evaluation,policy prescription and evaluation,True,1.0,"['public', 'health']","['A2Q1YS118AO2BP', 'A37WXDYYT7RCZ0']"
frames_tweets17_112,economic,"General Motors just announced plans to lay off nearly 15,000 workers and shut down plants across the US. This is the same @GM that got a huge tax break from the #GOPTaxScam and spent $4.5 billion on stock buybacks last year. It’s shameful. https://t.co/7C7W77PouW",1067185087672971265,970207298,SenWarren,2018-11-26T22:35:26.000Z,1.0,1.0,economic,economic,True,1.0,"['morality', 'economic']","['A2Q1YS118AO2BP', 'A3CFNUD7VR2E1E']"
frames_tweets17_113,policy,We haven't had significant regulatory reform in more than 70 years. #Ohio #smallbiz need these reforms. #PassRAA: https://t.co/herczJVSXB,857969910856769536,18915145,senrobportman,2017-04-28T14:49:01.000Z,1.0,1.0,policy prescription and evaluation,policy prescription and evaluation,True,1.0,"['economic', 'policy']","['A23LXQ5ZX2YONR', 'A2Q1YS118AO2BP']"
frames_tweets17_114,economic,@SenateCommerce MI is leading development &amp; testing of self-driving vehicles that will keep U.S. a leader in innovation &amp; create jobs,875103577517297665,236511574,SenGaryPeters,2017-06-14T21:32:06.000Z,1.0,1.0,economic,economic,True,1.0,"['other', 'law']","['A22KRF782ELLB0', 'A2Q1YS118AO2BP']"
frames_tweets17_115,constitutionality,"Due process is a right. This ruling goes against everything we stand for. 
https://t.co/wMbWuLOR6D",968950937908797440,111635980,JoeCrowleyNY,2018-02-28T20:48:00.000Z,1.0,1.0,constitutionality and jurisprudence,constitutionality and jurisprudence,True,1.0,"['law', 'constitutionality']","['A2IOT3PCS9G5RK', 'A2WGW5Y3ZFBDEC']"
frames_tweets17_116,policy,"The #REINSAct signals our commitment to modeling reform that puts smart policy above tired politicking.
https://t.co/GpOcD1NZO7",816476167985332225,1060487274,RepDougCollins,2017-01-04T02:47:42.000Z,1.0,1.0,policy prescription and evaluation,policy prescription and evaluation,True,1.0,"['constitutionality', 'policy']","['A2Q1YS118AO2BP', 'A37WXDYYT7RCZ0']"
frames_tweets17_117,quality,".@BHelpingHands does incredible work in our community, providing food, medicine, financial assistance, and job training to local families https://t.co/0ZPnIW14wd",860509154452099078,137794015,RepTedDeutch,2017-05-05T14:59:04.000Z,1.0,1.0,quality of life,quality of life,True,1.0,"['quality', 'policy']","['A23WTODPHXZ68Y', 'A2Q1YS118AO2BP']"
frames_tweets17_118,health,"I continue to stand by my statement that Sterigenics should close until we’re assured it’s not a public health threat. Because EPA won't shut Sterigenics (which they have the authority to do), &amp; because the company won't shut itself down, I'm calling for new EtO testing methods",1075138123120676865,1009269193,RepLipinski,2018-12-18T21:17:58.000Z,1.0,1.0,health and safety,health and safety,True,1.0,"['policy', 'health']","['A2Q1YS118AO2BP', 'A3CFNUD7VR2E1E']"
frames_tweets17_119,security,Celebrating all Vietnam era veterans today at our pinning ceremony! #ThankYouForYourService #ProtectAndServe https://t.co/AaaTrXptJA,821767688246718465,2863006655,RepLawrence,2017-01-18T17:14:19.000Z,1.0,1.0,security and defense,security and defense,True,1.0,"['political', 'security']","['A2Q1YS118AO2BP', 'A37WXDYYT7RCZ0']"
frames_tweets17_120,health,"I was proud to preside over the House as we passed the longest reauthorization of the Children's Health Insurance Program (#CHIP) in our nation's history. Great news for the over 150,000 children in Alabama who benefit from #CHIP and #ALLKids! https://t.co/fqI1Ss5lbF",955583994460024833,2253968388,RepByrne,2018-01-22T23:32:32.000Z,1.0,1.0,health and safety,health and safety,True,1.0,"['capacity', 'health']","['A2Q1YS118AO2BP', 'A3CFNUD7VR2E1E']"
frames_tweets17_121,health,Editorial: Floridians' health care now at risk in Washington https://t.co/JU4yyff95C,890257187590766594,1880674038,USRepKCastor,2017-07-26T17:07:08.000Z,1.0,1.0,health and safety,health and safety,True,1.0,"['health', 'health']","['A2Q1YS118AO2BP', 'A2R2YZTSME1K3F']"
frames_tweets17_122,security,Today is #ArmedForcesDay — Please take a moment to thank our brave men &amp; women in uniform for their service &amp; sacrifice to our great nation. https://t.co/2ZVQgshUBR,865901590783418368,2929491549,RepBrianBabin,2017-05-20T12:06:41.000Z,1.0,1.0,security and defense,security and defense,True,1.0,"['security', 'constitutionality']","['A23WTODPHXZ68Y', 'A2Q1YS118AO2BP']"
frames_tweets17_123,economic,"Businesses need certainty and predictability to succeed. Consumers around the world are moving toward cleaner, more efficient vehicles – but this administration keeps looking in the rear view mirror. This proposal is exactly what our economy does NOT need",1025021304221650946,249787913,SenatorCarper,2018-08-02T14:11:37.000Z,1.0,1.0,economic,economic,True,1.0,"['policy', 'economic']","['A2Q1YS118AO2BP', 'ACDX50KGPE97I']"
frames_tweets17_124,policy,"During #NationalParkWeek, I thank over 100 organizations calling on the Trump Administration to #KeepItPublic &amp; preserve America’s national parks for generations of Americans to enjoy. https://t.co/TVGexAE5Cb #MonumentsForAll #ProtectBearsEars https://t.co/X6lua2uYc3",989231986337296384,22012091,LeaderHoyer,2018-04-25T19:57:39.000Z,1.0,1.0,policy prescription and evaluation,policy prescription and evaluation,True,1.0,"['public', 'health']","['A2JPOXYZM5AJZZ', 'A2Q1YS118AO2BP']"
frames_tweets17_125,health,"HATCH: “With this topic, my heart is both heavy and hopeful—heavy because suicide has already taken so many lives; hopeful because this legislation can turn the tide in the campaign against this epidemic” #utpol 
https://t.co/j6R60Zw1jW",1029541924015955971,262756641,senorrinhatch,2018-08-15T01:34:57.000Z,1.0,1.0,health and safety,health and safety,True,1.0,"['constitutionality', 'health']","['A2Q1YS118AO2BP', 'ACDX50KGPE97I']"
frames_tweets17_126,political,"To fulfill Trump's goals, we need to create not a Republican or Democrat plan, but an American plan. #KimmelTest https://t.co/H0vGDRuSM8",864214859608674306,55677432,BillCassidy,2017-05-15T20:24:13.000Z,1.0,1.0,political,political,True,1.0,"['political', 'political']","['A2Q1YS118AO2BP', 'A2WGW5Y3ZFBDEC']"
frames_tweets17_127,economic,The #maritime industry is a key driver of our vibrant economy. I'm pleased @RepGaramendi could join me in #WA to tour @FossMaritime today. https://t.co/DKTCUkYCaf,909876375632392192,995193054,RepDelBene,2017-09-18T20:26:47.000Z,1.0,1.0,economic,economic,True,1.0,"['fairness', 'economic']","['A2Q1YS118AO2BP', 'A2WGW5Y3ZFBDEC']"
frames_tweets17_128,health,Proud to join the brave students of #MA5 who are fighting for commonsense gun safety. See you in #Natick tomorrow! #EnoughisEnough #NotOneMore #MarchforOurLives https://t.co/JIZ97fg4eqhttps://t.co/ll2Qwbxc3x,982249067248893952,2293131060,RepKClark,2018-04-06T13:30:01.000Z,1.0,1.0,health and safety,health and safety,True,1.0,"['health', 'health']","['A2JPOXYZM5AJZZ', 'A2Q1YS118AO2BP']"
frames_tweets17_129,policy,"In this country, in this century, women and children should not be trafficked online for sex. That's why I worked to pass #SESTA this week. It’s now ready for @POTUS’ signature https://t.co/7LUppoyiO9",977993269773815808,18915145,senrobportman,2018-03-25T19:39:00.000Z,1.0,1.0,policy prescription and evaluation,policy prescription and evaluation,True,1.0,"['cultural', 'law']","['A2Q1YS118AO2BP', 'A37WXDYYT7RCZ0']"
frames_tweets17_130,quality,Working people deserve #ABetterDeal than the one @realDonaldTrump is giving them https://t.co/QpMWzVysEU,948309678429229056,462143773,RepCicilline,2018-01-02T21:47:00.000Z,1.0,1.0,quality of life,quality of life,True,1.0,"['law', 'fairness']","['A2Q1YS118AO2BP', 'A2WGW5Y3ZFBDEC']"
frames_tweets17_131,external,"ARIA is a comprehensive Asia policy framework that'll put American interests first by strengthening our alliances, creating jobs through trade opportunities, &amp; promoting our values in the Indo-Pacific region. Learn more about the crucial legislation below:
https://t.co/0nhITTPLO7",1070432187420426240,235217558,SenCoryGardner,2018-12-05T21:38:15.000Z,1.0,1.0,external regulation and reputation,external regulation and reputation,True,1.0,"['public', 'external']","['A2Q1YS118AO2BP', 'A2WGW5Y3ZFBDEC']"
frames_tweets17_132,morality,@PressSec speaks about Trump's civil liberties being violated by Obama admin--what about @POTUS violating civil liberties w/ #MuslimBan?,847893573307682816,90639372,RepDwightEvans,2017-03-31T19:29:15.000Z,1.0,1.0,morality,morality,True,1.0,"['external', 'law']","['A2Q1YS118AO2BP', 'A37WXDYYT7RCZ0']"
frames_tweets17_133,economic,The historic tax cuts that recently became law are already helping make a difference for middle-class families &amp; raising wages for #Ohio’s workers #taxreform https://t.co/yqW84Ez9bl #jobs,948301182786768896,18915145,senrobportman,2018-01-02T21:13:15.000Z,1.0,1.0,economic,economic,True,1.0,"['constitutionality', 'economic']","['A2Q1YS118AO2BP', 'A2WGW5Y3ZFBDEC']"
frames_tweets17_134,external,"Today, I met with my friend @JorgeMendozaGza to talk about our efforts to continue building bridges between the US and Mexico https://t.co/ufUrmKylws",1005614414446366723,210926192,RepCuellar,2018-06-10T00:55:34.000Z,1.0,1.0,external regulation and reputation,external regulation and reputation,True,1.0,"['security', 'external']","['A2Q1YS118AO2BP', 'A2WGW5Y3ZFBDEC']"
frames_tweets17_135,health,"Every minute, someone develops #Alzheimers. Unless Congress acts, the costs of Alzheimer's in 2050 will total more than $1 trillion. #ENDALZ https://t.co/RXwLNHrETn",839171289390555136,21406834,SenMarkey,2017-03-07T17:50:01.000Z,1.0,1.0,health and safety,health and safety,True,1.0,"['policy', 'health']","['A2Q1YS118AO2BP', 'A2WGW5Y3ZFBDEC']"
frames_tweets17_136,health,"You can buy or change your health care plan starting TOMORROW. 
Visit https://t.co/5Wbb3TXgGu to compare plans &amp; #GetCovered https://t.co/ZdxwewZxqR",925433735436275714,3122099613,DonaldNorcross,2017-10-31T18:46:10.000Z,1.0,1.0,health and safety,health and safety,True,1.0,"['policy', 'health']","['A2Q1YS118AO2BP', 'A2WGW5Y3ZFBDEC']"
frames_tweets17_137,health,1 in 8 women in the U.S. will be diagnosed w/ breast cancer. I’m standing w/ my colleagues from both sides of the aisle to spread awareness. https://t.co/QutLvSJ2h4,922897534909108225,1051127714,RepGraceMeng,2017-10-24T18:48:13.000Z,1.0,1.0,health and safety,health and safety,True,1.0,"['constitutionality', 'health']","['A2Q1YS118AO2BP', 'A2WGW5Y3ZFBDEC']"
frames_tweets17_138,law,".@SenMikeLee: “Nothing in the First Step Act gives inmates early release.” But as I showed yesterday, the bill text – confirmed by DOJ –  is clear that repeat fentanyl traffickers can be released from prison in 1/2 the time under the FIRST STEP Act compared to current law.",1065362966642655232,968650362,SenTomCotton,2018-11-21T21:54:59.000Z,1.0,1.0,"law and order, crime and justice","law and order, crime and justice",True,1.0,"['policy', 'political']","['A2JPOXYZM5AJZZ', 'A2Q1YS118AO2BP']"
frames_tweets17_139,economic,I’m proud to be participating in #StartupWeek to celebrate how entrepreneurship drives innovation and economic growth. Read my op-ed with @RepHultgren. #startupseverywhere https://t.co/WO476mccEv,1030921085523558401,995193054,RepDelBene,2018-08-18T20:55:15.000Z,1.0,1.0,economic,economic,True,1.0,"['policy', 'economic']","['A2Q1YS118AO2BP', 'ABY1RK8H6HC8C']"
frames_tweets17_140,security,Proud to support #FY18NDAA to rebuild our military &amp; provide for the men and women who fight to protect our freedoms https://t.co/AuQAMl6gFchttps://t.co/zfJr1OPorr,885901943343906816,237299871,RepMoBrooks,2017-07-14T16:40:57.000Z,1.0,1.0,security and defense,security and defense,True,1.0,"['political', 'security']","['A2Q1YS118AO2BP', 'A2YYQJ3JWA2KGD']"
frames_tweets17_141,political,On my way to the @WhiteHouse for the signing of our biggest #RedTapeRollback win yet - rolling back a burdensome Obama-era education rule.,846435148887412737,17544524,ToddRokita,2017-03-27T18:54:00.000Z,1.0,1.0,political,political,True,1.0,"['political', 'political']","['A2Q1YS118AO2BP', 'A2WGW5Y3ZFBDEC']"
frames_tweets17_142,economic,"""The U.S. economy added 164,000 jobs in April, and the unemployment rate fell to 3.9 percent — the lowest point since 2000, federal economists reported Friday."" #TaxReform encourages businesses to create jobs, spurring growth in our communities. https://t.co/3m4PU55bgt",993628585159208961,1155212191,KeithRothfus,2018-05-07T23:08:10.000Z,1.0,1.0,economic,economic,True,1.0,"['economic', 'cultural']","['A2JPOXYZM5AJZZ', 'A2Q1YS118AO2BP']"
frames_tweets17_143,constitutionality,Thank you President Trump for protecting conscience rights and the #FirstAmendment - this announcement is a win for #ReligiousFreedom,916358749031366661,240393970,RepJeffDuncan,2017-10-06T17:45:25.000Z,1.0,1.0,constitutionality and jurisprudence,constitutionality and jurisprudence,True,1.0,"['cultural', 'constitutionality']","['A2Q1YS118AO2BP', 'ACDX50KGPE97I']"
frames_tweets17_144,health,"When we say #NeverAgain, we mean it. Now is the time to take action to prevent gun violence. https://t.co/ajwzkTxwa0",971072431761887237,1140648348,RepDWStweets,2018-03-06T17:18:04.000Z,1.0,1.0,health and safety,health and safety,True,1.0,"['fairness', 'law']","['A2Q1YS118AO2BP', 'A2WGW5Y3ZFBDEC']"
frames_tweets17_145,economic,It's #SmallBusinessWeek &amp; I'm proud to help honor @BellaWklein in Burlington for their success &amp; working w @IowaSBDC to better the business!,859409416856018945,510516465,daveloebsack,2017-05-02T14:09:06.000Z,1.0,1.0,economic,economic,True,1.0,"['capacity', 'economic']","['A2Q1YS118AO2BP', 'A37WXDYYT7RCZ0']"
frames_tweets17_146,other,This report that Facebook gave a Chinese firm flagged by U.S. intelligence access to user data is yet another example of questionable business practices by Facebook that could undermine basic consumer privacy.  https://t.co/qpMp3defOj,1004461056025157632,20597460,SenBillNelson,2018-06-06T20:32:32.000Z,1.0,1.0,other,other,True,1.0,"['morality', 'policy']","['A2Q1YS118AO2BP', 'A2YYQJ3JWA2KGD']"
frames_tweets17_147,economic,"The Trump Tax Plan created new incentives to offshore American jobs. Is General Motors affected by these new incentives? Will they eliminate future stock buybacks? In light of the recent layoffs announced by the company, we need to get to the bottom of this. https://t.co/0GWGWl1zn4",1073667092182900737,18137749,ChrisVanHollen,2018-12-14T19:52:37.000Z,1.0,1.0,economic,economic,True,1.0,"['policy', 'economic']","['A2Q1YS118AO2BP', 'A2WGW5Y3ZFBDEC']"
frames_tweets17_148,political,People of all parties have told me that enough is enough.,921571264963235840,1060984272,Elizabeth_Esty,2017-10-21T02:58:06.000Z,1.0,1.0,political,political,True,1.0,"['public', 'health']","['A2JPOXYZM5AJZZ', 'A2Q1YS118AO2BP']"
frames_tweets17_149,economic,"This budget eliminates the Essential Air Services program, meaning airports in places like Johnstown and Northwestern PA could be shuttered.",842370172946124800,171598736,SenBobCasey,2017-03-16T13:41:14.000Z,1.0,1.0,economic,economic,True,1.0,"['constitutionality', 'capacity']","['A2Q1YS118AO2BP', 'A2WGW5Y3ZFBDEC']"
frames_tweets17_150,fairness,Glad to recently host briefing w/ reps from CA public universities. Hard working young people should have a fair shot at the American dream. https://t.co/mJhjs1RjBR,883500637761261568,950783972,RepBera,2017-07-08T01:39:01.000Z,1.0,1.0,fairness and equality,fairness and equality,True,1.0,"['law', 'fairness']","['A2Q1YS118AO2BP', 'A37WXDYYT7RCZ0']"
frames_tweets17_151,other,"Hey @EPAScottPruitt, rapidly warming oceans, unpredictable growing seasons and increasingly severe weather events aren't helping us humans. In fact, they're devastating.
https://t.co/0kIkOf5STM",961317755457867776,249787913,SenatorCarper,2018-02-07T19:16:27.000Z,1.0,1.0,other,other,True,1.0,"['policy', 'health']","['A2Q1YS118AO2BP', 'A2WGW5Y3ZFBDEC']"
frames_tweets17_152,policy,Joined @RepBlumenauer @RosaDeLauro &amp; @chelliepingree to call for a better #FarmBill that includes job-creating opportunities for #UrbanAg. https://t.co/EybJaaLRdc,932965090973794304,581141508,RepMarcyKaptur,2017-11-21T13:33:05.000Z,1.0,1.0,policy prescription and evaluation,policy prescription and evaluation,True,1.0,"['economic', 'policy']","['A2JPOXYZM5AJZZ', 'A2Q1YS118AO2BP']"
frames_tweets17_153,policy,"#Dreamers are vital contributors to our nation’s success, including more than 800 in our nation’s military. #DreamActNow",941071423572987904,250188760,RonWyden,2017-12-13T22:24:46.000Z,1.0,1.0,policy prescription and evaluation,policy prescription and evaluation,True,1.0,"['policy', 'cultural']","['A2HESXT4DAGASU', 'A2Q1YS118AO2BP']"
frames_tweets17_154,economic,"The #TaxCutsandJobsAct is pro-family legislation because it expands the Child Tax Creditfrom $1,000 to $2,000. 
And that’s not all it does for everyday American families...https://t.co/7skI25545Uhttps://t.co/YihPENsFL9",960235761583898624,584012853,RepDLamborn,2018-02-04T19:37:00.000Z,1.0,1.0,economic,economic,True,1.0,"['fairness', 'health']","['A23LXQ5ZX2YONR', 'A2Q1YS118AO2BP']"
frames_tweets17_155,policy,"This important bill restoring the original intent of the ADA. Thanks to @EricRossKOAA for the important reporting
https://t.co/iF1i0ETnk0",854034620857409537,584012853,RepDLamborn,2017-04-17T18:11:35.000Z,1.0,1.0,policy prescription and evaluation,policy prescription and evaluation,True,1.0,"['morality', 'policy']","['A2Q1YS118AO2BP', 'ACDX50KGPE97I']"
frames_tweets17_156,other,"""Being the Queen is not all about singing, and being a diva is not all about singing. It has much to do with your service to people. And your social contributions to your community and your civic contributions as well."" RIP Aretha Franklin #Respect #QueenOfSoul https://t.co/8Vj6Sjia2e",1030116830470438912,13491312,RepTimRyan,2018-08-16T15:39:25.000Z,1.0,1.0,other,other,True,1.0,"['other', 'cultural']","['A23WTODPHXZ68Y', 'A2R2YZTSME1K3F']"
frames_tweets17_157,economic,Investing in our airports is important to our economy &amp; the safety of travelers. Details about new funding for #WV: https://t.co/9baPCJzpX4,898938610082361348,193794406,SenCapito,2017-08-19T16:04:00.000Z,1.0,1.0,economic,economic,True,1.0,"['constitutionality', 'economic']","['A2Q1YS118AO2BP', 'A2WGW5Y3ZFBDEC']"
frames_tweets17_158,economic,I also can't support a budget that sets up an elimination of the state and local tax deduction that NJ middle class residents rely on,921159488626937856,18695134,SenatorMenendez,2017-10-19T23:41:51.000Z,1.0,1.0,economic,economic,True,1.0,"['economic', 'economic']","['A22KRF782ELLB0', 'A2Q1YS118AO2BP']"
frames_tweets17_159,security,Our #veterans are our country’s finest men &amp; women. Summit at @Minotstate today is focused on helping veterans find work.,927569486697390080,382791093,SenJohnHoeven,2017-11-06T16:12:53.000Z,1.0,1.0,security and defense,security and defense,True,1.0,"['health', 'security']","['A2Q1YS118AO2BP', 'A2WGW5Y3ZFBDEC']"
frames_tweets17_160,health,ICYMI: My colleague @SenatorHassan &amp; I are working together to fight the #opioidcrisis &amp; help individuals struggling w/ addiction. You can read more in @theloganbanner &amp; @WDNnews: https://t.co/SQGNVGjaux,984186580956073990,193794406,SenCapito,2018-04-11T21:49:00.000Z,1.0,1.0,health and safety,health and safety,True,1.0,"['health', 'public']","['A23LXQ5ZX2YONR', 'A2Q1YS118AO2BP']"
frames_tweets17_161,health,East Liverpool HS event this AM- @att virtual reality simulator shows dangers of distracted driving. Signing the @ItCanWait pledge. #attoh https://t.co/XNZtPp7Y4i,983332956503728131,211530910,RepBillJohnson,2018-04-09T13:17:00.000Z,1.0,1.0,health and safety,health and safety,True,1.0,"['fairness', 'other']","['A2Q1YS118AO2BP', 'A2WGW5Y3ZFBDEC']"
frames_tweets17_162,policy,Decreasing protections for #BearsEars would also set the stage for additional attacks on all of America’s national parks and public lands.,924021381091811334,1099199839,MartinHeinrich,2017-10-27T21:13:59.000Z,1.0,1.0,policy prescription and evaluation,policy prescription and evaluation,True,1.0,"['law', 'capacity']","['A2Q1YS118AO2BP', 'A37WXDYYT7RCZ0']"
frames_tweets17_163,policy,"Good science=good policy. That’s why EPA uses extensive scientific research. We must keep ""alternative facts"" out! #DefendEPA #DefendScience",829010618942386176,4304448314,CongBoyle,2017-02-07T16:55:08.000Z,1.0,1.0,policy prescription and evaluation,policy prescription and evaluation,True,1.0,"['political', 'policy']","['A2JPOXYZM5AJZZ', 'A2Q1YS118AO2BP']"
frames_tweets17_164,health,We're working to protect funding for global health organizations that provide health care to 60 countries around the world. #NWHW https://t.co/XBWXOOZji8,865691535614103552,1135486501,RepScottPeters,2017-05-19T22:12:00.000Z,1.0,1.0,health and safety,health and safety,True,1.0,"['constitutionality', 'health']","['A2Q1YS118AO2BP', 'A2WGW5Y3ZFBDEC']"
frames_tweets17_165,political,INCREDIBLE. Republicans have shut the government down for the second time in less than one month despite being in charge of the entire federal government.,961836584910839808,239949176,RepKarenBass,2018-02-09T05:38:06.000Z,1.0,1.0,political,political,True,1.0,"['constitutionality', 'political']","['A2Q1YS118AO2BP', 'A2UCKZZI9KBBCV']"
frames_tweets17_166,policy,I continue to hear from Granite Staters like Faith who are deeply concerned over Senate GOP’s #ACA repeal &amp; what it means for their lives: https://t.co/mMqIQjQQ2E,879425631586594818,109287731,SenatorShaheen,2017-06-26T19:46:24.000Z,1.0,1.0,policy prescription and evaluation,policy prescription and evaluation,True,1.0,"['constitutionality', 'political']","['A2Q1YS118AO2BP', 'A3CFNUD7VR2E1E']"
frames_tweets17_167,security,Today we remember and honor the men and women of our Armed Forces who remain missing in action or prisoners of war. #POWMIARecognitionDay https://t.co/D9z1akkjKW,908693921613656065,17896154,farenthold,2017-09-15T14:08:08.000Z,1.0,1.0,security and defense,security and defense,True,1.0,"['fairness', 'security']","['A2Q1YS118AO2BP', 'A2YYQJ3JWA2KGD']"
frames_tweets17_168,political,"In case you were wondering who is angling for a shutdown… “The discussions appeared to be headed in a positive direction until the president ‘dropped a grenade into the middle of everything,’ said a second Senate GOP aide.” https://t.co/yDMYgDSLNm",953361213039165440,29201047,SenJeffMerkley,2018-01-16T20:20:00.000Z,1.0,1.0,political,political,True,1.0,"['fairness', 'capacity']","['A2Q1YS118AO2BP', 'ACDX50KGPE97I']"
frames_tweets17_169,health,I'm overwhelming grateful to the @Vikings and @AmericanCancer for working to defeat #LungCancer. https://t.co/V8sGFolgTw,920400033413062656,1055685948,USRepRickNolan,2017-10-17T21:24:02.000Z,1.0,1.0,health and safety,health and safety,True,1.0,"['policy', 'health']","['A2Q1YS118AO2BP', 'ABY1RK8H6HC8C']"
frames_tweets17_170,policy,Will be joining @POTUS in the Oval Office soon for the signing of our legislation to stop the SPR. Watch here https://t.co/di8MqbUJSr #jobs,832308175332323328,240427862,RepMcKinley,2017-02-16T19:18:27.000Z,1.0,1.0,policy prescription and evaluation,policy prescription and evaluation,True,1.0,"['morality', 'policy']","['A2Q1YS118AO2BP', 'A2WGW5Y3ZFBDEC']"
frames_tweets17_171,law,"2/3""Law enforcement must be fully supported in their efforts to identify those responsible and hold those perpetrators accountable.""",839179091278458880,233737858,SenRonJohnson,2017-03-07T18:21:01.000Z,1.0,1.0,"law and order, crime and justice","law and order, crime and justice",True,1.0,"['health', 'law']","['A2Q1YS118AO2BP', 'A3GUJ6JD25FX7O']"
frames_tweets17_172,economic,"I'm urging @POTUS to modernize #NAFTA by improving areas like market access, energy exports &amp; intellectual property and e-commerce. We also must preserve beneficial aspects that have resulted in 14M jobs, $1.3T in trade &amp; huge increase in #ag exports.
https://t.co/XYRKxrjYtohttps://t.co/mfEkZm9V2G",958733368593735680,5558312,JohnBoozman,2018-01-31T16:07:02.000Z,1.0,1.0,economic,economic,True,1.0,"['external', 'health']","['A2K42UNG7KJJFW', 'A2Q1YS118AO2BP']"
frames_tweets17_173,economic,How Congress And Trump Can Reform Taxes To Put America First https://t.co/Oy0ZJBjflC,823620857197117440,88784440,SenMikeLee,2017-01-23T19:58:09.000Z,1.0,1.0,economic,economic,True,1.0,"['political', 'health']","['A2JPOXYZM5AJZZ', 'A2Q1YS118AO2BP']"
frames_tweets17_174,health,Grateful for the service of these Ohioans - and thinking of those in #HurricaneHarvey's path.  Stay safe. https://t.co/oy0EomeFB0,901166518314119168,43910797,SenSherrodBrown,2017-08-25T19:36:55.000Z,1.0,1.0,health and safety,health and safety,True,1.0,"['security', 'health']","['A2Q1YS118AO2BP', 'A37WXDYYT7RCZ0']"
frames_tweets17_175,law,"#NunesMemo irrelevant to the credibility of Mueller and investigation of Trump collusion says Ryan “This memo is not an indictment of the FBI, of the Department of Justice. It does not impugn Mueller’s Russia investigation or the deputy attorney general.”",959487778668064768,30216513,BradSherman,2018-02-02T18:04:47.000Z,1.0,1.0,"law and order, crime and justice","law and order, crime and justice",True,1.0,"['fairness', 'political']","['A2Q1YS118AO2BP', 'A2YYQJ3JWA2KGD']"
frames_tweets17_176,economic,"New Jersey has more than 22,000 #DACA recipients. Deporting them would cost New Jersey nearly $1.6 billion in annual GDP",922880238329012224,247334603,SenatorDurbin,2017-10-24T17:39:29.000Z,1.0,1.0,economic,economic,True,1.0,"['constitutionality', 'capacity']","['A2Q1YS118AO2BP', 'ACDX50KGPE97I']"
frames_tweets17_177,policy,I'm leading a bipartisan effort to approve more visas for Afghans who helped the US mission. This is very urgent: https://t.co/iP8QygKsSP,855463289870012416,109287731,SenatorShaheen,2017-04-21T16:48:36.000Z,1.0,1.0,policy prescription and evaluation,policy prescription and evaluation,True,1.0,"['security', 'security']","['A2Q1YS118AO2BP', 'ABY1RK8H6HC8C']"
frames_tweets17_178,health,"#SoFla folks whose property was damaged by #HurricaneIrma have 2 more days 2 apply 4 federal disaster assistance from @fema and @SBAgov. Find a Disaster Recovery Center 2 apply by Friday, 11/24: https://t.co/zSMwlmEyqA",933429607918985216,14275291,RosLehtinen,2017-11-22T20:18:55.000Z,1.0,1.0,health and safety,health and safety,True,1.0,"['quality', 'morality']","['A18DUG8EA8Y766', 'A2Q1YS118AO2BP']"
frames_tweets17_179,constitutionality,"50+ Congresspeople, incl @sethmoulton, urged Sec. Mattis and Chairman Dunford not to comply with @POTUS unconstitutional #transgender ban. https://t.co/9iM1UxCUEz",893529287554412545,3091316093,RepMoulton,2017-08-04T17:49:17.000Z,1.0,1.0,constitutionality and jurisprudence,constitutionality and jurisprudence,True,1.0,"['political', 'capacity']","['A18DUG8EA8Y766', 'A2Q1YS118AO2BP']"
frames_tweets17_180,political,Today has been a disgraceful day. It is also an accountability day for Republicans. How much of this un-American nonsense will they tolerate?,1019013692158029825,242555999,SenWhitehouse,2018-07-17T00:19:31.000Z,1.0,1.0,political,political,True,1.0,"['fairness', 'fairness']","['A2Q1YS118AO2BP', 'A2YYQJ3JWA2KGD']"
frames_tweets17_181,health,"During #NationalSchoolWalkout our students are leading the way- telling the nation that they are not going to tolerate inaction anymore. I wholeheartedly support their peaceful protests. As leaders we have a clear choice: either work to prevent gun violence, or get out of the way",987397050194161669,140519774,rosadelauro,2018-04-20T18:26:16.000Z,1.0,1.0,health and safety,health and safety,True,1.0,"['policy', 'public']","['A2Q1YS118AO2BP', 'A2YYQJ3JWA2KGD']"
frames_tweets17_182,health,My heart goes out to all of the families and victims of last night’s horrific shooting in California where 12 people were killed including a police officer. We are not powerless to stop this carnage. Congress must act to pass common sense gun legislation. https://t.co/Ep2yareuHF,1060534705056071680,2167097881,SenBooker,2018-11-08T14:09:12.000Z,1.0,1.0,health and safety,health and safety,True,1.0,"['political', 'law']","['A2Q1YS118AO2BP', 'A2WGW5Y3ZFBDEC']"
frames_tweets17_183,morality,Horrific news out of San Antonio this weekend. We must do everything we can to put an end to this modern day slavery https://t.co/FZ7zW0DxaP,889485905496616960,24735461,PeteSessions,2017-07-24T14:02:20.000Z,1.0,1.0,morality,morality,True,1.0,"['other', 'morality']","['A23WTODPHXZ68Y', 'A36H3PO6JZD414']"
frames_tweets17_184,other,Congrats to #Arizona's @cohootsphx on being named one of the top coworking spaces in the country! https://t.co/bQq15Axsao,869969631959810048,1080844782,SenatorSinema,2017-05-31T17:31:38.000Z,1.0,1.0,other,other,True,1.0,"['other', 'constitutionality']","['A18DUG8EA8Y766', 'A2Q1YS118AO2BP']"
frames_tweets17_185,security,"An American hero from #Tampa, who gave his life in service of America will be honored through the renaming of the #TownNCountry post office: #USAF Major Andreas O’Keefe was killed on a helicopter mission in Iraq last March. (1/3) https://t.co/JIyy6pE6j0",1075067808508248064,1880674038,USRepKCastor,2018-12-18T16:38:33.000Z,1.0,1.0,security and defense,security and defense,True,1.0,"['security', 'security']","['A2Q1YS118AO2BP', 'A38DC3BG1ZCVZ2']"
frames_tweets17_186,economic,Amendment by @RepJerryNadler would require #ATC corporation to pay fair market value for transfer of assets #DontPrivatizeOurSkies https://t.co/aLVe3Hh374,879777853792952320,404132211,RepRickLarsen,2017-06-27T19:06:00.000Z,1.0,1.0,economic,economic,True,1.0,"['fairness', 'fairness']","['A18DUG8EA8Y766', 'A2Q1YS118AO2BP']"
frames_tweets17_187,economic,Your children and grandchildren will be forced to pay off $1.5 trillion in debt.,923661162142674944,18137749,ChrisVanHollen,2017-10-26T21:22:36.000Z,1.0,1.0,economic,economic,True,1.0,"['constitutionality', 'economic']","['A2Q1YS118AO2BP', 'A2WGW5Y3ZFBDEC']"
frames_tweets17_188,policy,Important!  Fed judge orders reunification of families.  Trump/GOP family separation policy is dark chapter. Congress should have acted immediately to reunite kids w parents &amp; provide oversight but dysfunction reigns in GOP-controlled Congress https://t.co/oRphF757ba,1011949014273658880,1880674038,USRepKCastor,2018-06-27T12:27:00.000Z,1.0,1.0,policy prescription and evaluation,policy prescription and evaluation,True,1.0,"['political', 'policy']","['A2JPOXYZM5AJZZ', 'A2Q1YS118AO2BP']"
frames_tweets17_189,health,"Tessa Johnson from Dickinson is a nurse @SanfordHealth &amp; the President of the ND Nurse Assoc. We discussed what nurses need to keep our families healthy, &amp; ways to encourage more folks to consider a career in nursing so we can eliminate the shortage of nurses in rural America. https://t.co/8EPl2P2Orw",1009956634892750848,1061029050,SenatorHeitkamp,2018-06-22T00:30:00.000Z,1.0,1.0,health and safety,health and safety,True,1.0,"['constitutionality', 'health']","['A2Q1YS118AO2BP', 'A2WGW5Y3ZFBDEC']"
frames_tweets17_190,external,".@SenToddYoung &amp; I are calling on the admin to end U.S. air refueling of Saudi coalition aircraft in Yemen. With 14 million Yemenis on the verge of starvation, the U.S. must send a clear message that we expect Saudi Arabia to engage in negotiations to end the civil war.",1061001438418161665,109287731,SenatorShaheen,2018-11-09T21:03:50.000Z,1.0,1.0,external regulation and reputation,external regulation and reputation,True,1.0,"['quality', 'external']","['A2Q1YS118AO2BP', 'A2WGW5Y3ZFBDEC']"
frames_tweets17_191,other,Enjoyed the opportunity to visit with many of our #VA10 Indian American constituents at the American Telugu Association's Women's Day celeb. https://t.co/XTZjCZ53SR,846399251244617729,2933760046,RepComstock,2017-03-27T16:31:21.000Z,1.0,1.0,other,other,True,1.0,"['policy', 'fairness']","['A2Q1YS118AO2BP', 'A2WGW5Y3ZFBDEC']"
frames_tweets17_192,economic,"Reuters: The number of Americans filing new claims for unemployment aid fell to near a 49-year low last week and private payrolls rose steadily in August, pointing to sustained labor market strength that should continue to underpin economic growth. https://t.co/cyUK5SDpDP #VA10",1037714986322280448,2933760046,RepComstock,2018-09-06T14:51:47.000Z,1.0,1.0,economic,economic,True,1.0,"['cultural', 'economic']","['A2Q1YS118AO2BP', 'A2WGW5Y3ZFBDEC']"
frames_tweets17_193,other,Prayers to my dear friend @SteveScalise &amp;all injured after this morning's horrific shooting.Thinking of their families in this shocking time,874978368948760576,1074101017,SusanWBrooks,2017-06-14T13:14:34.000Z,1.0,1.0,other,other,True,1.0,"['policy', 'health']","['A2Q1YS118AO2BP', 'ACDX50KGPE97I']"
frames_tweets17_194,economic,"From @taxfoundation: #TaxReform means 39,673 new jobs &amp; $2,683 after-tax income increase for middle-class families. https://t.co/0MkQ71QgUU",927976011207241728,41417564,RepSmucker,2017-11-07T19:08:16.000Z,1.0,1.0,economic,economic,True,1.0,"['law', 'economic']","['A2Q1YS118AO2BP', 'A2WGW5Y3ZFBDEC']"
frames_tweets17_195,constitutionality,"Almost exactly one year ago, millions of Americans joined the Women’s March in support of shared values - including access to safe, affordable health care services. We stood together then, and we stand together now against this disgraceful assault on our Constitutional rights.",954437161901875200,278124059,SenBlumenthal,2018-01-19T19:35:26.000Z,1.0,1.0,constitutionality and jurisprudence,constitutionality and jurisprudence,True,1.0,"['security', 'health']","['A2Q1YS118AO2BP', 'A2WGW5Y3ZFBDEC']"
frames_tweets17_196,security,My bill is supported by @JCCA @AbqJCC @AIPAC @jstreetdotorg. The increase in Jewish Community Center bomb threats must not be tolerated.,836641765063077890,1099199839,MartinHeinrich,2017-02-28T18:18:35.000Z,1.0,1.0,security and defense,security and defense,True,1.0,"['health', 'security']","['A2JPOXYZM5AJZZ', 'A2Q1YS118AO2BP']"
frames_tweets17_197,fairness,“There have been many times that I walk into a room and I am the only women there. It starts at the top.” @PGinABQ,971790813343629312,1061385474,RepLujanGrisham,2018-03-08T16:52:39.000Z,1.0,1.0,fairness and equality,fairness and equality,True,1.0,"['fairness', 'constitutionality']","['A2IOT3PCS9G5RK', 'A2Q1YS118AO2BP']"
frames_tweets17_198,external,RT if you agree → It's time to rebuild our partnership with #Israel and reaffirm our commitment to her security. https://t.co/Zp7iSVmWAJ,817137597969469441,18916432,SpeakerRyan,2017-01-05T22:35:59.000Z,1.0,1.0,external regulation and reputation,external regulation and reputation,True,1.0,"['security', 'quality']","['A2JPOXYZM5AJZZ', 'A2Q1YS118AO2BP']"
frames_tweets17_199,other,Congrats to @UNM and @UNMengineering on the Center’s completion! https://t.co/Epq0PY2ZBs,969357195555913728,1061385474,RepLujanGrisham,2018-03-01T23:42:19.000Z,1.0,1.0,other,other,True,1.0,"['fairness', 'other']","['A2Q1YS118AO2BP', 'A2WGW5Y3ZFBDEC']"
frames_tweets17_200,health,"Washington let funding lapse for community health centers last September and now health care for Wisconsin is threatened. That’s not right. 
It’s time to get to work and do right by Wisconsin families. https://t.co/TpM9JMcO14https://t.co/PxwaQbyhp8",950445753264087046,1074518754,SenatorBaldwin,2018-01-08T19:15:00.000Z,1.0,1.0,health and safety,health and safety,True,1.0,"['external', 'health']","['A2Q1YS118AO2BP', 'A3CFNUD7VR2E1E']"
frames_tweets17_201,political,"No, @realDonaldTrump. You said you would sign whatever Congress proposed, and then you came out against every reasonable bipartisan compromise. You won’t stand up for #Dreamers, but we will. https://t.co/mkvEPEKZmj",980896201234149378,236279233,NormaJTorres,2018-04-02T19:54:13.000Z,1.0,1.0,political,political,True,1.0,"['capacity', 'fairness']","['A2Q1YS118AO2BP', 'ACDX50KGPE97I']"
frames_tweets17_202,policy,An insurance policy is only as good as its terms. Cheap health care policies with few benefits or many exclusions are bad. #ProtectOurCare,885609947215605761,235373000,RepHanabusa,2017-07-13T21:20:39.000Z,1.0,1.0,policy prescription and evaluation,policy prescription and evaluation,True,1.0,"['constitutionality', 'health']","['A2Q1YS118AO2BP', 'A2WGW5Y3ZFBDEC']"
frames_tweets17_203,political,"In Virginia House of Delegates, control is evenly split. Power of organizing! https://t.co/YMdviwFXZG",943267747282214912,14135426,keithellison,2017-12-19T23:52:10.000Z,1.0,1.0,political,political,True,1.0,"['capacity', 'political']","['A2Q1YS118AO2BP', 'A3CFNUD7VR2E1E']"
frames_tweets17_204,security,On #PurpleHeartDay we honor those Americans who bravely defended our freedom and liberty.,1026975022802497539,22545491,KenCalvert,2018-08-07T23:35:00.000Z,1.0,1.0,security and defense,security and defense,True,1.0,"['security', 'external']","['A2JPOXYZM5AJZZ', 'A2Q1YS118AO2BP']"
frames_tweets17_205,policy,Speaking now @FSCDems hearing raising concerns about the Financial CHOICE Act of 2017 #WrongCHOICEAct https://t.co/G6YXf2spZr,857268457414553600,310310133,RepStephenLynch,2017-04-26T16:21:42.000Z,1.0,1.0,policy prescription and evaluation,policy prescription and evaluation,True,1.0,"['fairness', 'policy']","['A2Q1YS118AO2BP', 'A37WXDYYT7RCZ0']"
frames_tweets17_206,other,"Bob McNair gave much to the city of Houston and to the State of Texas. We mourn his passing as we thank him for his contributions. My deepest sympathy to his wife, children and family",1066713253236101120,80612021,JacksonLeeTX18,2018-11-25T15:20:32.000Z,1.0,1.0,other,other,True,1.0,"['other', 'fairness']","['A2HESXT4DAGASU', 'A2Q1YS118AO2BP']"
frames_tweets17_207,health,I was thrilled to meet the team @oakleyhomemods yesterday and tour their #Narragansett facility to learn more about how they create accessible home solutions for seniors and people with #disabilities in #RI and across the region. https://t.co/9zFLTMsnEg,1074030554675363840,18909919,JimLangevin,2018-12-15T19:56:53.000Z,1.0,1.0,health and safety,health and safety,True,1.0,"['public', 'security']","['A2JPOXYZM5AJZZ', 'A2Q1YS118AO2BP']"
frames_tweets17_208,law,"American victims of terrorism like the Sokolow family deserve the opportunity to seek justice, regardless of where the attacks take place. The Anti-Terrorism Clarification Act will allow them to do that. https://t.co/SjKbJhK6DN",1021519980465217538,2970462034,RepKathleenRice,2018-07-23T22:18:36.000Z,1.0,1.0,"law and order, crime and justice","law and order, crime and justice",True,1.0,"['security', 'external']","['A2Q1YS118AO2BP', 'ACDX50KGPE97I']"
frames_tweets17_209,political,"Congratulations to my friend, colleague and fellow New Yorker @RepJeffries. He was elected Chair of our Democratic Caucus in the House of Representatives. A very talented hard working member who will do a great job for the house and for our country.",1067869474936754177,33563161,RepJoseSerrano,2018-11-28T19:54:57.000Z,1.0,1.0,political,political,True,1.0,"['constitutionality', 'political']","['A2Q1YS118AO2BP', 'ACDX50KGPE97I']"
frames_tweets17_210,health,"RT if you agree – we should be IMPROVING our health care system, not destroying it",911291090787069952,15324851,ChrisCoons,2017-09-22T18:08:21.000Z,1.0,1.0,health and safety,health and safety,True,1.0,"['policy', 'health']","['A2Q1YS118AO2BP', 'A2YYQJ3JWA2KGD']"
frames_tweets17_211,other,Congratulations to my friend &amp; colleague @RepSteveStivers on his promotion to Brigadier General in the @OHNationalGuard. ,857306026722373632,13491312,RepTimRyan,2017-04-26T18:50:59.000Z,1.0,1.0,other,other,True,1.0,"['policy', 'other']","['A2Q1YS118AO2BP', 'A2WGW5Y3ZFBDEC']"
frames_tweets17_212,economic,Manufacturing makes up one-tenth of the U.S. economy. I’m proud to celebrate #MFGDay17 and NY’s manufacturing industry! https://t.co/R8SMotgeru,916285555104731136,252819323,TomReedNY23,2017-10-06T12:54:34.000Z,1.0,1.0,economic,economic,True,1.0,"['capacity', 'economic']","['A2Q1YS118AO2BP', 'A2WGW5Y3ZFBDEC']"
frames_tweets17_213,other,Honored to join so many from throughout our community to recognize and celebrate the life and legacy of Dr. King at King Solomon Missionary Baptist Church today. #MLKDay https://t.co/MBKDavITxX,953007726375985157,384913290,RepJohnYarmuth,2018-01-15T20:55:22.000Z,1.0,1.0,other,other,True,1.0,"['political', 'cultural']","['A2Q1YS118AO2BP', 'ACDX50KGPE97I']"
frames_tweets17_214,health,"In light of the health-care bill stalling and the concerns raised in my town hall meetings, I was struck by the... https://t.co/3mHxxonlct",852256145335037953,1499993378,RepSanfordSC,2017-04-12T20:24:33.000Z,1.0,1.0,health and safety,health and safety,True,1.0,"['security', 'health']","['A2Q1YS118AO2BP', 'A37WXDYYT7RCZ0']"
frames_tweets17_215,health,"We need to restore accountability within the VA. Our country’s veterans deserve the absolute best care possible. We will be working with the VA to see that appropriate changes are made to ensure this doesn't happen again.
https://t.co/lCl6KbQdvp",973629479892348929,252819323,TomReedNY23,2018-03-13T18:38:51.000Z,1.0,1.0,health and safety,health and safety,True,1.0,"['health', 'constitutionality']","['A2HESXT4DAGASU', 'A2Q1YS118AO2BP']"
frames_tweets17_216,external,"Make no mistake...Trump-Russia probe was launched, bc @RealDonaldTrump won GOP nomination for Pres. It's clear why DOJ/FBI didn't want to turn over memo opening the investigation. They didn't come up w/ a sufficient alternative justification to start the probe.",984520111489998848,2750127259,RepLeeZeldin,2018-04-12T19:54:20.000Z,1.0,1.0,external regulation and reputation,external regulation and reputation,True,1.0,"['security', 'law']","['A2Q1YS118AO2BP', 'A2WGW5Y3ZFBDEC']"
frames_tweets17_217,external,"Today, I met the South Korean Ambassador to the United States Cho Yoon-Je.  We had a long and productive conversation on #NorthKorea, the #trade deficit, and regional security burden sharing. https://t.co/905iUyjFfB",1039959689973383168,30216513,BradSherman,2018-09-12T19:31:26.000Z,1.0,1.0,external regulation and reputation,external regulation and reputation,True,1.0,"['constitutionality', 'external']","['A2Q1YS118AO2BP', 'A2WGW5Y3ZFBDEC']"
frames_tweets17_218,policy,".@RepJayapal is right—this treatment of those seeking a better life on US soil is disturbing &amp; cruel. 
We cannot allow this to continue. President Trump &amp; Republican leaders must keep their word &amp; work w/ Democrats to fix our broken immigration system. https://t.co/I0jlusFshS",1006301046996717568,293131808,PattyMurray,2018-06-11T22:24:00.000Z,1.0,1.0,policy prescription and evaluation,policy prescription and evaluation,True,1.0,"['security', 'fairness']","['A18DUG8EA8Y766', 'A2Q1YS118AO2BP']"
frames_tweets17_219,health,National Parks help to preserve the natural beauty of our land &amp; provide recreational opportunities for families. Happy #NationalParkWeek! https://t.co/4Xh6Lg4fQg,853404427872604160,17976923,cathymcmorris,2017-04-16T00:27:25.000Z,1.0,1.0,health and safety,health and safety,True,1.0,"['constitutionality', 'other']","['A2Q1YS118AO2BP', 'A2YYQJ3JWA2KGD']"
frames_tweets17_220,policy,"In New Haven w/ @RealFoodMom &amp; @CTNOFA calling on @USDA to abandon current proposal for GMO labels. Scrap this outrageous insult of a draft&amp;return with a new, serious labeling plan that is simple&amp;complete.",1002601497014816768,278124059,SenBlumenthal,2018-06-01T17:23:18.000Z,1.0,1.0,policy prescription and evaluation,policy prescription and evaluation,True,1.0,"['policy', 'policy']","['A2Q1YS118AO2BP', 'A2WGW5Y3ZFBDEC']"
frames_tweets17_221,external,@japan The United States stands with our Japanese allies in addressing North Korea's nuclear program 2/3,908470742395838464,231510077,JoaquinCastrotx,2017-09-14T23:21:18.000Z,1.0,1.0,external regulation and reputation,external regulation and reputation,True,1.0,"['fairness', 'external']","['A2Q1YS118AO2BP', 'A2UCKZZI9KBBCV']"
frames_tweets17_222,security,Honoring our veterans at the Dana Point annual Veterans Day Service last week. My office attended and presented a proclamation thanking all who have and continue to serve our nation! https://t.co/I2q4je2PbL,933002259658571776,22509548,DarrellIssa,2017-11-21T16:00:47.000Z,1.0,1.0,security and defense,security and defense,True,1.0,"['policy', 'other']","['A2Q1YS118AO2BP', 'A37WXDYYT7RCZ0']"
frames_tweets17_223,policy,"We need real reforms that reward American workers and the businesses that truly value them, like my #PatriotEmployer Act.
https://t.co/coQqUsOGfy",935938961645633538,24195214,janschakowsky,2017-11-29T18:30:12.000Z,1.0,1.0,policy prescription and evaluation,policy prescription and evaluation,True,1.0,"['economic', 'fairness']","['A2Q1YS118AO2BP', 'A3CFNUD7VR2E1E']"
frames_tweets17_224,political,"Congrats to my good friend, Mike Pompeo! An excellent choice for Secretary of State. Mike understands our role in the international community &amp; will lead us strongly at the @StateDept. https://t.co/ytaz9ISpFG",973565659807404032,219429281,RepKinzinger,2018-03-13T14:25:15.000Z,1.0,1.0,political,political,True,1.0,"['political', 'morality']","['A18DUG8EA8Y766', 'A2Q1YS118AO2BP']"
frames_tweets17_225,policy,"We must do more to crack down on human trafficking. Earlier this year, my amendment to curb human trafficking via air travel was adopted by @Transport @TransportDems. This week, we approved two more bills to better prevent human trafficking on our roads, too. https://t.co/yIS8psm74Q",937417454321590272,1243902714,RepBrownley,2017-12-03T20:25:12.000Z,1.0,1.0,policy prescription and evaluation,policy prescription and evaluation,True,1.0,"['law', 'morality']","['A2JPOXYZM5AJZZ', 'A2Q1YS118AO2BP']"
frames_tweets17_226,policy,Very proud to join colleagues in House &amp; Senate to reintroduce the bipartisan Steel Industry Preservation Act. https://t.co/eRVkcLxaH4 #Jobs,827600671989972992,935368364,MikeKellyPA,2017-02-03T19:32:30.000Z,1.0,1.0,policy prescription and evaluation,policy prescription and evaluation,True,1.0,"['political', 'policy']","['A2JPOXYZM5AJZZ', 'A2Q1YS118AO2BP']"
frames_tweets17_227,other,"With a heavy but grateful heart, our nation bows its head at this Thanksgiving and holiday season on the passing from this life of its distinguished and honorable patriot son, President George Herbert Walker Bush. (1/4)",1068876669241438213,581141508,RepMarcyKaptur,2018-12-01T14:37:11.000Z,1.0,1.0,other,other,True,1.0,"['morality', 'other']","['A2Q1YS118AO2BP', 'A3I9UOCM5EXMR2']"
frames_tweets17_228,external,Abandoning the Iran Deal not only hurts our credibility overseas but puts the U.S. in a weak position on future inspections enforcement and snapback of international sanctions.,993924634646142978,111635980,JoeCrowleyNY,2018-05-08T18:44:33.000Z,1.0,1.0,external regulation and reputation,external regulation and reputation,True,1.0,"['external', 'public']","['A2IOT3PCS9G5RK', 'A2Q1YS118AO2BP']"
frames_tweets17_229,other,"In honor of National Park Week, all nat parks will waive entrance fees this weekend. Get out and #FindYourPark. I recommend @HarrySTrumanNPS",855490795696205824,163570705,repcleaver,2017-04-21T18:37:54.000Z,1.0,1.0,other,other,True,1.0,"['constitutionality', 'other']","['A2Q1YS118AO2BP', 'A2YYQJ3JWA2KGD']"
frames_tweets17_230,other,"Toured the Lake County Emergency Center last night and thanked all the firefighters, law enforcement, and first responders for their work combatting these fires and keeping us safe. #MendocinoComplex https://t.co/wAFj3G3skg",1024291665509601291,303861808,RepThompson,2018-07-31T13:52:18.000Z,1.0,1.0,other,other,True,1.0,"['health', 'law']","['A2JPOXYZM5AJZZ', 'A2Q1YS118AO2BP']"
frames_tweets17_231,other,"For our planet &amp; our children, the US must not back out of monumental #ParisAgreement. We simply cannot afford it. https://t.co/t79gD7rLoR",862013802237145088,164369297,NydiaVelazquez,2017-05-09T18:38:00.000Z,1.0,1.0,other,other,True,1.0,"['security', 'external']","['A2Q1YS118AO2BP', 'A2WGW5Y3ZFBDEC']"
frames_tweets17_232,economic,"On the 7th bday of #DoddFrank, GOP wants to gut it? We need to protect consumers from another financial crisis, not put #WallStreetFirst",888420449100722177,18695134,SenatorMenendez,2017-07-21T15:28:35.000Z,1.0,1.0,economic,economic,True,1.0,"['morality', 'policy']","['A2Q1YS118AO2BP', 'A2WGW5Y3ZFBDEC']"
frames_tweets17_233,law,I'm formally requesting that @GOPoversight open an investigation into @realDonaldTrump's hush agreement with Stormy Daniels. Americans deserve to know if the President violated federal campaign finance law to silence an adult film actress with whom he had an extramarital affair. https://t.co/zqVRzCAyn8,978320237765496833,516880804,BettyMcCollum04,2018-03-26T17:18:15.000Z,1.0,1.0,"law and order, crime and justice","law and order, crime and justice",True,1.0,"['constitutionality', 'public']","['A2Q1YS118AO2BP', 'ACDX50KGPE97I']"
frames_tweets17_234,political,There's still time. Republicans can stop this attempt to rush their disastrous tax plan through. I'm heading to the Senate floor to remind them once again.,936652163018878976,293131808,PattyMurray,2017-12-01T17:44:12.000Z,1.0,1.0,political,political,True,1.0,"['security', 'political']","['A2Q1YS118AO2BP', 'A2WGW5Y3ZFBDEC']"
frames_tweets17_235,policy,"The long term impacts of not fully funding #CHIP will have repercussions down the road – this is unacceptable. Congress needs to fully fund #CHIP now.
https://t.co/R9F3YUX8B5",949399442586783744,1061029050,SenatorHeitkamp,2018-01-05T21:57:20.000Z,1.0,1.0,policy prescription and evaluation,policy prescription and evaluation,True,1.0,"['political', 'other']","['A2JPOXYZM5AJZZ', 'A2Q1YS118AO2BP']"
frames_tweets17_236,other,"Guys, @andersoncooper &amp; @Andy having Real Housewives read @realDonaldTrump tweets is a #NewYearsEve treat. Sad!",947666498834829313,942156122,RepSwalwell,2018-01-01T03:11:14.000Z,1.0,1.0,other,other,True,1.0,"['capacity', 'other']","['A2Q1YS118AO2BP', 'A2WGW5Y3ZFBDEC']"
frames_tweets17_237,capacity,.@clairecmc is right- Congress must listen to law enforcement and give them the resources they need. https://t.co/upacr1aRx8,847146871990763520,171598736,SenBobCasey,2017-03-29T18:02:08.000Z,1.0,1.0,capacity and resources,capacity and resources,True,1.0,"['law', 'law']","['A2Q1YS118AO2BP', 'A2WGW5Y3ZFBDEC']"
frames_tweets17_238,economic,"Jobs, jobs, jobs! Our economy added 213,000 jobs &amp; more than 600,000 Americans joined the workforce last month. New business in Tennessee grew more than 10% last quarter thanks to #TaxCutsandJobsAct https://t.co/rLf4kBwFlA",1015327966723739648,278145569,MarshaBlackburn,2018-07-06T20:13:45.000Z,1.0,1.0,economic,economic,True,1.0,"['other', 'policy']","['A2Q1YS118AO2BP', 'A2VE5IV9OD2SK1']"
frames_tweets17_239,morality,"It is our job on the Oversight Committee to do just that: oversight. These women's stories deserve to be heard, taken seriously, and investigated. https://t.co/PkMBzLdaqq",941017415839870976,258900199,RepMaloney,2017-12-13T18:50:09.000Z,1.0,1.0,morality,morality,True,1.0,"['morality', 'fairness']","['A2Q1YS118AO2BP', 'A37WXDYYT7RCZ0']"
frames_tweets17_240,political,"I voted against H.R. 2910, which ignores private property rights and the environment in favor of corporate profits.",887802007536455685,31801993,FrankPallone,2017-07-19T22:31:07.000Z,1.0,1.0,political,political,True,1.0,"['political', 'policy']","['A2JPOXYZM5AJZZ', 'A2Q1YS118AO2BP']"
frames_tweets17_241,other,My prayers are with President George H.W. Bush and the Bush family during this difficult time. First Lady Barbara Bush was an inspiration to many. She will be missed.,986396240740044800,432676344,GKButterfield,2018-04-18T00:09:24.000Z,1.0,1.0,other,other,True,1.0,"['constitutionality', 'other']","['A2Q1YS118AO2BP', 'A37WXDYYT7RCZ0']"
frames_tweets17_242,health,I was in the #Jacksonville area yesterday to work on recovery efforts and survey the damage caused by #HurricaneIrma. https://t.co/u5s8s394iE,908038308902645768,229966028,SenRubioPress,2017-09-13T18:42:58.000Z,1.0,1.0,health and safety,health and safety,True,1.0,"['political', 'health']","['A2Q1YS118AO2BP', 'A2WGW5Y3ZFBDEC']"
frames_tweets17_243,political,We all have a role to play in what comes next. Let's keep pushing for the solutions we need and a bipartisan process we can all be proud of.,890995313124749313,278124059,SenBlumenthal,2017-07-28T18:00:11.000Z,1.0,1.0,political,political,True,1.0,"['morality', 'political']","['A2Q1YS118AO2BP', 'A37WXDYYT7RCZ0']"
frames_tweets17_244,economic,Please take time out today to support your neighborhood small businesses on #SmallBusinessSaturday. I’m grateful for all the small business owners in my district who create jobs and boost the economy. https://t.co/WnWqXWqxbS #shopsmall https://t.co/YZoi1q1ccZ,1066411451760476160,1009269193,RepLipinski,2018-11-24T19:21:17.000Z,1.0,1.0,economic,economic,True,1.0,"['law', 'economic']","['A2Q1YS118AO2BP', 'A2WGW5Y3ZFBDEC']"
frames_tweets17_245,policy,"#Starwood #marriottdatabreach I look forward to working in the majority come January on meaningful data privacy reform. The time for comprehensive
data breach &amp; privacy legislation is NOW! #privacy @HouseJudDems",1068623938266247168,24745957,RepHankJohnson,2018-11-30T21:52:55.000Z,1.0,1.0,policy prescription and evaluation,policy prescription and evaluation,True,1.0,"['public', 'policy']","['A2Q1YS118AO2BP', 'A2YYQJ3JWA2KGD']"
frames_tweets17_246,security,"On #GoldsStarMothersDay, I was honored to join the North Valley Blue Star Mothers to help honor service members we've lost. The Gold Star Family Luminary Initiative was a wonderful event filled with prayer for our fallen soldiers and their families. https://t.co/0lcZ0Qfo1k",1046798523784663042,1069124515,RepLaMalfa,2018-10-01T16:26:31.000Z,1.0,1.0,security and defense,security and defense,True,1.0,"['morality', 'morality']","['A2Q1YS118AO2BP', 'ABY1RK8H6HC8C']"
frames_tweets17_247,health,"It’s time for the FDA to streamline its processes, promote innovation &amp; offer hope to those w/ terminal illnesses. 
https://t.co/orEptBPgCk",829764304001916928,584012853,RepDLamborn,2017-02-09T18:50:01.000Z,1.0,1.0,health and safety,health and safety,True,1.0,"['cultural', 'health']","['A2Q1YS118AO2BP', 'A3GUJ6JD25FX7O']"
frames_tweets17_248,health,"Karen, my staff members, and I are all on the train to the GOP conference and we are all safe.",958741489621897216,24735461,PeteSessions,2018-01-31T16:39:18.000Z,1.0,1.0,health and safety,health and safety,True,1.0,"['security', 'health']","['A2Q1YS118AO2BP', 'A2WGW5Y3ZFBDEC']"
frames_tweets17_249,economic,"#DREAMers are here to work, go to school, and contribute to our economy. They are an asset, not a threat, to our country. #DreamActNow https://t.co/awYnbWKgPe",938911674735693824,28602948,RepRaulGrijalva,2017-12-07T23:22:42.000Z,1.0,1.0,economic,economic,True,1.0,"['political', 'external']","['A2JPOXYZM5AJZZ', 'A2Q1YS118AO2BP']"
frames_tweets17_250,economic,That's why I remain seriously concerned that an AT&amp;T/Time Warner merger will harm consumers in order to pad Big Cable's bottom line.,832716902153613312,250188760,RonWyden,2017-02-17T22:22:35.000Z,1.0,1.0,economic,economic,True,1.0,"['economic', 'external']","['A2JPOXYZM5AJZZ', 'ACDX50KGPE97I']"
frames_tweets17_251,capacity,I enjoyed participating in @NREL's Industry Growth Forum fireside chat with @SenBennetCO. NREL's cutting-edge research ensures the U.S. remains the global leader in energy technology and grid resiliency and I'll continue to support their work. https://t.co/QSgI4CcUQx,993518440110575616,235217558,SenCoryGardner,2018-05-07T15:50:29.000Z,1.0,1.0,capacity and resources,capacity and resources,True,1.0,"['capacity', 'capacity']","['A2Q1YS118AO2BP', 'A2WGW5Y3ZFBDEC']"
frames_tweets17_252,policy,"Today is the day… after much work by so many, my bipartisan bill to save endangered salmon and steelhead is scheduled for a vote by the full House. You can watch us debate and vote on this important issue around 11:00am PT: https://t.co/7N0Uxl7IDT",1011653145548730369,242926427,HerreraBeutler,2018-06-26T16:51:20.000Z,1.0,1.0,policy prescription and evaluation,policy prescription and evaluation,True,1.0,"['political', 'morality']","['A22KRF782ELLB0', 'A2Q1YS118AO2BP']"
frames_tweets17_253,external,"America needs to engage in the world, not withdraw &amp; undermine our credibility. #IranDeal",993923948059463680,168502762,RepEBJ,2018-05-08T18:41:50.000Z,1.0,1.0,external regulation and reputation,external regulation and reputation,True,1.0,"['policy', 'external']","['A2Q1YS118AO2BP', 'A2WGW5Y3ZFBDEC']"
frames_tweets17_254,health,"It’s because of Carlos’s story, and the stories so many other Floridians have shared with me, that I'm fighting against #Trumpcare. Watch: https://t.co/fw2asPmgbe",878260253544075268,137794015,RepTedDeutch,2017-06-23T14:35:36.000Z,1.0,1.0,health and safety,health and safety,True,1.0,"['capacity', 'health']","['A2Q1YS118AO2BP', 'A2YYQJ3JWA2KGD']"
frames_tweets17_255,health,"Tragically, unaccompanied children in @HHSGov’s charge continue to be exploited by those who use them as free labor, or worse. In fact HHS has ‘lost’ 1,500 of 7,000 children in this program. After two years of broken promises, HHS and DHS must deliver. https://t.co/vtsiKFQHnc",989657325131763712,249787913,SenatorCarper,2018-04-27T00:07:47.000Z,1.0,1.0,health and safety,health and safety,True,1.0,"['fairness', 'health']","['A23WTODPHXZ68Y', 'A2Q1YS118AO2BP']"
frames_tweets17_256,health,Scott has had cancer and brain hemorrhaging and is doing the best he can to get by. Let’s help him out and #SaveOurCare. #OregonACAStory https://t.co/RDDaX2IdpT,900383930439929857,29201047,SenJeffMerkley,2017-08-23T15:47:11.000Z,1.0,1.0,health and safety,health and safety,True,1.0,"['external', 'health']","['A2Q1YS118AO2BP', 'A2WGW5Y3ZFBDEC']"
frames_tweets17_257,security,"I always thought the best soldiers end up at Joint Base Lewis-McChord, but here's proof. Congrats to the 1st Special Forces Group (Airborne) sniper team! @JBLM_PAO @TaskandPurpose https://t.co/x8nX6HyYOQ",981263488101175296,1068499286,LtGovDennyHeck,2018-04-03T20:13:41.000Z,1.0,1.0,security and defense,security and defense,True,1.0,"['security', 'security']","['A2Q1YS118AO2BP', 'A2WGW5Y3ZFBDEC']"
frames_tweets17_258,policy,"Since the signing of the #ExecutiveOrders and its implementation worldwide, staff members have fielded concerns...",827293258195800066,2968451607,RepBonnie,2017-02-02T23:10:57.000Z,1.0,1.0,policy prescription and evaluation,policy prescription and evaluation,True,1.0,"['external', 'policy']","['A2Q1YS118AO2BP', 'A2WGW5Y3ZFBDEC']"
frames_tweets17_259,economic,.@SecretaryCarson doesn’t understand how difficult it is for low-income families struggling to keep roofs over their heads. Asking Congress to triple the rent on our nation’s poorest is no way to help them get back on their feet &amp; access jobs &amp; opportunity.https://t.co/bsRCPoX98d,989294515109466114,22012091,LeaderHoyer,2018-04-26T00:06:07.000Z,1.0,1.0,economic,economic,True,1.0,"['economic', 'policy']","['A2JPOXYZM5AJZZ', 'A2Q1YS118AO2BP']"
frames_tweets17_260,policy,".@HouseDemocrats cast 4,775 votes to repeal, modify, delay or defund #Obamacare. Even they know it doesn't work! https://t.co/L1s4dr5J5a",829722460165652480,15600527,RepShimkus,2017-02-09T16:03:44.000Z,1.0,1.0,policy prescription and evaluation,policy prescription and evaluation,True,1.0,"['policy', 'political']","['A2Q1YS118AO2BP', 'A2WGW5Y3ZFBDEC']"
frames_tweets17_261,security,@FBI Budget Hearing: I asked AD McCabe about efforts to protect Americans from cyber crime &amp; combatting drug crimes https://t.co/Wi972ED0Fghttps://t.co/qNradkYmq9,877629273799925760,550401754,RepHalRogers,2017-06-21T20:48:19.000Z,1.0,1.0,security and defense,security and defense,True,1.0,"['constitutionality', 'law']","['A2Q1YS118AO2BP', 'A2WGW5Y3ZFBDEC']"
frames_tweets17_262,health,@SenateGOP The ACA provides free preventive cancer screenings for Patricia and her family. She's very afraid this Congress will take that away. https://t.co/CUXPV7scvm,890363318841606144,242555999,SenWhitehouse,2017-07-27T00:08:52.000Z,1.0,1.0,health and safety,health and safety,True,1.0,"['health', 'morality']","['A2JPOXYZM5AJZZ', 'A2Q1YS118AO2BP']"
frames_tweets17_263,economic,"It is always great to hear how the new #TaxReform law is helping #smallbiz across the state of #Ohio. Today, at @STERIS, I heard firsthand the positive effects #TaxReform has had on their company, including $1,000 bonus for workers and funding to expand their work space! https://t.co/jnS9Yx6doD",987351940681097216,18915145,senrobportman,2018-04-20T15:27:01.000Z,1.0,1.0,economic,economic,True,1.0,"['law', 'economic']","['A2Q1YS118AO2BP', 'A2WGW5Y3ZFBDEC']"
frames_tweets17_264,external,"I applaud @POTUS for keeping pressure on North Korea &amp; China. That pressure, in spite of harsh criticism frm Dems/media that labeled Trump a warmonger has brought them to the table. I believe sanctions should remain until Mr. Kim verifiably denuclearizes. https://t.co/yWYQUJq31M",972594535791407104,2929491549,RepBrianBabin,2018-03-10T22:06:21.000Z,1.0,1.0,external regulation and reputation,external regulation and reputation,True,1.0,"['external', 'quality']","['A1FP3SH704X01V', 'A2Q1YS118AO2BP']"
frames_tweets17_265,health,America knows #Trumpcare is a terrible idea. https://t.co/04jV6Ag9Ll,880525104857403392,234014087,RepWilson,2017-06-29T20:35:19.000Z,1.0,1.0,health and safety,health and safety,True,1.0,"['constitutionality', 'health']","['A2Q1YS118AO2BP', 'A2WGW5Y3ZFBDEC']"
frames_tweets17_266,economic,"The @HouseGOP's Higher Education Act would make college more expensive for low-income students and reward low-quality for-profit schools with federal taxpayer dollars.
https://t.co/31jiNCHGJQ",940642712625270784,234014087,RepWilson,2017-12-12T18:01:13.000Z,1.0,1.0,economic,economic,True,1.0,"['policy', 'security']","['A2JPOXYZM5AJZZ', 'A2Q1YS118AO2BP']"
frames_tweets17_267,economic,"This quote from a small business owner sums up Wisconsin's economy right now: ""It's not who can I hire, it's how many can I hire?"" https://t.co/sYON3wBSEl #SmallBusinessWeek",992408657236320258,234022257,SeanDuffyWI,2018-05-04T14:20:36.000Z,1.0,1.0,economic,economic,True,1.0,"['policy', 'economic']","['A2Q1YS118AO2BP', 'A2WGW5Y3ZFBDEC']"
frames_tweets17_268,economic,"Need a job? Good news:
According to @business, job openings in the US surged in March, nearly matching the number of unemployed workers in our nation. I am happy to see our pro-growth policies positively affecting our nation's ever-growing economy.
Read: https://t.co/hN3W6GhDTnhttps://t.co/3PMNzDiYZG",994222579387916288,236916916,RepJimRenacci,2018-05-09T14:28:29.000Z,1.0,1.0,economic,economic,True,1.0,"['policy', 'economic']","['A2Q1YS118AO2BP', 'A2WGW5Y3ZFBDEC']"
frames_tweets17_269,health,Trump’s Medicaid cuts would leave millions of seniors without care: https://t.co/RLkCk2fucO,823681853248991232,4304448314,CongBoyle,2017-01-24T00:00:31.000Z,1.0,1.0,health and safety,health and safety,True,1.0,"['health', 'policy']","['A2WGW5Y3ZFBDEC', 'A3CFNUD7VR2E1E']"
frames_tweets17_270,external,"The extrajudicial and extraterritorial murder of a journalist is something we would expect of the Kremlin, not an ally.
Jamal Khashoggi’s death must cause us to re-examine our relationship with Saudi Arabia, and that should begin with the suspension of military aid in Yemen. https://t.co/hNQONEMZ84",1054096406963806208,29501253,RepAdamSchiff,2018-10-21T19:45:42.000Z,1.0,1.0,external regulation and reputation,external regulation and reputation,True,1.0,"['constitutionality', 'external']","['A2Q1YS118AO2BP', 'A2WGW5Y3ZFBDEC']"
frames_tweets17_271,policy,"Congress is taking another important step today to secure America’s leadership in space.  As I wrote for @SpaceNews_Inc in December, the American Space Commerce Free Enterprise Act declares America open for space business. https://t.co/xPK5WHeHDG",988828056172326912,2929491549,RepBrianBabin,2018-04-24T17:12:34.000Z,1.0,1.0,policy prescription and evaluation,policy prescription and evaluation,True,1.0,"['security', 'other']","['A2Q1YS118AO2BP', 'A3CFNUD7VR2E1E']"
frames_tweets17_272,external,Our country has no business aiding and abetting the perpetrators of the humanitarian crisis in Yemen. It's time for Congress to assert itself as a co-equal branch of government and end the U.S. military involvement in Yemen. https://t.co/bD3DyUmHY2,1045081871116324864,28602948,RepRaulGrijalva,2018-09-26T22:45:09.000Z,1.0,1.0,external regulation and reputation,external regulation and reputation,True,1.0,"['political', 'constitutionality']","['A2JPOXYZM5AJZZ', 'A2Q1YS118AO2BP']"
frames_tweets17_273,economic,"This letter—from a bipartisan, multi-state delegation—demonstrates how important the Southwest Chief passenger train is to economic development of southern Colorado. These communities have upheld their commitments, and @Amtrak should do the same. https://t.co/ZYToaL7duA",1002293448123265025,224285242,SenatorBennet,2018-05-31T20:59:14.000Z,1.0,1.0,economic,economic,True,1.0,"['economic', 'public']","['A2JPOXYZM5AJZZ', 'A2Q1YS118AO2BP']"
frames_tweets17_274,security,"The Facts:
Many Iraq &amp; Afghanistan war vets live w/ chronic pain.
Vets are twice as likely as non-vets to die from accidental opioid overdoses.
VA can study effects of cannabis on vets w/ chronic pain, but @realDonaldTrump isn't directing it to do so. https://t.co/XlUdYta0Xp",958479154126696449,1262814457,RepTimWalz,2018-01-30T23:16:52.000Z,1.0,1.0,security and defense,security and defense,True,1.0,"['health', 'health']","['A2JPOXYZM5AJZZ', 'A2Q1YS118AO2BP']"
frames_tweets17_275,political,However these funds run out on September 30th - there is no time to waste. Congress needs to rise above partisan politics and come together to pass this life-saving legislation now.,1022924717165035520,1064206014,TulsiPress,2018-07-27T19:20:32.000Z,1.0,1.0,political,political,True,1.0,"['health', 'health']","['A2Q1YS118AO2BP', 'A31Z5TPD8QKE26']"
frames_tweets17_276,constitutionality,Justice Gorsuch's commitment to interpreting the Constitution as it's written will hasten our return to separation of powers &amp; rule of law.,850378177541267456,224294785,MarthaRobyAL,2017-04-07T16:02:11.000Z,1.0,1.0,constitutionality and jurisprudence,constitutionality and jurisprudence,True,1.0,"['law', 'constitutionality']","['A18DUG8EA8Y766', 'A2Q1YS118AO2BP']"
frames_tweets17_277,political,This morning I discussed the heightened participation &amp; activism at recent town halls. It’s wonderful to see so many engaged. https://t.co/fRMur8M9Wt,836044295719145472,2968007206,RepDeSaulnier,2017-02-27T02:44:27.000Z,1.0,1.0,political,political,True,1.0,"['political', 'public']","['A2JPOXYZM5AJZZ', 'A2Q1YS118AO2BP']"
frames_tweets17_278,health,"@MartinHeinrich @SenateGOP By supporting #Trumpcare, @SenateGOP are betraying families &amp; communities who have suffered from relentless grip of substance use disorders",879719593140514816,21406834,SenMarkey,2017-06-27T15:14:30.000Z,1.0,1.0,health and safety,health and safety,True,1.0,"['policy', 'health']","['A2Q1YS118AO2BP', 'A2WGW5Y3ZFBDEC']"
frames_tweets17_279,economic,"I’m proud to support this bipartisan legislation that finally puts an end to a ban that has held back our farmers from participating in the emerging industrial hemp market, an industry that will help bring new business to Virginia and create new jobs.",1072615512763457539,7429102,MarkWarner,2018-12-11T22:14:01.000Z,1.0,1.0,economic,economic,True,1.0,"['political', 'political']","['A2Q1YS118AO2BP', 'A2WGW5Y3ZFBDEC']"
frames_tweets17_280,constitutionality,This executive order is a dramatic overreach that lacks understanding of and respect for our constitution: https://t.co/gHNs4WLbCh,825802993320747008,950783972,RepBera,2017-01-29T20:29:10.000Z,1.0,1.0,constitutionality and jurisprudence,constitutionality and jurisprudence,True,1.0,"['policy', 'constitutionality']","['A2Q1YS118AO2BP', 'A2YYQJ3JWA2KGD']"
frames_tweets17_281,security,"A family man, decorated World War II veteran and courageous pilot, he devoted his public life to our nation with honor and grace. Hailing from the privileged Ivy League class, he never exempted himself from duty’s call. (2/4)",1068876670046748674,581141508,RepMarcyKaptur,2018-12-01T14:37:11.000Z,1.0,1.0,security and defense,security and defense,True,1.0,"['constitutionality', 'other']","['A2Q1YS118AO2BP', 'A2WGW5Y3ZFBDEC']"
frames_tweets17_282,fairness,The FCC chairman’s plan to repeal net neutrality will favor big tech businesses over startups and will give ISPs unprecedented control over what content consumers can access. ISPs shouldn’t be allowed to discriminate. That is not what consumers want.,933097895716204544,126171100,RepSheaPorter,2017-11-21T22:20:49.000Z,1.0,1.0,fairness and equality,fairness and equality,True,1.0,"['morality', 'policy']","['A18DUG8EA8Y766', 'A2Q1YS118AO2BP']"
frames_tweets17_283,constitutionality,"Our Constitution is a document of constraints that limit the government, not the people.",850039923759558658,250188760,RonWyden,2017-04-06T17:38:05.000Z,1.0,1.0,constitutionality and jurisprudence,constitutionality and jurisprudence,True,1.0,"['capacity', 'constitutionality']","['A2Q1YS118AO2BP', 'A2WGW5Y3ZFBDEC']"
frames_tweets17_284,fairness,"I wear suffragette white at #JointSession as a pledge to protect women's health, fair pay, paid leave &amp; more! #WomenWearWhite",836602609452613636,1077121945,RepLoisFrankel,2017-02-28T15:43:00.000Z,1.0,1.0,fairness and equality,fairness and equality,True,1.0,"['law', 'political']","['A2Q1YS118AO2BP', 'A3CFNUD7VR2E1E']"
frames_tweets17_285,health,"Today is another opportunity to raise awareness about the #opioidcrisis, remember those who have fallen victim to substance abuse, &amp; redouble our efforts to #EndOverdose here in #IL16 &amp; across the country. #OverdoseAwarenessDay https://t.co/wt7e0owpCjhttps://t.co/PrTLsfB6LC",1035648763271020544,219429281,RepKinzinger,2018-08-31T22:01:21.000Z,1.0,1.0,health and safety,health and safety,True,1.0,"['health', 'security']","['A2JPOXYZM5AJZZ', 'A2Q1YS118AO2BP']"
frames_tweets17_286,security,"Today is the 100th Anniversary of the US involvement in #WWI. A generation of veterans that are gone, but certainly not forgotten.",849968493021859843,2953974395,RepFrenchHill,2017-04-06T12:54:15.000Z,1.0,1.0,security and defense,security and defense,True,1.0,"['fairness', 'political']","['A2Q1YS118AO2BP', 'A2YYQJ3JWA2KGD']"
frames_tweets17_287,political,I will not participate in the normalization of @realDonaldTrump. #BrooklynResists @BrianLehrer @TheGreeneSpace @wnyc https://t.co/d7PfXXDAUK,834076319650607104,240812994,RepYvetteClarke,2017-02-21T16:24:25.000Z,1.0,1.0,political,political,True,1.0,"['constitutionality', 'political']","['A2Q1YS118AO2BP', 'A2WGW5Y3ZFBDEC']"
frames_tweets17_288,policy,"@PhilMurphyNJ @SenatorMenendez ""We're here today to say we won't accept Trump's extreme and dangerous environmental agenda. In NJ this is our life, this is our soul, this is what we're about at the Jersey shore, and we won't take it.""",949310794214334464,31801993,FrankPallone,2018-01-05T16:05:05.000Z,1.0,1.0,policy prescription and evaluation,policy prescription and evaluation,True,1.0,"['policy', 'quality']","['A2Q1YS118AO2BP', 'A3O81LHBBI8NPK']"
frames_tweets17_289,economic,"California fares worse than any state in the #GOPTaxPlan.  It makes it more expensive to build low-cost housing, and removes tax deductions that help with fire and flood damage recovery. California depends on these provisions. 9/",931223337556160512,236279233,NormaJTorres,2017-11-16T18:11:59.000Z,1.0,1.0,economic,economic,True,1.0,"['political', 'fairness']","['A18DUG8EA8Y766', 'A2Q1YS118AO2BP']"
frames_tweets17_290,other,The world’s largest hot desert is expanding at an alarming rate. We need to do everything we can to curb the effects of climate chaos before it’s too late! #TodaysClimateFact https://t.co/G2a8EOCNp5,994260712343130112,29201047,SenJeffMerkley,2018-05-09T17:00:00.000Z,1.0,1.0,other,other,True,1.0,"['cultural', 'health']","['A2Q1YS118AO2BP', 'A2YYQJ3JWA2KGD']"
frames_tweets17_291,security,"I'm pleased a location has been chosen for a memorial to honor those who served our nation in operations Desert Storm &amp; Desert Shield. Their service and sacrifice deserves recognition amongst the other prominent war memorials in our nation’s capital.
https://t.co/Kw342ysdKC",1010235368271237122,5558312,JohnBoozman,2018-06-22T18:57:35.000Z,1.0,1.0,security and defense,security and defense,True,1.0,"['fairness', 'political']","['A2Q1YS118AO2BP', 'A2YYQJ3JWA2KGD']"
frames_tweets17_292,political,I hear the Senate is staying in session to repeal healthcare. That should give the House enough time to get ready for impeachment.,884894176432844800,36686040,RepMaxineWaters,2017-07-11T21:56:26.000Z,1.0,1.0,political,political,True,1.0,"['public', 'health']","['A2Q1YS118AO2BP', 'A2WGW5Y3ZFBDEC']"
frames_tweets17_293,health,"7 years ago today, @BarackObama signed the ACA into law. It's a shame that people have been playing politics with the ACA &amp; people’s health.",844941749399244800,30354991,KamalaHarris,2017-03-23T15:59:45.000Z,1.0,1.0,health and safety,health and safety,True,1.0,"['health', 'quality']","['A2IOT3PCS9G5RK', 'A2Q1YS118AO2BP']"
frames_tweets17_294,health,"Our mental health system is broken, but that is not why we have a big gun violence problem. 

We should fix mental health system because it’s broken, but that isn’t the sole reason we have a gun violence problem. - @SenMurphyOffice #TownHallForOurLives",1054891842532188160,137794015,RepTedDeutch,2018-10-24T00:26:28.000Z,1.0,1.0,health and safety,health and safety,True,1.0,"['health', 'law']","['A2HESXT4DAGASU', 'A2Q1YS118AO2BP']"
frames_tweets17_295,economic,"The economy is booming thanks to the tax cuts and red tape we've removed. We're rebuilding the military to keep us safe. And more. Good column from WSJ on what our majority has accomplished.
https://t.co/sG6LspmwSY",1059432969985802243,240427862,RepMcKinley,2018-11-05T13:11:18.000Z,1.0,1.0,economic,economic,True,1.0,"['economic', 'constitutionality']","['A2JPOXYZM5AJZZ', 'A2Q1YS118AO2BP']"
frames_tweets17_296,other,Thanks @Astro_Kate7 for speaking w/students at her Alma mater @VHS_Crusheds about her groundbreaking work on the International Space Station https://t.co/UXnh8STwaN,834180354768502784,303861808,RepThompson,2017-02-21T23:17:49.000Z,1.0,1.0,other,other,True,1.0,"['public', 'other']","['A2Q1YS118AO2BP', 'A37WXDYYT7RCZ0']"
frames_tweets17_297,policy,"We've tried Trump #immigration strategy  before leaving trail of lawsuits, broken families &amp; bankruptcy: https://t.co/IsgeUJjWL0 #twill https://t.co/ksdOL0q885",836361777109741568,36948268,RepGutierrez,2017-02-27T23:46:01.000Z,1.0,1.0,policy prescription and evaluation,policy prescription and evaluation,True,1.0,"['other', 'quality']","['A2Q1YS118AO2BP', 'A37WXDYYT7RCZ0']"
frames_tweets17_298,policy,3 GOP @EPA Administrators are speaking out against @POTUS’s dangerous policies. #climatechange https://t.co/aiib3IjHai,870337273665073152,1339931490,RepRobinKelly,2017-06-01T17:52:30.000Z,1.0,1.0,policy prescription and evaluation,policy prescription and evaluation,True,1.0,"['policy', 'constitutionality']","['A2HESXT4DAGASU', 'A2Q1YS118AO2BP']"
frames_tweets17_299,security,Happy 243rd birthday to our Marine Corps! Thank you to our men and women in uniform for your commitment to protect our nation and freedoms. Semper Fi!  https://t.co/YtTrn0ar0w,1061272274718855169,1155212191,KeithRothfus,2018-11-10T15:00:02.000Z,1.0,1.0,security and defense,security and defense,True,1.0,"['health', 'security']","['A2Q1YS118AO2BP', 'A38DC3BG1ZCVZ2']"
frames_tweets17_300,health,"Social Security serves 60 million seniors, children &amp; disabled adults – families who rely on us to keep it safe and secure.  #SocSec82",897170083042275329,235373000,RepHanabusa,2017-08-14T18:56:31.000Z,1.0,1.0,health and safety,health and safety,True,1.0,"['fairness', 'health']","['A2Q1YS118AO2BP', 'A2WGW5Y3ZFBDEC']"
frames_tweets17_301,health,"Luckily, there's good news! Thanks to the #metoo movement, workers &amp; advocates coming forward, the hotel industry announced today it's taking steps to implement training, education, &amp; provide safety devices for workers! #TimesUp for sexual harassment!
https://t.co/o7enB2XQLT",1038133139758084097,1077121945,RepLoisFrankel,2018-09-07T18:33:22.000Z,1.0,1.0,health and safety,health and safety,True,1.0,"['fairness', 'security']","['A2JPOXYZM5AJZZ', 'A2Q1YS118AO2BP']"
frames_tweets17_302,health,We cannot allow ourselves to become numb to these horrors. We must act to end the scourge of gun violence. https://t.co/8t32VJMMH0,956183833560469505,1071840474,RepSchneider,2018-01-24T15:16:05.000Z,1.0,1.0,health and safety,health and safety,True,1.0,"['public', 'law']","['A2Q1YS118AO2BP', 'ABY1RK8H6HC8C']"
frames_tweets17_303,law,I hope the @CFPB and @USOCC continue to initiate investigations of financial crime and return money to cheated consumers through their own enforcement actions in the future. -SB,987404518664163328,43910797,SenSherrodBrown,2018-04-20T18:55:56.000Z,1.0,1.0,"law and order, crime and justice","law and order, crime and justice",True,1.0,"['capacity', 'law']","['A2Q1YS118AO2BP', 'A2WGW5Y3ZFBDEC']"
frames_tweets17_304,economic,"Small businesses form the backbone of the American economy. In #RhodeIsland, they boost our local economy and improve the health of our communities. https://t.co/AGXtyIf8Sk",1069692093906456578,242555999,SenWhitehouse,2018-12-03T20:37:23.000Z,1.0,1.0,economic,economic,True,1.0,"['economic', 'fairness']","['A2JPOXYZM5AJZZ', 'A2Q1YS118AO2BP']"
frames_tweets17_305,security,"Since its inception, the work of the 3rd Infantry Division @3rd_Infantry of @USArmy has been legendary &amp; the ""Rock of the Marne"" has held fast. I am honored to recognize its 100th anniversary: https://t.co/vUVsCVl8WH. @MarneCG",930917183923916800,78403308,SenatorIsakson,2017-11-15T21:55:26.000Z,1.0,1.0,security and defense,security and defense,True,1.0,"['fairness', 'security']","['A2Q1YS118AO2BP', 'A2WGW5Y3ZFBDEC']"
frames_tweets17_306,economic,"May 2017 LA Times: ""If Trump thinks he can get more than 3% economic growth, he's dreaming.""  Now in July 2018 we have another strong quarter and the economy is back!
https://t.co/c2V3TN0IDu",1022855677256060931,22509548,DarrellIssa,2018-07-27T14:46:11.000Z,1.0,1.0,economic,economic,True,1.0,"['fairness', 'economic']","['A2Q1YS118AO2BP', 'A2WGW5Y3ZFBDEC']"
frames_tweets17_307,economic,"The #TrumpBudget doesn’t come close to balancing as a result of the #GOPTaxScam. With the tax law, Republicans blew a $1.5 trillion hole in the deficit in order to give tax cuts to the wealthy while sticking working families with the bill. RT if you think GOP is out of touch. https://t.co/Qzzkc8WviT",963166188959301635,22012091,LeaderHoyer,2018-02-12T21:41:28.000Z,1.0,1.0,economic,economic,True,1.0,"['health', 'economic']","['A2Q1YS118AO2BP', 'A2WGW5Y3ZFBDEC']"
frames_tweets17_308,economic,The #Republican tax plan would eliminate the deduction for student loan interest. 1/,926430482996322304,1155335864,RepDonaldPayne,2017-11-03T12:46:54.000Z,1.0,1.0,economic,economic,True,1.0,"['constitutionality', 'economic']","['A2Q1YS118AO2BP', 'A2WGW5Y3ZFBDEC']"
frames_tweets17_309,health,"Join us at our Health &amp; Wellness Fair on Saturday. Free health screenings, physicals, and more. https://t.co/apfWNSk8qT",894247485522272256,1071840474,RepSchneider,2017-08-06T17:23:09.000Z,1.0,1.0,health and safety,health and safety,True,1.0,"['capacity', 'health']","['A2Q1YS118AO2BP', 'A2WGW5Y3ZFBDEC']"
frames_tweets17_310,security,Pleased my staff recorded memories of #Arkansas #veteran Edwin Ross which will be submitted to the @librarycongress Veterans History Project https://t.co/gatJThwS3L,890573871950311424,5558312,JohnBoozman,2017-07-27T14:05:31.000Z,1.0,1.0,security and defense,security and defense,True,1.0,"['policy', 'other']","['A2Q1YS118AO2BP', 'A3I9UOCM5EXMR2']"
frames_tweets17_311,health,".@GeorgetownCCF report on children’s health insurance rates is alarming &amp; shows why Congress must work together to expand access to quality coverage for everyone, including kids. Children across the country should be able to access the care they need. https://t.co/B3E9HiJQoy",1068284855442657282,1058717720,RepAnnieKuster,2018-11-29T23:25:31.000Z,1.0,1.0,health and safety,health and safety,True,1.0,"['constitutionality', 'health']","['A2Q1YS118AO2BP', 'A2WGW5Y3ZFBDEC']"
frames_tweets17_312,political,"@HouseFloor @HarvardHBS @cbo @GOP If my Republican colleagues will commit to doing that, I will commit to working with you, and I will honestly and publicly thank you for putting country before politics. 18/18",936294431040339968,1135486501,RepScottPeters,2017-11-30T18:02:42.000Z,1.0,1.0,political,political,True,1.0,"['policy', 'political']","['A2Q1YS118AO2BP', 'A2WGW5Y3ZFBDEC']"
frames_tweets17_313,cultural,"Today in #BlackHistoryMonth I am honoring Birmingham native @CondoleezzaRice. In 2005, Rice was appointed as the first African American Woman Secretary of State. Also an educator, an avid pianist and figure skater, Condoleezza Rice is truly a renaissance woman. https://t.co/xJMKuhzbUF",968506851976536064,381152398,RepTerriSewell,2018-02-27T15:23:22.000Z,1.0,1.0,cultural identity,cultural identity,True,1.0,"['political', 'economic']","['A18DUG8EA8Y766', 'A2Q1YS118AO2BP']"
frames_tweets17_314,health,'How You Can Help in the Effort to Curb #Opioid Abuse' - My latest column discusses the #opioidcrisis &amp; @artakeback. https://t.co/V3aobGU1Zt,922572662131396608,5558312,JohnBoozman,2017-10-23T21:17:17.000Z,1.0,1.0,health and safety,health and safety,True,1.0,"['health', 'external']","['A23WTODPHXZ68Y', 'A2Q1YS118AO2BP']"
frames_tweets17_315,economic,Plans on https://t.co/5b9EJEYDwd are more affordable than ever. Many consumers can find plans with $0 premiums or plans with premiums of $20 a month or less. Deadline is December 15. #GetCovered https://t.co/fkiC2La7DP,938815389022109697,153486399,RepMarciaFudge,2017-12-07T17:00:05.000Z,1.0,1.0,economic,economic,True,1.0,"['constitutionality', 'other']","['A2Q1YS118AO2BP', 'A3CFNUD7VR2E1E']"
frames_tweets17_316,health,"No matter their job, city or state, Americans deserve peace of mind for when they or a loved one falls ill. https://t.co/hELhTm1Lqw #HFANow https://t.co/FLiywQQ6Pn",843488572292419585,581141508,RepMarcyKaptur,2017-03-19T15:45:21.000Z,1.0,1.0,health and safety,health and safety,True,1.0,"['constitutionality', 'fairness']","['A2Q1YS118AO2BP', 'ABY1RK8H6HC8C']"
frames_tweets17_317,economic,"It is critical that we fight for programs that support infrastructure, manufacturing, &amp; 21st century workforce development",922903189451616257,15324851,ChrisCoons,2017-10-24T19:10:41.000Z,1.0,1.0,economic,economic,True,1.0,"['policy', 'capacity']","['A2Q1YS118AO2BP', 'A2WGW5Y3ZFBDEC']"
frames_tweets17_318,constitutionality,"On #WorldPressFreedomDay, we celebrate the free press, the 1st Amendment, &amp; the values we hold dear as a democratic society. We look to hardworking journalists to uncover the truth and strengthen our understanding of what’s happening in our country and all across the world.",992129885542985731,126171100,RepSheaPorter,2018-05-03T19:52:52.000Z,1.0,1.0,constitutionality and jurisprudence,constitutionality and jurisprudence,True,1.0,"['constitutionality', 'quality']","['A1FP3SH704X01V', 'A2Q1YS118AO2BP']"
frames_tweets17_319,health,"On @CBS12 today, I discussed my school safety plan. https://t.co/ZB5P3ilbmQ",969711814169673728,229966028,SenRubioPress,2018-03-02T23:11:27.000Z,1.0,1.0,health and safety,health and safety,True,1.0,"['health', 'economic']","['A2JPOXYZM5AJZZ', 'A2Q1YS118AO2BP']"
frames_tweets17_320,health,"VIDEO: As member of House Appropriations Comm, I'll fight #TrumpGlobalGag, but we all must stay engaged in order to protect #womenshealth https://t.co/9Zc3fF9bhV",864842986462556160,14984637,chelliepingree,2017-05-17T14:00:10.000Z,1.0,1.0,health and safety,health and safety,True,1.0,"['public', 'health']","['A2Q1YS118AO2BP', 'A3O81LHBBI8NPK']"
frames_tweets17_321,economic,".@USDOT announced El Paso County will receive funds to widen an approximately 18-mile segment of I-25 from Monument to Castle Rock. 

As I’ve worked with the Trump Administration over the last several months, my number one priority has been to secure this $65 million grant.",1004050405888753665,584012853,RepDLamborn,2018-06-05T17:20:45.000Z,1.0,1.0,economic,economic,True,1.0,"['quality', 'quality']","['A2Q1YS118AO2BP', 'A2WGW5Y3ZFBDEC']"
frames_tweets17_322,health,Irma - downgraded to a tropical storm - is bringing winds and heavy rain to AL. Here's what to do if power goes out: https://t.co/SOt1Q6FrTQ,907228217022599168,381152398,RepTerriSewell,2017-09-11T13:03:57.000Z,1.0,1.0,health and safety,health and safety,True,1.0,"['economic', 'health']","['A2Q1YS118AO2BP', 'A2WGW5Y3ZFBDEC']"
frames_tweets17_323,policy,"We're long overdue for an investment in our infrastructure. We need to set the same goals as President Kennedy did when he said we will get a man to the moon in 10 yrs, and we did it in 9. That’s the American spirit.",961325467654672384,50452197,RepJohnLarson,2018-02-07T19:47:06.000Z,1.0,1.0,policy prescription and evaluation,policy prescription and evaluation,True,1.0,"['quality', 'capacity']","['A2Q1YS118AO2BP', 'A2WGW5Y3ZFBDEC']"
frames_tweets17_324,policy,"Last night, I spoke on the House floor against @realDonaldTrump 's Muslim ban, which suffered another court defeat. https://t.co/N8YWEl9F7y",874623365784506368,1155335864,RepDonaldPayne,2017-06-13T13:43:54.000Z,1.0,1.0,policy prescription and evaluation,policy prescription and evaluation,True,1.0,"['morality', 'cultural']","['A2Q1YS118AO2BP', 'A2WGW5Y3ZFBDEC']"
frames_tweets17_325,quality,Beacon Place is a great resource for our community. I had a lot of fun visiting today with kids (and volunteers) in Waukegan for the day camp Summer Lunch and Backpack Program. Learn more about their work at https://t.co/IqLHY11Eonhttps://t.co/HxjAY0CHOB,1013896562144104448,1071840474,RepSchneider,2018-07-02T21:25:52.000Z,1.0,1.0,quality of life,quality of life,True,1.0,"['morality', 'other']","['A2Q1YS118AO2BP', 'A2WGW5Y3ZFBDEC']"
frames_tweets17_326,security,ICYMI: The @USNavy is working diligently to identify the root causes of safety issues in their T-45 training jets. @FoxFriendsFirst https://t.co/hzv2VlF6lP,941454758681788416,264219447,SenatorWicker,2017-12-14T23:48:00.000Z,1.0,1.0,security and defense,security and defense,True,1.0,"['security', 'economic']","['A2IOT3PCS9G5RK', 'A2Q1YS118AO2BP']"
frames_tweets17_327,policy,"The House has passed a 5-year reauthorization of the FAA. This bill is a compromise so it's far from perfect, but it gives this essential agency some stability and direction while including a number of wins for the traveling public, residents around airports, and airline workers. https://t.co/yc3PuOJ4di",1045085357707022337,1009269193,RepLipinski,2018-09-26T22:59:00.000Z,1.0,1.0,policy prescription and evaluation,policy prescription and evaluation,True,1.0,"['political', 'policy']","['A2JPOXYZM5AJZZ', 'A2Q1YS118AO2BP']"
frames_tweets17_328,economic,"POTUS on trade: US will pursue bilateral trade negotiations to promote American industry, protect American workers, and raise American wage",823964565784428544,13218102,JohnCornyn,2017-01-24T18:43:55.000Z,1.0,1.0,economic,economic,True,1.0,"['quality', 'external']","['A2Q1YS118AO2BP', 'A2WGW5Y3ZFBDEC']"
frames_tweets17_329,economic,This is the height of irresponsibility. I urge the President not to force a shutdown because we cannot allow our economy to take a potential $6 billion a week hit. https://t.co/yTOnE0TmfD,1076146418027556864,303861808,RepThompson,2018-12-21T16:04:34.000Z,1.0,1.0,economic,economic,True,1.0,"['constitutionality', 'policy']","['A2Q1YS118AO2BP', 'A2WGW5Y3ZFBDEC']"
frames_tweets17_330,health,Today I sat with the families of workers killed in preventable workplace accidents. Congress must improve safety laws. #WorkersMemorialDay https://t.co/gcc7MQXjLx,858042117695954946,1037321378,RepMarkTakano,2017-04-28T19:35:57.000Z,1.0,1.0,health and safety,health and safety,True,1.0,"['health', 'external']","['A2JPOXYZM5AJZZ', 'A2Q1YS118AO2BP']"
frames_tweets17_331,economic,Congress needs to enact comprehensive #taxreform to help boost wages and bring back #jobs and investments lost to overseas competitors. https://t.co/Td4CWLN1Lo,907739185427177473,18915145,senrobportman,2017-09-12T22:54:21.000Z,1.0,1.0,economic,economic,True,1.0,"['law', 'policy']","['A2Q1YS118AO2BP', 'A2YYQJ3JWA2KGD']"
frames_tweets17_332,health,Thinking of all who have been affected by cancer including family &amp; my colleagues @MazieHirono &amp; @SenJohnMcCain on this #StandUpToCancerDay.,906171978746298368,76456274,SenStabenow,2017-09-08T15:06:50.000Z,1.0,1.0,health and safety,health and safety,True,1.0,"['external', 'health']","['A2Q1YS118AO2BP', 'A2WGW5Y3ZFBDEC']"
frames_tweets17_333,policy,This SCOTUS decision will give current DACA recipients the chance to renew their work permits but is not a permanent solution for #Dreamers. We must continue to push for legislation that offers an earned path to citizenship for these young people. https://t.co/MBcgtcVnxE,968193353799127040,1061385474,RepLujanGrisham,2018-02-26T18:37:38.000Z,1.0,1.0,policy prescription and evaluation,policy prescription and evaluation,True,1.0,"['security', 'fairness']","['A2Q1YS118AO2BP', 'A37WXDYYT7RCZ0']"
frames_tweets17_334,political,"Deeply disappointing—but not surprising—to see President Trump turn his divisive, campaign rhetoric into the actions we are seeing today.",824401310569136129,293131808,PattyMurray,2017-01-25T23:39:23.000Z,1.0,1.0,political,political,True,1.0,"['political', 'policy']","['A2IOT3PCS9G5RK', 'A2Q1YS118AO2BP']"
frames_tweets17_335,external,Trade with Mexico &amp; Canada is crucial to the success of American farmers. Renegotiating #NAFTA must not threaten access to these markets.,857576165011316740,18632666,JerryMoran,2017-04-27T12:44:25.000Z,1.0,1.0,external regulation and reputation,external regulation and reputation,True,1.0,"['constitutionality', 'other']","['A2Q1YS118AO2BP', 'A3O81LHBBI8NPK']"
frames_tweets17_336,policy,Proud to meet with fellow Ohioans and speak at the Innovations for a Comprehensive Response to Addiction Briefing today. Discussed my efforts to urge the Senate to pass the #STOPAct and @CARA2 to help combat the #opioidcrisis https://t.co/7vukLOsD0i,989247291847475200,18915145,senrobportman,2018-04-25T20:58:28.000Z,1.0,1.0,policy prescription and evaluation,policy prescription and evaluation,True,1.0,"['other', 'health']","['A2Q1YS118AO2BP', 'A2WGW5Y3ZFBDEC']"
frames_tweets17_337,health,On #WorldMentalHealthDay we should strive to create a more understanding world and address illnesses more common than many of us would think,917863030636998656,17513304,ErikPaulsen,2017-10-10T21:22:54.000Z,1.0,1.0,health and safety,health and safety,True,1.0,"['quality', 'health']","['A2Q1YS118AO2BP', 'A2WGW5Y3ZFBDEC']"
frames_tweets17_338,other,"Congrats to the 5 @NobSchools students who qualified for the international DECA competition! ""DECA is a student organization that prepares emerging business leaders &amp; entrepreneurs in marketing, finance, hospitality &amp; management..."" https://t.co/WGSU47gNnm",973685741791469569,1074101017,SusanWBrooks,2018-03-13T22:22:25.000Z,1.0,1.0,other,other,True,1.0,"['constitutionality', 'economic']","['A2Q1YS118AO2BP', 'A37WXDYYT7RCZ0']"
frames_tweets17_339,political,"In Congress—the heart of our democracy—Repubs &amp; Dems work together to reaffirm our commitment to freedom, no matter the politics of the day. https://t.co/fGKIz9eab3",872815221512871938,18916432,SpeakerRyan,2017-06-08T13:58:59.000Z,1.0,1.0,political,political,True,1.0,"['policy', 'political']","['A2Q1YS118AO2BP', 'A2WGW5Y3ZFBDEC']"
frames_tweets17_340,health,"Not sure kicking millions of Americans off their health care qualifies as love, but to each his own, I guess https://t.co/3uWnVeIB3S",908414420702957575,1206227149,RepMarkPocan,2017-09-14T19:37:30.000Z,1.0,1.0,health and safety,health and safety,True,1.0,"['health', 'health']","['A2JPOXYZM5AJZZ', 'A2Q1YS118AO2BP']"
frames_tweets17_341,security,President Obama leaves a dangerous precedent: those who compromise our national security won’t be held accountable. https://t.co/XWGleBlHVI,821747996840906753,18916432,SpeakerRyan,2017-01-18T15:56:04.000Z,1.0,1.0,security and defense,security and defense,True,1.0,"['constitutionality', 'security']","['A2Q1YS118AO2BP', 'A2WGW5Y3ZFBDEC']"
frames_tweets17_342,external,I support @POTUS's decision to withdraw from the folly that is the #IranDeal. A nation that promotes terror internationally &amp; against its own people has no business increasing its nuclear capabilities. America has no place giving this bad actor legitimacy. https://t.co/7zBOi0yn4f,993949055146430470,1060487274,RepDougCollins,2018-05-08T20:21:36.000Z,1.0,1.0,external regulation and reputation,external regulation and reputation,True,1.0,"['policy', 'external']","['A2Q1YS118AO2BP', 'A2WGW5Y3ZFBDEC']"
frames_tweets17_343,policy,"This week, @RepRickCrawford and I introduced the bipartisan “Century Farms Act"" -- to recognize and celebrate American farms that have been in continuous operation for 100 years! https://t.co/0Kk7YCOXK6",944259754184138752,1055685948,USRepRickNolan,2017-12-22T17:34:03.000Z,1.0,1.0,policy prescription and evaluation,policy prescription and evaluation,True,1.0,"['public', 'other']","['A2Q1YS118AO2BP', 'A3I9UOCM5EXMR2']"
frames_tweets17_344,health,HURRY!!! Today is the last day to sign up for health insurance that begins on Jan 1. Visit https://t.co/rrKeGJOFBA to #GetCoveredNow. #ACA https://t.co/LCMQNHjCMN,941744884767232001,312134473,RepLindaSanchez,2017-12-15T19:00:51.000Z,1.0,1.0,health and safety,health and safety,True,1.0,"['health', 'constitutionality']","['A18DUG8EA8Y766', 'A2Q1YS118AO2BP']"
frames_tweets17_345,economic,"#AffordableHousing should not come down to winning a lottery. But it does when over 2,000 applied for 108 affordable units in #Seattle",831258901383254016,117501995,SenatorCantwell,2017-02-13T21:49:00.000Z,1.0,1.0,economic,economic,True,1.0,"['fairness', 'fairness']","['A2JPOXYZM5AJZZ', 'A2Q1YS118AO2BP']"
frames_tweets17_346,political,Support for manufacturing is bipartisan &amp; a policy area where Congress &amp; the Administration can find common ground.,829762235543220224,15324851,ChrisCoons,2017-02-09T18:41:47.000Z,1.0,1.0,political,political,True,1.0,"['policy', 'political']","['A2Q1YS118AO2BP', 'A2WGW5Y3ZFBDEC']"
frames_tweets17_347,policy,My latest letter to @USACEHQ reemphasizing the importance of replenishing @PresqueIsleSP's beaches: https://t.co/CYqExdQpsh #Erie #PA03 #PA,862047635766734850,935368364,MikeKellyPA,2017-05-09T20:52:27.000Z,1.0,1.0,policy prescription and evaluation,policy prescription and evaluation,True,1.0,"['quality', 'economic']","['A2JPOXYZM5AJZZ', 'A2Q1YS118AO2BP']"
frames_tweets17_348,external,"#Israel has every right to defend itself against attacks from across its borders, &amp; its actions were justified. U.S. policy must be that any political settlement to the Syrian civil war must not ensconce Iranian forces or allow access to Israel’s border. https://t.co/2fhWXfMa85",994617418805891074,22012091,LeaderHoyer,2018-05-10T16:37:26.000Z,1.0,1.0,external regulation and reputation,external regulation and reputation,True,1.0,"['constitutionality', 'external']","['A2Q1YS118AO2BP', 'ACDX50KGPE97I']"
frames_tweets17_349,political,Tom Price has repeatedly voted to undermine women’s rights and healthcare access. He is a dangerous pick to lead HHS. #ThePriceIsNotRight,821788760337682432,1055730738,RepLowenthal,2017-01-18T18:38:03.000Z,1.0,1.0,political,political,True,1.0,"['economic', 'health']","['A2Q1YS118AO2BP', 'A37WXDYYT7RCZ0']"
frames_tweets17_350,other,"I was delighted to talk to the government students at the @KinkaidSchool in #Houston about my job as Chairman of the @RulesReps. They have a wonderful teacher who happens to be one of my former staffers, @IkeCrews. I’m very proud of his work developing these young leaders. https://t.co/TjropSvvsI",968945316593577985,24735461,PeteSessions,2018-02-28T20:25:40.000Z,1.0,1.0,other,other,True,1.0,"['law', 'other']","['A2Q1YS118AO2BP', 'A2WGW5Y3ZFBDEC']"
frames_tweets17_351,health,The epidemic of gun violence in our country is not normal. It is not acceptable. @GOP finally needs to end the denial and work to stop these tragedies from taking place again and again. https://t.co/aO0A2ioHd1,964150271508144129,31801993,FrankPallone,2018-02-15T14:51:52.000Z,1.0,1.0,health and safety,health and safety,True,1.0,"['constitutionality', 'health']","['A2Q1YS118AO2BP', 'A2WGW5Y3ZFBDEC']"
frames_tweets17_352,political,"This shutdown was completely avoidable. Trust remains the coin of the realm in politics, and it is now up to the Republican Leadership and the Trump Administration to keep their word and address the outstanding issues in a timely and efficient manner. https://t.co/znbdEROFLm",955595445329330177,2968007206,RepDeSaulnier,2018-01-23T00:18:02.000Z,1.0,1.0,political,political,True,1.0,"['policy', 'capacity']","['A2Q1YS118AO2BP', 'ACDX50KGPE97I']"
frames_tweets17_353,external,"@POTUS Putin's threatening of NATO allies, including deployment of Iskander missiles in Kaliningrad.",882648679680749572,17494010,SenSchumer,2017-07-05T17:13:38.000Z,1.0,1.0,external regulation and reputation,external regulation and reputation,True,1.0,"['constitutionality', 'external']","['A2Q1YS118AO2BP', 'A37WXDYYT7RCZ0']"
frames_tweets17_354,other,It was a joy to visit Lake Area Industries in Camdenton to see all the hard work they do there https://t.co/IdoX8lySnI,821488590123388929,237763317,RepHartzler,2017-01-17T22:45:17.000Z,1.0,1.0,other,other,True,1.0,"['fairness', 'economic']","['A2Q1YS118AO2BP', 'A3CFNUD7VR2E1E']"
frames_tweets17_355,economic,#TrumpCuts will be a BIGLY disaster for working families &amp; at-risk Americans. Find out how now --&gt; https://t.co/bzZW4I72gQ,867421297193750529,1531521632,RepBeatty,2017-05-24T16:45:27.000Z,1.0,1.0,economic,economic,True,1.0,"['morality', 'policy']","['A2Q1YS118AO2BP', 'A2YYQJ3JWA2KGD']"
frames_tweets17_356,other,Congrats to Tim Mueller of @ErinDistrict for being named as @SHAPE_America's Midwest District Middle School PE Teacher of the Year! ,844669082418995200,1074518754,SenatorBaldwin,2017-03-22T21:56:17.000Z,1.0,1.0,other,other,True,1.0,"['political', 'other']","['A2Q1YS118AO2BP', 'A2WGW5Y3ZFBDEC']"
frames_tweets17_357,morality,The 'drain the swamp' boast from @realDonaldTrump doesn't hold up to the truth test https://t.co/0XMBjrogZv,836764325301874688,1140648348,RepDWStweets,2017-03-01T02:25:36.000Z,1.0,1.0,morality,morality,True,1.0,"['policy', 'political']","['A2Q1YS118AO2BP', 'A2WGW5Y3ZFBDEC']"
frames_tweets17_358,health,Working together with champions on both sides of the aisle to fight for robust funding of mental health and substance use programs. https://t.co/3nrAEHA2hk,936636032778424320,581141508,RepMarcyKaptur,2017-12-01T16:40:06.000Z,1.0,1.0,health and safety,health and safety,True,1.0,"['morality', 'health']","['A2Q1YS118AO2BP', 'A2WGW5Y3ZFBDEC']"
frames_tweets17_359,other,@danpfeiffer I was there. No one said that. It had all the glee of a funeral,1075956863492071424,404132211,RepRickLarsen,2018-12-21T03:31:21.000Z,1.0,1.0,other,other,True,1.0,"['policy', 'other']","['A2Q1YS118AO2BP', 'A2YYQJ3JWA2KGD']"
frames_tweets17_360,health,I’m working in Washington to ensure young people have access to life-saving treatments to overcome opioid addiction https://t.co/4dl129gi5t,1002636700097527808,236511574,SenGaryPeters,2018-06-01T19:43:12.000Z,1.0,1.0,health and safety,health and safety,True,1.0,"['public', 'health']","['A2Q1YS118AO2BP', 'A2WGW5Y3ZFBDEC']"
frames_tweets17_361,fairness,"""If you've worked your whole life for a pension, it's not fair for someone to say, 'Sorry, nevermind.' It's not fair &amp; I'm on your side."" https://t.co/RN6ZLVRSCA",898298765723004928,57065141,McCaskillOffice,2017-08-17T21:41:29.000Z,1.0,1.0,fairness and equality,fairness and equality,True,1.0,"['security', 'fairness']","['A2Q1YS118AO2BP', 'A2WGW5Y3ZFBDEC']"
frames_tweets17_362,morality,"Today is the 50th anniversary of Martin Luther King Jr.’s assassination. Here are my thoughts about his important legacy, which is a daily reminder that “we are tied together in a single garment of destiny, caught in an inescapable network of mutuality"" https://t.co/wdD2CdG8gM",981625102642110464,1058917562,RepDerekKilmer,2018-04-04T20:10:36.000Z,1.0,1.0,morality,morality,True,1.0,"['fairness', 'fairness']","['A2Q1YS118AO2BP', 'A2WGW5Y3ZFBDEC']"
frames_tweets17_363,health,Americans with pre-existing conditions shouldn’t face discrimination. Period. #ProtectOurCare https://t.co/4GI2DTBdQa,1005147193811095552,20552026,RepPerlmutter,2018-06-08T17:59:00.000Z,1.0,1.0,health and safety,health and safety,True,1.0,"['morality', 'health']","['A2Q1YS118AO2BP', 'A2YYQJ3JWA2KGD']"
frames_tweets17_364,other,"My sincerest condolences to the family and loved ones of Senator John McCain. Sen. McCain was a maverick in every sense of the word, &amp; will be remembered for his dedication to serving the American people. Americans across the country mourn his loss today. https://t.co/bsohEliuJB",1033526164587991041,516880804,BettyMcCollum04,2018-08-26T01:26:54.000Z,1.0,1.0,other,other,True,1.0,"['security', 'other']","['A2Q1YS118AO2BP', 'A2WGW5Y3ZFBDEC']"
frames_tweets17_365,other,"Terrible news. My thoughts are with the injured, the family that has lost a loved one &amp; the crews working tirelessly https://t.co/qwJkCPZHg5",870280372696875008,2976606250,RepGrothman,2017-06-01T14:06:24.000Z,1.0,1.0,other,other,True,1.0,"['economic', 'health']","['A2Q1YS118AO2BP', 'A2WGW5Y3ZFBDEC']"
frames_tweets17_366,fairness,"It is outrageous we treat #PuertoRico as if the Americans there are second-class citizens. They are Americans like you and me, and need our help to rebuild their economy. The #GOPTaxScam is disgusting https://t.co/cJ7IctyAZMhttps://t.co/yHn9no5uIA",938792530258333696,111635980,JoeCrowleyNY,2017-12-07T15:29:15.000Z,1.0,1.0,fairness and equality,fairness and equality,True,1.0,"['morality', 'economic']","['A2Q1YS118AO2BP', 'A2WGW5Y3ZFBDEC']"
frames_tweets17_367,policy,It doesn't have to be a partisan issue: we need to pass the #DREAMAct and #ProtectDreamers in #CT and throughout the nation. It's good for our economy &amp; good for our country. https://t.co/8ja32m0Grx,935539670028562433,1060984272,Elizabeth_Esty,2017-11-28T16:03:33.000Z,1.0,1.0,policy prescription and evaluation,policy prescription and evaluation,True,1.0,"['quality', 'fairness']","['A2Q1YS118AO2BP', 'ACDX50KGPE97I']"
frames_tweets17_368,other,Thanks to the community coming together and helping clean up a new gateway to Allsopp Park in @littlerockark @LRParksRec. Great to work with St. Sen. @1willbond! Like the @VanderbiltU look. Anchor Down https://t.co/MaackfG6sb,947211463235645440,2953974395,RepFrenchHill,2017-12-30T21:03:05.000Z,1.0,1.0,other,other,True,1.0,"['economic', 'constitutionality']","['A18DUG8EA8Y766', 'A2Q1YS118AO2BP']"
frames_tweets17_369,economic,"“The structure of [Trump’s] tariffs so far is designed to inflict maximum damage on the US economy, for minimal gain.” https://t.co/u3W6cCblhy",1015653919903625216,13491312,RepTimRyan,2018-07-07T17:48:59.000Z,1.0,1.0,economic,economic,True,1.0,"['constitutionality', 'economic']","['A2Q1YS118AO2BP', 'A2WGW5Y3ZFBDEC']"
frames_tweets17_370,security,"Congratulations to New Mexican B.J. Lawrence of Alamogordo on his election as @VFWHQ National Commander. I join in commending his record of service to fellow veterans, to the U.S. Army, and to the nation. #VFWConvention
https://t.co/YKxEqI0vMU",1022192214733189120,60828944,SenatorTomUdall,2018-07-25T18:49:50.000Z,1.0,1.0,security and defense,security and defense,True,1.0,"['cultural', 'constitutionality']","['A2JPOXYZM5AJZZ', 'A2Q1YS118AO2BP']"
frames_tweets17_371,health,"People with health problems, serious illnesses, cancer, etc. will no longer be able to deduct their high medical expenses under this plan.",927253330967040000,384913290,RepJohnYarmuth,2017-11-05T19:16:36.000Z,1.0,1.0,health and safety,health and safety,True,1.0,"['health', 'health']","['A2Q1YS118AO2BP', 'A2WGW5Y3ZFBDEC']"
frames_tweets17_372,health,Encouraged @POTUS is taking action to address the devastating #opioid epidemic &amp; declare a nationwide public health emergency.,923644240021917698,234128524,SenToddYoung,2017-10-26T20:15:21.000Z,1.0,1.0,health and safety,health and safety,True,1.0,"['health', 'health']","['A23LXQ5ZX2YONR', 'A2JPOXYZM5AJZZ']"
frames_tweets17_373,other,Stopped by Mr. Guerrette’s class at Presque Isle Middle School to congratulate him on being named Aroostook County’s Teacher of the Year! https://t.co/ggu62p23lJ,994984211466588160,1068481578,SenAngusKing,2018-05-11T16:54:56.000Z,1.0,1.0,other,other,True,1.0,"['public', 'public']","['A18DUG8EA8Y766', 'A2Q1YS118AO2BP']"
frames_tweets17_374,policy,It’s good to see SUNY Canton’s new Early Childhood Care and Management program integrating STEM education into the early childhood years: https://t.co/K093QdDtjI @SUNYCantonNews,938112762575753216,2962813893,RepStefanik,2017-12-05T18:28:06.000Z,1.0,1.0,policy prescription and evaluation,policy prescription and evaluation,True,1.0,"['constitutionality', 'capacity']","['A2Q1YS118AO2BP', 'A37WXDYYT7RCZ0']"
frames_tweets17_375,economic,Great visit with award-winning L'Anse Manufacturing. Making things and creating jobs in the UP! https://t.co/7GpRCKdhQZ,848226026207444996,76456274,SenStabenow,2017-04-01T17:30:18.000Z,1.0,1.0,economic,economic,True,1.0,"['morality', 'other']","['A2Q1YS118AO2BP', 'A2WGW5Y3ZFBDEC']"
frames_tweets17_376,other,"El Colegio is an amazing school. Yesterday is spent time with students, and school leaders, like ED Norma Garcés, Emilia Gonzales of Navigate, and Gracila Hammeken. https://t.co/JVJcztRv1d",1001904610343378944,14135426,keithellison,2018-05-30T19:14:08.000Z,1.0,1.0,other,other,True,1.0,"['fairness', 'other']","['A2Q1YS118AO2BP', 'A2WGW5Y3ZFBDEC']"
frames_tweets17_377,political,"#SCOTUS nominees require 60 votes &amp; if a nominee cannot clear 60 votes, then it is the nominee who should be changed, not the rules",849754775193255936,117501995,SenatorCantwell,2017-04-05T22:45:00.000Z,1.0,1.0,political,political,True,1.0,"['policy', 'constitutionality']","['A2Q1YS118AO2BP', 'A37WXDYYT7RCZ0']"
frames_tweets17_378,security,"A date which will live in infamy.
Today, on the 76th anniversary of the #PearlHarbor attack, we remember the 2,403 American service members and civilians killed in a tragedy that spurred a generation of heroes to answer our nation’s call to serve in World War II. https://t.co/RNnfcF7pah",938785853001883649,266133081,SenDeanHeller,2017-12-07T15:02:43.000Z,1.0,1.0,security and defense,security and defense,True,1.0,"['morality', 'security']","['A2Q1YS118AO2BP', 'ACDX50KGPE97I']"
frames_tweets17_379,health,"Great meeting with the Florida delegation of @JDRF today. These bright kids caught me up to speed on the technological breakthroughs being made in the treatment of Type 1 diabetes, like the artificial pancreas. We must continue funding these programs, so we can find a cure. https://t.co/eYAqgu1VSX",973306342747320320,20597460,SenBillNelson,2018-03-12T21:14:49.000Z,1.0,1.0,health and safety,health and safety,True,1.0,"['health', 'health']","['A2Q1YS118AO2BP', 'A2WGW5Y3ZFBDEC']"
frames_tweets17_380,health,"International Workers’ Memorial Day serves as an opportunity to remember &amp; honor those who have died in the pursuit of building, maintaining and generating progress for our nation. Workplace hazards take nearly 5,000 Americans each year &amp; today, we remember them. #IWMD18",990364685492015105,2914515430,RepTomEmmer,2018-04-28T22:58:35.000Z,1.0,1.0,health and safety,health and safety,True,1.0,"['morality', 'health']","['A2Q1YS118AO2BP', 'A2YYQJ3JWA2KGD']"
frames_tweets17_381,economic,Our middle class is shrinking right before our eyes. It’s time we make government work for working Americans. https://t.co/rxBsGyopEz,856910709476732928,29201047,SenJeffMerkley,2017-04-25T16:40:08.000Z,1.0,1.0,economic,economic,True,1.0,"['fairness', 'economic']","['A2Q1YS118AO2BP', 'A31Z5TPD8QKE26']"
frames_tweets17_382,health,The new Democratic Majority will take decisive action to protect students from gun violence &amp; keep schools free from discrimination. #NeverAgain https://t.co/S2928vd3oI,1075181848303673350,15764644,SpeakerPelosi,2018-12-19T00:11:43.000Z,1.0,1.0,health and safety,health and safety,True,1.0,"['policy', 'political']","['A2Q1YS118AO2BP', 'A2WGW5Y3ZFBDEC']"
frames_tweets17_383,quality,"Wisconsin is full of great role models and leaders. Congratulations to all of the outstanding women honored by the La Crosse YWCA, and thank you for making the coulee region a better place to live! https://t.co/mj1HK4PwzI",1059549700397940738,112740986,RepRonKind,2018-11-05T20:55:08.000Z,1.0,1.0,quality of life,quality of life,True,1.0,"['political', 'other']","['A2Q1YS118AO2BP', 'A2WGW5Y3ZFBDEC']"
frames_tweets17_384,constitutionality,"3 ""so-called judges"" reaffirmed what we all knew to be true: you can't shred the constitution just because you feel like it #RefugeesWelcome",829855409661960192,1074129612,RepVeasey,2017-02-10T00:52:02.000Z,1.0,1.0,constitutionality and jurisprudence,constitutionality and jurisprudence,True,1.0,"['constitutionality', 'constitutionality']","['A2Q1YS118AO2BP', 'A5YVMQWA2IYPF']"
frames_tweets17_385,political,"Justice Dept. policy and federal law prohibit discrimination in hiring for career positions on the basis of political beliefs. We should be hiring the most qualified people possible for career positions, regardless of party. These allegations of bias must be investigated. https://t.co/3vqb2c6jyw",994605786377674753,476256944,SenFeinstein,2018-05-10T15:51:13.000Z,1.0,1.0,political,political,True,1.0,"['policy', 'law']","['A2Q1YS118AO2BP', 'A2YYQJ3JWA2KGD']"
frames_tweets17_386,health,"Substance use disorder knows no race, occupation, income, or gender. On #OverdoseAwarenessDay, we remember the thousands of #Massachusetts lives lost in the opioid epidemic and stand with those braving recovery. Together, as a community, we will #EndOverdose. https://t.co/4YhuiQoxCc",1035554179715133440,2293131060,RepKClark,2018-08-31T15:45:30.000Z,1.0,1.0,health and safety,health and safety,True,1.0,"['public', 'health']","['A2Q1YS118AO2BP', 'A2WGW5Y3ZFBDEC']"
frames_tweets17_387,security,We also discussed the tragic #Manchester attack and I discussed a three pronged approach for combating the terrorist threat. https://t.co/zrY1DuDAtU,867453098708652035,18915145,senrobportman,2017-05-24T18:51:49.000Z,1.0,1.0,security and defense,security and defense,True,1.0,"['quality', 'security']","['A2Q1YS118AO2BP', 'A2WGW5Y3ZFBDEC']"
frames_tweets17_388,economic,The #GOPTaxScam once again proves the @HouseGOP hasn’t learned from history. The LAST thing we should be doing is rewarding outsourcers with a tax break – but that’s exactly what they aim to do.,937829623240560643,15764644,SpeakerPelosi,2017-12-04T23:43:00.000Z,1.0,1.0,economic,economic,True,1.0,"['capacity', 'economic']","['A2Q1YS118AO2BP', 'ACDX50KGPE97I']"
frames_tweets17_389,policy,"Meet Rachel, a #MN01 teacher who works with English language learners at St. James High School. This is her perspective on the importance of #DACA, what #Dreamers mean to her community, and why Congress must pass a clean #DREAMAct.
#ProtectDREAMers https://t.co/r2qDmkMeo6",951943308057743360,1262814457,RepTimWalz,2018-01-12T22:25:45.000Z,1.0,1.0,policy prescription and evaluation,policy prescription and evaluation,True,1.0,"['political', 'quality']","['A18DUG8EA8Y766', 'A2Q1YS118AO2BP']"
frames_tweets17_390,fairness,"Today is #AAPIEqualPay Day. All women, including AAPI women, deserve #EqualPayForEqualWork. We must keep fighting to close the pay gap! https://t.co/f4c4raVlzC",839214675934003201,248735463,RepBarbaraLee,2017-03-07T20:42:25.000Z,1.0,1.0,fairness and equality,fairness and equality,True,1.0,"['fairness', 'fairness']","['A2Q1YS118AO2BP', 'A37WXDYYT7RCZ0']"
frames_tweets17_391,health,Today I joined @WCPInst's #WCPIHealth briefing to discuss the devastating opioid epidemic that's claiming far too many innocent lives. https://t.co/IM7iyt9ENc,885178110844579840,1077121945,RepLoisFrankel,2017-07-12T16:44:42.000Z,1.0,1.0,health and safety,health and safety,True,1.0,"['constitutionality', 'health']","['A2Q1YS118AO2BP', 'A2YYQJ3JWA2KGD']"
frames_tweets17_392,economic,".@NRFnews recently named me a 2018 ""Hero of Main Street"" for my support of #smallbiz. Mom-and-pop businesses across Florida’s 25th district are the heart and soul of our local economy. https://t.co/SyrMc23xgP",1056961812544012289,37094727,MarioDB,2018-10-29T17:31:48.000Z,1.0,1.0,economic,economic,True,1.0,"['economic', 'public']","['A18DUG8EA8Y766', 'A2Q1YS118AO2BP']"
frames_tweets17_393,health,Public health study will help promote healthier environment for people who live &amp; work near Logan Airport &amp; other airports around U.S.,824332397651095552,310310133,RepStephenLynch,2017-01-25T19:05:33.000Z,1.0,1.0,health and safety,health and safety,True,1.0,"['fairness', 'health']","['A2Q1YS118AO2BP', 'A5YVMQWA2IYPF']"
frames_tweets17_394,economic,"Cheers to the working people who are the sweat, heart &amp; soul of our economy and our nation. Happy #LaborDay! https://t.co/CzlczAzfql",904754205943971842,942156122,RepSwalwell,2017-09-04T17:13:06.000Z,1.0,1.0,economic,economic,True,1.0,"['morality', 'economic']","['A2Q1YS118AO2BP', 'A2WGW5Y3ZFBDEC']"
frames_tweets17_395,policy,"America is true to its values when we #ProtectDREAMers. @HouseGOP, the #DREAMAct is what our country deserves. We must pass it NOW!",906159235804909569,210926192,RepCuellar,2017-09-08T14:16:12.000Z,1.0,1.0,policy prescription and evaluation,policy prescription and evaluation,True,1.0,"['morality', 'policy']","['A2Q1YS118AO2BP', 'A2WGW5Y3ZFBDEC']"
frames_tweets17_396,security,"Preston Sharp is an impressive young man who sets a shinning example for people of all ages throughout our country. We need to respect and honor our veterans, our flag, and our country. #SOTU",958528468903497728,2253968388,RepByrne,2018-01-31T02:32:50.000Z,1.0,1.0,security and defense,security and defense,True,1.0,"['constitutionality', 'other']","['A2Q1YS118AO2BP', 'A2WGW5Y3ZFBDEC']"
frames_tweets17_397,health,"There is no one magic solution to #EndGunViolence - but that doesn’t mean we should do nothing. I stand with the millions of Americans across the country calling for smart, common sense gun safety legislation.",977541795285315586,1077121945,RepLoisFrankel,2018-03-24T13:45:00.000Z,1.0,1.0,health and safety,health and safety,True,1.0,"['morality', 'health']","['A2Q1YS118AO2BP', 'A2WGW5Y3ZFBDEC']"
frames_tweets17_398,policy,The #TaxCode should work for families that open their  to adoption. Today I re-introduced the #AdoptionTaxCredit: https://t.co/lAbos4HFnD,864896532902031361,110545675,RepDianeBlack,2017-05-17T17:32:57.000Z,1.0,1.0,policy prescription and evaluation,policy prescription and evaluation,True,1.0,"['quality', 'policy']","['A2Q1YS118AO2BP', 'A2WGW5Y3ZFBDEC']"
frames_tweets17_399,policy,"I proudly joined 120+ of my colleagues to send a letter to @realdonaldtrump, urging him to reconsider this baseless military #TransBan",902579600688947200,155669457,RepDavidEPrice,2017-08-29T17:12:00.000Z,1.0,1.0,policy prescription and evaluation,policy prescription and evaluation,True,1.0,"['policy', 'morality']","['A2JPOXYZM5AJZZ', 'A2Q1YS118AO2BP']"
frames_tweets17_400,health,Speaking to @AST_info for the #TransplantPatientSummit about an issue we all can agree on —&gt; organ donation saves lives! https://t.co/XLcaSfqNcJ,922876235960733697,40302336,RepJerryNadler,2017-10-24T17:23:35.000Z,1.0,1.0,health and safety,health and safety,True,1.0,"['external', 'health']","['A2Q1YS118AO2BP', 'A2WGW5Y3ZFBDEC']"
frames_tweets17_401,morality,White supremacists are ignorant and hateful. All Americans must unite against racial intolerance and bigoted ideology.,896733080760791041,2862577383,RepKenBuck,2017-08-13T14:00:01.000Z,1.0,1.0,morality,morality,True,1.0,"['morality', 'health']","['A2JPOXYZM5AJZZ', 'A2Q1YS118AO2BP']"
frames_tweets17_402,policy,"83 years ago today, President Franklin Roosevelt signed the Social Security Act into law, creating our nation’s most popular and successful government insurance program. https://t.co/apKwXxOkaf",1029499827451830275,249348006,RepAnnaEshoo,2018-08-14T22:47:40.000Z,1.0,1.0,policy prescription and evaluation,policy prescription and evaluation,True,1.0,"['policy', 'economic']","['A2Q1YS118AO2BP', 'A2WGW5Y3ZFBDEC']"
frames_tweets17_403,security,... I believe saving $115 million is a nonstarter versus protecting the american people against terrorist threats.  Screen at all airports!,1024803245838004224,80612021,JacksonLeeTX18,2018-08-01T23:45:08.000Z,1.0,1.0,security and defense,security and defense,True,1.0,"['health', 'security']","['A23WTODPHXZ68Y', 'A2JPOXYZM5AJZZ']"
frames_tweets17_404,economic,"From @CNBC: Consumer confidence pops in August to the highest level since October 2000--another indicator of a strong economy.
“These historically high confidence levels should continue to support healthy consumer spending in the near-term"" https://t.co/qctqTcvHsB",1034863350587568129,3686482216,RepLaHood,2018-08-29T18:00:24.000Z,1.0,1.0,economic,economic,True,1.0,"['morality', 'economic']","['A2Q1YS118AO2BP', 'A2YYQJ3JWA2KGD']"
frames_tweets17_405,political,".@HouseGOP can we finally get serious, end this obsession with repeal, &amp; work in a bipartisan way to keep what's working and fix what isn't?",845362762519891969,171598736,SenBobCasey,2017-03-24T19:52:43.000Z,1.0,1.0,political,political,True,1.0,"['political', 'health']","['A23WTODPHXZ68Y', 'A2Q1YS118AO2BP']"
frames_tweets17_406,economic,Because of #taxreform more Americans will see an increase in their take home pay in February. https://t.co/RkirKnUKOD,951506264042881024,17976923,cathymcmorris,2018-01-11T17:29:06.000Z,1.0,1.0,economic,economic,True,1.0,"['economic', 'constitutionality']","['A23WTODPHXZ68Y', 'A2Q1YS118AO2BP']"
frames_tweets17_407,policy,"✈Acceleration of the safe integration of UAS technology. In May, @USDOT announced that @KDOTHQ was a winner of its UAS Integration Pilot Program. The IPP is a solid path forward to address airspace sovereignty &amp; included in this bill is my language to codify &amp; expand the IPP.",1047995535267753984,18632666,JerryMoran,2018-10-04T23:43:01.000Z,1.0,1.0,policy prescription and evaluation,policy prescription and evaluation,True,1.0,"['policy', 'other']","['A2Q1YS118AO2BP', 'ACDX50KGPE97I']"
frames_tweets17_408,economic,Letting working families and small businesses keep more of their hard-earned money leads to growth and prosperity. The proof is in our economy. #TaxReform #NC06 https://t.co/xdiq8S30zP,994591094305443841,2966205003,RepMarkWalker,2018-05-10T14:52:50.000Z,1.0,1.0,economic,economic,True,1.0,"['morality', 'economic']","['A2Q1YS118AO2BP', 'A2WGW5Y3ZFBDEC']"
frames_tweets17_409,health,"I joined students from across the nation to address mounting concerns about the gun violence epidemic that is plaguing our country. It’s time for us to come together and build consensus--- by working together, we can change the culture around gun violence. https://t.co/kIkNFD6ZDX",999461830585176066,1060984272,Elizabeth_Esty,2018-05-24T01:27:24.000Z,1.0,1.0,health and safety,health and safety,True,1.0,"['capacity', 'law']","['A2Q1YS118AO2BP', 'A2WGW5Y3ZFBDEC']"
frames_tweets17_410,health,"Under our current #healthcare system, Americans are being forced to choose between insurance and their mortgage payment. That's unacceptable",839464754825539585,963480595,MarkMeadows,2017-03-08T13:16:08.000Z,1.0,1.0,health and safety,health and safety,True,1.0,"['health', 'economic']","['A2WGW5Y3ZFBDEC', 'A3GUJ6JD25FX7O']"
frames_tweets17_411,other,I am not giving up until the last #ChibokGirl has returned home. #BBOG https://t.co/aAmTXRXXoH,865234715380461569,234014087,RepWilson,2017-05-18T15:56:46.000Z,1.0,1.0,other,other,True,1.0,"['cultural', 'other']","['A2Q1YS118AO2BP', 'ACDX50KGPE97I']"
frames_tweets17_412,health,"There are devastating fires burning across the country &amp; we need more, not fewer, air tankers in service. If a major fire breaks out, Arizona communities may be at risk. We're demanding answers on this shortage from @ForestService: https://t.co/FAIvqhLERAhttps://t.co/CqrrBeyjuM",1032379602834841600,1080844782,SenatorSinema,2018-08-22T21:30:52.000Z,1.0,1.0,health and safety,health and safety,True,1.0,"['morality', 'health']","['A2Q1YS118AO2BP', 'A2YYQJ3JWA2KGD']"
frames_tweets17_413,health,"#Trumpcare would end Medicaid expansion, which experts have said is the most important tool available to fight the substance use crisis",842104313568755712,946549322,SenatorHassan,2017-03-15T20:04:48.000Z,1.0,1.0,health and safety,health and safety,True,1.0,"['morality', 'health']","['A2Q1YS118AO2BP', 'A2WGW5Y3ZFBDEC']"
frames_tweets17_414,security,I joined members of the @HouseHomeland Subcommittee on Cybersecurity and Infrastructure Protection to evaluate the Chemical Facility Anti-Terrorism Standards (CFATS) program &amp; assess what more can be done to improve chemical security. https://t.co/0iSWKt1Yok,964232423545491460,3353670647,RepDanDonovan,2018-02-15T20:18:19.000Z,1.0,1.0,security and defense,security and defense,True,1.0,"['fairness', 'security']","['A2Q1YS118AO2BP', 'A2WGW5Y3ZFBDEC']"
frames_tweets17_415,other,It's back! Thrilled to invite students in CT's 5th District to participate in the 2018 edition of the app challenge. If you haven’t applied—what are you waiting for? Read up on this year's rules here: https://t.co/6ByOWI1jLb,1041476830874677248,1060984272,Elizabeth_Esty,2018-09-17T00:00:00.000Z,1.0,1.0,other,other,True,1.0,"['other', 'morality']","['A2JPOXYZM5AJZZ', 'A2Q1YS118AO2BP']"
frames_tweets17_416,constitutionality,"With Justice Kennedy’s looming retirement, hard-fought constitutional rights hang in the balance now, more than ever. The American people deserve this basic measure of transparency from our nation’s highest court, whose decisions have a profound impact on their lives. #SCOTUS",1013802407652929537,242836537,SenatorLeahy,2018-07-02T15:11:44.000Z,1.0,1.0,constitutionality and jurisprudence,constitutionality and jurisprudence,True,1.0,"['policy', 'constitutionality']","['A2Q1YS118AO2BP', 'A2WGW5Y3ZFBDEC']"
frames_tweets17_417,policy,@HASCRepublicans Grateful this amendment passed in the second en bloc passage. #FY18NDAA,880078398571380738,254082173,RepJoeWilson,2017-06-28T15:00:15.000Z,1.0,1.0,policy prescription and evaluation,policy prescription and evaluation,True,1.0,"['political', 'fairness']","['A2JPOXYZM5AJZZ', 'A2Q1YS118AO2BP']"
frames_tweets17_418,morality,"As we take pride in their accomplishments, we must also recommit ourselves to fighting the alarming increase of anti-Semitism worldwide&amp;use this as an opportunity to educate young generations about the importance of tolerance, equality&amp;the right to live free from fear&amp;violence.",992132995816611840,1077121945,RepLoisFrankel,2018-05-03T20:05:13.000Z,1.0,1.0,morality,morality,True,1.0,"['fairness', 'constitutionality']","['A2IOT3PCS9G5RK', 'A2Q1YS118AO2BP']"
frames_tweets17_419,political,The American people do not want this reckless repeal plan &amp; now Senate Republicans don't have the votes to pass it. https://t.co/nHBZMEaRST,887317016075489281,1071840474,RepSchneider,2017-07-18T14:23:56.000Z,1.0,1.0,political,political,True,1.0,"['fairness', 'political']","['A2Q1YS118AO2BP', 'A2WGW5Y3ZFBDEC']"
frames_tweets17_420,political,Thank you for helping us honor Sarah Meece! She's been a loyal advocate for the people of Kentucky's Fifth Congressional District. https://t.co/LVlZq0QYG3,880886728818610176,550401754,RepHalRogers,2017-06-30T20:32:16.000Z,1.0,1.0,political,political,True,1.0,"['cultural', 'constitutionality']","['A2JPOXYZM5AJZZ', 'A2Q1YS118AO2BP']"
frames_tweets17_421,external,"Asking @POTUS to confront Turkish President Erdoğan at #UNGA about attacks on protesters by his security detail.
https://t.co/vPDLjLB6hLhttps://t.co/9EsVSSqXvX",909876605362872320,74508260,BillPascrell,2017-09-18T20:27:42.000Z,1.0,1.0,external regulation and reputation,external regulation and reputation,True,1.0,"['public', 'external']","['A2Q1YS118AO2BP', 'A2WGW5Y3ZFBDEC']"
frames_tweets17_422,quality,This fall there are 435 @teachforamerica corps members working in schools across Tennessee. Thank you all for helping to educate the next generation of Tennesseans!,1039232534461042688,76649729,SenAlexander,2018-09-10T19:21:58.000Z,1.0,1.0,quality of life,quality of life,True,1.0,"['cultural', 'political']","['A2JPOXYZM5AJZZ', 'A2Q1YS118AO2BP']"
frames_tweets17_423,political,Introduced bipartisan legislation w/ @MarkWarner to help the @NatlParkService keep America beautiful: https://t.co/9Rj6Rdd5bI #NationalParks,846838969715298305,18915145,senrobportman,2017-03-28T21:38:38.000Z,1.0,1.0,political,political,True,1.0,"['constitutionality', 'policy']","['A2Q1YS118AO2BP', 'A37WXDYYT7RCZ0']"
frames_tweets17_424,health,"Sickened by this latest school shooting. Our children deserve safety! 

My heart is with the students &amp; families &amp; my resolve to take action to prevent gun violence is stronger than ever. 

#EnoughIsEnough #SantaFeShooting",997552629185163265,3122099613,DonaldNorcross,2018-05-18T19:00:55.000Z,1.0,1.0,health and safety,health and safety,True,1.0,"['health', 'health']","['A2Q1YS118AO2BP', 'A37WXDYYT7RCZ0']"
frames_tweets17_425,political,"Beyond her terrifying experience, Recy Taylor is a representation of the many communities this Administration has chosen to leave behind. I am proud of my colleagues in @OfficialCBC, @HouseDemocrats, and @HouseDemWomen that will be wearing red pins in memoriam of Recy at #SOTU.",957022525690712065,2968451607,RepBonnie,2018-01-26T22:48:45.000Z,1.0,1.0,political,political,True,1.0,"['political', 'fairness']","['A2JPOXYZM5AJZZ', 'A2Q1YS118AO2BP']"
frames_tweets17_426,economic,It costs the taxpayers an estimated $24 million per week to run the House of Reps. Here’s how @HouseGOP spent your tax dollars this week: https://t.co/FZBeVxlUa8,873303696364503040,63169388,louiseslaughter,2017-06-09T22:20:01.000Z,1.0,1.0,economic,economic,True,1.0,"['constitutionality', 'economic']","['A2Q1YS118AO2BP', 'A2WGW5Y3ZFBDEC']"
frames_tweets17_427,political,"Don’t let President Trump lie to you. Republicans are not working #ForThePeople -- they’ve been trying to gut affordable health care and coverage for pre-existing conditions for millions of Americans. 
https://t.co/u47GYSMOVx",1057014964135882753,248735463,RepBarbaraLee,2018-10-29T21:03:00.000Z,1.0,1.0,political,political,True,1.0,"['cultural', 'political']","['A2Q1YS118AO2BP', 'A3CFNUD7VR2E1E']"
frames_tweets17_428,external,"I have consistently joined my colleagues in Congress, in both the House and Senate, to expand and strengthen Russian sanctions and to establish congressional review of any presidential move to ease sanctions.",1018907931486670849,976969338,RepDaveJoyce,2018-07-16T17:19:15.000Z,1.0,1.0,external regulation and reputation,external regulation and reputation,True,1.0,"['fairness', 'political']","['A2Q1YS118AO2BP', 'A2WGW5Y3ZFBDEC']"
frames_tweets17_429,fairness,"25 yrs ago today, I met the man who would fill my life w/love, laughter, &amp; family. It would take 22 yrs to achieve legal marriage. https://t.co/yQTlsrWJgo",867062578895142913,1072467470,RepSeanMaloney,2017-05-23T17:00:02.000Z,1.0,1.0,fairness and equality,fairness and equality,True,1.0,"['health', 'fairness']","['A2Q1YS118AO2BP', 'ACDX50KGPE97I']"
frames_tweets17_430,other,"I had a great time visiting @ymcampduncan and Camp Independence today in Ingleside. Young people, including some with spina bifida, learn confidence, cooperation, and make new friends during their week at camp. @YMCAChicago https://t.co/4OJiGQAbwB",1014215412249251842,1071840474,RepSchneider,2018-07-03T18:32:52.000Z,1.0,1.0,other,other,True,1.0,"['external', 'capacity']","['A2Q1YS118AO2BP', 'A37WXDYYT7RCZ0']"
frames_tweets17_431,other,.@SecElaineChao comes to @USDOT w impressive service+leadership record; fortunate to have her leading DOT w exciting+challenging times ahead,875377818703716352,37094727,MarioDB,2017-06-15T15:41:50.000Z,1.0,1.0,other,other,True,1.0,"['policy', 'other']","['A2Q1YS118AO2BP', 'A3I9UOCM5EXMR2']"
frames_tweets17_432,law,The President of this nation has declared that he is above all laws. Even our history's worst executives never made such an assertion. America's greatest strength has always been and always will be its dedication to the rule of law. https://t.co/vSy25m1958,1003625999244906496,74508260,BillPascrell,2018-06-04T13:14:19.000Z,1.0,1.0,"law and order, crime and justice","law and order, crime and justice",True,1.0,"['fairness', 'constitutionality']","['A2Q1YS118AO2BP', 'A2YYQJ3JWA2KGD']"
frames_tweets17_433,political,"With healthcare, we saw what happens when you try to force through partisan backroom deals. The GOP shouldn't make the same mistake again.",926232355857223681,7429102,MarkWarner,2017-11-02T23:39:36.000Z,1.0,1.0,political,political,True,1.0,"['capacity', 'constitutionality']","['A2Q1YS118AO2BP', 'A2YYQJ3JWA2KGD']"
frames_tweets17_434,economic,.@POTUS’s #taxreform plan will only benefit the rich instead of hard working families: https://t.co/DWjItyt0pi,857344170125602816,1080509366,RepBillFoster,2017-04-26T21:22:33.000Z,1.0,1.0,economic,economic,True,1.0,"['policy', 'economic']","['A2Q1YS118AO2BP', 'A2WGW5Y3ZFBDEC']"
frames_tweets17_435,external,We hope that Poland will stand behind the democratic principles our nations share and the recognition that ignoring history shortchanges our future. 2/2,974460047915929601,22012091,LeaderHoyer,2018-03-16T01:39:14.000Z,1.0,1.0,external regulation and reputation,external regulation and reputation,True,1.0,"['political', 'public']","['A2JPOXYZM5AJZZ', 'A2Q1YS118AO2BP']"
frames_tweets17_436,other,Visited Cincinnati Crane &amp; Hoist today! Proud to present them w/ the Export Achievement Award. They’ve certainly earned it. @CommerceGov https://t.co/V9gptQ58ul,885891340885778434,18915145,senrobportman,2017-07-14T15:58:49.000Z,1.0,1.0,other,other,True,1.0,"['capacity', 'other']","['A2Q1YS118AO2BP', 'A2WGW5Y3ZFBDEC']"
frames_tweets17_437,health,"Thanks to these Hoosier air traffic controllers who stopped by with @NATCA to discuss recruitment and other important efforts to improve safety, leadership, and efficiency in the aviation industry. https://t.co/jLDSRdgi2F",999022512121044997,1065995022,RepWalorski,2018-05-22T20:21:42.000Z,1.0,1.0,health and safety,health and safety,True,1.0,"['constitutionality', 'health']","['A2Q1YS118AO2BP', 'A2WGW5Y3ZFBDEC']"
frames_tweets17_438,political,"When it comes to this investigation, ignorance is most certainly not bliss.

And yet, less than 8 months before midterms, House Republicans have decided to end our search for answers, our search for truth.

What we don't know will hurt us &amp; they'll only have themselves to blame.",973395938663215105,56864092,RepMikeQuigley,2018-03-13T03:10:51.000Z,1.0,1.0,political,political,True,1.0,"['morality', 'political']","['A2Q1YS118AO2BP', 'A3CFNUD7VR2E1E']"
frames_tweets17_439,economic,Called on @SBAgov to analyze the impact of the administration’s tariff policies on American #smallbiz—policies that could deal a real blow to small businesses supporting the majority of jobs in ND &amp; across our country. Farmers &amp; ranchers need smart #trade policy—not trade wars. https://t.co/uZG7a8TitC,993587030864080899,1061029050,SenatorHeitkamp,2018-05-07T20:23:02.000Z,1.0,1.0,economic,economic,True,1.0,"['policy', 'economic']","['A2Q1YS118AO2BP', 'A2WGW5Y3ZFBDEC']"
frames_tweets17_440,external,"Poland inks huge natural gas deal with US, becoming less reliant on Russia https://t.co/zvew4fktUs",1060662656661622785,13218102,JohnCornyn,2018-11-08T22:37:38.000Z,1.0,1.0,external regulation and reputation,external regulation and reputation,True,1.0,"['external', 'public']","['A18DUG8EA8Y766', 'A2Q1YS118AO2BP']"
frames_tweets17_441,economic,"Glad to join @RMIofMaryland this morning to discuss House Dems' #MakeItInAmerica plan, an agenda I am leading to ensure businesses &amp; workers in #MD05 and across the country can get ahead. https://t.co/TJRt8QoKx8",1031952520929857537,22012091,LeaderHoyer,2018-08-21T17:13:48.000Z,1.0,1.0,economic,economic,True,1.0,"['economic', 'security']","['A22KRF782ELLB0', 'A2Q1YS118AO2BP']"
frames_tweets17_442,health,"On #WorldCancerDay, I remember my Uncle Walter, who died from Cancer in 1985. I miss you everyday. Today reminds us that we must continue to invest in research to find a cure.",960249713017741313,111635980,JoeCrowleyNY,2018-02-04T20:32:26.000Z,1.0,1.0,health and safety,health and safety,True,1.0,"['health', 'policy']","['A2JPOXYZM5AJZZ', 'A2Q1YS118AO2BP']"
frames_tweets17_443,political,"Told press we are watching GOP try to jam tax plan through House as they did with #TrumpCare—no hearings, no input from the American people.",925414425762455553,22012091,LeaderHoyer,2017-10-31T17:29:27.000Z,1.0,1.0,political,political,True,1.0,"['political', 'policy']","['A2JPOXYZM5AJZZ', 'A2Q1YS118AO2BP']"
frames_tweets17_444,health,"The opioid epidemic is an issue that’s hit every town in America, small and large, and I will continue leading efforts to maintain a strong federal commitment to addressing this national crisis. https://t.co/uTD5wnxFxA",951578577992142848,21269970,RoyBlunt,2018-01-11T22:16:27.000Z,1.0,1.0,health and safety,health and safety,True,1.0,"['public', 'health']","['A2Q1YS118AO2BP', 'A2WGW5Y3ZFBDEC']"
frames_tweets17_445,policy,Thanks @SAICinc for taking the time to discuss important advancements! #SMDSymposium https://t.co/0SPtC6A3Zo,895375644808368130,237299871,RepMoBrooks,2017-08-09T20:06:03.000Z,1.0,1.0,policy prescription and evaluation,policy prescription and evaluation,True,1.0,"['fairness', 'other']","['A2Q1YS118AO2BP', 'A2WGW5Y3ZFBDEC']"
frames_tweets17_446,health,"Our schools should be sanctuaries and places of learning. Santa Fe had an active-shooter plan and armed resource officers, but a shooter was still able to kill eight students and two teachers. The best way to make our schools safe is to strengthen our gun safety laws.",998705749516849158,476256944,SenFeinstein,2018-05-21T23:23:00.000Z,1.0,1.0,health and safety,health and safety,True,1.0,"['political', 'law']","['A2Q1YS118AO2BP', 'A2WGW5Y3ZFBDEC']"
frames_tweets17_447,policy,About to speak live on the House floor about the #WrongChoiceAct that gives Wall Street a huge giveaway. Watch live: https://t.co/LC4g47uHtHhttps://t.co/iqPb63QGsE,872483074872934404,1045110018,RepDanKildee,2017-06-07T15:59:09.000Z,1.0,1.0,policy prescription and evaluation,policy prescription and evaluation,True,1.0,"['capacity', 'policy']","['A2Q1YS118AO2BP', 'A2YYQJ3JWA2KGD']"
frames_tweets17_448,economic,"This morning, we are discussing economic successes of #KC innovators and small business owners as well as challenges that need to be addressed. #MakeItInAmerica #ListeningTour 2/3 https://t.co/6x6ErnefpC",931946997225017344,22012091,LeaderHoyer,2017-11-18T18:07:33.000Z,1.0,1.0,economic,economic,True,1.0,"['law', 'economic']","['A2Q1YS118AO2BP', 'A2WGW5Y3ZFBDEC']"
frames_tweets17_449,policy,Need to expand wrkr training to ensure those displaced have opportunities. Both trade &amp; wrkr training policies must be the right path,912363637083385857,25781141,repsandylevin,2017-09-25T17:10:16.000Z,1.0,1.0,policy prescription and evaluation,policy prescription and evaluation,True,1.0,"['economic', 'constitutionality']","['A2JPOXYZM5AJZZ', 'A2Q1YS118AO2BP']"
frames_tweets17_450,morality,This recording of a mass trial at the border is horrifying. 'Zero-tolerance' policies have separated families without any clear plan in place to reunify them. Heartless policies from a heartless administration hell-bent on cruelty. #FamiliesBelongTogether https://t.co/FQ58V6i7Ad,1007291695841636352,28602948,RepRaulGrijalva,2018-06-14T16:00:29.000Z,1.0,1.0,morality,morality,True,1.0,"['health', 'law']","['A2Q1YS118AO2BP', 'A2WGW5Y3ZFBDEC']"
frames_tweets17_451,law,Today is #NationalLawEnforcementAppreciationDay. Please join me in thanking the men &amp; women in uniform for their service. We stand with you! https://t.co/4ZYZGYQZiG,818501817864716288,2929491549,RepBrianBabin,2017-01-09T16:56:55.000Z,1.0,1.0,"law and order, crime and justice","law and order, crime and justice",True,1.0,"['law', 'law']","['A2JPOXYZM5AJZZ', 'A2Q1YS118AO2BP']"
frames_tweets17_452,political,"Playbook: ""The Senate Judiciary Committee confirmation hearings start next week, and Democrats have not really been able to lay a glove on Trump's second nominee for the Supreme Court.""@playbookplus",1034772901839478789,13218102,JohnCornyn,2018-08-29T12:00:59.000Z,1.0,1.0,political,political,True,1.0,"['policy', 'constitutionality']","['A2Q1YS118AO2BP', 'A2WGW5Y3ZFBDEC']"
frames_tweets17_453,economic,Two of the most important provisions in the Tax Cuts and Jobs Act are the increased standard deduction and the increased child tax credit. https://t.co/uId1pV3UOX,941296648273252352,18916432,SpeakerRyan,2017-12-14T13:19:44.000Z,1.0,1.0,economic,economic,True,1.0,"['political', 'policy']","['A18DUG8EA8Y766', 'A2Q1YS118AO2BP']"
frames_tweets17_454,health,I urge the Federal Trade Commission to protect consumers from drug shortages triggered by pharmaceutical mergers. This is life and death. https://t.co/oQ3zTPcauJ,900431210165526528,278124059,SenBlumenthal,2017-08-23T18:55:04.000Z,1.0,1.0,health and safety,health and safety,True,1.0,"['morality', 'health']","['A2Q1YS118AO2BP', 'A3CFNUD7VR2E1E']"
frames_tweets17_455,policy,ICYMI: Spoke with @WOAYNewsWatch about the need to #extendCHIP. This is absolutely critical. https://t.co/pnY1qsSaqX,939547191642701824,193794406,SenCapito,2017-12-09T17:28:01.000Z,1.0,1.0,policy prescription and evaluation,policy prescription and evaluation,True,1.0,"['other', 'health']","['A23WTODPHXZ68Y', 'A2Q1YS118AO2BP']"
frames_tweets17_456,economic,"#SmallBizSat is an opportunity to support the small, local businesses that are the heart of Maryland's economy. I encourage everyone to #ShopSmall today, and throughout this holiday season. https://t.co/1RZ8NhtD4k",934486147522318343,109071031,SenatorCardin,2017-11-25T18:17:14.000Z,1.0,1.0,economic,economic,True,1.0,"['quality', 'economic']","['A2Q1YS118AO2BP', 'A37WXDYYT7RCZ0']"
frames_tweets17_457,health,More than 1 MILLION Ohioans will lose their health insurance if #Trumpcare becomes law. Get the facts -&gt; https://t.co/ErZ8r1xyrWhttps://t.co/OSskIwn0kl,884834428555583489,1531521632,RepBeatty,2017-07-11T17:59:01.000Z,1.0,1.0,health and safety,health and safety,True,1.0,"['quality', 'security']","['A18DUG8EA8Y766', 'A2Q1YS118AO2BP']"
frames_tweets17_458,morality,"Spoke w/ @MinnStateEdu about the Minnesota State Veterans Re-Entry Education Program, which helps veterans get the education they deserve! https://t.co/fbYLF3sWN8",916039323715358722,2914515430,RepTomEmmer,2017-10-05T20:36:08.000Z,1.0,1.0,morality,morality,True,1.0,"['external', 'morality']","['A2Q1YS118AO2BP', 'A37WXDYYT7RCZ0']"
frames_tweets17_459,policy,The U.S. Department of Agriculture is trying to put a band-aid on a self-inflicted wound. The administration clobbers farmers with an unnecessary trade war then attempts to assuage them with taxpayer handouts. This bailout compounds bad policy with more bad policy.,1021866094041149442,221162525,SenToomey,2018-07-24T21:13:56.000Z,1.0,1.0,policy prescription and evaluation,policy prescription and evaluation,True,1.0,"['policy', 'constitutionality']","['A2HESXT4DAGASU', 'A2Q1YS118AO2BP']"
frames_tweets17_460,health,Floods that used to strike NYC only once every 500 years could occur every five years.  #climatechange. https://t.co/yldjMiUzXj,922961379216318464,164007407,RepEliotEngel,2017-10-24T23:01:55.000Z,1.0,1.0,health and safety,health and safety,True,1.0,"['policy', 'health']","['A2Q1YS118AO2BP', 'A2WGW5Y3ZFBDEC']"
frames_tweets17_461,political,"More Koch brothers operatives in the #Trump administration. Is @realDonaldTrump really running his administration, or are the Kochs? Does Trump even care, or is he happy with the big plane and the press conferences? 
https://t.co/If1HltStmB",1017497407159001089,242555999,SenWhitehouse,2018-07-12T19:54:20.000Z,1.0,1.0,political,political,True,1.0,"['policy', 'political']","['A2Q1YS118AO2BP', 'A37WXDYYT7RCZ0']"
frames_tweets17_462,law,"Sec. Zinke has violated public trust for personal gain far too many times since taking office. In just 20 months on the job, he’s been the subject of 15 federal investigations. DOJ will now be able to investigate potential criminal violations. https://t.co/hKaajzvkzX",1057608788419719168,278124059,SenBlumenthal,2018-10-31T12:22:39.000Z,1.0,1.0,"law and order, crime and justice","law and order, crime and justice",True,1.0,"['capacity', 'law']","['A2Q1YS118AO2BP', 'A2WGW5Y3ZFBDEC']"
frames_tweets17_463,policy,"Here’s what Congress should be focusing on instead of keeping the government shut down over a $5 billion wall:

- Lowering the cost of health care 
- Protecting the environment  
- Increasing wages
- Investigating deaths at our border",1079077020863160321,239949176,RepKarenBass,2018-12-29T18:09:44.000Z,1.0,1.0,policy prescription and evaluation,policy prescription and evaluation,True,1.0,"['fairness', 'policy']","['A2Q1YS118AO2BP', 'A2WGW5Y3ZFBDEC']"
frames_tweets17_464,health,"We won't stop fighting for gun reform. From Falls Church rally at George Mason High School with @MomsDemand:
""The NRA talks about guns, they talk about freedom... what about the freedom to go to school without having to worry?"" https://t.co/KCyyGqNRIU",966457586404024329,2962868158,RepDonBeyer,2018-02-21T23:40:19.000Z,1.0,1.0,health and safety,health and safety,True,1.0,"['health', 'morality']","['A2JPOXYZM5AJZZ', 'A2Q1YS118AO2BP']"
frames_tweets17_465,security,This #ArmedForcesDay we honor and thank the brave men and women who put their lives on the line to protect our freedoms. -Joe,997908958982623233,216503958,SenDonnelly,2018-05-19T18:36:50.000Z,1.0,1.0,security and defense,security and defense,True,1.0,"['constitutionality', 'other']","['A2Q1YS118AO2BP', 'A2WGW5Y3ZFBDEC']"
frames_tweets17_466,political,"“Your budget is not reflective of your campaign rhetoric. You are now on notice that this is what we have to lose.""https://t.co/F36qIFPCgG",844995252486311936,2863006655,RepLawrence,2017-03-23T19:32:22.000Z,1.0,1.0,political,political,True,1.0,"['constitutionality', 'political']","['A2Q1YS118AO2BP', 'A2WGW5Y3ZFBDEC']"
frames_tweets17_467,policy,"Thank you to the excellent panelists, Charles Khan, Jonas Shaende and Tracey Kavanagh at Saturday’s #GOPTaxScam teach-in in Woodhaven. New Yorkers deserve a tax plan that works for middle class families, seniors and veterans—not just the top 1 percent. https://t.co/c2dWaEzXUO",970744175380566020,164369297,NydiaVelazquez,2018-03-05T19:33:41.000Z,1.0,1.0,policy prescription and evaluation,policy prescription and evaluation,True,1.0,"['morality', 'economic']","['A2Q1YS118AO2BP', 'A2WGW5Y3ZFBDEC']"
frames_tweets17_468,economic,Last month new hires were at their highest levels in 17 years for the 2nd month in a row &amp; there were more job openings than unemployed workers. Further proof that our economy is thriving thanks to bills like the #TaxCutsandJobsAct → https://t.co/TUkI3H9ZPY,1017430544899039232,27676828,PatrickMcHenry,2018-07-12T15:28:39.000Z,1.0,1.0,economic,economic,True,1.0,"['health', 'economic']","['A2Q1YS118AO2BP', 'A2WGW5Y3ZFBDEC']"
frames_tweets17_469,health,GOP's obsession with attacking #WomensHealth will have devastating consequences for *all* families. #ProtectOurCare https://t.co/t9SQGD5wCnhttps://t.co/fkwOqfY1bD,841294856441982976,2293131060,RepKClark,2017-03-13T14:28:18.000Z,1.0,1.0,health and safety,health and safety,True,1.0,"['policy', 'health']","['A2Q1YS118AO2BP', 'A2WGW5Y3ZFBDEC']"
frames_tweets17_470,other,"More than 1,100 law school professors nationwide oppose Sessions’s nomination as attorney - WaPo https://t.co/uhnP45mUSE",816603137142362112,14135426,keithellison,2017-01-04T11:12:14.000Z,1.0,1.0,other,other,True,1.0,"['other', 'constitutionality']","['A2Q1YS118AO2BP', 'A2WGW5Y3ZFBDEC']"
frames_tweets17_471,other,4-Year-Olds Don’t Act Like Trump https://t.co/5eKdt2kBxg,866097938623279104,162069635,RepCohen,2017-05-21T01:06:54.000Z,1.0,1.0,other,other,True,1.0,"['security', 'other']","['A2Q1YS118AO2BP', 'A37WXDYYT7RCZ0']"
frames_tweets17_472,health,Thanks @GregoryMeeks @RepBarbaraLee &amp; @JacksonLeeTX18 for speaking at the the #EndFamineNow forum! #FightFamine https://t.co/USJmm6eqhghttps://t.co/wUlpYF9ikz,850401815002832896,239949176,RepKarenBass,2017-04-07T17:36:07.000Z,1.0,1.0,health and safety,health and safety,True,1.0,"['policy', 'other']","['A2Q1YS118AO2BP', 'A2WGW5Y3ZFBDEC']"
frames_tweets17_473,political,Integrity of elections transcends politics. We need a nonpartisan committee to investigate election interference. https://t.co/LzGLUgEtlc,817488040339894280,1058717720,RepAnnieKuster,2017-01-06T21:48:31.000Z,1.0,1.0,political,political,True,1.0,"['fairness', 'fairness']","['A2Q1YS118AO2BP', 'A2R2YZTSME1K3F']"
frames_tweets17_474,morality,"This weekend celebrates LGBT victories and inspires us to take on the battles yet to be won. Have a safe &amp; happy Pride, San Diego! #SDPride https://t.co/QmZGLNPdHK",886261581692129280,1135486501,RepScottPeters,2017-07-15T16:30:01.000Z,1.0,1.0,morality,morality,True,1.0,"['morality', 'fairness']","['A2Q1YS118AO2BP', 'A2WGW5Y3ZFBDEC']"
frames_tweets17_475,political,Congratulations to Dr. Annette Shelby on being appointed by President Trump to the Kennedy Center (@KenCen) Advisory Board. She will do an outstanding job! https://t.co/C2mJYd88US,1075795170648604674,2253968388,RepByrne,2018-12-20T16:48:50.000Z,1.0,1.0,political,political,True,1.0,"['political', 'political']","['A2JPOXYZM5AJZZ', 'A2Q1YS118AO2BP']"
frames_tweets17_476,policy,"I support new infrastructure investment. But we must reform permitting &amp; #regulation, or else billions will go to red tape and litigation.",824008871010242560,2891210047,SenDanSullivan,2017-01-24T21:39:58.000Z,1.0,1.0,policy prescription and evaluation,policy prescription and evaluation,True,1.0,"['law', 'capacity']","['A2Q1YS118AO2BP', 'ACDX50KGPE97I']"
frames_tweets17_477,political,Election Day is close- I'm having fun making my final get out the vote stops! Lots of excitement around Republican candidates!,1058425260448669697,114607567,brettguthrie,2018-11-02T18:27:01.000Z,1.0,1.0,political,political,True,1.0,"['political', 'political']","['A2Q1YS118AO2BP', 'A37WXDYYT7RCZ0']"
frames_tweets17_478,policy,"Trump Admin confused about climate, so let me help them: stay in the #ParisAccord. We need leadership on #ClimateChange-not indecision",909863421562249217,31801993,FrankPallone,2017-09-18T19:35:18.000Z,1.0,1.0,policy prescription and evaluation,policy prescription and evaluation,True,1.0,"['political', 'capacity']","['A2JPOXYZM5AJZZ', 'A2Q1YS118AO2BP']"
frames_tweets17_479,health,Everyone stay safe and please take proper precautions with the impending weather in Alabama today. https://t.co/usGLC6rBWQ,849616997176541185,21111098,SenShelby,2017-04-05T13:37:31.000Z,1.0,1.0,health and safety,health and safety,True,1.0,"['health', 'constitutionality']","['A2IOT3PCS9G5RK', 'A2Q1YS118AO2BP']"
frames_tweets17_480,political,#DemocracyAwards nominations are open! I was honored to receive this year’s award for Constituent Service &amp; I’m thrilled @congressfdn continues to shine a light on quality public service and effective leadership in #Congress. For more: https://t.co/aai6Pu2PMBhttps://t.co/ZyLhXnuLyK,1058411449176023040,5558312,JohnBoozman,2018-11-02T17:32:08.000Z,1.0,1.0,political,political,True,1.0,"['law', 'political']","['A2Q1YS118AO2BP', 'A2WGW5Y3ZFBDEC']"
frames_tweets17_481,public,The American ppl have rejected the #DAPL. We must demand that the govt respects the will of the people! #WaterIsLife https://t.co/8NTe3rt2RY,829789322601697281,248735463,RepBarbaraLee,2017-02-09T20:29:25.000Z,1.0,1.0,public opinion,public opinion,True,1.0,"['fairness', 'public']","['A2Q1YS118AO2BP', 'A2WGW5Y3ZFBDEC']"
frames_tweets17_482,law,"The prosecution of corruption by high ranking government officials, even years after the crimes were committed, is critical to...",851505491486396419,1083448909,RepFilemonVela,2017-04-10T18:41:44.000Z,1.0,1.0,"law and order, crime and justice","law and order, crime and justice",True,1.0,"['cultural', 'security']","['A2Q1YS118AO2BP', 'A3CFNUD7VR2E1E']"
frames_tweets17_483,other,It was inspiring to give the commencement address to Keiser University alongside @SenatorThurston. The future is bright and I know the people in this room will be many of the leaders of tomorrow. https://t.co/X8BiRT9LkW,1005490357210148866,137794015,RepTedDeutch,2018-06-09T16:42:36.000Z,1.0,1.0,other,other,True,1.0,"['fairness', 'fairness']","['A18DUG8EA8Y766', 'A2Q1YS118AO2BP']"
frames_tweets17_484,law,"Harry from Hull, MA told the @CFPB about his son’s shady auto-loan. The agency looked into his complaint &amp; forced those companies to refund $6.5 million to over 50k active-duty servicemembers. Harry came to the hearing today because he wants the @CFPB to keep helping people.",984455532378550272,970207298,SenWarren,2018-04-12T15:37:43.000Z,1.0,1.0,"law and order, crime and justice","law and order, crime and justice",True,1.0,"['law', 'policy']","['A2JPOXYZM5AJZZ', 'A2Q1YS118AO2BP']"
frames_tweets17_485,other,"Congratulations to my Summer 2017 intern, Hadeel Abdallah, on being named a 2018 Truman Scholar! The prestigious @TrumanApp award was created on the belief that a better future relies on attracting bright young Americans - like Hadeel - to public service. https://t.co/b87Owu00q5https://t.co/HoLgeCpETG",984947759038988288,80612021,JacksonLeeTX18,2018-04-14T00:13:39.000Z,1.0,1.0,other,other,True,1.0,"['constitutionality', 'other']","['A2Q1YS118AO2BP', 'A2WGW5Y3ZFBDEC']"
frames_tweets17_486,fairness,Should children in the First State be forced to live with the consequences of decisions made by polluters hundreds of miles away? https://t.co/63dT2OXkcd,821758405484408832,249787913,SenatorCarper,2017-01-18T16:37:26.000Z,1.0,1.0,fairness and equality,fairness and equality,True,1.0,"['law', 'external']","['A2Q1YS118AO2BP', 'ABY1RK8H6HC8C']"
frames_tweets17_487,external,"Of course Kim has faith in Trump, who has welcomed the pariah into the international community, with little to show for it. Putin undoubtedly feels the same way.
It’s telling that none of the leaders of our fellow democracies can say the same. https://t.co/x4b1K0BjTW",1037695098795028480,29501253,RepAdamSchiff,2018-09-06T13:32:45.000Z,1.0,1.0,external regulation and reputation,external regulation and reputation,True,1.0,"['fairness', 'political']","['A2Q1YS118AO2BP', 'ACDX50KGPE97I']"
frames_tweets17_488,quality,Let’s focus on people’s abilities and what they have to offer. We live in an amazing time in history where we are not bound by the conditions of our birth. https://t.co/2J83ZNqBy5,975099955122724865,17976923,cathymcmorris,2018-03-17T20:02:00.000Z,1.0,1.0,quality of life,quality of life,True,1.0,"['fairness', 'health']","['A2JPOXYZM5AJZZ', 'A2Q1YS118AO2BP']"
frames_tweets17_489,morality,Now w/ rise of anti-Semitic events we must use Holocaust Remembrance Day to honor the words “Never Again” → https://t.co/783FXtD00V,856546057270030336,25781141,repsandylevin,2017-04-24T16:31:08.000Z,1.0,1.0,morality,morality,True,1.0,"['policy', 'fairness']","['A2Q1YS118AO2BP', 'A2WGW5Y3ZFBDEC']"
frames_tweets17_490,political,"The facts are clear: @realDonaldTrump is slow walking the process on his own.
He has failed to nominate people for 209 positions requiring Senate confirmation.
https://t.co/TWT0qjzvV2https://t.co/hUsPDrr9vy",987067486955823105,1206227149,RepMarkPocan,2018-04-19T20:36:42.000Z,1.0,1.0,political,political,True,1.0,"['political', 'political']","['A2IOT3PCS9G5RK', 'A2Q1YS118AO2BP']"
frames_tweets17_491,security,Calling for ‘one of the greatest military buildups in all of history’ will provoke an arms race and make the world less safe,835177570408738817,31801993,FrankPallone,2017-02-24T17:20:24.000Z,1.0,1.0,security and defense,security and defense,True,1.0,"['security', 'constitutionality']","['A2JPOXYZM5AJZZ', 'A2Q1YS118AO2BP']"
frames_tweets17_492,other,"Today, America will celebrate the life of Reverend Billy Graham as he lies in honor in the U.S. Capitol Rotunda. His life &amp; his legacy of faith &amp; service will live on in our hearts forever. Watch the memorial service here: https://t.co/5PdC3lqTYz",968879310688972800,246769138,RepEdRoyce,2018-02-28T16:03:23.000Z,1.0,1.0,other,other,True,1.0,"['policy', 'other']","['A2Q1YS118AO2BP', 'A2WGW5Y3ZFBDEC']"
frames_tweets17_493,policy,.@POTUS @SecretaryPerry @ENERGY I am pleased @SecretaryPerry announced he is reviewing policies that may force the premature retirement of baseload power plants.,857267581459234817,234374703,Sen_JoeManchin,2017-04-26T16:18:13.000Z,1.0,1.0,policy prescription and evaluation,policy prescription and evaluation,True,1.0,"['political', 'law']","['A2JPOXYZM5AJZZ', 'A2Q1YS118AO2BP']"
frames_tweets17_494,other,"I had the opportunity to share my gratitude w/ farmers providing for AK communities by touring several farmers in the Mat-Su Valley. Thanks to all the hard-working Alaskan farmers for all you do to provide good, local food for Alaskans. https://t.co/Wlh9xPb1xL",992517316935077889,18061669,lisamurkowski,2018-05-04T21:32:23.000Z,1.0,1.0,other,other,True,1.0,"['fairness', 'other']","['A2Q1YS118AO2BP', 'ACDX50KGPE97I']"
frames_tweets17_495,security,Spread the word - there's a fake phone number circulating for the Veterans Choice Program. This is the real number: 1-866-606-8198 https://t.co/p0XbbvscPm,864587020449927168,1061029050,SenatorHeitkamp,2017-05-16T21:03:03.000Z,1.0,1.0,security and defense,security and defense,True,1.0,"['other', 'constitutionality']","['A2HESXT4DAGASU', 'A2Q1YS118AO2BP']"
frames_tweets17_496,security,"Our soldiers can’t make long-term strategies for our military and national security with short-term stopgap funding bills. Now they won’t have to – and that’s good for our troops and for the safety of our country. 
Read more 
https://t.co/8dej6SGuRW",1045312106277482496,2966758114,RepRussell,2018-09-27T14:00:01.000Z,1.0,1.0,security and defense,security and defense,True,1.0,"['security', 'policy']","['A2IOT3PCS9G5RK', 'A2Q1YS118AO2BP']"
frames_tweets17_497,other,"Congratulations to Ethan Thai, #AZ09 service academy nominee accepted to the @NavalAcademy! https://t.co/0o7uumeXLu",824391408836546560,1080844782,SenatorSinema,2017-01-25T23:00:02.000Z,1.0,1.0,other,other,True,1.0,"['constitutionality', 'security']","['A2Q1YS118AO2BP', 'A2YYQJ3JWA2KGD']"
frames_tweets17_498,health,40 moments of silence since 2012 -- including two for Las Vegas -- and zero commonsense gun bills signed into law. It’s time to stand up for families of gun violence victims and #HonorWithAction,941045022719401984,122174004,repdinatitus,2017-12-13T20:39:51.000Z,1.0,1.0,health and safety,health and safety,True,1.0,"['health', 'constitutionality']","['A2JPOXYZM5AJZZ', 'A2Q1YS118AO2BP']"
frames_tweets17_499,health,"Joined @RepBonnie to introduce HRes 854. We have to speak out about sexual violence—especially in disenfranchised and underserved communities!  
https://t.co/Z2kOAX42B4",991416953381228546,236279233,NormaJTorres,2018-05-01T20:39:55.000Z,1.0,1.0,health and safety,health and safety,True,1.0,"['health', 'policy']","['A2JPOXYZM5AJZZ', 'A2Q1YS118AO2BP']"
frames_tweets17_500,security,"Today, we remember the brave Americans who lost their lives in the name of freedom at #PearlHarbor. https://t.co/Lgt8uqjClH",938865064781557760,28602948,RepRaulGrijalva,2017-12-07T20:17:29.000Z,1.0,1.0,security and defense,security and defense,True,1.0,"['political', 'other']","['A2Q1YS118AO2BP', 'A2WGW5Y3ZFBDEC']"
frames_tweets17_501,external,"News of the President’s meeting with Kim Jong-un is a step in a long journey towards denuclearization. Jong-un has not only threatened his neighbors, he has oppressed his own people. I hope North Korea actually follows through with engagement with the world this time. https://t.co/saiz7r09uz",972242865828040705,225921757,SenatorLankford,2018-03-09T22:48:57.000Z,1.0,1.0,external regulation and reputation,external regulation and reputation,True,1.0,"['economic', 'external']","['A2Q1YS118AO2BP', 'A2WGW5Y3ZFBDEC']"
frames_tweets17_502,other,My thoughts are with @ChannelviewISD high school community affected by yesterday's tragedy. I hope Texans will join me in lifting them up in prayer https://t.co/Q1nxjVgTy7,973919008125841408,13218102,JohnCornyn,2018-03-14T13:49:20.000Z,1.0,1.0,other,other,True,1.0,"['public', 'constitutionality']","['A18DUG8EA8Y766', 'A2Q1YS118AO2BP']"
frames_tweets17_503,health,"On April 28, @DEAHQ will hold its spring National Prescription Drug Take Back Day - an opportunity for all of us to help in the fight against the #opioidcrisis. Find the closest take back location site here: https://t.co/DXh00izftS",982017867179790337,15751083,michaelcburgess,2018-04-05T22:11:19.000Z,1.0,1.0,health and safety,health and safety,True,1.0,"['health', 'law']","['A2HESXT4DAGASU', 'A2Q1YS118AO2BP']"
frames_tweets17_504,health,"@nnedv #DomesticViolence doesn’t discriminate. Safety means ability to live your life &amp; pursue your ambitions in a supportive, healthy environment.",920349657682849793,56864092,RepMikeQuigley,2017-10-17T18:03:52.000Z,1.0,1.0,health and safety,health and safety,True,1.0,"['law', 'quality']","['A23LXQ5ZX2YONR', 'A2Q1YS118AO2BP']"
frames_tweets17_505,health,"Met students from Marjory Stoneman Douglas High School, who were in D.C. These future leaders have already changed the conversation on gun violence, and it's inspiring to see ambition in the next generation. https://t.co/i9dMNbSObi",968975560192835584,1135486501,RepScottPeters,2018-02-28T22:25:50.000Z,1.0,1.0,health and safety,health and safety,True,1.0,"['policy', 'health']","['A2Q1YS118AO2BP', 'A2WGW5Y3ZFBDEC']"
frames_tweets17_506,security,"Exactly 100 years ago, on the 11th hour of the 11th day of the 11th month, the guns went silent. Today we celebrate the sacrifice of all our service members. God bless you. #VeteransDay #ArmisticeDay100 https://t.co/ki9kBO1b6W",1061651529462136833,74508260,BillPascrell,2018-11-11T16:07:03.000Z,1.0,1.0,security and defense,security and defense,True,1.0,"['security', 'constitutionality']","['A23WTODPHXZ68Y', 'A2Q1YS118AO2BP']"
frames_tweets17_507,external,"I would hardly call siding with a ruthless tyrant over the findings of U.S. intelligence agencies a ‘better meeting’, but then again, Putin isn’t my boss.  #Helsinki https://t.co/zvUnAju1tb",1019235444347858944,28602948,RepRaulGrijalva,2018-07-17T15:00:41.000Z,1.0,1.0,external regulation and reputation,external regulation and reputation,True,1.0,"['fairness', 'external']","['A2Q1YS118AO2BP', 'A2WGW5Y3ZFBDEC']"
frames_tweets17_508,economic,Energy helps grow our economy. Glad to join @POTUS at order signing to roll back regs in way of energy development: https://t.co/IKBK2k5JIOhttps://t.co/qlN79TOBOL,846813767761612800,382791093,SenJohnHoeven,2017-03-28T19:58:29.000Z,1.0,1.0,economic,economic,True,1.0,"['economic', 'policy']","['A2IOT3PCS9G5RK', 'A2Q1YS118AO2BP']"
frames_tweets17_509,fairness,"This #PrideMonth we celebrate the contributions of the #LGBTQ community &amp; continue the fight for progress &amp; equality for all Americans, no matter their sexual orientation or gender identity https://t.co/xae5JaV1I7",1004014898156855296,1058520120,SenDuckworth,2018-06-05T14:59:40.000Z,1.0,1.0,fairness and equality,fairness and equality,True,1.0,"['law', 'fairness']","['A2Q1YS118AO2BP', 'A2WGW5Y3ZFBDEC']"
frames_tweets17_510,health,Opioids are taking over our communities. Congress has made fighting this epidemic a top priority. https://t.co/4l6NYjMkMM,897452666334441473,18916432,SpeakerRyan,2017-08-15T13:39:24.000Z,1.0,1.0,health and safety,health and safety,True,1.0,"['public', 'health']","['A2Q1YS118AO2BP', 'A2WGW5Y3ZFBDEC']"
frames_tweets17_511,security,"On my trip, I was able to visit w/ Oklahoma National Guardsmen &amp; other Oklahomans serving in #Iraq &amp; #Syria. Thank you for your service! https://t.co/fC2E0972wQ",869620793919115264,225921757,SenatorLankford,2017-05-30T18:25:28.000Z,1.0,1.0,security and defense,security and defense,True,1.0,"['political', 'security']","['A2Q1YS118AO2BP', 'A2WGW5Y3ZFBDEC']"
frames_tweets17_512,quality,"I had a wonderful time speaking at APA’s Great Places in America: State Street celebration! The @APA_Planning  recognizes streets, neighborhoods and public spaces in the United States that have helped elevate their communities. Thanks for inviting to be a part of this event!",1052948716167065600,52503751,DrPhilRoe,2018-10-18T15:45:11.000Z,1.0,1.0,quality of life,quality of life,True,1.0,"['quality', 'capacity']","['A2JPOXYZM5AJZZ', 'A2Q1YS118AO2BP']"
frames_tweets17_513,economic,Wall Street loves layoffs. Corporations lay off workers to show they’re serious about cutting expenses &amp; their stock prices often rise as a result – which leads to an increase in their CEO’s pay. GM's shameful decision this week is just the latest example. https://t.co/FWg8NN2Otu,1067857159088734208,43910797,SenSherrodBrown,2018-11-28T19:06:01.000Z,1.0,1.0,economic,economic,True,1.0,"['capacity', 'morality']","['A18DUG8EA8Y766', 'A2Q1YS118AO2BP']"
frames_tweets17_514,policy,"The Trump Administration has replaced one crisis with another--and under the cover of darkness, no less. Instead of ripping families apart at the border, they are now detaining them indefinitely. #EndFamilyDetention https://t.co/uUhV2VdAuC",1046837282169397248,28602948,RepRaulGrijalva,2018-10-01T19:00:32.000Z,1.0,1.0,policy prescription and evaluation,policy prescription and evaluation,True,1.0,"['political', 'health']","['A2JPOXYZM5AJZZ', 'A2Q1YS118AO2BP']"
frames_tweets17_515,political,Rand Paul Wins Big on ‘Skinny Repeal’ After Multiple Meetings With Trump - Big League Politics https://t.co/D5k3RSxGZX,889990460579745792,216881337,RandPaul,2017-07-25T23:27:15.000Z,1.0,1.0,political,political,True,1.0,"['fairness', 'political']","['A2Q1YS118AO2BP', 'A2YYQJ3JWA2KGD']"
frames_tweets17_516,constitutionality,Every American should read Judge Kavanaugh’s dissent in U.S. Telecom Association v. FCC that advanced his extreme (and incorrect) view that #NetNeutrality violates the First Amendment rights of your broadband provider to discriminate against consumers...,1037462956521533440,1058520120,SenDuckworth,2018-09-05T22:10:18.000Z,1.0,1.0,constitutionality and jurisprudence,constitutionality and jurisprudence,True,1.0,"['morality', 'constitutionality']","['A2Q1YS118AO2BP', 'A2WGW5Y3ZFBDEC']"
frames_tweets17_517,health,"As this process moves forward, I will continue to work with my colleagues to ensure that our health care system works better for all Ohioans",885586632585482242,18915145,senrobportman,2017-07-13T19:48:01.000Z,1.0,1.0,health and safety,health and safety,True,1.0,"['security', 'health']","['A2Q1YS118AO2BP', 'A3CFNUD7VR2E1E']"
frames_tweets17_518,security,We recognize May as #MilitaryAppreciationMonth. I am very thankful for the countless sacrifices that so many brave men and women have made in order to defend and protect our country and our freedoms. https://t.co/boAitE0kdB,993556916545744897,299883942,CongPalazzo,2018-05-07T18:23:22.000Z,1.0,1.0,security and defense,security and defense,True,1.0,"['security', 'quality']","['A22KRF782ELLB0', 'A2Q1YS118AO2BP']"
frames_tweets17_519,economic,.@IndianCommittee @smithsonian I introduced a budget amendment to fund the tribal energy loan program for first time in its history. And…,859814058178088960,171968009,SenFranken,2017-05-03T16:57:00.000Z,1.0,1.0,economic,economic,True,1.0,"['capacity', 'cultural']","['A2Q1YS118AO2BP', 'A2UCKZZI9KBBCV']"
frames_tweets17_520,political,"Speaker Ryan and his Republicans now must decide whether they will #ProtectOurDemocracy, or protect Donald Trump. #IndependentInvestigation https://t.co/E8iYL6qGYO",862399090449162240,2863006655,RepLawrence,2017-05-10T20:09:00.000Z,1.0,1.0,political,political,True,1.0,"['constitutionality', 'law']","['A2Q1YS118AO2BP', 'A2WGW5Y3ZFBDEC']"
frames_tweets17_521,policy,.@ICEgov lists Philly as one of the worst sanctuary cities: https://t.co/1lgWXoVglv. This dangerous policy must end: https://t.co/Q6AljKLxeP,889873687125610500,221162525,SenToomey,2017-07-25T15:43:14.000Z,1.0,1.0,policy prescription and evaluation,policy prescription and evaluation,True,1.0,"['capacity', 'health']","['A2Q1YS118AO2BP', 'A2WGW5Y3ZFBDEC']"
frames_tweets17_522,economic,Small businesses should be able to band together to offer better care at lower costs for their workers. https://t.co/QKq1teD10Xhttps://t.co/94HPQSUn4q,844658137483411456,237862972,RepWalberg,2017-03-22T21:12:47.000Z,1.0,1.0,economic,economic,True,1.0,"['health', 'constitutionality']","['A2HESXT4DAGASU', 'A2Q1YS118AO2BP']"
frames_tweets17_523,political,"It is refreshing that the #JointAddress tonight was a call to unite the country around a strategy for a stronger, brighter future.",836806479458013186,2973870195,RepBuddyCarter,2017-03-01T05:13:06.000Z,1.0,1.0,political,political,True,1.0,"['cultural', 'political']","['A2Q1YS118AO2BP', 'A2WGW5Y3ZFBDEC']"
frames_tweets17_524,policy,I understand the important role #education plays in our children’s futures. Voted today to confirm @BetsyDeVos: https://t.co/AeVSyuZ7LT,829066710921658368,264219447,SenatorWicker,2017-02-07T20:38:01.000Z,1.0,1.0,policy prescription and evaluation,policy prescription and evaluation,True,1.0,"['fairness', 'quality']","['A2Q1YS118AO2BP', 'A5YVMQWA2IYPF']"
frames_tweets17_525,economic,"Republicans can delay releasing their #BillionairesFirst tax plan, but they can’t hide from the fact it will hurt middle-class families. https://t.co/8ztyvzFPq3",925762643926900741,1061385474,RepLujanGrisham,2017-11-01T16:33:08.000Z,1.0,1.0,economic,economic,True,1.0,"['policy', 'economic']","['A2Q1YS118AO2BP', 'A2WGW5Y3ZFBDEC']"
frames_tweets17_526,economic,"GOOD NEWS: ""Ohio up to No. 15 of best states for business"" #Ohio https://t.co/JhUoEOQJFS",1017040862369501185,1531521632,RepBeatty,2018-07-11T13:40:11.000Z,1.0,1.0,economic,economic,True,1.0,"['morality', 'economic']","['A2Q1YS118AO2BP', 'A3CFNUD7VR2E1E']"
frames_tweets17_527,fairness,Proud to #StandWithGavin and all transgender students. Every child deserves to go to school &amp; live as who they are free from discrimination. https://t.co/4uqpuHzbCd,837707805511544832,1060984272,Elizabeth_Esty,2017-03-03T16:54:39.000Z,1.0,1.0,fairness and equality,fairness and equality,True,1.0,"['cultural', 'fairness']","['A2Q1YS118AO2BP', 'A2WGW5Y3ZFBDEC']"
frames_tweets17_528,policy,Dreamers have a lot more to contribute to our country. We can't let anti-immigrant rhetoric run our nation’s immigration policy. #DACAworks,897509837315219457,28602948,RepRaulGrijalva,2017-08-15T17:26:34.000Z,1.0,1.0,policy prescription and evaluation,policy prescription and evaluation,True,1.0,"['public', 'fairness']","['A18DUG8EA8Y766', 'A2Q1YS118AO2BP']"
frames_tweets17_529,external,Welcoming back Nevadans to Washington to discuss the importance of a strong US-Israel relationship. https://t.co/Z1OVnk41p0,846790230363586560,122174004,repdinatitus,2017-03-28T18:24:58.000Z,1.0,1.0,external regulation and reputation,external regulation and reputation,True,1.0,"['policy', 'external']","['A2Q1YS118AO2BP', 'A2WGW5Y3ZFBDEC']"
frames_tweets17_530,policy,"The MERIT Act (H.R. 559) has made progress over the past couple months, including @sendavidperdue introducing MERIT in the Senate. We are committed to #DrainingtheSwamp #MERITMonday #HR559 https://t.co/UI5gRYQfJw",1024006846808510464,2914163523,RepLoudermilk,2018-07-30T19:00:32.000Z,1.0,1.0,policy prescription and evaluation,policy prescription and evaluation,True,1.0,"['security', 'policy']","['A2Q1YS118AO2BP', 'A2WGW5Y3ZFBDEC']"
frames_tweets17_531,quality,"Today, I had the honor of helping to break ground at Maine’s first Fisher House, which will help provide a home away from home for the families of hundreds of Maine veterans who are receiving world class care at Togus. (2/2) https://t.co/a4twl2iavj",1027256541672550401,19726613,SenatorCollins,2018-08-08T18:13:39.000Z,1.0,1.0,quality of life,quality of life,True,1.0,"['quality', 'health']","['A23WTODPHXZ68Y', 'A2JPOXYZM5AJZZ']"
frames_tweets17_532,security,"Military service has and should always be an honorable path toward citizenship in this country. In order to protect veterans and active duty service members from deportation, I intro'd two amendments to the 2019 NDAA. 3/5",1000068586503884801,1074129612,RepVeasey,2018-05-25T17:38:26.000Z,1.0,1.0,security and defense,security and defense,True,1.0,"['morality', 'cultural']","['A2Q1YS118AO2BP', 'A2YYQJ3JWA2KGD']"
frames_tweets17_533,security,Please join me today in wishing the @USMC a very happy 243rd birthday. Thank you to all of those who have served and are currently serving as a U.S. Marine! #MarineCorpsBirthday https://t.co/Hy0fFT3rT4,1061280784349384705,2964287128,RepRickAllen,2018-11-10T15:33:51.000Z,1.0,1.0,security and defense,security and defense,True,1.0,"['political', 'policy']","['A18DUG8EA8Y766', 'A2Q1YS118AO2BP']"
frames_tweets17_534,other,"Wishing my friend, @RepAnthonyBrown a speedy recovery. Glad to hear he’s feeling better. Now rest up and hurry back soon. Congress needs you! https://t.co/zOr2JhH3F8",996208905574330368,18137749,ChrisVanHollen,2018-05-15T02:01:26.000Z,1.0,1.0,other,other,True,1.0,"['policy', 'other']","['A2Q1YS118AO2BP', 'A2WGW5Y3ZFBDEC']"
frames_tweets17_535,economic,"This morning, I met with reporters &amp; discussed my speech yesterday, which announced House Democrats’ updated #MakeItInAmerica plan, an economic agenda that is #ForThePeople. ICYMI, you can find a video my remarks on @Facebook here: https://t.co/N2hF36ljNO",1021801405991059458,22012091,LeaderHoyer,2018-07-24T16:56:53.000Z,1.0,1.0,economic,economic,True,1.0,"['fairness', 'policy']","['A2Q1YS118AO2BP', 'A2YYQJ3JWA2KGD']"
frames_tweets17_536,law,(2/2) A coordinated effort led by DOJ resulted in charges against 250 people for scamming $1 billion from more than one million people – mostly seniors. This largest-ever pursuit of senior fraud cases represents an important step forward in our efforts to protect older Americans.,967468174747762690,19726613,SenatorCollins,2018-02-24T18:36:02.000Z,1.0,1.0,"law and order, crime and justice","law and order, crime and justice",True,1.0,"['public', 'security']","['A2Q1YS118AO2BP', 'A3CFNUD7VR2E1E']"
frames_tweets17_537,political,"Two roads diverged... Flynn took one (right), Manafort the other (wrong). And that has made all the difference (for them, and Trump). https://t.co/RcxQ0Lls1U",1070324328489717765,278124059,SenBlumenthal,2018-12-05T14:29:40.000Z,1.0,1.0,political,political,True,1.0,"['constitutionality', 'law']","['A2Q1YS118AO2BP', 'A36H3PO6JZD414']"
frames_tweets17_538,health,Family Planning providers—part of the #TitleX program—deliver critical health care services &amp; are especially needed in rural communities.,837029757346795520,293131808,PattyMurray,2017-03-01T20:00:20.000Z,1.0,1.0,health and safety,health and safety,True,1.0,"['cultural', 'health']","['A2Q1YS118AO2BP', 'A5YVMQWA2IYPF']"
frames_tweets17_539,economic,Stopped by @ParkerBows outside of Staunton this week to talk about patent reform. Important issue for businesses of all sizes. #VA06 https://t.co/EgincihaEl,858068993676103681,37920978,RepGoodlatte,2017-04-28T21:22:44.000Z,1.0,1.0,economic,economic,True,1.0,"['constitutionality', 'policy']","['A2Q1YS118AO2BP', 'A2YYQJ3JWA2KGD']"
frames_tweets17_540,policy,"While FISA is a key tool our Intelligence Community uses to better defend our nation, the bill I voted NO on today has a dangerous loophole on warrantless searches on US citizens. Congress must go back to the drawing board to get this right. My statement: https://t.co/Zwj6dnSHu2https://t.co/8YQ3fnwPDQ",951512663229640704,1262814457,RepTimWalz,2018-01-11T17:54:31.000Z,1.0,1.0,policy prescription and evaluation,policy prescription and evaluation,True,1.0,"['constitutionality', 'constitutionality']","['A2Q1YS118AO2BP', 'ACDX50KGPE97I']"
frames_tweets17_541,economic,Day 17: we need a code that helps small businesses https://t.co/FIpan4bLCB,898256041917526017,252819323,TomReedNY23,2017-08-17T18:51:43.000Z,1.0,1.0,economic,economic,True,1.0,"['policy', 'political']","['A18DUG8EA8Y766', 'A2Q1YS118AO2BP']"
frames_tweets17_542,economic,Tennessee will receive another nearly $14 million from @HHSGov to help in our state’s fight against the #opioid crisis. https://t.co/4WeAq7aVoA,986965782096764928,76649729,SenAlexander,2018-04-19T13:52:34.000Z,1.0,1.0,economic,economic,True,1.0,"['health', 'law']","['A2IOT3PCS9G5RK', 'A2Q1YS118AO2BP']"
frames_tweets17_543,health,"3 million children would lose coverage under #TrumpCare, increasing uninsured rate for #children by 50 percent https://t.co/GXzeZHxlf3",877886034553348097,56864092,RepMikeQuigley,2017-06-22T13:48:35.000Z,1.0,1.0,health and safety,health and safety,True,1.0,"['public', 'health']","['A2Q1YS118AO2BP', 'A2WGW5Y3ZFBDEC']"
frames_tweets17_544,health,Estimated 25% of all women will experience domestic violence in their lives - and pets are often source of much needed comfort &amp; support.,922848548898660352,74508260,BillPascrell,2017-10-24T15:33:34.000Z,1.0,1.0,health and safety,health and safety,True,1.0,"['health', 'security']","['A2JPOXYZM5AJZZ', 'A2Q1YS118AO2BP']"
frames_tweets17_545,health,OPIOIDS:  Provides $150 million increase for programs to address the opioid and heroin epidemic.  #FY2017,860155562423705603,950328072,RepPittenger,2017-05-04T15:34:01.000Z,1.0,1.0,health and safety,health and safety,True,1.0,"['fairness', 'policy']","['A2Q1YS118AO2BP', 'A2YYQJ3JWA2KGD']"
frames_tweets17_546,capacity,"North Carolina has a long storm recovery ahead of us. Federal and state resources are in place, but many have asked how they can help.
If you would like to volunteer to help with #HurricaneFlorence recovery, visit: https://t.co/6iNGPajGEWhttps://t.co/GroMwpfFTF",1045090660997582850,432676344,GKButterfield,2018-09-26T23:20:05.000Z,1.0,1.0,capacity and resources,capacity and resources,True,1.0,"['quality', 'capacity']","['A2Q1YS118AO2BP', 'A37WXDYYT7RCZ0']"
frames_tweets17_547,other,"@realDonaldTrump #AreYouGuiltyIf you tell the bank teller ""this is a robbery"" but leave without the money? #NothingToSeeHere",885949917897916421,80612021,JacksonLeeTX18,2017-07-14T19:51:35.000Z,1.0,1.0,other,other,True,1.0,"['law', 'constitutionality']","['A2JPOXYZM5AJZZ', 'A2Q1YS118AO2BP']"
frames_tweets17_548,constitutionality,Our Constitution promises religious freedom to people of all religions &amp; nationalities. Those are the words we should live by &amp; what our nation’s policies should reflect.,989143629158649856,15324851,ChrisCoons,2018-04-25T14:06:33.000Z,1.0,1.0,constitutionality and jurisprudence,constitutionality and jurisprudence,True,1.0,"['political', 'fairness']","['A2Q1YS118AO2BP', 'A2WGW5Y3ZFBDEC']"
frames_tweets17_549,external,Members of the Peruvian Congress met with me yesterday to discuss the U.S.-Peru relationship and share in a discourse on legislative governing https://t.co/rDKDvI2z9J,1017899426784927744,18696134,RepSires,2018-07-13T22:31:49.000Z,1.0,1.0,external regulation and reputation,external regulation and reputation,True,1.0,"['political', 'policy']","['A2JPOXYZM5AJZZ', 'A2Q1YS118AO2BP']"
frames_tweets17_550,other,"""But politicians are calling for more accountability. Rep. Rush sent a letter to the Facebook co-founder after the revelation that 87 million Facebook accounts were compromised by Cambridge Analytica, and not the 50 million Facebook originally reported."" https://t.co/Rzfxz5tJhw",981986320938610688,305216911,RepBobbyRush,2018-04-05T20:05:57.000Z,1.0,1.0,other,other,True,1.0,"['policy', 'security']","['A2Q1YS118AO2BP', 'A5YVMQWA2IYPF']"
frames_tweets17_551,security,"From parades to #WaterFire to a fun-run (home run trot!), @RIMonthly has the scoop on several events to help salute #veterans this #VeteransDay2018 weekend:
https://t.co/FrxTohQ6hP",1061013421938872320,486694111,SenJackReed,2018-11-09T21:51:27.000Z,1.0,1.0,security and defense,security and defense,True,1.0,"['cultural', 'law']","['A2JPOXYZM5AJZZ', 'A2Q1YS118AO2BP']"
frames_tweets17_552,other,Had a great #Skype chat with Mrs. Mazzella's 2nd grade class at the Flanders School in East Lyme. Proud to represent such bright young kids! https://t.co/avZ5ikNT6K,875449582947246080,85396297,RepJoeCourtney,2017-06-15T20:27:00.000Z,1.0,1.0,other,other,True,1.0,"['health', 'other']","['A2Q1YS118AO2BP', 'A3CFNUD7VR2E1E']"
frames_tweets17_553,security,Congratulations to Tishon Creswell for receiving @PVA1946 Excellence Award! Veterans in #GA12 are lucky to have you! https://t.co/84RQqLbI27,892419245107290112,2964287128,RepRickAllen,2017-08-01T16:18:23.000Z,1.0,1.0,security and defense,security and defense,True,1.0,"['constitutionality', 'other']","['A2Q1YS118AO2BP', 'A2WGW5Y3ZFBDEC']"
frames_tweets17_554,policy,"@GValimont @Everytown I didn't say support SHARE Act, I said supportive of reclassification of suppressors. https://t.co/7TbMLYtSlb",910505422724960256,240393970,RepJeffDuncan,2017-09-20T14:06:23.000Z,1.0,1.0,policy prescription and evaluation,policy prescription and evaluation,True,1.0,"['health', 'policy']","['A2Q1YS118AO2BP', 'A2WGW5Y3ZFBDEC']"
frames_tweets17_555,policy,"Pleased to see the court upheld the Congressionally authorized federal coal leasing program against yet another attack. 
@LigniteCouncil, @NDAREC, @NationalMining, @TSECooperatives, @NRECANews, @AmericanCoal 
https://t.co/NsnHcUSx4i",1009117820234485764,1048784496,SenKevinCramer,2018-06-19T16:56:51.000Z,1.0,1.0,policy prescription and evaluation,policy prescription and evaluation,True,1.0,"['cultural', 'capacity']","['A2Q1YS118AO2BP', 'ACDX50KGPE97I']"
frames_tweets17_556,fairness,"If women made up 51% of Congress, there’s no way we’d still be fighting to get equal pay for equal work. Let’s elect more women on Tuesday to finally get it done.",1058724227036143616,72198806,SenGillibrand,2018-11-03T14:15:00.000Z,1.0,1.0,fairness and equality,fairness and equality,True,1.0,"['political', 'fairness']","['A18DUG8EA8Y766', 'A2Q1YS118AO2BP']"
frames_tweets17_557,external,"As I told #SouthKorea leaders during my visit in Dec, US is committed to a strong alliance despite political turmoil https://t.co/8orrFs8atv",840029261998260226,225921757,SenatorLankford,2017-03-10T02:39:17.000Z,1.0,1.0,external regulation and reputation,external regulation and reputation,True,1.0,"['law', 'security']","['A2Q1YS118AO2BP', 'A3GUJ6JD25FX7O']"
frames_tweets17_558,external,Importance of @POTUS talks w/ China loom large in light of scenario laid out by ex-CIA chief in @thehill! https://t.co/2NeQ65X4df,847909113094746112,258900199,RepMaloney,2017-03-31T20:31:00.000Z,1.0,1.0,external regulation and reputation,external regulation and reputation,True,1.0,"['morality', 'external']","['A2Q1YS118AO2BP', 'A2WGW5Y3ZFBDEC']"
frames_tweets17_559,health,"#Trumpcare guts Medicaid, which pays for HALF of all births &amp; covers 1/5 of women of reproductive age. #ProtectOurCare",912363820735008768,24195214,janschakowsky,2017-09-25T17:11:00.000Z,1.0,1.0,health and safety,health and safety,True,1.0,"['health', 'law']","['A2JPOXYZM5AJZZ', 'A2Q1YS118AO2BP']"
frames_tweets17_560,policy,"The Traumatic Brain Injury Reauthorization Act will implement a critical CDC study on #TBI while furthering valuable research &amp; treatment programs across the country. As co-chair of the Congressional Brain Injury Task Force, I'm committed to getting this bill signed into law. https://t.co/KCiNsF25Bh",1072598575211794434,74508260,BillPascrell,2018-12-11T21:06:42.000Z,1.0,1.0,policy prescription and evaluation,policy prescription and evaluation,True,1.0,"['policy', 'health']","['A2Q1YS118AO2BP', 'A2WGW5Y3ZFBDEC']"
frames_tweets17_561,health,Thrilled the 2018 PEPFAR reauthorization includes language I fought for that sets aside 10% of funds for orphans &amp; vulnerable children. This funding ensures that children will continue to be a top priority in our global fight against HIV/AIDS. https://t.co/rmEtiQxX1h,1062480869145935877,516880804,BettyMcCollum04,2018-11-13T23:02:33.000Z,1.0,1.0,health and safety,health and safety,True,1.0,"['health', 'policy']","['A2JPOXYZM5AJZZ', 'A2Q1YS118AO2BP']"
frames_tweets17_562,health,Enthusiastically pledged to do whatever I can to #EndGunViolence #marchforourlives #baltimore w/ @RepSarbanes + other elected officials https://t.co/yKqSC220zt,977564439607201793,305620929,Call_Me_Dutch,2018-03-24T15:14:59.000Z,1.0,1.0,health and safety,health and safety,True,1.0,"['capacity', 'law']","['A2Q1YS118AO2BP', 'A2WGW5Y3ZFBDEC']"
frames_tweets17_563,economic,@POTUS It's time for GOP to put aside their partisan pursuits &amp; work w/Dems to grow the economy &amp; bring greater financial opportunities to families,883340313296818176,111635980,JoeCrowleyNY,2017-07-07T15:01:57.000Z,1.0,1.0,economic,economic,True,1.0,"['economic', 'public']","['A23WTODPHXZ68Y', 'A2Q1YS118AO2BP']"
frames_tweets17_564,policy,"As a member of @SenateEnergyDems, I’ll continue to champion legislation that promotes the expansion of Minnesota’s #cleanenergy economy.",906260181138493440,171968009,SenFranken,2017-09-08T20:57:19.000Z,1.0,1.0,policy prescription and evaluation,policy prescription and evaluation,True,1.0,"['public', 'capacity']","['A2Q1YS118AO2BP', 'A2WGW5Y3ZFBDEC']"
frames_tweets17_565,fairness,Women have a valuable place in STEAM fields—let’s make sure they have a seat at the table. https://t.co/LhOawvSszP,870328153461411840,1060984272,Elizabeth_Esty,2017-06-01T17:16:16.000Z,1.0,1.0,fairness and equality,fairness and equality,True,1.0,"['law', 'fairness']","['A2Q1YS118AO2BP', 'A2WGW5Y3ZFBDEC']"
frames_tweets17_566,policy,"I continue to fight to clarify &amp; fix ELD rules so our ag industry isn’t harmed, &amp;—good news!—I worked to secure another extension for livestock &amp; insect haulers in the new government funding bill. This builds on my bipartisan effort to protect ag. https://t.co/UVRC2CWTi1",976944476462702592,1061029050,SenatorHeitkamp,2018-03-22T22:11:28.000Z,1.0,1.0,policy prescription and evaluation,policy prescription and evaluation,True,1.0,"['quality', 'capacity']","['A2Q1YS118AO2BP', 'A2WGW5Y3ZFBDEC']"
frames_tweets17_567,morality,"The Trump-Sessions ""zero tolerance"" family separation border policies are not required, right or moral. https://t.co/aAFX8Q6eKT",1004036626098446336,56864092,RepMikeQuigley,2018-06-05T16:26:00.000Z,1.0,1.0,morality,morality,True,1.0,"['fairness', 'policy']","['A2Q1YS118AO2BP', 'A2WGW5Y3ZFBDEC']"
frames_tweets17_568,fairness,"Without #NetNeutrality, big companies could have an unfair advantage over small businesses online. They deserve a level playing field. https://t.co/zNXETNQ1Yg",885160609171607552,168502762,RepEBJ,2017-07-12T15:35:09.000Z,1.0,1.0,fairness and equality,fairness and equality,True,1.0,"['economic', 'constitutionality']","['A2JPOXYZM5AJZZ', 'A2Q1YS118AO2BP']"
