id,ground_truth,text,pubdatetime,publication_name,title_h1,relevant_paula,relevant_fabio,problem_frame_paula,problem_frame_fabio,solution_frame_paula,solution_frame_fabio,relevance_agreement_check,problem_solution_agreement_check,problem_solution_ra,ground_truth_fabio,ground_truth_paula,mturk_annotation,WorkerId
frames_news_0,solution,"Feb 11, 2021( Prairie Pundit: http://prairiepundit.blogspot.com/ Delivered by Newstex) Ned Barnett:[1]Immediately after the Jan.6 demonstrations at the Capitol, the cabal of ""woke"" Silicon Valley communications platforms led by Twitter banned President Donald J. Trump from ever posting again. This was meant to be punitive. After all, Amazon did roughly the same thing by banning Parler, a civil liberties alternative to Twitter, from the giant firm's pervasive server farms.

That was clearly punitive.But was the move against Trump really hurtful?With the impeachment trial now going on in the Senate, and because a super-majority is highly improbable, this exercise in manufactured outrage is a farce. A non-starter. DOA. However, if the president hadn't been banned from virtually all social media platforms, it's almost inconceivable that he wouldn't be back in the fray on a daily basis. Instead, he's been quiet for the past month, something almost equally inconceivable, considering the Twitter track record President Trump has created since he first announced his candidacy, way back in 2015.In many ways, Donald Trump is a remarkable populist, a billionaire ""everyman"" who not only didn't profit from his presidency, but even gave back his annual salary as president, nearly half a million dollars. However, his one",2021-02-11,Newstex Blogs,Did Silicon Valley unknowingly help Trump?,1,1,0,0,1,1,True,True,Solution,solution,solution,"['problem', 'problem']","['A1FP3SH704X01V', 'A2YYQJ3JWA2KGD']"
frames_news_1,neutral,"Facebook plans to end a contentious policy championed by CEO Mark Zuckerberg that exempted politicians from certain moderation rules on its site, according to several news reports. The company's rationale for that policy held that the speech of political leaders is inherently newsworthy and in the public interest even if...

Facebook plans to end a contentious policy championed by CEO Mark Zuckerberg that exempted politicians from certain moderation rules on its site, according to several news reports. The company's rationale for that policy held that the speech of political l...

Facebook plans to end a contentious policy championed by CEO Mark Zuckerberg that exempted politicians from certain moderation rules on its site, according to several news reports. The company's rationale for that policy held that the speech of political leaders is inherently newsworthy and in the public interest even if it is offensive, bullying or otherwise controversial. The social media giant is currently mulling over what to do with the account of former President Donald Trump, which it “indefinitely” suspended Jan. 6, leaving it in Facebook limbo with its owners unable to post. The change in policy was first reported by the tech site The Verge and later confirmed by the New",44351,MarketBeat,Reports: Facebook to end rule exemptions for politicians,1,1,0,0,0,0,True,True,Neither,neutral,neutral,"['solution', 'problem']","['A2YYQJ3JWA2KGD', 'A3OZ8KF0HWSVWK']"
frames_news_2,problem,"The following information was released by the Heartland Institute:

By Jim Lakely

Coalition letter first posted at MRC

'Free speech was controlled like this in East Germany and the Soviet Union. This should not be happening in America.'

ARLINGTON HEIGHTS, IL (January 11, 2021) -- Media Research Center (MRC) President Brent Bozell, Heartland Institute Vice President Jim Lakely, and more than 30 conservative leaders issued the following statement Monday calling for the breakup of Big Tech companies including Amazon, Google, Facebook and Apple after their sweeping acts of censorship against conservatives and President Donald Trump this past week.

""Big Tech has declared war on free speech and is now an existential threat to democracy. The tech tyrants began to systematically shut down the conservative movement over the weekend. This is an all out assault on our republic from within like we've never seen before. We will not stand idly by as they cancel conservatives for daring to speak freely.

Big Tech is using the violent riot at the Capitol last week even though it was immediately condemned by all conservatives as an excuse to do what they have always wanted to do: banish conservatives from the internet. Over the last 72 hours, Big Tech proved they",2021-01-11,States News Service,"HEARTLAND JOINS CONSERVATIVE LEADERS: TECH COMPANIES POSE EXISTENTIAL THREAT, MUST BE BROKEN UP",1,1,1,1,0,0,True,True,Problem,problem,problem,"['problem', 'solution']","['A1FP3SH704X01V', 'A2Q1YS118AO2BP']"
frames_news_3,problem,"The president met in the White House with Federal Trade Commission Chair Joseph Simons, who has expressed skepticism about policing complaints of anti-conservative bias in Silicon Valley.

President Donald Trump has personally pushed the head of the Federal Trade Commission to aid his crusade against alleged political bias in social media, according to two people familiar with the conversations - an unusually direct effort by a president to bend a legally independent agency to his agenda.

Trump's efforts have included at least one meeting in recent months in the Oval Office with Republican FTC Chair Joseph Simons, in which the president said he wanted the agency to take action on social media companies' alleged censorship of conservatives, according to a person familiar with the conversation. A second person confirmed that Trump and Simons met in the White House and discussed the executive order, but declined to describe the tone of the conversation.

Both people spoke on condition of anonymity to speak candidly about the private discussions.

Earlier this month, Simons told senators he didn't plan to act on the president's May 28 executive order on social media because he considers it outside the agency's jurisdiction.

The FTC and Simons declined to comment on the chairman's",44066,Politico.com,Trump pressures head of consumer agency to bend on social media crackdown,1,1,1,1,0,0,True,True,Problem,problem,problem,"['problem', 'solution']","['A1FP3SH704X01V', 'A2Q1YS118AO2BP']"
frames_news_4,solution,"On Monday evening, Facebook scrubbed a viral video showing a group of doctors making misleading and false claims about the coronavirus pandemic after more than 14 million people had watched it. Hours later, President Donald Trump tweeted out multiple clips of the same video to his 84.2 million followers.

Trump shared the video - which claims that face masks and lockdowns are not needed to stop the disease - in 14 tweets, over a half-hour span, defending the use of hydroxychloroquine, an antimalarial drug that the president has repeatedly promoted, and attacking Anthony S. Fauci, the nation's top infectious-diseases expert.

Twitter soon followed Facebook and YouTube in removing the videos, deleting several of the tweets that Trump shared, and even adding a note to its trending topics warning about the potential risks of using hydroxychloroquine.

""Tweets with the video are in violation of our COVID-19 misinformation policy,"" Liz Kelley, a spokeswoman for Twitter, told The Washington Post.

Trump's decision to share the misleading video comes amid mounting criticism, from opponents and allies alike, over his handling of a pandemic that has now killed at least 145,000 people in the U.S. The president spent months obstinately denying the severity of the crisis, refusing to wear",44040,Postmedia Breaking News,"Facebook deletes video for false COVID-19 claims, then Trump shares it on Twitter",1,1,0,0,1,1,True,True,Solution,solution,solution,"['solution', 'problem']","['A2Q1YS118AO2BP', 'A2ZUCKYJE4DPV7']"
frames_news_5,solution,"In brief Driver dies in crashOne person is dead after a single-vehicle crash in Palmerston North yesterday. The crash occurred on Cardiff St in Awapuni before 7am and there were no other occupants in the vehicle. The Serious Crash Unit was examining the scene yesterday.

Heat on social media firms Pressure on social media giants from investors is mounting to do more after Christchurch's mosque attacks. The NZ Super Fund and a range of Kiwi investors have encouraged others across the globe - representing trillions of dollars in assets - to write an open letter to Facebook, Alphabet and Twitter. NZ Super Fund chief executive Matt Whineray says the shootings on March 15 last year spread across social media platforms - adding to the horror of the attack. He says the NZ Super Fund is not happy with responses so far. Whineray says they need to strengthen controls over objectionable content - or they are creating a significant business risk, beyond the harm caused to the global community. Moves to cut food waste The Government wants a broader strategy to tackle waste but says food scraps are low on the priority list. The Environment Committee has reported back to the House",2020-03-21,Northern Advocate(New Zealand),,1,1,0,0,1,1,True,True,Solution,solution,solution,"['problem', 'neutral']","['A2Q1YS118AO2BP', 'A37WXDYYT7RCZ0']"
frames_news_6,solution,"Three months before a violent mob breached police barricades and stormed the US Capitol, Nina Jankowicz appeared before Congress members there, testifying to the House Intelligence Committee on the dangers of disinformation.

""Not only have the US Government and social media platforms all but abdicated their responsibility to stop the threat of foreign disinformation over the past four years, domestic disinformation now runs rampant,"" Ms Jankowicz, author of How To Lose the Information War: Russia, Fake News, and the Future of Conflict, told the committee.

""It does our adversaries' work for them, leaving us vulnerable to continued manipulation and leaving our democracy imperilled.""

By domestic disinformation she meant the patchwork of conspiracy theorists, including QAnon followers, that would ultimately converge on the US Capitol, breach police barricades and storm the corridors of power.

Back in October, she called on politicians and social media platforms to make ""urgent changes"" to reduce the threat, including banning politicians who incite violence and limiting the size of private and secret Facebook groups.

She was largely ignored.

Three months later and speaking from Washington DC, where she is a research fellow with the Wilson Centre, Ms Jankowicz recalls how none of the Republicans turned up to her hearing, while some Democrats",2021-01-13,ABC Premium News (Australia),"Storming of US Capitol and Donald Trump's Twitter ban will be 'tipping point' for social media regulation, experts say",1,1,0,0,1,1,True,True,Solution,solution,solution,"['solution', 'solution']","['A2Q1YS118AO2BP', 'A2WGW5Y3ZFBDEC']"
frames_news_7,solution,"Firms in talks with govt and conducting internal review to decide whether to keep posts blocked

The government has directed social media platforms like Twitter to block close to 100 posts in order to “prevent obstructions” to the fight against the pandemic and escalation of crimes against public order, government officials told ET.

They said certain people were using social media platforms to spread fake or misleading information and create panic about the situation in India by using “unrelated, old and out of the context” images or visuals, communally sensitive posts and misinformation about the Covid-19 protocols.

The government welcomes criticism, genuine requests for help as well as suggestions in the collective fight against Covid-19, but it is necessary to take action against those users who are misusing social media during this grave humanitarian crisis for unethical purposes, one of the people said.

The Ministry of Electronics and Information

Technology (MeitY) ordered blocking of the posts on a recommendation from the Ministry of Home Affairs. On Saturday, it was reported that Twitter had removed around 50 tweets allegedly criticising the central government's handling of the Covid-19 pandemic on MeitY's instructions. These included tweets of Congress MP Revanth Reddy, West Bengal minister Moloy Ghatak, actor Vineet",44312,Economic Times (E-Paper Edition),Platforms Told to Block 100 Posts for Covid Misinfo,1,1,0,0,1,1,True,True,Solution,solution,solution,"['solution', 'problem']","['A2YYQJ3JWA2KGD', 'A3RYI5HXC2MJLN']"
frames_news_8,solution,"Mar 25, 2021( Techdirt: http://www.techdirt.com Delivered by Newstex) Yesterday, in a (deliberately, I assume) well-timed release, the Tech Transparency Project released a report entitled Facebook's Militia Mess[1], detailing how there are tons of ""militia groups"" organizing on the platform (first found via a report on Buzzfeed[2]). You may recall that, just days after the insurrection at the Capitol, that Facebook's COO Sheryl Sandberg made the extremely disingenuous claim that only Facebook had the smarts to stop these groups[3], and that most of the organizing of the Capitol insurrection must have happened elsewhere. Multiple reports debunked that claim, and this new one takes it even further, showing that these groups are (1) still organizing on Facebook, and (2) Facebook's recommendation algorithm is still pushing people to them:TTP identified 201 Facebook militia pages and 13 groups that were active on the platform as of March 18. These included 'DFW Beacon Unit' in Dallas-Fort Worth, Texas, which describes itself as a 'legitimate militia' and posted March 21 about a training session; 'Central Kentucky Freedom Fighters,' whose Facebook page posts near-daily content about government infringing on people's rights; and the ""New River Militia"" in North Carolina, which posted about the need to 'wake up",44280,Newstex Blogs,Militias Still Recruiting On Facebook Demonstrates The Impossibility Of Content Moderation At Scale,1,1,0,0,1,1,True,True,Solution,solution,solution,"['problem', 'problem']","['A1FP3SH704X01V', 'A3OZ8KF0HWSVWK']"
frames_news_9,solution,"People buy products and are incentivised to leave positive reviews with offers of refunds

Facebook receives plenty of criticism for not cracking down on rogue content on the platform, yet it's taking steps to rectify this. Between April and June, the platform removed over seven million pieces of harmful and fake Covid-19 content and it's finally tackling posts containing depictions of blackface and anti-Semitic stereotypes.

One thing it's failing to do enough on at the moment is fake review trading, according to a new investigation by Which?. The consumer rights organisation found that the platform is hosting the ""blatant trading of fake reviews"", with dozens of groups filled with hundreds of thousands of members are using the site to boost products on Amazon.

By searching 'Amazon review' on the social network, Which? found that 16 of the top 25 groups were trading in reviews, with more than 200,000 members between them. In one group with 27,000 members, there were as many as 6,406 posts in a day.

People join these groups and then are directed to products which they buy, leave a positive review for it, and then are refunded the money. The types of products range from children's toys, headphones, speakers, vacuum cleaners",44056,standard.co.uk,There's a big issue with fake review trading on Facebook according to Which? investigation,1,1,0,0,1,1,True,True,Solution,solution,solution,"['solution', 'problem']","['A14W0AXTJ3R19V', 'A2Q1YS118AO2BP']"
frames_news_10,solution,"Guardian investigation finds the Facebook communities are gaining followers as Twitter cracks down on QAnon content

New and established QAnon groups on Facebook are growing at a rapid pace and helping to spread the baseless and dangerous conspiracy theory to new countries around the world, a Guardian investigation has found.

The Guardian has documented more than 170 QAnon groups, pages and accounts across Facebook and Instagram with more than 4.5 million aggregate followers. The Guardian has also documented dedicated communities for QAnon followers in at least 15 countries on Facebook.

The growth in the QAnon Facebook communities has come as rival social media platform Twitter undertook a broad crackdown on content and accounts dedicated to the conspiracy theory, citing the movement's ""clear and well-documented informational, physical, societal and psychological offline harm"".

At the time of Twitter's crackdown, anonymous sources told the New York Times that Facebook was planning to take ""similar steps"" at some point this month. In the meantime, Facebook's recommendation algorithm has continued to promote QAnon groups to users and some groups have experienced explosive growth.

QAnon is a baseless internet conspiracy theory whose followers believe that Donald Trump is waging a secret war against a ""deep state"" cabal of Democrats and Hollywood",44054,The Guardian (London),Revealed: QAnon Facebook groups are growing at a rapid pace around the world,1,1,0,0,1,1,True,True,Solution,solution,solution,"['problem', 'problem']","['A2Q1YS118AO2BP', 'A3OZ8KF0HWSVWK']"
frames_news_11,neutral,"After President Trump became a resident of Palm Beach County late last year, Florida politicos say a conservative awakening in the area has positioned Republicans to pick off a vulnerable blue congressional seat.

The large county north of Miami is composed of three congressional districts, two led by Democrats and one held by a Republican.

Internal polling for a GOP candidate in Florida's 21st Congressional District, home to Mr. Trump's Mar-a-Lago Club residence and Democratic Rep. Lois Frankel, suggests it could turn red come November.

""The majority of Democrats, independents and Republicans do not like the way the Democratic Party is misbehaving how they are treating police officers, how Lois Frankel is thanking the looters and the rioters and calling them peaceful protesters,"" said Karen Giorno, chief strategist for Laura Loomer's campaign to unseat the four-term incumbent.

Ms. Loomer, 27, is a conservative activist who gained national renown working for Project Veritas and appearing in its undercover videos to reveal left-wing election and polling shenanigans.

Her notoriety, however, led to her being banned from social media sites such as Twitter, Facebook and Instagram.

Still, Ms. Loomer's name recognition helped boost her numbers in the district, according to the campaign's data.

She is running in a crowded field",2020-06-25,The Washington Times,Republicans see chance to flip 21st Congressional District in Florida,1,1,0,0,0,0,True,True,Neither,neutral,neutral,"['problem', 'neutral']","['A2Q1YS118AO2BP', 'A3O81LHBBI8NPK']"
frames_news_12,neutral,"SAN FRANCISCO (NEXSTAR) – Twitter flagged a tweet by the president Monday evening after Trump warned of ""violence in the streets"" in regards to a Supreme Court decision about mailed ballots in Pennsylvania, and urged, ""Something must be done!""

""Some or all of the content shared in this Tweet is disputed and might be misleading about an election or other civic process,"" the message from Twitter read, with an exclamation mark and a link to election fraud coverage from major media outlets.

The warning also contains a link to Twitter's civic integrity policy, which states, ""You may not use Twitter's services for the purpose of manipulating or interfering in elections or other civic processes.

President Donald Trump and his reelection campaign are signaling they will pursue an aggressive legal strategy to try to prevent Pennsylvania from counting mailed ballots that are received in the three days after the election.

The matter could find its way to the Supreme Court, especially if those ballots could tip the outcome in the battleground state.

The three-day extension was ordered by Pennsylvania's top court. The Supreme Court refused to block it, but several conservative justices have indicated they could revisit the issue after the election.

FBI investigating incident where 'Trump",2020-11-03,"CBS - 9 WNCT (Greenville, North Carolina)",Twitter flags President Trump's tweet about Supreme Court decision on Pennsylvania voting,1,1,0,0,0,0,True,True,Neither,neutral,neutral,"['problem', 'solution']","['A2Q1YS118AO2BP', 'A2WGW5Y3ZFBDEC']"
frames_news_13,solution,"An advantage that OTT platforms have over other online video streaming platforms is brand safety as the content that goes live on OTT platforms is already checked.

In India's increasingly crowded online video space, brands are constantly competing for consumers' attention. To get in front of their core audience, brands are reaching them where they spend a lot of their time: on OTT platforms. From appointment viewing to binge-watching, the way people consume content has changed a lot over the past few years. As more and more people turn to OTT platforms, the number of brands advertising on OTT platforms has gone up as well, which raises the question of brand safety on OTT platforms.

An advantage that OTT platforms have over other online video streaming platforms is brand safety for a simple reason - the content that goes live on OTT platforms is already checked and authorized. Issues with ads appearing in offensive content or next to videos containing hate speech is why advertisers avoid spending on such platforms. OTT solved this issue by simply guaranteeing and ensuring quality content to their advertisers.

Amongst the other issues, YouTube has faced unrelenting questions on ad misplacement. More recently, the online video sharing platform",44000,exchange4media.com,Why advertising on premium quality content platforms ensures better brand safety,1,1,0,0,1,1,True,True,Solution,solution,solution,"['solution', 'solution']","['A2Q1YS118AO2BP', 'A2ZUCKYJE4DPV7']"
frames_news_14,solution,"Major sports including football, rugby and cricket will unite in a social media boycott over lack of action on online abuse. The boycott across Facebook, Instagram and Twitter channels will start at 3pm on Friday through until 11.59pm on Monday night. Athletes, broadcasters and sponsors are involved in the plans too, which comes amid a rising tide...

Major sports including football, rugby and cricket will unite in a social media boycott over lack of action on online abuse. The boycott across Facebook, Instagram and Twitter channels will start at 3pm on Friday through until 11.59pm on Monday night. Athl...

Major sports including football, rugby and cricket will unite in a social media boycott over lack of action on online abuse. The boycott across Facebook, Instagram and Twitter channels will start at 3pm on Friday through until 11.59pm on Monday night. Athletes, broadcasters and sponsors are involved in the plans too, which comes amid a rising tide of racist and sexist abuse directed on various social media platforms. Many are calling on the platforms to do more to stamp out abuse, with harsher punishments for those found guilty. Here is a look at some of those involved. Football The sport’s authorities kicked off",2021-04-30,ITV.com,Sports and athletes unite to boycott social media over abuse,1,1,0,0,1,1,True,True,Solution,solution,solution,"['problem', 'problem']","['A2NJ7N8INZOB00', 'A2Q1YS118AO2BP']"
frames_news_15,solution,"June 17 -- Facebook on Wednesday joined hands with The Healthy Indian Project (THIP) -- a health specialised fact-checking site -- as part of its third-party fact-checking programme in India to combat Covid-19 and all other health related misinformation on the social media platform.During the pandemic, Facebook removed more than 18 million pieces of harmful misinformation across its platform and Instagram and labelled over 167 million fake news posts on Covid-19 with the help of third-party fact-checkers.The partnership with THIP ""will enhance its capabilities to understand and curb health-related misinformation on the platform"", the social media giant said in a statement.THIP Media works with verified medical professionals to fact check misleading news and claims about health, medicines, diet and treatment in English, Hindi, Bengali, Punjabi and Gujarati.Globally, Facebook is working with 80 fact-checking partners that help in content monitoring in more than 60 languages. Facebook's fact-checking partners have been certified through the independent, non-partisan International Fact-Checking Network.In India, Facebook has 10 fact-checking partners, one of the largest after the US. This includes India Today Group, Vishvas News (Dainik Jagran), Factly, Newsmobile, Fact Crescendo, BOOM live, AFP, NewsChecker and Quint who fact-check in 11 Indian languages along with English. The Indian",44364,Indian Media news,FB selects new partner for health fact checks in India,1,1,0,0,1,1,True,True,Solution,solution,solution,"['problem', 'solution']","['A1FP3SH704X01V', 'A2NJ7N8INZOB00']"
frames_news_16,problem,"Trump did not elaborate on what actions he could take. But the threat is Trump's clearest expression of intent to use the power of government to target his perceived political enemies in the private sector.

President Donald Trump on Wednesday threatened to ""strongly regulate"" or even shut down social media platforms after to two of his tweets this week.

Trump did not elaborate on what actions he could take. But the threat is Trump's clearest expression of intent to use the power of government to target his perceived political enemies in the private sector - businesses that already enjoy wide latitude under the law to moderate their platforms as they see fit. And it raises the stakes for Twitter and Facebook as they grapple with Trump's misleading claims about mail-in voting and his that a cable TV news host had a hand in an aide's death decades ago.

""Republicans feel that Social Media Platforms totally silence conservatives voices. We will strongly regulate, or close them down, before we can ever allow this to happen,"" Trump tweeted Wednesday. He went on to accuse the tech industry of trying to interfere in the 2016 election, before repeating an unfounded claim about voter fraud stemming from",43978,The Mercury News (California),President Trump threatens to 'strongly regulate' or shut down social media platforms after Twitter labels his tweets,1,1,1,1,0,0,True,True,Problem,problem,problem,"['neutral', 'problem']","['A2Q1YS118AO2BP', 'A2WGW5Y3ZFBDEC']"
frames_news_17,solution,"FACEBOOK and Instagram users will be able to opt out of seeing political adverts in the run-up to the US election, the company has confirmed as it aims to better protect the electorate before November's vote.

Millions of Americans will also be encouraged to register to vote on their social media platforms thanks to a new ""Voting Information Centre"" that will be flagged up on feeds. The two new measures, confirmed today, are part of a concerted effort by Facebook - which also owns Instagram - to take steps to ensure disinformation cannot impact the election in 2020, as it did in 2016.

Other measures already being taken include blocking all adverts during the election campaign which come from state-controlled media organisations in overseas countries.

Sir Nick Clegg, the former Liberal Democrat leader who is now Facebook's vice-president for global affairs and communications, outlines the changes in an article for today's The Daily Telegraph.

""What happens in America - politically, economically, culturally - has a huge knock-on effect on the rest of the world,"" Sir Nick writes. ""It promises to be a heated campaign; and it will play out on social media as both sides seek to get their messages out and fire up",43999,The Daily Telegraph (London),Facebook lets US users block political adverts,1,1,0,0,1,1,True,True,Solution,solution,solution,"['solution', 'problem']","['A14W0AXTJ3R19V', 'A2Q1YS118AO2BP']"
frames_news_18,solution,"Fabricated claims targeting George Floyd remain on Facebook despite pledges by the social media giant to take them down, a new investigation by human rights group Avaaz has found.

USA TODAY reported in January that Facebook had not removed racist falsehoods, stereotypes and tropes about Floyd and other victims of police brutality that had been debunked by fact-checkers.

Two-thirds of the content is still online and nearly a third is not labeled false, said Avaaz campaign director Fadi Quran.

Avaaz uncovered 65 posts pushing 15 false narratives on Floyd's murder, including that his death was staged or was filmed before COVID-19, that he died of an overdose and those involved in his arrest were crisis actors, that had an estimated 3.4 million views. It flagged the posts for Facebook in September.

A review this week after the guilty verdicts in the murder trial of former Minneapolis police officer Derek Chauvin showed that 43 of the posts and 14 out of 15 false narratives remain on the platform, Avaaz told USA TODAY.

For example, the claim that Floyd is still alive and arresting officers were ""crisis actors,"" 1 out of 5 posts were removed as of Wednesday. Of the remaining four posts, one was labeled ""false",44312,USA Today,Lies about Floyd's death still on Facebook,1,1,0,0,1,1,True,True,Solution,solution,solution,"['problem', 'solution']","['A1FP3SH704X01V', 'A2Q1YS118AO2BP']"
frames_news_19,solution,"Jul 08, 2020( The Business Insider: http://www.businessinsider.com/ Delivered by Newstex) Facebook's top executives met Tuesday with civil rights groups, hoping to address their concerns about the company's approach to hate speech on its platform.But the groups called the meeting a ""disappointment"" and said it became clear that Facebook is ""is not yet ready to address the vitriolic hate on their platform.""""We didn't get commitments or time frames or clear outcomes. We expected specifics and that's not what we heard,"" Anti-Defamation League CEO Jonathan Greenblatt said on a call with reporters.Facebook told Business Insider it will release a civil rights audit started in 2018, and has invested resources into combating hate, made adjustments to its policies, and banned hate groups.The groups called for advertisers to boycott Facebook last month, saying the company has been unwilling to make substantive changes for years — and more than 500 companies have joined[1].Visit Business Insider's homepage for more stories[2]. Facebook still hasn't convinced civil rights groups that it's doing enough to combat hate speech on its platform.On Tuesday, Facebook CEO Mark Zuckerberg, COO Sheryl Sandberg, and Chief Product Officer Chris Cox met with the leaders of the NAACP, Color of Change, Free Press, and the",44020,Newstex Blogs,Civil rights groups called their meeting with Facebook execs a 'disappointment' and said the company isn't ready to address the platform's 'vitriolic hate',1,1,0,0,1,1,True,True,Solution,solution,solution,"['solution', 'solution']","['A2Q1YS118AO2BP', 'A3OZ8KF0HWSVWK']"
frames_news_20,solution,"Facebook has said it will hire 1,000 more people in the UK, as it attempts to cut down on spam and abuse.

The social media platform is looking to shed a reputation for allowing misuse of its platforms, for everything from cyberbullying to election interference.

Most of the recruits will work in technology-focused roles, the company said as it announced the jobs ahead of a new office being established in London. The roles include software engineering, product design and data science, as well as developing the WhatsApp app and Workplace, its business-centred version of Facebook.

Many of the staff will work as part of Facebook's Community Integrity team, which builds the tools used to detect and remove harmful content across Facebook's platforms, addressing issues from spam and abuse to violence and personal safety.

London is Facebook's biggest engineering hub outside of the US, and the platform is currently building new office space, due to open in late 2021, in King's Cross.

The latest additions will bring its total employee count in the UK to more than 4,000 by the end of the year, the company said.

Positions will also expand on Facebook's artificial intelligence, augmented/virtual reality and engineering infrastructure teams in the capital.

Boris Johnson said the",43851,The Independent (United Kingdom),"Facebook to hire 1,000 new UK staff as it tries to crack down on spam and abuse",1,1,0,0,1,1,True,True,Solution,solution,solution,"['problem', 'solution']","['A2Q1YS118AO2BP', 'A2ZUCKYJE4DPV7']"
frames_news_21,solution,"The ""Stop Hate for Profit"" campaign will begin calling on major companies in Europe to join the boycott, Jim Steyer, chief executive of Common Sense Media, said in an interview with Reuters.

Since the campaign launched earlier this month, more than 160 companies, including Verizon Communications and Unilever Plc, have signed on to stop buying ads on the world's largest social media platform for the month of July.

Free Press and Common Sense, along with US civil rights groups Color of Change and the Anti-Defamation League, launched the campaign following the death of George Floyd, an unarmed Black man killed by Minneapolis police.

""The next frontier is global pressure,"" Steyer said, adding the campaign hopes to embolden regulators in Europe to take a harder stance on Facebook. The European Commission in June announced new guidelines for tech companies including Facebook to submit monthly reports on how they are handling coronavirus misinformation.

The outrage in the United States over the death of Floyd has led to an unprecedented reaction from corporations around the world. Its impact has been felt beyond US borders.

The global campaign will proceed as organizers continue to urge more US companies to participate. Jessica Gonzalez, co-chief executive of Free Press, said she",44011,Iran Daily,"Facebook ad boycott campaign to go global, organisers say",1,1,0,0,1,1,True,True,Solution,solution,solution,"['problem', 'solution']","['A2Q1YS118AO2BP', 'A2YYQJ3JWA2KGD']"
frames_news_22,solution,"Facebook COO Sheryl Sandberg is rightfully being criticized for claiming that the US Capitol riots were ""largely organized"" on other social media platforms ""that don't have our abilities to stop hate and don't have our standards and don't have our transparency."" Despite her attempts to deflect blame, Facebook as well as other social media companies played a crucial role in fueling the mob that stormed the Capitol building.

The compartmentalization of users in echo chambers where only extreme - and often false - viewpoints can travel is probably the single-most important driver of political polarization. Absent a social media landscape that incites outrage and division, the Capitol riots likely never would've happened.

With so much damage already done and just a handful of days left in the Trump presidency, social media and technology companies finally banned Trump and the apps some white supremacist followers used to incite violence. But these decisions were made too late and now risk emboldening conspiracy theorists who still believe the election was stolen. They also raise legitimate questions as to why we let profit-driven companies set the rules of democratic engagement online in the first place.

It is troublesome that we've turned over the rules of online deception,",44214,CNN Wire,Social media fueled the Capitol mob. Now Biden and Congress must crack down,1,1,0,0,1,1,True,True,Solution,solution,solution,"['problem', 'solution']","['A2Q1YS118AO2BP', 'A2YYQJ3JWA2KGD']"
frames_news_23,solution,"SOCIAL media firms including Facebook and Instagram have been warned to remove ""vile nonsense"" about the dangers of the Pfizer vaccine or face a government clampdown.

Ministers have told tech firms they must do more to take down wild con spiracy theories that threaten the UK's ability to ""bounce back"" from Covid-19.

It comes after the Pfizer announcement yesterday was followed within hours by thousands of widely shared social media posts claiming the vaccine was dangerous and part of a conspiracy led by Bill Gates to control the world.

Last night, a senior government source suggested that tech firms would face a reckoning if they failed to tackle anti-vaccination content sweeping the internet. In the coming months, ministers are expected to introduce an ""online harms bill"" to hold firms accountable for harmful content online.

""Vaccine disinformation is a menace which risks our ability to bounce back from this virus,"" a senior government source said. ""We've been putting the onus on social media firms to knock down and remove vile nonsense about Covid on their sites, but they must step up their efforts in this critical phase.""

Within hours of the news that the Pfizer vaccine had been approved for use in the UK, The Daily",2020-12-03,The Daily Telegraph (London),"Remove vaccine lies or face action, firms told",1,1,0,0,1,1,True,True,Solution,solution,solution,"['problem', 'solution']","['A1FP3SH704X01V', 'A2HESXT4DAGASU']"
frames_news_24,solution,"Jun 30, 2020( Benzinga: http://www.benzinga.com/news Delivered by Newstex) Amazon Inc's (NASDAQ: AMZN[1]) Twitch, a live-streaming service, and Reddit, an online discussion platform, have banned[2] channels and forums related to President Donald Trump, citing hate speech.What HappenedTwitch's temporary ban[3] was stirred by a stream that included footage from the rally, where Trump said that Mexico was sending rapists to the United States, as well as other content. A Twitch spokesperson told the Verge, 'Like anyone else, politicians on Twitch must adhere to our Terms of Service and Community Guidelines. We do not make exceptions for political or newsworthy content, and will take action on content reported to us that violates our rules.'

On Monday, Reddit shut down the r/The_Donald, a forum frequented by the supporters of the president. Reddit CEO Steve Huffman said that users promoting hate would not be allowed on the platform. He said Reddit was banning 2,000 subreddits, of which the majority are inactive. A Trump campaign spokesperson urged supporters to download the campaign app and 'to hear directly from the president.'Why It MattersThe r/The_Donald forum has 7,780 daily active users, reported Reuters. On Sunday, the president shared[4] a video of his supporters chanting 'white power' on Twitter Inc's",44012,Newstex Blogs,"Amazon's Twitch, Reddit Ban Trump Related Content And Forums",1,1,0,0,1,1,True,True,Solution,solution,solution,"['problem', 'solution']","['A1FP3SH704X01V', 'A2Q1YS118AO2BP']"
frames_news_25,solution,"Twitter, stepping up its enforcement of misleading and harmful coronavirus-related claims, required Fox News host Laura Ingraham to delete a tweet from 10 days ago that misrepresented details of an unproven treatment for coronavirus.

In the now-deleted tweet from March 20, Ingraham, host of the cable network's ""The Ingraham Angle,"" wrote, ""Lenox Hill [Hospital] in New York among many hospitals already using Hydroxychloroquine with very promising results. One patient was described as 'Lazarus' who was seriously ill from Covid-19, already released."" Hydroxychloroquine is an anti-malarial drug that Donald Trump has repeatedly touted as potential COVID-19 treatment.

The tweet was based on Ingraham's interview on Fox News a day earlier with Dr. William Grace, whom Ingraham incorrectly identified as being an oncologist at New York's Lenox Hill Hospital. A correction Fox News appended to an article about the segment said Ingraham had wrongly described Dr. Grace as affiliated with the hospital and that ""his opinions given below are his own.""

According to a Twitter rep, Ingraham's tweet fell under the company's misleading information policy under heightened-risk health claims. On Monday, Twitter required Ingraham to remove the violating tweet in order for her account to not be suspended. A rep for Fox News did not",2020-03-30,Variety,Twitter Forces Fox News' Laura Ingraham to Delete Post With 'Misleading' Coronavirus Claims,1,1,0,0,1,1,True,True,Solution,solution,solution,"['problem', 'solution']","['A1FP3SH704X01V', 'ATR6RB1RULOC0']"
frames_news_26,solution,"Facebook will change a policy that has protected politicians from the social media network’s content moderation rules,...

Facebook will change a policy that has protected politicians from the social media network’s content moderation rules, which could change how politicians use the platform, The Verge reports. The decision comes after the Oversight Board, an outside group th...

Facebook will change a policy that has protected politicians from the social media network’s content moderation rules, which could change how politicians use the platform, The Verge reports. The decision comes after the Oversight Board, an outside group that reviewed Facebook’s suspension of former President Donald Trump, criticized their granting politicians special treatment, saying that the “same rules should apply to all users.” The board wrote: “While the same rules should apply to all users, context matters when assessing the probability and imminence of harm. When posts by influential users pose a high probability of imminent harm, Facebook should act quickly to enforce its rules. Although Facebook explained that it did not apply its ‘newsworthiness’ allowance in this case, the Board called on Facebook to address widespread confusion about how decisions relating to influential users are made. The Board stressed that considerations of newsworthiness should not",44351,WBAP News/Talk 820,Facebook Changing Special Exception for Politicians,1,1,0,0,1,1,True,True,Solution,solution,solution,"['solution', 'solution']","['A2Q1YS118AO2BP', 'A3OZ8KF0HWSVWK']"
frames_news_27,solution,"Facebook's (US:FB) shares have been coming under increasing pressure over the past week, as a growing list of more than 100 companies have already, or plan to, temporarily stop advertising on the social network. The biggest drop came on Friday 26 June - the shares tumbled by more than 8 per cent after telecommunications giant Verizon (US:VZ) and consumer goods group Unilever (ULVR) announced that they would also be halting their ad spending on the platform.

The exodus is being driven by the 'Stop Hate For Profit' campaign, organised by US civil rights groups including the National Association for the Advancement of Coloured People (NAACP). Insisting there is ""hate and misinformation across Facebook's products, which are supported by paid advertisements"", it is urging corporations to pause ad spending on the platform in July to push Facebook to improve its policing of racist, hateful and violent material.

Verizon's move is not directly linked to the campaign. But after one of the organisers, the Anti-Defamation League (ADL), uncovered a Verizon advert next to a video from conspiracy group QAnon, it decided to halt spending ""until Facebook can create an acceptable solution"". According to data analytics provider Pathmatics, Verizon had splurged $850,000 (£689,000) on Facebook",44015,Investors Chronicle - magazine and web content,Will the Facebook boycott have any impact?,1,1,0,0,1,1,True,True,Solution,solution,solution,"['neutral', 'problem']","['A1FP3SH704X01V', 'A2YYQJ3JWA2KGD']"
frames_news_28,solution,"CANBERRA, Australia (AP) — Australian regulators have ruled out prosecuting TikTok over an apparent suicide video under tough new laws prohibiting some forms of violent online images, but the prime minister urged social media companies on Wednesday to take more responsibility for offensive content.

The Chinese-owned social media platform says it is working to remove videos of a man apparently taking his own life with a gun and banning users who keep trying to spread the clips through the app.

It’s the latest example of the ongoing struggle by big tech companies to police their platforms for harmful content amid increasing pressure from regulators.

Prime Minister Scott Morrison said eSafety Commissioner Julie Inman Grant, Australia’s online watchdog, is taking “strong action” against what he described as a “disgraceful video.”

“Those who run these organizations have a responsibility to those who are watching and particularly when it comes to children,” Morrison said in a video released by his office.

“My message to those social media companies is, yes, your products are changing the world, but with that comes a great responsibility and you need to be accountable and you need to be responsible for making sure that your product does not harm Australians, and my government",44083,Associated Press International,Australian prime minister criticizes TikTok suicide video,1,1,0,0,1,1,True,True,Solution,solution,solution,"['problem', 'problem']","['A1FP3SH704X01V', 'A2Q1YS118AO2BP']"
frames_news_29,problem,"Esther Berg has more than 330,000 Instagram followers. But she's locked out of her @EstherandSasha account.

While the influencer, a registered Republican, normally covers lighthearted issues, on Sept. 14 she posted a story juxtaposing a glam photo of Ivanka Trump with a picture of Chiara de Blasio, the daughter of Mayor de Blasio, curled up on the subway and baring her body, accompanied by the caption: ""On November 3rd, you decide what kind of America you want your daughter growing up in . . . Vote.""

The next day, Berg, who splits her time between Florida and Long Island, discovered her account was disabled for at least 30 days. An Instagram representative told The Post: ""We do not allow people to show intimate images of others without their consent.""

But Berg notes that the same photo of Chiara is still up on other accounts.

""They censored me for my conservative views,"" she says.

Like other right-leaning influencers, she is outraged over what she calls a ""double standard"" of social-media platforms allegedly targeting pro-Trump voices.

Allum Bokhari's new book, ""#Deleted: Big Tech's Battle to Erase the Trump Movement and Steal the Election,"" delves into the issue.

""If you're going to have the rules, you should enforce them evenly,",2020-10-11,The New York Post,ELECTION 2020GOP social stars 'Insta-banned',1,1,1,1,0,0,True,True,Problem,problem,problem,"['solution', 'neutral']","['A1FP3SH704X01V', 'A37WXDYYT7RCZ0']"
frames_news_30,problem,"No, Angela Merkel is not about to don a MAGA hat.

But the German chancellor raised more than a few eyebrows on Monday when, through her spokesperson, she criticized Twitter for its problematic ban of President Trump and suggested the move was a threat to the right to freedom of opinion.

Trump s supporters unsurprisingly seized on Merkel s remarks. And it wasn t just Merkel a top EU commissioner, France s finance minister, Mexico s president, and Australia s acting prime minister each criticized, to varying degrees, big tech s crackdown on Trump and his most rabid followers in the wake of last Wednesday s assault on the U.S. Capitol, which most observers believe was incited by Trump and inflamed by years of disinformation spread across the internet ecosystem.

Few of these world leaders have previously been fans of Trump or his movement. And many on this side of the Atlantic were perplexed and troubled by Merkel s willingness to weigh in against Silicon Valley s belated effort to scrub violent pro-Trump rhetoric from their platforms.

I don t find these comments particularly helpful or relevant, nor do I think they re accurate, said Jessica González, co-CEO of the progressive tech group Free",2021-01-12,National Journal Daily Extra AM,Why Angela Merkel condemned Twitter's Trump ban,1,1,1,1,0,0,True,True,Problem,problem,problem,"['problem', 'problem']","['A2Q1YS118AO2BP', 'A3RYI5HXC2MJLN']"
frames_news_31,neutral,"A day after being suspended from Facebook for another two years , former President Donald Trump returns to the political arena Saturday night, poised to get back into his comfort zone speaking from the kind of platform he seems to enjoy most. He’s making a speech before the North Carolina Republican Party convention, kicking off what’s likely...

A day after being suspended from Facebook for another two years , former President Donald Trump returns to the political arena Saturday night, poised to get back into his comfort zone speaking from the kind of platform he seems to enjoy most. He’s making a...

A day after being suspended from Facebook for another two years , former President Donald Trump returns to the political arena Saturday night, poised to get back into his comfort zone speaking from the kind of platform he seems to enjoy most. He’s making a speech before the North Carolina Republican Party convention, kicking off what’s likely to be a spree of summer campaigning. It’s his first public speech since his address at the Conservative Political Action Conference in February. Trump called it “a great honor to be speaking” before the group. “I understand the place will be packed, all",44352,WAMU88.5,"Silenced On Facebook And Twitter, Trump Is Set To Speak Out Again On Campaign Trail",1,1,0,0,0,0,True,True,Neither,neutral,neutral,"['solution', 'solution']","['A2Q1YS118AO2BP', 'A2YYQJ3JWA2KGD']"
frames_news_32,solution,"Sep 05, 2020( The Business Insider: http://www.businessinsider.com/ Delivered by Newstex) Donald Trump Jr., the president's eldest son, in a video Friday targeted TikTok, which is less than two weeks away from facing a ban in the US under his father's executive order. In a video posted to Triller, a video-sharing app that has expressed interested in purchasing TikTok, Trump Jr. claimed TikTok could be ""turning on your kid's video, listening in, turning on their mic at any random time not just when they're using the app.""

TikTok has repeatedly denied allegations that it provides any of its user data to the Chinese Communist Party, which in August took actions complicating its plans to sell US operations as a result of President Trump's executive orders against it. Visit Business Insider's homepage for more stories[1].Donald Trump Jr., the eldest son of President Donald Trump, on Friday posted on video-sharing app Triller, peddling unsubstantiated theories that TikTok is turning on users' cameras and microphones even when the app is closed, arguing TikTok is ""something that could haunt your kids forever.""""When you have an app like TikTok where the Chinese government could be turning on your kid's camera, turning on your kid's video, listening in,",2020-09-05,Newstex Blogs,"Trump Jr. joins Triller and lashes out against TikTok, claiming the app is 'something that could haunt your kids forever'",1,1,0,0,1,1,True,True,Solution,solution,solution,"['problem', 'problem']","['A2Q1YS118AO2BP', 'A3RYI5HXC2MJLN']"
frames_news_33,solution,"The President was slapped down for claiming coronavirus is ""far less lethal"" than seasonal flu, which is entirely incorrect

Social networks have cracked down on misinformation about coronavirus, targeting a Donald Trump post claiming Covid-19 is less deadly than flu.

A Facebook post, which was removed under the social network's anti-misinformation rules, claimed: ""Flu season is coming up! Many people every year, sometimes over 100,000, and despite the Vaccine, die from Flu.

""Are we going to close down our country No, we have learned to live with it, just like we are learning to live with Covid, in most populations far less lethal!!!""

Twitter added a note to the same post on their platform noting that it was misinformation.

Among reported COVID-19 cases in the US, nearly 6% have died -some 210,000 people this year.

In comparison, the death rate of seasonal Flu is around 0.1%. Covid-19 has killed more Americans than the last five years' worth of Flu.

During the 2019-20 Flu season, there were just 22,000 Flu-related deaths in the United States.

Meanwhile, Facebook announced that it had classified the QAnon conspiracy theory movement as dangerous and began removing Facebook groups and pages as well as Instagram accounts that hold themselves out as representatives.

The step escalates",44110,mirror.co.uk,Facebook and Twitter crack down as Donald Trump claims Covid-19 less deadly than flu,1,1,0,0,1,1,True,True,Solution,solution,solution,"['solution', 'problem']","['A1FP3SH704X01V', 'A2Q1YS118AO2BP']"
frames_news_34,problem,"It is time for democratic governments to protect their citizens and restore a free internet.

In 1644 John Milton published Areopagitica, his famous plea for the liberty of printing without the restraints imposed by government licensing. ""Give me the liberty to know, to utter and to argue freely according to conscience, above all liberties,"" wrote Milton. Fittingly, he published the speech without a license.

Today, the threat that Milton faced has changed. Gatekeeping is no longer performed by states, but by Big Tech companies. Like the printing press, the internet initially brought a rapid decentralization and ground-level networking of human communication. But after the initial freedom of the World Wide Web, ""web 2.0"" made us all reliant on centralized operators—Big Tech companies that amass our data for profit.

In Poland, we have watched with alarm as a consortium of ever more powerful, monopolistic Big Tech companies have done what was once unthinkable: de-platforming a sitting U.S. president. For us, this example—which has alarmed presidents and prime ministers across Europe and, indeed, the world—is merely the straw that broke the camel's back. The debate about who and what social media companies should be able to ban is now firmly in the public eye.

For the",2021-01-21,Newsweek.com,,1,1,1,1,0,0,True,True,Problem,problem,problem,"['problem', 'neutral']","['A2Q1YS118AO2BP', 'A2ZUCKYJE4DPV7']"
frames_news_35,solution,"President Trump risks losing a valuable megaphone. Facebook risks nothing much at all.

<figure class=""embed-base image-embed embed-0"">

<figcaption>

President Trump and First Lady Melania Trump attend an event to commemorate the 75th anniversary of the D-Day landings, in Portsmouth, southern England, on June 5, 2019. (Photo by Tolga AKMEN / AFP) (Photo by TOLGA AKMEN/AFP via Getty Images)

AFP via Getty Images

</figcaption> </figure>

President Trump has, momentarily at least, lost an important friend: Facebook. The estrangement will likely matter much more to him than to the social media site.

The platform, where he has 35 million followers, has been one of the president s most important political tools, a place he s used to dispense conspiracy theories and spread misinformation. To volley insults against opponents and heap praise on supporters. And a place he used to encourage violence and chaos at the Capitol Building on Wednesday.

A day later, Facebook said it was indefinitely barring him from its app and from Instagram and that the ban would last at least through Joe Biden s presidential inauguration on Jan. 20, a step Facebook hopes will cut down on the likelihood of more destruction during the presidential transition s final days.

While it's not clear how long Trump s Facebook",44203,Forbes.com,Trump Ban: Why The President Needs Facebook More Than It Needs Him,1,1,0,0,1,1,True,True,Solution,solution,solution,"['neutral', 'solution']","['A1FP3SH704X01V', 'A2YYQJ3JWA2KGD']"
frames_news_36,solution,"WASHINGTON

President Donald Trump delivered a strong warning Tuesday to protestors in Washington, vowing to use force if they tried to create a police-free ""autonomous zone"" in the U.S. capital.

In a series of tweets that earned the U.S. leader his own warning from Twitter for ""abusive behavior,"" Trump also threatened stiff prison sentences for ""anarchists"" who damage national monuments during a wave of nationwide demonstrations.

""I have authorized the Federal Government to arrest anyone who vandalizes or destroys any monument, statue or other such Federal property in the U.S. with up to 10 years in prison,"" Trump tweeted Tuesday morning.

""There will never be an 'Autonomous Zone' in Washington, D.C., as long as I'm your President. If they try they will be met with serious force!"" he wrote.

Protestors in central Seattle created an ""autonomous zone"" two weeks ago, sparking outrage among conservatives.

Twitter announced that Trump's use of threatening language violated its policies, and placed a warning tag on the ""serious force"" tweet that required users to click on it to be able to see Trump's words.

""This tweet violated the Twitter rules about abusive behavior,"" the company said.

The threats came one day after police used pepper spray to disperse demonstrators who tried to topple",44006,Yerepouni Daily News,Twitter puts warning notice on Trump tweet for 'abusive behavior',1,1,0,0,1,1,True,True,Solution,solution,solution,"['solution', 'neutral']","['A1FP3SH704X01V', 'A3O81LHBBI8NPK']"
frames_news_37,solution,"The House Energy and Commerce Committee announced Thursday that the virtual hearing will occur March 25.

Facebook CEO Mark Zuckerberg, Google CEO Sundar Pichai and Twitter CEO Jack Dorsey have agreed to testify remotely next month at a House hearing on misinformation and disinformation - the latest in what has become a series of Capitol Hill grillings for major Silicon Valley executives.

The House Energy and Commerce Committee announced Thursday that the virtual hearing will occur March 25.

The session comes weeks after the violent Jan. 6 attack on the U.S. Capitol, which fueled a Democratic uproar over the amount of planning that transpired openly on both major and fringe online platforms. During that riot, supporters of then-President Donald Trump attempted to stop lawmakers from certifying the election win of President Joe Biden.

The House committee's Democratic leaders singled out bogus claims of election fraud in their statement announcing next month's hearing, but also pointed to broader concerns about misinformation.

""Whether it be falsehoods about the COVID-19 vaccine or debunked claims of election fraud, these online platforms have allowed misinformation to spread, intensifying national crises with real-life, grim consequences for public health and safety,"" Energy and Commerce Chair Frank Pallone (D-N.J.) said in a joint",44245,Politico.com,"Facebook, Google and Twitter CEOs testifying again before Congress next month",1,1,0,0,1,1,True,True,Solution,solution,solution,"['problem', 'problem']","['A1FP3SH704X01V', 'A2Q1YS118AO2BP']"
frames_news_38,solution,"New Delhi, Jan. 28 -- Union Minister Anurag Thakur was caught on camera on Monday chanting the first half of the slogan to which the people present at a rally in Delhi concluded saying ""gun down traitors.""

In the video, which has been widely shared, Thakur was heard saying: ""desh ke gaddaron ko"", to which the crowd enthusiastically replied ""goli maaro sa***n ko"" which means the ""traitors of the country should be shot down.""Thakur is the BJP candidate in North West Delhi.

But controversy has been raised since Thakur was present at the rally where this kind of chant was heard and that the Union Minister remained unfazed by them.

The Election Commission has told NDTV that they would take necessary action against a video speech received from Rithala constituency.

Earlier BJP leader Kapil Mishra made an alleged communal tweet against those protesting the Citizenship Amendment Act ahead of the Delhi assembly polls.

The poll body had then asked micro-blogging site Twitter to remove the post that called the protest areas in Delhi against CAA as ""mini-Pakistans.""

The EC had slammed the comment as ""highly objectionable"" and that it ""appeals to communal feelings.""

In another post, he had termed the Delhi Assembly Election as ""India vs Pakistan""",43858,India Blooms,Delhi polls: 'Shoot down traitors' chants emerge at Anurag Thakur's rally,1,1,0,0,1,1,True,True,Solution,solution,solution,"['problem', 'problem']","['A1FP3SH704X01V', 'A2Q1YS118AO2BP']"
frames_news_39,problem,"As the new Biden-Harris administration assumes power, the most basic American freedom of speech and expression is under unprecedented threat.

For the first time ever, I am concerned about my freedom to do my work, to run a policy institute addressing issues of culture, race and poverty from a conservative perspective.

Technology - the internet - which was largely nonexistent just 25 years ago, now plays a huge role in our lives as a tool of communication.

In a survey just published by the Pew Research Center, 86% say they ""often"" or ""sometimes"" get their news from a digital device - smartphone, tablet or computer. This compared with 68% who say they ""often"" or ""sometimes"" get their news from television, 50% who get it from radio and 32% who get it from print publications.

According to Statista.com, the United States has 223 million Facebook users, almost the size of the entire U.S. population over age 18. Per Pew, 22% of U.S. adults use Twitter.

These developments have put enormous power at the disposal of technology firms over what we see and read.

Power alone doesn't worry me. Exclusive power, power to control, does.

The decision by Twitter to kick the president of the United States off of",44217,Denton Record-Chronicle (Texas),Our freedom to speak is now seriously threatened,1,1,1,1,0,0,True,True,Problem,problem,problem,"['problem', 'neutral']","['A1FP3SH704X01V', 'A2Q1YS118AO2BP']"
frames_news_40,solution,"Feb 11, 2021( StopFake.org: http://stopfake.org/en/ Delivered by Newstex) ;;; Photo byOcean Ng[1]onUnsplash[2] Plus: A thorough report on why social media is not biased against conservatives, and TikTok takes new steps to reduce the spread of unverified videos.ByLaura Hazard Owen, for NiemanLab[3]The growing stream of reporting on and data about fake news, misinformation, partisan content, and news literacy is hard to keep up with. Thisweekly roundup[4]offers the highlights of what you might have missed.Debunking > prebunking.If you want someone tonotbelieve that false or misleading headline they just read, when's the best time to correct it? We hear a lot about inoculating people against fake news or'prebunking'[5]it, but new research shows that the best time to fact-check a false headline and have subjects remember the fact-check a week later isafterthe subject has already read the headline. Presenting corrections after and during exposure to false headlines decreased belief one week later.

While all three treatments increased belief in true headlines one week later, supplying corrections after exposure was most effective. 4/10 pic.twitter.com/pFqNQvbM9O[6] Nadia Brashier (@nadiabrashier) January 26, 2021[7]Nadia Brashear, Gordon Pennycook, Adam J. Berinsky, and David G. Randwrite[8]in PNAS:[The] key challenge is making corrections memorable. Debunking was more effective than labeling, emphasizing the power",2021-02-11,Newstex Blogs,"When's the best time to correct fake news? After someone's already read it, apparently",1,1,0,0,1,1,True,True,Solution,solution,solution,"['problem', 'solution']","['A1FP3SH704X01V', 'A2Q1YS118AO2BP']"
frames_news_41,solution,"QAnon is running out of major online platforms where it can spread its conspiracies.

In a statement to NPR , the viral video app TikTok has confirmed that it bans accounts spreading QAnon disinformation.

QAnon is a far right conspiracy theory based on the unfounded belief that President Donald Trump is secretly battling a satanic global child-trafficking ring run by the Democrats and liberal Hollywood elites.

""Content and accounts that promote QAnon violate our disinformation policy and we remove them from our platform,"" a TikTok spokesperson said in a statement to Mashable. ""We've also taken significant steps to make this content harder to find across search and hashtags by redirecting associated terms to our Community Guidelines.""

TikTok had already updated its policies over the past few months in order to limit the spread of disinformation on the platform. The company began to impose stricter policies on what was allowed, specifically when it came to election and coronavirus-related misinformation. Those rule changes came about as the company struggled with its own battle in the United States, as the Trump administration sought to ban the app over its connections to its Chinese parent company, ByteDance.

As TikTok mentioned in its statement, the account ban policy isn't the",44123,Mashable.com,TikTok makes it clear: QAnon is prohibited on the platform,1,1,0,0,1,1,True,True,Solution,solution,solution,"['problem', 'neutral']","['A2Q1YS118AO2BP', 'A2ZUCKYJE4DPV7']"
frames_news_42,solution,"(CNN Business) -- Facebook has taken its first steps to curb highly-convincing videos known as deepfakes that have been manipulated using artificial intelligence.

The social media platform announced the change in a blog post, saying it would remove videos that have been manipulated using artificial intelligence or machine learning to make it appear that the subject has said words they did not.

But Facebook stopped well short of a comprehensive ban for deepfakes, carving out exemptions for parody or satire, and videos that have been ""edited solely to omit or change the order of words."" And the approach immediately ran into criticism from some experts and politicians, who argued the company should go much further.

Facebook has been slammed many times in the past for its failure to stop the spread of misinformation and hate speech. Deepfakes represent a new challenge for the company ahead of the 2020 US presidential election, a contest that is expected to breed huge amounts of fake news and disinformation that could mislead voters.

Hany Farid, a professor of digital forensics at the University of California, Berkeley, said that Facebook's attempt to create a coherent policy on misinformation was a ""positive step."" But he said the new policy was",43837,CNN Wire,Facebook tries to curb deepfake videos as 2020 election heats up,1,1,0,0,1,1,True,True,Solution,solution,solution,"['problem', 'solution']","['A2Q1YS118AO2BP', 'A2WGW5Y3ZFBDEC']"
frames_news_43,solution,"YouTube announced Thursday that it had made updates to its hate and harassment policies that resulted in a further purge of videos about the QAnon conspiracy theory.

In a blog post on Thursday, YouTube said it was updating the policies ""to prohibit content that targets an individual or group with conspiracy theories that have been used to justify real-world violence.""

The social media platform said the new policy would ban videos that ""threatens or harasses someone by suggesting they are complicit in one of these harmful conspiracies, such as QAnon or Pizzagate.""

It's unclear how many videos, users or channels would be removed from the platform due to the policy changes.

YouTube is the latest social media platform to crack down on content that espouses the conspiracy. In July, Twitter eliminated thousands of QAnon-linked accounts and limited others from spreading content linked to the conspiracy. Last week, Facebook said it would ban any page, group or Instagram account that represents QAnon.

QAnon is a conspiracy theory that began on anonymous imageboard 4chan in 2017, which alleges that President Donald Trump is fighting a secret cabal of pedophiles and Satanists run by his political opponents, A-list celebrities and other global leaders. After jumping from 4chan to",44119,"CBS - 3 WTKR (Norfolk-Portsmouth, Virginia)","YouTube cracks down on QAnon conspiracy theory by expanding hate, harassment policies",1,1,0,0,1,1,True,True,Solution,solution,solution,"['solution', 'solution']","['A2Q1YS118AO2BP', 'A2ZUCKYJE4DPV7']"
frames_news_44,problem,"Today U.S. Senator Josh Hawley (R-Mo.) introduced a bill to empower Americans to sue Big Tech companies who act in bad faith by selectively censoring political speech and hiding content created by their competitors. Cosponsored by Senators Marco Rubio (R-Fla.), Mike Braun (R-Ind.), Tom Cotton (R-Ark.), and Kelly Loeffler (R-Ga.) Senator Hawley's bill would prohibit Big Tech companies from receiving Section 230 immunity unless they update their terms of service to promise to operate in good faith and pay a $5,000 fine (or actual damages, if higher) plus attorney's fees if they violate that promise.

""For too long, Big Tech companies like Twitter, Google and Facebook have used their power to silence political speech from conservatives without any recourse for users. Section 230 has been stretched and rewritten by courts to give these companies outlandish power over speech without accountability. Congress should act to ensure bad actors are not given a free pass to censor and silence their opponents.""

Senator Josh Hawley

Senator Rubio said, ""Recent actions by Big Tech call into question the legal immunities that social media companies enjoy under Section 230 and whether these firms live up to their obligations. It is time to take a fresh look at the",43999,Congressional Documents and Publications,Senator Hawley Announces Bill Empowering Americans to Sue Big Tech Companies Acting in Bad Faith,1,1,1,1,0,0,True,True,Problem,problem,problem,"['problem', 'solution']","['A1FP3SH704X01V', 'A2Q1YS118AO2BP']"
frames_news_45,neutral,"OAKLAND, Calif. —

Facebook is tightening its policy against QAnon, the baseless conspiracy theory that paints President Donald Trump as a secret warrior against a supposed child-trafficking ring run by celebrities and ""deep state' government officials.

The company said Tuesday that it will remove Facebook pages, groups and Instagram accounts for ""representing QAnon"" — even if they don't promote violence. Facebook did not immediately explain what it means for Facebook groups to ""represent"" QAnon.

Less than two months ago, Facebook said it would stop promoting the group and its adherents, although it faltered with spotty enforcement. It said it would only remove QAnon groups if they promote violence. That is no longer the case.

The company said it is starting to enforce the policy as of Tuesday but cautioned that it ""will take time and will continue in the coming days and weeks.""

The QAnon phenomenon has sprawled across a patchwork of secret Facebook groups, Twitter accounts and YouTube videos in recent years. QAnon has been linked to real-world violence such as criminal reports of kidnapping and dangerous claims that the coronavirus is a hoax.

But the conspiracy theory has also seeped into mainstream politics. Several Republican running for Congress this year are QAnon-friendly.

By the time",2020-10-06,"NBC - 13 WVTM (Birmingham, Alabama)",Facebook will remove groups tied to QAnon,1,1,0,0,0,0,True,True,Neither,neutral,neutral,"['solution', 'problem']","['A37WXDYYT7RCZ0', 'A3RYI5HXC2MJLN']"
frames_news_46,solution,"May 09, 2020( PA Pundits: http://papundits.wordpress.com/ Delivered by Newstex) By Corinne Weaver ~ The first half of the conspiracy documentary, Plandemic, was removed several times from YouTube, according to The Washington Post[1]. Twitter and Facebook also made statements to other media outlets confirming that both platforms were suppressing hashtags and content related to the documentary. A YouTube spokesperson told The Post that the company takes down 'content that includes medically unsubstantiated diagnostic advice for covid-19.' This includes Plandemic.

The 26-minute long clip featured an interview with Judy Mikovits[2], a former medical researcher and critic of the National Institute of Allergies and Infectious Diseases director Dr. Anthony Fauci. In the interview, Mikovits touted a medical paper that she had written that eventually was retracted. She also claimed that the coronavirus was not a 'natural occurrence,' according to CNET. The video found a home on Vimeo until that platform took it down as well. Vimeo told The Post that the company 'stands firm in keeping our platform safe from content that spreads harmful and misleading health information. The video in question has been removed by our Trust &#38; Safety team for violating these very policies.' According to CNET, Facebook also confirmed that it",43960,Newstex Blogs,"YouTube, Facebook, Twitter Censor Controversial Documentary",1,1,0,0,1,1,True,True,Solution,solution,solution,"['problem', 'solution']","['A1FP3SH704X01V', 'A2Q1YS118AO2BP']"
frames_news_47,problem,"Gov. Ron DeSantis did what he needed to do in signing Florida's new Big Tech law, even though the statute fairly shouts its unconstitutionality.

The Constitution's very First Amendment, the cherry on top of the whole Bill of Rights, says the government can't infringe on freedom of the press or freedom of speech. If they could have foreseen Facebook, Twitter and the sewer that so much of social media has become, the Founders probably would have written it differently.

But they didn't.

So as much as we might wish to make those information giants stop ""de-platforming"" those whose ideas they find false or dangerous, we can't. It's their platform.

The bill DeSantis signed would impose fines of $250,000 a day on tech giants for removing statewide political candidates from their platforms. The fine would be $25,000 a day for a non-statewide candidate.

Individual users stifled by the companies can sue them, under the law DeSantis signed Monday. Users must be notified when their postings are censored or tagged with a warning of false or disputed information.

An odd part of the law provides an exemption for companies owning theme parks like Walt Disney Co., which owns the Disney+ streaming service. A skeptic might wonder why, if",2021-05-28,The Gainesville Sun (Florida),DeSantis will lose fight with cyber censors,1,1,1,1,0,0,True,True,Problem,problem,problem,"['problem', 'neutral']","['A2Q1YS118AO2BP', 'A2WGW5Y3ZFBDEC']"
frames_news_48,solution,"Dec 10, 2020( Inside Search Blog: http://insidesearch.blogspot.com/ Delivered by Newstex) Since the outbreak of COVID-19, teams across Google have worked to provide quality information and resources to help keep people safe, and to provide public health, scientists and medical professionals with tools to combat the pandemic. We've launched more than 200 new products, features and initiatives including the Exposure Notification API[1] to assist contact tracing and have pledged over $1 billion to assist our users, customers and partners around the world.As the world turns its focus to the deployment of vaccines, the type of information people need will evolve. Communities will be vaccinated at an unprecedented pace and scale.

This will require sharing information to educate the public, including addressing vaccine misperceptions and hesitance, and helping to surface official guidance to people on when, where and how to get vaccinated.Today, we're sharing about how we're working to meet these needs through our products and partnering with health authorities while keeping harmful misinformation off our platforms. Raising authoritative information Beginning in the United Kingdom, we're launching a new feature on Search so when people look up information for COVID-19 vaccines, we will surface a list of authorized vaccines in their location, as",44175,Newstex Blogs,How you'll find accurate and timely information on COVID-19 vaccines,1,1,0,0,1,1,True,True,Solution,solution,solution,"['neutral', 'neutral']","['A1FP3SH704X01V', 'A37WXDYYT7RCZ0']"
frames_news_49,solution,"Facebook has referred its decision to suspend Donald Trump’s account to its independent oversight board for review, the first big test of th... Facebook has referred its decision to suspend Donald Trump’s account to its independent oversight board for review, the first big test of the social media company’s newly formed “Supreme Court” appeals body. The social...

Facebook has referred its decision to suspend Donald Trump’s account to its independent oversight board for review, the first big test of th...

Facebook has referred its decision to suspend Donald Trump’s account to its independent oversight board for review, the first big test of the social media company’s newly formed “Supreme Court” appeals body. 

The social media platform suspended Mr Trump’s account “indefinitely” this month over fears he could wield it to incite further violence following the storming of the US Capitol by a mob of his supporters.

Nick Clegg, Facebook’s head of global affairs, wrote in a blog post on Thursday that the suspension was “necessary and right”. 

But he added: “Given its significance, we think it is important for the board to review it and reach an independent judgment on whether it should be upheld.”

Facebook will also encourage recommendations from the board more",44217,FT.com Headlines,Facebook ‘Supreme Court’ to review Trump ban,1,1,0,0,1,1,True,True,Solution,solution,solution,"['problem', 'solution']","['A1FP3SH704X01V', 'A2WGW5Y3ZFBDEC']"
frames_news_50,solution,"Twitter removed a ""misleading"" tweet downplaying the efficacy of masks posted by a top coronavirus adviser to President Donald Trump, while U.S. cases surged before the Nov. 3 election, Trend reports citing Reuters.

As the Trump administration fends off accusations that its mixed messaging on wearing masks hampered the fight against the coronavirus, Dr. Scott Atlas continued to minimize the importance of masks with a Twitter post on Saturday, saying, ""Masks work? NO.""

Twitter Inc removed the tweet on Sunday, saying it violated its misleading information policy on COVID-19, which targets statements that have been confirmed to be false or misleading by subject-matter experts.

The White House had no immediate comment on the decision.

New infections have been rising fast in the United States, according to a Reuters analysis, with more than 69,400 reported on Friday, up from 46,000 a month ago. Total U.S. cases have surpassed 8 million.

Trump, who was hospitalized with the disease for three nights in early October, has been criss-crossing the country in a surge of 11th-hour campaigning as he lags in many public opinion polls. His rallies draw thousands of supporters in close quarters, with many not wearing masks despite federal coronavirus guidelines.

Despite data showing otherwise, Trump has said",44123,Trend Business Review - Azerbaijan,Twitter raps Trump COVID-19 adviser as U.S. cases rise,1,1,0,0,1,1,True,True,Solution,solution,solution,"['problem', 'solution']","['A1FP3SH704X01V', 'A2Q1YS118AO2BP']"
frames_news_51,neutral,"Facebook plans to spend $2M to fund research to enrich its understanding of the ""challenges related to misinformation, polarization, information quality, and conflict on social media and social technology platforms,"" according to its RFP.

The goal is ""to minimize the effects of negative experiences people encounter on our platforms.""

The RFP lists areaS of exploration as:

Health Misinformation.... ""Proposals around how to categorize and detect such content, how it spreads, the motivations that drive creation/distribution.""

Quantifying harms of information... ""Factors including its perceived credibility, resistance to correction after exposure, and downstream consequences.""

Information processing of sensational, hateful, divisive or provocative content.... ""Understanding how people across different backgrounds, communities, and cultures interact with, are affected by, and decide to promote or share the spectrum of possibly problematic content.""

Dangerous speech, conflict and violence... ""Projects that focus on actors, content, and behaviors related to sharing inflammatory, offensive, or dangerous content are encouraged.""

Misinformation, multimedia and formats...""We are interested in cognition and susceptibility in the face of either simple or advanced manipulated multimedia.""

News, trust and information quality... ""Proposals that examine news consumers' and non-consumers' exposure to, interaction with, and understanding of qualities of information.""

Digital literacy, demographics and misinformation... ""Proposals that explore the relation between digital literacy and vulnerability to misinformation.""

The",43941,,FACEBOOK FLOATS $2M RESEARCH RFP,1,1,0,0,0,0,True,True,Neither,neutral,neutral,"['problem', 'neutral']","['A2Q1YS118AO2BP', 'A3O81LHBBI8NPK']"
frames_news_52,solution,"Mar 24, 2021( Techdirt: http://www.techdirt.com Delivered by Newstex) There have been rumors for ages that former President Donald Trump might ""start"" a social network of his own, and of course, that talk ramped up after he was (reasonably) banned[1] from both Twitter and Facebook. Of course Trump is not particularly well known for successfully ""starting"" many businesses. Over the last few decades of his business career, he seemed a lot more focused on just licensing his name[2] to other businesses, often of dubious quality. So it was no surprise when reports came out last month that, even while he was President, he had been in talks with Parler[3] to join that site in exchange for a large equity stake in the Twitter-wannabe-for-Trumpists.

For whatever reason, that deal never came to fruition. But, over the weekend, Trump spokesperson (and SLAPP suit filer[4]) Jason Miller told Fox News that Trump was preparing to launch his own social network[5] in the next few months. Amusingly, right before Miller made this claim, he noted exactly what I had said about how Trump being banned from Twitter and Facebook wasn't censorship, since Trump could get all the press coverage he wanted:'The president's been off of social",44279,Newstex Blogs,"If Trump Ever Actually Creates A Social Network Of His Own, You Can Bet It Will Rely On Section 230",1,1,0,0,1,1,True,True,Solution,solution,solution,"['problem', 'problem']","['A1FP3SH704X01V', 'A2Q1YS118AO2BP']"
frames_news_53,solution,"•PM is the latest public figure to criticise Wiley and social networks' lack of action•Tracy-Ann Oberman has led thousands into 48-hour boycott of Twitter•Lord Sugar, TV presenter Rachel Riley and many politicians are also taking part•UK's chief rabbi has written to Jack Dorsey and Mark Zuckerberg over inaction•Follows posts from London rapper Wiley blaming Jews for the slave trade•Wiley posted videos on anti-Semitic theories on Instagram - they're untouched

PM is the latest public figure to criticise Wiley and social networks' lack of action

Tracy-Ann Oberman has led thousands into 48-hour boycott of Twitter

Lord Sugar, TV presenter Rachel Riley and many politicians are also taking part

UK's chief rabbi has written to Jack Dorsey and Mark Zuckerberg over inaction

Follows posts from London rapper Wiley blaming Jews for the slave trade

Wiley posted videos on anti-Semitic theories on Instagram - they're untouched

Boris Johnson today laid into Wiley after thousands boycotted Twitter for 48 hours over its failure to close his account while Instagram declined to remove any of the rapper's anti-Semitic and racist posts at all.

The Prime Minister believes the grime artist's messages were 'abhorrent' and warned that 'social media companies need to go much further and faster in removing hateful content. The message is",44039,MailOnline,"Boris Johnson slams Twitter's slow response to Wiley's 'abhorrent' anti-Semitic rant as Lord Sugar, Rachel Riley and Gary Lineker lead 48-hour boycott of the site - but rapper's racist posts are STILL up on Instagram after two days",1,1,0,0,1,1,True,True,Solution,solution,solution,"['problem', 'solution']","['A1FP3SH704X01V', 'A2Q1YS118AO2BP']"
frames_news_54,solution,"Facebook will appear before South Africa’s Parliament on 25 May, after being asked by the Democratic Alliance (DA) to...

Facebook will appear before South Africa’s Parliament on 25 May, after being asked by the Democratic Alliance (DA) to explain how it intends to stop the spread of misinformation. “The reason for inviting Facebook was with the view of ascertaining what step...

Facebook will appear before South Africa’s Parliament on 25 May, after being asked by the Democratic Alliance (DA) to explain how it intends to stop the spread of misinformation. “The reason for inviting Facebook was with the view of ascertaining what steps the tech giant will be taking in tackling harmful misinformation, particularly as we inch towards the 2021 Local Government Election,” said DA Member of Parliament Phumzile Van Damme. The protection of data of users of WhatsApp and payment for news content carried on Facebook will also be discussed. Amy MacIver interviewed Van Damme. The initial request was motivated after scenes at the US Capital after their election. Social media played a pivotal role in the misinformation that led to that attack. Phumzile Van Damme, Member of Parliament - Democratic Alliance We see a lot of misinformation about foreign nationals,",44330,MSN South Africa,"DA to haul Facebook before Parliament about misinformation, new WhatsApp terms",1,1,0,0,1,1,True,True,Solution,solution,solution,"['problem', 'solution']","['A1FP3SH704X01V', 'A2Q1YS118AO2BP']"
frames_news_55,problem,"Lt. Gov. Dan Patrick on Wednesday is asking Gov. Greg Abbott to call a special session of the Texas Legislature in June to advance three pieces of GOP-backed legislation that died in the Texas House at midnight on Tuesday. The bills sought to ban transgender students from playing on sports teams based on their gender identity, prohibit...

Lt. Gov. Dan Patrick on Wednesday is asking Gov. Greg Abbott to call a special session of the Texas Legislature in June to advance three pieces of GOP-backed legislation that died in the Texas House at midnight on Tuesday. The bills sought to ban transgend...

Lt. Gov. Dan Patrick on Wednesday is asking Gov. Greg Abbott to call a special session of the Texas Legislature in June to advance three pieces of GOP-backed legislation that died in the Texas House at midnight on Tuesday. The bills sought to ban transgender students from playing on sports teams based on their gender identity, prohibit local governments from using taxpayer funds to pay for lobbyists and punish social media companies for ""censoring"" Texans based on their political viewpoints. ""The TxHouse killed these conservative bills that majority of Texans in both parties support,"" Patrick tweeted. Asking @GregAbbott_TX to call",2021-05-26,KTRK TV,Lt. Gov. Dan Patrick wants special session over 3 failed bills,1,1,1,1,0,0,True,True,Problem,problem,problem,"['neutral', 'solution']","['A1FP3SH704X01V', 'A2Q1YS118AO2BP']"
frames_news_56,solution,"Twitter now has a birdwatch that will help keep a check on misinformation. In an effort to crack down on misinformation on the platform, Twitter is looking to crowdsource a solution with its new feature Birdwatch. Birdwatch taps...

Twitter now has a birdwatch that will help keep a check on misinformation. In an effort to crack down on misinformation on the platform, Twitter is looking to crowdsource a solution with its new feature Birdwatch. Birdwatch taps into a network of engaged t...

Twitter now has a birdwatch that will help keep a check on misinformation. In an effort to crack down on misinformation on the platform, Twitter is looking to crowdsource a solution with its new feature Birdwatch. Birdwatch taps into a network of engaged tweeters to add notes to misleading tweets. The platform has announced that they are rolling out Birdwatch notes to pilot participants on desktop, Android, and iOS. The pilot version of TwitterBirdwatch was launched earlier in January this year and the platform had described it as a way to add context to misinformation in real-time. Hey there! Exciting news ð. Now, when you’re browsing Twitter on Android, iOS, or https://t.co/lEjTtR4BGM, you may see Tweets with Birdwatch notes. Notes",2021-06-04,TechMoran,Here’s How Twitter’s Birdwatch Will Help Keep A Check On Misinformation,1,1,0,0,1,1,True,True,Solution,solution,solution,"['solution', 'problem']","['A1FP3SH704X01V', 'A2Q1YS118AO2BP']"
frames_news_57,problem,"PR Newswire

 Callagy Law, P.C., one of the country's leading law firms, last week filed a petition with the U.S. Supreme Court (No. 20-632) that challenges the 1996 Communications Decency Act (""CDA""), Subsection 230 (c)(2)(A), questioning the limits of big technology's ""blanket immunity"" rights and arguing that social media companies should not have unfettered ability to shape, censor and distort information on their platforms.



Together with Jeffrey Greyber, Esq., Michael Smikun, Esq., and Constance Yu, Esq. (of Putterman / Yu, LLP.), Callagy Law is representing Jason Fyk, in Fyk v. Facebook. A former information provider, Fyk sued Facebook after the social media giant removed his pages for decency reasons. At the time, Fyk, who had amassed roughly 25 million organic followers, had opted out of a paid promotional program. But after Fyk sold his content to a competitor who was paying Facebook tens of millions in advertising, Facebook deemed the formerly objectionable material no longer objectionable.

""Social media companies can have limited, narrow immunity under the CDA because they are not, typically, the primary publishers of content,"" said Sean Callagy, founder and president of Callagy Law. ""The impetus of the CDA, when enacted 24 years ago, was to protect children from internet",44159,PR Newswire,Callagy Law Files Petition With The U.S. Supreme Court Seeking To Overturn Big Tech's Blanket Immunity Rights,1,1,1,1,0,0,True,True,Problem,problem,problem,"['solution', 'problem']","['A2Q1YS118AO2BP', 'A2ZUCKYJE4DPV7']"
frames_news_58,neutral,"A version of this article first appeared in the “Reliable Sources” newsletter. You can sign up for free right here. Usually, when social media executives are brought to testify in front of Congress, the hearings are centered on specific policies and types of content, misinfo and foreign interference, antitrust issues, and privacy concerns. What doesn’t quite get...

A version of this article first appeared in the “Reliable Sources” newsletter. You can sign up for free right here. Usually, when social media executives are brought to testify in front of Congress, the hearings are centered on specific policies and types ...

A version of this article first appeared in the “Reliable Sources” newsletter. You can sign up for free right here. Usually, when social media executives are brought to testify in front of Congress, the hearings are centered on specific policies and types of content, misinfo and foreign interference, antitrust issues, and privacy concerns. What doesn’t quite get as much attention are the engines that drive these platforms: their algorithms. That’s what makes Tuesday’s Senate Judiciary hearing with Facebook, Twitter, and YouTube different. The hearing is entirely focused on social media algorithms. “Nearly all social media platforms — including the three companies represented",44313,KABC,Social media algorithms to face scrutiny as lawmakers look to ‘curb the amplification of misinformation’,1,1,0,0,0,0,True,True,Neither,neutral,neutral,"['problem', 'problem']","['A2Q1YS118AO2BP', 'A3RYI5HXC2MJLN']"
frames_news_59,solution,"Ofcom will be askedto police tech firms under government plans to crack down on harmful online content.

A major shake-up, to be unveiled on Wednesday, will see online companies asked to sign up to a new ""duty of care"" towards users.

This will be overseen by the communications watchdog, which will be able toorder them to quickly take down content promoting violence, terrorism, child abuse and cyber-bullying.

Platforms will also be asked to ""minimise the risks"" of the content appearing at all, and the Government will hold out the prospect of fines for firms that do not comply with the new rules.

The plans come in the Government's first response to the Online Harms consultation, which was launched last year and vowed to tackle ""illegal and unacceptable content"" and ""make companies more responsible for their users' safety online, especially children and other vulnerable groups"".

It will see Ofcom - which already regulates television and radio broadcasters - draw up guidelines telling companies which content they can and cannot have on their sites.

The Financial Times reports that the watchdog could then be given the power to force firms to take down content deemed harmful, with the regulator asked to decide whether fines or legal prosecution should",43873,Politics Home (Online),Ministers will ask Ofcom to police the internet in bid to combat 'unacceptable' bullying and terror content,1,1,0,0,1,1,True,True,Solution,solution,solution,"['solution', 'problem']","['A1FP3SH704X01V', 'A2Q1YS118AO2BP']"
frames_news_60,problem,"Apr 10, 2021( Newsbusters.org: http://newsbusters.org/ Delivered by Newstex) Justin Opinion, a popular YouTube channel that reviews guns, gears, and ammo, has been demonetized because YouTube deems the content 'harmful.'The channel has racked up more than 23 million total views and over 84,000 subscribers since 2012. Now, the channel is unable to earn money from the advertisements shown in the clips.According to Reclaim the Net, the platform targeted[1] content from the stream of a peaceful protest, since the channel 'show[ed] someone holding, handling, or transporting a firearm.'The platform's reasoning is unfair, said Justin. He says he's never violated any of YouTube's content rules.'From where I sit, it seems extremely arbitrary,' Justin explained[2]. 'There was no information given that was of any use to me. I have always tried to comply with policies and to the best of my knowledge, I do comply with their policies of YouTube and, but they say 'harmful content' is the reason.'Justin noted that because his channel is so small, he doesn't have a way to discuss the decision with the platform or appeal the decision.'#8216;We've made this arbitrary and vague ruling that drastically affects you, good luck with that,'' Justin added.He further noted that since the",2021-04-10,Newstex Blogs,YouTube Blasts Popular Pro-Gun Channel with Demonetization,1,1,1,1,0,0,True,True,Problem,problem,problem,"['solution', 'solution']","['A1FP3SH704X01V', 'A2Q1YS118AO2BP']"
frames_news_61,solution,"Pakistan on Friday banned the wildly popular video-sharing app TikTok, as authorities press their clampdown on “immoral” content. Chinese-owned TikTok, which has become a global sensation with its short video clips, has a huge user base among young Pakistanis, with some attracting millions of followers. But it has come up against backlash in the ultra-conservative Islamic country, where […]



TikTok’s 90 days in the cooking pot





Pakistan on Friday banned the wildly popular video-sharing app TikTok, as authorities press their clampdown on “immoral” content.

Chinese-owned TikTok, which has become a global sensation with its short video clips, has a huge user base among young Pakistanis, with some attracting millions of followers.

But it has come up against backlash in the ultra-conservative Islamic country, where in recent months several dating apps including Tinder and Grindr have also been banned and YouTube threatened with shutdown.

The Pakistan Telecommunication Authority (PTA) on Friday said TikTok had failed to adhere to two warnings, which had demanded it block “immoral, obscene and vulgar” content.

“The application failed to fully comply with the instructions, therefore, directions were issued for blocking of TikTok application in the country”, the PTA said in a statement.



Pakistanis were unable to access the app on Friday evening.

Arslan Khalid,",2020-10-09,Asia Times-English,Pakistan bans TikTok over ‘immoral content’,1,1,0,0,1,1,True,True,Solution,solution,solution,"['problem', 'solution']","['A1FP3SH704X01V', 'A2YYQJ3JWA2KGD']"
frames_news_62,problem,"Feb 18, 2021( The Geller Report: https://gellerreport.com Delivered by Newstex) ; Totally disgusting, but entirely predictable.Quick note: Tech giants are snuffing us out. You know this. Twitter, LinkedIn, Google Adsense permenently banned us. Facebook, Twitter, Google search et al have shadowbanned, suspended and deleted us from your news feeds.

They are disappearing us. But we are here. Help us fight. Subscribe to Geller Report newsletter here it's free and it's critical NOW more than ever. Share our posts on social and with your email contacts. [1] 'I'm Glad Rush Limbaugh Lived Long Enough To Get Cancer And Die.' Blue-Check Leftists Celebrate Rush Limbaugh's DeathBy Daily Wire[2], February 17, 2021 Following an unfortunately familiar pattern in the aftermath of the death of a conservative figure, Leftists rushed to mock Rush Limbaugh and celebrate news of his death after a year-long battle with lung cancer. Among those cheering Limbaugh's death were a host of blue checkmarks on Twitter, including celebrities, political commentators, and journalists. Here are just a few examples.Rush Limbaugh was a coward and white supremacistCharlotte Clymer, whose Twitter bio states that she works for the pro-abortionCatholics for Choice, took to the social media platform and described Limbaugh as a 'coward and",44245,Newstex Blogs,"Democrats, Leftists Celebrate Rush Limbaugh's Death with heinous death tweets",1,1,1,1,0,0,True,True,Problem,problem,problem,"['solution', 'problem']","['A2Q1YS118AO2BP', 'A3O81LHBBI8NPK']"
frames_news_63,solution,"YouTube has already implemented a large number of different policies that have helped to maintain that in a responsible way, Susan Wojcicki said.

Topline

YouTube CEO Susan Wojcicki said in an interview Monday that the company is looking at its QAnon policy, but stopped short of committing to an outright ban as Facebook did last week.

<figure class=""embed-base image-embed embed-2"">

<figcaption>

Susan Wojcicki speaks onstage at the WIRED25 Summit in San Francisco.

Matt Winkelmeyer/Getty Images for WIRED25

</figcaption> </figure>

Key Facts

In an interview on the Boss Files podcast with CNN anchor Poppy Harlow, WojcickisaidYouTube is looking very closely at QAnon and has already implemented a large number of different policies that have helped to maintain that in a responsible way.""

As it stands, YouTube, which is owned by Google, only removes QAnon content when it violates other policies related to hate or harassment, and instead tries to de-amplify borderline content that doesn t explicitly break its rules.

On why YouTube takes a less aggressive approach than Facebook, Wojcicki said: ""I think the way to approach it is by actually having the policies implemented in the right way. And our platform is very different from how Facebook works. And so I think each of us will take an approach that makes",44116,Forbes.com,YouTube CEO Doesn t Commit To Banning QAnon,1,1,0,0,1,1,True,True,Solution,solution,solution,"['solution', 'problem']","['A2Q1YS118AO2BP', 'A2YYQJ3JWA2KGD']"
frames_news_64,solution,"Twitter has permanently suspended President Donald Trump's account two days after five people died following violent protests at the U.S. Capitol Building.

""After a close review of recent Tweets from the @realDonaldTrump account and the context around them we have permanently suspended the account due to the risk of further incitement of violence,"" Twitter said.

When it comes to the White House and POTUS accounts, Twitter said in an email to EW Scripps Friday evening that they won't suspend those two accounts, but ""will take action to limit their use.""

""As we've said, using another account to try to evade a suspension is against our rules,"" Twitter said in a statement. ""We have taken steps to enforce this with regard to recent Tweets from the @POTUS account. For government accounts, such as @POTUS and @WhiteHouse, we will not suspend those accounts permanently but will take action to limit their use.""

On Friday, Twitter also suspended accounts they say are ""solely dedicated to sharing QAnon content.""

The accounts included General Michael Flynn, Trump attorney Sidney Powell, and 8kun co-owner Ron Watkins.

QAnon is a group of loosely connected conspiracy theories associated with the far-right on the political spectrum. The president has retweeted some of these baseless conspiracies.

In",2021-01-08,"CBS - 3 WTKR (Norfolk-Portsmouth, Virginia)",Twitter permanently suspends President Trump's account,1,1,0,0,1,1,True,True,Solution,solution,solution,"['neutral', 'solution']","['A37WXDYYT7RCZ0', 'A3OZ8KF0HWSVWK']"
frames_news_65,problem,"Fuming at Facebook for deleting your post? Having a temper tantrum over a Twitter takedown? You could sue for cold, hard cash if Chris Sevier has his way. The Tennessee conservative legal activist with a flair for publicity stunts – as a means of protesting same-sex marriage, he sued the state of Alabama for refusing to recognize...

Fuming at Facebook for deleting your post? Having a temper tantrum over a Twitter takedown? You could sue for cold, hard cash if Chris Sevier has his way. The Tennessee conservative legal activist with a flair for publicity stunts – as a means of protestin...

Fuming at Facebook for deleting your post? Having a temper tantrum over a Twitter takedown? You could sue for cold, hard cash if Chris Sevier has his way. The Tennessee conservative legal activist with a flair for publicity stunts – as a means of protesting same-sex marriage, he sued the state of Alabama for refusing to recognize his “marriage” to his laptop computer – is behind legislation introduced in a handful of states that seeks to regulate comment moderation. Lawmakers in North Carolina, Kentucky, Missouri, Texas, Rhode Island, New Hampshire, West Virginia, Louisiana and Hawaii are considering identically titled Stop",44321,Jonesboro Sun,Half-baked bills target tech giants,1,1,1,1,0,0,True,True,Problem,problem,problem,"['neutral', 'problem']","['A1FP3SH704X01V', 'A2Q1YS118AO2BP']"
frames_news_66,solution,"TikTok is taking steps to limit the spread of videos with information that cannot be confirmed by its fact-checking partners.

Product manager, trust and safety Gina Hernandez said in a blog post Wednesday that the platform removes videos that have been identified as misinformation by fact checkers at Lead Stories, PolitiFact or SciVerify.

She added, “Sometimes, fact checks are inconclusive, or content is not able to be confirmed, especially during unfolding events. In these cases, a video may become ineligible for recommendation into anyone’s For You feed to limit the spread of potentially misleading information. Today, we’re taking that a step further to inform viewers when we identify a video with unsubstantiated content in an effort to reduce sharing.”

Starting Wednesday in Canada and the U.S. and to be extended worldwide in the coming weeks, TikTok users will see a banner over videos where content has been reviewed but cannot be conclusively validated.

The video’s creator will also be notified that their video was flagged for unsubstantiated content.

If someone attempts to share a video that is flagged for this reason, a prompt will appear, asking, “Are you sure you want to share this video?,” and reminding them about why the video was flagged.

At this",44230,adweek.com,TikTok: ‘Are You Sure You Want to Share This Video?’,1,1,0,0,1,1,True,True,Solution,solution,solution,"['solution', 'neutral']","['A1FP3SH704X01V', 'A37WXDYYT7RCZ0']"
frames_news_67,solution,"Big Tech's ban of former President Donald Trump persisted Wednesday even as his term ended.

Facebook, Twitter and Google-owned YouTube exiled Mr. Trump from their services, and the tech giants have no intention of reversing the banishments anytime soon.

YouTube said ahead of Wednesday's inauguration of President Biden that it extended the seven-day ban it enacted last week against Mr. Trump for at least another seven days.

""In light of concerns about the ongoing potential for violence, the Donald J. Trump channel will be prevented from uploading new videos or livestreams for an additional minimum of seven days,"" said Ivy Choi, a YouTube spokeswoman, wrote in an email. ""As we shared previously, comments will continue to be indefinitely disabled under videos from the channel.""

In addition to its block on Mr. Trump, YouTube removed some of his content, including a video message posted during the Jan. 6 riot at the U.S. Capitol. The video features Mr. Trump telling his supporters to ""go home"" and he called them ""very special.""

He also repeated his false claim that Democrats ""stole"" the Nov. 3 election, which coincided with the pro-Trump mob attacking Congress during the count of Electoral College votes that showed Mr. Biden had won the White",44217,The Washington Times,Social media companies' ban on Donald Trump poised to continue after end of presidency,1,1,0,0,1,1,True,True,Solution,solution,solution,"['solution', 'solution']","['A2Q1YS118AO2BP', 'A2YYQJ3JWA2KGD']"
frames_news_68,solution,"Instagram is recommending anti-vaccination and coronavirus misinformation to potentially millions of users, a new report has claimed.

A study from the Centre for Countering Digital Hate (CCDH) and charity Restless Development says the social media platform is suggesting content to users that includes conspiracy theories about Covid-19 as well as anti-Semitic and other harmful content.

It claimed that as well as health misinformation and anti-Semitic content, conspiracy theories tied to QAnon and false claims about the US presidential election were also being promoted by Instagram's algorithms.

The report said posts and accounts were recommended to test accounts created by researchers to study Instagram's recommendation features, which serve content and accounts to users based on their interests.

CCDH and Restless Development warned ``millions'' of Instagram users may be receiving the same recommendations, being exposed to harmful misinformation as a result.

Instagram said it had previously taken steps to slow the spread of the types of misinformation raised in the report and added the research was ``five months out of date''.

Social media platforms - including Facebook which owns Instagram - have pledged to clamp down on misinformation and other harmful content which circulates on its networks following repeated criticism on the issue.

However, the report said its test",44264,Press Association Mediapoint,"INSTAGRAM RECOMMENDING MISINFORMATION TO USERS, STUDY SAYS",1,1,0,0,1,1,True,True,Solution,solution,solution,"['solution', 'problem']","['A2Q1YS118AO2BP', 'A3O81LHBBI8NPK']"
frames_news_69,solution,"ABSTRACT

Encrypted app Telegram is the platform of choice for extremist groups.

FULL TEXT

Many Trump supporters have turned to the encrypted app Telegram as an ongoing contact point, as major tech companies act to limit the spread of the kind of violent rhetoric that led to the storming of the US Capitol and the deaths of five people. The indefinite removal of Donald Trump from Twitter and Facebook initially resulted in the migration of Trump supporters to Parler, an alternative platform that is less stringently moderated. Parler was used by Trump supporters to rally support for the Washington DC riots and to propagate the lie of a stolen election. The platform also featured a remark from Lin Wood, a pro-Trump lawyer, calling for the execution of Vice-President Mike Pence. This has only just been removed. Over the weekend, Parlerites saw their platform bumped off Google Play (the app store for Android devices) and Apple's application hub. The site also had its server access to Amazon removed as a result of posts that incited the riot. This has left Trump supporters with little option but to establish their network on Telegram. Telegram is the platform of choice for extremist groups, arms dealers and",44207,Crikey,"After Twitter, Facebook and Parler, Trumpists head to a new platform",1,1,0,0,1,1,True,True,Solution,solution,solution,"['problem', 'problem']","['A2Q1YS118AO2BP', 'A2ZUCKYJE4DPV7']"
frames_news_70,solution,"Timeline of the riot at the US Capitol on Jan. 6 What started as a congressional and democratic exercise in the peaceful transfer of power, devolved into death, destruction and chaos. Facebook’s oversight board is slated to announce the fate of...

Timeline of the riot at the US Capitol on Jan. 6 What started as a congressional and democratic exercise in the peaceful transfer of power, devolved into death, destruction and chaos. Facebook’s oversight board is slated to announce the fate of former Pres...

Timeline of the riot at the US Capitol on Jan. 6 What started as a congressional and democratic exercise in the peaceful transfer of power, devolved into death, destruction and chaos. Facebook’s oversight board is slated to announce the fate of former President Donald Trump’s Facebook and Instagram accounts on Wednesday at 9 a.m. ET. The social media giant indefinitely suspended Trump the day after the deadly riot at the Capitol on Jan. 6 — concerned Trump would incite further violence while refusing to accept Joe Biden’s election victory. Twitter made a similar move by deactivating Trump’s personal and presidential accounts. Initially, Twitter’s suspension was to last 12 hours. But two days after the Capitol riot, Twitter moved",44321,Fox 32 Chicago,"Oversight board to announce fate of Trump's Facebook, Instagram accounts on Wednesday",1,1,0,0,1,1,True,True,Solution,solution,solution,"['solution', 'problem', 'problem', 'neutral']","['A2Q1YS118AO2BP', 'A3RYI5HXC2MJLN', 'A1FP3SH704X01V', 'A2ZUCKYJE4DPV7']"
frames_news_71,solution,"Oct 14, 2020( TheNextWeb.com: http://thenextweb.com Delivered by Newstex) Anti-vaxxers must be steaming. In an effort to curb health misinformation amidst the coronavirus pandemic, Facebook has revealed it'll start purging ads that discourage vaccines and immunization on its platform and Instagram.

As the Wall Street Journal notes[1], this is hardly the first time the Zuckerberg empire has promised to crack down on vaccine misinformation[2]. Last year, the company made a similar pledge, but later acknowledged it had failed to remove paid ads from a prominent anti-vax group that suggested evil doctors are conspiring to hide evidence of alleged harm to children. 'Today, we're launching a new global policy that prohibits ads discouraging people from getting vaccinated,' Facebook said in a statement[3]. 'Our goal is to help messages about the safety and efficacy of vaccines reach a broad group of people, while prohibiting ads with misinformation that could harm public health efforts.' The move comes amidst increased criticism from health professionals bemoaning Facebook for undermining the importance of immunization by giving platform to anti-vax groups. That said, the company will still allow ads that advocate for or against legislation concerning vaccines, including one for COVID-19. 'We regularly refine our approach around ads that",2020-10-14,Newstex Blogs,Facebook is finally banning anti-vax ads from its platform and Instagram,1,1,0,0,1,1,True,True,Solution,solution,solution,"['problem', 'solution']","['A2Q1YS118AO2BP', 'A2WGW5Y3ZFBDEC']"
frames_news_72,neutral,"May 28, 2020( The Business Insider: http://www.businessinsider.com/ Delivered by Newstex) Two satirical websites are testing Facebook's stance that it shouldn't be the ""arbiter of truth.""The websites shared satirical articles with fictional headlines about CEO Mark Zuckerberg to Facebook on Wednesday.The posts came just as Zuckerberg had reiterated the company's stance on freedom of expression during broadcast news interviews before Trump signed a new executive order aimed at social media companies.Facebook has in the past refused to take down a doctored video of House Speaker Nancy Pelosi and a fake video purporting to show Zuckerberg that appeared on Facebook-owned Instagram.Facebook's rules on removing manipulated media do not apply to parody or satire.Visit Business Insider's homepage for more stories[1]. A couple of satirical websites are putting Facebook's stance that it shouldn't be the ""arbiter of truth"" to the test.The Shovel[2] and The Chaser[3], both satirical websites based in Australia, shared parody stories on Facebook with headlines that are filled with false claims about Facebook CEO Mark Zuckerberg. The Shovel's headline incorrectly said the Facebook CEO had died, while The Chaser's headline falsely called Zuckerberg a ""child molester.""The fictional headlines serve as a challenge to Zuckerberg's recent comments regarding company's stance on freedom",43979,Newstex Blogs,Satirical websites are testing Facebook's policy on not being the 'arbiter of truth' by running false headlines claiming Mark Zuckerberg is dead or abusive,1,1,0,0,0,0,True,True,Neither,neutral,neutral,"['problem', 'solution']","['A2NJ7N8INZOB00', 'A2Q1YS118AO2BP']"
frames_news_73,solution,"SEATTLE (AP) — Amazon has accused Parler, the social network known as a conservative alternative to Twitter, of trying to conceal its ownership amid a legal dispute between Amazon and Parler stemming from the U.S. Capitol riots.

Angelo Calfo, an attorney representing Parler, disputed Amazon's claim and argued that the burden was on Amazon to prove who owns Parler, The Seattle Times reported Tuesday.

“This is a ginned-up effort to try to throw mud at Parler, when Parler has been completely clear about its ownership,” Calfo said.

The legal dispute began in January after Amazon Web Services, the Seattle company's cloud-computing division, stopped working with Parler, temporarily wiping the platform off the internet. Amazon said Parler was unable to moderate a rise in violent content before, during and after the January insurrection.

Parler asked a federal judge in Seattle to force Amazon to reinstate it on the web. That effort failed. Parler then filed a new complaint over the same argument against Amazon in King County Superior Court.

Amazon immediately dragged the case back into federal court, where it was assigned the same judge who had ruled against Parler. Parler objected to the move, arguing the court has no jurisdiction over the case since both",2021-04-14,Associated Press International,Amazon claims social network Parler trying to conceal owners,1,1,0,0,1,1,True,True,Solution,solution,solution,"['problem', 'problem']","['A1FP3SH704X01V', 'A2Q1YS118AO2BP']"
frames_news_74,problem,"Document links may not lead to an active page. Page maintenance is at the discretion of the publisher.

Hello and welcome to The Download, The Australian's technology blog for the latest tech news.

2pm: Mark Zuckerberg's spectacular Facebook own goal

COMMENT: Facebook's action to ban not only news sites in Australia but some health news services, weather, indigenous media, charity, and utility sites albeit inadvertently shows it is both unreliable and unworthy as a channel for supplying important information to the public.

Facebook instead will become the home of fake news and conspiracy theories in Australia.

There will be a cost for news organisations, with fewer direct links to news posted on the platform in general feeds.

However the internet's history is one of big players that regard themselves as the gateway to the internet and indispensable falling away over time and being replaced. Sites like MySpace, Yahoo and AOL (America Online) come to mind. AOL still bills itself as an American web portal but Americans are unlikely to agree.

Facebook CEO Mark Zuckerberg was reported recently as wanting to ""inflict pain"" on Apple for its decision to require users to opt into app tracking on Apple mobile devices. Facebook stands to lose the ability to know",44245,The Australian Online,Facebook 'not the place for credible news',1,1,1,1,0,0,True,True,Problem,problem,problem,"['neutral', 'problem']","['A2Q1YS118AO2BP', 'A2ZUCKYJE4DPV7']"
frames_news_75,solution,"Twitter is currently testing the feature for Android users in English only and it wants them to read articles before actually retweeting them.

Link to Image

Twitter has begun experimenting with a new feature that would prompt its users to read articles before they retweet it, in a bid to contain the spread of hateful and fake content and promote meaningful discussions on the micro-blogging site. The company is currently testing the feature for Android users in English only and when a user decides to retweet an article before reading it, the company might prompt them to read it before they do so.

""Twitter Sharing an article can spark conversation, so you may want to read it before you Tweet it. To help promote informed discussion, we're testing a new prompt on Android -- when you Retweet an article that you haven't opened on Twitter, we may ask if you'd like to open it first,"" Twitter support tweeted late on Wednesday.

""We wanted to test a way to improve the health of a conversation as it gets started. And to see if reminding people to read an article before they share it leads to more informed discussion,"" the company posted in another tweet.

For this",43993,Times Now,Twitter wants users to read articles before retweeting them and here's what it has in store,1,1,0,0,1,1,True,True,Solution,solution,solution,"['neutral', 'solution']","['A14W0AXTJ3R19V', 'A1FP3SH704X01V']"
frames_news_76,solution,"Facebook on Thursday said it will roll out a new campaign in India in the coming weeks to ""educate and inform people"" about how to detect misinformation related to Covid-19, and encourage users to check the information they receive against an authentic source. The social networking giant has removed over 12 million pieces of ""harmful"" misinformation on...

Facebook on Thursday said it will roll out a new campaign in India in the coming weeks to ""educate and inform people"" about how to detect misinformation related to Covid-19, and encourage users to check the information they receive against an authentic sou...

Facebook on Thursday said it will roll out a new campaign in India in the coming weeks to ""educate and inform people"" about how to detect misinformation related to Covid-19, and encourage users to check the information they receive against an authentic source. The social networking giant has removed over 12 million pieces of ""harmful"" misinformation on Covid-19 globally from Instagram and its own platform during the pandemic, including falsehoods about approved vaccines. It also put warning labels on over 167 million posts that were marked as false by third-party fact checkers. The social media giant, which counts India among its biggest",44329,Business Today India,Facebook plans campaign in India to fight COVID-19 related misinformation,1,1,0,0,1,1,True,True,Solution,solution,solution,"['problem', 'solution']","['A2Q1YS118AO2BP', 'A2ZUCKYJE4DPV7']"
frames_news_77,solution,"A MINISTER has threatened to hit social media giants with ""fines worth billions"" unless they root out vicious online trolls. Caroline Dinenage says despite pledging to tackle the scourge, networks allow bullying and harassment.

Writing exclusively for the Daily Express, which is campaigning to unmask the trolls, Ms Dinenage today spells out her bid to wipe out the web assassins with the Online Safety Bill. The digital and culture minister said: ""It will protect Brits using the internet and tackle trolling, regardless of whether it is anonymous or not. ""Big tech firms will no longer mark their own homework and will have to keep their promises.

Related articles Garage owner's 50-year-old telephone number given to someone else Andrew Neil savages BBC presenter who 'mocked Union Jack'

""There could be fines worth billions of pounds for companies such as Twitter, Facebook or TikTok if they don't up their game.""

Commentators including Daily Express columnist Richard Madeley and Victims' Commissioner Dame Vera Baird want social media firms to compel users to prove their identities before posting by insisting on ""verified"" accounts.

But Ms Dinenage warned: ""Any action around online anonymity needs to take into account the benefits for many vulnerable groups such as whistleblowers and victims of",44274,Express Online,"Social media giants fined billions if they don't stop online trolls, says Minister",1,1,0,0,1,1,True,True,Solution,solution,solution,"['solution', 'solution']","['A2HESXT4DAGASU', 'A2Q1YS118AO2BP']"
frames_news_78,problem,"Brussels: International Federation of Journalists has issued the following press release:

The Arab Center for the Development of Social Media (7amleh) documented 500 violations of digital rights in Palestine between 6 and 29 May. The International Federation of Journalists (IFJ) and the Palestinian Journalists Syndicate (PJS) expressed deep concerns over the role of social media platforms in enabling the censorship and threats during the recent events in Palestine and Israel and demanded urgent explanations from the companies.

The report, “The Attacks on Palestinian Digital Rights”, published on 21 May, documents how, since May 6th, when the Israeli supreme court announced its decision to forcibly displace Palestinians living in East Jerusalem’s Sheikh Jarrah neighborhood, and following the attacks on Al-Aqsa mosque, large amounts of Palestinian content and accounts were removed or restricted on social media platforms.

According to the report, content and accounts were removed, reduced and restricted, hashtags were hidden, and archived content deleted. 50% of the reported incidents involved Instagram, 35% Facebook, 11% Twitter and 1% Tik Tok. 3% of the complaints did not include sufficient information to be reported to companies.

7amleh reported that, in most of the cases, social media companies did not provide a clear justification for the deletion of",44338,Impact News Service,Palestine: Digital rights massively violated since May 6,1,1,1,1,0,0,True,True,Problem,problem,problem,"['problem', 'problem']","['A2YYQJ3JWA2KGD', 'A3O81LHBBI8NPK']"
frames_news_79,solution,"Mar 25, 2021( MarketBeat: https://www.marketbeat.com/ Delivered by Newstex) This combination of 2018-2020 photos shows, from left, Twitter CEO Jack Dorsey, Google CEO Sundar Pichai, and Facebook CEO Mark Zuckerberg. The CEOs of social media giants Facebook, Twitter and Google face a new grilling by Congress, Thursday, March 25, 2021, one focused on their efforts to prevent their platforms from spreading falsehoods and inciting violence. (AP Photo/Jose Luis Magana, LM Otero, Jens Meyer)WASHINGTON (AP) — The CEOs of social media giants Facebook, Twitter and Google face a new grilling by Congress Thursday, one focused on their efforts to prevent their platforms from spreading falsehoods and inciting violence. That's been a familiar theme for lawmakers over the past few years.

But the pressure is even higher following the Jan. 6 insurrection at the U.S. Capitol, the rise in COVID vaccine misinformation and united Democratic control of Congress and the White House. The latter could make legislative action more likely, although it remains far from a sure thing. As malicious conspiracy theories continue to spread, lawmakers are pounding the social media companies over their market dominance, harvesting of user data and practices that some believe actually encourage the spread of engaging but potentially harmful",44280,Newstex Blogs,"Congress to press Big Tech CEOs over speech, misinformation",1,1,0,0,1,1,True,True,Solution,solution,solution,"['solution', 'solution']","['A2Q1YS118AO2BP', 'A3OZ8KF0HWSVWK']"
frames_news_80,solution,"Several civil rights and other advocacy groups are calling on large advertisers to stop Facebook ad campaigns during July because they say the social network isn't doing enough to curtail racist and violent content on its platform.

The groups in the ""#StopHateforProfit"" campaign, launched Wednesday, include Anti-Defamation League, the NAACP, Sleeping Giants, Color Of Change, Free Press and Common Sense.

""It is clear that Facebook and its CEO, Mark Zuckerberg, are no longer simply negligent, but in fact, complacent in the spread of misinformation, despite the irreversible damage to our democracy. Such actions will upend the integrity of our elections as we head into 2020,"" said NAACP CEO Derrick Johnson in a statement.

The groups say that Facebook amplifies white supremacists, allows posts that incite violence and contain political propaganda and misinformation, and doesn't stop ""bad actors using the platform to do harm."" They want to apply public pressure on Facebook to ""stop generating ad revenue from hateful content, provide more support to people who are targets of racism and hate, and to increase safety for private groups on the platform.""

Facebook did not immediately return a request for comment.

The big tech companies have struggled over how to manage the floods of posts and",2020-06-17,Canadian Press,Civil rights groups call for 'pause' on Facebook ads,1,1,0,0,1,1,True,True,Solution,solution,solution,"['problem', 'solution']","['A1FP3SH704X01V', 'A2Q1YS118AO2BP']"
frames_news_81,problem,"Jul 29, 2020( Axios: https://link.axios.com/join/am-signup?source=aci Delivered by Newstex) Antitrust laws don't need updating, big isn't bad and American success should not be punished, argues a new conservative coalition pushing back on Republicans who view antitrust action as the remedy for their grievances with Big Tech.Why it matters: A fragile bipartisan consensus that there's too much power concentrated in Silicon Valley is helping to propel federal and state antitrust investigations of major tech firms. Right-leaning groups troubled by that development are looking to rally like-minded conservatives to their side.Driving the news: The Alliance on Antitrust officially launches today, the same day the CEOs of Apple, Amazon, Google and Facebook are set to testify in a major antitrust hearing[1]. The new group brings together more than a dozen right-of-center groups and individuals and is spearheaded by the Committee for Justice, a Republican group that promotes conservative judicial nominees. The coalition formed in response to calls to weaponize antitrust for broader purposes, Ashley Baker, director of public policy at the Committee for Justice, told Axios.

Context: Some Republicans in the Trump administration, Congress and state AGs' offices say antitrust action can help address concerns like their claim that tech platforms are biased against conservatives.",2020-07-29,Newstex Blogs,Conservatives aim to cool GOP's newfound antitrust fervor,1,1,1,1,0,0,True,True,Problem,problem,problem,"['solution', 'solution']","['A2Q1YS118AO2BP', 'A2YYQJ3JWA2KGD']"
frames_news_82,solution,"WASHINGTON: Facebook Chief Executive Mark Zuckerberg laid out steps to reform a key internet law on Wednesday, saying that companies should have immunity from liability only if they follow best practices for removing damaging material from their platforms. In testimony prepared for a joint hearing before two House Energy and Commerce subcommittees on Thursday, Zuckerberg acknowledged the calls from lawmakers for changes to a law called Section 230 of the Communications Decency Act, which gives companies like Facebook immunity from liability over content posted by users. The hearing titled 'Disinformation Nation: Social media's role in promoting extremism and misinformation' is designed to address concerns Democrats have had about the spread of misinformation during the coronavirus pandemic and the presidential election.

It is also likely to discuss ways to hold tech platforms accountable by reforming the internet law. The chief executives of Google and Twitter will also testify at the hearing. Google's Sundar Pichai will make suggestions to reform the law but, unlike Zuckerberg, will not advocate for adoption of a set of best practices, according to his testimony. Twitter's Jack Dorsey will lay out steps the platform has taken to tackle misinformation. Zuckerberg and Pichai will also urge caution as Congress",44279,Channel NewsAsia,"Facebook, Google CEOs suggest ways to reform key internet law",1,1,0,0,1,1,True,True,Solution,solution,solution,"['problem', 'solution']","['A1FP3SH704X01V', 'A2Q1YS118AO2BP']"
frames_news_83,problem,"ANKARA

US President Donald Trump threatened to ""close down"" social media platforms on Wednesday after Twitter fact checked two of his tweets.

""Republicans feel that Social Media Platforms totally silence conservatives voices. We will strongly regulate, or close them down, before we can ever allow this to happen,"" Trump tweeted.

His remarks came a day after Twitter labeled two of his tweets as ""potentially misleading.""

The president claimed such social media platforms had attempted a similar campaign for him to lose the 2016 presidential elections, adding that his administration would not allow similar efforts in the November vote.

""We saw what they attempted to do, and failed, in 2016. We can't let a more sophisticated version of that happen again,"" he said.

Trump took a swipe at mail-in ballots, saying his government would not allow ""cheating, forgery and the theft of Ballots.""

""Just like we can't let large scale Mail-In Ballots take root in our Country. It would be a free for all on cheating, forgery and the theft of Ballots. Whoever cheated the most would win. Likewise, Social Media. Clean up your act, NOW!!!!"" he said.

Democrats are pushing to expand vote-by-mail to secure social distancing guidelines amid the coronavirus pandemic, but the idea drew fire from",43978,Anadolu Agency (AA),Trump threatens social media platforms' closure,1,1,1,1,0,0,True,True,Problem,problem,problem,"['problem', 'problem']","['A2Q1YS118AO2BP', 'A2WGW5Y3ZFBDEC']"
frames_news_84,solution,"Antitrust lawsuits filed Wednesday against Facebook focused on what plaintiffs say is the improper use of consumer data by the social media giant and a monopolistic strategy of squashing competition.

But while Facebook's use of data has come under scrutiny over the years — including after the 2018 Cambridge Analytical scandal, during which users learned that their data had been harvested for targeted political advertisements without their knowledge — most of the recent public pressure on the company has concerned the proliferation of hate speech, incitement to violence and disinformation on its platforms.

Now, experts say the antitrust lawsuits might help push Facebook to take a harder line on hate speech — but not to count on it.

While the lawsuits by the Federal Trade Commission and 48 state and territorial attorneys general may not have concrete implications for Facebook's handling of Holocaust denial, vaccine disinformation, QAnon conspiracy theories, voter suppression and other social ills, some think that increased competition could help solve the problem.

""Having a plurality of competitors can drive good behavior,"" said Imran Ahmed, the founder of the Center for Countering Digital Hate. ""When someone is able to act with impunity and is the only player in the market, it means",2020-12-11,The Forward (New York),What the Facebook antitrust lawsuits might mean for hate speech,1,1,0,0,1,1,True,True,Solution,solution,solution,"['problem', 'solution']","['A2Q1YS118AO2BP', 'A2WGW5Y3ZFBDEC']"
frames_news_85,solution,"Asian Americans reported the single biggest increase in serious incidents of online hate and harassment as racist and xenophobic slurs blaming people of Asian descent for the coronavirus pandemic spread over the past year, according to a new survey shared exclusively with USA TODAY.

Some 17% of Asian Americans reported sexual harassment, stalking, physical threats and other incidents, up from 11% last year.

Half of them said the harassment was spurred by their race or ethnicity, according to the survey from anti-hate group ADL. Overall, 21% of Asian-American respondents said they were harassed online.

ADLCEO Jonathan Greenblatt says the survey's findings, which come amid a growing outcry over the rapid rise in attacks on Asian Americans and Pacific Islanders nationwide, show that efforts to curb surging anti-Asian sentiment by social media platforms like Facebook, Twitter and Google's YouTube have fallen short.

Facebook's Mark Zuckerberg, Google's Sundar Pichai and Twitter's Jack Dorsey are slated to testify on Capitol Hill on Thursday about their handling of misinformation, disinformation and other harmful content. The vast majority of those polled by ADL - 81% - agreed with the statement that social media platforms should do more to combat online hate.

In a statement, Facebook said it does not allow",2021-03-25,Thai News Service,"United States: Asian Americans Report Biggest Increase in Serious Incidents of Online Hate, Harassment During COVID Pandemic",1,1,0,0,1,1,True,True,Solution,solution,solution,"['problem', 'problem']","['A1FP3SH704X01V', 'A2ZUCKYJE4DPV7']"
frames_news_86,solution,"Apr 03, 2021( The Geller Report: https://gellerreport.com Delivered by Newstex) Islam and a machete (no guns) -Democrat media criminal complex will never see the light of day.Facebook Quickly Scrubs Capitol Assailant's Facebook Page Praising Farrakhan As JesusBy Jon Brown • Daily Wire Apr 2, 2021 • DailyWire:Facebook quickly removed self-described 'follower of Farrakhan' Noah Green's profile page shortly after media identified him Friday as the assailant who was shot dead after driving into U.S. Capitol Police officers and lunging at them with a knife. Describing himself on the since-deleted page as a follower of the Nation of Islam, the 25-year-old Green effusively praised the radical Farrakhan and his predecessor, Elijah Muhammad, as incarnations of Jesus Christ whose teachings changed his life.Explaining the social media's company's reason for the deletion, a spokesperson for Facebook told The Daily Wire: 'After this horrific event, our thoughts are with the Capitol Police and their loved ones. We have designated the incident under our Dangerous Individuals and Organizations policy, which means we have removed the suspect's accounts from Facebook and Instagram, and are removing any content that praises, supports, or represents the attack or the suspect.

We are in contact with law enforcement as they conduct",44289,Newstex Blogs,Facebook IMMEDIATELY Scrubs NATION OF ISLAM Capitol Attacker's Facebook Page Praising Farrakhan As Jesus,1,1,0,0,1,1,True,True,Solution,solution,solution,"['solution', 'problem']","['A2NJ7N8INZOB00', 'A2Q1YS118AO2BP']"
frames_news_87,problem,"NEW DELHI - A regional party governing India's West Bengal state has accused Facebook Inc of bias towards Prime Minister Narendra Modi's Bharatiya Janata Party (BJP), adding to the clamor of opposition voices which have called out the social media giant for its content regulation practices.

In a letter to Facebook boss Mark Zuckerberg, West Bengal's ruling party, the Trinamool Congress, said the company's recent blocking of pages and accounts in the state pointed to the links it had with the BJP.

The letter became public just hours before Facebook's India boss Ajit Mohan was due to appear before a parliamentary panel, to explain his company's content regulation policies.

""There is enough material now in the public domain, including internal memos of senior Facebook management, to substantiate the bias,"" Trinamool Congress spokesman Derek O' Brien wrote in an Aug. 31 letter to Zuckerberg.

""Please do all it takes to urgently work towards maintaining the integrity of your platform in the Indian electoral process.""

Facebook did not immediately respond to an email seeking comment.

West Bengal will hold state assembly elections early next year.

The Trinamool letter piles more pressure on Facebook, which is the midst of a PR crisis and a political storm, following a recent Wall",44076,Postmedia Breaking News,Key Indian regional party accuses Facebook of favoring Modi's BJP,1,1,1,1,0,0,True,True,Problem,problem,problem,"['neutral', 'problem']","['A1FP3SH704X01V', 'A2NJ7N8INZOB00']"
frames_news_88,neutral,"CONTENT: TWITTER, BANS, PRESIDENT, VIOLENCE, INCITEMENT, RISK

EVA PILGRIM (ABC NEWS)

(Off-camera) And we start this half hour with more on the announcement by Twitter that it's permanently banning President Trump. Other social media outlets also blocking his communications following the deadly riot at our nation's Capitol. ABC's Deirdre Bolton is here with the details and what this could mean for the president. Deidre, good morning.

DEIDRE BOLTON (ABC NEWS)

(Off-camera) Good morning. That's right. Some tech experts are surprised that the social media companies have actually gone this far. Others are not, but either way, the president has lost some of his biggest megaphones.

DEIDRE BOLTON (ABC NEWS)

(Voiceover) In the aftermath of the Capitol Hill attack, private companies are taking action against President Trump, with Twitter permanently suspending his account.

JENNIFER GRYGIEL (ASST PROFESSOR OF COMMS

These are corporations. Currently there really aren't any laws that require them to manage presidential tweets and it's essentially up to them.

DEIDRE BOLTON (ABC NEWS)

(Voiceover) It's the highest profile punishment the company has ever imposed. The president aimed to get the last word in through his government account @POTUS but the company shut that down too. Other companies are making similar decisions. Facebook has suspended the president and Reddit has",2021-01-09,ABC News Transcript,TWITTER BANS PRESIDENT TRUMP,1,1,0,0,0,0,True,True,Neither,neutral,neutral,"['problem', 'problem']","['A1FP3SH704X01V', 'A2Q1YS118AO2BP']"
frames_news_89,solution,"Over the past few years, the QAnon movement, a baseless conspiracy theory referring to the belief in a cabal of deep state leftist pedophiles, has gained tremendous traction - and extremist researchers believe it's largely been due to social platforms turning a blind eye to such content.

That seems to be changing, however, now that Facebook announced in a press release on Tuesday that it would be removing ""any Facebook Pages, Groups and Instagram accounts representing QAnon, even if they contain no violent content.""

The announcement is an update of a policy rolled out back in August, when Facebook announced that it would be removing more than 1,500 pages and groups related to QAnon. The company said the initiative was part of a new set of measures designed to ""disrupt the ability of QAnon and militarized social movements to operate and organize on our platform.""

Its efforts, however, fell short, according to critics, with the New York Times reporting last month that 100 QAnon groups it was tracking had seen growth by more than 13,000 followers in the month following the implementation of the new policy. The explosive popularity of#SaveTheChildren, an anti-child trafficking movement that helped mainstream the QAnon community, also contributed to",44110,Rolling Stone,Facebook Just Issued a Massive QAnon Ban,1,1,0,0,1,1,True,True,Solution,solution,solution,"['solution', 'solution']","['A1FP3SH704X01V', 'A2ZUCKYJE4DPV7']"
frames_news_90,solution,"DONALD TRUMP is returning to the campaign trail after his doctor claimed he is no longer contagious with coronavirus.

The US president is not considered a transmission risk by 'currently recognised standards' because tests had shown there was 'no longer evidence of actively replicating virus' in his body, according to a memo from his physician Dr Sean Conley.

But Dr Conley raised eyebrows on Saturday when he said the president had been 'fever free for well over 24 hours', which suggested Mr Trump's temperature had risen again within the previous day.

Mr Trump took to Twitter yesterday boasting he had been given 'a total and complete sign off', adding: 'That means I can't get it (immune), and can't give it. Very nice to know!!!' The tweet was later flagged by Twitter for 'spreading misleading and potentially harmful information' about Covid-19.

His diagnosis came hours after he removed his mask on a White House balcony and told supporters: 'I'm feeling great.' He was seen with a plaster on his right hand, causing speculation that it could be from an IV drip.

Mr Trump spent four days at Walter Reed Medical Center. He had considered acting frail when he left before ripping off his shirt to reveal",44116,Metro (UK),"I am immune, boasts Trump as he returns to campaign",1,1,0,0,1,1,True,True,Solution,solution,solution,"['solution', 'neutral']","['A2Q1YS118AO2BP', 'ATR6RB1RULOC0']"
frames_news_91,problem,"The free speech social media site was booted offline after the Jan. 6 attack on the U.S. Capitol.

Topline

Alternative social media platform Parler announced its return Monday morning, more than a month after it was forced offline for its accused role in the Jan. 6 attack on the U.S. Capitol. 

<figure>

<figcaption>

This illustration picture shows social media application logo from Parler displayed on a smartphone in Arlington, Virginia on July 2, 2020. - Amid rising turmoil in social media, recently formed social network Parler is gaining with prominent political conservatives who claim their voices are being silenced by Silicon Valley giants. Parler, founded in Nevada in 2018, bills itself as an alternative to ""ideological suppression"" at other social networks. (Photo by Olivier DOULIERY / AFP) (Photo by OLIVIER DOULIERY/AFP via Getty Images)

AFP via Getty Images

</figcaption></figure>

Key Facts

Parler s interim CEO Mark Meckler announced the platform s return, explaining that it has been rebuilt on robust, sustainable, independent technology and will no longer rely on the big tech companies that booted it off the internet in early January.

When Parler was taken offline in January by those who desire to silence tens of millions of Americans, our team came together, determined to keep our promise",44242,Forbes.com,We Will Not Be Canceled : Parler Relaunches After Month Offline In Wake Of Capitol Attack,1,1,1,1,0,0,True,True,Problem,problem,problem,"['solution', 'neutral']","['A2Q1YS118AO2BP', 'A2YYQJ3JWA2KGD']"
frames_news_92,solution,"India, July 3 -- Amid row over the 'outsider versus insider' debate in the wake of Sushant Singh Rajput's death, Bollywood actress Sonam Kapoor had restricted her comments section on Instagram.

Sonam, who comes from a family of Bollywood producers and actors, has been sharing screenshots of the expletives-laden messages, directed towards her, veteran actor father Anil Kapoor, producer sister Rhea, among others in the next of her kin.

The actress shared a screenshot of an alleged 'death threat' her sister Rhea had reported to Instagram and revealed that they refused to take it down. Lashing out at the photo-sharing app, she wrote, ""Instagram, seriously? Now let's have a look at the comment. This has happened multiple times,""

"" Of course, I will block this individual but are you doing your part go keep this 'community' safe? Tap to see the comment.""

""Instagram doesn't think death threat is a violation. Or their India team can't read Hindi,"" she added.

Sharing the screenshot of the 'death threat', she wrote, ""Just Charming, of course. I'm happy to block most unnecessarily hateful people without giving it a thought but what pisses me off is a death threat isn't against your 'community guidelines', Instagram?""

Earlier, Sonam Kapoor took to Twitter",44015,The Indian Awaaz,Sonam Kapoor slams Instagram,1,1,0,0,1,1,True,True,Solution,solution,solution,"['solution', 'problem']","['A2Q1YS118AO2BP', 'A2YYQJ3JWA2KGD']"
frames_news_93,solution,"A child safety campaigner has questioned Instagram's ability to keep children safe on a new version of its app designed for under-13s, given its failures to protect young people on its existing platform.

Ian Russell's 14-year-old daughter, Molly, took her own life in November 2017 after viewing suicide and selfharm content on Instagram, leading him to say the app had ""helped to kill my daughter"". Molly, who attended Hatch End High School in Harrow, north-west London, had started viewing disturbing posts without her family's knowledge.

While the company made changes to its community guidelines after details of Molly's death were made public in 2019, including banning graphic self-harming images and video and adding 'sensitivity screens' to blur images, there was ""still too much harmful content available on the platform"" three years on, he said.

""Judging by their track record, it's very hard to see how they could guarantee a platform to be safe enough for under-13s to use,"" Mr Russell (inset) told i.

""Some of the platforms have made attempts to remove harmful content, but it's still there and still too easy to find. I accept it's a very difficult task, but I'm sure there must be something more that could be done.""

Instagram confirmed",2021-03-26,i-Independent Print Ltd,"Instagram still has too much harmful content, says father of Molly Russell",1,1,0,0,1,1,True,True,Solution,solution,solution,"['problem', 'problem']","['A2NJ7N8INZOB00', 'A2Q1YS118AO2BP']"
frames_news_94,problem,"UNITED STATES SENATE

Sen. Ted Cruz Press Office

Cruz Press Office: 202-228-7561

Lauren Aronson: laurenaronson@cruz.senate.gov

Maria Jeffrey: mariajeffrey@cruz.senate.gov

June 24, 2020

Sen. Cruz: By Providing Transparency, the FCC Can Transform Congress' Ability to Address Big Tech's Pattern of Political Bias and Censorship

WASHINGTON, D.C. - With Big Tech at it again - this time censoring President Trump's tweet against violent anarchists taking over the nation's capital - today U.S. Sen. Ted Cruz (R-Texas), member of the Senate Commerce Committee, urged members of the Federal Communications Commission (FCC) to provide real transparency on Big Tech's pattern of political bias and censorship. This comes after Sen. Cruz blasted Google in a letter for its ""transparently politically motivated"" move to target the conservative media outlet, The Federalist.

On Big Tech's bias against conservatives, Sen. Cruz said:

""We have been seeing in recent years, recent months, and even in recent weeks, growing assertions of power from Big Tech to censor, to shadow ban, [and] to silence views with which they disagree. Just within the last two weeks, we saw Google, at the behest of a foreign advocacy group, threaten to 'demonetize' The Federalist, a conservative online journalistic outlet.""

""Yesterday, we saw Twitter decide to censor and block a tweet from the President of the",2020-06-24,Congressional Documents and Publications,"Sen. Cruz: By Providing Transparency, the FCC Can Transform Congress' Ability to Address Big Tech's Pattern of Political Bias and Censorship",1,1,1,1,0,0,True,True,Problem,problem,problem,"['neutral', 'problem']","['A2Q1YS118AO2BP', 'A376F1W1MTY3J']"
frames_news_95,solution,"The Australian eSafety Commissioner is turning up the heat on the Chinese social media giant to remove harmful material targeting children.

TikTok has been forced to removed harmful content from its platform in Australia, with the eSafety Commissioner turning up the heat on the Chinese social media giant to take down cyber bullying material targeting children.

The social media platform, which has 1.6 million users in Australia, received six notices from the Office of the eSafety Commissioner last year to remove material that was focused on children between the ages of 13 to 15 and mainly related to impersonation accounts and mean videos posted about targeted individuals.

One complaint was from parents of an eleven-year old child who wanted assistance because they thought their child would be cyber bullied for material their child had posted.

The eSafety Commissioner Julie Inman Grant said in the last financial year complaints relating to TikTok made up approximately 7 per cent of all cyber bullying complaints received by the agency.

""Apps like TikTok, which have chat functions, need to be managed carefully by parents,"" she said.

""Be aware and make use of any built-in safety features, such as making an account private and locking contacts to people who are already",44025,WA Today,Cyber bullying content targeting children pulled from TikTok,1,1,0,0,1,1,True,True,Solution,solution,solution,"['solution', 'solution']","['A2Q1YS118AO2BP', 'A3OZ8KF0HWSVWK']"
frames_news_96,solution,"Facebook has updated its hate speech policy to ""prohibit any content that denies or distorts the Holocaust"".

Why is this surprising? This is a u-turn from Facebook's earlier stance on Holocaust denial. In October 2018, Zuckerberg himself had defended the company leaving such content online because ""there are things that different people get wrong"" and that he didn't believe that Holocaust deniers ""are intentionally getting it wrong"". He had clarified that Facebook's goal with fake news was ""not to prevent anyone from saying something untrue"", but to stop fake news and misinformation from spreading. Essentially, he said that Facebook should not and would not intervene when it came to Holocaust denial content.

Holocaust deniers either completely deny or downplay the fact that Nazis systematically murdered 6 million Jews. Holocaust denial is closely associated with other forms of anti-Semitism such as theories that Jews control governments and the media.

Why now? The policy change was prompted by rising anti-Semitism globally and the ""alarming"" level of ignorance about the Holocaust, especially among young people, Facebook said. In Mark Zuckerberg's own words, his thinking ""has evolved"" because he saw data proving an increase in anti-Semitic violence.

Other genocides will stay: However, posts disputing other genocides can remain",2020-10-13,Media Nama,Facebook will now remove posts that deny or distort the Holocaust,1,1,0,0,1,1,True,True,Solution,solution,solution,"['solution', 'solution']","['A2Q1YS118AO2BP', 'A2YYQJ3JWA2KGD']"
frames_news_97,problem,"India, May 25 -- In 2018, Katana Fatale posted a picture she took of herself in Hawaii. Fatale has been posting and advocating for plus-sized bodies on Instagram since 2014.

""It got amazing traction. I felt so beautiful. I remember I was just on the beach and I went to go check it again and I had this alert pop up that it had been removed,"" she told BuzzFeed News.

While Fatale was nude in the photo, she had followed Instagram's community guidelines that ban female nipples, sexual acts, genitals and close-ups of nude butts. As long as your photo does not show any of these things, it's good to go. Instagram does allow images of breastfeeding, post-mastectomy scarring and nudity in paintings and sculptures though.

Fatale was confused as to why she was being told that further violations would lead to her account being taken away, especially when there were other women posting similar images with no issues whatsoever.

However, it is not just Fatale. There have been numerous reports of people like Fatale, other plus-sized influencers, who had their photos and videos flagged and removed from the platform. Famous women aren't spared either. Performer Lizzo complained that TikTok was taking down posts",43976,Hindustan Times,Is Instagram biased against plus-size bodies? Influencers think so,1,1,1,1,0,0,True,True,Problem,problem,problem,"['problem', 'neutral']","['A1FP3SH704X01V', 'A2ZUCKYJE4DPV7']"
frames_news_98,solution,"Twitter said Thursday it may remove unverified postings claiming electoral victory as part of a stepped-up effort to protect democracy, less than two months ahead of the US presidential vote.

The social media firm said that under a new policy in effect from next week, ""we will label or remove false or misleading information intended to undermine public confidence in an election or other civic process.""

This will include ""false or misleading information that causes confusion about the laws and regulations of a civic process,"" as well as ""disputed claims that could undermine faith in the process itself, e.g. unverified information about election rigging, ballot tampering, vote tallying, or certification of election results.""

The move comes amid rising concerns about when results will be verified for the November 3 presidential election, in view of an expected large volume of mail-in ballots and criticism of that process by President Donald Trump.

The new policy also bans ""misleading claims about the results"" or interference with the electoral process such as ""claiming victory before election results have been certified, inciting unlawful conduct to prevent a peaceful transfer of power or orderly succession.""

Some analysts have suggested that Trump, who has a large social media following, may reject the",44084,Agence France Presse -- English,Twitter may remove unverified election result claims,1,1,0,0,1,1,True,True,Solution,solution,solution,"['solution', 'solution']","['A1FP3SH704X01V', 'ATR6RB1RULOC0']"
frames_news_99,neutral,"The latest national and international news from BBC News.

Speech to text transcript:1This copy is computer generated. Text will vary in accuracy due to speaker dialect and audio quality issues.

This copy is computer generated. Text will vary in accuracy due to speaker dialect and audio quality issues.

Thanks for doing that report for us. Hello and welcome to the Week in Tech. It was the week Twitter announced plans to ban and suspend accounts linked to the conspiracy theory QAnon, whose supporters believe there are people plotting against the president of the USA. Campaigners suggested that the Test and Trace programme in the UK breaks GDPR data rules, as it was launched without carrying out an assessment of its effect on privacy.

The UK Government stated that there was no evidence of data being used unlawfully. Music treaming service Spotify has launched podcasts, but with video. It is only with a selection few podcasts for now. And Apple has announced plans for the tech giant and its entire supply chain to become carbon neutral by 2030. Those of you with a craving for fancy futuristic food with a smaller carbon impact than the original, the bacon and pork belly in this sandwich isn't",44038,TVEyes - BBC 1 Scotland,Joins BBC News - 03:41 AM GMT,1,1,0,0,0,0,True,True,Neither,neutral,neutral,"['neutral', 'neutral']","['A14W0AXTJ3R19V', 'A1FP3SH704X01V']"
frames_news_100,solution,"(TNSRep) -- The Parents Television and Media Council issued the following news release on June 8, 2021:

Following its Virtual Town Hall held today, the Parents Television and Media Council (PTC) is calling for Congress and the FCC to help enact reforms to the streaming media industry, in light of increasingly explicit programming on streaming platforms that children can access due to inadequate parental controls.

""It is abundantly clear that Congress and the FCC must help improve the streaming landscape for American families in order to prevent children from accessing harmful and explicit programming that proliferates in streaming media. We are urging the FCC to follow through on the promises that Congress made to families when it unanimously passed the Child Safe Viewing Act. And we are urging Congress to update the Family Movie Act of 2005 to enable content filtering technology on streaming media platforms,"" said Tim Winter, president of the PTC.

Top streaming companies (Amazon Prime Video, Apple TV+, Disney+, HBO Max, Hulu, Netflix, Paramount+, Peacock) were invited to the PTC's Virtual Town Hall on June 8 to discuss key improvements that should be made to better serve families and protect children from harmful adult content, and to develop industry best",44356,Targeted News Service,"Parents Television & Media Council Urges FCC, Congress to Enact Streaming Media Reform",1,1,0,0,1,1,True,True,Solution,solution,solution,"['problem', 'neutral']","['A2Q1YS118AO2BP', 'A3O81LHBBI8NPK']"
frames_news_101,solution,"Jan 11, 2021( Digital Journal: http://www.digitaljournal.com Delivered by Newstex) The conservative social network Parler was forced offline Monday, tracking websites showed, after Amazon warned the company would lose access to its servers for its failure to properly police violent content.The site's popularity soared in recent weeks, becoming the number one free app in Apple's App Store after the much larger Twitter banned US President Trump from its platform for his role in inciting a riot at the US Capitol last week.Messages of support for Wednesday's attack in Washington DC -- along with calls for new demonstrations -- had flourished on the platform, leading Google to remove it from its app store on Friday, followed by Apple on Saturday.Amazon then confirmed it would suspend the platform from its cloud hosting services for allowing ""threats of violence.""In a letter to the Parler's owners, the web giant said it would suspend service by 11:59 PM on Sunday (0759 GMT Monday).Tracking website Down For Everyone Or Just Me showed Parler offline just after midnight, suggesting its owners had not been able to find a new hosting partner.In a series of posts on Parler on Saturday, CEO John Matze said the site would go down",44207,Newstex Blogs,Conservative website Parler forced offline: web trackers,1,1,0,0,1,1,True,True,Solution,solution,solution,"['solution', 'neutral']","['A2Q1YS118AO2BP', 'A2ZUCKYJE4DPV7']"
frames_news_102,solution,"CANBERRA, Australia - Australian regulators have ruled out prosecuting TikTok over an apparent suicide video under tough new laws prohibiting some forms of violent online images, but the prime minister urged social media companies on Wednesday to take more responsibility for offensive content.

The Chinese-owned social media platform says it is working to remove videos of a man apparently taking his own life with a gun and banning users who keep trying to spread the clips through the app.

It's the latest example of the ongoing struggle by big tech companies to police their platforms for harmful content amid increasing pressure from regulators.

Prime Minister Scott Morrison said eSafety Commissioner Julie Inman Grant, Australia's online watchdog, is taking ""strong action"" against what he described as a ""disgraceful video.""

""Those who run these organizations have a responsibility to those who are watching and particularly when it comes to children,"" Morrison said in a video released by his office.

""My message to those social media companies is, yes, your products are changing the world, but with that comes a great responsibility and you need to be accountable and you need to be responsible for making sure that your product does not harm Australians, and my government will",2020-09-09,Canadian Press,Australian prime minister criticizes TikTok suicide video,1,1,0,0,1,1,True,True,Solution,solution,solution,"['solution', 'solution']","['A14W0AXTJ3R19V', 'A2Q1YS118AO2BP']"
frames_news_103,solution,"NEW DELHI, June 17 -- The Special Cell of Delhi Police has registered an First Information Report (FIR) against a unnamed man for allegedly hurting the sentiments of various religions and trying to stir communal disharmony among the people through his post on social media giant Instagram.

Police said that the FIR was registered on Tuesday after a complaint over an email was received by the cyber crime unit (CyPAD) from Manjeet Singh Chugh, a resident of Delhi's South Extension area.

According to the FIR, an Instagram account, '@valorious.hindu.21'posted objectionable content related to three Gods of different religions which the complainant came to know through a message which he received on his WhatsApp on June 7.

""There are four Instagram accounts including '@valorious.hindu.21' which contain vulgar, abusive and objectionable content against various religions,"" stated the FIR.

""Police have registered an FIR under section 153 A (promoting enmity between different groups on grounds of religion, race, place of birth,residence, language, etc., and doing acts prejudicial to maintenance of harmony) of the Indian Penal Code (IPC) and further investigation is going on,"" said a senior police official.

Last week, a Delhi Bharatiya Janata Party (BJP) politician, Manish Singh, had filed a complaint with Delhi Police against Instagram",44364,The Pioneer (India),FIR against Instagram account for 'promoting religious enmity',1,1,0,0,1,1,True,True,Solution,solution,solution,"['problem', 'problem']","['A1FP3SH704X01V', 'A2Q1YS118AO2BP']"
frames_news_104,solution,"Sen. Dianne Feinstein, D-California, issued the following news release on March 5:

Senator Dianne Feinstein (D-Calif.) joined Senators Richard Blumenthal (D-Conn.), Lindsey Graham (R-S.C.) and Josh Hawley (R-Mo.) to introduce bipartisan legislation to encourage the tech industry to take online child sexual exploitation seriously.

The Eliminating Abusive and Rampant Neglect of Interactive Technologies Act (EARN IT Act) creates incentives for companies to ""earn"" liability protection for violations of laws related to online child sexual abuse material (CSAM).

The legislation is also cosponsored by Senators Kevin Cramer (R-N.D.), Doug Jones (D-Ala.), Joni Ernst (R-Iowa), Bob Casey (D-Pa.), Sheldon Whitehouse (D-R.I.) and Dick Durbin (D-Ill.).

""Technological advances have allowed the online exploitation of children to become much, much worse over recent years,"" said Feinstein. ""Companies must do more to combat this growing problem on their online platforms. Our bill would allow individuals to sue tech companies that don't take proper steps to prevent online child exploitation, and it's an important step to protect the most vulnerable among us.""

""The internet is infested with stomach-churning images of children who have been brutally assaulted and exploited, and who are forced to endure a lifetime of pain after these photographs and videos are circulated online,"" said Blumenthal. ""Simply put, tech",43896,Targeted News Service,"Sens. Feinstein, Blumenthal, Graham, Hawley Introduce Bill to Encourage Tech Industry to Take Online Child Exploitation Seriously",1,1,0,0,1,1,True,True,Solution,solution,solution,"['solution', 'neutral']","['A2NJ7N8INZOB00', 'A2Q1YS118AO2BP']"
frames_news_105,solution,"The board said Donald Trump ""created an environment where a serious risk of violence was possible"" with his comments regarding the January 6 rampage by his supporters at the US Capitol. FILE: Former US President Donald Trump. Picture: . | WASHINGTON - Facebook's independent oversight board on Wednesday upheld a ban on former US president Donald Trump...

The board said Donald Trump ""created an environment where a serious risk of violence was possible"" with his comments regarding the January 6 rampage by his supporters at the US Capitol. FILE: Former US President Donald Trump. Picture: . | WASHINGTON - Face...

The board said Donald Trump ""created an environment where a serious risk of violence was possible"" with his comments regarding the January 6 rampage by his supporters at the US Capitol. FILE: Former US President Donald Trump. Picture: . | WASHINGTON - Facebook's independent oversight board on Wednesday upheld a ban on former US president Donald Trump while ordering further review of the case, in a decision with a potentially far-reaching impact on the regulation of online speech. The board, whose decisions are binding on the leading social network, said Trump ""created an environment where a serious risk of violence was possible""",2021-05-05,Eye Witness News,Facebook oversight board upholds Trump ban,1,1,0,0,1,1,True,True,Solution,solution,solution,"['problem', 'problem']","['A1FP3SH704X01V', 'A3RYI5HXC2MJLN']"
frames_news_106,solution,"Google has banned Parler from the Play Store for allowing content ""that seeks to incite ongoing violence in the US,"" a spokesperson told Business Insider on Friday.

""In light of this ongoing and urgent public safety threat, we are suspending the app's listings from the Play Store until it addresses these issues,"" Google told Parler.

Google said it had reminded Parler of its policies recently, which ""require that apps displaying user-generated content have moderation policies and enforcement that removes egregious content like posts that incite violence.""

Google's move followed after Apple issued a similar warning to Parler on, giving the company 24 hours to address policy violations.

Visit Business Insider's homepage for more stories.

Google has removed the far-right social media app Parler from its Play Store for continuing to allow violence-inciting content in violation of the company's policies, a spokesperson told Business Insider.

""We're aware of continued posting in the Parler app that seeks to incite ongoing violence in the US. We recognize that there can be reasonable debate about content policies and that it can be difficult for apps to immediately remove all violative content, but for us to distribute an app through Google Play, we do require that apps implement robust moderation for",44205,Business Insider US,Google has banned Parler from its app store for failing to remove violent content,1,1,0,0,1,1,True,True,Solution,solution,solution,"['solution', 'problem']","['A1FP3SH704X01V', 'A2Q1YS118AO2BP']"
frames_news_107,solution,"Australia has reached a ""tipping point"" in its tolerance for online hate speech, with an overwhelming majority of people calling for new laws to tackle the growing problem.

Australia has reached a ""tipping point"" in its tolerance for online hate speech, with a large majority of people calling for new laws to tackle the growing problem.

A nationally representative survey of 3737 adults found seven out of 10 respondents would support further legislation to stop the spread of hateful content online.

Most people acknowledged legislation alone would not be enough, with nearly eight of 10 adults also calling for social networks to do more to tackle the problem.

The eSafety Commissioner, Julie Inman Grant, who ordered the research, said she was not surprised by the strong support for action.

""We've reached a tipping point societally,"" Ms Inman Grant said. ""Technology is becoming integrated into our everyday lives ??? and people are tired of the negativity, they're tired of the targeted hate.""

The research found one in seven adults had been targeted by online hate speech in the 12 months to August 2019. A further one in four had witnessed it happen to someone else.

People identifying as LGBTQI or as Indigenous experienced online hate speech at more",2020-02-02,"The Age (Melbourne, Australia) - Online",A 'seismic shift' as community backs new laws to fix online hate,1,1,0,0,1,1,True,True,Solution,solution,solution,"['solution', 'problem']","['A22KRF782ELLB0', 'A2Q1YS118AO2BP']"
frames_news_108,solution,"BRUSSELS For years, Facebook lobbied governments against imposing tough regulations, warning in some cases that they could harm the company's business model.

Now, it's pleading for new rules for the good of its business.

In a white paper published Monday, Facebook detailed its push for internet regulation, calling on lawmakers to devise rules around harmful content, a different model for platforms'legal liability and a ""new type of regulator"" to oversee enforcement.

""If we don't create standards that people feel are legitimate, they won't trust institutions or technology,"" Facebook chief executive Mark Zuckerberg said in an op-ed in the Financial Times on Monday. That and the publication of the white paper coincided with a visit to Brussels, home of the European Union institutions that have crafted some of the toughest rules in recent years.

Silicon Valley firms have suffered from what's been dubbed as a ""tech lash,"" with users frustrated over how web platforms profit from their data. Facebook has borne the brunt of that disenchantment following a series of missteps including privacy breaches and accusations it didn't do enough to stop election manipulation on its platform.

Meanwhile, Facebook's user growth is stagnating in the U.S. and Canada - its most important markets.

""I believe good regulation",43879,"The Leader-Post (Regina, Saskatchewan)",Facebook CEO urges new internet regulations,1,1,0,0,1,1,True,True,Solution,solution,solution,"['problem', 'solution']","['A2Q1YS118AO2BP', 'A3O81LHBBI8NPK']"
frames_news_109,problem,"May 28, 2020( VentureBeat: http://venturebeat.com/ Delivered by Newstex) Mark Zuckerberg rarely offers an on-the-record opinion about anything to do with Twitter, though it's not entirely without precedent[1]. Yesterday, however, he walked right into the flames that have engulfed his company's social media rival since it appended fact-checking labels to tweets issued by President Donald Trump. According to Fox News[2], Zuckerberg responded to the incident in an interview by saying that private companies such as Facebook 'shouldn't be the arbiter of truth' for everything people say online, echoing similar comments he has made in the past[3]. But Facebook has a long history of removing, labeling, and 'downgrading' content, and Zuckerberg's latest comments come in the very month that his company unveiled[4] an 'independent' content oversight board — dubbed its 'Supreme Court' — that will be able to overturn the company's decisions[5] on whether individual pieces of content should be allowed to remain on Facebook and Instagram. The Twitter episode kicked off on Tuesday, when Trump tweeted about California's vote-by-mail plan for the upcoming presidential elections. The president opined that the state's mail-in ballots would be 'substantially fraudulent' and asserted that 'mail boxes will be robbed, ballots will be forged &#38; even",43979,Newstex Blogs,"Facebook is an arbiter of truth, whether Mark Zuckerberg likes it or not",1,1,1,1,0,0,True,True,Problem,problem,problem,"['problem', 'problem']","['A1FP3SH704X01V', 'A3OZ8KF0HWSVWK']"
frames_news_110,solution,"Rep. Ted Deutch, D-Florida, issued the following news release:

Over the last several years, there has been an alarming increase in antisemitic incidents across the globe, with many originating online. As social media posts do not stop at international borders, members of the national legislatures of the United States, Australia, Canada, Israel, and the United Kingdom have come together across party lines to launch the Inter-Parliamentary Task Force to Combat Online Antisemitism.

Members of the Task Force include: Congressman Ted Deutch (Democrat, United States), Congresswoman Debbie Wasserman Schultz (Democrat, United States), Congressman Chris Smith (Republican, United States), Congressman Mario Diaz-Balart (Republican, United States), Member of Knesset Michal Cotler-Wunsh (Blue and White, Israel), Member of Parliament Anthony Housefather (Liberal, Canada), Member of Parliament Marty Mortantz (Conservative, Canada), Member of Parliament Josh Burns (Labour, Australia), Member of Parliament Dave Sharma (Liberal, Australia), Member of Parliament Andrew Percy (Conservative, United Kingdom), and Member of Parliament Alex Sobel (Labour and Cooperative, United Kingdom).

The launch of the Task Force follows campaigns working to expose online antisemitism, including the #NoSafeSpaceForJewHate campaign that served as a global call to action to combat the virulent antisemitism that goes unaddressed or inadequately addressed on social media platforms.

The Task Force has the",44104,Targeted News Service,Rep. Deutch: Announcing the Formation of an Inter-Parliamentary Task Force to Combat Online Anti-Semitism,1,1,0,0,1,1,True,True,Solution,solution,solution,"['solution', 'solution']","['A1FP3SH704X01V', 'A37WXDYYT7RCZ0']"
frames_news_111,neutral,"Ex-moderators tell the Guardian Facebook underpays and mistreats contractors responsible for policing hate speech

Alison Trebacz, a former Facebook content moderator based in Arizona, remembers the day of the 2017 Las Vegas mass shooting, which killed 58 people and injured more than 800 others, almost as if she were there.

She came into work that morning expecting to see graphic content, but nothing could have prepared her for the queues full of videos of dead and dying victims waiting for her when she arrived.

Trebacz, who worked at Facebook from 2017 to 2018, was paid just $15 an hour, or around $30,000 a year before taxes, to watch footage such as this - thousands of hours of graphic content, including suicides and injuries.

After six months on the job, family and friends noticed she had started to become intensely cynical, a stark shift from the positive and upbeat person she once was. At bars with friends she would frequently burst out crying, seemingly without warning. Most days she would go to bed at 6pm after getting home from work.

""I was really starting to lose myself, just seeing the worst of humanity every day,"" she said.

Trebacz is one of two former moderators who came forward",44130,The Guardian (London),Former Facebook moderators sound alarm over treatment of workers ahead of US election,1,1,0,0,0,0,True,True,Neither,neutral,neutral,"['problem', 'neutral']","['A1FP3SH704X01V', 'A2Q1YS118AO2BP']"
frames_news_112,problem,"Jan 27, 2021( The Huffington Post: https://www.huffpost.com/ Delivered by Newstex) Poor Maria Bartiromo[1]. The Fox Business[2]and Fox News[3] personality complained Tuesday about losing followers on Twitter after her guest, Sen. Josh Hawley (R-Mo.), called for conservatives not to 'bow down to the woke mob.' (Watch the clip below.)Hawley, a diehard fan of ex-President Donald Trump, has been harping about an imagined liberal plot [4]to silence Republicans since a mob of Trump-supporting extremists stirred in part by Hawley himself attacked the U.S. Capitol.

He lost a book contract because of his election denialism and wrote in a New York Post op-ed[5]that he was being muzzled.Bartiromo who had several tweets flagged by Twitter for 'misleading' content about the election, Newsweek noted [6]commiserated with Hawley in a segment on Fox News titled 'The Left's Censorship Obsession.''Yeah, I had right around the election 1 million followers on Twitter,' Bartiromo said. 'Now I have under 900,000. Literally in a couple of weeks. I don't know what's going on there!'Please say a prayer for Maria Bartiromo tonight pic.twitter.com/YffMyVjXqH[7] Aaron Rupar (@atrupar) January 27, 2021[8] Bartiromo, whose Twitter following stood at 894,000 as of Wednesday morning, was likely feeling the effects of the social media company'sbanning of QAnon",2021-01-27,Newstex Blogs,Maria Bartiromo Complains She's Losing Twitter Followers,1,1,1,1,0,0,True,True,Problem,problem,problem,"['problem', 'problem']","['A14W0AXTJ3R19V', 'A2YYQJ3JWA2KGD']"
frames_news_113,neutral,"DAVID GREENE: The tech industry has enjoyed decades free of major regulation, but there's a growing techlash (ph) over how much power these big companies have and also their ability to amplify disinformation. So will President-elect Biden take on the tech industry? Before we dig into that question, we do just want to note that Facebook, TikTok are both financial supporters of NPR.

Let's turn to NPR tech reporter Bobby Allyn. Bobby, good morning.

BOBBY ALLYN: Good morning, David.

DAVID GREENE: So big picture - what should Silicon Valley expect from a Biden White House?

BOBBY ALLYN: Yeah. So in short, big tech will be in Biden's crosshairs. Look; like you mentioned, for years, tech companies have avoided government regulation, and that's let Big Tech prosper and become integral in our daily lives. I mean, just look at the pandemic. We really know how much we need and use tech every single day, and that's made the tech companies larger and richer. There have been many loud calls in Washington to take on the tech sector. But in the Trump administration, there have been, you know, very few new regulations.

I talked to Darrell West at the Brookings Institution, and he says that could start",2020-11-12,NPR Morning Edition,How Will Tech Policy Change In The Biden White House? Here's What You Need To Know,1,1,0,0,0,0,True,True,Neither,neutral,neutral,"['problem', 'problem']","['A2Q1YS118AO2BP', 'A2ZUCKYJE4DPV7']"
frames_news_114,problem,"Islamabad, Nov. 20 -- Technology companies threatened to pull out of Pakistan if government regulations which will define how social media is to be governed in the country are allowed to stay on which they said would make it increasingly difficult for them to continue their operations in the country, Dawn reported.

The rules titled, ""Removal and Blocking of Unlawful Online Content (Procedure, Oversight and Safeguards) Rules 2020,"" have been framed under the Prevention of Electronic Crimes Act 2016 (Peca).

In a statement the Asia Internet Coalition (AIC) expressed alarm over the scope of the new law which targets internet companies, and also the government's ""opaque process"" by which these rules were developed.

Prime Minister Imran Khan had promised earlier this year that he will initiate a ""broad-based"" consultation on content regulation after a strong backlash from stakeholders over the release of formally known as the Citizen Protection (Against Online Harm) Rules 2020.

""The consultation that was announced in February never occurred,"" AIC managing director Jeff Paine said in the statement.

The tech companies warned that the rules would make it extremely difficult for AIC members to make their services available to users and businesses in Pakistan.

Under the new rules, social media companies are to",44155,UNI (United News of India),New social media rules in Pakistan are draconian: Tech giants,1,1,1,1,0,0,True,True,Problem,problem,problem,"['problem', 'problem']","['A1FP3SH704X01V', 'A37WXDYYT7RCZ0']"
frames_news_115,solution,"In an effort to reverse the flood of abuse on the platform, Twitter is rolling out a new feature which will show a self-moderation prompt to users who compose replies that the platform’s algorithms recognise to be abusive. The prompt effectively asks users to think twice before posting an abusive message. Because it compels users to rethink...

In an effort to reverse the flood of abuse on the platform, Twitter is rolling out a new feature which will show a self-moderation prompt to users who compose replies that the platform’s algorithms recognise to be abusive. The prompt effectively asks users...

In an effort to reverse the flood of abuse on the platform, Twitter is rolling out a new feature which will show a self-moderation prompt to users who compose replies that the platform’s algorithms recognise to be abusive. The prompt effectively asks users to think twice before posting an abusive message. Because it compels users to rethink and reflect on abusive tweets, Twitter’s new self-moderation prompt could be a promising step away from fast and furious social media posting and towards a more considered slow media – or “ slowcial media ”. Twitter’s new feature This isn’t the first time Twitter has",44339,Stuff.co.za,Twitter to ask users to rethink abusive messages – a promising step towards ‘slowcial media’,1,1,0,0,1,1,True,True,Solution,solution,solution,"['problem', 'solution']","['A2Q1YS118AO2BP', 'A3OZ8KF0HWSVWK']"
frames_news_116,neutral,"Donald Trump has appeared to drop his strongest hint yet at another presidential run in 2024, responding to news of his two-year ban from Facebook on Friday by saying he would not invite Mark Zuckerberg to dinner “next time I’m in the...

Donald Trump has appeared to drop his strongest hint yet at another presidential run in 2024, responding to news of his two-year ban from Facebook on Friday by saying he would not invite Mark Zuckerberg to dinner “next time I’m in the White House”. It has ...

Donald Trump has appeared to drop his strongest hint yet at another presidential run in 2024, responding to news of his two-year ban from Facebook on Friday by saying he would not invite Mark Zuckerberg to dinner “next time I’m in the White House”. It has also been widely reported this week that Trump believes he will be reinstated in the presidency by August. Related: Facebook to suspend Trump’s account for two years He will not. But in his statement on Friday he did not say if he thought he would return to the White House because he would be reinstated or because he would run for the Republican nomination again and then",44351,Yahoo! India,Donald Trump responds to Facebook ban by hinting at return to White House,1,1,0,0,0,0,True,True,Neither,neutral,neutral,"['solution', 'neutral']","['A2YYQJ3JWA2KGD', 'A3O81LHBBI8NPK']"
frames_news_117,solution,"Canadian companies are joining a growing list of top international brands vowing not to advertise on Facebook Inc. in July because of the company's refusal to deal with the spread of hateful content on its platform.

Vancouver athletic wear companies Lululemon Athletica Inc.,

Mountain Equipment Co-op, Arc'teryx and Moosehead Breweries are pulling their paid ads from Facebook and joining a boycott that is being supported by Coca-Cola, Unilever, Honda America, Patagonia and more.

Champions of the #StopHateForProfit boycott - led by civil-rights and advocacy groups including the Anti-Defamation League and National Association for the Advancement of Coloured People - say Facebook has not done enough to keep racist, false and dangerous content or white supremacists off its platform.

They are also disappointed that Facebook has allowed users to call for violence against protesters fighting for racial justice in the wake of the deaths of several Black Americans.

MEC's boycott came into effect on June 25, when it pulled its content and paid ads from Facebook and Instagram until the end of July. The company said it wants to raise ""awareness of the harmful, racist content and misinformation that is shared on these social platforms.""

""We ask that Facebook strengthen their contentmoderation policies and enforce them consistently,""",44012,"Times Colonist (Victoria, British Columbia)","Lululemon, MEC, Moosehead join Facebook ad boycott",1,1,0,0,1,1,True,True,Solution,solution,solution,"['problem', 'problem']","['A1FP3SH704X01V', 'A2NJ7N8INZOB00']"
frames_news_118,problem,"Jan 22, 2021( Prairie Pundit: http://prairiepundit.blogspot.com/ Delivered by Newstex) Red States:[1]'No speculation is needed. Those who wield power are demanding it. The only question is how much opposition they will encounter.' So reads the subhead of veteran journalist Glenn Greenwald's latest article, titledThe New Domestic War on Terror is Coming[2].In the two-and-a-half months since the presidential election, events have seemingly moved at warp speed.

Supporters of then-President Trump stormed the U.S. Capitol in protest of the election results, the Left has moved in blatant fashion to crack down on the rights of conservatives, including Twitter's permanent suspension of Donald Trump's account and more than 70 others, and Amazon has de-platformed the right-leaning website, Parler.As Greenwald sees it, we conservatives ain't seen nothin', yet.'The last two weeks have ushered in a wave of new domestic police powers and rhetoric in the name of fighting 'terrorism' that are carbon copies of many of the worst excesses of the first War on Terror that began nearly twenty years ago.'This trend shows no sign of receding as we move farther from the January 6 Capitol riot. The opposite is true: it is intensifying.Greenwald then ticked through some of the specifics behind his belief that the",2021-01-22,Newstex Blogs,The left in the US outsourced speech suppression efforts to Big Tech,1,1,1,1,0,0,True,True,Problem,problem,problem,"['problem', 'problem']","['A2Q1YS118AO2BP', 'A2ZUCKYJE4DPV7']"
frames_news_119,problem,"EN E-000865/2021 Answer given by Mr Breton on behalf of the European Commission (10.5.2021) The Commission is aware of the Polish plans to regulate social media at...

EN E-000865/2021 Answer given by Mr Breton on behalf of the European Commission (10.5.2021) The Commission is aware of the Polish plans to regulate social media at national level, but no 1 draft has been notified yet under Directive (EU) 2015/1535 . There ...

EN E-000865/2021 Answer given by Mr Breton on behalf of the European Commission (10.5.2021) The Commission is aware of the Polish plans to regulate social media at national level, but no 1 draft has been notified yet under Directive (EU) 2015/1535 . There is a need to establish clear responsibilities and accountability structures for online platforms and other intermediaries in the digital space. Today, the lack of harmonised EU rules on content moderation may affect the exercise users’ fundamental rights such as freedom of expression and information. This is why the Commission adopted in December 2020 a proposal for the Digital Services 2 Act , which aims to provide a horizontal legal framework for intermediary services, tailored to their respective role, size and impact, while ensuring protection of fundamental rights and",44326,European Parliament,Polish Government attempts to achieve increased freedom of speech and opinion on social networks - E-000865/2021(ASW),1,1,1,1,0,0,True,True,Problem,problem,problem,"['problem', 'problem']","['A1FP3SH704X01V', 'A2Q1YS118AO2BP']"
frames_news_120,solution,"Feb 12, 2020( Voice of America: http://www.voanews.com Delivered by Newstex) Facebook on Wednesday said it had suspended a network of accounts used by Russian military intelligence to seed false narratives online targeting Ukraine and other countries in Eastern Europe.""Although the people behind this network attempted to conceal their identities and coordination, our investigation found links to Russian military intelligence services,"" Facebook said in a statement.Facebook, which has struggled to stop governments and political groups using its platform to spread false or misleading information, regularly announces it has shut down disinformation campaigns from countries including Russia.The Russian Defense Ministry did not immediately respond to a request for comment. Moscow has previously denied Western allegations of political meddling, including findings by U.S. Special Prosecutor Robert Mueller that it used social media accounts in an attempt to sway the 2016 U.S. presidential vote.Facebook's head of cybersecurity policy, Nathaniel Gleicher, said the latest Russian operation used more than 100 accounts on Facebook and its Instagram photo-sharing platform to create fake personas, often posing as journalists in the targeted countries.These accounts then contacted local media and politicians to plant false stories about politically divisive issues, such as corruption allegations, ethnic tensions in the Russian-annexed peninsula",43873,Newstex Blogs,Facebook Says It Dismantles Russian Intelligence Operation Targeting Ukraine,1,1,0,0,1,1,True,True,Solution,solution,solution,"['solution', 'solution']","['A2YYQJ3JWA2KGD', 'A3O81LHBBI8NPK']"
frames_news_121,solution,"Jun 02, 2020( The Business Insider: http://www.businessinsider.com/ Delivered by Newstex) ; Some fellow tech workers are encouraging Facebook employees that are unhappy with the company's handling of President Trump's controversial post to step down from the company.The comments come as Facebook employees have been voicing their concerns with Facebook's policies by speaking out and holding a virtual walkout.One Facebook engineer has already resigned over the company's recent decision.Visit Business Insider's homepage for more stories[1]. As some Facebook employees are voicing their opposition to the company's handling of a post published by Donald Trump, some in the tech community are urging Facebook employees to step down from the company in protest.Facebook employees held a virtual walkout[2] on Monday in protest of the company's decision not to take action[3] against President Trump's post about the protests being held over the death of George Floyd. The post in question included the phrase ""when the looting starts, the shooting starts."" Twitter placed a warning[4] for the same post on its platform for glorifying violence.The walkout came after several current Facebook employees took to Twitter to voice their disapproval[5] of Facebook's lack of action.Now, some fellow tech workers are encouraging employees to step down from",43984,Newstex Blogs,Tech workers are urging Facebook employees to quit their jobs in protest of the company's controversial decision to keep up Trump's post about the George Floyd protest,1,1,0,0,1,1,True,True,Solution,solution,solution,"['problem', 'solution']","['A2NJ7N8INZOB00', 'A2Q1YS118AO2BP']"
frames_news_122,solution,"SAN FRANCISCO: Facebook IncFacebook said on Wednesday (Aug 19) it had removed nearly 800 QAnon conspiracy groups for posts celebrating violence, showing intent to use weapons, or attracting followers with patterns of violent behavior, expanding its policy on groups that the company believes pose risks to public safety. The world's biggest social network also imposed some restrictions on the remaining 1,950 public and private QAnon groups it could find, no longer recommending them to users and making them less likely to be discovered in searches. At least hundreds of thousands of Facebook users belong to one or more QAnon groups, though Facebook declined to give more precise figures.

Facebook also removed 980 groups that it said encouraged rioting, a majority seen as generally right-wing militias but a substantial number identified as part of the leftist antifa movement. The long-anticipated takedowns come amid sustained criticism as QAnon activity has surged on Facebook this year in tandem with political gains. A vocal QAnon supporter last week won the Republican congressional primary in a conservative Georgia district, drawing praise from President Donald Trump. Asked publicly about QAnon beliefs, the Republican president would not fault them. Twitter previously removed hundreds of QAnon accounts. ""PIZZAGATE"" CONSPIRACY,",44062,Channel NewsAsia,"Facebook removes hundreds of QAnon groups, cites risk to public safety",1,1,0,0,1,1,True,True,Solution,solution,solution,"['solution', 'solution']","['A1FP3SH704X01V', 'A2Q1YS118AO2BP']"
frames_news_123,solution,"More than 50 million pieces of content were given warning labels on Facebook for being misleading in relation to coronavirus, the social network has revealed.

Publishing its latest Community Standards Enforcement Report, Facebook said that since March 1 it had removed more than 2.5 million pieces of content linked to sale of medical items such as masks and Covid-19 test kits.

The social network also revealed its Covid-19 Information Centre, which shows health and virus information from official sources, had now directed more than two billion people to resources from health authorities.

Social media platforms, including Facebook, have been repeatedly criticised over the amount of disinformation and harmful content linked to the Covid-19 outbreak which has spread online.

A number of charities and online safety organisations have warned that with people - particularly children - spending more time online during lockdown, more stringent monitoring of online platforms is needed.

In its Enforcement Report, Facebook said its detection technology was now finding around 90% of the content the platform removes before it is reported to the site.

The millions of pieces of content given warning labels was based on around 7,500 articles which had been analysed by fact-checking groups working with the site.

Facebook flags 50 million misleading",43963,Belfast Telegraph Online,Facebook flags 50 million misleading coronavirus posts,1,1,0,0,1,1,True,True,Solution,solution,solution,"['neutral', 'solution']","['A2Q1YS118AO2BP', 'A3OZ8KF0HWSVWK']"
frames_news_124,solution,"Back when he could post on Facebook. Photo: Brendan Smialowski/AFP via Facebook announced on Friday that former President Trump’s ban from the website, put into place in the aftermath of the January 6 Capitol riot, would last through at least January 7, 2023...

Back when he could post on Facebook. Photo: Brendan Smialowski/AFP via Facebook announced on Friday that former President Trump’s ban from the website, put into place in the aftermath of the January 6 Capitol riot, would last through at least January 7, 20...

Back when he could post on Facebook. Photo: Brendan Smialowski/AFP via Facebook announced on Friday that former President Trump’s ban from the website, put into place in the aftermath of the January 6 Capitol riot, would last through at least January 7, 2023 — making it two years at the minimum. In a lengthy statement , Nick Clegg, the company’s vice-president of global affairs, explained Facebook’s reasoning and what will happen when that two-year mark rolls around: Given the gravity of the circumstances that led to Mr. Trump’s suspension, we believe his actions constituted a severe violation of our rules which merit the highest penalty available under the new enforcement protocols. At the end of this",44351,New York Magazine,Facebook Extends Trump Ban Until 2023,1,1,0,0,1,1,True,True,Solution,solution,solution,"['problem', 'solution']","['A2Q1YS118AO2BP', 'A3RYI5HXC2MJLN']"
frames_news_125,solution,"NBC Nightly News (10/18, story 2, 0:20, Snow, 2.91M) reported Twitter ""removed a message from a Trump medical adviser about masks."" NBC's Kelly O'Donnell: ""Dr. Scott Atlas, who is not an infectious disease expert but is advising the President on COVID, tweeted, 'Masks work? No.' That was taken down. Other Trump health officials say masks are necessary and effective.""

The AP (10/18, Bussewitz) reports Atlas' message ""suggested that masks do not work to stop the spread of the coronavirus,"" and that Twitter blocked it on Sunday. A company spokesperson indicated the message ""violated a Twitter policy that prohibits sharing false or misleading misinformation about COVID-19 that could lead to harm."" The AP says researchers say ""masks can control the spread of the virus, and public health experts have urged the public to wear them. But Trump and his team often go without masks while campaigning.""

Reuters (10/18, Chiacu) reports the incident came amid a surge in COVID-19 cases as ""the Trump administration fends off accusations that its mixed messaging on wearing masks hampered the fight against the coronavirus."" Reuters says Atlas ""has downplayed the wearing of masks,"" though it ""has been widely endorsed by health experts but not enthusiastically promoted by the",44123,The Frontrunner,Twitter Blocks Message About Masks From Atlas,1,1,0,0,1,1,True,True,Solution,solution,solution,"['solution', 'solution']","['A2NJ7N8INZOB00', 'A2WGW5Y3ZFBDEC']"
frames_news_126,solution,"LONDON — Twitter has slapped another label on a tweet by President Donald Trump, this time warning that a video he shared was doctored and escalating the social media company's crackdown on one of its most widely followed users.

After Trump tweeted the video late Thursday, Twitter took the rare step of adding a warning that it was “manipulated media"" and linked to a page that said multiple journalists confirmed the clip was edited to make it look like a CNN broadcast. The video remains visible in Trump's timeline.

The doctored clip used footage from a video that went viral last year of two toddlers, one black, one white, which CNN used for a story it did on the boys' friendship.

The video Trump shared begins with footage of the boys running set to ominous music, with a fake misspelled CNN caption reading, “Terrified todler runs from racist baby."" Then it cuts to other footage from the original video of the boys excitedly running to each other and hugging, which formed the basis of the original CNN story, before showing the message, “America is not the problem. Fake news is.”

It's the latest salvo in the battle between Trump and tech companies, which he",44001,The Associated Press,Twitter flags Trump's tweet of doctored 'racist baby' video,1,1,0,0,1,1,True,True,Solution,solution,solution,"['solution', 'solution']","['A1FP3SH704X01V', 'A376F1W1MTY3J']"
frames_news_127,solution,"Sep 23, 2020( Axios: https://link.axios.com/join/am-signup?source=aci Delivered by Newstex) Four people affected by the violence during the Kenosha, Wisc., protests in August are suing Facebook, charging that the social media company enabled violence to take hold there. Driving the news: As BuzzFeed News reports[1], the allegations against Facebook focus on its failure to remove an event titled 'Armed Citizens to Protect our Lives and Property,' created by the self-described militia group the Kenosha Guard.

The page was filled with violent comments including posts celebrating the deaths at the protests. The plaintiffs in this case are Hannah Gittings, whose partner was killed in the Kenosha protests; Christopher McNeal, a Black resident of Kenosha; Nathan Peet, a Kenosha resident who assisted one of Rittenhouse's alleged victims; and Carmen Palmer, a Milwaukee resident who went to march against racial injustice with her children and church group.Kenosha Guard had ties to Kyle Rittenhouse, a 17-year-old who is now charged with two counts of first-degree murder, one count each of attempted homicide, recklessly endangering the safety of two people, and possessing a weapon while under the age of 18.The complaint says the four plaintiffs were 'terrorized, assaulted, harassed, and placed in so much fear when facing the",44097,Newstex Blogs,People hurt in the Kenosha protests are suing Facebook,1,1,0,0,1,1,True,True,Solution,solution,solution,"['solution', 'problem']","['A14W0AXTJ3R19V', 'A1FP3SH704X01V']"
frames_news_128,solution,"Jul 22, 2020( International Business Times News: http://www.ibtimes.com Delivered by Newstex) In a move to crack down on what the social media company deems to be harmful behavior, Twitter on Wednesdaybanned 7,000 accounts linked to the 'QAnon' conspiracy theory and placed limitations on 150,000 other accounts. The banned accounts have been accused of engaging in harassment and breaking Twitter's rules against platform manipulation, spamand ignoring the ban.The accounts affected by the limitations[1] will no longer be recommended by Twitter's algorithms, in an attempt to prevent QAnon content from spreading.

These accounts and terms associated with QAnon will also be featured less in searches and trends.A Twitter spokesperson confirmedthat while the rules being broken are not new, the designation of QAnon-affiliated content as ""harmful"" is new for the platform.QAnon is a fringe right-wing conspiracy theory that originated on the controversial online message board 4Chan. It is based on posts from an anonymous user, called 'Q' by followers, claiming without proof to be a government employee with 'Q-Level' clearance. The posts claim thatPresident Trump is leading a secret campaign against 'deep state' figures —largely composed of left-wing politicians, progressive celebritiesand business leaders —that are allegedly engaged in child abuse, pedophiliaand Satanism.The anonymous user",44034,Newstex Blogs,"Twitter Bans 7,000 Account Linked To 'QAnon' Conspiracy, Limit Thousands More",1,1,0,0,1,1,True,True,Solution,solution,solution,"['solution', 'solution']","['A1FP3SH704X01V', 'A2Q1YS118AO2BP']"
frames_news_129,solution,"Facebook and Alphabet's YouTube took down a video from President Donald Trump on Wednesday that continued to make the baseless claim the election was fraudulent as he told supporters who had stormed the U.S. Capitol to go home.

Twitter restricted users from retweeting the video ""due to a risk of violence,"" as hundreds of protesters sought to force Congress to undo the president's election loss to Democratic President-elect Joe Biden. Twitter restricted a later tweet from Trump that again falsely alleged he had won the election.

Later Wednesday night, Twitter locked the president's account for 12 hours over ""repeated and severe violations"" of the social media platform's civic integrity rules and threatened permanent suspension.

Facebook Vice President of Integrity Guy Rosen tweeted that it believed the video ""contributes to rather than diminishes the risk of ongoing violence,"" saying the action was part of ""appropriate emergency measures.""

Google-owned YouTube said the video violated its policy against content that alleges ""widespread fraud or errors changed the outcome of the 2020 U.S. Election."" YouTube spokesman Farshad Shadloo added the company does allow copies that include additional context.

Social media companies have been under pressure to police misinformation on their platforms around the election. Trump and his allies have",44204,Thai News Service,"United States: Facebook, YouTube Pull Trump Video; Twitter Locks Trump Account",1,1,0,0,1,1,True,True,Solution,solution,solution,"['problem', 'solution']","['A2Q1YS118AO2BP', 'A2YYQJ3JWA2KGD']"
frames_news_130,problem,"May 27, 2020( The Geller Report: https://gellerreport.com Delivered by Newstex) ; The GOP has ignored this and us for far too long. We are what stands between victory and defeat.

Social media is the last frontier, the only place we can share ideas and we are being shadowboxed, suspended, censored and scrubbed. Trump understands this.Twitter has now shown that everything we have been saying about them (and their other compatriots) is correct. Big action to follow! — Donald J. Trump (@realDonaldTrump) May 27, 2020[1]Donald Trump Threatens Regulation or Shutdown of Social Media CompaniesBy: Charlie Spiering, 27 May 2020: President Donald Trump on Wednesday warned social media companies to stop silencing conservatives on their platforms or face a stiff penalty. 'Republicans feel that Social Media Platforms totally silence conservatives voices,' he wrote. 'We will strongly regulate, or close them down, before we can ever allow this to happen.' The president said that despite attempts by tech companies to stop him from winning in 2016, he still won but warned that the companies would try again in 2020.'We can't let a more sophisticated version of that happen again,' he wrote.Trump commented on social media companies after Twitter on Tuesday branded one of his",43978,Newstex Blogs,President Trump Threatens Regulation or Shutdown of Social Media Companies' 'Big Action To Follow',1,1,1,1,0,0,True,True,Problem,problem,problem,"['problem', 'solution']","['A376F1W1MTY3J', 'A3RYI5HXC2MJLN']"
frames_news_131,solution,"(Somerville, NJ) On Friday, October 16th, Representative Tom Malinowski will host a virtual forum to discuss the threats posed by white nationalism, anti-Semitism and other forms of extremism online. Rep. Malinowski will be joined by Elizabeth Neumann, who served in the Trump administration as Assistant Secretary for Counterterrorism and Threat Prevention at the U.S. Department of Homeland Security. Members of the public can RSVP here: https://ggle.io/3Vk4.

""Extremist groups spreading hate and disinformation online threaten the safety of Americans and the integrity of our democracy,"" said Rep. Malinowski. ""I look forward to sharing with constituents how I am taking concrete action at the federal level to address this growing problem, and hearing from constituents about their concerns.""

Rep. Malinowski has been an outspoken critic of large social media platforms and their algorithmic amplification of harmful, conspiratorial content. Earlier this month, the House of Representatives passed a bipartisan resolution introduced by Rep. Malinowski to condemn QAnon, a movement promoting a collection of unfounded conspiracy theories that have spread widely on the internet since 2017. In September, he hosted a public forum with leading experts to discuss the proliferation of conspiracy theories and misinformation online, and how to guard against them.

Since his first days in",44113,Congressional Documents and Publications,REPRESENTATIVE MALINOWSKI TO HOST FORUM ON THE SPREAD OF EXTREMISM ONLINE,1,1,0,0,1,1,True,True,Solution,solution,solution,"['solution', 'problem']","['A14W0AXTJ3R19V', 'A1FP3SH704X01V']"
frames_news_132,problem,"ABSTRACT

If - and it's still a big if - Facebook carries out its threat, it will hurt Australians much more than it will hurt itself.

FULL TEXT

Facebook's threat yesterday to stop Australians sharing news content on its platforms if the government forced big companies to pay local media outlets could leave us less well-informed and allow misinformation to flourish, experts have warned. That shakedown leaves a lot of questions unanswered. We still don't know what kind of content will qualify as news. And, most worryingly, we don't know what social media platforms already rife with fake news, disinformation and conspiracy theories will look like when the legitimate stuff is gone. A newsfeed without news There's a good chance that if Facebook carries through with its threat, most Australians won't notice a huge change to their newsfeed in the short term at least. How much actual news a person might see on their feed tends to be influenced by a bunch of variables: what pages they like, what their friends engage with, even the time of day they're scrolling. Instead the impacts could hit particular demographic groups. Plenty of Australians do still rely on Facebook for news. The most recent Digital News",2020-09-02,Crikey,'Bad for democracy': Facebook's news ban could leave only the garbage behind,1,1,1,1,0,0,True,True,Problem,problem,problem,"['solution', 'problem']","['A2Q1YS118AO2BP', 'A2ZUCKYJE4DPV7']"
frames_news_133,solution,"Oct 09, 2020( The Business Insider: http://www.businessinsider.com/ Delivered by Newstex) Twitter is temporarily changing a number of its features to prevent the spread of political misinformation on the platform as the 2020 presidential election draws near. Twitter will prompt users to post a comment on a tweet before retweeting it and will prevent tweets liked by people you don't follow from being recommended to you in your timeline, among other changes. The changes are designed to have people to think twice before they amplify a tweet that could contain misleading information ahead of and during the November election.

Visit Business Insider's homepage for more stories[1].Twitter will start implementing changes in an effort to limit the spread of political misinformation on the platform leading up to the November 3 presidential election.Twitter said in a blog post[2] it will start encouraging users to post a comment on a tweet before they can retweet it, a move designed to prompt more consideration and thought regarding the tweet's topic and to limit how easily a tweet can reach more people. The company said it will start testing this feature for some Twitter users on Friday.Twitter will also start preventing tweets that were liked by people",44113,Newstex Blogs,Twitter is changing some of its features to crack down on political misinformation leading up to the 2020 presidential election,1,1,0,0,1,1,True,True,Solution,solution,solution,"['solution', 'solution']","['A1FP3SH704X01V', 'A2Q1YS118AO2BP']"
frames_news_134,solution,"Editor: One nation under authoritarian rule. American citizen voices and opinions stifled. These are the nightmarish fears that American citizens consider when they hear the word ""censorship.""As a teenager, I believe that free speech is a core value of American democracy.

America is about freedom, and censorship is supposedly about infringing on human rights. Or is it?What if censorship actually keeps us free? What if censorship is what we all need?I'm a TikTok user. In our current pandemic, my school has been closed, so I've especially been a fan of the ability to connect with friends. Scrolling on my phone, cracking up, and jamming to music brightens my day; TikTok is a way for teenagers and children to escape from the problems brought on by isolation.That being said, I am not naive enough to disregard the security risks that TikTok imposes.Today, security is digital. This comes with a lot of problems, as many hackers and opportunists can acquire personal information and use it for material gain or for foreign enemy intelligence.TikTok is currently downloaded on 100 million American cell phones and has been accused of using and taking people's private information overseas. Our government is attempting to censor TikTok to protect",2020-12-09,"Arlington Sun Gazette (Merrifield, Virginia)",Letter: A modest amount of censorship is not a bad thing,1,1,0,0,1,1,True,True,Solution,solution,solution,"['solution', 'solution']","['A14W0AXTJ3R19V', 'A2Q1YS118AO2BP']"
frames_news_135,problem,"FULL TEXT

Where do you go to get the news? For most people in the United States, a primary source is social media, which really means that you're getting your news from everywhere.

Thanks to your baby boomer uncle, you see some Breitbart headlines, your hippie neighbor puts Mother Jones in your feed, and your wine-mom aunt across the pond makes sure you see Daily Mail's latest scandal du jour. Your favorite political commentators are no longer Ivy League-educated trust fund babies whose parents bribed legacy media outlets for jobs. On the Left and on the Right, they're increasingly sharp up-and-comers who earned their followers with incisive reporting and relentless intellectual honesty. And when an article is patently bogus, the masses call them out, either in the comment sections or across Twitter.

But President Trump wants to take us back to the previous century, when we relied on an oligopoly of privileged media denizens, with no platform for the rest of the public to call out fake news. That's because his crusade against Section 230 of the Communications Decency Act, a move to get revenge against Twitter (a private company) for fact-checking what technically constituted an official government statement, would make social media",43979,"The Examiner (Washington, DC)",Trump's social media regulations would silence conservatives and give legacy media all the power,1,1,1,1,0,0,True,True,Problem,problem,problem,"['solution', 'problem']","['A2Q1YS118AO2BP', 'A3OZ8KF0HWSVWK']"
frames_news_136,solution,"ABSTRACT

The social media company fails to prevent the spread of misinformation and incitement of violence. Democracy continues to suffer the consequences.

BODY

For years, experts have warned that misinformation and conspiracy theories can spread like wildfires on social media platforms like Facebook, and indeed they have: Foreign governments have been able to interfere with elections around the world by spreading misinformation, and social media platforms have been some of their main conduits; in the United States, public officials all the way up to the president — perhaps the worst offender — have used their accounts to spread dangerous lies that undermine democracy and incite violence. Facebook had years to build safeguards to prevent this kind of misuse from unleashing another disaster in the 2020 election. Instead, it made some piecemeal adjustments that often seemed to address its own public relations concerns rather than protect democracy. Now, two weeks after the latest presidential election, American democracy is suffering the consequences of Facebook's failures — failures, it should be noted, that were born of inaction on the company's part and of government inaction.

In order to prevent bad-faith actors from spreading misinformation, for example, Facebook said it would not accept new political ads in the",44154,The Boston Globe,Facebook failed American democracy — again,1,1,0,0,1,1,True,True,Solution,solution,solution,"['problem', 'problem']","['A1FP3SH704X01V', 'A2Q1YS118AO2BP']"
frames_news_137,problem,"Washington, May 20 (IANS) The independent Oversight Board on Thursday overturned Facebook's decision to remove a comment intended to criticise the Turkish government. ""This case highlighted inconsistencies in how Facebook applies its rules and a lack of transparency...

Washington, May 20 (IANS) The independent Oversight Board on Thursday overturned Facebook's decision to remove a comment intended to criticise the Turkish government. ""This case highlighted inconsistencies in how Facebook applies its rules and a lack of tr...

Washington, May 20 (IANS) The independent Oversight Board on Thursday overturned Facebook's decision to remove a comment intended to criticise the Turkish government. ""This case highlighted inconsistencies in how Facebook applies its rules and a lack of transparency in how its regulations and exceptions are communicated to users,"" the board said in a statement. On December 24, 2020, a Facebook user in the US posted a comment with an adaptation of the 'daily struggle' or 'two buttons' meme. This featured the split-screen cartoon from the original 'two buttons' meme, but with a Turkish flag substituted for the cartoon character's face. The cartoon character has its right hand on its head and appears to be sweating. Above the character, in the other half of the split-screen, are",44336,Sify,Oversight Board overturns Facebook's decision to remove comment,1,1,1,1,0,0,True,True,Problem,problem,problem,"['neutral', 'problem']","['A1FP3SH704X01V', 'A2NJ7N8INZOB00']"
frames_news_138,solution,"SAN FRANCISCO: Facebook Inc said on Thursday it would start promoting content from public Facebook Groups in users' news feeds and in search engine results, defying calls by watchdog groups to limit algorithmic recommendations ahead of U.S. elections next month. In a blog post, Facebook app chief Fidji Simo said the company would surface recommendations in news feeds by showing ""related discussions"" from public groups next to a link or post. Facebook Groups are communities that form around shared interests, and public groups' posts can be viewed by any user. Simo said Facebook would also start showing conversations from public groups outside the app, such as in web searches. Facebook declined to specify when the changes would be rolled out, with a spokesman saying only that U.S. tests would begin ""in a very limited capacity"" in the coming weeks. The company, which made groups a strategic priority last year, also said it was adding new moderation tools for the more than 70 million people running those communities to help them reject posts, lead discussions and arrange paid sponsorships. According to an internal memo seen by The Verge https://www.theverge.com/21444203/facebook-leaked-audio-zuckerberg-trump-pandemic-blm, the groups push this year has been a success for engagement on",44106,Channel NewsAsia,"Facebook steps up promotion of groups content in feeds, around the web",1,1,0,0,1,1,True,True,Solution,solution,solution,"['problem', 'neutral']","['A2Q1YS118AO2BP', 'A37WXDYYT7RCZ0']"
frames_news_139,problem,"Other prominent users include members of the Trump campaign team and family, and Katie Hopkins

The social media app Parler is seeing an uptick in users including many Conservative MPs

The platform, which was launched in August 2018, markets itself as an alternative to Twitter.

It describes itself as an ""a non-biased free speech driven entity.""

Recently, Twitter has been criticised for its policy towards the tweets of tweets of president Donald Trump, which has included hiding his inflammatory content behind a warning label or fact-checking them.

However, Parler hosts many far-right figureheads who have been removed from other platforms.

What is Parler?

Parler is used similarly to Twitter. Users post ""Parleys"" that can be commented on, ""echoed"" (like retweets) and voted on.

It is available on the web, as well as on the App Store for Apple users and the Google Play Store for Android users.

In May 2019, founder John Matze said the site had approximately 100,000 users in total. In June, 200,000 Saudi Arabian users joined the site to protest claimed censorship from Twitter.

Twitter had approximately 326 million users at the time.

How is Parler different from Twitter?

The most prominent difference between the social media sites, apart from their size, is their attitudes towards content on their",2020-06-22,The Independent (United Kingdom),Parler: What is the app that MPs and right-wing celebrities are joining?,1,1,1,1,0,0,True,True,Problem,problem,problem,"['neutral', 'solution']","['A2NJ7N8INZOB00', 'A2Q1YS118AO2BP']"
frames_news_140,solution,"BRUSSELS Tech giants that break new European Union rules aimed at curbing their powers could face fines, be ordered to change their practices or even be forced to break up their European businesses, the bloc's digital chief Thierry Breton said on Wednesday.

Breton's comments come two weeks before he is due to present draft rules known as the Digital Services Act (DSA) and Digital Markets Act (DMA), which are likely to affect big U.S. players Google, Apple, Amazon, Facebook and Microsoft.

The DSA will force tech companies to explain how their algorithms work, open up their advertising archives to regulators and researchers, and do more to tackle hate speech, harmful content and counterfeit products on their platforms.

The DMA takes aim at online gatekeepers with a list of requirements, such as sharing certain kinds of data with rivals and regulators; and outlawed practices, such as favouring their own services. It will also include a range of sanctions.

""We start with a fine, then you have a bigger fine, then you may have a temporary remedy, specific remedies, then you may have at the end of the day, what we have also in the competition rules, structural separation,"" Breton told reporters during an online briefing.

""So",2020-11-26,National Post's Financial Post & FP Investing (Canada),Digital titans face penalties if they breach new EU rules; Oversight,1,1,0,0,1,1,True,True,Solution,solution,solution,"['problem', 'problem']","['A2Q1YS118AO2BP', 'A3RYI5HXC2MJLN']"
frames_news_141,problem,"When talking about the complexities of news, or how information is distributed in the 21st century, the word ""bully"" might seem out of place. But as Facebook threatens to cut off access to sharing news in response to a proposed Australian law, it's hard not to think that bullying might be exactly what is going on.

Here's the (slightly complicated) situation: in April of this year, after an 18-month inquiry into the role of digital platforms, the Australian Competition and Consumer Commission was asked by the government there to develop a code to address the imbalance in power between digital platform businesses such as Facebook and news organizations.

In July, the ACCC announced that its solution was to enforce a set of rules in which Facebook and Google would have to negotiate prices to have news pieces from vetted news organizations shared on their platforms.

If they cannot, a panel will arbitrate a final, binding price. Finally, Facebook or Google would have to inform news companies of any changes to their algorithms that would negatively impact the news business. In response, Facebook threatened to simply ban the sharing of news links on its platform in the country. Hence the justified use of the",2020-09-05,thestar.com,Facebook's threat to stop distributing news in Australia is the act of a bully - and sometimes the only way to stop bullies is to use force,1,1,1,1,0,0,True,True,Problem,problem,problem,"['solution', 'problem']","['A2Q1YS118AO2BP', 'A2WGW5Y3ZFBDEC']"
frames_news_142,solution,"Ever wonder exactly how prominent QAnon was on Facebook's social networks, prior to the company banning the conspiracy from its platforms? We now know.

In an update to a blog post discussing Facebook's Dangerous Individuals and Organizations policy, the company shared how many QAnon pages, groups, and accounts it removed from both Facebook and Instagram.

According to Facebook, the company has removed 1,700 Pages, 5,600 Groups and around 18,700 Instagram accounts ""representing QAnon"" since August, when it first began rolling out policies pertaining to QAnon content.

The company also provided additional information regarding those numbers. Facebook explained that while the QAnon Instagram accounts were larger in numbers than Facebook Groups related to the conspiracy, the Groups had many more followers than the Instagram accounts.

Facebook classifies QAnon as a ""violence-inducing conspiracy network"" under its policy. The company originally prohibited these pages and groups if they promoted violence during the summer. The social network broadened its policy to ban QAnon outright in early October.

Those who believe the conspiracy think that President Trump is secretly battling a global satanic pedophile ring made up of Hollywood elites, Democrats, and others. Regardless of the fact that the claims are completely unfounded, QAnon believers have engaged in slander and",44132,Mashable.com,Facebook shares specifics on how many QAnon accounts it banned,1,1,0,0,1,1,True,True,Solution,solution,solution,"['solution', 'solution']","['A2YYQJ3JWA2KGD', 'A3OZ8KF0HWSVWK']"
frames_news_143,solution,"NEW DELHI: Facebook is a non-partisan platform which denounces hate and bigotry, the company's India head said on Friday, amid a controversy over how the U.S. social media giant regulates political content in its biggest market by number of users. Facebook and its top lobbying executive in India, Ankhi Das, have faced criticism after a news report said she opposed applying hate-speech rules to some Hindu nationalist individuals and groups, and to a politician from India's ruling party who had called Muslims traitors in Facebook posts. ""The decisions around content escalations are not made unilaterally by just one person ... the process comes with robust checks and balances,"" Facebook's India head, Ajit Mohan, wrote in an online post titled ""We are open, transparent and non-partisan"". Reuters this week reported that some Facebook employees in the United States and beyond had raised questions in internal forums about whether adequate content regulation practices were being followed by the India team. In an internal open letter to Facebook's leadership, 11 employees demanded that company leaders acknowledge and denounce ""anti-Muslim bigotry"" and ensure more policy consistency.

One source had said there was a debate happening internally at Facebook about content moderation processes. The controversy has",2020-08-21,Channel NewsAsia,"Facebook denounces hate, bigotry, its India chief says amid content row",1,1,0,0,1,1,True,True,Solution,solution,solution,"['neutral', 'neutral']","['A2Q1YS118AO2BP', 'A2WGW5Y3ZFBDEC']"
frames_news_144,neutral,"A lawyer for President Donald Trump's reelection campaign said Chris Krebs -- the former U.S. cybersecurity chief who defended the integrity of the 2020 election -- should be executed.

Trump fired Krebs, a lifelong Republican and former director of the Cybersecurity and Infrastructure Security Agency, in November after Krebs called this year's election the most secure in the country's history, contradicting the president's baseless claims that the election was fraudulent.

In a Nov. 17 post later flagged by Twitter as ""disputed,"" Trump said Krebs had been terminated and the president continued to push unfounded claims that the election was rigged against him.

Krebs, a Trump appointee, stood by his comments, tweeting he was ""honored to serve"" and that ""we did it right.""

In a Monday interview on ""The Howie Carr Show,"" Joe diGenova, part of the Trump campaign's legal team, called Krebs a ""moron"" for saying the election was secure and said he should be killed.

""Anybody who thinks that this election went well like that idiot Krebs who used to be the head of cybersecurity -- that guy is a class A moron,"" he told Carr. ""He should be drawn and quartered, taken out a dawn and shot.""

Carr is a host on Newsmax, a",44166,McClatchy Washington Bureau,Trump lawyer calls for execution of ex-cybersecurity chief who called election secure,1,1,0,0,0,0,True,True,Neither,neutral,neutral,"['problem', 'neutral']","['A2Q1YS118AO2BP', 'A2YYQJ3JWA2KGD']"
frames_news_145,problem,"FULL TEXT

Joe Biden’s threat to revoke liability protections for social media companies in the name of combating ""fake news"" should concern us all.

In an interview with the New York Times, the 2020 front-runner endorsed the repeal of Section 230 of the Communications Decency Act, which ensures that users and not the platform itself are legally responsible for what they post on social media websites.Tweet

Akin to ensuring that telecommunications companies aren’t held responsible for the content of phone conversations, Section 230 is a commonsense policy that allows for free discourse on the internet, subject to standards imposed by individual online platforms. Ironically, Biden’s stance echoes conservative politicians such as Sens. Josh Hawley and Ted Cruz, who have also called for Section 230’s repeal. In their case, the two Republicans are looking to punish companies such as Facebook for what they perceive as censorship of conservatives.

While liberal critics such as Speaker of the House Nancy Pelosi describe the law as a “gift” to Big Tech companies, the opposite is true. Repealing Section 230 would also affect smaller platforms and independent websites, especially those allowing comments on articles. Unlike Facebook or Google, these companies typically don’t have the necessary resources to moderate or",2020-01-17,"The Examiner (Washington, DC)",Biden just endorsed destroying social media as we know it,1,1,1,1,0,0,True,True,Problem,problem,problem,"['problem', 'problem']","['A1FP3SH704X01V', 'A2Q1YS118AO2BP']"
frames_news_146,solution,"All the latest national and international news stories brought to you by the BBC news team.

Speech to text transcript:1This copy is computer generated. Text will vary in accuracy due to speaker dialect and audio quality issues.

This copy is computer generated. Text will vary in accuracy due to speaker dialect and audio quality issues.

The hospitality sector has also had immense challenges. Pubs and restaurants have reopened for outdoor service. Indoor socialising will be allowed in the next phase of easing lockdown, currently set for the 24th of May. Ministers have indicated they could bring that date forward if all goes well with this stage.

Chris Page, BBC News. Many leading football clubs and other sports bodies begin a four-day boycott of social media this afternoon, to highlight the issue of online racial abuse. It's hoped the protest will encourage social media companies to do more to prevent harmful content from being posted, and punish those behind it. Nestor McGregor reports. Taking the knee, slogans, banners, big campaigns, now football's latest attempt to stamp out racism is digital silence. Do I think it will make a difference? Probably not, but what it does do is it sends a warning to these companies, to",2021-04-30,TVEyes - BBC 1 West Midlands,BBC News at One - 12:25 AM GMT,1,1,0,0,1,1,True,True,Solution,solution,solution,"['problem', 'solution']","['A2Q1YS118AO2BP', 'A2WGW5Y3ZFBDEC']"
frames_news_147,problem,"US President Donald Trump announced a major clampdown on social media companies

yesterday as he ordered a review of a law that gives companies like Twitter and Facebook legal protection for content posted on their platforms.

In a significant escalation of his battle with Twitter, Mr Trump signed an executive order calling for new regulations under Section 230 - a key provision of the Communications Decency Act of 1996 which exempts social media companies from liability for content published on their platforms.

""We're here today to defend free speech from one of the greatest dangers,"" he said, as he denounced the ""unchecked power"" of tech ""monopolies"".

""The choices that Twitter makes when it chooses to suppress, edit, blacklist, shadow-ban are editorial decisions, pure and simple,"" he said. ""In those moments Twitter ceases to become a neutral public platform and becomes an editor with a viewpoint,"" adding that his comments also applied to Google and Facebook.

He said censorship and bias are ""a threat to freedom itself"", stating social media companies have ""vastly more power and more reach"" than any phone company, newspaper or traditional forms of communication.

""Imagine if your phone company silenced or edited your conversations. Social media companies have vastly more power and more",43980,The Irish Times,Trump announces clampdown on social media companies,1,1,1,1,0,0,True,True,Problem,problem,problem,"['neutral', 'solution']","['A14W0AXTJ3R19V', 'A2YYQJ3JWA2KGD']"
frames_news_148,solution,"The 100-page report claims Facebook has made a ""seesaw of progress and setbacks"" on civil rights

Facebook has been accused of ""painful"" failings in civil rights in a damning self-commissioned audit into its policies and practices.

The report found the social network, which owns WhatsApp and Instagram, made ""vexing and heartbreaking"" decisions by prioritising free speech over other values, such equality.

Auditors highlighted several ""serious issues"", saying that the company has made a ""seesaw of progress and setbacks"" on civil rights despite pressure from lawmakers.

The 100-page audit was commissioned two years ago by Facebook from Laura Murphy, a civil rights activist, and the law firm Relman Colfax.

It comes as Facebook faces anunprecedented boycott by nearly 1,000 advertisers. The boycotting firms include companies such as Unileverand Starbucks,that spendtens of millions of pounds on social networking sites.

Civil Rights leaders spoke to Facebook chief executive Mark Zuckerberg on Tuesday. However, leaders have accused the executives of answering concerns with ""spin"".

""Unfortunately, in our view Facebook's approach to civil rights remains too reactive and piecemeal,"" the report said.

Among other issues, the audit found Facebook was not sufficiently dealing with concerns around how its ""algorithms used by Facebook inadvertently fuel extreme and polarising content"".

Auditors singled out criticism for a",44020,telegraph.co.uk,Facebook accused of 'heartbreaking' civil rights failings by own audit,1,1,0,0,1,1,True,True,Solution,solution,solution,"['solution', 'problem']","['A2Q1YS118AO2BP', 'A2YYQJ3JWA2KGD']"
frames_news_149,problem,"Enough is enough. Silicon Valley tech executives have no right to decide what Alabamians read and listen to.

The Alabama Legislature needs to follow Florida's lead and put sensible rules into place regulating big tech censors.

Rep. Blaise Ingoglia, the sponsor of HB 7013, said the measure is needed to protect Floridians from arbitrary sanctions from social media companies, such as removal from their platforms or censorship, because they've grown so large and dominate modern discourse.

The bill includes a measure to fine social media platforms that blacklist political candidates: $100,000 a day for statewide candidates (governors, senators, and presidential candidates) and $10,000 a day for ""other candidates.""

The bill also includes extensive measures aimed at constraining tech companies' ability to prioritize content. It includes a definition of ""shadow banning"" action by a social media platform, through any means, to limit or eliminate the exposure of a user or content or material posted by a user to other users of the social media platform.

The bill would also mandate a period of 60 days for banned users of social media platforms to ""access or retrieve all of the user's information, content, material, and data.""

The big tech companies would also be required by the bill to",44281,The Gadsden Times (AL),Alabama should follow Florida's example and fight big tech's censors,1,1,1,1,0,0,True,True,Problem,problem,problem,"['problem', 'problem']","['A1FP3SH704X01V', 'A2Q1YS118AO2BP']"
frames_news_150,solution,"Link to Image



Link to Story

New Delhi, Nov 8 (IANS) The Delhi Assembly's Committee on Peace and Harmony will on Tuesday examine digital strategist and former journalist Mark S. Luckie, a key witness in continuation of the proceedings against Facebook.The proceedings of the committee will be streamed live to get new points against Facebook over its alleged inaction in tackling harmful content on its platform. There were allegations against Facebook over its conduct on various instances, including the conduct of free and fair elections, and the Delhi riots.The committee has sent a formal notice to Luckie to appear before it on Tuesday. The move is in continuation of the previous proceedings of the Committee under the chairmanship of Raghav Chadha.An employee at Facebook 2017-18, Luckie has led media partnerships for some of the influential social platforms in the world, including Facebook, Twitter and Reddit -- an American social news aggregation, web content rating, and discussion website.He had left Facebook in November 2018 after claiming that it inculcates a ""misguided work system"" which has led to division in communities, especially by the actions and inactions of the company.Highlighting the ""rampant racism"" operating within the company's framework, Luckie has published a memo where",2020-11-08,Global English (Middle East and North Africa Financial Network),Facebook case: Delhi Assembly panel to examine ex-employee,1,1,0,0,1,1,True,True,Solution,solution,solution,"['solution', 'problem']","['A2YYQJ3JWA2KGD', 'A3OZ8KF0HWSVWK']"
frames_news_151,problem,"Tuesday : US president insults top infectious disease expert as global infections top 40 million. Plus: why did Celeste Barber's copycat post get blocked?

Good morning, this is Tamara Howie bringing you the main stories and must-reads on Tuesday 20 October.

Top stories

Donald Trump has attacked the top US public health expert, Dr Anthony Fauci, calling him a ""disaster"" and claimed that ""people are tired of hearing Fauci and all these idiots"" in a conference call to his campaign staff. The president later went on Twitter to criticise Fauci over his TV appearance on 60 Minutes. The comments come as infections rise above 40 million globally and many European countries are bringing in localised lockdowns. A two-week national lockdown will be imposed in Wales, which the government hopes will give the NHS breathing space before winter. Poland will open a temporary hospital at Warsaw's national stadium and a surge in infections in the Czech Republic has made it one of Europe's worst-hit countries. Elsewhere, Iran reported a big spike in the daily number of coronavirus deaths, with a rise from 252 to a new record of 337.

Journalists and environmental and human rights groups could face compulsory questioning by Asio as part of",44123,The Guardian (London),"Morning mail: Trump calls Fauci a 'disaster', Russian Olympics cyberattack, Instagram censorship",1,1,1,1,0,0,True,True,Problem,problem,problem,"['neutral', 'problem']","['A1FP3SH704X01V', 'A3RYI5HXC2MJLN']"
frames_news_152,problem,"Sep 18, 2020( Newsbusters.org: http://newsbusters.org/Delivered by Newstex) Facebook's left-wing fact-checking network, masquerading as unbiased, censored yet another pro-Trump ad. The ad snarkily suggested that Democratic presidential nominee Joe Biden 'accidentally' told the truth in stating that Americans taxes would be raised if he is elected. PolitiFact, one of the 10 U.S. fact-checkers for Facebook[1], marked the 30-second ad[2] criticizing Biden's tax policy as 'Mostly False' for missing context, leading to its ban from the platform.'Guess what, if you elect me, you're not your taxes are going to be raised, not cut,' said Joe Biden in one of the advertisement's contested claims.Despite PolitiFact admitting Biden would raise taxes for 'all income groups,' the fact-check[3] says the ad gives the wrong impression.

The critique said Biden's policy would raise taxes on the nation's 'biggest earners' while an increase on the lower-income groups would be 'relatively small.'PolitiFact also disproved its second contested claim that Biden's tax proposal carries more than double the increases proposed by Hillary Clinton in 2016. ''That's accurate,' said Gordon Mermin, a senior research associate at the Tax Policy Center,' the report stated.Facebook's so-called non-partisan and transparent fact-checkers have a history of defending the left while cracking down on the right.Over",2020-09-18,Newstex Blogs,Facebook Fact-Checker Censors Pro-Trump Ad for 'Missing Context' on Biden Tax Plan,1,1,1,1,0,0,True,True,Problem,problem,problem,"['problem', 'problem']","['A2Q1YS118AO2BP', 'A3O81LHBBI8NPK']"
frames_news_153,solution,"Sep 03, 2020( TheNextWeb.com: http://thenextweb.com Delivered by Newstex) In 2018, WhatsApp introduced a limit on forwarding messages[1] to only five contacts at a time. Now, Facebook is bringing that limit to Messenger, starting today.

The company thinks it's an 'effective way to slow the spread of viral misinformation and harmful content.' And it's not entirely wrong. Often misinformation is spread through people sending messages without really checking information. After the company rolled out limits on forwarding viral messages in WhatsApp, it observed a 70% drop in these kinds[2] of messages. In a statement, the company said the new limit will help control misinformation: We are introducing a forwarding limit on Messenger to help curb the efforts of those looking to cause chaos, sow uncertainty, or inadvertently undermine accurate information.We want Messenger to be a safe and trustworthy platform to connect with friends and family. Messenger has more than 1.5 billion users around the world, and it's probably the second most popular messaging app in the world after WhatsApp, which has 2 billion users on its platform. Did you know we have an online event[3] about product design coming up? Join the Sprint track at TNW2020[4] to explore the latest trends and",44077,Newstex Blogs,Facebook Messenger wants to curb misinformation by limiting forwards to 5 contacts at a time,1,1,0,0,1,1,True,True,Solution,solution,solution,"['solution', 'solution']","['A1FP3SH704X01V', 'A2Q1YS118AO2BP']"
frames_news_154,solution,"The latest news, sport, business and weather from the BBC's Breakfast team.

Speech to text transcript:1This copy is computer generated. Text will vary in accuracy due to speaker dialect and audio quality issues.

This copy is computer generated. Text will vary in accuracy due to speaker dialect and audio quality issues.

concern, possibly, they may have the virus. In Thailand, of course, there are 33 cases of coronavirus they are. A concerning situation, with a lot of people living in confined men in a very close area that the virus, if it is there, could spread very easily. A very worrying picture.

Andy Moore, thank you. Meanwhile, the number of people infected with the virus on a cruise ship quarantined in Japan has risen to 174. The cruise ship has been quarantined outside Yokohama since last Wednesday. It's the biggest single outbreak outside mainland China. Ofcom is expected to be given powers to make it Britain's first Internet watchdog, giving it powers to punish tech companies over harmful or illegal material. Firms like Facebook and YouTube will need to ensure that illegal content is removed quickly. It's not yet known what penalties Ofcom will be able to impose on those who fail to comply.",43873,TVEyes - BBC 1 South East,Breakfast - 08:04 AM GMT,1,1,0,0,1,1,True,True,Solution,solution,solution,"['neutral', 'solution']","['A14W0AXTJ3R19V', 'A2Q1YS118AO2BP']"
frames_news_155,solution,"A movement in the United States to pull advertising from social media platform Facebook over its perceived failure to rein in misleading and hateful content appears to have gained a foothold in Finland.

According to Riikka-Maria Lemminki, CEO of lobby group Marketing Finland, some firms have cut back on advertising with the social media giant.

""To my knowledge there about a dozen or so firms that have recently reduced advertising on Facebook, or put it on hold, precisely due to the recent discussion,"" Lemminki told Yle.

The purpose of the boycott campaign is to force Facebook to intervene in the hate speech and racist content that many say is largely unregulated on the platform.

""Facebook does not have sufficient control over content and it has permitted racist discourse. They need to change that,"" Lemminki declared.

Fear of ""greenie"" label

Many US companies have moved to ""unlike"" Lacebook and have said that they will not resume spending on advertising on the platform unless it takes decisive action to more effectively crack down on the spread of hateful content. They include large companies such as teleoperator Verizon, ice cream firm Ben & Jerry's and active wear company The North Face, as well as well-known global brands such as",44044,Finnish American Reporter,Finnish firms boycott Facebook,1,1,0,0,1,1,True,True,Solution,solution,solution,"['solution', 'problem']","['A2Q1YS118AO2BP', 'A3RYI5HXC2MJLN']"
frames_news_156,neutral,"When I was little, I was fond of a book called Girls Can Be Anything. It is about two friends. Adam insists only boys can be pilots and doctors, and Marina sets out to prove him wrong. When Adam's preposterous boast every U.S. president has been a man turns out to be true, Marina resolves to become the first female president.

""This is the book that made me a feminist,"" begins a review on Goodreads.com, which captures my feelings.

The cherished 1973 children's story by Norma Klein helped lay the foundation, but the book that cemented my identity as an unapologetic feminist was Naomi Wolf's The Beauty Myth. Her polemic awakened me to the crippling strictures of the male gaze, and its pervasive impact in the workforce and on campus. I developed strong opinions about high heels, and saying yes to dessert.

The impact of her work was not isolated. The Beauty Myth was listed among the New York Times'70 most influential books of the 20th century. Wolf was celebrated as a pioneer of third-wave feminism.

Any lingering feelings of hero worship crashed hard last week when Wolf was suspended by Twitter, after using the platform to spread misinformation about vaccines.

It's become clear the",2021-06-12,Chatham Daily News,Twitter vaccine myths crackdown overdue,1,1,0,0,0,0,True,True,Neither,neutral,neutral,"['solution', 'problem', 'solution', 'problem']","['A2Q1YS118AO2BP', 'A2ZUCKYJE4DPV7', 'A2WGW5Y3ZFBDEC', 'A2YYQJ3JWA2KGD']"
frames_news_157,solution,"•Social network said new recruits this year will work in technology-focused roles•These will include software engineering, product design and data science•Staff will develop WhatsApp and Workplace, its business version of Facebook•Many in Community Integrity will help detect and removes harmful content•Facebook says it is keen to invest in UK despite 'uncertainty' because of Brexit

Social network said new recruits this year will work in technology-focused roles

These will include software engineering, product design and data science

Staff will develop WhatsApp and Workplace, its business version of Facebook

Many in Community Integrity will help detect and removes harmful content

Facebook says it is keen to invest in UK despite 'uncertainty' because of Brexit

Facebook revealed today that it will create 1,000 UK jobs this year in a bid to remove abusive and violent content from the social network.

Its boss Sheryl Sandberg told small business leaders in London this morning that Facebook remained keen to invest in the UK despite 'uncertainty' because of Brexit.

The chief operating officer will meet Prime Minister Boris Johnson today to discuss the new jobs and measures Facebook is taking to tackle harmful content online

The firm said more than half of the recruits will work in technology-focused roles across software engineering, product design and",2020-01-21,MailOnline,"Facebook vows to create 1,000 UK jobs this year in bid to rid website of abusive and violent content as boss Sheryl Sandberg says Britain still leads the world in innovation and creativity after Brexit",1,1,0,0,1,1,True,True,Solution,solution,solution,"['solution', 'solution']","['A14W0AXTJ3R19V', 'A1FP3SH704X01V']"
frames_news_158,solution,"Facebook removed more than 78,000 profiles on both Facebook and Instagram, saying they had posted QAnon content and content related to ""militarized social movements"" since August 2020.

""We continue to strengthen our enforcement by identifying additional militarized social movements, new terms associated with QAnon and how people attempt to skirt our detection, including focusing more on Facebook profiles used to organize and promote these movements and groups on our platform,"" Facebook said in an update on Jan. 19.

The company added that ""these groups are constantly working to avoid our enforcement and we'll continue to study how they evolve in order to keep people safe.""

Facebook added that ""as of January 12, 2021, we have identified over 890 militarized social movements to date and in total, removed about 3,400 Pages, 19,500 groups, 120 events, 25,300 Facebook profiles and 7500 Instagram accounts. We've also removed about 3,300 Pages, 10,500 groups, 510 events, 18.300 Facebook profiles and 27.300 Instagram accounts for violating our policy against QAnon.""

A Facebook spokesperson told Fox Business last week that in all, about 78,000 Facebook and Instagram accounts were deleted as of Jan. 12 of this year.

Other Big Tech companies such as Twitter and Google's YouTube have also removed tens of",2021-01-25,The Epoch Times,"Over 78,000 Facebook, Instagram Users Removed for QAnon, 'Militarization' Policy Violations",1,1,0,0,1,1,True,True,Solution,solution,solution,"['solution', 'neutral']","['A1FP3SH704X01V', 'A37WXDYYT7RCZ0']"
frames_news_159,neutral,"May 07, 2020( TheNextWeb.com: http://thenextweb.com Delivered by Newstex) Facebook today revealed the first 20 members of its Oversight Board, an independent body that can pass judgement on Facebook's policies, assist in content moderation, and hear appeals on existing decisions. In theory, it's a committee that can help Facebook navigate difficult decisions of what's okay to have on the platform, and can overrule even CEO Mark Zuckerberg. Let's see what they actually do in practice. In case you don't remember— because it's been over a year since Zuckerberg first mentioned the plan — the idea behind this group is that it'll be able to overrule Facebook's upper management in policy decisions and content moderation.

There will be 40 members in total, from a variety of different backgrounds, none of whom have any connection to Facebook itself. It'll also be funded by an independent $130 million trust. The board will hear cases in five-person panels and make final rulings, saying on its site[1] that 'Facebook must implement our decisions, unless implementation could violate the law.' Zuckerberg said in 2018[2] that the independent board would 'be focused only on our community,' adding: 'The purpose of this body would be to uphold the principle of",43958,Newstex Blogs,"Facebook names its Oversight Board, a 'supreme court' that can overrule Zuckerberg",1,1,0,0,0,0,True,True,Neither,neutral,neutral,"['solution', 'problem']","['A2NJ7N8INZOB00', 'A2Q1YS118AO2BP']"
frames_news_160,solution,"Link to Story

NEW YORK CITY - July 30, 2020 (Investorideas.com Newswire) The more than 1,000 U.S. and other companies participating in the ""Stop Hate for Profit"" Facebook campaign should broaden their focus to include demanding action on the sexual violence committed on the Facebook platform by child predators, according to an open letter issued today by concerned Facebook shareholders. A major concern cited by the shareholders is that Black and Hispanic children suffer a disproportionate amount of child sexual abuse and exploitation. According to the open letter issued by shareholders: ""Today, we are appealing to the hundreds of companies that have joined the 'Stop Hate for Profit' campaign to expand their focus as they engage with Facebook and help make Facebook the safe place it should be. Here is the sad (but little known) truth: Facebook (including Messenger, Instagram and WhatsApp) is the world's #1 hub of reported child sexual abuse material (CSAM) and the company is not doing enough to stop the problem. In 2019 there were nearly 17 million reports of child sexual abuse material online, and of that, nearly 16 million - or 94 percent - came from the Facebook platform.

We are urging the advertisers who have",2020-07-30,Global English (Middle East and North Africa Financial Network),Shareholders: Companies in Stop Hate for Profit Campaign Should Also Insist Facebook Address Violence of Child Sexual Abuse,1,1,0,0,1,1,True,True,Solution,solution,solution,"['problem', 'problem']","['A2NJ7N8INZOB00', 'A2Q1YS118AO2BP']"
frames_news_161,solution,"Sigma Xi, the Scientific Research Society, issued the following news:

Sigma Xi, The Scientific Research Honor Society has indefinitely halted its ads on Facebook to urge the social media platform to demonstrate a commitment to ending its role in the dissemination of violent rhetoric, racial discrimination, and disinformation.

""Sigma Xi's Facebook ad restriction is aligned with our mission to promote evidence-based messages to the public, free from misinformation and discrimination,"" Jamie Vernon, Sigma Xi executive director and CEO, said. ""Facebook has become a source of false and misleading information on a range of issues that have grave impacts on the health and well-being of society, which conflicts with our goal of improving the human condition.""

In June, Sigma Xi revised its agreement with NPS Media Group, which oversees audience development for the Society's premiere publication, American Scientist, by suspending all advertising activities on the social media platform. In order to resume advertising on Facebook, Sigma Xi calls for the social media giant to demonstrate a substantive and robust commitment to quelling the spread of misinformation and restricting the use of the platform for inciting violence and promoting discrimination.

Facebook recently announced results of their civil rights audit and said that they are beginning the",44034,Targeted News Service,Sigma Xi: World's Largest Research Honor Society Halts Facebook Ads,1,1,0,0,1,1,True,True,Solution,solution,solution,"['solution', 'problem']","['A2Q1YS118AO2BP', 'A2YYQJ3JWA2KGD']"
frames_news_162,solution,"Moscow/Sputnik: The US food and beverage giant PepsiCo is set to pull its adverts from Facebook, joining a range of firms that have started a boycott of the social media platform due to concerns over its inability to monitor and police hateful content, the Fox News broadcaster reported on Sunday, citing sources in the company.

PepsiCo has yet to make an official announcement confirming the move, the broadcaster said. The food and beverage company is set to join several major firms, including the Coca-Cola Company, US telecommunications firm Verizon, and consumer goods giant Unilever, in pulling its advertisements from the platform. The growing boycott prompted Facebooks shares to plunge 8.3 percent during Fridays trading. Companies have cited the ongoing presence of misinformation and hate speech on the platform, amid a campaign launched by several prominent US civil rights organizations, including the National Association for the Advancement of Colored People. Minority rights groups began the campaign on June 17, amid the ongoing wave of civil rights protests in the US following the death of George Floyd in police custody in Minneapolis. The organizations state that Facebook has enabled content that incited violence against protesters, and urged companies to remove all their adverts",2020-06-29,IBNS,PepsiCo joins growing advertising boycott of social media site Facebook: Reports,1,1,0,0,1,1,True,True,Solution,solution,solution,"['problem', 'solution']","['A1FP3SH704X01V', 'A2Q1YS118AO2BP']"
frames_news_163,problem,"May 27, 2020( The Wrap: http://www.thewrap.com/ Delivered by Newstex) President Donald Trump floated the idea of shutting down certain social media platforms Wednesday after claiming they are biased against Republicans. Twitter added a fact-check label to Trump's false tweets about mail-in ballots on Tuesday, marking the first time the social media platform has done so for the president's tweets. 'Republicans feel that Social Media Platforms totally silence conservatives voices.

We will strongly regulate, or close them down, before we can ever allow this to happen. We saw what they attempted to do, and failed, in 2016. We can't let a more sophisticated version of that happen again. Just like we can't let large scale Mail-In Ballots take root in our Country. It would be a free for all on cheating, forgery and the theft of Ballots. Whoever cheated the most would win. Likewise, Social Media. Clean up your act, NOW!!!!' he wrote[1] in a series of tweets. Regulation of social media companies would require action by the FCC or Congress. A representative for Twitter didn't immediately respond to a request for comment from TheWrap. Also Read: Why Twitter Hasn't Deleted Any of President Trump's Tweets (Yet)[2] 'The Tweets contain potentially misleading",43978,Newstex Blogs,Trump Suggests Shuttering Social Media Platforms After Twitter Adds Fact-Check to His Tweets,1,1,1,1,0,0,True,True,Problem,problem,problem,"['solution', 'problem']","['A3O81LHBBI8NPK', 'A3OZ8KF0HWSVWK']"
frames_news_164,solution,"Dr. Anthony Fauci has an upcoming book about the lessons he's learned throughout the COVID-19 pandemic.

The book, ""Expect the Unexpected: Ten Lessons on Truth, Service, and the Way Forward,"" was developed by National Geographic Books and is scheduled to be released on Nov. 2.

Some online have criticized Fauci over the book, claiming that he's cashing in on it while Americans continue to suffer.

""Tony Fauci will make millions off of a new book about 'Truth' while Americans continue to suffer because of his endless stream of lies over the past year,"" reads a June 1 tweet by Charlie Kirk, the founder of the conservative nonprofit Turning PointUSA.

""The highest paid employee of the federal government is set to profit even more off this pandemic. What a disgrace.""

Kirk got one thing right as director of the National Institute of Allergy and Infectious Diseases, and President Joe Biden's chief medical adviser, Fauci is the highest paid employee of the federal government.

But he isn't going to profit from the book.

The post was flagged as part of Facebook's efforts to combat false news and misinformation on its News Feed.

National Geographic Books developed the 80-page book in connection with an upcoming National Geographic documentary film about Fauci.

National",44368,Austin American-Statesman (Texas),Fauci isn't profiting off new book,1,1,0,0,1,1,True,True,Solution,solution,solution,"['problem', 'solution']","['A2Q1YS118AO2BP', 'A3OZ8KF0HWSVWK']"
frames_news_165,neutral,"The latest national and international news from the BBC.

Speech to text transcript:1This copy is computer generated. Text will vary in accuracy due to speaker dialect and audio quality issues.

This copy is computer generated. Text will vary in accuracy due to speaker dialect and audio quality issues.

soon. This is BBC News LIVE from Washington and London. It's been five days since the United States went to the polls and we still don't have a result. But the key state of Pennsylvania, where Joe Biden is currently in the lead, is due to give an update on the numbers.

The eyes of the world are on election counters in the state. If Joe Biden manages to secure victory in Pennsylvania - he wins the White House. Joe Biden has been calling for calm and unity - and says he'll soon have a ""mandate for action"". We don't have the final declaration of victory yet. The numbers tell us it's clear, tell us a clear and convincing story. We're going to win this race. Meanwhile Donald Trump continues to allege fraud without providing evidence, Twitter blocks his four most recent tweets, as his lawyers prepare for a media conference. As the count drags on",44142,TVEyes - BBC News 24,BBC News - 4:00 PM GMT,1,1,0,0,0,0,True,True,Neither,neutral,neutral,"['solution', 'neutral']","['A2Q1YS118AO2BP', 'A2YYQJ3JWA2KGD']"
frames_news_166,solution,"The numbers are staggering. Facebook has 35,000 people working just on safety and security issues. In 2019, it removed more than 6.5 billion fake accounts. And in March 2020 alone, it removed more than 65,000 instances of voter-suppression content related to COVID-19.

This is impressive, and still it isn't enough.

The reality is that while Facebook, Twitter and other social media platforms do a lot to try to weed out false and harmful content, the forces intent on using these vehicles for nefarious purposes are working just as hard.

So the battle continues 24/7/ 365 between players seeking to spread discontent, disinformation and hatred with platforms intent on keeping their communication channels free of filth and falsehoods. It is a battle that cannot end as long as there is evil in the world.

The Dispatch commends Facebook for its work to root out lies and voter suppression efforts. Further, through our parent company, Gannett, we are proud to be part of the independent fact-checking program that Facebook is partnering with to independently verify content posted on Facebook and Instagram.

It's a broad and necessary endeavor to help prevent false information from spreading. Or to keep from stirring up social unrest, like a widely criticized Kenosha",44079,Newark Advocate (Ohio),"As Facebook seeks out fakes, so must we",1,1,0,0,1,1,True,True,Solution,solution,solution,"['problem', 'solution']","['A1FP3SH704X01V', 'A2WGW5Y3ZFBDEC']"
frames_news_167,solution,"Facebook and Twitter restricted the spread of a disputed New York Post article on Wednesday.

The article in question, which makes claims about former Vice President Joe Biden's work in Ukraine, is supposedly based on a hard drive that was abandoned at a Delaware computer repair shop in April of last year. Twitter is actively blocking users from both tweeting and direct messaging the article link. Facebook, for its part, is ""reducing [the article's] distribution"" for the time being.

We reached out to Facebook in an attempt to determine what, exactly, that means, but received no immediate response. Twitter's action, however, is hard to miss. Attempts to either tweet a link to the New York Post article, or send it via Direct Message, are currently being blocked.

When reached for comment, a Twitter spokesperson responded, ""In line with our Hacked Materials Policy, as well as our approach to blocking URLs, we are taking action to block any links to or images of the material in question on Twitter.""

Twitter insisted that, because the source of the material is dubious, it falls under the aforementioned Hacked Materials Policy. That policy reads, in part: ""we don't permit the use of our services to directly distribute content",44118,Mashable.com,Twitter and Facebook restrict sharing of disputed 'NY Post' article ahead of election,1,1,0,0,1,1,True,True,Solution,solution,solution,"['neutral', 'problem']","['A1FP3SH704X01V', 'A2Q1YS118AO2BP']"
frames_news_168,solution,"Sen. Michael F. Bennet, D-Colorado, issued the following news release on Feb. 24:

* * *

- Bennet Writes That Facebook's Actions to Date Fall Far Short of What its Unprecedented Global Influence Requires

* * *

ColoradoU.S. Senator Michael Bennet responded to Facebook CEO Mark Zuckerberg's comments last week in the Financial Times with a letter calling on the company to assume greater responsibility for the damage its platforms have caused to fundamental democratic values around the world. Citing examples from Brazil, the European Union, the Philippines, and Myanmar, Bennet described Facebook's inadequate steps to limit misinformation in elections, attacks on journalists, and hate speech that has led to violence. Bennet also asked Facebook to describe its policies and resources to address the concerns outlined in the letter.

""In dozens of countries, Facebook has unparalleled power to shape democratic norms and debate, and as a result, elections. I am concerned that Facebook, as an American company, has not taken sufficient steps to prevent its platforms from undermining fundamental democratic values around the world,"" said Bennet. ""As we approach critical elections in 2020, not only in the United States, but also in countries such as Egypt, Georgia, Iraq, and Sri Lanka, Facebook must swiftly adopt",2020-02-25,Targeted News Service,Sen. Bennet Responds to Facebook Calling for More Responsibility for Its Damage to Democratic Values Around World,1,1,0,0,1,1,True,True,Solution,solution,solution,"['problem', 'solution']","['A2Q1YS118AO2BP', 'A376F1W1MTY3J']"
frames_news_169,solution,"The latest national and international news from BBC News.

Speech to text transcript:1This copy is computer generated. Text will vary in accuracy due to speaker dialect and audio quality issues.

This copy is computer generated. Text will vary in accuracy due to speaker dialect and audio quality issues.

The contents of the cache were changing and growing. Someone was editing the cache live. That is not good! What it proved was that despite concerted attempts to clear extremist and terror content from the internet, and claims by various agencies that they had been largely successful in doing so, ISIS is not defeated.

It is still there, alive online. VOICEOVER: This is al-Khilafa, in all its glory, remaining and expanding... So Moustafa alerted the counterterrorism prosecutors in New York, as well as the Met Police and Home Office in London towards the end of last year. Ten months on, he is yet to hear back. There are thousands of schools for our cubs... Getting it removed became a passion for Moustafa and his team. They understand how not just to game platforms, they understand the power of the content that is contained within the Caliphate Cache. While the documents remain up, the traffic going to",2020-09-09,TVEyes - BBC 1 Yorkshire and Lincolnshire,Joins BBC News - 00:35 AM GMT,1,1,0,0,1,1,True,True,Solution,solution,solution,"['solution', 'solution']","['A1FP3SH704X01V', 'A2Q1YS118AO2BP']"
frames_news_170,solution,"As a major advertising publication covering Facebook, we often ask whether brands will leave the platform over the latest scandal: the Cambridge Analytica data leak, inflated video metrics or its do-nothing approach on President Donald Trump’s incendiary posts.

More often than not, the answer we hear from brands and media buyers is “no.”

Facebook holds a commanding presence in the digital marketing space. It not only owns the second-largest slice of the digital ad pie, according to eMarketer, but marketers frequently say it’s the most affordable and effective way to target people online. Simply put, it’s hard to quit.

But the gravity of a decision by CEO Mark Zuckerberg to leave up Trump’s “when the looting starts, the shooting starts” post is resonating differently in media buying circles. The platform is facing calls for a new advertising boycott in July that has quickly grown larger than any before.

Major brands have been joining the boycott every day for about a week, putting pressure on Facebook to root out hate speech and misinformation by average users and world leaders alike.

After a number of smaller brands said they would stop giving ad dollars to Facebook over the past few weeks, The North Face became the first",44007,adweek.com,Why This Facebook Boycott Is Different,1,1,0,0,1,1,True,True,Solution,solution,solution,"['problem', 'neutral']","['A1FP3SH704X01V', 'A376F1W1MTY3J']"
frames_news_171,solution,"Nov 20, 2020( The Hindu Business Line: http://www.thehindubusinessline.com/ Delivered by Newstex) While Cong MP says Lekhi has overstepped her brief by questioning Twitter, theBJP MP says she has not broken any rule Congress MPs Shashi Tharoor and Jairam Ramesh on Friday wondered whether a parliamentary panel headed by the BJP's Meenakshi Lekhi had extended its brief by grilling social media giant twitter about comedian Kunal Kamra's objectionable tweets on the Supreme Court and a judge.The Joint Committee on Data Protection Bill, 2019, chaired by Lekhi had demanded an explanation from Twitter on Thursday about why it did not remove stand-up comedian Kunal Kamra's tweets on India's top court and judge.The panel asked Twitter to submit a reply with a week.Tharoor heads the Parliamentary Standing Committee on Information Technology and Lekhi heads a special Joint Committee on the Data Protection Bill, which has been preparing a draft Bill for some time. According to Tharoor, Lekhi had overstepped her mandate by grilling Twitter on issues other than those required for the purpose of preparing the draft for the Data Protection Bill.'Dear @M_Lekhi, as far as I am aware, your Committee was formed for consultations on the Data Protection Bill and its mandate",44155,Newstex Blogs,"Tharoor, Meenakshi Lekhi in serious spat over stand-up comedian's tweets",1,1,0,0,1,1,True,True,Solution,solution,solution,"['neutral', 'neutral']","['A14W0AXTJ3R19V', 'A2ZUCKYJE4DPV7']"
frames_news_172,solution,"Shadow Justice Secretary David Lammy has urged Twitter to get ""faster at stamping out racist threats"" after again facing abuse online.

The Labour frontbencher, who is black, reported a user to the police on Sunday after being attacked with a racial slur and told he would ""hang from a lamppost"".

But the user's account was not suspended by the social media platform until Monday - prompting Home Secretary Priti Patel to call for ""decisive action"" against abuse on the site.

The post asked Mr Lammy if he was ""hanging from a tree"", before branding him ""monkey boy"". It added: ""You will hang from a lamppost if you are not careful.""

While some of the Twitter user's posts were removed shortly after they were posted, a number of them remained online for days.

Directly addressing Twitter CEO Jack Dorsey after the Metropolitan Police launched an investigation, Mr Lammy said: ""Tell me racist abuse is not welcome on your platform. You need to get much faster at removing hate.""

Joining the condemnation of the platform, Ms Patel said: ""I am sorry you have faced this awful racist abuse @DavidLammy.

""I have asked the @metpoliceuk to keep me updated on their investigation.

""As I have said before, @Twitter must take decisive",44047,Politics Home (Online),David Lammy demands action from Twitter after latest racist abuse,1,1,0,0,1,1,True,True,Solution,solution,solution,"['problem', 'problem']","['A1FP3SH704X01V', 'A2Q1YS118AO2BP']"
frames_news_173,problem,"The remarks came amid a standoff with Republican Sen. Ted Cruz, who was determined to bring up complaints about censorship on Twitter.

<figure class=""embed-base image-embed embed-0"">

<figcaption>

Twitter CEO Jack Dorsey appears on a monitor as he testifies remotely during the Senate Commerce, Science, and Transportation Committee hearing 'Does Section 230's Sweeping Immunity Enable Big Tech Bad Behavior?', on Capitol Hill, October 28, 2020.

Michael Reynolds-Pool/Getty Images

</figcaption> </figure>

Jack Dorsey, the CEO and founder of TwitterTWTR, told Congress Wednesday that he doesn t believe his social media platform influences elections.

Dorsey made the comments during testimony before the Senate Commerce Commmittee, a session that also included Facebook CEO Mark Zuckerberg and Alphabet CEO Sundar Pichai. He made those remarks amid a verbal standoff with Sen. Ted Cruz (R-Tex.), who spent his entire time during Wednesday s Senate Commerce Committee hearing interogating Dorsey and ignoring the other two tech executives.

We are one part of a spectrum of communication channels that people have, Dorsey said. People have a choice of other channels.

Dorsey s argument seems to be: There are enough competing sources of information out there for Twitter not to be a threat to unduly sway an election. And while Twitter certainly does compete with new media companies",44132,Forbes.com,Jack Dorsey Insists That Twitter Doesn t Influence Elections In Senate Testimony,1,1,1,1,0,0,True,True,Problem,problem,problem,"['neutral', 'neutral']","['A14W0AXTJ3R19V', 'A37WXDYYT7RCZ0']"
frames_news_174,neutral,"The remarks by the Delaware Democrat signal the panel is poised to make social media accountability a top priority in its oversight efforts under Democratic control.

Sen. Chris Coons said Thursday he's ""very likely"" to call on tech executives - including the CEOs of Twitter and Facebook - to testify before the Senate Judiciary subcommittee on privacy and technology, which he was recently tapped to lead.

Key context: The remarks by the Delaware Democrat signal the panel is poised to make social media accountability a top priority in its oversight efforts under Democratic control. Coons and other members of his subcommittee are expected to play a major role in coming months in congressional debates about content moderation, online misinformation and data privacy.

Planning to get answers: Coons said he expects the panel will push to bring in top Silicon Valley executives for hearings, including the chiefs of Twitter and Facebook.

""We held hearings in the full committee last year that included one - particularly, famously - [with] Jack Dorsey and Mark Zuckerberg from Twitter and Facebook, and I think there's reason for us to ask them to come before us again,"" he said in an interview.

Coons said his hearing plans aren't final and that",2021-03-18,Politico.com,"Coons considering hauling in Facebook, Twitter CEOs for hearing",1,1,0,0,0,0,True,True,Neither,neutral,neutral,"['neutral', 'problem']","['A14W0AXTJ3R19V', 'A2Q1YS118AO2BP']"
frames_news_175,solution,"New measures would slow down the flow of information and make election misinformation less visible, according to people with knowledge of the matter.

SAN FRANCISCO -- Facebook is planning to enact new measures to make it more difficult for election misinformation to spread virally across its platform, two people with knowledge of the matter said Thursday, as the outcome of the presidential race remained uncertain.

Facebook plans to add more ''friction'' -- such as an additional click or two -- before people can share posts and other content, said the people, who requested anonymity because they were not authorized to speak publicly. The company will also demote content on the News Feed if it contains election-related misinformation, making it less visible, and limit the distribution of election-related Facebook Live streams, the people said.

The measures, which could be rolled out as soon as Thursday, are a response to heightened strife and social discord on Facebook after the election on Tuesday, these people said. They said there had been more activity by users and Facebook groups to coordinate potentially violent actions over issues such as voter fraud. President Trump has falsely claimed on social media and in remarks from the White House over the",44141,The New York Times,Facebook Throws Up More Hurdles,1,1,0,0,1,1,True,True,Solution,solution,solution,"['solution', 'solution']","['A1FP3SH704X01V', 'A2Q1YS118AO2BP']"
frames_news_176,solution,"The latest national and international news.

Speech to text transcript:1This copy is computer generated. Text will vary in accuracy due to speaker dialect and audio quality issues.

This copy is computer generated. Text will vary in accuracy due to speaker dialect and audio quality issues.

insulted Jewish people and compared the community to the Ku Klux Klan. We've chosen not to show the comments because of their content. The musician has now been dropped by his manager, although Wiley maintains it was his decision to leave the company. Look at this, you liar.

Look at this, man. I cut ties with you, you fool. That's why we're here. Twitter says abuse and harassment have no place on the site, adding that Wiley's account has been temporarily locked for violating the hateful content policy. Facebook, which owns Instagram, says there is no place for hate speech there either. It says it has deleted content that violates policies and is continuing to investigate. But offensive comments are still visible. He needs some help. What it's doing is encouraging others to put out hatred as well. With others weighing in, including far-right fascist groups. I'm outraged on a daily basis... People have been banned from Twitter before.",2020-07-25,TVEyes - BBC 1 Yorkshire and Lincolnshire,BBC Weekend News - 5:50 PM GMT,1,1,0,0,1,1,True,True,Solution,solution,solution,"['solution', 'solution']","['A1FP3SH704X01V', 'A2Q1YS118AO2BP']"
frames_news_177,neutral,"Section 230 created the modern internet, and the legislation is now at the center of Presiden Trump's war on social media companies.

Section 230 is a part of federal legislation passed more than 20 years ago. It runs only 26-words long short and to the point. But it has had an outsize affect on life as we know it.

They are the 26 words that created the Internet, says Jeff Kossett, a cybersecurity law professor at the U.S Naval Academy and one of the foremost experts on Section 230.

Most fundamentally, Section 230 provides immunity to social media companies like Facebook and Twitter <fbs-ticker data-name=""TWTR"" data-href=""https://www.forbes.com/companies/twitter""> TWTR</fbs-ticker> against being sued over the content on their site. This allows them to operate and flourish without needing to moderate content.

Section 230 set the legal framework for the internet that we know today that relies heavily on user content rather than content that companies create. Without Section 230, companies would not be willing to take so many risks, Kosset says.

President Trump now wants to change Section 230. Hesigned a new executive orderon Thursday that will try to curb how social media sites use the legislation to prevent legal action. We re here today to defend free",43979,Forbes.com,What Is Section 230 And Why Does Trump Want To Change It?,1,1,0,0,0,0,True,True,Neither,neutral,neutral,"['neutral', 'solution']","['A14W0AXTJ3R19V', 'A2Q1YS118AO2BP']"
frames_news_178,solution,"Twitter Inc and Facebook Inc on Tuesday suspended several recently created right-leaning news accounts posting information about voting in the hotly contested U.S. election for violating their policies.

Twitter said the accounts had been suspended for violating its policy against ""coordination,"" posting identical content while appearing independent or engaging in other covertly automated behaviour. Facebook suspended them for inauthentic behaviour.

One of those suspended, SVNewsAlerts, had more 78,000 Twitter followers, after adding more than 10,000 in the past week.

The account frequently warned of election-related unrest and highlighted issues with voting safety and reliability. It pointed to fraud claims about Democrats and called attention to Republican President Donald Trump's rallies and speeches.

Other accounts suspended by Twitter included FJNewsReporter, Crisis_Intel and Faytuks.

A Facebook page also named SVNewsAlerts, which was suspended on Tuesday afternoon, had more than 20,000 followers. Facebook declined to comment further.

False or exaggerated reports about voting fraud and delays at the polls circulated on social media throughout the day, in some cases helped along by Republican accounts and online publications.

Election Day 2020 barely begun and Pennsylvania Republicans let loose with first lawsuit( https://nationalpost.com/news/world/election-day-2020-barely-begun-and-pennsylvania-republicans-let-loose-with-first-lawsuit )

Pollsters say Trump can still win despite what their numbers show( https://nationalpost.com/news/world/ballot-shock-repeat-of-2016-polling-miscue-that-predicted-trump-loss-possible-experts-say )

The FBI and the New York attorney",44139,Postmedia Breaking News,"Twitter, Facebook suspend right-leaning accounts for suspicious behaviour surrounding U.S. election",1,1,0,0,1,1,True,True,Solution,solution,solution,"['solution', 'neutral']","['A1FP3SH704X01V', 'A2ZUCKYJE4DPV7']"
frames_news_179,problem,"The Chicago Dyke March allegedly posted and later deleted an advertisement showing the American and Israeli flags engulfed in flames. The group later posted a purported new advertisement where the flags were covered by flame graphics and another where the flags were completely blank. In the one Instagram post, the organizers asked...

The Chicago Dyke March allegedly posted and later deleted an advertisement showing the American and Israeli flags engulfed in flames. The group later posted a purported new advertisement where the flags were covered by flame graphics and another where the ...

The Chicago Dyke March allegedly posted and later deleted an advertisement showing the American and Israeli flags engulfed in flames. The group later posted a purported new advertisement where the flags were covered by flame graphics and another where the flags were completely blank. In the one Instagram post, the organizers asked anyone interested in supporting their agenda to “Abolish” the Chicago Police Department, the “Isra*li Occupation Forces,” and U.S. Immigration and Customs Enforcement (ICE) to “Please screen shot this and share to prevent any attempts by Z10N1ST and Instagram to censor our account. We will see you there regardless of if our account is still active.” The Chicago",2021-06-21,Conservative Daily News,"Chicago Dyke March Appears To Delete Ad Showing Burning American, Israeli Flags",1,1,1,1,0,0,True,True,Problem,problem,problem,"['problem', 'problem']","['A2NJ7N8INZOB00', 'A2Q1YS118AO2BP']"
frames_news_180,solution,"Sticks and stones may break your bones, but words can also make lasting damage. GLAAD’s new Social Media Safety Index breaks down how cyberbullying and hate speech can hold up a system of discrimination that threatens LGBTQ+ lives. ""The amount of dehumanizing and dangerous anti-LGBTQ hate on social media platforms is astounding,"" said GLAAD Senior Project Consultant...

Sticks and stones may break your bones, but words can also make lasting damage. GLAAD’s new Social Media Safety Index breaks down how cyberbullying and hate speech can hold up a system of discrimination that threatens LGBTQ+ lives. ""The amount of dehumaniz...

Sticks and stones may break your bones, but words can also make lasting damage. GLAAD’s new Social Media Safety Index breaks down how cyberbullying and hate speech can hold up a system of discrimination that threatens LGBTQ+ lives. ""The amount of dehumanizing and dangerous anti-LGBTQ hate on social media platforms is astounding,"" said GLAAD Senior Project Consultant Jenni Olson. ""Research shows that social media companies have effective solutions they could be implementing, but they continue to prioritize profits over public safety. Ongoing pressure like GLAAD's Social Media Safety Index is necessary until LGBTQ people are safe on these platforms.” More than two thirds",2021-05-10,The Hill,"Whether it's Facebook, YouTube, Tik Tok or Twitter — GLAAD says all social media is unsafe for LGBTQ+ users",1,1,0,0,1,1,True,True,Solution,solution,solution,"['problem', 'neutral']","['A2Q1YS118AO2BP', 'A37WXDYYT7RCZ0']"
frames_news_181,solution,"Breast cancer and commentary about French massacres are among the first issues to be investigated by Facebook's newly formed independent oversight board.

A member of a new oversight board that will scrutinise decisions by Facebook to remove posts from its main platform and Instagram has said the social media giant must do more to eliminate hate speech and misinformation.

Katherine Chen, former commissioner at Taiwan's national communications commission, is one of 20 members of Facebook's new Oversight Board which also includes representatives from Australia, Taiwan, Pakistan, the United States and the United Kingdom and was first announced by founder Mark Zuckerberg in 2018.

The newly formed board will initially scrutinise six cases of hate speech, nudity and violence in Facebook's first attempt to develop stronger standards. ""The cases may change Facebook policy,"" Ms. Chen said. ""If we make a decision on a case, then Facebook has to follow and respond to our decision.""

The announcement of the board's first six cases comes amid heightened scrutiny of social media policies in Australia and with rival platform Twitter facing a government backlash after failing to remove a fabricated image shared by a deputy director in China's Foreign Ministry.

Twitter was on Monday trying to assess whether the",2020-12-02,Brisbane Times,'Facebook needs to improve': Social media giant to face scrutiny as backlash intensifies,1,1,0,0,1,1,True,True,Solution,solution,solution,"['solution', 'problem']","['A2Q1YS118AO2BP', 'A3RYI5HXC2MJLN']"
frames_news_182,solution,"OAKLAND, Calif. - Facebook has banned an extremist anti-government network loosely associated with the broader ""boogaloo"" movement, a slang term supporters use to refer to a second Civil War or a collapse of civilization.

But the platform didn't try to name the group, underscoring the difficulty of grappling with an amorphous network linked to a string of domestic terror plots that appears to obfuscate its existence. Among other complications, its internet-savvy members tend to keep their distance from one another, frequently change their symbols and catch phrases and mask their intentions with sarcasm.

The move by Facebook designates this group as a dangerous organization similar to the Islamic State group and white supremacists, both of which are already banned from its service. The social network is not banning all references to ""boogaloo"" and said it is only removing groups, accounts and pages when they have a ""clear connection to violence or a credible threat to public safety.""

The loose movement is named after ""Breakin' 2: Electric Boogaloo,"" a 1984 sequel to a movie about breakdancing. ""Boogaloo"" supporters have shown up at protests over COVID-19 lockdown orders, carrying rifles and wearing tactical gear over Hawaiian shirts - themselves a reference to ""big luau,"" a",44013,St. Louis Post-Dispatch (Missouri),Facebook bans violent 'boogaloo' groups,1,1,0,0,1,1,True,True,Solution,solution,solution,"['problem', 'solution']","['A2Q1YS118AO2BP', 'A2YYQJ3JWA2KGD']"
frames_news_183,solution,"FULL TEXT

Sen. Richard Blumenthal (D-CT) is trashing Facebook and Twitter’s response to the harassment of pregnant women on their platforms, calling it “out-of-date, worn-out, and woefully inadequate.”

“Vague content moderation policies, ineffective fact checking, inconsistent enforcement, and meaningless labels are cold comfort to the women continuously assailed by vile anti-vaccine hate and life-threatening falsehoods,” the senator said in a statement to The Daily Beast.

Blumenthal sent letters to both Facebook and Twitter last month in response to a Daily Beast report that found women who had miscarriages after receiving the COVID-19 vaccine were being targeted and harassed by anti-vaxxers on social media.

Much of the harassment was coordinated on Facebook and Instagram pages and played out on Twitter. In response, Blumenthal sent letters to both Twitter and Facebook (which owns Instagram), asking how they planned to address the issue.

Both companies responded by citing their COVID-19 misinformation policies, such as the ability to remove misleading information about the vaccines, and highlighted general policies against bullying and harassment. But neither specifically addressed the targeting of pregnant women. Accounts that The Daily Beast identified as spreading vaccine misinformation, like the Instagram page cv19vaccinereactions, remained live.

In his statement, Blumenthal said he saw “little in their responses that",2021-03-15,The Daily Beast,"Senator: Facebook, Twitter Failing Pregnant Women Besieged by Anti-Vax Lies",1,1,0,0,1,1,True,True,Solution,solution,solution,"['solution', 'problem']","['A2Q1YS118AO2BP', 'A2ZUCKYJE4DPV7']"
frames_news_184,solution,"Facebook does not fact-check political adverts, thereby allowing misinformation to spread

Facebook CEO Mark Zuckerberg has claimed that the social media company does not allow misinformation in adverts , despite Facebook continually allowing misinformation in adverts.

Answering a question by Chair Schakowsky, who asked whetherFacebook thinks that when it ""take[s] money to run advertisements to promoted disinformation that [it is] exempt from liability"".

Mr Zuckerberg responded: ""Congresswoman, I don't know the legal answer to that but we don't allow misinformation in our ads, and any ads that has been fact checked as false we do not allow to run as an ad.""

Facebook does allow misinformation to run in ads, because the company does not fact-check political adverts.

In a blog post from September 2019, former deputy prime minister and current Facebook VP of Global Affairs and Communications Nick Clegg wrote : ""We rely on third-party fact-checkers to help reduce the spread of false news and other types of viral misinformation, like memes or manipulated photos and videos.""

""We don't believe, however, that it's an appropriate role for us to referee political debates and prevent a politician's speech from reaching its audience and being subject to public debate and scrutiny. That's why Facebook exempts politicians from",44280,The Independent (United Kingdom),Zuckerberg says Facebook doesn't allow misinformation in ads - despite repeatedly allowing politicians to lie,1,1,0,0,1,1,True,True,Solution,solution,solution,"['problem', 'solution']","['A2Q1YS118AO2BP', 'A2WGW5Y3ZFBDEC']"
frames_news_185,solution,"LONDON - Facebook on Wednesday said it had suspended a network of accounts used by Russian military intelligence to seed false narratives online targeting Ukraine and other countries in Eastern Europe.

""Although the people behind this network attempted to conceal their identities and coordination, our investigation found links to Russian military intelligence services,"" Facebook said in a statement.

Facebook, which has struggled to stop governments and political groups using its platform to spread false or misleading information, regularly announces it has shut down disinformation campaigns from countries including Russia.

The Russian Defence Ministry did not immediately respond to a request for comment. Moscow has previously denied Western allegations of political meddling, including findings by U.S. Special Prosecutor Robert Mueller that it used social media accounts in an attempt to sway the 2016 U.S. presidential vote.

Facebook's head of cybersecurity policy, Nathaniel Gleicher, said the latest Russian operation used more than 100 accounts on Facebook and its Instagram photo-sharing platform to create fake personas, often posing as journalists in the targeted countries.

These accounts then contacted local media and politicians to plant false stories about politically divisive issues, such as corruption allegations, ethnic tensions in the Russian-annexed peninsula of Crimea and the downing of a Malaysian",43873,Postmedia Breaking News,Facebook says it dismantles Russian intelligence operation targeting Ukraine,1,1,0,0,1,1,True,True,Solution,solution,solution,"['solution', 'problem']","['A1FP3SH704X01V', 'A2Q1YS118AO2BP']"
frames_news_186,neutral,"Jan 17, 2021( The Business Insider: http://www.businessinsider.com/ Delivered by Newstex) Parler CEO John Matze Jr. and his family have fled their homes after receiving death threats, a new court filing says. Parler was recently removed from the Apple App Store and Google Play Store, and Amazon Web Services stopped hosting the platform after it deemed Parler a ""risk to public safety.""

Trump supporters flocked to the platform after the president was banned from Twitter following the siege at the Capitol on January 6. Visit Business Insider's homepage for more stories[1].Parler CEO John Matze Jr. fled his home receiving death threats, a lawyer for Matze said in a court filing on Friday.The attorney, David Groesbeck, wrote in the document that Matze had to ""go into hiding with his family after receiving death threats and invasive personal security breaches."" The filing was part of Parler's antitrust lawsuit against Amazon Web Services to put the platform back online.The current filing aimed to seal parts of the suit filed as a safety measure.Amazon Web Services stopped hosting Parler after it said the platform had violent content that was tied to the January 6 siege at the US Capitol. In its own court filing last week,",2021-01-17,Newstex Blogs,"Parler's CEO fled his home and went into hiding after receiving death threats and security breaches, a court filing says",1,1,0,0,0,0,True,True,Neither,neutral,neutral,"['solution', 'problem']","['A2NJ7N8INZOB00', 'A2Q1YS118AO2BP']"
frames_news_187,solution,"The goal is to disrupt Russia's well-honed information-warfare systems, whether they are poised to hack election systems or influence the minds of voters.

Over the past two weeks, United States Cyber Command and a group of companies led by Microsoft have engaged in an aggressive campaign against a suspected Russian network that they feared could hold election systems hostage come November.

Then, on Monday, the Justice Department indicted members of the same elite Russian military unit that hacked the 2016 election for hacking the French elections, cutting power to Ukraine and sabotaging the opening ceremony at the 2018 Olympics. And in Silicon Valley, tech giants including Facebook, Twitter and Google have been sending out statements every few days advertising how many foreign influence operations they have blocked, all while banning forms of disinformation in ways they never imagined even a year ago.

It is all intended to send a clear message that whatever Russia is up to in the last weeks before Election Day, it is no hoax. The goal, both federal officials and corporate executives say, is to disrupt Russia's well-honed information-warfare systems, whether they are poised to hack election systems, amplify America's political fissures or get inside the minds of voters.

But",44125,The New York Times,Collaborative Push Against Vote Attacks By Russia (and Trump),1,1,0,0,1,1,True,True,Solution,solution,solution,"['neutral', 'solution']","['A2YYQJ3JWA2KGD', 'A3OZ8KF0HWSVWK']"
frames_news_188,solution,"The suspensions mean some Twitter users will lose followers, in some cases by the thousands

Twitter has announced it has suspended more than 70,000 accounts associated with the far-right QAnon conspiracy theory following last week's US Capitol riot.

The social media company said that given the events last week in Washington DC, where a mob of pro-Trump loyalists tried to violently storm the Capitol building, it was taking action against online behaviour ""that has the potential to lead to offline harm"".

In many cases, a single individual operated numerous accounts, driving up the total number of affected accounts, the company said in a blog post.

""These accounts were engaged in sharing harmful QAnon-associated content at scale and were primarily dedicated to the propagation of this conspiracy theory across the service,"" the company said.

Twitter's sweeping purge of QAnon accounts, which began on Friday, is part of a wider crackdown that also includes its decision to ban President Donald Trump from the service over worries about further incitement to violence.

The suspensions mean some Twitter users will lose followers, in some cases by the thousands, the company said.

The QAnon conspiracy theory is centred on the baseless belief that Mr Trump is waging a secret campaign against ""deep",44208,examiner.co.uk,"Twitter suspends 70,000 accounts after Capitol riot",1,1,0,0,1,1,True,True,Solution,solution,solution,"['solution', 'solution']","['A2NJ7N8INZOB00', 'A2Q1YS118AO2BP']"
frames_news_189,solution,"Nov 04, 2020( Newsbusters.org: http://newsbusters.org/Delivered by Newstex) Twitter delivered on its promise[1] to censor tweets that it believed constitutes misinformation. Overall, the platform censored at least six conservatives' verified accounts, including President Donald Trump.In five of the six instances, the platform placed an interstitial, or filter, over the tweets, and in five of the six cases, it turned off comments and likes. Twitter still allowed quote tweets for the posts, however.The interstitial placed over the tweets said, 'Some or all of the content shared in this Tweet is disputed and might be misleading about an election or other civic process.

Learn More[2].' Users then had to click 'view' in order to see those particular tweets.1. Trump[3] was censored early in the day. Twitter censored[4] Trump's tweet[5], in which he stated, 'The Supreme Court decision on voting in Pennsylvania is a VERY dangerous one. It will allow rampant and unchecked cheating and will undermine our entire systems of laws. It will also induce violence in the streets. Something must be done!' The New York Times found[6] that 'Before Mr. Trump's tweet was labeled, it was shared or replied to about 827 times a minute. After it was labeled, that dropped to 151",44139,Newstex Blogs,EXCLUSIVE: Twitter Censors Tweets from 6 Conservatives' Verified Accounts,1,1,0,0,1,1,True,True,Solution,solution,solution,"['solution', 'solution']","['A1FP3SH704X01V', 'A2YYQJ3JWA2KGD']"
frames_news_190,problem,"QAnon researchers have long suggested that 8kun's owner and operator were involved in the theory.

QAnon began with posts an anonymous figure who most recently posted on 8kun, Jim Watkins' website.

There is also speculation on the involvement of Watkins' son Ron, a former operator of the platform.

Visit Insider's homepage for more stories.

For years, Jim Watkins has occupied a dark role on the internet.

The owner of the fringe message board 8kun - formerly 8chan, best known as a forum for violent extremists and mass shooters - has been a prominent voice advocating for limitless protections for speech online, even when it veers into hate.

In 2019, Watkins testified in front of Congress, saying his platform ""has no intent of deleting constitutionally protected hate speech,"" doing nothing to assuage fears that spaces like 8kun would continue to serve as breeding grounds for extremism.

8kun's role in the QAnon conspiracy-theory movement, for instance, became increasingly clear in the last year. The movement, which revolves around the belief that a ""deep state"" cabal of human traffickers exists in the top levels of power in the US, grew and spread out of a series of posts on the message board, and eventually contributed to many rioters storming the",44294,Insider,Who is Q? Why QAnon's ringleader may have been hiding in plain sight all along,1,1,1,1,0,0,True,True,Problem,problem,problem,"['problem', 'neutral']","['A1FP3SH704X01V', 'A3OZ8KF0HWSVWK']"
frames_news_191,solution,"In its short life span, it was one of the fastest growing groups in Facebook's history and a hub for those trying to delegitimize the election.

OAKLAND, Calif. -- The first post in the new Facebook group that was started on Wednesday was innocuous enough. ''Welcome'' to Stop the Steal, it said.

But an hour later, the group uploaded a minute-long video to its Facebook page with a pointed message. The grainy footage showed a crowd outside a polling station in Detroit, shouting and chanting ''stop the count.'' Below the video, which was quickly shared nearly 2,000 times, members of the group commented ''Biden is stealing the vote'' and ''this is unfair.''

The viral video helped turn the Stop the Steal Facebook group into one of the fastest-growing groups in Facebook's history. By Thursday morning, less than 22 hours after it was started, it had amassed more than 320,000 users -- at one point gaining 100 new members every 10 seconds. As its momentum grew, it caught the attention of Facebook executives, who shut down the group hours later for trying to incite violence.

Even so, the Stop the Steal Facebook group had done its work. In its brief life span, it became a",44141,The New York Times,The Rise and Fall of the 'Stop the Steal' Facebook Group,1,1,0,0,1,1,True,True,Solution,solution,solution,"['neutral', 'problem']","['A1FP3SH704X01V', 'A2YYQJ3JWA2KGD']"
frames_news_192,problem,"Mar 30, 2021( 9to5Mac: http://9to5mac.com Delivered by Newstex) Earlier this year, some users noticed unfortunate behavior in iOS 14 that blocked any web searches in Safari containing the word 'Asian' when adult content restrictions were enabled. Luckily, it seems that Apple has finally addressed this issue with iOS 14.5, which is currently available to developers and public beta users.

As noted by Mashable[1], the latest iOS 14.5 beta release once again lets users search for 'Asian' in Google or other search providers using Safari with adult content restrictions enabled. In previous versions of iOS 14, any searches with 'Asian' resulted in an error if the user had enabled parental controls to block adult websites. The problem became more noticeable when users with the content restrictions enabled tried to search for things like 'Stop Asian Hate,' which became a trend online after a recent mass shooting in Atlanta. The report mentions that developer Steven Shen alerted Apple about this issue in December 2019, but nothing has been done until now. For those unfamiliar with the option, iPhone and iPad users can enable adult content restrictions by going to the Screen Time menu in the Settings app. This is part of the content",44285,Newstex Blogs,iOS 14.5 no longer blocks web searches for 'Asian' in Safari with content restrictions enabled,1,1,1,1,0,0,True,True,Problem,problem,problem,"['neutral', 'problem']","['A2HESXT4DAGASU', 'A3OZ8KF0HWSVWK']"
frames_news_193,problem,"Federal law prevents internet companies from being sued for removing posts and federal law trumps state law when there is a conflict Republican Florida Gov. Ron DeSantis signed a bill on Monday that seeks to punish social media platforms that remove “conservative ideas” from their sites, though it is not clear if it would pass constitutional muster...

Federal law prevents internet companies from being sued for removing posts and federal law trumps state law when there is a conflict Republican Florida Gov. Ron DeSantis signed a bill on Monday that seeks to punish social media platforms that remove “conse...

Federal law prevents internet companies from being sued for removing posts and federal law trumps state law when there is a conflict Republican Florida Gov. Ron DeSantis signed a bill on Monday that seeks to punish social media platforms that remove “conservative ideas” from their sites, though it is not clear if it would pass constitutional muster because it might violate the First Amendment. The new law will enable the state to fine large social media companies $250,000 a day if they remove an account of a statewide political candidate, and $25,000 a day if they remove an account of someone running for",2021-05-25,NBC Washington DC,"DeSantis Signs Big Tech ‘Censorship' Law, But Experts Question Whether Florida Can Enforce It",1,1,1,1,0,0,True,True,Problem,problem,problem,"['solution', 'solution']","['A2Q1YS118AO2BP', 'A2YYQJ3JWA2KGD']"
frames_news_194,solution,"BENGALURU: Popular short-videos platform TikTok has expanded its community guidelines to further ban 'misleading' information that causes harm, content that sexually objectifies minors, promotes 'hateful' ideologies, and hate speech based on immigration status and caste. TikTok said in a blog post on Wednesday that the changes offer clarity around how it defines harmful or unsafe content not permitted on the platform. It is important that users get an insight into the philosophy behind its moderation decisions and the framework for making such judgments, the Chinese startup ByteDance-owned platform said.

TikTok has come under fire globally for hosting content that is seen as harmful to children. The updated guidelines are longer and more detailed than the previous version. ""Another way to view our mission is this: spending time on TikTok is meant to be rewarding and fun. That doesn't mean serious or controversial content doesn't have a place on our platform; ultimately, the platform is built to support our users and their diverse thoughts, experiences, and interests,"" said Lavanya Mahendran and Nasser Alsherif, Global Trust and Safety, TikTok. TikTok said it does not permit misinformation that could cause harm to its community or the larger public. It added that users must not",43839,The Economic Times,"TikTok updates community guidelines, bans 'misleading' information, 'hateful' ideologies",1,1,0,0,1,1,True,True,Solution,solution,solution,"['solution', 'neutral']","['A22KRF782ELLB0', 'A2Q1YS118AO2BP']"
frames_news_195,problem,"In an interview with CNN, Netflix CEO has revealed the decision to remove an episode of the Patriot Act which had very harsh criticism of the Saudi Crown Prince Mohammad Bin Salman. Netflix's executive's comments stirred many reactions among online commentators, who described it as ""a cheap bargain"" allowed by the conservative kingdom.

At the end of his interview with CNN, Reed Hastings faced a question over the movie sharing platform's decisions when it comes to censorship. The presenter had specifically named an episode of the comedy show Patriot Act, in which Hasan Minhaj linked the brutal killing of a dissident journalist Jamal Khashoggi to policies of the de facto ruler Mohammad Bin Salman often referred to as MBS; suggesting that MBS had ordered the killing of Khashoggi.

The episode in which MBS was referred to as ""Abu Rasasa"" or father of the bullet was shortly removed off Netflix in Saudi Arabia but remained on the show's YouTube channel so far. Removal of the episode had prompted many strong reactions back then as it was considered a Saudi attempt to ""cover-up MBS's involvement in the Khashoggi case.""

عرفنا السبب لماذا الفيلم المسيء للأطفال الذي صورهم بصورة جنسية يعرض في السعودية بكل ترحاب بل",44088,Albawaba.com,Netflix Has Kept 'Sexual Content' in Saudi Arabia in Exchange for the Patriot Act's Episode Critical of MBS,1,1,1,1,0,0,True,True,Problem,problem,problem,"['problem', 'solution']","['A2Q1YS118AO2BP', 'A376F1W1MTY3J']"
frames_news_196,solution,"Rep. Ken Calvert, R-Corona, will not block critics from seeing his official Twitter account to resolve a lawsuit alleging he used the social media website’s block function to violate a constituent’s First Amendment rights, the plaintiff’s attorney said.

The resolution calls for Calvert to unblock critics, including Corona resident Trevor Farragut, who sued the congressman April 28 in federal court. Calvert, who represents much of western Riverside County, also will post a new policy “that will not permit him to block anyone on the basis of their views,” said Jason Harrow, Farragut’s attorney.

“Twitter and Facebook are this era’s public forums, and the First Amendment applies,” Harrow said via a Twitter direct message. “Politicians must stop trying to silence people they disagree with. Thankfully, Congressman Calvert won’t be able to do so going forward.”

In an emailed statement, Jason Gagnon, Calvert’s spokesman, said the congressman’s office “will be updating its social media policies and will no longer utilize any platform’s block features.”

The office will report posts “that are threatening, abusive, obscene, vulgar, pornographic, profane, or indecent to the appropriate social media company for violating their terms of service and urge them to take appropriate action,” Gagnon said, adding that violent threats on social",44341,"Inland Valley Daily Bulletin (Ontario, California)",Politics,1,1,0,0,1,1,True,True,Solution,solution,solution,"['solution', 'solution']","['A1FP3SH704X01V', 'A2Q1YS118AO2BP']"
frames_news_197,neutral,"ABSTRACT

With Trump banned from Twitter, his supporters have turned to darker corners of the web.

FULL TEXT

Eyes across the world may be on the newly inaugurated US President Joe Biden, but there are still 75 million Americans that voted for Donald Trump -- and some of them will be looking for a digital soapbox to continue disputing the election. The obvious focus for some Trump supporters over the past three weeks has been the ban of their standard bearer from Twitter following the Capitol insurrection. Twitter suspended Trump's account and either punted or amended other accounts the former president was attempting to use to rally his followers. This marked an exodus from Twitter to other social media platforms where Trump loyalists have been able to rant without having posts deleted or be subject to warnings. Conservative social media platform Parler was an obvious congregation point given its lower level of moderation and an existing following among prominent conservative commentators, but Apple and Google play removed the application from their stores and Amazon kicked it off its servers. Parler has since found a new home, and chief executive officer John Matze expects to be back up by the end of the month.",44217,Crikey,"Ardent Trumpists find new places to 'shitpost', plot and moan",1,1,0,0,0,0,True,True,Neither,neutral,neutral,"['solution', 'problem']","['A2Q1YS118AO2BP', 'A2ZUCKYJE4DPV7']"
frames_news_198,neutral,"Facebook on Friday announced that its North American user base shrunk by 2 million people. The news comes after the social media site saw an ad boycott and just two days after facing tough questions from Congress over its content moderation policies. 

Overall, Facebook's userbase went from 198 million in the second quarter to 196 million. Facebook attributed the decline to a surge of users in the early days of the pandemic who have since moved on. Also, it cautions that the losses could continue through the fourth quarter, (https://www.cnbc.com/2020/10/29/facebook-fb-earnings-q3-2020.html) CNBC reported.

European user numbers stayed the same, hovering at 305 million for the third-straight quarter.

An (https://www.cnbc.com/2020/07/30/facebook-q2-2020-earnings-report-says-ad-boycott-will-impact-q3.html) ad boycott , meanwhile, organized by StopHateForProfit drew widespread attention but failed to leave much of an impact. While 1,000 advertisers pulled their funding from Facebook in the summer, it was a small portion of the network's 10 million active advertisers. The 10 million active advertisers are actually up from 9 million last quarter, with ad revenue climbing 22%.

Less ambiguous was the (https://www.washingtonpost.com/technology/2020/10/28/twitter-facebook-google-senate-hearing-live-updates/) tongue-lashing that CEO Mark Zuckerberg - along with Google's Sundar Pichai and Twitter's Jack Dorsey - received Wednesday from a congressional hearing on content moderation.

Representatives on both sides of the aisle",2020-10-31,International Business Times - US ed.,Facebook Reports Fewer Users Since Start Of Pandemic.,1,1,0,0,0,0,True,True,Neither,neutral,neutral,"['problem', 'neutral']","['A2Q1YS118AO2BP', 'A2WGW5Y3ZFBDEC']"
frames_news_199,solution,"US Presidential Election 2020 LIVE news updates: In the book, 'Rage', Woodward claimed that Trump during several interviews to him said that he downplayed the coronavirus threat.

US Presidential Elections 2020 LIVE news updates:US President Donald Trump ""deliberately misled"" Americans on coronavirus, Democratic vice presidential nominee Kamala Harris has said, referring to the Trump's comments on the issue pointed out in a forthcoming book authored by a renowned investigative journalist.Authored by American journalist Bob Woodward, the book 'Rage' that is scheduled to be launched on September 15 has stirred several controversies around Trump's presidency, weeks before the November 3 elections.

In the book, Woodward claimed that Trump during several interviews to him said that he downplayed the coronavirus threat.

Trump, on his part, accused his Democratic presidential contender Joe Biden of being ""weak"" on China and alleged that his family was ""selling"" the country directly to the Chinese military.

Meanwhile, Twitter on Thursday said that starting next week, it will label or remove misleading claims that try to undermine public confidence in elections. The policy will apply to tweets that attempt to undermine people's faith in the electoral process itself, such as false claims about election rigging or ballot tampering, or about the outcome",44085,Indian Express,"US Presidential Elections 2020 Live Updates: Trump 'deliberately misled' Americans on Covid-19, says Kamala Harris",1,1,0,0,1,1,True,True,Solution,solution,solution,"['solution', 'problem']","['A2Q1YS118AO2BP', 'A2YYQJ3JWA2KGD']"
frames_news_200,solution,"Facebook has deleted a post by President Donald Trump for violating its policy against spreading misinformation about the coronavirus.

The post in question featured a link to a Fox News video in which Trump says children are “virtually immune” to the virus.

Facebook said Wednesday that the “video includes false claims that a group of people is immune from COVID-19 which is a violation of our policies around harmful COVID misinformation.”

A few hours later, Twitter temporarily blocked the Trump campaign from tweeting from its account, until it removed a post with the same video. Trump's account retweeted the video. The company said in a statement late Wednesday that the tweet violated its rules against COVID misinformation. When a tweet breaks its rules, Twitter asks users to remove the tweet in questions and bans them from posting anything else until they do.

Twitter has generally been quicker than Facebook in recent months to label posts from the president that violate its policies against misinformation and abuse.

This is not the first time that Facebook has removed a post from Trump, Facebook said, but it's the first time it has done so because it was spreading misinformation about the coronavirus. The company has also labeled his",44049,Associated Press State & Local,"Facebook, citing virus misinformation, deletes Trump post",1,1,0,0,1,1,True,True,Solution,solution,solution,"['solution', 'solution']","['A1FP3SH704X01V', 'A2Q1YS118AO2BP']"
frames_news_201,solution,"Tens of thousands of Twitter accounts operated on behalf of the Chinese Communist Party have been removed for spreading misinformation

Twitter has revealed it has shut down more than 173,000 accounts from its platform, that were tied to the Chinese government.

The Twitter accounts removed were linked to ""state-linked information operations"", namely the spread of propaganda and misinformation.

Twitter of course is one of the tech firms still banned in mainland China, and the microblogging platform revealed that in addition to the blocked Chinese accounts, it had also blocked over 1,152 accounts tied to state-backed political propaganda for Russia, as well as 7,340 accounts linked to Turkey.

Chinese propaganda

But it is the Chinese accounts that by far accounted for the majority of deleted Twitter accounts.

Those accounts tweeted mostly about the political situation in Hong Kong, but also other content favourable to the Chinese government.

Of the 173,000 accounts linked to the People's Republic of China (PRC), there was a ""core network"" of 23,750 highly active accounts, along with another 150,000 ""amplifier accounts"", designed to boost the content of the ""core network"" accounts.

""In general, this entire network was involved in a range of manipulative and coordinated activities,"" Twitter wrote in a blog post on the matter.

""They",43994,silicon.co.uk,"Twitter Clamps Down On 170,000 Pro-China Accounts",1,1,0,0,1,1,True,True,Solution,solution,solution,"['problem', 'solution']","['A2Q1YS118AO2BP', 'A2WGW5Y3ZFBDEC']"
frames_news_202,problem,"FACULTY Q&A

Since the Nov. 3 election, people-particularly President Trump supporters-have been flocking to social media platforms Parler and MeWe, which promise ad-free or uncensored experiences.

MeWe's promise is ""Your private life is not 4Sale: No ads. No Spyware. No BS."" Parler calls itself ""the world's town square,"" inviting participants to ""speak freely and express yourself openly.""

Libby Hemphill,

Libby Hemphill

associate professor at the University of Michigan School of Information, studies politicians and others to learn how people use social media to organize, discuss and enact social change. She explains the new platforms, their business models and approaches to freedom of expression, at a time when claims about fake news and election fraud abound.

Hemphill also is a research associate professor at the U-M Institute for Social Research and directs the Resource Center for Minority Data within ISR's Inter-University Consortium for Political and Social Research.

What can you tell us about these new platforms MeWe and Parler?

First, neither of these platforms is all that new. MeWe has been around in some form for about eight years, and Parler for two. What's new is that they're both growing in terms of active users. They both emerged as challengers to Facebook and Twitter, primarily, and claimed that their",44146,Michigan Independent: University of Michigan - Ann Arbor,"Ad-free, censorship-free social sites MeWe, Parler see surge in interest postelection",1,1,1,1,0,0,True,True,Problem,problem,problem,"['problem', 'solution']","['A2Q1YS118AO2BP', 'A3RYI5HXC2MJLN']"
frames_news_203,neutral,"Speech to text transcript:1This copy is computer generated. Text will vary in accuracy due to speaker dialect and audio quality issues.

This copy is computer generated. Text will vary in accuracy due to speaker dialect and audio quality issues.

just deemed to be to unsafe and the current climate. Donald Trump has floated the suggestion that he might make his acceptance speech from the White House, raising all sorts of questions about blurring the lines about official presidential activity and political campaigning. A short while ago the White House Chief of Staff mark Meadows was asked about this on CNN and he said that one way around it might be for the President to make this speech from the east wing of the White House which is officially the private residence, rather than somewhere like the Oval Office, but it is, of course, a taxpayer funded building and even some Republicans have expressed disquiet about the President accepting the nomination from their. Facebook and Twitter have penalised US President Donald Trump and his campaign for posts in which he claimed children are almost immune to coronavirus.

Facebook deleted the post - a clip from an interview the president gave to Fox News -",2020-08-06,TVEyes - BBC News 24,BBC News Programming - 00:10 AM GMT,1,1,0,0,0,0,True,True,Neither,neutral,neutral,"['neutral', 'solution']","['A1FP3SH704X01V', 'A3OZ8KF0HWSVWK']"
frames_news_204,solution,"WASHINGTON, D.C. – Mark Zuckerberg says Facebook and Instagram will continue to block President Donald Trump from his accounts until he leaves office on Jan. 20, and possibly even longer.

In a Facebook post, Zuckerberg says his company believes the risks of allowing Trump to continue to use their services to spread misinformation in the final days of his presidency are too great.

""Therefore, we are extending the block we have placed on his Facebook and Instagram accounts indefinitely and for at least the next two weeks until the peaceful transition of power is complete,"" wrote Zuckerberg.

Like many others, Zuckerberg believes Trump intends to use his remaining time in office to undermine the peaceful and lawful transition of power to President-elect Joe Biden.

In addition to Facebook and Instagram, Twitter has also blocked Trump from using his account on that platform after he repeatedly posted false accusations about the integrity of the election.

The breaking point seems to have been on Wednesday, when Trump encouraged his supporters to protest Congress' certification of Biden's Electoral College win. That led to extremists storming the U.S. Capitol during the counting process, prompting a lockdown.

""His decision to use his platform to condone rather than condemn the actions of",44203,"FOX - 13 KSTU (Salt Lake City, Utah)","Facebook and Instagram to ban Trump until he leaves office, possibly longer",1,1,0,0,1,1,True,True,Solution,solution,solution,"['neutral', 'problem']","['A2HESXT4DAGASU', 'A2Q1YS118AO2BP']"
frames_news_205,solution,"The following information was released by the World Jewish Congress (WJC):

The World Jewish Congress was pleased to hear from TikTok this week that it has removed antisemitic content shared by users after the WJC flagged such content for the social media company.

The WJC has worked closely with TikTok to identify specific examples of harmful content and learned this week that TikTok had removed 98 of 100 flagged videos and banned nine of 12 users. TikTok has now followed YouTube and Facebook in banning Dieudonn MBala MBala, a French extreme political activist notorious for spreading antisemitic hate speech, Holocaust denial, and violent ideology.

In a letter to WJC sharing its report of removed content and accounts, TikTok wrote, We look forward to working with you and your organisation closely in future so that we can continue to learn and improve as we tackle antisemitism on our platform. We welcome this cooperation. Please do continue to alert us to any videos that violate our guidelines against hate speech and holocaust denial. We also welcome any reports or research that can help guide us as we develop our policies and continually improve our enforcement.

World Jewish Congress Executive Vice President Maram Stern responded, The World",44055,States News Service,WORLD JEWISH CONGRESS THANKS TIKTOK FOR PROMPT REMOVAL OF ANTISEMITIC CONTENT,1,1,0,0,1,1,True,True,Solution,solution,solution,"['solution', 'solution']","['A1FP3SH704X01V', 'A2YYQJ3JWA2KGD']"
frames_news_206,solution,"The latest national and international news from BBC News.

Speech to text transcript:1This copy is computer generated. Text will vary in accuracy due to speaker dialect and audio quality issues.

This copy is computer generated. Text will vary in accuracy due to speaker dialect and audio quality issues.

This is BBC News. The latest headlines: President Trump walks away from negotiations over a multitrillion-dollar Covid relief deal, intended to support the US economy. White House adviser Stephen Miller becomes the latest of over a dozen members of Donald Trump's inner circle to test positive for coronvirus. Facebook has cracked down on QAnon conspiracy groups who lend their support generally to President Trump.

Facebook has classified content linked to QAnon as ""dangerous"" and says it will remove posts from Instagram as well. Followers of QAnon believe President Trump is secretly leading a fight against a worldwide conspiracy of paedophiles. Facebook says it is clamping down more on misinformation campaigns ahead of the US election. Let's speak now to the technologist Chris Messina a technologist and inventor of the hashtag used across social media platforms. Welcome. Why is Facebook doing this now, specifically? I think the big answer is QAnon has moved on from this evasion",2020-10-07,TVEyes - BBC 1 North West,Joins BBC News - 01:15 AM GMT,1,1,0,0,1,1,True,True,Solution,solution,solution,"['solution', 'solution']","['A1FP3SH704X01V', 'A376F1W1MTY3J']"
frames_news_207,solution,"The NSPCC says plans to defer criminal liability for senior managers at tech firms will mean children remain at risk.

The Government has been urged to reconsider plans to hold back criminal sanctions for senior managers at social media firms for breaking proposed internet safety laws.

The Online Safety Bill, published earlier this week, aims to give Ofcom the power to fine companies and block access to sites, but the power to make senior staff liable for rule breaches is being deferred for at least two years.

Children's charity the NSPCC said this fails to properly hold social media platforms to account and misses the opportunity to better protect children from abuse online, and urged ministers to reconsider.

Giving evidence to the House of Commons Digital, Culture, Media and Sport (DCMS) Committee, Culture Secretary Oliver Dowden said the sanction had been deferred because he believed potential fines would be more damaging to platforms that breached the proposed rules.

This is a unique chance to move beyond the status quo that sees action taken only after serious harm has occurred, but deferring liability for senior managers misses the opportunity to finally put children first

Andy Burrows

""I think most (social media) companies are much more motivated by financial",44329,standard.co.uk,Government urged to consider criminal charges for tech bosses over online safety,1,1,0,0,1,1,True,True,Solution,solution,solution,"['problem', 'solution']","['A2Q1YS118AO2BP', 'A2YYQJ3JWA2KGD']"
frames_news_208,solution,"Nov 23, 2020( Foreign Policy: http://www.foreignpolicy.com/ Delivered by Newstex) For many Americans who work in tech, Taiwan has become a model for the fight against disinformation. Like the United States, Taiwan is sharply divided on major issues, including national identity, China policy[1], and the legalization of same-sex marriage[2]. Urban-rural divisions[3] have further split Taiwanese society, and two major parties, whose relations have grown increasingly acrimonious, dominate Taiwanese politics. Yet unlike the United States, Taiwan is getting disinformation under control. Partly, that success is due to government crackdowns on groups that spread disinformation, Taipei's initiatives to improve media literacy, and President Tsai Ing-wen's decision to prioritize the problem, exemplified by her appointment of Audrey Tang, a software engineer, as digital minister in 2016. But the crux of Taipei's approach lies elsewhere: namely, in its ability to harness the power of its civil society and tech industry through a robust public-private partnership initiative.

In looking to Taiwan, the United States and other Western countries should focus on how the country has harnessed the power of partnerships—especially those between the government, third-party fact-checkers, and social media platforms—to hold back the tide of disinformation. There's no better example of this kind of coordinated action than",2020-11-23,Newstex Blogs,How One Social Media App Is Beating Disinformation,1,1,0,0,1,1,True,True,Solution,solution,solution,"['solution', 'solution']","['A1FP3SH704X01V', 'A2NJ7N8INZOB00']"
frames_news_209,solution,"The following information was released by Consumers Union (CU):

Consumer Reports released the following statements in response to FCC Chairman Ajit Pai's stated intention to proceed with rulemaking on Section 230 of the Communications Decency Act, a federal law that shields companies from legal liability for user-generated content posted on their platforms. Consumer Reports has previously opposed the FCC's consideration of rulemaking on Section 230 in public comments submitted in September.

Justin Brookman, director of technology policy for Consumer Reports, said, ""Social media companies have historically failed their responsibilities to consumers to police bad faith abuses of their platforms. Weakening Section 230's Good Samaritan protections would cause tech companies to do even less to address the rampant fraud, misinformation, and abuse that exists today. We are disappointed by the FCC's decision to act on the NTIA petition.""

Laurel Lehman, policy analyst for Consumer Reports, added, ""Clarifying Section 230 is clearly outside the scope of the FCC's authority. Congress passed the law, and separation of powers demands that it is squarely, and solely, within Congress' domain to amend itor the courts', to interpret it. Certain reforms to Section 230 may not be amiss and should be carefully consideredbut such reform must come at the",44119,States News Service,CONSUMER REPORTS OPPOSES FCC RULEMAKING ON SECTION 230 OF THE COMMUNICATIONS DECENCY ACT,1,1,0,0,1,1,True,True,Solution,solution,solution,"['problem', 'solution']","['A2Q1YS118AO2BP', 'A3RYI5HXC2MJLN']"
frames_news_210,problem,"Republicans argue that liberal voices are 'censored' more than liberal ones

At Wednesdayâ€™s Senate hearing concerning content moderation policies on major social media platforms, Republican Senator Mike Lee said that fact-checking is a form of censorship.

The Committee on Commerce, Science, and Transportation was questioning the CEOs of Twitter, Facebook, and Google via video chat about online censorship, with Republicans voicing concerns that the companies discriminate against conservative viewpoints.

Senator Lee argued that content moderation policies were deployed disproportionately against users with conservative ideologies.

Defining what he meant by censorship, the Utah lawmaker said: â€œWhen I use the word 'censor' here, I'm meaning blocked content, fact check, or labeled content, or demonetised websites of conservative, Republican, or pro-life individuals or groups or companies.â€

He added that he does not see the same suppression of high-profile liberal groups or individuals.

CEOs Jack Dorsey of Twitter, Sundar Pichai of Google, and Mark Zuckerberg of Facebook, all defended their policies, stating that they apply to anyone that violates platform rules, no matter their political affiliation.

Incredulous Twitter users were quick to pounce on the idea that a sitting Senator believes that flagging untruths or falsities constitutes censorship. Others declared themselves less surprised.

it is absolutely insane that we have a U.S.",2020-10-29,The Independent (United Kingdom),Senator Mike Lee says fact-checking is form of censorship,1,1,1,1,0,0,True,True,Problem,problem,problem,"['neutral', 'problem']","['A2WGW5Y3ZFBDEC', 'A2YYQJ3JWA2KGD']"
frames_news_211,neutral,"-- While many Americans were stunned as they watched rioters descend on the Capitol and clash with police, there has been chatter for days on various social media platforms about the prospect of Wednesday's protests turning violent.

Ahead of protests organized to contest the formal counting of electoral votes in Washington DC, calls for violence could be found in discussions on Twitter, TikTok, right-wing platform Parler and an online forum formed last year in support of Donald Trump, according to research from nonpartisan nonprofit Advance Democracy.

On Wednesday afternoon, a pro-Trump mob stormed the Capitol, pushing through barriers set up around the building and tussling with officers in full riot gear. One woman was shot. Windows were broken. At least one Trump supporter was pictured standing at the Senate dais, while another breached House Speaker Nancy Pelosi's office. A Capitol police officer in the House chamber told lawmakers that they may need to duck under their chairs.

Before the protest, several TikTok videos promoting violence racked up thousands of views, with one user advocating for protestors to take their ""mother-[expletive] guns"" to DC, according to Advance Democracy. One TikTok video containing violent rhetoric had nearly 280,000 views.

TikTok removed two of the offending videos",2021-01-06,The Daily Kent Stater: Kent State University,"Before rioters stormed the US Capitol, Trump supporters called for violence online",1,1,0,0,0,0,True,True,Neither,neutral,neutral,"['problem', 'solution']","['A2Q1YS118AO2BP', 'A37WXDYYT7RCZ0']"
frames_news_212,neutral,"ABSTRACT

Under questioning from the US senate, social media giants showed a new nervousness surrounding how content should be regulated in the dying age of Trump.

FULL TEXT

Big tech wants to be rescued from its content problem: hate speech and fake news, driven by bots and trolls gaming the algorithms and polluting the social media eco-system. Facebook CEO Mark Zuckerberg repeated his plea to the US Senate in its hearings last night: save us from ourselves. Tell us what to do. Regulate us! It makes a change from the usual corporate fulmination against red tape, but it shows the difference between the social media giants and the traditional media they've supplanted: these modern content channels don't care what content they end up channelling. As Zuckerberg said last night, we cannot easily transfer our understandings of old tech (newspapers, phones) to social media: ""It deserves and needs its own regulatory framework"". Both the US parties seem happy to oblige. Should be an easy win for that much-loved US bi-partisanship trope. And Australia, as a rule-taker in global tech, will end up with the processes that the US regulators put in place, mediated through the continuing work of the e-Safety Commissioner. But, hold on.",2020-11-18,Crikey,Save us from ourselves pleads Zuckerberg as social giants attacked for calling out Trump,1,1,0,0,0,0,True,True,Neither,neutral,neutral,"['neutral', 'problem']","['A14W0AXTJ3R19V', 'A2Q1YS118AO2BP']"
frames_news_213,problem,"Global leaders will be asked to back Australia in a fight with Facebook after the social media giant silenced news, health and emergency services in a bid to halt a federal law.

Global leaders will be asked to back Australia in a fight with Facebook over its market power after the social media giant silenced news, health and emergency services in a bid to halt a federal law.

Prime Minister Scott Morrison raised the shock tactic with Indian counterpart Narendra Modi on Thursday night in the first step of a plan to mobilise global support to stop Facebook ""bullying"" elected governments.

The government thinks Facebook chief Mark Zuckerberg will resume talks on the law despite his sudden move to shut down content for millions of his own customers, but it is also preparing for a drawn-out battle if needed.

""They may be changing the world, but that doesn't mean they should run it,"" Mr Morrison said of big tech companies on Thursday, posting his comments on Facebook.

""We will not be intimidated by this act of bullying by BigTech, seeking to pressure parliament as it votes on our important News Media Bargaining Code.

""I am in regular contact with the leaders of other nations on these",44246,WA Today,‘We will not be intimidated': PM takes Facebook fight to India and the world,1,1,1,1,0,0,True,True,Problem,problem,problem,"['problem', 'problem']","['A14W0AXTJ3R19V', 'A2Q1YS118AO2BP']"
frames_news_214,solution,"Closed messaging apps popular among Michigan's immigrant communities and those with families living abroad are crawling with misinformation.

It is a hard problem to capture.

Closed and encrypted messaging apps such as WhatsApp make it cheap and easy for users to send texts and make phone calls. But, many of the app's group chats are hidden, which makes it hard for fact checkers to monitor.

""It's good to remember that WhatsApp is owned by Facebook and Facebook promised there would be some measures in WhatsApp for the election and it did not happen,"" said Daniel Acosta-Ramos, an investigative researcher with First Draft, a nonprofit coalition that investigates online information.

Acosta-Ramos researches misinformation in Latino communities. WhatsApp is popular among people from Latin America, where unlimited texting isn't common in cellphone plans, he said.

Facebook and other platforms have been sluggish when it comes to removing or correcting misinformation in Spanish compared with posts in English, according to a Reuters report.

These gaps in countering misinformation may allow false claims to flourish in immigrant and non-English-speaking communities, Acosta-Ramos said.

WhatsApp isn't the only messaging app with this issue.

Tack-Yong Kim, publisher of Michigan Korean Weekly and MI Asian, said many of his readers use KaKaoTalk, a Korea-based messaging app.",44163,Lansing State Journal (Michigan),Immigrants hit with false claims in apps,1,1,0,0,1,1,True,True,Solution,solution,solution,"['neutral', 'neutral']","['A37WXDYYT7RCZ0', 'A3RYI5HXC2MJLN']"
frames_news_215,solution,"eSafety Commissioner Julie Inman Grant said she was aware of ""distressing reports"" about a suicide video circulating social media platforms including Facebook and TikTok.

Australian parents have been advised to supervise their children's social media use as a graphic suicide video from the United States is being shared widely online.

eSafety Commissioner Julie Inman Grant said she was aware of ""distressing reports"" about the video circulating social media platforms including Facebook, Instagram and TikTok.

Principals across multiple NSW and Victorian schools sent emails to parents on Tuesday suggesting they monitor their children's social media use or keep students offline for a few days until websites removed the content.

One school has prohibited students' access to computers or phones for the rest of the day, while others warned the video was being shared with seemingly innocent images of puppies and kittens to lure children.

Chief executive of eSafety provider Safe on Social, Kirra Pendergast, was presenting on the topic at a school on Tuesday when multiple students, about 12 and 13 years old, approached her afterwards to tell her about the video.

""This was not being discussed,"" she said. ""Parents don't know what to do, because there is no way to be notified instantly about things that",2020-09-08,"The Age (Melbourne, Australia) - Online",Parents told to supervise social media use as graphic video circulates,1,1,0,0,1,1,True,True,Solution,solution,solution,"['neutral', 'problem']","['A37WXDYYT7RCZ0', 'A3O81LHBBI8NPK']"
frames_news_216,solution,"Facebook Inc. faces a criminal complaint in France from a press-freedom group that accuses the social network of illegally allowing the spread of disinformation and hate speech on its platform.

Reporters Without Borders, known as RSF, said it filed the case with the Paris public prosecutor on Monday, alleging that the U.S. giant allows ""the large-scale proliferation of hate speech and false information on its networks"" despite its promise of a ""safe"" and ""error-free"" online environment.

If a probe is opened, it could lead to sanctions of as much as 10 per cent of the company's revenue in Europe, Antoine Bernard, RSF's adviser for international litigation, said by phone Tuesday.

Facebook and Alphabet Inc.'s Google have come under intense scrutiny for the dissemination of hate speech and terror propaganda, alongside failing to halt the spread of disinformation during the 2016 U.S. presidential election and the U.K.'s Brexit vote. The European Commission in December proposed new rules that could punish companies with fines of as much as six per cent of global revenue if they don't comply with orders to remove illegal content, including violent hate speech.

Facebook said in a statement that ""it has zero tolerance for any harmful content on our platforms.""

""Over the",2021-03-24,The Toronto Star,Group files criminal complaint against Facebook in France,1,1,0,0,1,1,True,True,Solution,solution,solution,"['problem', 'problem']","['A2Q1YS118AO2BP', 'A2YYQJ3JWA2KGD']"
frames_news_217,solution,"Politicians in the UK and across the rest of the world have been warned to ``take heed'' of the impact of their words after a crowd of Donald Trump supporters stormed the US Capitol, leaving four dead.

Right-wing supporters of the president invaded the historic centre of US democracy on Wednesday, driven by his false claims that November's election had been illegally stolen from Mr Trump by opponents.

The events were no surprise to experts who have studied the spread of false information online, such as Dr Paul Reilly, senior lecturer in social media and digital society at the University of Sheffield.

``There's been several months of disinformation spread on social media, alleging that the election has been stolen from Donald Trump, amplified by Donald Trump,'' he told the PA news agency.

``And unfortunately, the scenes we saw last night were perhaps an inevitable consequence of this.''

Mr Trump received further criticism after releasing a video during the riots repeating his false election claims and telling the demonstrators ``we love you''.

It was later censored by Facebook, Twitter and YouTube for its potential to incite violence.

``I think Donald Trump's role in amplifying this content is in large part responsible for what we saw last night,'' Dr",44203,Press Association Mediapoint,UK POLITICIANS WARNED AFTER TRUMP 'INCITES' RIOTS AT CAPITOL BUILDING,1,1,0,0,1,1,True,True,Solution,solution,solution,"['problem', 'solution']","['A1FP3SH704X01V', 'A2YYQJ3JWA2KGD']"
frames_news_218,solution,"May 06, 2021( Android Headlines: http://androidheadlines.com Delivered by Newstex) <nl/ > Twitter[1] announced on May 5 that it wants users to Tweet with consideration. Twitter wants to discourage rudeness with its prompts that the company began testing in 2020. The social media company says that based on feedback they have made some improvements to help them reach their goal. <nl/ > The prompts[2] that pop up give users a chance to fix their tweet by asking if they want to review it before tweeting.

The idea is to show users that their tweets can potentially harmful to others. Users can receive this prompt if their tweet has insults, strong language, or hateful remarks. <nl/ > Twitter has improved the accuracy of this algorithm by tests and analyzing the results from users. The company found a few things that helped them revamp the algorithm. They learned that 34% of users revised or did not send their initial reply. <nl/ > The company also learned that after being prompted once users composed fewer offensive replies in the future. With this knowledge, Twitter was able to tweak the algorithm in a few key ways. These include making the algorithm consider the nature of the",44322,Newstex Blogs,Twitter Wants To Discourage Rudeness With Its New Prompts,1,1,0,0,1,1,True,True,Solution,solution,solution,"['solution', 'solution']","['A2YYQJ3JWA2KGD', 'A2ZUCKYJE4DPV7']"
frames_news_219,solution,"A new outside report found that Facebook has allowed groups - many tied to QAnon, boogaloo and militia movements - to glorify violence during the 2020 election and in the weeks leading up to the deadly riots on the US Capitol in January.

Avaaz, a nonprofit advocacy group that says it seeks to protect democracies from misinformation, identified 267 pages and groups on Facebook that it says spread violence-glorifying material in the heat of the 2020 election to a combined following of 32 million users, The Associated Press reported.

More than two-thirds of the groups and pages had names that aligned with several domestic extremist movements, the report found. The first, boogaloo, promotes a second US civil war and the breakdown of modern society. The second is the QAnon conspiracy, which claims that Donald Trump is waging a secret battle against the deep state and a sect of powerful Satan-worshipping pedophiles who dominate Hollywood, big business, the media and government. The rest are various anti-government militias. All have been largely banned from Facebook since 2020.

But despite what Avaaz called clear violations"" of Facebook's policies, it found that 119 of these pages and groups were still active on the platform as of March",44279,Thai News Service,United States: Report: Extremist Groups Thrive on Facebook Despite Bans,1,1,0,0,1,1,True,True,Solution,solution,solution,"['problem', 'problem']","['A2YYQJ3JWA2KGD', 'A3O81LHBBI8NPK']"
frames_news_220,problem,"The Republican-controlled Senate Judiciary Committee plans to subpoena Twitter chief executive Jack Dorsey after the social media platform blocked a disputed article about Joe Biden, the Democratic presidential nominee.

Republican Senator Ted Cruz said the committee will issue the subpoena, compelling Dorsey to speak before it, because Twitter is ""abusing their corporate power to silence the press and to cover up allegations of corruption.""

The social media giant on Wednesday blocked users from sharing or linking to a controversial New York Post article amid concerns that it could be linked to a disinformation campaign weeks ahead of the presidential election.

The article was based on emails obtained from the laptop of Biden's son Hunter that were provided to Trump ally Rudy Giuliani, according to the New York Post.

Giuliani has previously spread false information about a discredited theory that accuses the former vice president of pressuring Ukraine to fire its top prosecutor to benefit a Ukrainian natural gas company that employed Hunter Biden.

Biden has denied all wrongdoing, saying that he did not speak to his son about his business.

Questions have also been raised about the article's sourcing.

Twitter late Thursday appeared to clarify their policy going forward by saying they will no longer block hacked",44120,dpa international (Englischer Dienst),US Republicans to subpoena Twitter CEO over blocking disputed article,1,1,1,1,0,0,True,True,Problem,problem,problem,"['problem', 'problem']","['A14W0AXTJ3R19V', 'A2NJ7N8INZOB00']"
frames_news_221,solution,"Tech giants such as Facebook and Google were asked to come up with a code to regulate misinformation on their platforms.

Australia's media regulator says a draft voluntary code that the tech giants created to tackle disinformation has failed to meet expectations as Google and Facebook await legislation that will force them to pay news outlets for use of content on their websites.

Technology giants were asked by the federal government last year to create a code to help manage the spread of misinformation on their websites, an issue that became more prevalent during the national bushfire crisis and the coronavirus pandemic.

But the draft version of the code, made public last week on the tech giants' industry body website, DIGI, does not provide any detail on how they specifically intend to combat the issue.

""The ACMA set out its expectations of a voluntary code on misinformation and news quality in our position paper,"" Australian Communications and Media Authority chair Nerida O'Loughlin said.

""The draft code released by DIGI for public consultation is a long way from the model that we proposed to address these important issues.""

Under the proposed model, a tech company would agree to measures to address the ACMA's concerns, which are based",2020-10-26,Brisbane Times,ACMA: Tech giants' code to handle fake news fails to meet expectations,1,1,0,0,1,1,True,True,Solution,solution,solution,"['solution', 'solution']","['A2Q1YS118AO2BP', 'A2ZUCKYJE4DPV7']"
frames_news_222,problem,"The election was stolen. Are the American people to have no recourse? Judicial Watch: Documents Show CA State Officials Coordinated with Big Tech to Censor Americans’ Election Posts Used Biden for President’s Communications Firm to Identify ‘Misinformation’ By: Judicial Watch , April 27, 2021 | (Washington, DC) Judicial Watch announced today that it received 540 pages and...

The election was stolen. Are the American people to have no recourse? Judicial Watch: Documents Show CA State Officials Coordinated with Big Tech to Censor Americans’ Election Posts Used Biden for President’s Communications Firm to Identify ‘Misinformation...

The election was stolen. Are the American people to have no recourse? Judicial Watch: Documents Show CA State Officials Coordinated with Big Tech to Censor Americans’ Election Posts Used Biden for President’s Communications Firm to Identify ‘Misinformation’ By: Judicial Watch , April 27, 2021 | (Washington, DC) Judicial Watch announced today that it received 540 pages and a supplemental four pages of documents from the office of the Secretary of State of California revealing how state officials pressured social media companies (Twitter, Facebook, Google (YouTube)) to censor posts about the 2020 election. Included in these documents were “misinformation briefings” emails that were compiled by communications firm SKDK, that",44316,Geller Report,Documents Reveal CA State Officials Coordinated with Big Tech to Censor Americans’ Election Posts,1,1,1,1,0,0,True,True,Problem,problem,problem,"['problem', 'solution']","['A2NJ7N8INZOB00', 'A3O81LHBBI8NPK']"
frames_news_223,solution,"Recent spate of disgusting anonymous abuse on online platforms 'shows need for independent watchdog'

Fianna Fáil is calling for social media companies' self-regulation to end and for the immediate recruitment of an independent online safety commissioner.

Bosses from Facebook, Twitter and TikTok were all in Leinster House today to face questions in light of the recent explosion of anonymous abuse online in Ireland.

Members of the Oireachtas Media Committee faced the senior managers and listened to their promises to do whatever they can to help.

But, as always, the social media companies fell back on the excuses that they are online hosts, not publishers.

In light of this, Fianna Fáil Senator Malcom Byrne is immediately calling for the role of an independent watchdog -the new online safety commissioner -to be filled without delay.

Mr Byrne said: ""We want the Minister to start recruitment for this new office now.

""It can begin in a non-statutory way so that when we pass legislation that will give it powers, it can hit the ground running to tackle the dark side of social media.

""There is an urgency to this as we know that online abuse, harassment and bullying has a really negative impact on people's lives.

""It is very clear that the",44335,irishmirror.ie,"Facebook, Twitter and TikTok bosses in Leinster House to face questions as Fianna Fail calls for Online Safety Commissioner",1,1,0,0,1,1,True,True,Solution,solution,solution,"['problem', 'problem']","['A2Q1YS118AO2BP', 'A3O81LHBBI8NPK']"
frames_news_224,problem,"WASHINGTON (AP) — The Democratic-controlled House on Tuesday approved a wide-ranging defense policy bill, even as President Donald Trump renewed his threat to veto the bill unless lawmakers clamp down on social media companies he claims were biased against him during the election.

Trump tweeted Tuesday that he will veto ""the very weak National Defense Authorization Act,'' or NDAA, unless it repeals so-called Section 230, a part of the communications code that shields Twitter, Facebook and other tech giants from content liability. Trump also wants Congress to strip out a provision of the bill that allows renaming of military bases that now honor Confederate leaders.

Congressional leaders vowed to move ahead on the hugely popular bill — which affirms automatic 3% pay raises for U.S. troops and authorizes other military programs — despite the veto threat.

The House approved the bill, 335-78, more than the two-thirds required to override a potential veto. The measure now goes to the Senate.

Wyoming Rep. Liz Cheney, a member of the House Republican leadership, urged Trump not to follow through on his veto threat, but added that if he does veto it, ""We should override.''

If Trump vetoes the bill, ""we will come back to vote to override,” said",44173,Associated Press International,House approves defense bill amid Trump veto threat,1,1,1,1,0,0,True,True,Problem,problem,problem,"['neutral', 'neutral']","['A376F1W1MTY3J', 'A3RYI5HXC2MJLN']"
frames_news_225,problem,"America's crisis of political segregation – we increasingly don't live alongside, associate with or even marry people who think differently from us – is leading conservatives to congregate together on social media outlets designed specifically for people who think like them.

The recent rise of Parler – as well as other social media alternatives that appeal primarily to conservatives and that got their start largely by attracting the far right – raises the specter of further political polarization through digital means. Parler and others, like MeWe and Gab, are gaining momentum with a promise not to censor their users for behavior that might violate the policies of such rivals as Facebook or Twitter.

Parler said in its Nov. 7 “community guidelines” that it won’t decide what content will be “removed or filtered, or whose account will be removed, on the basis of the opinion expressed within the content.”

Supporters say Parler is preserving free speech and is correcting for the overreach of the mainstream social media platforms, which applied labels to or limited the reach of many of President Donald Trump’s misleading posts during the week of the election.

“Constantly jumping in and correcting things for the record and feeling like it’s one way",2020-11-23,Austin American-Statesman (Texas),Alternative social media attracting conservatives,1,1,1,1,0,0,True,True,Problem,problem,problem,"['problem', 'solution']","['A1FP3SH704X01V', 'A2Q1YS118AO2BP']"
frames_news_226,problem,"Twitter was wrong to block we-blinks to an unverified political story, CEO Jack Dorsey said Friday, as the company responded to criticism over its handling of the story that had prompted cries of censorship from the right.

Straight blocking of URLs was wrong, and we updated our policy and enforcement to fix, he tweeted. Our goal is to attempt to add context, and now we have capabilities to do that.

After initially blocking people from sharing links to the story Wednesday, on Friday Twitter was letting its users post the link. It served as a demonstration of how quickly things can change when it comes to social media, misinformation and the U.S. election as companies try to navigate unprecedented times.

Dorsey was weighing in after an executive at the social media company announced changes late Thursday to its policy on hacked content following an onslaught of criticism.

Twitter will no longer remove hacked material unless it s directly shared by hackers or those working with them, the company s head of legal, policy, trust and safety, Vijaya Gadde, said in a Twitter thread. Instead of blocking links from being shared, tweets will be labeled to provide context, Gadde said.

We want to address the concerns",2020-10-17,The Houston Chronicle,ELECTION 2020; CEO says Twitter was wrong to block links to critical Biden story,1,1,1,1,0,0,True,True,Problem,problem,problem,"['problem', 'problem']","['A2ZUCKYJE4DPV7', 'A3O81LHBBI8NPK']"
frames_news_227,solution,"Google is earning tens of millions of pounds every year by allowing unregulated and fraudulent investment schemes to advertise on its search engine to unwitting savers.

But the internet giant, now worth more than $1 trillion (£760bn), holds on to the cash even when it discovers that advertisers are misleading or potentially defrauding investors.

Scam victims, consumer groups and Telegraph Money are calling on Google to use the money it makes from banned advertisers to help savers directly or donate it to relevant charities. The firm has so far declined to hand any money back or help in any way apart from removing ads that break its rules.

Unscrupulous firms are free to bid for the top spot in search results via paid-for adverts. Savers have piled huge sums into high-risk schemes even when they have searched for terms such as ""safe investments"".

Telegraph Money is aware of at least 20 cases in which suspected scam websites have been reported to the financial regulator already this year. In each case, the websites were promoted above legitimate firms by Google.

Rogue firms can manipulate the system so that cautious consumers who search for safe investments and ""protected"" savings bonds are led to high-risk ventures or entirely",43855,telegraph.co.uk,Savers' fury as Google clings on to millions earned from scam financial ads,1,1,0,0,1,1,True,True,Solution,solution,solution,"['solution', 'solution']","['A2Q1YS118AO2BP', 'A3OZ8KF0HWSVWK']"
frames_news_228,problem,"President Donald Trump on Thursday signed an executive order aimed limiting how social media companies are protected from being held liable for content on their sites and for practicing what he said was censorship against certain types of political speech.

President Donald Trump on Thursday signed an executive order aimed limiting how social media companies are protected from being held liable for content on their sites and for practicing what he said was censorship against certain types of political speech.

At issue is a section of the Communications Decency Act of 1996 that gives liability protection to companies that moderate and curate information on their sites that has been created by site users. Trump's order argues that companies such as Twitter, Facebook and Google give selective preference to certain types of political speech and seeks to give the federal government greater authority to oversee how the section of the act is applied to social media companies.

At the White House signing ceremony, Trump said his order will ""make it so that social media companies that engage in censoring any political conduct will not be able to keep their liability shield.""

The president signed the order two days after Twitter applied fact-check notices to two",2020-05-28,The Mercury News (California),Trump signs executive order aimed at social media giants,1,1,1,1,0,0,True,True,Problem,problem,problem,"['problem', 'problem']","['A1FP3SH704X01V', 'A3OZ8KF0HWSVWK']"
frames_news_229,solution,"The latest national and international news from BBC News.

Speech to text transcript:1This copy is computer generated. Text will vary in accuracy due to speaker dialect and audio quality issues.

This copy is computer generated. Text will vary in accuracy due to speaker dialect and audio quality issues.

and YouTube as well. Facebook is saying, this isn't a perfect answer and they introduced this oversight board in the absence of any government regulation. They said it is a fairly unprecedented move they took to try to get some consistency in these decisions. They themselves admit it is not perfect but it is better than what is out there at the moment.

What do you make of the oversight board and how it is working? I think the most important thing that came out of this oversight board decision today is the fact that Facebook refused to give the oversight this allegedly independent oversight board - requested information from Facebook about how its algorithms operate and whether its algorithms were amplifying Donald Trump's racist and harmful content. Facebook refused to give their own oversight board that information. And again to me that points to the fact that this is not about some partisan bickering back",44322,TVEyes - BBC 1 Yorkshire and Lincolnshire,Joins BBC News - 03:19 AM GMT,1,1,0,0,1,1,True,True,Solution,solution,solution,"['problem', 'neutral']","['A1FP3SH704X01V', 'A2Q1YS118AO2BP']"
frames_news_230,solution,"Dec 09, 2020( Tubefilter: http://www.tubefilter.com Delivered by Newstex) Twitch has announced today a significant revamp of its Harassment And Hateful Conduct policies, which it says marks the culmination of months of research, feedback from the community, and consultation with experts as well as the input of its own Safety Advisory Council[1]. Twitch says it also drew heavily on a review of past incidents to identify edge cases and opportunities for further clarification across the board. The new policies which are now broken down into three sections: 'Harassment', 'Hateful Conduct', and 'Sexual Harassment' will start being enforced as of Jan. 22, so that the community has time to digest the new standards.

Content created on or after Jan. 22 will be evaluated under the new guidelines. (You can check out the current guidelines, which will remain in place until then, right here[2]). 'We know that many people on Twitch particularly women, members of the LGBTQIA+community, Black, Indigenous, and people of color unfortunately continue to experience adisproportionate amount of harassment and abuse online, including on our service,' Twitch said in a blog post announcing the changes. 'We developed the new policy to take a clearer and more consistent stance against hate and harassment,",2020-12-09,Newstex Blogs,"Twitch Institutes Sweeping Changes To 'Harassment And Hateful Conduct' Policies, Beginning Jan. 22",1,1,0,0,1,1,True,True,Solution,solution,solution,"['solution', 'solution']","['A2Q1YS118AO2BP', 'A3RYI5HXC2MJLN']"
frames_news_231,solution,"Trump can't use Facebook's services to spread lies and incite racists, but the ban does little to repair the company's hate-for-profit business model.

WASHINGTON Recently, the Facebook-funded Oversight Board ruled that the platform giant should continue its suspension of Donald Trump's Facebook and Instagram accounts.

The former president can no longer use Facebook's services as a megaphone to spread lies and incite racists. Trump's Facebook and Instagram accounts were suspended indefinitely on Jan. 7, after he continued to post hateful rhetoric and election disinformation in the aftermath of the deadly Jan. 6 insurrection at the U.S. Capitol.

When Facebook forwarded the case to the Oversight Board, the entity had only a narrow authority to review individual pieces of content that the company had removed and then deemed ""appealable"". The board has rendered its decision based on limited information provided by the tech company. (See Free Press' statement).

Throughout the 2020 election season, the Trump campaign used paid ads to spread myriad racist falsehoods. After mounting pressure from advocates, Facebook finally removed three ads that featured Nazi imagery, false claims about African refugees and assertions that the election was ""stolen"" - a patently anti-Black trope that is currently being used to justify voter-suppression laws in",44329,"Westside Gazette, The",Media 2070: Upholding the Tramp Ban Won't Stop Facebook from Inciting Racist Violence,1,1,0,0,1,1,True,True,Solution,solution,solution,"['solution', 'problem']","['A2Q1YS118AO2BP', 'A3RYI5HXC2MJLN']"
frames_news_232,problem,"May 28, 2020( The Wrap: http://www.thewrap.com/ Delivered by Newstex) A commissioner for the Federal Communications Commission on Thursday criticized President Donald Trump's planned executive order on social media, saying any attempt to turn the Federal Communications Commission into the 'President's speech police' is 'not the answer.' 'This does not work. Social media can be frustrating.

But an executive order that would turn the Federal Communications Commission into the President's speech police is not the answer,' Commissioner Jessica Rosenworcel said in a statement[1]. 'It's time for those in Washington to speak up for the First Amendment,' added Rosenworcel, a Democrat first appointed to the FCC in 2012. 'History won't be kind to silence.' Also Read: Trump Seeks to Curb Legal Protections for Twitter, Facebook Amid Accusations of Political Bias[2] According to unnamed officials speaking to the Washington Post[3], the order would seek to roll back legal protections for social media companies regarding the content that is posted on their respective platforms by reinterpreting Section 230 of the 1996 Communications Decency Act.[4] Currently, the law states that social media companies shouldn't be 'treated as the publisher or speaker of any information provided by another information content provider.' In short, the law has been",2020-05-28,Newstex Blogs,"Trump's Social Media Executive Order Would Turn FCC Into 'President's Speech Police,' Commissioner Says",1,1,1,1,0,0,True,True,Problem,problem,problem,"['problem', 'problem']","['A1FP3SH704X01V', 'A2Q1YS118AO2BP']"
frames_news_233,solution,"Facebook releases community standard enforcement report regarding content removal from October 2019 to March 2020.

Facebook releases new report on content removals

Facebook releases Community Standards Enforcement Report, providing metrics on how well we enforced our policies from October 2019 through March 2020 regarding content removal. We've spent the last few years building tools, teams, and technologies to help protect elections from interference, prevent misinformation from spreading on our apps, and keep people safe from harmful content.

When the COVID-19 crisis emerged, we had the tools and processes in place to move quickly and we were able to continue finding and removing content that violates our policies. When we temporarily sent our content reviewers home due to the COVID-19 pandemic, we increased our reliance on these automated systems and prioritized high-severity content for our teams to review in order to continue to keep our apps safe during this time.

This report includes data only through March 2020 so it does not reflect the full impact of the changes we made during the pandemic. We anticipate we'll see the impact of those changes in our next report, and possibly beyond, and we will be transparent about them. For example, for the past seven weeks, we",2020-05-13,Technology Times,Facebook releases new report on content removal,1,1,0,0,1,1,True,True,Solution,solution,solution,"['solution', 'solution']","['A2WGW5Y3ZFBDEC', 'A2ZUCKYJE4DPV7']"
frames_news_234,neutral,"(GlobeNewswire) - Reportlinker.com announces the release of the report ""Content Moderation Solutions Market: Global Industry Analysis, Trends, Market Size, and Forecasts up to 2026"" - https://www.reportlinker.com/p05954504/?utm_source=GNW

9% over the forecast period from 2020-2026. The study on content moderation solutions market covers the analysis of the leading geographies such as North America, Europe, Asia-Pacific, and RoW for the period of 2018 to 2026.

The report on content moderation solutions market is a comprehensive study and presentation of drivers, restraints, opportunities, demand factors, market size, forecasts, and trends in the global content moderation solutions market over the period of 2018 to 2026. Moreover, the report is a collective presentation of primary and secondary research findings.

Porters five forces model in the report provides insights into the competitive rivalry, supplier and buyer positions in the market and opportunities for the new entrants in the global content moderation solutions market over the period of 2018 to 2026. Further, IGR- Growth Matrix gave in the report brings an insight into the investment areas that existing or new market players can consider.

Report Findings

1) Drivers

Rising digital marketing and online business trends

The rising popularity of social media with the growing importance of the customer service channel

Stringent community guidelines and online business",2020-08-29,Financial Services Monitor Worldwide,Global content moderation solutions market is expected to grow with a CAGR of 10.9% over the forecast period from 2020-2026,1,1,0,0,0,0,True,True,Neither,neutral,neutral,"['problem', 'solution']","['A2Q1YS118AO2BP', 'A2YYQJ3JWA2KGD']"
frames_news_235,problem,"Sen. Josh Hawley, R-Missouri, issued the following news release:

U.S. Senator Josh Hawley (R-Mo.) introduced a bill to empower Americans to sue Big Tech companies who act in bad faith by selectively censoring political speech and hiding content created by their competitors. Cosponsored by Senators Marco Rubio (R-Fla.), Mike Braun (R-Ind.), Tom Cotton (R-Ark.), and Kelly Loeffler (R-Ga.) Senator Hawley's bill would prohibit Big Tech companies from receiving Section 230 immunity unless they update their terms of service to promise to operate in good faith and pay a $5,000 fine (or actual damages, if higher) plus attorney's fees if they violate that promise.

""For too long, Big Tech companies like Twitter, Google and Facebook have used their power to silence political speech from conservatives without any recourse for users. Section 230 has been stretched and rewritten by courts to give these companies outlandish power over speech without accountability. Congress should act to ensure bad actors are not given a free pass to censor and silence their opponents.""

Senator Josh Hawley

Senator Rubio said, ""Recent actions by Big Tech call into question the legal immunities that social media companies enjoy under Section 230 and whether these firms live up to their obligations. It is time",44000,Targeted News Service,Sen. Hawley Announces Bill Empowering Americans to Sue Big Tech Companies Acting in Bad Faith,1,1,1,1,0,0,True,True,Problem,problem,problem,"['problem', 'solution']","['A14W0AXTJ3R19V', 'A2Q1YS118AO2BP']"
frames_news_236,problem,"LISA LAFLAMME: The federal government today vowed not to infringe on the individual cyberspace of Canadians. Proposed changes to the broadcasting act to include streaming platforms like Netflix and YouTube are being criticized as a veiled attempt to control the message, and not just regulate the medium. John Vennavally-Rao explains.

JOHN VENNAVALLY-RAO (Reporter): When it comes to Canadians' pet videos on YouTube, or Instagram videos of their kid's hockey game, today the government insisted those videos are not about to be regulated by the CRTC.

JULIE DABRUSIN (Parliamentary Secretary to Heritage Minister): We do not want to regulate your cat videos. The CRTC does not want to regulate your cat videos.

VENNAVALLY-RAO: That comment follows more than a week of intense criticism by some experts and politicians who've been warning Canadians their social media videos and podcasts are in danger of being controlled and monitored by the nation's broadcasting regulator.

LAURA TRIBE (Open Media): The power they're putting in the bill itself is immense, and that no matter what their best intentions might be, you never know what's going to happen in any future government, and how they might use those powers as well.

VENNAVALLY-RAO: BillCc-10 is an attempt at modernizing the broadcast act so",44319,"CTV Television, Inc.",Proposed Changes to Broadcasting Act,1,1,1,1,0,0,True,True,Problem,problem,problem,"['problem', 'solution']","['A14W0AXTJ3R19V', 'A2Q1YS118AO2BP']"
frames_news_237,solution,"Twitter temporarily disabled the account of President Trump's campaign Wednesday over a post containing misinformation about the coronavirus, the Washington Post reported Wednesday.

The post in question showed a clip of Trump claiming during a Fox News interview that children are ""almost immune"" from COVID-19.

A spokeswoman with Twitter, Liz Kelley, told the paper that Twitter hid Team Trump's video and that @teamtrump wouldn't be allowed to tweet until it was deleted. After almost 12 hours without any activity, Team Trump tweeted again shortly after 9 p.m. EST.

Facebook deleted the same post from President Trump's page earlier in the day, saying Wednesday that the ""video includes false claims that a group of people is immune from COVID-19 which is a violation of our policies around harmful COVID misinformation.""

Twitter has been quicker than Facebook in recent months in labeling posts from the president that violate its policies against misinformation and abuse.

This was the first time that Facebook has removed a post from Trump entirely, rather than labeling it, as it has done in the past.

Several studies suggest, but don't prove, that children are less likely to become infected than adults and more likely to have only mild symptoms. But this is not the",44049,"CBS - 5 WKRG (Mobile, Alabama)",Report: Twitter bans Trump campaign from tweeting over COVID misinformation,1,1,0,0,1,1,True,True,Solution,solution,solution,"['problem', 'solution']","['A2Q1YS118AO2BP', 'A3OZ8KF0HWSVWK']"
frames_news_238,problem,"Facebook Inc on Friday suspended former U.S. President Donald Trump until at least January 2023 and announced changes to how it will treat world leaders who break the company's rules on postings on its site.

Facebook had suspended Trump's account the day after the Jan. 6 Capitol Hill riot, determining he had incited violence. That suspension will last at least two years from the date of the initial block and would only be lifted if the risk to public safety has receded, Facebook said on Friday.

Trump criticized the decision as a form of censorship and an insult to his voters.

This new timeline denies Republican Trump a major social media megaphone ahead of the November 2022 congressional elections. However, it means he may be able to return to Facebook well before the next presidential election in late 2024.

Trump has been permanently banned by Twitter and remains suspended by Alphabet's YouTube after the riot. Trump, who this week shut down his recently-launched blog, has teased plans to start his own platform.

""Given the gravity of the circumstances that led to Mr. Trump's suspension, we believe his actions constituted a severe violation of our rules which merit the highest penalty available under the new enforcement",2021-06-04,National Post (f/k/a The Financial Post) (Canada),"Facebook suspends Trump for two years, shifts rules for world leaders",1,1,1,1,0,0,True,True,Problem,problem,problem,"['solution', 'solution']","['A2Q1YS118AO2BP', 'A2WGW5Y3ZFBDEC']"
frames_news_239,neutral,"With his term winding down, President Trump's possible future in conservative media may not be damaged even after last Wednesday's riots at the U.S. Capitol. Evan Vucci/AP

WASHINGTON - Facebook and Twitter banned him. Cabinet officers have abandoned him. And members of Congress want to impeach him again.

But even as Silicon Valley and Washington drew the line with President Donald Trump after he encouraged supporters to descend on the U.S. Capitol last week - leading to a deadly clash - his potential future in conservative media looks largely unharmed.

""Donald Trump is a money-making commodity in media,"" said Sam Nunberg, a former campaign adviser. ""There will always be a space for him. He will always have a tremendous audience. Even people who hate him will watch him.""

Other social media companies also are taking steps against Trump, blocking his favorite avenues to reach supporters. But with a love for the limelight, he is expected to pursue media opportunities of some kind after he leaves office, according to many observers, whether it's a book deal, a lucrative role at a news channel or his own media venture.

Hicks Equity Partners, a private equity company, has reportedly tried to raise money to create a right-leaning channel",44209,South Florida Sun-Sentinel,Trump's future in right-wing media still intact after riots,1,1,0,0,0,0,True,True,Neither,neutral,neutral,"['problem', 'problem']","['A1FP3SH704X01V', 'A2Q1YS118AO2BP']"
frames_news_240,problem,"FULL TEXT

President Trump has Democratic Hawaii Rep. Tulsi Gabbard’s full support in terminating Section 230.

“@realDonaldTrump I fully support you on this. Please don’t back down. The freedom and future of our country is at stake,” Gabbard tweeted Thursday.

Tweet

The tweet came in response to Trump's writing, “Section 230, which is a liability shielding gift from the U.S. to ‘Big Tech’ (the only companies in America that have it - corporate welfare!), is a serious threat to our National Security & Election Integrity. Our Country can never be safe & secure if we allow it to stand.”

“Therefore, if the very dangerous & unfair Section 230 is not completely terminated as part of the National Defense Authorization Act (NDAA), I will be forced to unequivocally VETO the Bill when sent to the very beautiful Resolute desk. Take back America NOW. Thank you!” he continued.

Trump and his allies have railed against Big Tech censorship, saying platforms such as Twitter and Facebook censor conservative voices and views. Since the election, Trump’s criticisms of technology firms have increased as Twitter and Facebook repeatedly flag his posts concerning election fraud.

On Tuesday, Trump said the National Defense Authorization Act, a yearly bill that funds military expenditures, “must” include",2020-12-03,"The Examiner (Washington, DC)",'Don’t back down': Tulsi Gabbard tells Trump he has her full support in terminating Section 230,1,1,1,1,0,0,True,True,Problem,problem,problem,"['problem', 'problem']","['A1FP3SH704X01V', 'A2Q1YS118AO2BP']"
frames_news_241,solution,"""I put the dishes in the dishwasher,"" my son said to me recently, as if it was a favour rather than something he should do just because.

This prompted me to write to you, Mark Zuckerberg, the Facebook chief executive, with all the irritation of a mother whose last nerves were worked a long time ago when it comes to the abuses that thrive on your platform. I'd like to let you know: You get zero claps for doing a tiny right thing after doing the wrong thing for far too long.

You recently announced you are finally labelling the most egregious dreck that is broadcast on Facebook by President Donald Trump, after years of his escalating behaviour. But it's too little, too late. And it's too calculating. You and other Facebook executives keep hauling out the tired line: ""We know we have more work to do."" It's irksome. And you won't like me when I am irked.

You seem to be shifting towards labelling - after insisting recently to your employees that you would not budge on this - in reaction to a campaign to persuade advertisers to boycott your company, a movement known as ""Stop the Hate for Profit"". After years",2020-07-05,The Straits Times (Singapore),"Clean up your act, Facebook, or we're leaving",1,1,0,0,1,1,True,True,Solution,solution,solution,"['solution', 'problem']","['A2Q1YS118AO2BP', 'A2ZUCKYJE4DPV7']"
frames_news_242,neutral,"On Saturday morning between 11 am and 12 pm, as Nigerians woke up to the reality of a Twitter ban, and downloading Virtual Private Networks (VPNs) to access Twitter, the Nigerian government, through the office of the Presidency, reached out to the Cyberspace Administration of China (CAC) to discuss plans to build an internet firewall, FIJ reports.

The government officials present at the meeting include Ibrahim Gambari, the Chief of Staff to the President, and Lai Mohammed, Minister of Information and Culture.

The internet firewall is a way of having a separate network for the Nigerian Internet that will give the government control over social media platforms such as Twitter and Facebook.

This is similar to the internet filtering system China operates, called the Great Firewall.

Cost Of Twitter Ban

Meanwhile, SaharaReporters learnt that Nigeria loses over N2 billion to Twitter shutdown in the country on a daily basis.

This was disclosed by NetBlocks, which put the total cost impact of the shutdown at $6, 014, 390 and it naira equivalent at N2, 177, 089,051. See Also Internet Nigeria Dying, Loses Over N2billion Daily To Twitter Ban Amid Massive Unemployment, Economic Downturn 0 Comments1 Week Ago

The NetBlocks Cost of Shutdown Tool (Cost) estimates the economic impact",2021-06-06,Sahara Reporters - Online,"Like China, Buhari&#039;s Government Moves To Block Nigerians From Using VPN For Twitter, Others, Build Internet Firewall",1,1,0,0,0,0,True,True,Neither,neutral,neutral,"['problem', 'solution']","['A1FP3SH704X01V', 'A2Q1YS118AO2BP']"
frames_news_243,problem,"The social network wrongly bowed to government demands to take down content in the countries, employees said, in more signs of internal dissent.

SAN FRANCISCO -- When India's government ordered Facebook and other tech companies to take down posts critical of its handling of the coronavirus pandemic in April, the social network complied on some posts.

But once it did, its employees flocked to online chat rooms to ask why Facebook had helped Prime Minister Narendra Modi of India stifle dissent. In one internal post, which was reviewed by The New York Times, an employee with family in India accused Facebook of ''being afraid'' that Mr. Modi would ban the company from doing business in the country. ''We can't act or make decisions out of fear,'' he wrote.

Weeks later, when clashes broke out in Israel between Israelis and Palestinians, Facebook removed posts from prominent Palestinian activists and briefly banned hashtags related to the violence. Facebook employees again took to the message boards to ask why their company now appeared to be censoring pro-Palestinian content.

''It just feels like, once again, we are erring on the side of a populist government and making decisions due to politics, not policies,'' one worker wrote in an",44351,The New York Times,"At Facebook, Post Policies Rile Workers",1,1,1,1,0,0,True,True,Problem,problem,problem,"['solution', 'problem']","['A2Q1YS118AO2BP', 'A2YYQJ3JWA2KGD']"
frames_news_244,solution,"WASHINGTON - Today, Congressman Sean Casten (IL-06) joined Congresswoman Lisa Blunt Rochester and 42 Members of Congress in a letter to Facebook Chief Executive Officer, Mark Zuckerberg, calling on the company to address the proliferation of hate speech and white supremacy across the platform, in addition to a lack of diversity within the company. The letter comes as civil rights groups have continuously asked Facebook to work toward eliminating systematic racism both on the platform and within the company.

""As the country reckons with the twin pandemics of the novel coronavirus and civil rights injustice, it is more important than ever that companies like Facebook reflect values like justice and equality. These values are necessary for our society to heal from the injustices experienced by Black Americans every day, including police violence and the health disparities made clear by the coronavirus that devastate Black and minority communities,"" wrote the Members. ""Each day, millions of Americans rely on Facebook to communicate with family and friends, organize groups of people, share information widely with a push of a button and advocate for issues of importance. Given the role that Facebook now plays in our society, the company must pay the highest level of",44006,Congressional Documents and Publications,Casten Calls on Mark Zuckerberg to Address Civil Rights Issues on Facebook,1,1,0,0,1,1,True,True,Solution,solution,solution,"['problem', 'problem']","['A2Q1YS118AO2BP', 'A2ZUCKYJE4DPV7']"
frames_news_245,solution,"Mar 10, 2021( DC Forecasts: https://www.dcforecasts.com Delivered by Newstex) Ripple and YouTube settle the lawsuit over scammers impersonating CEO Brad Garlinghouse and both companies will make charitable donations so let's read more in our latest Ripple news[1] today. Ripple sued youTube over a flood of videos in which scammers impersonated the CEO and the settlement will see the companies donate money to a non-profit organization. Garlinghouse tweeted on Tuesday that Ripple and YouTube settled the lawsuit over the flood of videos in which scammers uploaded videos of Garlinghouse to promote different things crypto-related.

The phenomenon of scammers using social media to steal the names and images of the prominent executives that were pervasive in the crypto space but also in the business world in general. The imposters wanted to impersonate other high-profile CEOs like Elon Musk[2] and Richard Branson on social media just to make some extra money from the public.Last year, @Ripple[3] and I sued @YouTube[4] for failing to enforce its own policies by allowing fake accounts (impersonating my/Ripple's verified accounts) to conduct XRP giveaway scams. We've now come to a resolution to work together to prevent, detect and take down these scams. 1/3 — Brad Garlinghouse (@bgarlinghouse) March 9,",2021-03-10,Newstex Blogs,Ripple And YouTube Settle The Lawsuit And Will Make Charity Donations,1,1,0,0,1,1,True,True,Solution,solution,solution,"['solution', 'problem']","['A1FP3SH704X01V', 'A2Q1YS118AO2BP']"
frames_news_246,solution,"Facebook Inc set up a 24-7 “special operations center” last week to respond to content posted on its platform about the Israeli-Palestinian conflict amid violence in the region, the company said on Wednesday. Misinformation, hate speech and calls for violence about...

Facebook Inc set up a 24-7 “special operations center” last week to respond to content posted on its platform about the Israeli-Palestinian conflict amid violence in the region, the company said on Wednesday. Misinformation, hate speech and calls for viole...

Facebook Inc set up a 24-7 “special operations center” last week to respond to content posted on its platform about the Israeli-Palestinian conflict amid violence in the region, the company said on Wednesday. Misinformation, hate speech and calls for violence about the conflict have circulated on social media platforms amid the deadly fighting. “This operations center allows us to closely monitor the situation so we can remove content that violates our community standards faster, while also addressing possible errors in enforcement,” Monika Bickert, Facebook’s vice president of content policy, told reporters on a conference call. Facebook has previously set up similar operations centers to focus on situations like global elections. Facebook spokesman Andy Stone told Reuters that Facebook’s head of global",44335,Yahoo! India,Facebook Deploys Special Team As Israel-Gaza Conflict Spreads Across Social Media,1,1,0,0,1,1,True,True,Solution,solution,solution,"['problem', 'solution']","['A1FP3SH704X01V', 'A2Q1YS118AO2BP']"
frames_news_247,problem,"May 12, 2020( The Geller Report: https://gellerreport.com Delivered by Newstex) It is easy to see where all this is tending, although no one seems to have the wit or the will to do anything about it. The social media giants, anxious to make sure that President Trump is not reelected, are moving quickly now to defame and discredit, or silence altogether, all those who dissent from their far-Left agenda. Google recently deep-sixed Jihad Watch from the first page of search results for 'Robert Spencer,' which is now filled entirely with the libels of the Southern Poverty Law Center, the Bridge Initiative, and the like, with nothing favorable at all.

Nor am I the only one this has happened to: I noticed it when I saw Daniel Greenfield writing about the same thing having happened to him, and tried it on my own name. The far-Left's favored religion, Islam, will be protected on Facebook, even in its jihadist forms, while Tawakkol Karman and her colleagues will make sure that the social media behemoth, through which most people get their news, is entirely divested of all content critical of the religion of peace. We have been blocked from posting on our Jihad Watch",2020-05-12,Newstex Blogs,Facebook names Muslim Brotherhood operative to oversight and censorship board,1,1,1,1,0,0,True,True,Problem,problem,problem,"['problem', 'neutral']","['A2IOT3PCS9G5RK', 'A3O81LHBBI8NPK']"
frames_news_248,problem,"Text of report by website of leading English-language Pakistani daily Dawn

A report by The Wall Street Journal that Facebook Incs content regulation policies favoured Indian Prime Minister Narendra Modis party shows that the social media giant is ""no longer impartial"" and it must take practical steps to redeem its independence, Minister for Information Technology and Telecommunication Aminul Haque said on Thursday.

The world's largest social network is battling a public relations and political crisis in India after WSJ reported last week that Facebook's top lobbying executive in India, Ankhi Das, opposed applying its hate-speech rules to a member of Modis party and at least three other Hindu nationalist individuals and groups flagged internally for promoting or participating in violence.

A statement issued by the IT ministry said Haque had expressed ""serious concern"" over Facebook's alleged policies favouring Modi and his Hindu nationalist Bharatiya Janata Party (BJP).

It quoted the minister as saying that the company had continuously ignored hate speech and sectarian content shared by BJP leaders and workers.

Haque said a proof of the allegation that Facebook ""holds a soft corner for the BJP and RSS (Rashtriya Swayamsevak Sangh)"" was that it had flagged as ""hate speech"" posts put up by users across",44063,BBC Monitoring South Asia - Political,"Facebook 'no longer impartial', says Pakistan minister",1,1,1,1,0,0,True,True,Problem,problem,problem,"['neutral', 'problem']","['A2Q1YS118AO2BP', 'A2YYQJ3JWA2KGD']"
frames_news_249,solution,"Misinformation, hate speech and calls for violence about the conflict have circulated on social media platforms amid the deadly fighting. The development comes amid reports that social media companies are being asked to remove posts that are critical of the government's handling of the coronavirus pandemic....

Misinformation, hate speech and calls for violence about the conflict have circulated on social media platforms amid the deadly fighting. The development comes amid reports that social media companies are being asked to remove posts that are critical of th...

Misinformation, hate speech and calls for violence about the conflict have circulated on social media platforms amid the deadly fighting. The development comes amid reports that social media companies are being asked to remove posts that are critical of the government's handling of the coronavirus pandemic. Reuters Facebook Inc set up a 24-7 ""special operations center"" last week to respond to content posted on its platform about the Israeli-Palestinian conflict amid violence in the region, the company said on Wednesday. Misinformation, hate speech and calls for violence about the conflict have circulated on social media platforms amid the deadly fighting. ""This operations center allows us to closely monitor the situation so we can remove content that",2021-05-20,Moneycontrol.com,Facebook deploys special team as Israel-Gaza conflict spreads across social media,1,1,0,0,1,1,True,True,Solution,solution,solution,"['problem', 'solution']","['A2Q1YS118AO2BP', 'A37WXDYYT7RCZ0']"
frames_news_250,neutral,"Mar 23, 2021( Jewish Business News: https://jewishbusinessnews.com/ Delivered by Newstex) Donald Trump to Start His Own Social Media Network There is also talk of Trump being indicted. https://s3.amazonaws.com/media.jewishbusinessnews.com/2021/01/10192708/Donald-Trump-Video-clip.jpg You can't keep Donald Trump[1] out of the public eye for long. The man was banned by Twitter and is under suspension from Facebook.

People have speculated as to how he can even live without being able to mouth off every ten minutes of social media. Well now we have an answer: Donald Trump is starting his own social media company. It is not clear yet, however, what form the new company will take. Will it be another Twitter? Facebook? Will it be just for Trump and his minions? Or will it be like conservative social media platforms such as Telegram. Unlike Facebook and Twitter, Telegram did not censor its users' posts after the January 6th attack on the U.S. Capitol. It was because of this, in part, that major companies denied it use of their servers. Trump senior adviser Jason Miller told Fox News' '#MediaBuzz' on Sunday about it. 'I do think that we're going to see President Trump returning to social media in probably about two or three months here, with",44278,Newstex Blogs,Donald Trump to Start His Own Social Media Network,1,1,0,0,0,0,True,True,Neither,neutral,neutral,"['solution', 'solution']","['A2Q1YS118AO2BP', 'A3O81LHBBI8NPK']"
frames_news_251,problem,"February 23, 2021 at 9:00 AM Proposed Mexican legislation that would require operating licenses for social media platforms and regulate content moderation practices could violate U.S.-Mexico-Canada Agreement rules on non-discrimination, intermediary liability and cross-border data flows, according to industry sources.

Ricardo Monreal, the Senate leader of Mexico's ruling National Regeneration Movement (MORENA), earlier this month published a proposal for a bill that would obligate social media platforms with more than a million users to request authorization from the Instituto Federal de Telecomunicaciones, Mexico's telecoms regulator, to continue providing services in the country. It would also require that social media companies clear with regulators any revisions to their terms of service before adopting them.

In addition, the proposal would create a mechanism for users to dispute platforms' decisions to remove content or accounts by appealing to the IFT and allow the government to fine companies for violations of the proposed rules.

Monreal's proposal, which has not yet been introduced in the Senate, comes after President AndrŽs Manuel L—pez Obrador last month slammed social media companies for blocking former President Trump. Twitter and Facebook locked the president's accounts after a mob of Trump's supporters attacked the U.S. Capitol building last month. The platforms claimed Trump",44253,Inside US-China Trade,Mexican proposal to regulate social media companies sparks USMCA concerns,1,1,1,1,0,0,True,True,Problem,problem,problem,"['problem', 'problem']","['A1FP3SH704X01V', 'A2Q1YS118AO2BP']"
frames_news_252,neutral,"INDIANA, Pa., Jan. 14 -- Indiana University of Pennsylvania issued the following news release:

Some people say President Trump is responsible for what happened in Washington, DC, on January 6. But all he did was speak. He has the right to say what he wants, doesn't he?

Yes, but there are some exceptions to the First Amendment, such as inciting violent unlawful actions. Speech that incites imminent, violent unlawful action is not protected. But the unlawful action being called for must be very serious, and the speech has to be the direct cause of the action.

Twitter took away President Trump's account. Isn't that a violation of his First Amendment rights?

No. The First Amendment says Congress will not impede your freedom of speech. It's always meant that the government can't take away your speech or punish you for your speech. Twitter is simply a company, not a government entity. Legally, he has not been denied his First Amendment rights. Here's an example that I teach in my classes: Let's say the Pennsylvania legislature decided that there's too much violence in video games, so it passed a law that you can't buy violent video games until you're 21. That would be a First Amendment",2021-01-14,US Fed News,"TRUMP, TWITTER, AND FREEDOM OF SPEECH: CONSTITUTION IN CRISIS",1,1,0,0,0,0,True,True,Neither,neutral,neutral,"['problem', 'problem']","['A2Q1YS118AO2BP', 'A3RYI5HXC2MJLN']"
frames_news_253,problem,"The Senate Judiciary Committee plans to issue a subpoena on Tuesday to Twitter chief executive Jack Dorsey after the social media company blocked a pair of New York Post articles that made new allegations about Democratic presidential nominee Joe Biden, which his campaign has denied.

The subpoena would require the Twitter executive to testify on October 23 before the committee, according to the Republicans who announced the hearing.

GOP politicians are singling out Twitter because it prevented users from posting links to the articles, which the Post said were based on email exchanges with Hunter Biden, the Democratic candidate's son, provided by allies of President Donald Trump. Those people in turn said they received them from a computer repair worker who found them on a laptop, according to the Post.

""This is election interference, and we are 19 days out from an election,"" said senator Ted Cruz, a committee member who discussed the subpoena with Senate Judiciary Committee chair Lindsey Graham. ""Never before have we seen active censorship of a major press publication with serious allegations of corruption of one of the two candidates for president."" A Twitter spokesman declined to comment. Twitter and Facebook separately took steps to limit the distribution of",44121,The Australian,"Republican fury after Twitter, Facebook check facts",1,1,1,1,0,0,True,True,Problem,problem,problem,"['solution', 'solution']","['A2NJ7N8INZOB00', 'A2Q1YS118AO2BP']"
frames_news_254,solution,"New Delhi, Sept. 13 -- The Delhi Assembly's peace and harmony committee has summoned Facebook India vice-president and managing director Ajit Mohan in connection with complaints about the social media company's ""deliberate and intentional inaction "" in controlling hateful content on its platform -- the second time in weeks that the Facebook executive will be appearing before a government panel to justify the company's behaviour.

The panel, headed by Aam Aadmi Party legislator from Rajendra Nagar, Raghav Chadha, has issued a notice, asking Mohan to appear before it on September 15 at the Delhi Vidhan Sabha premises. ""The summons were issued on the basis of scathing depositions of key witnesses as well as incriminating material submitted by them on record,"" the committee said in an official statement Saturday.

The notice came weeks after the committee, in its second hearing on August 31, said that prima facie, it has found that Facebook was allegedly complicit in aggravating the February riots in north-east Delhi that left 53 dead and at least 400 injured. These primarily have to do with posts on its platform ahead of and during the riots.

The committee is investigating the matter after it took cognisance of ""several complaints"" received from people",44087,Hindustan Times,Key FB executive summoned before Delhi House panel,1,1,0,0,1,1,True,True,Solution,solution,solution,"['solution', 'neutral']","['A2WGW5Y3ZFBDEC', 'A3O81LHBBI8NPK']"
frames_news_255,solution,"WELLINGTON - New Zealand Prime Minister Jacinda Ardern said on Saturday that world leaders and tech firms looking to stamp out violent extremism online would need to focus efforts on understanding social media algorithms that drive content.

Ardern was speaking at a virtual summit to mark the second anniversary of the global initiative to end online hate, called the Christchurch Call, launched by Ardern and French President Emmanuel Macron in 2019 after a white supremacist killed 51 people at two mosques in the New Zealand city of Christchurch while live-streaming his rampage on Facebook.

Since then more than 50 countries, international organizations and tech firms have supported the initiative including firms like Facebook, Google, Twitter and Microsoft.

""The existence of algorithms themselves is not necessarily the problem, it's whether or not they are ethically used. That is one of the biggest focus for the community over the next year alongside expanding the network itself,"" Ardern said a news conference after the forum.

Ardern said major tech firms expressed a real desire at the forum to use algorithms for positive interventions. She, however, did not elaborate on how firms would change the use of algorithms that drive harmful content and lead to radicalisation.

The Christchurch Call",44330,Postmedia Breaking News,"New Zealand PM says to fight hate, study social media algorithms",1,1,0,0,1,1,True,True,Solution,solution,solution,"['problem', 'solution']","['A2Q1YS118AO2BP', 'A3RYI5HXC2MJLN']"
frames_news_256,problem,"Cruz did not say he was abandoning sites like Facebook.

Republican Sen. Ted Cruz is announcing Thursday he is joining Parler, a social media platform that bills itself as an ""unbiased"" alternative to the likes of Facebook and Twitter, which Cruz and other prominent conservative officials have accused of stifling their viewpoints.

In a YouTube video announcing the move, shared with POLITICO, Cruz rails against industry giants for ""flagrantly silencing those with whom they disagree, from conservative media organizations to the president of the United States - and millions of Americans in between.""

""That's why I'm proud to join Parler,"" Cruz adds. ""This platform gets what free speech is all about, and I'm excited to be a part of it. Let's speak. Let's speak freely. And let's end the Silicon Valley censorship.""

Cruz becomes the latest high-profile Republican to set up an account on the platform as tensions rise between the party and Silicon Valley. Others to recently make the move include Donald Trump Jr., Eric Trump, Trump campaign manager Brad Parscale and Sen. Rand Paul (R-Ky.), according to The Hollywood Reporter.

On its website, Parler describes itself as ""an unbiased social media focused on real user experiences and engagement.""

Cruz did not say he was",44007,Politico.com,Cruz joins alternative social media site Parler in swipe at big tech platforms,1,1,1,1,0,0,True,True,Problem,problem,problem,"['problem', 'problem']","['A1FP3SH704X01V', 'A2Q1YS118AO2BP']"
frames_news_257,solution,"Facebook may finally stop lending its enormously powerful microphone and amplifier to deceitful politicians and manipulative campaigns.

And in doing so, it would also block truthful candidates who are just trying to correct the record, outline their policies or encourage people to get out and vote.

It's a fair trade as far as I'm concerned.

Bloomberg's Kurt Wagner reported Friday afternoon that officials at the social networking giant were discussing a temporary ban on political advertising to reduce the spread of misleading, questionable or false material on the site in the run-up to the November election. The report came two days after Facebook released a damning audit of its ""reactive and piecemeal"" efforts to keep its network free of hate speech and voter suppression, among other objectionable practices.

Oh, and by the way, a small but growing number of major advertisers are boycotting Facebook over a similar set of issues.

A ban would answer those complaints only where advertising by pols and their campaigns is concerned. But it would relieve the company of the responsibility that Facebook CEO Mark Zuckerberg has famously resisted, which is to factcheck political ads the same way it does every other advertisement.

Please, park your ""censorship"" complaints outside.

Pols and campaigns would",44027,Crookston Daily Times (Minnesota),What a wonderful world it would be if Facebook stopped running political ads,1,1,0,0,1,1,True,True,Solution,solution,solution,"['problem', 'solution']","['A2Q1YS118AO2BP', 'A3RYI5HXC2MJLN']"
frames_news_258,neutral,"•Mark Zuckerberg sent Facebook moderators home last week due to coronavirus•During a press conference he raised concerned about their mental health•Facebook offers them mental health support and resiliency training•Without these resources, the CEO worries they will become depressed at home•Facebook is shifting some of the moderation to full-time staff and automation

Mark Zuckerberg sent Facebook moderators home last week due to coronavirus

During a press conference he raised concerned about their mental health

Facebook offers them mental health support and resiliency training

Without these resources, the CEO worries they will become depressed at home

Facebook is shifting some of the moderation to full-time staff and automation

Although CEO Mark Zuckerberg believes closing the doors to all Facebook offices during the coronavirus outbreak was necessary, he is concerned about the firm's moderators who spend their days sifting through extreme content while in isolation.

The tech tycoon spoke during a press conference Wednesday about the emotional challenges this group faces while combating posts that contain everything from suicide to self-harm to child exploitation.

Facebook has internal resources for staff to receive mental health support and resiliency training, and without these programs, Zuckerberg fears it could lead to depression and health issues.

The firm is now moving moderation of its most sensitive",2020-03-18,MailOnline,Mark Zuckerberg worries Facebook moderators working from home because of coronavirus will suffer from depression as they sift through posts about suicide and child exploitation,1,1,0,0,0,0,True,True,Neither,neutral,neutral,"['solution', 'problem']","['A2NJ7N8INZOB00', 'A2Q1YS118AO2BP']"
frames_news_259,problem,"May 09, 2021( Prairie Pundit: http://prairiepundit.blogspot.com/ Delivered by Newstex) <nl/ > Breitbart:[1] <nl/ >https://capitol.texas.gov/tlodocs/87R/billtext/html/SB00012I.htm <nl/ >Texas Senate Bill 12[2], a proposed law aimed at limiting the power of Big Tech companies to censor users in the Lone Star State, has won praise from Prof.

Adam Candeub, who was former President Donald Trump's point man on tech censorship. <nl/ >The bill, introduced by State Sen. Bryan Hughes (R-Tyler), declares big tech companies 'akin to common carriers.' It also includes a straightforward ban on viewpoint-based censorship by online platforms. <nl/ >Senate Bill 12, which haswon the support of Gov. Greg Abbott (R)[3], takes into account the modern practice of social media companies using both the online and offline speech of users as grounds for account termination. It bans censorship on the basis of viewpoints expressed both on-platform and off-platform, and censorship based on the expression of another person's viewpoint. <nl/ >Under the bill, users will also be able to obtain injunctive relief against the tech giants, overturning bans and other acts of censorship deemed to be in violation of the act. <nl/ >... <nl/ >This bill appears to follow the suggestion of Supreme Court Justice Clarence Thomas by labeling the companies as common",2021-05-09,Newstex Blogs,Texas Senate passes bill to control Big Tech censorship,1,1,1,1,0,0,True,True,Problem,problem,problem,"['problem', 'problem']","['A2Q1YS118AO2BP', 'A37WXDYYT7RCZ0']"
frames_news_260,problem,"Apr 27, 2020( Voice of America: http://www.voanews.com Delivered by Newstex) BEIJING - Three Beijing-based internet activists have disappeared and are believed to be detained by police for archiving censored coronavirus news stories online, according to a relative.China has faced criticism over its handling of the outbreak, including punishing whistleblowers who tried to warn about the new virus.Chen Mei, Cai Wei and his girlfriend surnamed Tang who contributed to the crowd-sourced project on the software development platform GitHub went missing on April 19, according to Chen's brother Chen Kun.The volunteer-driven project, named Terminus2049, preserved articles that were blocked or removed from mainland news outlets and social media by China's aggressive online censorship.Two of the volunteers, Cai and Tang, were charged with ""picking quarrels and provoking trouble"" and are currently under ""residential surveillance at a designated location,"" according to a notice from Beijing's Chaoyang District police received by their families, and seen by AFP.Chen Kun said that he is still waiting on official confirmation from Chaoyang police that his younger brother, aged 26, has been detained.""I understand that Cai and Tang disappeared around the same time as Chen Mei,"" Chen told AFP.""Given that both Chen and Cai were contributors to the Terminus2049",2020-04-27,Newstex Blogs,Beijing-Based Trio Disappeared for Archiving Censored Coronavirus News,1,1,1,1,0,0,True,True,Problem,problem,problem,"['solution', 'problem']","['A2Q1YS118AO2BP', 'A2WGW5Y3ZFBDEC']"
frames_news_261,solution,"Facebook announced Friday that the accounts belonging to former President Donald Trump would remain suspended for at least two years.

Trump's suspension is effective Jan. 7, 2021, meaning he is eligible for reinstatement on Jan. 7, 2023.

Facebook says at the end of the two-year period, it will look to experts to ""assess whether the risk to public safety has receded.""

""We will evaluate external factors, including instances of violence, restrictions on peaceful assembly and other markers of civil unrest,"" the company said in a statement. ""If we determine that there is still a serious risk to public safety, we will extend the restriction for a set period of time and continue to re-evaluate until that risk has receded.""

Facebook also said that upon Trump's reinstatement ""there will be a strict set of rapidly escalating sanctions that will be triggered if Mr. Trump commits further violations in future, up to and including permanent removal of his pages and accounts.""

Facebook suspended Trump's accounts on Jan. 7, the day after thousands of his supporters stormed the U.S. Capitol in a deadly riot. In a Facebook post, company founder and CEO Mark Zuckerberg said Trump would initially be suspended through Jan. 20 over ""his decision to use",2021-06-04,"FOX - 13 KSTU (Salt Lake City, Utah)",Facebook says Trump's accounts will remain suspended until at least January 2023,1,1,0,0,1,1,True,True,Solution,solution,solution,"['neutral', 'problem']","['A2HESXT4DAGASU', 'A3RYI5HXC2MJLN']"
frames_news_262,solution,"A new outside report found that Facebook has allowed groups — many tied to QAnon, boogaloo and militia movements — to glorify violence during the 2020 election and in the weeks leading up to the deadly riots on the U.S. Capitol in January.

Avaaz, a nonprofit advocacy group that says it seeks to protect democracies from misinformation, identified 267 pages and groups on Facebook that it says spread violence-glorifying material in the heat of the 2020 election to a combined following of 32 million users.

More than two-thirds of the groups and pages had names that aligned with several domestic extremist movements, the report found. The first, boogaloo, promotes a second U.S. civil war and the breakdown of modern society. The second is the QAnon conspiracy, which claims that Donald Trump is waging a secret battle against the “deep state” and a sect of powerful Satanworshipping pedophiles who dominate Hollywood, big business, the media and government. The rest are various anti-government militias. All have been largely banned from Facebook since 2020.

But despite what Avaaz called “clear violations” of Facebook’s policies, it found that 119 of these pages and groups were still active on the platform as of Feb. 24 and had just",2021-03-24,The Key West Citizen (Florida),Report: Extremist groups thrive on Facebook amid bans,1,1,0,0,1,1,True,True,Solution,solution,solution,"['problem', 'problem']","['A1FP3SH704X01V', 'A2Q1YS118AO2BP']"
frames_news_263,problem,"The following information was released by the office of Illinois Rep. Jan Schakowsky:

U.S. Representative Jan Schakowsky (D-IL), Chairwoman of the House Consumer Protection and Commerce Subcommittee, and, U.S. Senator Richard Blumenthal (D-CT), Ranking Member of the Senate Commerce Subcommittee on Manufacturing, Trade, and Consumer Protection, subcommittees responsible for oversight of the Federal Trade Commission (FTC), called on the agency to assert its political independence following President Trump's recent ""Executive Order on Preventing Online Censorship,"" which directs federal agencies to investigate and retaliate against online platforms over purported political bias.

""The President's executive order is a transparently unconstitutional scheme to coerce private companies for political purposes, and has no interest in freedom of expression or consumer protection,"" wrote Schakowsky and Blumenthal in a letter to FTC Chairman Joseph Simons. ""We urge you to show leadership against the President's attempts to undermine its independence and act to defend the FTC's consumer protection and competition mission.""

Schakowsky and Blumenthal expressed serious alarm over the President's order threatening the agency's ability to enforce the law, especially as Big Tech continues to pursue anticompetitive practices and action is needed. Since the onset of the COVID-19 pandemic, consumers have faced an onslaught of fraud, malware, and other financial",43997,States News Service,SCHAKOWSKY AND BLUMENTHAL CALL ON FTC TO ASSERT POLITICAL INDEPENDENCE AS TRUMP ATTEMPTS TO HIJACK COMMISSION FOR POLITICAL RETALIATION,1,1,1,1,0,0,True,True,Problem,problem,problem,"['neutral', 'problem']","['A1FP3SH704X01V', 'A2ZUCKYJE4DPV7']"
frames_news_264,problem,"Oct 19, 2020( The Wrap: http://www.thewrap.com/ Delivered by Newstex) Twitter and Facebook's decision last week to block the New York Post's reporting on Hunter Biden, the son of Democratic nominee Joe Biden, has made their arbitrary and capriciously-enforced moderation policies into a joke. It's also put the legal safeguards they enjoy in jeopardy. For both companies, the goal was to not be the story in 2020, much as they were following the 2016 election. That has backfired spectacularly.

Instead, their decisions last week have made them an even bigger story heading into this year's election. That's a direct result of having rules that few understand, are enforced seemingly at random and can appear to change on a whim. What's at stake? User confidence in their platforms, for one thing. Some users could ultimately ditch Facebook or Twitter if they believe the companies are playing political favorites. Regulatory crackdowns are also in play. The FCC has announced it's looking to 'clarify' the framework of Section 230 of the Communications Decency Act, which is the broad legal shield that allows tech companies to moderate content as they see fit. Any changes to this quarter-century old legislation could severely dent Twitter and Facebook's businesses.",44124,Newstex Blogs,How Twitter and Facebook Moderation Rules Are Set Up to Fail,1,1,1,1,0,0,True,True,Problem,problem,problem,"['problem', 'problem']","['A2Q1YS118AO2BP', 'A2ZUCKYJE4DPV7']"
frames_news_265,problem,"DALLAS (NEXSTAR) -- If you check out Apple's App Store on Monday, you'll notice Parler is the most popular app in the country.

That has many wondering: What the heck is it?

Parler is a social media app that bills itself as a place of ""free speech,"" and it's become particularly popular with conservatives following the presidential election -- particularly since Facebook and Twitter started flagging untrue posts by President Donald Trump.

On Sunday, Parler owner Dan Bongino told the BBC his app was adding ""thousands to users per minute.""

Newsweek reported the platform picked up about 2 million new users Sunday.

Pres. Donald Trump fires Defense Secretary Mark Esper

While Trump hasn't yet joined the social platform, it includes top conservative names like Sean Hannity, Mark Levin, and Texas Senator Ted Cruz. Each already has more than 2 million followers on the platform.

Last week, Maria Bartiromo of Fox News said she planned to abandon Twitter and switch over to Parler after some of her updated were hidden.

Additionally, Newt Gingrich has been using his Twitter account as a promotional tool to try and get people to follow him over to Parler.

HUD Secretary Ben Carson tests positive for coronavirus

While you may not be familiar with Parler, it's",2020-11-09,"CBS - 5 WKRG (Mobile, Alabama)",What is Parler? Here's why it's the top app after the election,1,1,1,1,0,0,True,True,Problem,problem,problem,"['problem', 'neutral']","['A2Q1YS118AO2BP', 'A2WGW5Y3ZFBDEC']"
frames_news_266,solution,"SAN FRANCISCO (AP) — Twitter says it has begun labeling tweets that include misleading information about COVID-19 vaccines and using a “strike system” to eventually remove accounts that repeatedly violate its rules.

The company said Monday that it has started using human reviewers to assess whether tweets violate its policy against COVID vaccine misinformation. Eventually, the work will be done by a combination of humans and automation, it said.

Twitter had already banned some COVID-related misinformation in December, including falsehoods about how the virus spreads, whether masks are effective and the risk of infection and death.

“Through the use of the strike system, we hope to educate people on why certain content breaks our rules so they have the opportunity to further consider their behavior and their impact on the public conversation,” Twitter said in a blog post Monday.

People with one violation — or strike — will see no action. Two strikes will lead to an account being locked for 12 hours. Five or more will get a user permanently banned from Twitter.

Facebook has also stepped up its vaccine misinformation fight after years of half-hearted enforcement. It announced an expanded policy last month that includes all vaccines — not just those against COVID-19.

San",2021-03-02,Associated Press International,Twitter cracks down on COVID vaccine misinformation,1,1,0,0,1,1,True,True,Solution,solution,solution,"['problem', 'solution']","['A2Q1YS118AO2BP', 'A2WGW5Y3ZFBDEC']"
frames_news_267,solution,"Mark Zuckerberg is facing a backlash within Facebook, with several senior employees publicly criticising the chief executive for refusing to... Mark Zuckerberg is facing a backlash within Facebook, with several senior employees publicly criticising the chief executive for refusing to take action over controversial posts by President Donald Trump, and other staff staging “virtual walkouts”. As protests...

Mark Zuckerberg is facing a backlash within Facebook, with several senior employees publicly criticising the chief executive for refusing to... Mark Zuckerberg is facing a backlash within Facebook, with several senior employees publicly criticising the chief executive for refusing to take action over controversial posts by President Donald Trump, and other staff staging “virtual walkouts”. As protests...

Mark Zuckerberg is facing a backlash within Facebook, with several senior employees publicly criticising the chief executive for refusing to...

Mark Zuckerberg is facing a backlash within Facebook, with several senior employees publicly criticising the chief executive for refusing to take action over controversial posts by President Donald Trump, and other staff staging “virtual walkouts”.

As protests and rioting over the death in police custody of George Floyd, an unarmed black man, spread through several American cities, Mr Zuckerberg was forced to defend Facebook’s position as — in his words",2020-06-02,FT.com Headlines,Facebook employees revolt over Zuckerberg’s stance on Trump,1,1,0,0,1,1,True,True,Solution,solution,solution,"['problem', 'problem']","['A1FP3SH704X01V', 'A2Q1YS118AO2BP']"
frames_news_268,neutral,"•The tweet in question was shared by Dr Scott Atlas and reads: 'Masks work? No'•Atlas also shared places where he says 'cases exploded even with mandates'•Twitter subsequently removed the tweet, saying it violated the platform's Covid-19 Misleading Information Policy

The tweet in question was shared by Dr Scott Atlas and reads: 'Masks work? No'

Atlas also shared places where he says 'cases exploded even with mandates'

Twitter subsequently removed the tweet, saying it violated the platform's Covid-19 Misleading Information Policy

Twitter has removed a 'misleading' tweet from White House adviser Dr Scott Atlas who claimed that masks don't work.

In the tweet shared on Saturday, Atlas wrote: 'Masks work? No.'

Atlas, who has been on the coronavirus task force since the pandemic began in the US, then used examples of areas where he said 'cases exploded even with mandates'.

Atlas included the following locations in the tweet: Los Angeles, Miami, Hawaii, Alabama, France, Philippines, United Kingdom, Spain and Israel.

Masks and facial coverings are used to prevent people who have the virus from infecting others.

Twitter subsequently removed the tweet, but Atlas followed up with a response to the censorship.

'That means the right policy is @realDonaldTrump guideline: use masks for their intended purpose - when close to others, especially",2020-10-18,MailOnline,Twitter removes 'misleading' tweet from top Trump Covid adviser Dr Scott Atlas that said masks don't work,1,1,0,0,0,0,True,True,Neither,neutral,neutral,"['problem', 'solution']","['A2Q1YS118AO2BP', 'A2YYQJ3JWA2KGD']"
frames_news_269,solution,"Ibrahim Halawa's head is full of Facebook. Well known for spending more than four years of his life in an Egyptian prison, he is now a Facebook content moderator. But he does not work for Facebook, and he dare not speak its name. It is simply ""the client"".

Ibrahim is one of thousands of outsourced workers across the world who view and remove violent and graphic content for the social media giant.

""We are expected to take care of the people on the social platform. And we want to do that,"" Ibrahim told Prime Time. ""We want to create a safe platform for my nephews to use, for your kids to use, for everyone to use.""

But though content moderation is core to its business, Facebook outsources this work. Workers feel left to carry the burden of rapidly processed graphic content without proper care or support, and are bound to secrecy in their contracts.

Ibrahim has decided to speak out. Today, he will be one of the workers’ representatives who meets Tánaiste and Minister for Trade, Enterprise & Employment, Leo Varadkar.

The workers, and a London-based digital justice group that advocates on their behalf, Foxglove, believe it will be the first time a government politician",44224,RTE News,Facebook moderators on the things they can't unsee,1,1,0,0,1,1,True,True,Solution,solution,solution,"['solution', 'problem']","['A2Q1YS118AO2BP', 'A3RYI5HXC2MJLN']"
frames_news_270,solution,"San Francisco

Coca-Cola, a major force in global advertising, announced Friday it would suspend ads on social media for at least 30 days, as platforms face a reckoning over how they deal with racist content. ""There is no place for racism in the world and there is no place for racism on social media,"" James Quincey, chairman and CEO of The Coca-Cola Company, said in a brief statement.

He said social media companies -- which other major brands have boycotted to force changes in how they deal with hateful material -- need to provide ""greater accountability and transparency."" Coca-Cola will use the pause to ""reassess our advertising policies to determine whether revisions are needed,"" Quincey said.

The beverage giant told CNBC that the ""break"" does not mean it is joining the movement launched last week by African American and civil society groups. The coalition, which includes the National Association for the Advancement of Colored People (NAACP), has been urging companies to stop advertising on Facebook, using the #StopHateForProfit hashtag.

It aims to achieve better regulation of groups inciting hatred, racism or violence on the platform. Unilever, home to brands including Lipton tea and Ben and Jerry's ice cream, said it would stop advertising on",44010,DT News,Coca-Cola says pausing social media advertising,1,1,0,0,1,1,True,True,Solution,solution,solution,"['solution', 'problem']","['A14W0AXTJ3R19V', 'A2Q1YS118AO2BP']"
frames_news_271,solution,"The U.S. 2020 election will be a ""test"" for Facebook, said chief executive Mark Zuckerberg on the company's third-quarter earnings call.Â And he again warned of the potential for delayed election results because of increased use of mail-in ballots. ""I'm worried that with our nation so divided and election results potentially taking days or weeks to be finalized, there is a risk of civil unrest across the country,"" he said. ""Given this, companies like ours need to go well beyond what we've done before.""

Facebook has faced criticism for its handling of the 2016 election, when it became clear in the weeks following that Russian and other foreign entities had used the platform to attempt to influence the election. This time around, Zuckerberg said that the company had built best-in-class technical systems over the last four years to tackle threats, and had created new policies in anticipation of civil unrest during the election. The company will label posts with premature declarations of victory to authoritative information. It has blocked new political ads in the week before the election and all political ads during the week after, and said it estimates that Facebook helped more than 4.4 million people to register to",44134,The Nation (Thailand),Facebook CEO Zuckerberg calls 2020 election 'test',1,1,0,0,1,1,True,True,Solution,solution,solution,"['problem', 'solution']","['A2Q1YS118AO2BP', 'A3RYI5HXC2MJLN']"
frames_news_272,solution,"Jun 30, 2020( International Business Times News: http://www.ibtimes.com Delivered by Newstex) YouTube on Monday shut down six far-right channels for violating rules against ""supremacist"" content, booting videos by David Duke, Stefan Molyneux and Richard Spencer.The video sharing platform pulled the plug on the channels as online social media platforms face increasing pressure to crack down on hateful rhetoric.""We have strict policies prohibiting hate speech on YouTube, and terminate any channel that repeatedly or egregiously violates those policies,"" YouTube said in response to an AFP inquiry about the move.Since updating guidelines a year ago to better address supremacist content, YouTube saw a fivefold spike in video removals and has terminated more than 25,000 channels for violating hate speech policies, the spokesperson added.YouTube said that the channels removed Monday included Duke, Molyneux, Spencer and American Renaissance.All the terminated channels broke YouTube rules by alleging that members of protected groups were innately inferior to others, according to the Google-owned video platform.Some of the nixed channels also violated rules against linking YouTube videos to hateful content hosted elsewhere on the internet, the company said. Spencer confirmed the suspension of his account in a tweet that included a screen-capture of a message from YouTube citing",2020-06-30,Newstex Blogs,YouTube Shuts Down Far-right Channels Over Hate Speech,1,1,0,0,1,1,True,True,Solution,solution,solution,"['solution', 'problem']","['A2Q1YS118AO2BP', 'A3RYI5HXC2MJLN']"
frames_news_273,problem,"New Delhi, Jan. 9 -- Minutes after Donald Trump accused Twitter of conspiring with his political enemies to silence him after the social media platform permanently suspended his account, the micro-blogging site on Saturday (IST) quickly deleted new tweets from the US President from an official government account.

Trump tweeted, ""Twitter has gone further and further in banning free speech, and tonight, Twitter employees have coordinated with the Democrats and the Radical Left in removing my account from their platform, to silence me -- and YOU, the 75,000,000 great patriots who voted for me.""

In a series of tweets from the official @POTUS account, Trump said, ""Twitter may be a private company, but without the government's gift of Section 230 they would not exist for long. I predicted this would happen. We have been negotiating with various other sites, and will have a big announcement soon, while we also look at the possibilities of building out our own platform in the near future.""

""We will not be SILENCED!"" Trump tweeted from the @POTUS government account, with 33.4 million followers, after Trump's @realDonaldTrump personal account was permanently banned by Twitter.

""Twitter is not about FREE SPEECH,"" the US President wrote in the now-deleted tweets.

Published by",44205,MINT,"After banning Trump permanently, Twitter deletes tweets from his official account",1,1,1,1,0,0,True,True,Problem,problem,problem,"['solution', 'solution']","['A2Q1YS118AO2BP', 'A376F1W1MTY3J']"
frames_news_274,solution,"Jan 26, 2021( The Business Insider: http://www.businessinsider.com/ Delivered by Newstex) A former US ambassador is suing Apple and Google for hosting messaging app Telegram. Millions migrated to the service following bans on conservative platform Parler. In two lawsuits, Marc Ginsberg claims Telegram has been used to incite racist violence.

Visit Business Insider's homepage for more stories[1].A former US ambassador is suing Apple and Alphabet for hosting the encrypted messaging platform Telegram on their app stores, claiming it is ""being used to intimidate, threaten and coerce members of the public.""Marc Ginsberg, once US ambassador to Morocco, filed the suits on behalf of his organization, the Coalition for a Safer Web[2], which advocates for greater regulation of extremist content online.The move comes weeks after both firms banned Parler[3], the alternative messaging service popular with conservatives, for continuing to allow ""violence-inciting content"" in the wake of the storming of the US Capitol[4].Encrypted messaging apps Telegram and Signal each saw a significant uptick in downloads[5] after the Parler bans occurred, peaking at 9 million and 7.5 million a week, respectively.Unlike Facebook or Twitter, private messages on Telegram face little risk of moderation. The firm was founded in 2013 by Pavel Durov and is based in",2021-01-26,Newstex Blogs,A former US ambassador is taking Google and Apple to court for hosting messaging service Telegram on their app stores,1,1,0,0,1,1,True,True,Solution,solution,solution,"['solution', 'neutral']","['A2Q1YS118AO2BP', 'A2YYQJ3JWA2KGD']"
frames_news_275,problem,"The Center Square

""The Net interprets censorship as damage and routes around it.""

– John Gilmore The Roaring Twenties was a period of gaiety, novelty and modernity made possible by many new inventions. It was a decade of growth and prosperity that brought us new technologies like moving pictures, new communication devices and the radio. These inventions changed our lives forever. After World War I, manufactured and homemade radios could be found in almost every home in the world.

By 1927, when radio dominated public information forums, Congress passed the Radio Act. This was to protect the public’s interests. As stations expanded and with TV on the horizon, in 1934 the Federal Communications Commission was created. It issued licenses, monitored aired content for decency, and ensured all forms of electronic communication co-existed under implicit guidelines.

By 1947, when KTLA TV in Hollywood made its first 21 minute broadcast, the FCC told founder Gene Autry that the same FCC guidelines for radio would apply to commercial television.

Although during World War II all radio stations freely donated air time to support the war, in 1949 the FCC bowed to political pressure and passed the Fairness Doctrine. This obligated TV and radio stations to grant equal air",44141,"The Freeman (Waukesha, WI)",Internet censorship is the left’s Fairness Doctrine,1,1,1,1,0,0,True,True,Problem,problem,problem,"['problem', 'neutral']","['A1FP3SH704X01V', 'A2ZUCKYJE4DPV7']"
frames_news_276,solution,"Kinzen, the media tech start-up founded by Mark Little and Áine Kerr, has closed a new $2.2 million (EUR 1.84 million) investment round led by Danish start-up accelerator FST Growth.

The move comes as Kinzen positions itself as ""an early warning system in the fight against misinformation"", as Mr Little describes it.

He said the start-up has ""two major content platforms"" among its clients and is revenue producing.

Kinzen has accelerated its work with publishers during the Covid crisis and the US election to protect users from organised campaigns of harmful deception.

""Right now, we're busy getting new clients. We are talking to major global communications agencies who are advising corporates and also to some public bodies. We're also in discussion with a whole range of other players who initially didn't even realise they had a problem with misinformation,"" said Mr Little.

Kinzen was originally envisaged as a digital news subscription service when it launched in early 2019.

However, more recently, the start-up has focused on detecting misinformation by analysing audio and video content.

'Editorial algorithms'

The company has developed technology that combines artificial intelligence with human judgment to create what Mr Little called ""editorial algorithms"" that can find patterns in content to create what the company describes",44163,The Irish Times,Kinzen raises $2.2m in fight against 'global infodemic',1,1,0,0,1,1,True,True,Solution,solution,solution,"['problem', 'solution']","['A2Q1YS118AO2BP', 'A3O81LHBBI8NPK']"
frames_news_277,solution,"The Information Technology and Innovation Foundation issued the following statement:

* * *

Ahead of the House Committee on Energy and Commerce's hearing ""Disinformation Nation: Social Media's Role in Promoting Extremism and Misinformation,"" the Information Technology and Innovation Foundation released the following statement from ITIF Policy Analyst Ashley Johnson:

Section 230 has come under the regulatory microscope as Congress evaluates the impact of harmful online activity like disinformation and the role of online platforms in preventing and addressing this activity. Section 230 continues to be instrumental in enabling innovative online business models that rely on user-generated content and providing companies the liability protection necessary to allow them to moderate user content.

At the same time, users would benefit from increased accountability and transparency.

ITIF has proposed a three-pronged approach to Section 230 reform that would expand federal criminal law around certain forms of harmful online activity, establish a good faith requirement to prevent bad actors from taking advantage of Section 230(c)(1)'s liability shield, and establish a voluntary safe harbor provision to limit financial liability for online services that adhere to standard industry measures for addressing illegal activity.

Congress should enact targeted changes to Section 230 to ensure companies are taking responsibility for addressing harmful content and",44280,Targeted News Service,"Section 230 Needs Thoughtful Reform, Says Information Technology & Innovation Foundation",1,1,0,0,1,1,True,True,Solution,solution,solution,"['problem', 'neutral']","['A1FP3SH704X01V', 'A3RYI5HXC2MJLN']"
frames_news_278,solution,"Warren wants to ""create civil and criminal penalties for knowingly disseminating false information about when and how to vote in U.S. elections.

Sen. Elizabeth Warren on Wednesday unveiled a plan to combat the spread of election-related disinformation, which proposes criminal and civil penalties for online voter suppression efforts and urges social media companies and campaigns to bolster their policies against deception.

What would the plan do?

The plan includes three parts, outlining what 2020 presidential campaigns and tech companies should do and the steps a Warren administration would take to limit the spread of false and misleading information aimed at deceiving voters.

Warren (D-Mass.) pledged that her campaign ""will not knowingly use or spread false or manipulated information, including false or manipulated news reports or doctored images, audio, and videos on social media."" And she called on other campaigns to make the same commitments.

The plan calls on major platforms including Facebook, Twitter and YouTube to label any state-controlled organizations on their platforms, set clear punishments for accounts that ""attempt to interfere with voting,"" take ""meaningful steps"" to alert users about disinformation campaigns and take steps to increase transparency around their data and algorithms.

As president, Warren said she would push to ""create civil and criminal",43859,Politico.com,How Warren would fight election disinformation,1,1,0,0,1,1,True,True,Solution,solution,solution,"['solution', 'solution']","['A1FP3SH704X01V', 'A2Q1YS118AO2BP']"
frames_news_279,solution,"Ahead of the November elections, Facebook is continuing to tweak its advertising policies. 

The social media company announced Wednesday evening that it will ban ads that executives believe “delegitimize the outcome of an election” and will formally ban ads that promote QAnon conspiracy theories.

Ads on Facebook and Instagram that call voting methods “inherently fraudulent or corrupt or [are] using isolated incidents of voter fraud to delegitimize the result of an election,” will also not be allowed, said Facebook director of product management Rob Leathern.

This is the latest change Facebook has made to its political ads policies. It recently allowed users to opt out of seeing political ads and announced it will reject ads that prematurely claim victory after the election. It had also announced it would stop running new political ads a week before Election Day, though critics said this could hurt get-out-the-vote efforts.

The new rule does not outlaw organic posts that also seek to undermine the election, though the company indicated earlier this month that it will add an “information label” on these types of posts. Any posts suggesting “people will get Covid-19 if they take part in voting” will be banned outright.

While some competitors like Twitter have banned",44105,adweek.com,Facebook to Ban Ads That Delegitimize the Election or Promote QAnon Conspiracy Theories,1,1,0,0,1,1,True,True,Solution,solution,solution,"['problem', 'solution']","['A2Q1YS118AO2BP', 'A3RYI5HXC2MJLN']"
frames_news_280,solution,"Prez Tweets ‘Biden Won Because Election Was Rigged’, Then Says Defiantly ‘I Concede Nothing’

“He won because the Election was Rigged,” defeated President Donald Trump conceded on Sunday in the first acknowledgment, albeit qualified, that he has lost the US presidential election and may be reconciling to leaving the White House. Hours later, after the hashtag #TrumpConceded began to trend, he defiantly tweeted: “He (Biden) only won in the eyes of the FAKE NEWS MEDIA. I concede NOTHING! We have a long way to go. This was a RIGGED ELECTION!”

Trump's conflicting responses amid global recognition that Democratic candidate Joe Biden won the election and is now President-elect surfaced even as Washington DC was rocked by bloody violence in clashes between Trump's MAGA supporters, who rallied in the capital in support of the president's view that the election was “stolen,” and Antifa activists who believe it is Trump who is trying to subvert the mandate of the people. A series of tweets in which the president accused Antifa of instigating violence while glorifying retaliation led to demands that his account be deactivated by Twitter.

Both sides — Trump's MAGA flock and Antifa activists — posted videos to show the other side triggered the",44151,Times of India (Electronic Edition),"Trump concedes defeat, briefly",1,1,0,0,1,1,True,True,Solution,solution,solution,"['neutral', 'neutral']","['A14W0AXTJ3R19V', 'A3RYI5HXC2MJLN']"
frames_news_281,problem,"Jan 27, 2021( The Geller Report: https://gellerreport.com Delivered by Newstex) ; Righteous. Calls from the fraudulent party to pack the court in ..321..,.Quick note: Tech giants are snuffing us out. You know this. Facebook, Twitter, Google et al have shadowbanned, suspended and in some cases deleted us from your news feeds. They are disappearing us. But we are here. Subscribe to Geller Report newsletter here it's free and it's critical NOW more than ever. [1] Supreme Court dismisses suits against Trump alleging he illegally accepted foreign giftsThe cased centered on the Emoluments Clause, which bans foreign officials from receiving gifts or profit while in office. By Joseph Weber[2], Just The News, January 25, 2021:The Supreme Court on Monday dismissed lawsuits against former President Trump that argued he violated the Constitution by accepting gifts from foreign officials.The cased centered on the Emoluments Clause, which bans foreign officials from receiving gifts or profit while in office, according to the Washington Times. The lawsuits claimed Trump's commercial businesses received profits from foreign officials during his time as president in violation of the law. Have a tip we should know? Your anonymity is NEVER compromised. Email tips@thegellerreport.com [3] The Truth Must be Told Your",44223,Newstex Blogs,Supreme Court dismisses lawsuits against President Trump,1,1,1,1,0,0,True,True,Problem,problem,problem,"['problem', 'neutral']","['A2YYQJ3JWA2KGD', 'A3OZ8KF0HWSVWK']"
frames_news_282,problem,"For a month, the federal government has been under fire over its broadcasting bill C-10 and its implications for free speech. Peter Menzies, a former commissioner of the Canadian Radio-television and Telecommunications Commission, said the bill ""doesn't just infringe on free expression, it constitutes a full-blown assault upon it and, through it, the foundations of democracy."" The National Post's Anja Karadeglija examines the issues and what's at stake.

WHAT'S THE BIG CONTROVERSY WITH BILL C-10? The bill was introduced last fall to set up the Canadian Radio-television and Telecommunications Commission to start regulating online platforms like Netflix the way it does traditional TV and radio broadcasters. It was moving through the legislative process pretty snappily until about a month ago, when the government removed section 4.1, which exempted user-generated content.

Critics said that infringed free speech rights, because it put social media posts by Canadians under the authority of a government regulator.

After about 10 days of controversy, the government proposed, and the Commons Heritage committee then passed, an amendment that would limit the CRTC's powers over user-generated content.

But the amendment does not eliminate the CRTC's ability to regulate social media, and critics say that means the legislation still infringes on free expression",2021-05-25,National Post (f/k/a The Financial Post) (Canada),Is C-10 a bill too far?,1,1,1,1,0,0,True,True,Problem,problem,problem,"['problem', 'problem']","['A2Q1YS118AO2BP', 'A2YYQJ3JWA2KGD']"
frames_news_283,solution,"The National Council of Young Israel (NCYI) has called upon social media platforms to adopt no-tolerance policies against antisemitism and anti-Israel content, in accordance with the international working definition of antisemitism.

Questioning why Twitter allowed calls by Iran's Supreme Leader Ayatollah Ali Khamenei for the destruction of the Jewish people to remain on its site while taking action against President Trump for violating its ""hateful content policy,"" the NCYI further challenged the social media sites over an apparent double standard when it comes to antisemitism.



""Advocating the obliteration of the Jewish people and the state of Israel is inflammatory and incites a degree of antisemitism and anti-Israel animosity that has no place on Twitter's platform,"" NCYI President Farley Weiss said.

Furthermore, the NCYI reiterated calls it has made previously to remove Holocaust survivors from its site. In 2018, Facebook's CEO Mark Zuckerberg defended the company's policy of allowing Holocaust denial to remain on the site, saying in an interview: ""I'm Jewish, and there's a set of people who deny that the Holocaust happened. I find that deeply offensive. But at the end of the day, I don't believe that our platform should take that down because I think there are things that different",44048,Jpost.com (The Jerusalem Post online edition),NCYI calls on social media to adopt international antisemitism definition,1,1,0,0,1,1,True,True,Solution,solution,solution,"['solution', 'problem']","['A1FP3SH704X01V', 'A2NJ7N8INZOB00']"
frames_news_284,solution,"The Information Commissioner has put tech firms on notice that they need to clean up their act to protect children from online harms

Tech firms have been put on a year's notice to introduce reforms that will protect children from harmful content-or face multi-million pound fines.

Elizabeth Denham, the Information Commissioner, has told firms including Facebook, Google and Twitter they have a year to ensure they adhere to a new legally-enforced code that bars them from serving children any content that is ""detrimental to their physical, or mental health or well being.""

The Government-backed code will be enforced by fines potentially worth billions of pounds and is designed to prevent a repeat of the case of Molly Russell, the 14-year-old who killed herself after viewing self-harm images on Instagram and other sites.

It will also require the companies to safeguard children's privacy to prevent them being groomed by paedophiles, to curb ""addictive"" features like notifications that keep them online and to restrict the firms' from using personal information for commercial ends.

In what is significant milestone in The Daily Telegraph's campaign for duty of care laws, Ms Denham said: ""A generation from now we will all be astonished that there was ever a time when",44075,telegraph.co.uk,Tech firms given a year's notice to reform to protect children online-or face huge fines,1,1,0,0,1,1,True,True,Solution,solution,solution,"['solution', 'solution']","['A2WGW5Y3ZFBDEC', 'A3O81LHBBI8NPK']"
frames_news_285,solution,"Roger Stone, 67, is set to go to prison this month. In November, a jury convicted him on seven felonies.Manuel Balce Ceneta/AP

Facebook said it was removing the personal accounts of Roger Stone, President Donald Trump's friend and ally, because they had ties to numerous fake accounts that were active around the 2016 presidential election.

The company made the announcement Wednesday as part of its monthly report on removing disinformation. Stone's personal accounts on Facebook and Instagram, which is owned by Facebook, were entwined with a U.S.-based network of accounts that had links to the Proud Boys, a group that promotes white supremacy, the company said. The social network banned the Proud Boys group in 2018.

""We first started looking into this network as part of our investigation into the Proud Boys' attempt to return to Facebook after we had designated and banned them from the platform,"" Nathaniel Gleicher, Facebook's head of cybersecurity policy, wrote in a company blog post announcing Facebook's takedown. ""Our investigation linked this network to Roger Stone and his associates.""

Stone, 67, is set to go to prison this month. In November, a jury convicted him on seven felonies, including lying to federal investigators, tampering with a witness and impeding",2020-07-10,The Baltimore Sun,Facebook removes Roger Stone account for ties to phony ones,1,1,0,0,1,1,True,True,Solution,solution,solution,"['problem', 'solution']","['A2Q1YS118AO2BP', 'A2YYQJ3JWA2KGD']"
frames_news_286,solution,"MyMilitia users have posted threats against protesters and lawmakers, and experts say it's a dangerous recruitment tool

Pressure is mounting on tech companies to ban MyMilitia, a website used by far-right extremists and armed groups to organize, after it was linked to threats of violence against US protesters and lawmakers this week.

On Tuesday, police arrested Brian Maiorana after he allegedly posted online threats targeting Chuck Schumer, the Democratic minority leader in the US Senate, and threatened to ""blow up"" the FBI. Maiorana is also alleged to have used MyMilitia, as well as an unnamed mainstream social media platform, to make threats to kill protesters and discussed building his own weapons, according to the complaint. Maiorana, a registered sex offender, is barred from legally purchasing firearms.

The arrest has put more pressure on internet companies that control the infrastructure supporting MyMilitia, including GoDaddy and Cloudflare to ban the platform from their services.

""This is a very dangerous game they are playing, giving people the ability to recruit extremist militias during a perilous political time in our country,"" said Matt Rivitz, the co-founder of the online activism and anti-bigotry group Sleeping Giants. ""It is shocking to see these companies not only supporting but actively monetizing",2020-11-13,The Guardian (London),Tech companies under pressure to ban far-right forum used for militia organizing,1,1,0,0,1,1,True,True,Solution,solution,solution,"['solution', 'solution']","['A2Q1YS118AO2BP', 'A3O81LHBBI8NPK']"
frames_news_287,solution,"After Twitter was forced to suspend handles branded “objectionable” by the Union government, the Supreme Court on Friday sought the social media platform's response to a PIL seeking a direction to the government to frame a legal mechanism to weed out communal, casteist and divisive content freely circulated on the platform.

A bench of Chief Justice S A Bobde and Justices A S Bopanna and V Ramasubramanian didn't require much persuasion to entertain the PIL filed by Vinit Goenka, a member of the governing council of the Centre for Railway Information Systems in the ministry of railways. The bench issued notices to the Centre and Twitter Communications Private Ltd, Mumbai.

Goenka referred to Articles 19 and 20 of the International Covenant of Civil and Political Rights (ICCPR), mistakenly substituting the word 'political' with 'personal' and also referring to the covenant as an Act in his PIL, and said they imposed similar restrictions on free speech as provided under Article19(2) of the Indian Constitution, namely protection of others' reputation, national security, public order, health and public morals.

He said Germany in 2017 enacted the Network Enforcement Act to stop hate speeches and advertisements with separatist agenda, seditious material, communal, instigative and divisive messages and",44240,Times of India (Electronic Edition),Centre's reply sought to curb online hate speech,1,1,0,0,1,1,True,True,Solution,solution,solution,"['solution', 'solution']","['A2Q1YS118AO2BP', 'A2WGW5Y3ZFBDEC']"
frames_news_288,neutral,"The group says it intentionally dressed in black on the day of the riot

The Proud Boys are celebrating their role in the US Capitol insurrection on Wednesday by taking a virtual victory lap on social media.

The group -a Southern Poverty Law Center designated hate group that was told to ""stand back and stand by"" by Donald Trump during a presidential debate earlier this year -posted messages boasting and taking credit for the riot.

""For several hours, our collective strength had politicians in Washington in absolute terror. The treacherous pawns (cops) were also terrified,"" a Proud Boy wrote on the group's Telegram social media page.

On Parler, another social media platform that welcomes extremists banned from Twitter and Facebook for violating those sites Terms of Service agreements, the Proud Boys openly supported the Capitol insurrection.

""Doesn't look like they're destroying the capital. Looks like they're liberating it,"" the group wrote. ""God bless America and all her patriots.""

Prior to the rally, the leader of the Proud Boys, Henry ""Enrique"" Tarrio was arrested for burning a Black Lives Matter sign that was stolen from a church in Washington DC. He was also found in possession of high capacity firearm magazines.

A DC judge banned Mr Tarrio from",44203,The Independent (United Kingdom),Proud Boys boast they caused 'absolute terror' during Capitol riot,1,1,0,0,0,0,True,True,Neither,neutral,neutral,"['problem', 'problem']","['A2Q1YS118AO2BP', 'A2YYQJ3JWA2KGD']"
frames_news_289,problem,"Feb 21, 2021( Techdirt: http://www.techdirt.com Delivered by Newstex) This week, our first place winner on the insightful side is That One Guy[1] offering up a definition of cancel culture[2]:Ooh, ooh, I know that one! It's another way of describing the mysterious and totally unfair phenomenon of applying consequences for being an asshole, especially if the person being so persecuted has money/power/fame.In second place, it's an anonymous commenter responding to complaints that Facebook blocking news in Australia has brought the country to its knees[3]:If an entire country is brought to its knees because of a single corporation, that is a sign of a bigger and entirely different problem than a link tax.For editor's choice on the insightful side, we start out with virusdetected[4] and a comment about the North Dakota lawmaker who clearly does not understand Section 230[5]:""Even though I don't understand this problem, or whether there is a problem, I was elected to solve it..."" I continue to be disgusted by the ignorance continually demonstrated by those we elect to positions where they can directly influence the instantiation of new laws and regulations. I suspect that the ranks of elected officials would be severely reduced if each one had to",2021-02-21,Newstex Blogs,Funniest/Most Insightful Comments Of The Week At Techdirt,1,1,1,1,0,0,True,True,Problem,problem,problem,"['solution', 'solution']","['A2Q1YS118AO2BP', 'A2YYQJ3JWA2KGD']"
frames_news_290,problem,"The Issue: Twitter and Facebook's suppression of The Post's reporting on Hunter Biden's personal e-mails.

If you weren't sure that Big Tech companies like Twitter and Facebook are biased against conservatives, their actions in shutting down The Post's story about Joe and Hunter Biden is proof enough (""Censored,"" Oct. 15).

I'm calling on all conservatives to get off those social-media outlets immediately and sell any stock you may have in these companies. The only way to fight back is to hit them where it will hurt the most - their pocketbooks.

If this was a story about President Trump and his family, they would never take it down or the Democrats would be screaming about free speech.

Stephen Colasacco, The Bronx

I want to thank you for your continued effort to disseminate the facts regarding Hunter Biden.

The article highlighted my concerns not only regarding corruption of our government officials, but also about media outlets such as Twitter and Facebook.

I'm extremely alarmed about the suppression and censorship of free speech. Our free speech as Americans is being controlled, if not dominated, by these companies. Keep up the great work.

Brian Pancza, Beechwood, NJ

So much of the so-called mainstream media has become nothing but a propaganda outlet for",44120,The New York Post,,1,1,1,1,0,0,True,True,Problem,problem,problem,"['neutral', 'neutral']","['A2Q1YS118AO2BP', 'A3O81LHBBI8NPK']"
frames_news_291,solution,"Jun 27, 2020( International Business Times News: http://www.ibtimes.com Delivered by Newstex) Coca-Cola, a major force in global advertising, announced Friday it would suspend ads on social media for at least 30 days, as platforms face a reckoning over how they deal with racist content.""There is no place for racism in the world and there is no place for racism on social media,"" James Quincey, chairman and CEO of The Coca-Cola Company, said in a brief statement.He said social media companies -- which other major brands have boycotted to force changes in how they deal with hateful material -- need to provide ""greater accountability and transparency.""Coca-Cola will use the pause to ""reassess our advertising policies to determine whether revisions are needed,"" Quincey said. Coca-Cola told CNBC the decision does not mean it is joining the #StopProfitForHate initiative Photo: AFP / Karen BLEIER The beverage giant told CNBC that the ""break"" does not mean it is joining the movement launched last week by African American and civil society groups.

The coalition, which includes the National Association for the Advancement of Colored People (NAACP), has been urging companies to stop advertising on Facebook, using the #StopHateForProfit hashtag.It aims to achieve better regulation of groups",2020-06-27,Newstex Blogs,Coca-Cola Says Pausing Social Media Advertising,1,1,0,0,1,1,True,True,Solution,solution,solution,"['solution', 'solution']","['A1FP3SH704X01V', 'A2Q1YS118AO2BP']"
frames_news_292,problem,"FULL TEXT

Florida Governor Ron DeSantis announced this week that he would fine social media companies that ban political candidates. Every outlet from Fox News to MSNBC fired off missives about the bill. What got lost in the news coverage is that Silicon Valley deplatforms very few politicians, save shock-jocks like Donald Trump and Laura Loomer (if you want to call her a politician). The same cannot be said for sex workers.

This month, Centro University released a study estimating that 46 percent of adult influencers reported losing access to Twitter or Instagram in the last year. The bans put a permanent dent in the stars’ income, with Centro estimating sex workers lose $260 million a year due to social media bans. You won’t hear DeSantis, Fox News, Glenn Greenwald, or any other so-called free speech warriors decrying porn stars’ lost incomes, so let me break down how social media companies are screwing over porn stars (and not screwing them in a good way!).

Silicon Valley titans have revoked my social media access multiple times. Take my recent Snapchat ban. The Santa Monica-based app barred me from posting on my public account, so I lost the means to communicate with fans who would",44346,The Daily Beast,Think Conservatives Are Censored on Social Media? Try Being a Porn Star.,1,1,1,1,0,0,True,True,Problem,problem,problem,"['problem', 'problem']","['A1FP3SH704X01V', 'A2Q1YS118AO2BP']"
frames_news_293,problem,"Trump supporters are angry at what they see as censorship on mainstream social media and defecting to platforms with fewer restrictions. Experts are concerned the trend will polarize US society even further.

For weeks US President Donald Trump has been maintaining that Democrats rigged the election in November and stole the vote. After he whipped his supporters into such a frenzy that some of them stormed the Capitol, Twitter temporarily suspended the account of its most infamous user for an initial period of 12 hours. Shortly afterward, it shut down Trump's account permanently, thereby stripping the president of his primary platform.

In the course of his four years in office, Trump shared his thoughts with some 90 million Twitter followers almost daily, sometimes even hourly. The permanent suspension of his account took the world by surprise. German Chancellor Angela Merkel described the move as ""problematic""and suggested that a private company should not be making decisions on curbs to freedom of expression. US legal experts, meanwhile, have pointed out that the First Amendment only limits governmental actors from curbing freedom of speech.

""The First Amendment doesn't apply to private sector organizations. That's not how this works,"" Chris Krebs told reporters last Sunday. Krebs served",2021-01-18,Thai News Service,United States: Donald Trump supporters flock to niche social media sites,1,1,1,1,0,0,True,True,Problem,problem,problem,"['problem', 'neutral']","['A376F1W1MTY3J', 'A3RYI5HXC2MJLN']"
frames_news_294,neutral,"The social media company says it will ban ads that praise 'militarized social movements'

Facebook has announced that it is banning all adverts in support of QAnon.

Since September, Qanon content had been down-ranked by Facebook's algorithm, but not removed.

The social media site says it is now ""prohibiting anyone on our platform from running ads that praise, support or represent militarized social movements and QAnon.""

Facebook will also direct users to ""credible"" child safety resources should they come across Qanon hashtags.

That is because QAnon uses phrases like ""#savethechildren"" to recruit and organise, due to its conspiratorial ideology that President Trump is secretly working to save the world from a satanic cult of paedophiles and cannibals.

""In addition, content about QAnon and child safety is eligible for fact checking through our third-party fact-checking program,"" Facebook said.

""Content that is debunked will be reduced in News Feed and filtered from Explore and hashtags on Instagram will receive a label (so that people who see it, try to share it or already have, will see more context), and it will be rejected as an ad.""

The FBI has deemed QAnon a threat, and considers the theory a strong motivator for extremist violence.

In one example from earlier this year, a",2020-10-01,The Independent (United Kingdom),QAnon: Facebook bans adverts pushing far-right conspiracy theory,1,1,0,0,0,0,True,True,Neither,neutral,neutral,"['solution', 'solution']","['A14W0AXTJ3R19V', 'A2WGW5Y3ZFBDEC']"
frames_news_295,problem,"Bhubaneswar, Oct. 29 -- New Delhi: The Supreme Court has severely criticised the growing trend of police in different States summoning individuals from far corners of the country over social media postings. Hearing a petition concerning a Delhi resident Roshni Biswas who was reportedly summoned by Bengal Police for posting objectionable content on Facebook, the Bench of Justices DY Chandrachud and Indira Banerjee noted that police's power to issue summons under Section 41A of the Code of Criminal Procedure (CrPC) cannot be used to intimidate, threaten and harass.

As per reports, the apex court's comment was prompted by Bengal Police issuing summons to the 29-year-old woman who, in a Facebook post, had criticised the Mamata government for non-enforcement of lockdown norms.

The FIR which relies on FB links contains a statement that the posts implied the State administration was going soft on the violation of the lockdown at Rajabazar as the area is predominantly inhabited by a particular community and that the administration is complacent while dealing with lockdown violations caused by a certain segment of the community.

Mahesh Jethmalani, learned senior counsel appearing on behalf of the petitioner submitted that the petitioner has stated on oath that she disclaims any association with",44133,Orissa TV,SC Slams Police For Misusing Law To Harass People Over 'Critical' Social Media Posts,1,1,1,1,0,0,True,True,Problem,problem,problem,"['problem', 'problem']","['A2Q1YS118AO2BP', 'A37WXDYYT7RCZ0']"
frames_news_296,solution,"A Queen Creek Town Council member running for the Arizona Legislature was suspended by Twitter and the marketing firm he runs was banned by Facebook for violating the platforms' rules.

Jake Hoffman's Twitter account now shows as suspended; Twitter told The Republic it is permanently suspended.

Hoffman has said he is the president and CEO of Rally Forge, the firm that was banned, which he called ""one of the nation's top conservative digital and communications agencies"" in the Center for Arizona Policy's voter guide.

The firm created accounts that were engaging in ""coordinated inauthentic behavior"" - essentially trolling by posting comments that appeared to be real people commenting on news and sharing right-wing opinions.

The Washington Post broke the story on what some experts characterized as a ""troll farm"" where teenagers wrote posts on social media on behalf of Turning Point Action, a conservative group working to elect Republicans and led by Charlie Kirk.

Both Rally Forge and Turning Point are based in Arizona.

The story led to investigations by Twitter and Facebook of this activity, which led to the bans, according to subsequent reporting by the Washington Post.

The moves to suspend the accounts come as social media platforms work to crack down on accounts spreading",44120,The Arizona Republic (Phoenix),Candidate for Arizona Legislature gets suspended by Twitter,1,1,0,0,1,1,True,True,Solution,solution,solution,"['problem', 'solution']","['A2Q1YS118AO2BP', 'A2YYQJ3JWA2KGD']"
frames_news_297,solution,"The backlash against social media against the disgraceful events in Washington DC was swift, fierce and richly deserved.

It played a key role in enabling the ugly scenes that shook the world and left America's friends and allies aghast as they were played out on Wednesday night.

They were the culmination of Donald Trump's four years of misrule during which the US was wrapped in a tissues of lies. Boxes of Kleenex were held open by Twitter, Facebook, YouTube.

They all have terms and conditions. The taking down of lies, misinformation, hatred and toxicity disseminated by the US president and his facilitators, would not have raised an issue with America's beloved First Amendment, protecting free speech, because they are private corporations that operate private platforms.

And yet their much vaunted ""community standards"" are only selectively enforced. The picture of an amputee, nude but posed no more provocatively than you'd see in ad for shower gel running before the watershed, resulted in the Ability Access group getting temporarily blocked from Facebook.

Trump spread misinformation and bile with virtual impunity until the US election results made clear Joe Biden's victory, and started the countdown to his impending departure. And he will have to depart.

The indefinite block on",44204,The Independent - Daily Edition,Social media has finally locked Trump out but the pushback doesn't stop here,1,1,0,0,1,1,True,True,Solution,solution,solution,"['problem', 'problem']","['A2Q1YS118AO2BP', 'A2YYQJ3JWA2KGD']"
frames_news_298,problem,"The Uganda Communications Commission (UCC) has issued a public notice stating that anyone wishing to publish information online must be licensed ahead of a 5 October deadline.

It is the latest blow to the right to freedom of expression in Uganda ahead of 2021 elections, following guidelines issued in June restricting public gatherings for electoral processes, in compliance with COVID-19 prevention measures. This means that election campaigning will only be allowed through media and social media platforms.

""The requirement for people to seek authorisation before posting information online is retrogressive and a blatant violation of the right to freedom of expression and access to information. With restrictions on public gatherings already in place, the Ugandan authorities are shutting off a vital channel for people to express their political opinions and share critical information about COVID-19,"" said Deprose Muchena, Amnesty International's Director for East and Southern Africa.

""Freedom of expression does not need a license.""

The Communications Commission cited Section 27 of the 2013 Uganda Communications Act, among others, which prohibits broadcasting content without a broadcasting licence. By applying this law to those sharing content on the internet and on social media platforms, the authorities are effectively criminalizing the right to freedom of expression online.

The",44084,Capital FM,Uganda to License Online Posts in Fresh Assault on Freedom of Expression,1,1,1,1,0,0,True,True,Problem,problem,problem,"['problem', 'problem']","['A2YYQJ3JWA2KGD', 'A3OZ8KF0HWSVWK']"
frames_news_299,problem,"Indigenous Australian and New Zealand TikTok creators say their content has been blocked and hidden when speaking out against racism, despite the company professing support.

Fast-growing Chinese-owned social network TikTok is facing accusations of hypocrisy in its support of the Black Lives Matter movement, with popular Indigenous Australian and New Zealand creators saying their accounts have been blocked and ""shadow-banned"" for speaking out about related issues.

TikTok's global CEO Kevin Mayer and Australian managing director Lee Hunter have both expressed public support for the BLM Movement, but local creators with large followings said TikTok was not following that through with its management of the platform.

The site has previously come under fire for blocking the accounts of posters who spoke out about the detention of Uighur Muslims in China, but has now been called out for suppressing Australian content about racial disadvantage.

Sydney-based youth worker Paniora Nukunuku, a Cook Island Maori who has amassed 88,000 followers and 5 million ""likes"" on TikTok handle @pnuks since last December, said #BLMAustralia posts, and other content that discussed racism, had been taken down without warning, suppressed by being ""hidden"" from other users' discovery pages, and that he had even been temporarily banned from using his account three",2020-07-07,AFR Online,TikTok accused of Black Lives Matter hypocrisy,1,1,1,1,0,0,True,True,Problem,problem,problem,"['problem', 'problem']","['A1FP3SH704X01V', 'A2Q1YS118AO2BP']"
frames_news_300,problem,"TALLAHASSEE – Gov. Ron DeSantis' call for punishing social media sites that deplatformed former President Donald Trump narrowly cleared a Senate committee Monday and soon will be ready for a full vote in the Legislature.

Sen. Jeff Brandes, R-St. Petersburg, was the lone Republican who argued against the proposal by fellow Republican Sen. Ray Rodrigues of Naples. Brandes labeled it a ""big government bill.""

""This Senate is currently filled with small government Republicans who do believe that government shouldn't be in the lives of businesses,"" Brandes said.

He added: ""This is the exact opposite of the things that we stand for.""

But Rodrigues argued back that the measure doesn't defy free market principles. The bill (SB 7072) orders social media companies to publish standards with detailed definitions of when someone would be censored or blocked, and makes companies subject to as much as $100,000 fines for deplatforming a Florida candidate.

""I'm bringing you good policy supported by your constituents,"" Rodrigues said.

The measure was approved 10-9 by the Appropriations Committee, its last stop before going to the Senate floor. A similar measure is ready for a full House vote.

State and federal courts have generally taken a hands-off view involving regulating online platforms. Congress also has not",44307,Sarasota Herald Tribune (Florida),Fla. bill to punish social media sites advances,1,1,1,1,0,0,True,True,Problem,problem,problem,"['solution', 'problem']","['A1FP3SH704X01V', 'A2YYQJ3JWA2KGD']"
frames_news_301,solution,"Nov 04, 2020( International Business Times Australia: http://www.ibtimes.com.au/ Delivered by Newstex) Twitter labeled two of President Donald Trump's tweets as misleading Wednesday as a battle over the knife-edge US election spilled into social media. The latest action came when a tweet from the president claimed ballot irregularities during the vote-counting process. Trump alleged that there had been ""surprise ballot dumps"" in states where he had been leading Democrat Joe Biden in the race for the White House.

Twitter's action made the comments less visible, and users seeking to read the post were required to click through a warning that ""some or all of the content shared in this Tweet is disputed and might be misleading."" A Twitter spokesperson said the action was taken ""in line with our Civic Integrity Policy,"" and would ""significantly restrict engagements"" with the tweet. A similar action was taken against an earlier tweet by the president suggesting the Democratic nominee was seeking to ""steal"" the election. Facebook and Twitter were both on alert for misinformation and manipulation efforts around the 2020 US election, hoping to avoid the problems seen in 2016 AFP / Denis Charlet The Twitter spokesperson said it took action on a number of other",44139,Newstex Blogs,Twitter Flags Trump Tweets As Battle Spills To Social Media,1,1,0,0,1,1,True,True,Solution,solution,solution,"['neutral', 'solution']","['A14W0AXTJ3R19V', 'A2YYQJ3JWA2KGD']"
frames_news_302,solution,"Google-owned YouTube suspended former New York City Mayor Rudy Giuliani's channel for a second time, claiming that he violated the platform's policies surrounding the election.

YouTube confirmed to news outlets that the ban isn't permanent. Giuliani won't be able to upload videos for two weeks.

""We removed content from the Rudy W. Giuliani channel for violating our sale of regulated goods policy, which prohibits content facilitating the use of nicotine, and our presidential election integrity policy,"" a YouTube spokeswoman said in a statement to Bloomberg and other outlets.

""Additionally, in accordance with our long standing strikes system, we issued a strike against the Rudy W. Giuliani channel, which temporarily restricts uploading or live-streaming.""

The ""nicotine use"" portion could be in reference to Giuliani's promotion of cigars and cigar companies during his YouTube videos.

The Epoch Times reached out to YouTube and Giuliani for comment.

Giuliani, a former prosecutor, served as former President Donald Trump's lawyer as his team unsuccessfully challenged the results of the election in several states. Giuliani and lawyer Jenna Ellis also held hearings with several state lawmakers about election integrity

YouTube previously suspended Giuliani's account in January, citing his content about the 2020 election. If he is suspended again for a third time, the",44257,The Epoch Times,"YouTube Suspends Rudy Giuliani Over 'Election Integrity Policy,' Nicotine Use",1,1,0,0,1,1,True,True,Solution,solution,solution,"['solution', 'problem']","['A1FP3SH704X01V', 'A2Q1YS118AO2BP']"
frames_news_303,solution,"Twitter is ``not doing enough'' to address abuse, it has been claimed - as it emerged the man at the centre of the Alastair Stewart row has been inundated with hate tweets.

Martin Shapland's Twitter exchange with the veteran broadcaster is thought to have led to his departure from ITN, in which he quoted a Shakespeare passage including the phrase ``angry ape''.

The quote, which was taken from the play Measure For Measure, was sent during a disagreement on January 13.

Breaking his silence on the matter, Mr Shapland said on Twitter that he had been ``on the receiving end of a torrent of abuse''.

One tweet threatened Mr Shapland to ``be looking over your shoulder for the rest of your life'', which has remained on the platform since 7am on Thursday, while other tweets contain racist insults.

The Centre for Countering Digital Hate (CCDH) organisation described the tweets as ``absolutely disgusting'' and said Twitter has become a ``toxic place''.

``Twitter aren't doing enough to fix it,'' Imran Ahmed, chief executive of the CCDH, told the PA news agency.

``We would expect Twitter to take those tweets down as quickly as possible, and to take decisive action against the people that tweeted them in the first place,",2020-01-30,Press Association Mediapoint,TWITTER BRANDED 'TOXIC' AMID ABUSE AIMED AT MAN IN ALASTAIR STEWART ROW,1,1,0,0,1,1,True,True,Solution,solution,solution,"['solution', 'solution']","['A14W0AXTJ3R19V', 'A2Q1YS118AO2BP']"
frames_news_304,problem,"Apr 23, 2020( The Geller Report: https://gellerreport.com Delivered by Newstex) ; No media coverage of the Obama administration's treason. FBI reportedly falsified documents in last presidential election: John Solomon [Fox Business Videos][embedded content] Fox Business VideosApril 17, 2020 FOX Business contributor and investigative journalist John Solomon argues the FBI allegedly conducted a misinformation campaign during the 2016 presidential election.Have a tip we should know? Your anonymity is NEVER compromised. Email tips@thegellerreport.com[1] The Truth Must be Told Your contribution supports independent journalism; Please take a moment to consider this.

Now, more than ever, people are reading Geller Report for news they won't get anywhere else. But advertising revenues have all but disappeared. Google Adsense is the online advertising monopoly and they have banned us. Social media giants like Facebook and Twitter have blocked and shadow-banned our accounts. But we won't put up a paywall. Because never has the free world needed independent journalism more. Everyone who reads our reporting knows the Geller Report covers the news the media won't. We cannot do our ground-breaking report without your support. We must continue to report on the global jihad and the left's war on freedom. Our readers' contributions make that possible. Geller Report's independent,",2020-04-23,Newstex Blogs,FBI reportedly falsified documents in last presidential election,1,1,1,1,0,0,True,True,Problem,problem,problem,"['solution', 'problem']","['A2Q1YS118AO2BP', 'A37WXDYYT7RCZ0']"
frames_news_305,solution,"Parler, the social-media app popular among Trump loyalists and right-wingers, was removed from the Google Play Store late Friday - with the internet giant alleging Parler failed to remove ""egregious content like posts that incite violence.""

Also Friday, Apple warned Parler, which styles itself as a ""free speech"" alternative to Twitter or Facebook, that the app faces a ban from the App Store within 24 hours if it didn't remove content that ""encourages illegal activity."" Parler was the No. 1 trending app in Apple's App Store as of Saturday morning in the news category.

The moves came as Twitter permanently banned Donald Trump, citing the potential risk that the aggrieved lame-duck president will foment additional violence among his supporters. Trump accounts on Facebook, Instagram, Snapchat, Twitch and other platforms also have been indefinitely or permanently blocked after his role in organizing and supporting the insurrectionist mob that occupied the U.S. Capitol on Jan. 6 in a deadly clash with police.

In a statement, Google said that ""to protect user safety on Google Play, our longstanding policies require that apps displaying user-generated content have moderation policies and enforcement that removes egregious content like posts that incite violence."" It continued, ""We're aware of continued posting",44205,Variety,"Parler App Booted Off Google Store, Apple Also Threatens Ban After Pro-Trump Violence",1,1,0,0,1,1,True,True,Solution,solution,solution,"['solution', 'neutral']","['A2Q1YS118AO2BP', 'A2ZUCKYJE4DPV7']"
frames_news_306,solution,"Jun 19, 2020( International Business Times India: http://ibtimes.co.in Delivered by Newstex) John Bolton's FIVE Flaky Allegations Against Trump Facebook on Thursday removed adverts placed by the US President Donald Trump' re-election team that has similarity with symbols used by the hate groups of Nazis against political prisoners in concentration camps. Facebook[1]in its statement said that the adverts violated the company's policy against organised hate. Adviolated the company's policy ""We don't allow symbols that represent hateful organisations or hateful ideologies unless they are put up with context or condemnation,"" the social network's head of security policy, Nathaniel Gleicher, said before the House Intelligence Committee on Thursday.

He continued, ""That's what we saw in this case with this ad, and anywhere that that symbol is used we would take the same actions,"" BBC[2]reported. Around 88 odd ads were released by the ""Team Trump"" in the wake of his reelection campaign on Wednesday. The ads contained a sign of an inverted red triangle along with text warning of ""Dangerous MOBS"" and asking Trump supporters to sign a petition about Antifa, a far-left group who the president has sought to link with recent violence all over the country. Click here to read all Facebook-related[3]stories Reuters",44001,Newstex Blogs,Facebook removes Donald Trump's ads with the Nazi symbol,1,1,0,0,1,1,True,True,Solution,solution,solution,"['problem', 'solution']","['A2Q1YS118AO2BP', 'ATR6RB1RULOC0']"
frames_news_307,solution,"REUTERS: A US federal judge on Thursday (Jan 21) rejected Parler's demand that Amazon.com Inc restore web hosting services for the social media platform, which Amazon had cut off following the Jan 6 storming of the US Capitol. US District Judge Barbara Rothstein in Seattle said Parler was unlikely to prove Amazon breached its contract or violated antitrust law by suspending service on Jan 10, and that it was ""not a close call."" She also forcefully rejected the suggestion that the public interest would be served by a preliminary injunction requiring Amazon Web Services to ""host the kind of abusive, violent content at issue in this case, particularly in light of the recent riots at the US Capitol.""

""That event,"" she added, ""was a tragic reminder that inflammatory rhetoric can - more swiftly and easily than many of us would have hoped - turn a lawful protest into a violent insurrection."" Parler and Amazon did not immediately respond to requests for comment. Amazon had said Parler ignored repeated warnings to effectively address growth in violent content, including calls to assassinate prominent Democratic politicians, leading business executives and members of the media. Researchers have said far-right groups at the Capitol had a",2021-01-21,Channel NewsAsia,Parler loses bid to require Amazon to restore service,1,1,0,0,1,1,True,True,Solution,solution,solution,"['solution', 'solution']","['A1FP3SH704X01V', 'A2WGW5Y3ZFBDEC']"
frames_news_308,solution,"YouTube will reduce the amount of content spreading conspiracy theories about links between 5G technology and coronavirus that it recommends to users, it has said, as four more attacks were recorded on phone masts within 24 hours.

The online video company will actively remove videos that breach its policies, it said. But content that is simply conspiratorial about 5G mobile communications networks, without mentioning coronavirus, is still allowed on the site.

YouTube said those videos may be considered ""borderline content"" and subjected to suppression, including loss of advertising revenue and being removed from search results on the platform.

""We also have clear policies that prohibit videos promoting medically unsubstantiated methods to prevent the coronavirus in place of seeking medical treatment, and we quickly remove videos violating these policies when flagged to us,"" a YouTube spokesperson said.

""We have also begun reducing recommendations of borderline content such as conspiracy theories related to 5G and coronavirus, that could misinform users in harmful ways.""

The company's decision to reduce the visibility of content linked to the false theory came as Vodafone said that two of its own masts, and two it shares with O2, were targeted. Three other masts were subjected to arson attacks last week.

Nick Jeffery, Vodafone",43926,The Guardian (London),YouTube moves to limit spread of false coronavirus 5G theory,1,1,0,0,1,1,True,True,Solution,solution,solution,"['solution', 'solution']","['A1FP3SH704X01V', 'A2ZUCKYJE4DPV7']"
frames_news_309,solution,"There's one Google executive who handles a large chunk of the tech giant's trickiest and most controversial issues. It's Kent Walker, the company's senior vice president for global affairs and its chief legal officer.

US anti-trust action? That's Kent. EU competition fines? That's Kent, too. Trust and safety issues? Once again, Kent.

So there's a lot on his plate. This week, he opened Google's new Safety Engineering Centre in Dublin, which will ramp up the company's efforts to tackle 'harmful' content, such as child safety and violent extremism, as well as other matters of concern, like ad transparency and botnet research.

The idea is to give regulators and policymakers - from Ireland and Europe - a closer, more open look at what (and why) Google makes the decisions it does around content, from workflow and engineering perspectives. It comes ahead of the appointment of Ireland's new Online Safety Commissioner, which will have substantial powers to fine or sanction Google and other big tech firms around content-safety issues.

Right now, it might be argued that Google's highest-profile trust and safety content issue comes in the form of a former US president, said to be seething in Florida. Like other big tech platforms, Google won't let",2021-01-30,Irish Independent,Google's top legal gun on Trump and content calls,1,1,0,0,1,1,True,True,Solution,solution,solution,"['neutral', 'solution']","['A1FP3SH704X01V', 'A2Q1YS118AO2BP']"
frames_news_310,solution,"Jul 02, 2020( International Business Times Australia: http://www.ibtimes.com.au/ Delivered by Newstex) Eight major Canadian banks said Thursday they would heed a call by other major global advertisers to boycott Facebook, demanding the social network do more to tackle racist and other hate speech. Scotiabank, RBC, CIBC, TD, BMO, National Bank of Canada, Desjardins and Laurentian Bank confirmed to AFP that they support the #StopHateForProfit movement launched by social justice activists.

That means they will pull their ads from Facebook and its sister photo-sharing platform Instagram. ""We have temporarily paused paid advertising on Facebook and Instagram,"" a TD spokeswoman said. ""TD is committed to the fight against racism and hate speech and to the work needed to help create a safer and more inclusive society."" An RBC spokesman said the bank wanted to work towards ""eliminating systemic racism and unconscious bias, and enhance diversity, equity and inclusion.""""One way we can do that is by standing against misinformation and hate speech, which only make systemic racism more pervasive,"" he added. More than 400 companies including Adidas, Coca-Cola, Puma and Starbucks have suspended their ad buys on Facebook, which has more than 1.7 billion daily users. The #StopHateForProfit campaign was launched by pressure groups",2020-07-02,Newstex Blogs,Eight Major Canadian Banks Join Facebook Ad Boycott,1,1,0,0,1,1,True,True,Solution,solution,solution,"['problem', 'neutral']","['A1FP3SH704X01V', 'A2Q1YS118AO2BP']"
frames_news_311,problem,"Until last summer, Tsargrad TV, which styles itself as a Russian Orthodox answer to Fox News, was an obscure corner of YouTube. The Russian-...

Until last summer, Tsargrad TV, which styles itself as a Russian Orthodox answer to Fox News, was an obscure corner of YouTube.

The Russian-language online news channel was best known for its priestly presenters and conspiratorial musings about the global financial system plotting against Moscow — suspicions it viewed as confirmed last July when the Google-owned streaming service took the channel down over what it claimed was a US sanctions breach.

Now Tsargrad is poised to strike back after a landmark court ruling that could put Google’s entire Russian business in jeopardy as Moscow steps up attempts to force western technology companies to comply with its laws.

A Moscow court last month ordered Google to reinstate Tsargrad’s YouTube channel globally on the grounds the ban had unfairly discriminated against its owner, Konstantin Malofeev.

Malofeev has been under US and EU sanctions since 2014 over his ties to Russian-backed separatists in Ukraine. But he told the FT that YouTube had continued to pay Tsargrad some $10,000 a month in advertising revenue for years until the ban.

Google filed an appeal against the ruling",2021-05-22,FT.com Headlines,YouTube feels heat as Russia ramps up ‘digital sovereignty’ drive,1,1,1,1,0,0,True,True,Problem,problem,problem,"['solution', 'problem']","['A2NJ7N8INZOB00', 'A2Q1YS118AO2BP']"
frames_news_312,problem,"In a first, Congress overrides Trump veto of defense bill

WASHINGTON — Congress on Friday overrode President Donald Trump's veto of a defense policy bill, a first by lawmakers since he took office nearly four years ago, ensuring that the measure becomes law.

In an extraordinary New Year's Day session, the Republican-controlled Senate easily turned aside the veto, dismissing Trump's objections to the $740 billion bill and handing him a stinging rebuke just weeks before he leaves the White House.

Trump lashed out on Twitter, saying the Senate missed an opportunity to eliminate protections for social media platforms that he said give ""unlimited power to Big Tech companies. Pathetic!!!''

Trump also slammed lawmakers for rejecting his call to increase COVID-19 relief payments to $2,000: ""Not fair, or smart!''

The 81-13 vote in the Senate on the widely popular defense bill followed an earlier 322-87 override vote in the House. The bill affirms a 3% pay raise for U.S. troops and guides defense policy, cementing decisions about troop levels, new weapons systems and military readiness, personnel policy and other military goals.

___

GOP torn over Trump's Electoral College challenge of Biden

WASHINGTON (AP) — President Donald Trump's extraordinary challenge of his election defeat by President-elect Joe Biden is becoming",44198,The Associated Press,AP News in Brief at 11:04 p.m. EST,1,1,1,1,0,0,True,True,Problem,problem,problem,"['problem', 'solution']","['A1FP3SH704X01V', 'A2Q1YS118AO2BP']"
frames_news_313,solution,"WASHINGTON – The U.S. Centers for Disease Control and Prevention did not ""backpedal"" on the number of deaths caused by COVID-19, reducing the figure from nearly 154,000 to just over 9,000, as social media posts claimed.

The term ""Only 6%"" trended widely on Twitter over the weekend as supporters of the QAnon conspiracy theory promoted tweets that falsely suggested the CDC had updated its records to show that only 6% of U.S. deaths tied to COVID-19 were legitimate.

President Donald Trump was among those who tweeted the information, which was later taken down by Twitter for violating platform rules.

Twitter removes QAnon conspiracy theory claiming CDC 'quietly' updated COVID-19 numbers

The posts, which received hundreds of thousands of shares online, were based on a regularly updated CDC data table showing underlying conditions for those who died of COVID-19. The conditions included high blood pressure, diabetes and obesity, as well as problems that are caused by COVID-19 itself, such as respiratory failure and pneumonia.

The CDC data table is based on an analysis of death certificates that mention COVID-19 as a cause. For 6% of the deaths, COVID-19 was the only cause mentioned, the CDC notes.

The other 94% list COVID-19 and other conditions together. Among those",44074,"FOX - 4 WDAF (Kansas City, Missouri)","No, the CDC has not reduced the death count related to COVID-19",1,1,0,0,1,1,True,True,Solution,solution,solution,"['neutral', 'neutral']","['A1FP3SH704X01V', 'A3O81LHBBI8NPK']"
frames_news_314,solution,"The change is designed to 'curb the efforts of those looking to cause chaos, sow uncertainty or inadvertently undermine accurate information'

Facebook is imposing a forwarding limit on Messenger in a bid to slow the spread of viral misinformation and harmful content.

Users of the chat platform will only be able to send content to five people or groups at a time, mirroring similar efforts on the social network's other messaging app WhatsApp.

The move comes amid continued concern about misinformation around coronavirus, with a recent report claiming social media giants are failing to remove dangerous anti-vaccination posts even when it is flagged to them.

""We are introducing a forwarding limit on Messenger to help curb the efforts of those looking to cause chaos, sow uncertainty or inadvertently undermine accurate information,"" Jay Sullivan, director of product management for Messenger privacy and safety, wrote.

Facebook said the decision is ""critical"" as the global pandemic continues and with elections in the US, New Zealand and other countries on the horizon.

Chief executive Mark Zuckerberg has also revealed wider steps to protect elections, including restrictions on new political ads in the week before the US election and removing posts that claim people will get Covid-19 if they take part",44077,walesonline.co.uk,Facebook changes Messenger to stop the spread of fake news,1,1,0,0,1,1,True,True,Solution,solution,solution,"['solution', 'neutral']","['A3OZ8KF0HWSVWK', 'A3RYI5HXC2MJLN']"
frames_news_315,problem,"WASHINGTON — President Donald Trump on Thursday signed an executive order that could open the door for the U.S. government to assume oversight of political speech on the internet, a broadside against Silicon Valley that a wide array of critics derided as a threat to free speech. The new directive seeks to change a federal law that has spared tech companies from being sued or held liable for most posts, photos and videos shared by users on their sites. Tech giants herald these protections, known as Section 230, as the bedrock of the internet. But Trump repeatedly has argued they allow Facebook, Google and Twitter to censor conservatives with impunity — charges these companies deny.

""We're here today to defend free speech from one of the greatest dangers,"" Trump said before signing the document. The order signed Thursday encourages the Federal Communications Commission to rethink the scope of Section 230 and when its liability protections apply. The order also seeks to channel complaints about political bias to the Federal Trade Commission, an agency that the White House has asked to probe whether tech companies' content-moderation policies are in keeping with their pledges of neutrality. The order additionally created a council in",43980,Chicago Daily Herald,Trump signs social media order,1,1,1,1,0,0,True,True,Problem,problem,problem,"['problem', 'neutral']","['A1FP3SH704X01V', 'A2ZUCKYJE4DPV7']"
frames_news_316,solution,"ABSTRACT

Pro-Trump group pays teens to post online

BODY

Singer Ricky Martin looked on Tuesday as Democratic presidential candidate Joe Biden spoke at an event in Kissimmee, Fla., at which he played a song on his cellphone.

On his first visit to Florida as a presidential nominee on Tuesday, Joe Biden whipped out his cellphone to play ""Despacito,"" as a tribute to its singer, Luis Fonsi, who introduced the former vice president at the event. The moment exploded on social media, inspiring jokes, memes, and a surprise resurgence of the 2017 single onto Twitter's trending topics.

Early on Wednesday morning, President Trump joined the fray — but in the video he tweeted, it wasn't ""Despacito"" playing from Biden's phone. It was N.W.A.'s notorious 1988 single ""F--- tha Police.""

""What is this all about?"" Trump asked over the manipulated video.

Trump and his conservative allies have ramped up a campaign of online disinformation in recent weeks, as The Washington Post's Ashley Parker reported, with the president in particular tweeting out numerous false claims and misleadingly labeled videos. Earlier on Tuesday, Trump shared a tweet baselessly accusing Biden of being a pedophile.

Twitter has repeatedly labeled videos shared by Trump and his campaign as ""manipulated"" and in several cases removed",44091,The Boston Globe,Trump's latest false tweet: Biden airing anti-police song,1,1,0,0,1,1,True,True,Solution,solution,solution,"['problem', 'problem']","['A1FP3SH704X01V', 'A2Q1YS118AO2BP']"
frames_news_317,problem,"HOW we laugh. Donald Trump could be re-elected!

If true, it's the sweetest victory of all, against the bullies and elites who most needed to be thrashed. The result is still too early to call.

Both Trump and rival Joe Biden say they'll win. But Trump is slightly ahead and, either way, this is nothing like the Biden walkover we were told to expect. How we now laugh at the pollsters, who tried to tell us Biden would beat Trump like a drum.

How we laugh at the mainstream media, too, for hysterically demonising Trump for four years, peddling one ""bombshell"" fake claim after another to destroy him. He'd colluded with Russia to steal the 2016 election! He'd bribed Ukraine to destroy Biden! He'd called white racists ""good people""! How we laugh at the race-baiters who insisted Trump was a racist, only to see him winning over many black and Latino voters.

How we laugh at Facebook and Twitter, who must now face an inquiry after shamelessly suppressing posts that hurt Joe Biden and censoring ones by Trump. How we laugh at the Democrats for picking a candidate so old, frail and forgetful that they hid him in his basement for days during the",2020-11-05,The Advertiser (Australia),President defies the polls as US votes,1,1,1,1,0,0,True,True,Problem,problem,problem,"['problem', 'problem']","['A2Q1YS118AO2BP', 'A37WXDYYT7RCZ0']"
frames_news_318,solution,"BEIJING, April 23 (Reuters) – More than 70 Chinese film and television show makers and associations called for short video platforms...

BEIJING, April 23 (Reuters) – More than 70 Chinese film and television show makers and associations called for short video platforms to immediately take down any of their content which was being used without authorisation, China’s national broadcaster repo...

BEIJING, April 23 (Reuters) – More than 70 Chinese film and television show makers and associations called for short video platforms to immediately take down any of their content which was being used without authorisation, China’s national broadcaster reported. Attracted by visual content excerpts taken from films or TV shows, often without authorisation, hundreds of millions of Chinese internet users have turned to short video platforms as a source of both humour and information. The group, which includes video streaming platforms iQIYI , Tencent Video and Alibaba’s Youku, published a list of demands calling on short video platforms to immediately purge any unauthorised content, CCTV reported on Friday. They also urged platforms to step up content moderation efforts to prevent future infringements, such as deploying technologies including keyword filtering. Two weeks ago, the same group warned short video platforms it would take",44309,Sharenet,"Film, TV firms call for content purge by China’s short video platforms",1,1,0,0,1,1,True,True,Solution,solution,solution,"['neutral', 'solution']","['A2Q1YS118AO2BP', 'A2WGW5Y3ZFBDEC']"
frames_news_319,neutral,"All the latest national and international news stories brought to you by the BBC news team.

Speech to text transcript:1This copy is computer generated. Text will vary in accuracy due to speaker dialect and audio quality issues.

This copy is computer generated. Text will vary in accuracy due to speaker dialect and audio quality issues.

bills because cladding and insulation, for example, have to be taken down. Those people living in those buildings say they would like a different sort of action from the government, money to fix those problems. Tom, thank you so much. With just hours now until Joe Biden becomes the 46th President of the United States, the 45th President is clearly not going quietly.

With mounting speculation about his choices for Presidential pardons, last night Donald Trump ordered travel bans to be lifted for visitors from most of Europe and Brazil from next week. Joe Biden's spokeswoman countered immediately that would not be happening. Here's our Washington Correspondent Nomia Iqbal. America's capital city is eerily quiet, and so is its president. Mr Trump has been largely silent after Twitter permanently banned him. But there is some last-minute business. He announced a Covid-19 travel ban on much of Europe would be",2021-01-19,TVEyes - BBC 1 Oxford,BBC News at One - 1:10 PM GMT,1,1,0,0,0,0,True,True,Neither,neutral,neutral,"['solution', 'problem']","['A2NJ7N8INZOB00', 'A2Q1YS118AO2BP']"
frames_news_320,problem,"Oct 22, 2020( EUR/Electronic Urban Report: http://www.eurweb.com Delivered by Newstex) https://i2.wp.com/eurweb.com/wp-content/uploads/2020/10/Aja-Smith-with-sign.jpg?ssl=1 *Aja Smith, a Black Republican running for a seat in the U.S. House of Representatives, has filed a complaint against Facebook, Twitter and Google. In her grievance dated Oct. 6, 2020, and addressed to U.S. Attorney General Bill Barr, Smith accuses the three California-based tech companies of violating the Federal Election Campaign Act by supporting Democratic candidates.

Smith, who is on the ballot to represent California's 41st congressional district, which covers an area in Western Riverside County, also claims that those companies engaged in 'shadow banning' of her and other conservatives. Shadow banning, she says, involves manipulating a digital platform's algorithm to hide certain posts from end users. 'We're seeing more censorship when people post their own opinions, and they're good opinions,' Smith said. 'I see them getting shadow banned on Twitter and Facebook.' Smith said she first noticed the practice around the last presidential election. 'I saw this starting back in 2016 as conservatives were getting more active on Facebook. A lot of things were being censored when we started talking about being pro-life, the First Amendment, the Second Amendment. And I saw it beginning to happen more and",44126,Newstex Blogs,"Black Republican Running for Congress Files Complaint Against Facebook, Twitter and Google",1,1,1,1,0,0,True,True,Problem,problem,problem,"['problem', 'problem']","['A1FP3SH704X01V', 'A2NJ7N8INZOB00']"
frames_news_321,solution,"TikTok has proposed a global coalition of social media firms for early identification and removal of harmful content, the company said on Tuesday, as networking apps face a barrage of criticism over issues ranging from misinformation to data privacy.

The company, owned by China's ByteDance and at the center of a political battle between Washington and Beijing, said it had sent letters to nine companies for a memorandum of understanding on content moderation.

Individual content review efforts by each platform can be advanced through a formal and collaborative approach, the short-video app said.

TikTok did not name the companies it had reached out to but said it had proposed a meeting between the firms to discuss the matter.

Separately, TikTok said on Tuesday it had removed over 104 million videos from its platform globally in the first half of the year for violating its terms of service.

""Of those videos, we found and removed 96.4% of videos before a user reported them, and 90.3% were removed before they received any views,"" TikTok said.

The company said it received 1,768 requests for user data, with 290, or 16.4%, of those from U.S. law enforcement agencies.

ByteDance has been racing to avoid a crackdown on Tik-Tok after being at",44097,Edmonton Sun,TikTok proposes social media coalition to curb harmful content,1,1,0,0,1,1,True,True,Solution,solution,solution,"['problem', 'solution']","['A2Q1YS118AO2BP', 'A2ZUCKYJE4DPV7']"
frames_news_322,solution,"India, May 10 -- TikTok has become immensely popular worldwide including India. The short-video sharing platform, however, has not been without its share of controversies, especially around user privacy and security. The social networking company is once again under scanner. The Dutch privacy watchdog has said it will now probe how the Chinese company handles data of its young users.

""For many users this is an important way of staying in touch with friends and spending time together, particularly during the current coronavirus crisis,"" the Dutch Data Protection Authority (DPA) is quoted as saying. ""The rise of TikTok has led to growing concerns about privacy.""

The watchdog said it will ""examine whether TikTok adequately protects the privacy of Dutch children."" The DPA further said it will investigate whether app explicitly tells that the app needs parental consent for TikTok to collect, store, and use kids' personal data.

As said earlier, TikTok has faced scrutiny around the world. For instance, the US Navy banned the application in December last year from its government issued smartphones. The app was also briefly banned in India over objectionable content on its platform. Last year in February, it was hit with $5.7 million fine in US for violating",43961,Hindustan Times,Dutch watchdog to probe TikTok over how it handles children's data,1,1,0,0,1,1,True,True,Solution,solution,solution,"['problem', 'solution']","['A1FP3SH704X01V', 'A2Q1YS118AO2BP']"
frames_news_323,solution,"Today, at an Energy and Commerce Committee hearing focused on social media's role in promoting extremism and misinformation, Congresswoman Lizzie Fletcher (TX-07) pressed Facebook CEO Mark Zuckerberg, Twitter CEO Jack Dorsey, and Alphabet CEO Sundar Pichai on their commitment to transparency related to the January 6th attack on the United States Capitol.

""We've seen that the real-world costs of this unchecked spread of disinformation is in lives, and like my colleagues, I worry that the structure of many social media companies, including those we have before us today, prioritize engagement--including engagement with provocative or extremist content--over responsible corporate citizenship,"" Fletcher noted during the hearing.

She continued: ""One of my greatest concerns regarding how extremist content and disinformation is allowed to spread on your platforms is the lack of data transparency when it comes to independent analysis. Everyone has claimed they have an internal system... but we have no way to verify how effective those systems are, and that's a huge part of the challenge before us... We all would agree that we need data and information to make good policy, and to write good legislation, which will be coming out of this committee.""

Congresswoman Fletcher specifically asked all three CEOs the following questions:

*",44280,Congressional Documents and Publications,"Congresswoman Lizzie Fletcher Questions Social Media CEOs Mark Zuckerberg, Jack Dorsey, and Sundar Pichai on Disinformation Leading to January 6th Capitol Attack",1,1,0,0,1,1,True,True,Solution,solution,solution,"['problem', 'problem']","['A1FP3SH704X01V', 'A2Q1YS118AO2BP']"
frames_news_324,problem,"Shortly after former Vice President Joe Biden was declared the winner of the 2020 presidential election, a crowd of roughly 150 demonstrators took to the Montana Capitol in Helena on Saturday to protest the vote count and voice support for President Donald Trump.

""We have to stand for Trump and just keep pushing and pushing and pushing until we are heard,"" Elias Waldner of Helena shouted while standing on the base of the Thomas Francis Meagher statue outside the Capitol building.

As the protesters chanted slogans such as ""four more years"" and ""hold the line,"" some held signs that read ""Justice,"" ""Honest Elections"" and ""Stop the Steal."" The Associated Press reported that Facebook recently banned a large group called ""Stop the Steal"" after some members called for violence and claimed without evidence that Democrats are stealing the election from Republicans.

One of the demonstrators at the Helena rally said he would remain peaceful unless anyone tried to take away his rights or burn the flag, and many repeated the claim that the election is being stolen from Trump.

Waldner accused Facebook, Instagram and other media of trying to silence Republican views and encouraged those at the rally to speak up in favor of conservative",2020-11-07,"Independent Record (Helena, MT)",Trump supporters protest in Helena after Biden declared winner,1,1,1,1,0,0,True,True,Problem,problem,problem,"['solution', 'problem']","['A2NJ7N8INZOB00', 'A2Q1YS118AO2BP']"
frames_news_325,solution,"The controversial subreddit is struggling under an influx of new users.

Discord has banned the server used by the controversial subreddit r/WallStreetBets for what it says are repeated violations of the company's hate speech policies. The ban comes as the subreddit's moderators briefly took the group private, saying they were struggling to keep up with an influx of new users.

A spokesperson for Discord said the ban was not a result of 'financial fraud related to GameStop or other stocks,' but added that the company is 'monitoring this situation' and will 'cooperate with authorities as appropriate.'

'The WallStreetBets server has been on our Trust and Safety team's radar for some time due to occasional content that violates our Community Guidelines, including hate speech, glorifying violence, and spreading misinformation,' a spokesperson said in a statement. 'Over the past few months, we have issued multiple warnings to the server admin.

'Today, we decided to remove the server and its owner from Discord for continuing to allow hateful and discriminatory content after repeated warnings. To be clear, we did not ban this server due to financial fraud related to GameStop or other stocks. Discord welcomes a broad variety of personal finance discussions, from investment clubs and day",44224,,Discord Bans Reddit's Wallstreetbets For Hate Speech As Scrutiny Intensifies,1,1,0,0,1,1,True,True,Solution,solution,solution,"['solution', 'neutral']","['A2Q1YS118AO2BP', 'A376F1W1MTY3J']"
