id,ground_truth,text,status_id,Date,relevant_paula,relevant_fabio,problem_frame_paula,problem_frame_fabio,solution_frame_paula,solution_frame_fabio,ground_truth_fabio,ground_truth_paula,mturk_annotation,WorkerId
frames_tweets_0,problem,"Dear @twitter why is @adv_chandnishah account suspended?
Kindly restore her account 
#BringBackAdvChandniShah",1267780558865657856,2020-06-02,1.0,1.0,1.0,1.0,0.0,0.0,problem,problem,"['neutral', 'problem']","['A2IOT3PCS9G5RK', 'A2Q1YS118AO2BP']"
frames_tweets_1,problem,"Big Tech claims they aren’t biased against Conservatives. 

So why are they suppressing speech to help the Democrats? 

Section 230!",1316545969597505542,2020-10-15,1.0,1.0,1.0,1.0,0.0,0.0,problem,problem,"['problem', 'problem', 'problem', 'neutral']","['A2HM35CWB7IIFM', 'AMWIBULQ4S8K3', 'A2Q1YS118AO2BP', 'A35DS4T8H1MWYD']"
frames_tweets_2,neutral,@Diaa_tweets @Asim70124659 Account suspend ho gy s/o do,1299280975034187777,2020-08-28,1.0,1.0,0.0,0.0,0.0,0.0,neutral,neutral,"['neutral', 'neutral']","['A2IOT3PCS9G5RK', 'AJAPJJTISC36L']"
frames_tweets_3,neutral,Lol. That account got suspended fast. https://t.co/GSwwkX01cA,1273972893781762053,2020-06-19,1.0,1.0,0.0,0.0,0.0,0.0,neutral,neutral,"['problem', 'neutral']","['A2Q1YS118AO2BP', 'A2YYQJ3JWA2KGD']"
frames_tweets_4,solution,This man started an account where he tweets exactly what the president tweets. He just got suspended. https://t.co/KPd9Od1zTE,1268359754360987649,2020-06-04,1.0,1.0,0.0,0.0,1.0,1.0,solution,solution,"['neutral', 'neutral', 'neutral', 'neutral', 'problem', 'problem', 'solution', 'neutral', 'problem', 'problem', 'problem', 'neutral', 'neutral', 'neutral', 'problem', 'neutral', 'neutral', 'neutral', 'neutral', 'solution', 'solution', 'neutral', 'problem', 'problem', 'problem', 'problem', 'neutral', 'neutral', 'neutral', 'problem', 'neutral', 'problem', 'problem', 'problem', 'neutral', 'problem', 'problem', 'problem', 'neutral', 'problem', 'problem', 'problem', 'neutral', 'problem', 'problem', 'neutral', 'neutral', 'neutral', 'problem', 'neutral', 'problem', 'problem', 'neutral', 'problem', 'problem', 'neutral', 'neutral', 'problem', 'neutral', 'problem', 'problem', 'neutral', 'neutral', 'neutral', 'problem', 'neutral']","['A35DS4T8H1MWYD', 'A36SM7QM8OK3H6', 'A2IOT3PCS9G5RK', 'A2W3KKNN3CAY66', 'A2Q1YS118AO2BP', 'A3O81LHBBI8NPK', 'A2Q1YS118AO2BP', 'A356EVHB3TU90R', 'A2HM35CWB7IIFM', 'A2Q1YS118AO2BP', 'A2Q1YS118AO2BP', 'A35DS4T8H1MWYD', 'A2Q1YS118AO2BP', 'A36SM7QM8OK3H6', 'A2Q1YS118AO2BP', 'A3JZS32RQUWGJM', 'A35DS4T8H1MWYD', 'A36SM7QM8OK3H6', 'A2IOT3PCS9G5RK', 'A2Q1YS118AO2BP', 'A2Q1YS118AO2BP', 'A36SM7QM8OK3H6', 'A2Q1YS118AO2BP', 'A3JZS32RQUWGJM', 'A2UCKZZI9KBBCV', 'A2YYQJ3JWA2KGD', 'A2Q1YS118AO2BP', 'A35DS4T8H1MWYD', 'A2IOT3PCS9G5RK', 'A2Q1YS118AO2BP', 'A2Q1YS118AO2BP', 'A3JZS32RQUWGJM', 'A2Q1YS118AO2BP', 'A3GUJ6JD25FX7O', 'A2IOT3PCS9G5RK', 'A2Q1YS118AO2BP', 'A2YYQJ3JWA2KGD', 'A3GUJ6JD25FX7O', 'A2IOT3PCS9G5RK', 'A2Q1YS118AO2BP', 'A2Q1YS118AO2BP', 'A3JZS32RQUWGJM', 'A36SM7QM8OK3H6', 'A3IR7DFEKLLLO', 'A2JPOXYZM5AJZZ', 'A35DS4T8H1MWYD', 'A2IOT3PCS9G5RK', 'A35DS4T8H1MWYD', 'A2Q1YS118AO2BP', 'A36SM7QM8OK3H6', 'A2Q1YS118AO2BP', 'A2UCKZZI9KBBCV', 'A2Q1YS118AO2BP', 'A2UCKZZI9KBBCV', 'A2YYQJ3JWA2KGD', 'A35DS4T8H1MWYD', 'A2IOT3PCS9G5RK', 'A2Q1YS118AO2BP', 'A2IOT3PCS9G5RK', 'A2Q1YS118AO2BP', 'A2Q1YS118AO2BP', 'A36SM7QM8OK3H6', 'A2IOT3PCS9G5RK', 'A35DS4T8H1MWYD', 'A2Q1YS118AO2BP', 'AMWIBULQ4S8K3']"
frames_tweets_5,problem,"Why did @Twitter suspend the account of @TPUSA staffer @ALX

Oh yeah, it’s because he posted a hilarious Biden meme saying he might be compromised by China

This censorship MUST END!

Demand ALX to be reinstated

Tech tyranny!",1251211442726019072,2020-04-17,1.0,1.0,1.0,1.0,0.0,0.0,problem,problem,"['problem', 'problem']","['A2Q1YS118AO2BP', 'A3JZS32RQUWGJM']"
frames_tweets_6,solution,"MAJOR BREAKING NEWS: Twitter Temporarily Blocks Trump's Campaign Account From Tweeting for First Time Ever, Signaling It Will No Longer Permit Team Trump to Post COVID-19 Misinformation; Company Demands Removal of Offending Tweet https://t.co/xXwDe8xQS8",1291298758282575873,2020-08-06,1.0,1.0,0.0,0.0,1.0,1.0,solution,solution,"['problem', 'solution', 'problem', 'neutral']","['A2Q1YS118AO2BP', 'A2UCKZZI9KBBCV', 'A2Q1YS118AO2BP', 'A3JZS32RQUWGJM']"
frames_tweets_7,problem,"YouTube's policies are a mess and Amazon is unethical at best. 

If you need a new place to find content and support its creators, then it's time to check out @LBRYio 

My latest for @blocksdecoded 

https://t.co/Y2hYHVGaZy",1225438643722080257,2020-02-06,1.0,1.0,1.0,1.0,0.0,0.0,problem,problem,"['neutral', 'problem']","['A2Q1YS118AO2BP', 'A2YYQJ3JWA2KGD']"
frames_tweets_8,neutral,"@Twitter hey, my fiancé @StevenMcinerney has a ghost ban on his account for some reason. Can you please help him - he's a freelancer and relies on your site to get his content out and be part of his industry",1241659853896069121,2020-03-22,1.0,1.0,0.0,0.0,0.0,0.0,neutral,neutral,"['solution', 'problem']","['A2Q1YS118AO2BP', 'A376F1W1MTY3J']"
frames_tweets_9,solution,"A Twitter account that tweeted a call to violence and claimed to be representing the position of ""Antifa"" was in fact created by a known white supremacist group, Twitter said. The company removed the account. https://t.co/NEBAPVDhjX",1267975348043436033,2020-06-03,1.0,1.0,0.0,0.0,1.0,1.0,solution,solution,"['problem', 'solution', 'neutral', 'solution', 'problem', 'neutral', 'solution', 'solution']","['A2Q1YS118AO2BP', 'A3JZS32RQUWGJM', 'A2Q1YS118AO2BP', 'A376F1W1MTY3J', 'A2Q1YS118AO2BP', 'A35DS4T8H1MWYD', 'A2Q1YS118AO2BP', 'A376F1W1MTY3J']"
frames_tweets_10,solution,"okay so there is an account sharing triggering videos under a 🐰 edit so be careful. I’m going to link the account in the next tweet, if you are easily triggered please don’t look at the account. block and report right away and don’t engage at all 🌱",1292622597436276736,2020-08-10,1.0,1.0,0.0,0.0,1.0,1.0,solution,solution,"['solution', 'solution', 'problem', 'solution']","['A2YYQJ3JWA2KGD', 'A36SM7QM8OK3H6', 'A2Q1YS118AO2BP', 'A36SM7QM8OK3H6']"
frames_tweets_11,solution,"‼️MASS REPORT AND BLOCK‼️
❌ENGAGE❌

We need your help to report this account on instagram that posting a horrible posts about b*ts. 

Please report under bullying and harassment. 

https://t.co/1Tgu4dEdLh

https://t.co/1Tgu4dEdLh https://t.co/ZAr9UnDan0",1295036482487373824,2020-08-16,1.0,1.0,0.0,0.0,1.0,1.0,solution,solution,"['solution', 'solution']","['A2Q1YS118AO2BP', 'AJAPJJTISC36L']"
frames_tweets_12,problem,"OMG! 

Twitter just removed 500 followers from my account just now... I guess cuz I’m a young black conservative. 

RT this so whoever they randomly removed can find me &amp; follow again.

Ugh... this censorship is insane!",1302131467443732481,2020-09-05,1.0,1.0,1.0,1.0,0.0,0.0,problem,problem,"['problem', 'problem', 'problem', 'solution']","['A2HM35CWB7IIFM', 'A2Q1YS118AO2BP', 'A2HM35CWB7IIFM', 'A2Q1YS118AO2BP']"
frames_tweets_13,problem,"This morning, another 200 followers were removed from my Twitter account in about 20 seconds.

I’m going to ask you one more time if you could retweet this post so that people who were removed can find the page again.

Please follow and retweet.

Facts and science first.",1286668660149571587,2020-07-24,1.0,1.0,1.0,1.0,0.0,0.0,problem,problem,"['problem', 'problem', 'problem', 'problem', 'neutral', 'problem', 'solution', 'problem', 'problem', 'problem']","['A36SM7QM8OK3H6', 'A3GUJ6JD25FX7O', 'A2Q1YS118AO2BP', 'A35DS4T8H1MWYD', 'A2IOT3PCS9G5RK', 'A3JZS32RQUWGJM', 'A2Q1YS118AO2BP', 'A2YYQJ3JWA2KGD', 'A2Q1YS118AO2BP', 'AJAPJJTISC36L']"
frames_tweets_14,solution,"Since first publishing our post, we have seen significant changes to 3 platforms’ election-related policies: Facebook, Twitter, and Pinterest. Their updates reflect a growing change in addressing content that delegitimizes election results. https://t.co/EqqY8lH9VG",1304835063486361600,2020-09-12,1.0,1.0,0.0,0.0,1.0,1.0,solution,solution,"['problem', 'neutral']","['A2Q1YS118AO2BP', 'AJAPJJTISC36L']"
frames_tweets_15,neutral,"@adamugarba @jack The question is if Jack decides to suspend ur account... How will u get to him ???😂😂🤣
Omo Kevin Hart sef no funny like dis🤣🤣",1318558924019216390,2020-10-20,1.0,1.0,0.0,0.0,0.0,0.0,neutral,neutral,"['problem', 'neutral']","['A2Q1YS118AO2BP', 'A2YYQJ3JWA2KGD']"
frames_tweets_16,neutral,DEPARTMENT OF JUSTICE’S REVIEW OF SECTION 230 OF THE COMMUNICATIONS DECENCY ACT OF 1996 https://t.co/Y2O2zbb5AO,1318197642300690437,2020-10-19,1.0,1.0,0.0,0.0,0.0,0.0,neutral,neutral,"['neutral', 'neutral']","['A376F1W1MTY3J', 'AMWIBULQ4S8K3']"
frames_tweets_17,problem,"Dear @Jack &amp; @Twitter 
The Twitter account of our friend @NangyaliPashto4  is getting suspended again and again for some unproven reasons. Kindly restore his account and check this specific case thoroughly. Thanks
#RestoreInternetInJanikhel",1232003674496524299,2020-02-24,1.0,1.0,1.0,1.0,0.0,0.0,problem,problem,"['problem', 'neutral']","['A2YYQJ3JWA2KGD', 'A35DS4T8H1MWYD']"
frames_tweets_18,neutral,@asymmetricinfo @Popehat It kind of does. Section 230 is basically the free speech clause of the Internet. I’m really quite astonished that you’re this ignorant about this subject.,1281038795148836866,2020-07-09,1.0,1.0,0.0,0.0,0.0,0.0,neutral,neutral,"['neutral', 'problem']","['A2JPOXYZM5AJZZ', 'A36SM7QM8OK3H6']"
frames_tweets_19,solution,"Facebook continues to rely on others to police its networks, just now for Coronavirus scams
https://t.co/6Tn0UQZNj7

#likewar book lesson. They remain reactive vs proactive",1245382917435674630,2020-04-01,1.0,1.0,0.0,0.0,1.0,1.0,solution,solution,"['solution', 'solution']","['A2Q1YS118AO2BP', 'A36SM7QM8OK3H6']"
frames_tweets_20,solution,"‼️⚠️

report another account sexualising the girls. just the bio itself is disgusting. please report and block. 
https://t.co/4gQLIw75Md https://t.co/jT8MdMV0eQ",1295731413895925760,2020-08-18,1.0,1.0,0.0,0.0,1.0,1.0,solution,solution,"['solution', 'neutral']","['A376F1W1MTY3J', 'A3JZS32RQUWGJM']"
frames_tweets_21,solution,I saw it because when i logged in here i saw yall fired up so i searched and ended up seeing that. I reported the account already and i think it is already suspended,1247708027295272960,2020-04-08,1.0,1.0,0.0,0.0,1.0,1.0,solution,solution,"['problem', 'neutral']","['A2Q1YS118AO2BP', 'A35DS4T8H1MWYD']"
frames_tweets_22,neutral,"@HYOYEON_Updates @HYupdates Btw if you don’t want to get suspended again, you should create an account just for videos and then repost the videos in your main acc, so that if twitter suspends an acc, it will be the other account and not your main one",1258469331891036160,2020-05-07,1.0,1.0,0.0,0.0,0.0,0.0,neutral,neutral,"['solution', 'problem']","['A2Q1YS118AO2BP', 'A36SM7QM8OK3H6']"
frames_tweets_23,solution,"Look! Someone posted this on Weverse, he's holding a pistol with a caption 'Goodnight V'. This is a death threat against a BTS member. Some ARMYs are seeking for assistant from BigHit Entertainment and Weverse to ban the 2nd Weverse account in the photos below pls protect V https://t.co/EVZhyxjbRR",1295318170308415488,2020-08-17,1.0,1.0,0.0,0.0,1.0,1.0,solution,solution,"['solution', 'solution']","['A2HM35CWB7IIFM', 'A36SM7QM8OK3H6']"
frames_tweets_24,neutral,"Today at noon @yaleisp: What 230 Meant for Telecom and Agencies

Tejas Narechania, @tnarecha 
Blake Reid, @BlakeReid3 
Olivier Sylvain, @oliviersylvain 
- Moderated by Kate Klonick, @Klonick 

Zoom: https://t.co/tiT2fRvcj7

Our entire weeklong series: https://t.co/DCTVTvIoaI",1275441556791521280,2020-06-23,1.0,1.0,0.0,0.0,0.0,0.0,neutral,neutral,"['neutral', 'neutral']","['A36SM7QM8OK3H6', 'AMWIBULQ4S8K3']"
frames_tweets_25,problem,"The corporate censorship of independent media outlets is escalating rapidly. After suspending dozens of Iranian and Venezuelan accounts, Twitter now suspended @ZeroHedge, one of the largest alternative news websites. The account had 670,000 followers and was active for 10 years",1223702136644653056,2020-02-01,1.0,1.0,1.0,1.0,0.0,0.0,problem,problem,"['solution', 'problem', 'solution', 'problem']","['A2Q1YS118AO2BP', 'A36SM7QM8OK3H6', 'A2Q1YS118AO2BP', 'A36SM7QM8OK3H6']"
frames_tweets_26,problem,"can you believe this? @elderofziyon account one of the best and fairest Israel advocates on social media has been suspended. is any more proof needed that @twitter is in the hands of extremist anti-Israel plo supporters? reinstate the account @twittersupport @jack 

#USA #Israel https://t.co/YRGdT38aML",1278716765212680192,2020-07-02,1.0,1.0,1.0,1.0,0.0,0.0,problem,problem,"['problem', 'problem']","['A2UCKZZI9KBBCV', 'A35DS4T8H1MWYD']"
frames_tweets_27,solution,@dayummmzz @FreddieArthur2 @yinpasiya_x @_hasheem @asaree__ @Adobssss__ @jeffwellz @coljr_xx @kwakzzzz @durowaa_ap @JeSuisDAMN__ This account is suspended because it violates twitter policies,1233072911805812736,2020-02-27,1.0,1.0,0.0,0.0,1.0,1.0,solution,solution,"['neutral', 'solution']","['A2IOT3PCS9G5RK', 'A376F1W1MTY3J']"
frames_tweets_28,problem,"Big Tech’s competitive advantage allows them to control — and even censor — free expression.

It’s time to repeal Section 230 once and for all. https://t.co/Fb5GouL0D2",1288551994584494080,2020-07-29,1.0,1.0,1.0,1.0,0.0,0.0,problem,problem,"['problem', 'neutral', 'solution', 'problem']","['A22KRF782ELLB0', 'A2Q1YS118AO2BP', 'A2Q1YS118AO2BP', 'AMWIBULQ4S8K3']"
frames_tweets_29,solution,"#Twitter identified &amp; suspended 70 accounts posting pro-#Bloomberg content that violated 'rules against platform manipulation and spam'

https://t.co/bLgGR9beGG https://t.co/hgU4TZ4e8i",1231524699764658177,2020-02-23,1.0,1.0,0.0,0.0,1.0,1.0,solution,solution,"['problem', 'solution']","['A2Q1YS118AO2BP', 'AJAPJJTISC36L']"
frames_tweets_30,solution,"Hate monger Aakar Patel's account witheld because he was trying to incite riots.

Twitter didn't suspend his account for such hate tweets, just restricted in India. https://t.co/roSTockfgb",1271174236183252993,2020-06-11,1.0,1.0,0.0,0.0,1.0,1.0,solution,solution,"['problem', 'problem']","['A2Q1YS118AO2BP', 'AMWIBULQ4S8K3']"
frames_tweets_31,solution,"We suspended five Twitter accounts for platform manipulation that we can reliably attribute to Russian state actors. As standard, they will be included in updates to our database of information operations in the coming weeks to empower academic research. https://t.co/9RqOiDNB7d",1300855497764069382,2020-09-01,1.0,1.0,0.0,0.0,1.0,1.0,solution,solution,"['problem', 'solution']","['A2Q1YS118AO2BP', 'A36SM7QM8OK3H6']"
frames_tweets_32,solution,"FYI: @Twitter suspends accounts defending Philippine government response to the pandemic

The accounts were found to be in violation of Twitter’s platform manipulation and spam policies, the social media site told The Washington Post in an email. 

https://t.co/u4I36sieuu https://t.co/5UeJRYiZO7",1248219264877654016,2020-04-09,1.0,1.0,0.0,0.0,1.0,1.0,solution,solution,"['neutral', 'problem', 'neutral', 'solution', 'problem', 'solution', 'problem', 'neutral']","['A2HM35CWB7IIFM', 'A2Q1YS118AO2BP', 'A2FCGEU5RTEWG8', 'AJAPJJTISC36L', 'A2Q1YS118AO2BP', 'A36SM7QM8OK3H6', 'A2Q1YS118AO2BP', 'A35DS4T8H1MWYD']"
frames_tweets_33,neutral,YouTube: Demand The Stauffers  remove all monetized content ft. Huxley from their YouTube channel. - Assine a petição! https://t.co/OUuBtxSnKQ via @change_br,1267584450315124737,2020-06-01,1.0,1.0,0.0,0.0,0.0,0.0,neutral,neutral,"['problem', 'problem']","['A2Q1YS118AO2BP', 'A3O81LHBBI8NPK']"
frames_tweets_34,problem,@LisaHagan7 Mine was suspended too just made a new account and continue on. Not our fault they can’t grip the truth,1317841431780675585,2020-10-18,1.0,1.0,1.0,1.0,0.0,0.0,problem,problem,"['problem', 'problem']","['A2Q1YS118AO2BP', 'A2YYQJ3JWA2KGD']"
frames_tweets_35,solution,"‼ H10s Vdans Jjallangdans ‼

❌ENGAGE❌
⭕Report tweet⭕
⭕Block user⭕

⚠️Implying death wish is a sick behaviour. KINDLY REPORT WITHOUT ENGAGING WITH THE CLOUT CHASER⚠️  

@/seokitrash (https://t.co/WqwcP0rsTz) https://t.co/ZuJvKUb8Os",1219243815111782400,2020-01-20,1.0,1.0,0.0,0.0,1.0,1.0,solution,solution,"['problem', 'solution']","['A2Q1YS118AO2BP', 'A3GUJ6JD25FX7O']"
frames_tweets_36,problem,Marsha Blackburn: We Are Looking at Antitrust Laws and Section 230 on Tech Censorship https://t.co/lsOWzD0Yri,1273816794487296001,2020-06-19,1.0,1.0,1.0,1.0,0.0,0.0,problem,problem,"['neutral', 'neutral']","['A2Q1YS118AO2BP', 'A36SM7QM8OK3H6']"
frames_tweets_37,problem,"Twitter is trying to suspend my account, I’m a cat o, If this account goes, I’ll open 8 more 🤪",1315069352983629826,2020-10-10,1.0,1.0,1.0,1.0,0.0,0.0,problem,problem,"['problem', 'problem']","['A2Q1YS118AO2BP', 'A2YYQJ3JWA2KGD']"
frames_tweets_38,neutral,Hindustani Bhau's account was suspended. So Amaal Mallik and Bhai fans are working overtime to maintain the balance of gaalis in the universe.,1297891689789440000,2020-08-24,1.0,1.0,0.0,0.0,0.0,0.0,neutral,neutral,"['problem', 'neutral', 'problem', 'neutral']","['A2Q1YS118AO2BP', 'A3GUJ6JD25FX7O', 'A2Q1YS118AO2BP', 'AMWIBULQ4S8K3']"
frames_tweets_39,problem,Twitter already suspended the account that posted this. I’m not sure why? Let’s guess...  https://t.co/WPXT5PRW08,1313931213162250240,2020-10-07,1.0,1.0,1.0,1.0,0.0,0.0,problem,problem,"['problem', 'neutral', 'problem', 'neutral', 'problem', 'problem', 'neutral', 'problem']","['A2YYQJ3JWA2KGD', 'A35DS4T8H1MWYD', 'A2Q1YS118AO2BP', 'AMWIBULQ4S8K3', 'A2Q1YS118AO2BP', 'A376F1W1MTY3J', 'A2IOT3PCS9G5RK', 'A2Q1YS118AO2BP']"
frames_tweets_40,problem,"""A move to fully automated moderation has long been the nightmare of many human rights and free expression organizations"" @ubiquity75 on #contentmoderation and why we can't allow the current temporary measures to become permanent. https://t.co/fr6mTZvlS6",1247994905768742919,2020-04-08,1.0,1.0,1.0,1.0,0.0,0.0,problem,problem,"['problem', 'problem']","['A2Q1YS118AO2BP', 'A2YYQJ3JWA2KGD']"
frames_tweets_41,solution,"First, please do report and block this account.

It is specifically targeting CHEN by spreading malicious petitions and gathering people to serve the same ill purpose.

PLEASE DO NOT ENGAGE. Go straight to reporting and blocking.

#SM_PROTECT_EXO9
#EXO #엑소 @weareoneEXO https://t.co/PQ9JEXc2U3",1218188990962003970,2020-01-17,1.0,1.0,0.0,0.0,1.0,1.0,solution,solution,"['problem', 'neutral', 'problem', 'neutral']","['A2Q1YS118AO2BP', 'A35DS4T8H1MWYD', 'A2JPOXYZM5AJZZ', 'AMWIBULQ4S8K3']"
frames_tweets_42,neutral,Hindustani Bhau’s Instagram account has been removed. Waiting for RW to boycott Instagram and SC to gives nod for CBI probe. 😸✌️,1296410127466209286,2020-08-20,1.0,1.0,0.0,0.0,0.0,0.0,neutral,neutral,"['neutral', 'solution']","['A2IOT3PCS9G5RK', 'A2YYQJ3JWA2KGD']"
frames_tweets_43,solution,"Hello, @TwitterSupport, this was posted hours ago, and I see it’s still up and the guy still hasn’t had his account suspended. You protecting paedophiles now? It’s also had over 48K votes for crying out loud https://t.co/nIWEWbAuot",1212460573658636293,2020-01-01,1.0,1.0,0.0,0.0,1.0,1.0,solution,solution,"['problem', 'solution']","['A2Q1YS118AO2BP', 'A36SM7QM8OK3H6']"
frames_tweets_44,neutral,Katie Hopkins’ Twitter account suspended | The Independent https://t.co/GslyDQmUJ8,1224060468781817857,2020-02-02,1.0,1.0,0.0,0.0,0.0,0.0,neutral,neutral,"['problem', 'neutral']","['A2Q1YS118AO2BP', 'A36SM7QM8OK3H6']"
frames_tweets_45,solution,I will block and report your account if you do this shit https://t.co/jWYcVtkew1,1227090841623302144,2020-02-11,1.0,1.0,0.0,0.0,1.0,1.0,solution,solution,"['problem', 'solution', 'solution', 'neutral', 'neutral', 'problem', 'solution', 'neutral']","['A2Q1YS118AO2BP', 'A2YYQJ3JWA2KGD', 'A2YYQJ3JWA2KGD', 'A35DS4T8H1MWYD', 'A2IOT3PCS9G5RK', 'A2Q1YS118AO2BP', 'A36SM7QM8OK3H6', 'A3JZS32RQUWGJM']"
frames_tweets_46,solution,@JuneEscalante They are running scams and are playing the numbers game. They don't read your bios or look at photos... Just block them and report as fake account.,1286408405918158848,2020-07-23,1.0,1.0,0.0,0.0,1.0,1.0,solution,solution,"['neutral', 'problem']","['A2Q1YS118AO2BP', 'A3JZS32RQUWGJM']"
frames_tweets_47,solution,Prime  Minister @ImranKhanPTI writes to CEO @Facebook Mark Zuckerberg asking for ban on Islamophobic content on Facebook.  https://t.co/LnryIQk3et,1320749691517181955,2020-10-26,1.0,1.0,0.0,0.0,1.0,1.0,solution,solution,"['solution', 'solution']","['A36SM7QM8OK3H6', 'A376F1W1MTY3J']"
frames_tweets_48,solution,"SSNG ! outing , depression //

guys theyve changed their user to @/xuxibehappy currently. the type of information theyre trying to out is utterly DISGUSTING, block and report them. https://t.co/a52YWHsuv5 https://t.co/uwJqHKxFmF",1299102638118768644,2020-08-27,1.0,1.0,0.0,0.0,1.0,1.0,solution,solution,"['problem', 'neutral']","['A2Q1YS118AO2BP', 'AMWIBULQ4S8K3']"
frames_tweets_49,solution,@RaoAmina Your prophet is dead and dosen't have a Twitter account. Your account should be suspended for false reporting and targeted harrassment.,1212494489782226944,2020-01-01,1.0,1.0,0.0,0.0,1.0,1.0,solution,solution,"['problem', 'solution']","['A2Q1YS118AO2BP', 'A2YYQJ3JWA2KGD']"
frames_tweets_50,solution,"If you are a follower of mine, and have in any way contributed to, or supported racist content (including downplaying or denying its severity) I will immediately block and report you. Non-negotiable, zero tolerance policy over here at House Sheridan.

https://t.co/3R4WbJqNLW",1276240206509768705,2020-06-25,1.0,1.0,0.0,0.0,1.0,1.0,solution,solution,"['solution', 'problem']","['A2HM35CWB7IIFM', 'A2Q1YS118AO2BP']"
frames_tweets_51,problem,@TwitterSupport hello user @TREASUREGLOBAL_ was wrongfully suspended. Please fix this,1320594400569774080,2020-10-26,1.0,1.0,1.0,1.0,0.0,0.0,problem,problem,"['solution', 'neutral']","['A2Q1YS118AO2BP', 'A35DS4T8H1MWYD']"
frames_tweets_52,problem,Nicki been following me since 2013 😭😭 I lost her follow in February 2020 when my account got suspended for draggin some black activists that was talking sh*t cuz he was mad bout the Rosa parks bar 🙄,1259898963467132928,2020-05-11,1.0,1.0,1.0,1.0,0.0,0.0,problem,problem,"['problem', 'problem']","['A2Q1YS118AO2BP', 'A36SM7QM8OK3H6']"
frames_tweets_53,problem,"@AKA_AgustD_0 @Twitter @TwitterSupport @SugaChartData @SugaGlobal @fundsforsuga Hello, @Twitter &amp; @TwitterSupport 
We noticed that @SugaChartData and @SugaGlobal @fundsforsuga has been restricted. They have never violated any Twitter rules. They are just an update fan account about SUGA of BTS and they are useful to the community. Please remove restriction.",1291014947841937408,2020-08-05,1.0,1.0,1.0,1.0,0.0,0.0,problem,problem,"['problem', 'neutral']","['A2Q1YS118AO2BP', 'A35DS4T8H1MWYD']"
frames_tweets_54,neutral,"please retweet to find mutuals! 

main account got suspended.. (@L3V77) https://t.co/FCzLJGv4uD",1291569944635768837,2020-08-07,1.0,1.0,0.0,0.0,0.0,0.0,neutral,neutral,"['neutral', 'problem']","['A2IOT3PCS9G5RK', 'A2Q1YS118AO2BP']"
frames_tweets_55,problem,@dbongino One of those Elites that are in for the Democrats... This cries to reform if not remove SECTION 230... and have them know  silencing individuals or companies improperly... those actions have consequences. We need TRUMP 2020 and keep the senate as it is... VOTE,1321886945547530241,2020-10-29,1.0,1.0,1.0,1.0,0.0,0.0,problem,problem,"['problem', 'neutral']","['A2Q1YS118AO2BP', 'AMWIBULQ4S8K3']"
frames_tweets_56,solution,Rudy Giuliani’s Twitter Account Suspended For Spreading False Information About Coronavirus - https://t.co/W97cV7Ommn,1244801410895470594,2020-03-31,1.0,1.0,0.0,0.0,1.0,1.0,solution,solution,"['neutral', 'problem']","['A2FCGEU5RTEWG8', 'A2Q1YS118AO2BP']"
frames_tweets_57,neutral,What is with these accounts that keep tagging me ALL DAY and I go to block them and it says they are suspended. How are they tweeting then??????????????? https://t.co/keAd9pwcv6,1255002588849803265,2020-04-28,1.0,1.0,0.0,0.0,0.0,0.0,neutral,neutral,"['neutral', 'neutral']","['A35DS4T8H1MWYD', 'AJAPJJTISC36L']"
frames_tweets_58,neutral,My main account got suspended so retweet to help me find my mutuals https://t.co/fDCOnuqQqf,1218777663340412929,2020-01-19,1.0,1.0,0.0,0.0,0.0,0.0,neutral,neutral,"['neutral', 'problem']","['A2IOT3PCS9G5RK', 'A2Q1YS118AO2BP']"
frames_tweets_59,neutral,"CEO Mark Zuckerberg told Facebook employees on Friday that the social network will review how it handles some of the most incendiary posts on its platform, including those by President Trump.
https://t.co/69TrC2IDZx",1269146709504012289,2020-06-06,1.0,1.0,0.0,0.0,0.0,0.0,neutral,neutral,"['solution', 'neutral']","['A2Q1YS118AO2BP', 'A35DS4T8H1MWYD']"
frames_tweets_60,neutral,"Section 230 must go! 

@Twitter",1318055934472540160,2020-10-19,1.0,1.0,0.0,0.0,0.0,0.0,neutral,neutral,"['neutral', 'problem']","['A2JPOXYZM5AJZZ', 'A2UCKZZI9KBBCV']"
frames_tweets_61,problem,"To be very clear: A former longtime Democratic staffer, now working at @Facebook, is boasting about censoring a reported @nypost story damaging to the Democratic candidate for president.

Section 230 reform — now. https://t.co/jCaRY4GOGV",1316546847486275584,2020-10-15,1.0,1.0,1.0,1.0,0.0,0.0,problem,problem,"['problem', 'problem']","['A2YYQJ3JWA2KGD', 'A376F1W1MTY3J']"
frames_tweets_62,solution,"Facebook chose not to act on militia complaints before Kenosha shooting

""Multiple users reported the account for inciting violence, but were told it did not violate platform policy""
https://t.co/aSjsD6cGfN",1298796400499666945,2020-08-27,1.0,1.0,0.0,0.0,1.0,1.0,solution,solution,"['problem', 'problem']","['A2IOT3PCS9G5RK', 'A376F1W1MTY3J']"
frames_tweets_63,problem,"""Wood, who previously won multi-million dollar payouts for clients Richard Jewell and Nick Sandmann, threatened to “take Jack Dorsey’s a** down” following the act of censorship.""
 No one to mention Ann has been banned either https://t.co/uvBPbmhFh7",1301939130390249475,2020-09-04,1.0,1.0,1.0,1.0,0.0,0.0,problem,problem,"['problem', 'problem']","['A2JPOXYZM5AJZZ', 'A2Q1YS118AO2BP']"
frames_tweets_64,solution,"FAKE ACCOUNT 
👇🏽👇🏽Report This Account
@Codeofevets
Trying to steal from veterans! This infuriates me! Please report! Also, they blocked me😡That will not work. This platform is not mine its for 200k veterans! Lets take it out! https://t.co/kEmzmKS2x6",1223233737405714433,2020-01-31,1.0,1.0,0.0,0.0,1.0,1.0,solution,solution,"['problem', 'problem']","['A2JPOXYZM5AJZZ', 'A2Q1YS118AO2BP']"
frames_tweets_65,solution,"Good decision by @PTAofficialpk TIKTOK is unbanned but new rules of taking action/arresting tiktokers posting immoral  cringe content are launched, anyone posting immoral content will be taken down, all credit goes to @PTAofficialpk, Noone else should try take credit for unban",1318145083787612167,2020-10-19,1.0,1.0,0.0,0.0,1.0,1.0,solution,solution,"['problem', 'neutral']","['A2Q1YS118AO2BP', 'A35DS4T8H1MWYD']"
frames_tweets_66,solution,"@chrisrs19 @ChrisCorney1 @ChrisS144 @StewartLewis2 @AIDANTURNER4 @lewis_goodall Ahh, I see you have a 4yr old 2nd acount with just 4 followers &amp; 63 tweets too, Chris...
Thanks for confirming you are just a nasty little #Troll account. Easy to Block &amp; Report you.",1299068281584848896,2020-08-27,1.0,1.0,0.0,0.0,1.0,1.0,solution,solution,"['problem', 'neutral']","['A2Q1YS118AO2BP', 'AMWIBULQ4S8K3']"
frames_tweets_67,problem,"Hello @Twitter @TwitterSupport 
I've been following @TEAM_MOCHI_    and I saw this account got suspended for no reason. The owner of this account never violated any of Twitter rules. Please bring back their account soon. Thank you",1212315511599456256,2020-01-01,1.0,1.0,1.0,1.0,0.0,0.0,problem,problem,"['neutral', 'problem', 'problem', 'problem']","['A2Q1YS118AO2BP', 'AMWIBULQ4S8K3', 'A2YYQJ3JWA2KGD', 'AMWIBULQ4S8K3']"
frames_tweets_68,solution,"#RangoliChandel's twitter account was suspended by the social media platform for violation of rules, after being reported by a number of people. 

https://t.co/gizBDOA7KZ",1250741190258913281,2020-04-16,1.0,1.0,0.0,0.0,1.0,1.0,solution,solution,"['neutral', 'problem']","['A2IOT3PCS9G5RK', 'A2JPOXYZM5AJZZ']"
frames_tweets_69,solution,Twitter has restricted a tweet from Rep. Matt Gaetz for violating its policies against glorifying violence. https://t.co/q9NbOjqf3Z,1267861184428027907,2020-06-02,1.0,1.0,0.0,0.0,1.0,1.0,solution,solution,"['problem', 'neutral', 'neutral', 'problem']","['A2Q1YS118AO2BP', 'A2YYQJ3JWA2KGD', 'A22KRF782ELLB0', 'A2Q1YS118AO2BP']"
frames_tweets_70,solution,@RanaAyyub Why doesn't twitter suspend the account of hate mongers like you ? #JustAsking @Twitter @TwitterIndia,1250691577053208576,2020-04-16,1.0,1.0,0.0,0.0,1.0,1.0,solution,solution,"['problem', 'solution']","['A2Q1YS118AO2BP', 'A36SM7QM8OK3H6']"
frames_tweets_71,solution,@tripdick3 @ohhistevie @74sessions @shaun_vids Just wanted to say that in the middle of you two discussing this I got a notification saying a racist troll account I reported got banned.  Carry on.,1231742968387686400,2020-02-24,1.0,1.0,0.0,0.0,1.0,1.0,solution,solution,"['solution', 'problem']","['A2Q1YS118AO2BP', 'A2YYQJ3JWA2KGD']"
frames_tweets_72,neutral,"Big Tech can no longer hide behind safe harbor protections.
 
It’s time to roll back Section 230. https://t.co/12Xukdsspm",1288492697645350917,2020-07-29,1.0,1.0,0.0,0.0,0.0,0.0,neutral,neutral,"['neutral', 'problem']","['A2YYQJ3JWA2KGD', 'A36SM7QM8OK3H6']"
frames_tweets_73,neutral,"Twitch suspends Donald #Trump's account as #Reddit bans his supporters community

https://t.co/Z96b6lANcU https://t.co/37XXDkUFSr",1277810311605530624,2020-06-30,1.0,1.0,0.0,0.0,0.0,0.0,neutral,neutral,"['problem', 'neutral']","['A2Q1YS118AO2BP', 'AJAPJJTISC36L']"
frames_tweets_74,solution,"Dear @Twitter @TwitterIndia

Pls suspend the account of @BabitaPhogat
She is full of hate

#SuspendBabitaPhogat https://t.co/NwWzxXnSYT",1250962878414286849,2020-04-17,1.0,1.0,0.0,0.0,1.0,1.0,solution,solution,"['neutral', 'problem']","['A1IFIK8J49WBER', 'A2Q1YS118AO2BP']"
frames_tweets_75,solution,@slpng_giants_oz @D_Melissa2 @LucyTurnbull_AO @alexbhturnbull @BelindaJones68 @MadFckingWitch @MikeCarlton01 @JaneCaro @AlexDevantier @TwitterSupport I report this account everytime i see it. @jack @TwitterSupport why are fake accounts pretending to be others never removed?  Please do better.,1271626231931265024,2020-06-13,1.0,1.0,0.0,0.0,1.0,1.0,solution,solution,"['solution', 'problem']","['A2Q1YS118AO2BP', 'AMWIBULQ4S8K3']"
frames_tweets_76,problem,"@itwasntTaehyung Because i miss you

Also because the main reason I held back was because I was scared of being suspended for inappropriate content soooo",1295562717303123968,2020-08-18,1.0,1.0,1.0,1.0,0.0,0.0,problem,problem,"['neutral', 'problem']","['A2IOT3PCS9G5RK', 'A2Q1YS118AO2BP']"
frames_tweets_77,solution,So @instagram why hasn’t the account Core Issues Trust been removed even though it’s been reported by numerous people SEVERAL times? 🤔 https://t.co/30GMU03if0,1281681288311836677,2020-07-10,1.0,1.0,0.0,0.0,1.0,1.0,solution,solution,"['problem', 'solution']","['A2Q1YS118AO2BP', 'A2YYQJ3JWA2KGD']"
frames_tweets_78,problem,"Twitter accounts are suspended and closed for no reason and not responding to a request or even adherence. 
The code is sold to us to open the restricted account!?It will be authenticated by email and phone number.Has the Twitter program proven its failure.
@jack 
@TwitterSupport",1299974190578237440,2020-08-30,1.0,1.0,1.0,1.0,0.0,0.0,problem,problem,"['problem', 'solution']","['A2IOT3PCS9G5RK', 'A2Q1YS118AO2BP']"
frames_tweets_79,problem,trying to find the balance between not violating community guidelines when dancing and also being able to fully express myself unapologetically on YouTube is such pain in the ass. Hmm.,1304670342967824384,2020-09-12,1.0,1.0,1.0,1.0,0.0,0.0,problem,problem,"['solution', 'problem']","['A2Q1YS118AO2BP', 'A2YYQJ3JWA2KGD']"
frames_tweets_80,solution,Former Ku Klux Klan leader David Duke has been banned from Twitter for breaking the social media platform's site's rules https://t.co/EvheHDjA1h,1289242398476972032,2020-07-31,1.0,1.0,0.0,0.0,1.0,1.0,solution,solution,"['solution', 'neutral']","['A36SM7QM8OK3H6', 'AMWIBULQ4S8K3']"
frames_tweets_81,solution,"Katie Hopkins
@KTHopkins
Account suspended
Twitter suspends accounts which violate the Twitter https://t.co/JcFTEcSWDA Hatie Hopkins has her blue tick removed by twitter. 
Suggestions for other things she should have removed?",1274004877740584961,2020-06-19,1.0,1.0,0.0,0.0,1.0,1.0,solution,solution,"['problem', 'neutral']","['A2Q1YS118AO2BP', 'A35DS4T8H1MWYD']"
frames_tweets_82,neutral,"this is denise, a korean-american idol from the group secret number, they debuted 14-15 days ago. denise posted about blm on her instagram story, and now has had her account deactivated, her recent selfie deleted frol the group ig, and had her soundcloud taken down.
+ https://t.co/wje1NEToXg",1267797477148766208,2020-06-02,1.0,1.0,0.0,0.0,0.0,0.0,neutral,neutral,"['solution', 'problem', 'solution', 'problem']","['A2Q1YS118AO2BP', 'A36SM7QM8OK3H6', 'A2Q1YS118AO2BP', 'A36SM7QM8OK3H6']"
frames_tweets_83,problem,"@TX_WalkerRanger 👍 my main account got suspended and now i operate a secondary account to always be available. Never to be silenced. Never to be controlled.
#Patriots",1315309502342651904,2020-10-11,1.0,1.0,1.0,1.0,0.0,0.0,problem,problem,"['problem', 'problem']","['A2HM35CWB7IIFM', 'A2Q1YS118AO2BP']"
frames_tweets_84,problem,Why did Twitter suspend my account 😭😭😭😭😭😭 https://t.co/RByiAiz5BC,1236861924236804099,2020-03-09,1.0,1.0,1.0,1.0,0.0,0.0,problem,problem,"['neutral', 'neutral']","['A2IOT3PCS9G5RK', 'A2Q1YS118AO2BP']"
frames_tweets_85,solution,"After a report showed a surge in misinformation targeting Indian Muslims regarding COVID-19 on TikTok, the government has asked the social media platform to remove users sharing such mis/disinformation as well as the content itself.

https://t.co/kTXmG3IS9s",1248195673771528194,2020-04-09,1.0,1.0,0.0,0.0,1.0,1.0,solution,solution,"['neutral', 'neutral']","['A35DS4T8H1MWYD', 'AMWIBULQ4S8K3']"
frames_tweets_86,problem,Has @twitter ever suspended an leftist account or do they just do that to conservatives like Charlie Kirk?,1318271769275486208,2020-10-19,1.0,1.0,1.0,1.0,0.0,0.0,problem,problem,"['problem', 'neutral', 'problem', 'problem', 'neutral', 'problem']","['A2Q1YS118AO2BP', 'A35DS4T8H1MWYD', 'A2Q1YS118AO2BP', 'A36SM7QM8OK3H6', 'A2Q1YS118AO2BP', 'A36SM7QM8OK3H6']"
frames_tweets_87,solution,@charismaticsuga Oooo.. ik blocked and reported that account spreading hates😑,1284752153056210945,2020-07-19,1.0,1.0,0.0,0.0,1.0,1.0,solution,solution,"['problem', 'neutral']","['A2Q1YS118AO2BP', 'A35DS4T8H1MWYD']"
frames_tweets_88,solution,"*** Under Attack
@TwitterSupport my account is bombarded by hundreds of spam retweets from @BobooExchange. I reported and blocked about 50 account but I give up now, they are too many. Can you please suspend / ban @BobooExchange? 
To my followers: can you please help report? https://t.co/Sp6D2UNpN5",1250428120177373184,2020-04-15,1.0,1.0,0.0,0.0,1.0,1.0,solution,solution,"['solution', 'problem']","['A2HM35CWB7IIFM', 'A2Q1YS118AO2BP']"
frames_tweets_89,problem,"instagram as banned my account and ever since i am not able to log in to my account, i tink i have not done anything wrong, i should be able to use my account, please let me use it. pls help me recover it. aaryanthefreesoul is my id.
@instagram",1282777373163663362,2020-07-13,1.0,1.0,1.0,1.0,0.0,0.0,problem,problem,"['problem', 'solution']","['A2YYQJ3JWA2KGD', 'A3JZS32RQUWGJM']"
frames_tweets_90,neutral,"old Account was suspended
Drop your Handles, let's follow ourselves. @Awhual",1284932781957623809,2020-07-19,1.0,1.0,0.0,0.0,0.0,0.0,neutral,neutral,"['neutral', 'problem']","['A2IOT3PCS9G5RK', 'A2Q1YS118AO2BP']"
frames_tweets_91,problem,I can't see Twitter have a problem with this cartoon. #twitter #trump Or tomorrow's @TorontoStar cartoon. It makes no sense to suspend an editorial cartooning account. https://t.co/sWqgihwAGo,1269838149137707009,2020-06-08,1.0,1.0,1.0,1.0,0.0,0.0,problem,problem,"['problem', 'problem']","['A2HM35CWB7IIFM', 'A2YYQJ3JWA2KGD']"
frames_tweets_92,problem,"@davenewworld_2 Trump MUST be re-elected. We MUST vote in GOP in the House, keep the Senate and we MUST eliminate Section 230 protections for big tech social media! Social media &amp; Corporate America will kill our free speech! BLM is a Marxist group looking to DESTROY USA!
https://t.co/R37Qi2rlNy",1277243458848272386,2020-06-28,1.0,1.0,1.0,1.0,0.0,0.0,problem,problem,"['solution', 'problem']","['A2Q1YS118AO2BP', 'A2YYQJ3JWA2KGD']"
frames_tweets_93,problem,"@NCSox It's a story in a major newspaper. It's being blocked to help Biden. 
If Twitter and Facebook want to be editors and censors and control political content then they should be subject to the same laws as newspapers and magazines and be subject to libel suits.",1316765627101609986,2020-10-15,1.0,1.0,1.0,1.0,0.0,0.0,problem,problem,"['problem', 'problem']","['A2FCGEU5RTEWG8', 'A2UCKZZI9KBBCV']"
frames_tweets_94,solution,"This account is apparently operated by Weev aka Andrew Auernheimer, swastika tattooed white supremacist felon and Trump Internet ratfucker operative or something. Once banned by @jack @Twitter but now back. Pushing some new Joe Biden Tara Reade disinformation now. ht @AuhsdBond https://t.co/YsC8skSU1R",1273663493049167872,2020-06-18,1.0,1.0,0.0,0.0,1.0,1.0,solution,solution,"['solution', 'solution']","['A2Q1YS118AO2BP', 'A2YYQJ3JWA2KGD']"
frames_tweets_95,solution,"Please block and report this account and do NOT interact ❗

👉https://t.co/wQzcDCWHBX

Report for ‘Abusive or harmful’ ➡️ ‘Targeted harassment’ https://t.co/rwakkC2Mc9",1268591299227090944,2020-06-04,1.0,1.0,0.0,0.0,1.0,1.0,solution,solution,"['neutral', 'neutral']","['A2IOT3PCS9G5RK', 'A3JZS32RQUWGJM']"
frames_tweets_96,solution,"Please report and block this account on instagram @/lawaksiyot 🙏🙏🙏
Because the acc uploaded a video of Jisung from #NCTDREAM fell on the stage during their perfomance-- https://t.co/HFWeNgCUWM",1278244455355564035,2020-07-01,1.0,1.0,0.0,0.0,1.0,1.0,solution,solution,"['solution', 'solution']","['A2Q1YS118AO2BP', 'A3IR7DFEKLLLO']"
frames_tweets_97,solution,@Mortmer @realDonaldTrump 82 followers since 2009. Report and block this fake account.  Hey troll your mask is too tight. You've cut off the oxygen to your brain.  Look,1281221147758034945,2020-07-09,1.0,1.0,0.0,0.0,1.0,1.0,solution,solution,"['neutral', 'neutral']","['A2IOT3PCS9G5RK', 'A2Q1YS118AO2BP']"
frames_tweets_98,neutral,Walters: Section 230 Has “Fewer and Fewer Friends These Days” https://t.co/mRqWTBbyGu,1275824767036055552,2020-06-24,1.0,1.0,0.0,0.0,0.0,0.0,neutral,neutral,"['neutral', 'neutral']","['A2JPOXYZM5AJZZ', 'A2Q1YS118AO2BP']"
frames_tweets_99,problem,"@Daisy_951230V @Twitter @TwitterSupport @TwitterKorea @BTSV_supportKr Hello 
@Twitter
@TwitterSupport
@TwitterKorea 

BTSV fanbase @BTSV_supportKr got suspended for no reason. Account owner has never violated any of Twitter rules. Please bring back the account soon. Thank you",1277803372024696835,2020-06-30,1.0,1.0,1.0,1.0,0.0,0.0,problem,problem,"['problem', 'problem']","['A2JPOXYZM5AJZZ', 'A2Q1YS118AO2BP']"
frames_tweets_100,problem,My main account got suspended 💀 I didn’t even do shit jdjxodbqdkx,1280632607080951808,2020-07-07,1.0,1.0,1.0,1.0,0.0,0.0,problem,problem,"['problem', 'problem']","['A2Q1YS118AO2BP', 'AMWIBULQ4S8K3']"
frames_tweets_101,solution,I call on @Twitter to suspend the account of @realDonaldTrump for inciting violence.,1251656422535729152,2020-04-18,1.0,1.0,0.0,0.0,1.0,1.0,solution,solution,"['problem', 'solution', 'problem', 'solution', 'solution', 'neutral', 'solution', 'solution', 'neutral', 'problem', 'neutral', 'solution', 'problem', 'solution', 'solution', 'solution', 'problem', 'solution']","['A2Q1YS118AO2BP', 'A36SM7QM8OK3H6', 'A2Q1YS118AO2BP', 'A36SM7QM8OK3H6', 'A2YYQJ3JWA2KGD', 'A35DS4T8H1MWYD', 'A2YYQJ3JWA2KGD', 'A36SM7QM8OK3H6', 'A2IOT3PCS9G5RK', 'A2Q1YS118AO2BP', 'A2IOT3PCS9G5RK', 'A36SM7QM8OK3H6', 'A2Q1YS118AO2BP', 'AJAPJJTISC36L', 'A2YYQJ3JWA2KGD', 'A3GUJ6JD25FX7O', 'A2Q1YS118AO2BP', 'A3JZS32RQUWGJM']"
frames_tweets_102,solution,"By @jacquidillion: ""Anyone who is 13 or older can access Twitter where they are now exposed to content where adults openly discuss their attractions to children with impunity.
     [Twitter's] CSE policy ... is currently not fit for purpose.""
https://t.co/VdqiaERrCP",1284576206164242432,2020-07-18,1.0,1.0,0.0,0.0,1.0,1.0,solution,solution,"['neutral', 'solution']","['A2Q1YS118AO2BP', 'A36SM7QM8OK3H6']"
frames_tweets_103,neutral,"The First Amendment binds the government, not private companies. Private companies enjoy First Amendment protection from the government. The amount of legal disinformation coming from the GOP and populist right on Section 230 is astounding. https://t.co/Syk5GMFp2f",1274022803147157506,2020-06-19,1.0,1.0,0.0,0.0,0.0,0.0,neutral,neutral,"['problem', 'solution', 'neutral', 'problem']","['A2Q1YS118AO2BP', 'A36SM7QM8OK3H6', 'A2IOT3PCS9G5RK', 'A2Q1YS118AO2BP']"
frames_tweets_104,neutral,@YumiTheWhaatNow make sure you tag me!!! I won the minigame yesterday but not this account the account that i got won got suspend,1261178806536044544,2020-05-15,1.0,1.0,0.0,0.0,0.0,0.0,neutral,neutral,"['problem', 'neutral']","['A2Q1YS118AO2BP', 'A35DS4T8H1MWYD']"
frames_tweets_105,problem,"Twitter has suspended the account of conservative commentator Candace Owens for the following tweet, without providing her with an explanation. 

She is currently appealing the decision. https://t.co/sz1witIDbc",1256629602635649024,2020-05-02,1.0,1.0,1.0,1.0,0.0,0.0,problem,problem,"['problem', 'neutral']","['A2Q1YS118AO2BP', 'AJAPJJTISC36L']"
frames_tweets_106,neutral,"❌ Twitch Partner ""DonaldTrump"" (@TeamTrump) has been banned! ❌

https://t.co/50dZbS4CcU
#twitch #ban #firstban #partner #twitchpartner 👮🏾‍♀️",1277862507239976960,2020-06-30,1.0,1.0,0.0,0.0,0.0,0.0,neutral,neutral,"['neutral', 'neutral']","['A2YYQJ3JWA2KGD', 'AMWIBULQ4S8K3']"
frames_tweets_107,solution,"@LibyaTT #phishing site on your servers:

https://t.co/VRBMRIna2d.activaciones.bcp .tibesty.ly/personas/portal/resumen

A Peruvian proxy is required.

Please remove this #illegal content from your networks as soon as possible. Thank you!",1292210990390505474,2020-08-08,1.0,1.0,0.0,0.0,1.0,1.0,solution,solution,"['solution', 'neutral']","['A2Q1YS118AO2BP', 'A35DS4T8H1MWYD']"
frames_tweets_108,neutral,@DonaldJTrumpJr @RealCandaceO @Twitter No! Fake publicity stunt! Candace Owens account is working Now go look at it and it’s been working fine all day never suspended! Fake news. It’s interesting Candace and Trump sent this to all the news and influencers https://t.co/oPR9UJaaBC,1256639676993028096,2020-05-02,1.0,1.0,0.0,0.0,0.0,0.0,neutral,neutral,"['problem', 'neutral']","['A2Q1YS118AO2BP', 'A35DS4T8H1MWYD']"
frames_tweets_109,solution,Facebook is coming under mounting pressure from major companies to rein in hateful content on the platform or risk further loss of ad revenue. https://t.co/xGLiONG6g3,1275907967896956928,2020-06-24,1.0,1.0,0.0,0.0,1.0,1.0,solution,solution,"['neutral', 'problem']","['A2HM35CWB7IIFM', 'A2Q1YS118AO2BP']"
frames_tweets_110,problem,"Please retweet this so Twitter finally realizes how flawed their system is and fix it!

Also, I made a backup account just in case I get permanently banned one day. Please follow @DewTheBackup if you wanna keep in touch in case this account gets banned https://t.co/LNxqBp6wwq",1300422856938053632,2020-08-31,1.0,1.0,1.0,1.0,0.0,0.0,problem,problem,"['solution', 'problem']","['A2Q1YS118AO2BP', 'A35DS4T8H1MWYD']"
frames_tweets_111,neutral,"Not a single legacy media outlet reported that the Trump Campaign Bus twitter account was suspended after reaching out to Black voters. 

I’m confident that if this happened to the Biden bus it would be widely reported. 

Journalism is in a crisis. https://t.co/e6MU3qlc1g",1295996604424609793,2020-08-19,1.0,1.0,0.0,0.0,0.0,0.0,neutral,neutral,"['problem', 'neutral']","['A36SM7QM8OK3H6', 'AJAPJJTISC36L']"
frames_tweets_112,neutral,Please retweet to spread since I don’t have a way to contact my followers that didn’t have access to this account before I got suspended.,1304178476010934273,2020-09-10,1.0,1.0,0.0,0.0,0.0,0.0,neutral,neutral,"['problem', 'neutral']","['A2Q1YS118AO2BP', 'A35DS4T8H1MWYD']"
frames_tweets_113,solution,"@A_Silent_Child Obviously just a troll account, and can see theyve been banned and suspended before... but yup i’m on it to get them banned again",1221223129164537857,2020-01-26,1.0,1.0,0.0,0.0,1.0,1.0,solution,solution,"['problem', 'solution']","['A2Q1YS118AO2BP', 'A36SM7QM8OK3H6']"
frames_tweets_114,neutral,@BarelyLegalMag @BrookeHazeXXX Account suspended,1291842050464284673,2020-08-07,1.0,1.0,0.0,0.0,0.0,0.0,neutral,neutral,"['neutral', 'neutral']","['A2YYQJ3JWA2KGD', 'A3JZS32RQUWGJM']"
frames_tweets_115,solution,"IMPORTANT!!! Please mass block and report @/yeeunslut_, they post a lot of inappropriate content about female idols, using edited porn images and videos of them, which is absolutely disgusting and disrespectful. DON'T INTERACT, just block and report and it'll be gone sooner🤮 https://t.co/iZR9ZIbzWy",1257007765064757252,2020-05-03,1.0,1.0,0.0,0.0,1.0,1.0,solution,solution,"['solution', 'solution']","['A1IFIK8J49WBER', 'AJAPJJTISC36L']"
frames_tweets_116,problem,"So my bro VAR woke up to a suspended Twitter account 💔we not fine, guys manh, don’t report the account, if I post something so harsh or offensive, hit my DM, I’m up for corrections, I won’t hesitate to remove the tweet🙏🏽
We not here for bad VIBES 😅 https://t.co/RDPcfNLhYq",1263926319689146375,2020-05-22,1.0,1.0,1.0,1.0,0.0,0.0,problem,problem,"['neutral', 'solution']","['A2IOT3PCS9G5RK', 'A2Q1YS118AO2BP']"
frames_tweets_117,solution,Twitter suspends account of Kangana Ranaut's sister for angrily tweeting against 'mullahs' attacking doctors and cops https://t.co/FLHVkrUhqO,1250700610896183296,2020-04-16,1.0,1.0,0.0,0.0,1.0,1.0,solution,solution,"['problem', 'problem', 'problem', 'problem']","['A2Q1YS118AO2BP', 'A2UCKZZI9KBBCV', 'A2JPOXYZM5AJZZ', 'A2Q1YS118AO2BP']"
frames_tweets_118,solution,This account (@shortfakeblonde) is a fake account purporting to be my daughter’s.  Please report it so that it may be taken down.  Thank you. https://t.co/mFUU7t3Il9,1278484838559944706,2020-07-02,1.0,1.0,0.0,0.0,1.0,1.0,solution,solution,"['solution', 'solution']","['A2UCKZZI9KBBCV', 'A2YYQJ3JWA2KGD']"
frames_tweets_119,problem,"Dear 
@jack
 
@Twitter
 
@TwitterSupport
@ftm_rani
  is a political worker and a social media activist 
@TwitterSupport
 team suspend her account without any prior warning or specific reason please restore his account...",1225083245680787456,2020-02-05,1.0,1.0,1.0,1.0,0.0,0.0,problem,problem,"['solution', 'problem']","['A2Q1YS118AO2BP', 'A2YYQJ3JWA2KGD']"
frames_tweets_120,solution,"Please mass report and block this account. They're still tweeting more horrible stuffs about the boys. 

🔗 https://t.co/E6rjeZwd6L

-P https://t.co/mNMb2pYUve https://t.co/RbYXzN0gfA",1255600655730978816,2020-04-29,1.0,1.0,0.0,0.0,1.0,1.0,solution,solution,"['neutral', 'neutral']","['A1IFIK8J49WBER', 'A35DS4T8H1MWYD']"
frames_tweets_121,solution,@Theonlyblvckboy lol why won’t twitter suspend your account 😂,1256706387771613184,2020-05-02,1.0,1.0,0.0,0.0,1.0,1.0,solution,solution,"['problem', 'problem']","['A2Q1YS118AO2BP', 'A376F1W1MTY3J']"
frames_tweets_122,neutral,"@sunxkissxx @ItsChloe_Shine @launcelot92 They are not banned the are suspended from trading because there account has suspicious activity. If you were banned it wouldn't say ""wait for s ok money to check activity"" or smth soo",1270187340661698560,2020-06-09,1.0,1.0,0.0,0.0,0.0,0.0,neutral,neutral,"['neutral', 'solution']","['A2Q1YS118AO2BP', 'AJAPJJTISC36L']"
frames_tweets_123,solution,"@jack If that is truly your intention then you must suspend Trump's account. Send him a message that what he's tweeting is anything but civil. Just do it, please. Thankyou!",1213970495328010241,2020-01-05,1.0,1.0,0.0,0.0,1.0,1.0,solution,solution,"['solution', 'solution']","['A2Q1YS118AO2BP', 'AMWIBULQ4S8K3']"
frames_tweets_124,problem,@Paradise925C Haha my account was suspended for a day because I spoke out against Christie Teigen telling her stop telling twitter to violate our 1st amendment. Way to funny how twitter felt that was wrong for me to do,1284911277521776640,2020-07-19,1.0,1.0,1.0,1.0,0.0,0.0,problem,problem,"['neutral', 'problem']","['A2Q1YS118AO2BP', 'A2YYQJ3JWA2KGD']"
frames_tweets_125,problem,"Twitter tried to ban my account, but I am not a bot. I am in fact the real Pete. Nice try trolls. https://t.co/VzexTvJDRi",1225487904996286472,2020-02-06,1.0,1.0,1.0,1.0,0.0,0.0,problem,problem,"['neutral', 'problem']","['A2Q1YS118AO2BP', 'A35DS4T8H1MWYD']"
frames_tweets_126,neutral,"The DOJ is preparing proposals to roll back the legal immunities enjoyed by Big Tech companies under Section 230 of the Communications Decency Act (CDA), in measures that will be announced as early as Wednesday. https://t.co/zCQ4vf9Ys2",1273283231706763264,2020-06-17,1.0,1.0,0.0,0.0,0.0,0.0,neutral,neutral,"['neutral', 'neutral', 'neutral', 'solution']","['A2FCGEU5RTEWG8', 'A2Q1YS118AO2BP', 'A2JPOXYZM5AJZZ', 'A35DS4T8H1MWYD']"
frames_tweets_127,solution,"Donald trump Jr's Twitter account is temporarily suspended for spreading misinformation on COVID-19.

Great, now do his daddy.

PERMANENTLY.",1288117994141278214,2020-07-28,1.0,1.0,0.0,0.0,1.0,1.0,solution,solution,"['neutral', 'problem']","['A2IOT3PCS9G5RK', 'A2Q1YS118AO2BP']"
frames_tweets_128,neutral,"@massivejossive @Mc_Olakx 😂😂
They will soon suspend this new account",1260188975878332416,2020-05-12,1.0,1.0,0.0,0.0,0.0,0.0,neutral,neutral,"['neutral', 'problem']","['A2HM35CWB7IIFM', 'A2Q1YS118AO2BP']"
frames_tweets_129,problem,"What's going on At twitter ?
account of #SushantSinghRajput's supporters  is going Suspend ...
we are demanding for justice and they are Suspending our accounts
all the supporters please follow new account @iam_Sonalika &amp; make a trend for it

#twittersuspensionBandkro https://t.co/snhy66Cy6V",1274923687741808641,2020-06-22,1.0,1.0,1.0,1.0,0.0,0.0,problem,problem,"['solution', 'problem']","['A2Q1YS118AO2BP', 'AMWIBULQ4S8K3']"
frames_tweets_130,solution,"Block and report this user too.

https://t.co/xghJCRhosT https://t.co/0rKy3WNXx6",1264461681435930624,2020-05-24,1.0,1.0,0.0,0.0,1.0,1.0,solution,solution,"['neutral', 'solution']","['A2IOT3PCS9G5RK', 'A2YYQJ3JWA2KGD']"
frames_tweets_131,solution,"🚨 TTOTORO_TTOTORO ALERT LEVEL 10 🚨

hello calling the attention of my myday moots, torotot is back again!! pLEASE PLEASE PLEASE ‼️ REPORT HER TWEET. ‼️ REPORT HER ACCOUNT AND ‼️ BLOCK THE HECK OUT OF HER. ++ FOR THE LOVE OF GOD ‼️ DO NOT INTERACT WITH THE TWEET. THANK YOU 😭 https://t.co/hc7KEIeisd",1281444535478784002,2020-07-10,1.0,1.0,0.0,0.0,1.0,1.0,solution,solution,"['solution', 'solution']","['A2YYQJ3JWA2KGD', 'A36SM7QM8OK3H6']"
frames_tweets_132,solution,"Not only do these graphs show the exact opposite of what you’re saying, Ann, but if people believe your lie and become complacent, they may die. @twitter should suspend this account for endangering public health. https://t.co/ixI1FseiCx",1242643306489810944,2020-03-25,1.0,1.0,0.0,0.0,1.0,1.0,solution,solution,"['problem', 'solution', 'neutral', 'solution', 'solution', 'solution']","['A2Q1YS118AO2BP', 'AJAPJJTISC36L', 'A2IOT3PCS9G5RK', 'A2Q1YS118AO2BP', 'A2HM35CWB7IIFM', 'A376F1W1MTY3J']"
frames_tweets_133,neutral,@Ivylean2 yo g follow me my other account got suspended,1220854331949359105,2020-01-24,1.0,1.0,0.0,0.0,0.0,0.0,neutral,neutral,"['problem', 'neutral']","['A2Q1YS118AO2BP', 'A2YYQJ3JWA2KGD']"
frames_tweets_134,problem,"Google restored more than 52 THOUSAND links after we went to them with our investigation, and yet the tech giant says the process of removing content from its search engine isn't broken, w/ the great @anfuller @joe_palazzolo  https://t.co/DxOgB9WoCO",1261553432780894209,2020-05-16,1.0,1.0,1.0,1.0,0.0,0.0,problem,problem,"['neutral', 'solution']","['A2Q1YS118AO2BP', 'A2YYQJ3JWA2KGD']"
frames_tweets_135,solution,Hallelujah....twitter actually suspended the account of an abusive cretin.. https://t.co/OKSyReYc7j,1247629557655572480,2020-04-07,1.0,1.0,0.0,0.0,1.0,1.0,solution,solution,"['problem', 'solution']","['A2Q1YS118AO2BP', 'A36SM7QM8OK3H6']"
frames_tweets_136,problem,"This is how powerful @Facebook is, how much speech it controls, how much of our time &amp; attention it claims: it now has a special censorship committee to decide what speech can stay &amp; what should go. Facebook basically making the case it should be broken up https://t.co/EveWPZicib",1258184533561741313,2020-05-06,1.0,1.0,1.0,1.0,0.0,0.0,problem,problem,"['problem', 'problem']","['A2IOT3PCS9G5RK', 'A3IR7DFEKLLLO']"
frames_tweets_137,neutral,🔥🔥🔥 The official Twitter account for @realDonaldTrump's reelection campaign has been suspended. https://t.co/99vdFV5fEO,1316776774563491840,2020-10-15,1.0,1.0,0.0,0.0,0.0,0.0,neutral,neutral,"['solution', 'neutral', 'neutral', 'problem', 'solution', 'neutral']","['A2Q1YS118AO2BP', 'A2UCKZZI9KBBCV', 'A2FCGEU5RTEWG8', 'A2Q1YS118AO2BP', 'A2YYQJ3JWA2KGD', 'AJAPJJTISC36L']"
frames_tweets_138,solution,"Report and block acc problematic!

https://t.co/07MlDdsJ2G https://t.co/6HY0yjxZOU",1281072275265994752,2020-07-09,1.0,1.0,0.0,0.0,1.0,1.0,solution,solution,"['neutral', 'problem']","['A2IOT3PCS9G5RK', 'A2Q1YS118AO2BP']"
frames_tweets_139,neutral,"Also don't forget that UM is really strict with copyright content so don't upload anything on here or you risk getting your account suspended.
Im so excited! https://t.co/c0KKfA3BsY",1274022904187899907,2020-06-19,1.0,1.0,0.0,0.0,0.0,0.0,neutral,neutral,"['problem', 'problem']","['A2Q1YS118AO2BP', 'A3IR7DFEKLLLO']"
frames_tweets_140,problem,"This user is being shadowbanned so heavily by Twitter that he can't even see his own tweets. 

Not only Twitter blocks his followers to see his tweets, but even he himself is blocked from his own tweets.

This is the mother of all shadowbans

His sin? He is critical of #China https://t.co/p82TbqrCDA",1269783267168923655,2020-06-08,1.0,1.0,1.0,1.0,0.0,0.0,problem,problem,"['problem', 'problem']","['A2Q1YS118AO2BP', 'A36SM7QM8OK3H6']"
frames_tweets_141,solution,@faizan0008 @AbdulMajeed1617 If @Facebook &amp; @Twitter can fine tune their moderation and content filter strategies lot of fake news can be eliminated from web. No matter how much @google can spend - nothing will change on the ground in #India.,1224330710716076033,2020-02-03,1.0,1.0,0.0,0.0,1.0,1.0,solution,solution,"['problem', 'neutral']","['A2Q1YS118AO2BP', 'A2YYQJ3JWA2KGD']"
frames_tweets_142,solution,Ben &amp; Jerry's has joined The North Face and Patagonia in pulling ads off Facebook over its policies on addressing hate on the platform https://t.co/nAIXVcFuTx,1275753845017239555,2020-06-24,1.0,1.0,0.0,0.0,1.0,1.0,solution,solution,"['solution', 'neutral']","['A1IFIK8J49WBER', 'A2Q1YS118AO2BP']"
frames_tweets_143,problem,"It’s time to repeal Section 230.
 
We can’t let Big Tech get away with censoring @realDonaldTrump and other conservative voices! https://t.co/gE9y42o1d0",1291520542386733057,2020-08-06,1.0,1.0,1.0,1.0,0.0,0.0,problem,problem,"['problem', 'problem']","['A1FVXS8IM5QYO8', 'A2IOT3PCS9G5RK']"
frames_tweets_144,problem,"Hello @Twitter @TwitterSupport 

We noticed that @taehyungafrica  has been restricted. They have never violated any Twitter rules. They are just an update fan account about Kim Taehyung(V) of BTS &amp; they are useful to the community. Please remove restriction &amp; give it back.",1280830210665897985,2020-07-08,1.0,1.0,1.0,1.0,0.0,0.0,problem,problem,"['solution', 'problem']","['A2Q1YS118AO2BP', 'A2YYQJ3JWA2KGD']"
frames_tweets_145,solution,"Lol I told him he's disgusting, a pervert and there's something wrong with his brain and he blocked me before I could report his tweets. Can still report your account though, you fucking coward.",1252428659303968768,2020-04-21,1.0,1.0,0.0,0.0,1.0,1.0,solution,solution,"['neutral', 'problem']","['A2IOT3PCS9G5RK', 'A2Q1YS118AO2BP']"
frames_tweets_146,neutral,"BREAKING: Twitter has suspended the official Trump Campaign account.

19 days from the election.

In America. https://t.co/Grq8iGKT0D",1316736710026330115,2020-10-15,1.0,1.0,0.0,0.0,0.0,0.0,neutral,neutral,"['problem', 'problem']","['A2Q1YS118AO2BP', 'A36SM7QM8OK3H6']"
frames_tweets_147,solution,"❗️ MASS REPORT. Report AS HACKED ACCOUNT! DO NOT ENGAGE. Just block and report❗️ 

https://t.co/UqBQmBN06U

https://t.co/IPRKRFkCn5",1321834947095662599,2020-10-29,1.0,1.0,0.0,0.0,1.0,1.0,solution,solution,"['neutral', 'solution']","['A2IOT3PCS9G5RK', 'A2Q1YS118AO2BP']"
frames_tweets_148,problem,Hey @Twitter why you suspended my son's account @Borregales_andy ? #freeAndy 😡😡😡,1311744014912192526,2020-10-01,1.0,1.0,1.0,1.0,0.0,0.0,problem,problem,"['neutral', 'neutral']","['A35DS4T8H1MWYD', 'A376F1W1MTY3J']"
frames_tweets_149,problem,Several students are complaining about account restrictions and removal of tweets. #ProtestAgainstExamsInCOVID,1296746434327277570,2020-08-21,1.0,1.0,1.0,1.0,0.0,0.0,problem,problem,"['problem', 'solution', 'problem', 'problem', 'neutral', 'problem']","['A2JPOXYZM5AJZZ', 'A2Q1YS118AO2BP', 'A2Q1YS118AO2BP', 'A35DS4T8H1MWYD', 'A35DS4T8H1MWYD', 'A36SM7QM8OK3H6']"
frames_tweets_150,neutral,"Nobody does retweet more than @gyaigyimii on this up. When he had 6k followers n before his account got suspended, he actually use to complain abt he retweeting but ppl ignore his tweets but that didn’t stop him anyway.",1260465493116366853,2020-05-13,1.0,1.0,0.0,0.0,0.0,0.0,neutral,neutral,"['problem', 'neutral']","['A2Q1YS118AO2BP', 'AJAPJJTISC36L']"
frames_tweets_151,solution,"Racists are desperately trying to distract you from learning about their own evil agenda 👇

The account, which has since been removed by Twitter, encouraged its followers to commit acts of violence and destruction.

https://t.co/WKrUKduRFa",1268217966820159488,2020-06-03,1.0,1.0,0.0,0.0,1.0,1.0,solution,solution,"['solution', 'solution']","['A36SM7QM8OK3H6', 'AMWIBULQ4S8K3']"
frames_tweets_152,neutral,I didn’t know Tinubu had a Twitter account till Toll Gate was blocked for a week 🤣🤣,1318454286947389440,2020-10-20,1.0,1.0,0.0,0.0,0.0,0.0,neutral,neutral,"['neutral', 'neutral', 'problem', 'neutral']","['A2YYQJ3JWA2KGD', 'A376F1W1MTY3J', 'A2Q1YS118AO2BP', 'A35DS4T8H1MWYD']"
frames_tweets_153,neutral,Even the CEO @jack tweeted or is our president account suspended #EndSWAT https://t.co/t97g1fYIhc,1316547257177649158,2020-10-15,1.0,1.0,0.0,0.0,0.0,0.0,neutral,neutral,"['problem', 'neutral']","['A2YYQJ3JWA2KGD', 'A35DS4T8H1MWYD']"
frames_tweets_154,solution,"Oh. And this is the same person that took off her pants, pulled out her used menstrual pad, snapped a picture of it and uploaded on Twitter. Guess why? She wanted to use it to win an argument on Twitter.

Anyway, Jack wasn't having any of that. He suspended her account.",1253660227381182464,2020-04-24,1.0,1.0,0.0,0.0,1.0,1.0,solution,solution,"['neutral', 'solution']","['A35DS4T8H1MWYD', 'A36SM7QM8OK3H6']"
frames_tweets_155,problem,"@bts_amor_fati @Twitter @TwitterSupport @everything1204 석진이 움짤계 Love me님 계정이 정지됐어요

Hello 
@Twitter
@TwitterSupport
I've been following 
@everything1204

for a long time and saw this account got suspended for no reason. Account owner has never violated any of Twitter rules. Please bring back the account soon. Thank you",1256884267482673152,2020-05-03,1.0,1.0,1.0,1.0,0.0,0.0,problem,problem,"['neutral', 'problem']","['A3JZS32RQUWGJM', 'AJAPJJTISC36L']"
frames_tweets_156,neutral,@UcheDandyMUFC Account locked or suspended??,1241455177498005507,2020-03-21,1.0,1.0,0.0,0.0,0.0,0.0,neutral,neutral,"['neutral', 'problem']","['A2HM35CWB7IIFM', 'A2Q1YS118AO2BP']"
frames_tweets_157,neutral,I legit had a dream my twitch account got banned and I woke up crying like omg.. I’d be heartbroken..  #twitch #twitchgamer,1239539060332326919,2020-03-16,1.0,1.0,0.0,0.0,0.0,0.0,neutral,neutral,"['problem', 'problem']","['A2Q1YS118AO2BP', 'A2YYQJ3JWA2KGD']"
frames_tweets_158,neutral,NEW: Twitter has now suspended the Trump campaign's official account. https://t.co/LCbE0cNqGs,1316754133567840256,2020-10-15,1.0,1.0,0.0,0.0,0.0,0.0,neutral,neutral,"['neutral', 'problem', 'problem', 'neutral']","['A36SM7QM8OK3H6', 'AJAPJJTISC36L', 'A2Q1YS118AO2BP', 'A2YYQJ3JWA2KGD']"
frames_tweets_159,solution,"Zuckerberg vowed to fight COVID-19 misinformation, promising Facebook would take down any piece of harmful content. Why did it take hours to remove a video with 20 million views? How many lies &amp; how much damage will it take for the govt to hold Facebook &amp; Zuckerberg accountable?",1288211905006403588,2020-07-28,1.0,1.0,0.0,0.0,1.0,1.0,solution,solution,"['solution', 'neutral']","['A2Q1YS118AO2BP', 'A376F1W1MTY3J']"
frames_tweets_160,solution,@DaveLapanDC @GayEqualGlobal Hitler had the Radio to rally his cult. Trump has Twitter. His account should be suspended. Every tweet is aimed at division or derision. The saddest part is how well it works.,1256971918072320000,2020-05-03,1.0,1.0,0.0,0.0,1.0,1.0,solution,solution,"['problem', 'solution']","['A2Q1YS118AO2BP', 'A3GUJ6JD25FX7O']"
frames_tweets_161,neutral,Facebook and Twitter removed a video posted by Pres. Trump's account that included an edited viral video after a parent of one of the two toddlers shown lodged a copyright claim. It had over 4 million views on Facebook and over 20 million views on Twitter. https://t.co/xkmrrCHlIl,1274127661535768577,2020-06-19,1.0,1.0,0.0,0.0,0.0,0.0,neutral,neutral,"['problem', 'solution']","['A2Q1YS118AO2BP', 'A2UCKZZI9KBBCV']"
frames_tweets_162,neutral,"But on the real, ever since i created my twitter account, that was 2 years ago, got suspended and created a new one last year, I haven’t seen any #SM Fan speak correct or if i should use Good English before.! Tobehonest. I’m yet to see one. Shatta Wale edo aa educate your people",1247513413816745985,2020-04-07,1.0,1.0,0.0,0.0,0.0,0.0,neutral,neutral,"['problem', 'problem']","['A2Q1YS118AO2BP', 'A2UCKZZI9KBBCV']"
frames_tweets_163,problem,@RobBaxter19 @RP_In_Action They suspended my fucking account! Help share the new one ASAP!,1224913656900509696,2020-02-05,1.0,1.0,1.0,1.0,0.0,0.0,problem,problem,"['neutral', 'problem']","['A2JPOXYZM5AJZZ', 'A2Q1YS118AO2BP']"
frames_tweets_164,solution,@TB_29diamonds 👀 May I know whose account that need to block and report...,1223958064786636800,2020-02-02,1.0,1.0,0.0,0.0,1.0,1.0,solution,solution,"['problem', 'neutral']","['A2Q1YS118AO2BP', 'A376F1W1MTY3J']"
frames_tweets_165,solution,@PalmerReport Trumps account should be banned period... @Twitter @jack,1274453236028563456,2020-06-20,1.0,1.0,0.0,0.0,1.0,1.0,solution,solution,"['problem', 'neutral']","['A2Q1YS118AO2BP', 'AMWIBULQ4S8K3']"
frames_tweets_166,solution,"Pakistani PM Khan calls on Facebook to ban all ‘ISLAMOPHOBIC’ content

https://t.co/3m3jvCBkkZ https://t.co/bvNcjMNLct",1320516709724393473,2020-10-26,1.0,1.0,0.0,0.0,1.0,1.0,solution,solution,"['neutral', 'neutral', 'solution', 'solution', 'problem', 'neutral', 'solution', 'neutral', 'problem', 'neutral', 'problem', 'solution', 'solution', 'solution', 'solution', 'solution', 'solution', 'solution', 'solution', 'problem']","['A2Q1YS118AO2BP', 'A35DS4T8H1MWYD', 'A2Q1YS118AO2BP', 'A36SM7QM8OK3H6', 'A2Q1YS118AO2BP', 'AMWIBULQ4S8K3', 'AJAPJJTISC36L', 'AMWIBULQ4S8K3', 'A2Q1YS118AO2BP', 'A35DS4T8H1MWYD', 'A2UCKZZI9KBBCV', 'A2YYQJ3JWA2KGD', 'A2YYQJ3JWA2KGD', 'A36SM7QM8OK3H6', 'A2YYQJ3JWA2KGD', 'A36SM7QM8OK3H6', 'A2YYQJ3JWA2KGD', 'A36SM7QM8OK3H6', 'A36SM7QM8OK3H6', 'A3IR7DFEKLLLO']"
frames_tweets_167,neutral,"@cap_weirdo @jannat0998 Guys my account got suspended
Its has 1453 folloowers .
Please follow me here 

#IIA2020SidharthShukla
#IIA2020ShehnaazGill
#SidNaaz https://t.co/Tg7zq82OIf",1251457393717850112,2020-04-18,1.0,1.0,0.0,0.0,0.0,0.0,neutral,neutral,"['problem', 'neutral']","['A2Q1YS118AO2BP', 'A36SM7QM8OK3H6']"
frames_tweets_168,problem,"Twitter has now suspended the Trump campaign twitter account!  If this doesn’t cause you to vote, and to make sure 10 other people you know vote, nothing will. This is political corruption through and through!
https://t.co/kQBTezc6YR",1316799891369328640,2020-10-15,1.0,1.0,1.0,1.0,0.0,0.0,problem,problem,"['problem', 'neutral', 'problem', 'problem', 'problem', 'problem', 'problem', 'problem']","['A2IOT3PCS9G5RK', 'A35DS4T8H1MWYD', 'A2Q1YS118AO2BP', 'A36SM7QM8OK3H6', 'A2HM35CWB7IIFM', 'A2JPOXYZM5AJZZ', 'A1FVXS8IM5QYO8', 'A2Q1YS118AO2BP']"
frames_tweets_169,solution,"Shadab Khan, He has 11.8 M Followers on Tik tok. Promoting this shameful act! How disgusting one can be?

His tik tok account needs to get suspended. https://t.co/bSTbErJBTm",1250898550524751873,2020-04-16,1.0,1.0,0.0,0.0,1.0,1.0,solution,solution,"['problem', 'solution']","['A2Q1YS118AO2BP', 'A36SM7QM8OK3H6']"
frames_tweets_170,problem,"Hey
@Twitter
@TwitterSupport 
@TwitterIndia 
@TwitterSafety 

Please UnSuspend @SandiaLeo19 Account

She Has Not Violating Any Twitter Guildline.  Still Her Id Has Been Suspended Without Any Reason

Please UnSuspend Her Id 

#SidharthShukla",1295044560456802304,2020-08-16,1.0,1.0,1.0,1.0,0.0,0.0,problem,problem,"['solution', 'problem']","['A2Q1YS118AO2BP', 'A36SM7QM8OK3H6']"
frames_tweets_171,solution,"PLEASE BLOCK AND REPORT THIS ACCOUNT. DO NOT ENGAGE BECAUSE IT MAKES IT HARDER FOR THE ACC TO GET S WORDED

https://t.co/hZxbmkdXM0 https://t.co/bkQC3wh7RM",1252789968273014785,2020-04-22,1.0,1.0,0.0,0.0,1.0,1.0,solution,solution,"['neutral', 'neutral']","['A2IOT3PCS9G5RK', 'A3JZS32RQUWGJM']"
frames_tweets_172,solution,"stop engaging. 
REPORT her tweet as Abusive/Hateful&gt; TARGET HARASSMENT &gt;SOMEONE ELSE, SELECT the TWEETS, AND BLOCK the acc
*don't give any reply words or like with they tweet*
🔗https://t.co/nwk16N5gxI https://t.co/C0nGbcLKUM",1277222789385269249,2020-06-28,1.0,1.0,0.0,0.0,1.0,1.0,solution,solution,"['problem', 'solution']","['A2Q1YS118AO2BP', 'A2YYQJ3JWA2KGD']"
frames_tweets_173,problem,"Hi @TwitterSupport , you've suspended my friend's account 
@BTSChartDaily for no reason, could you please give it back??",1318403565682069505,2020-10-20,1.0,1.0,1.0,1.0,0.0,0.0,problem,problem,"['problem', 'problem']","['A2Q1YS118AO2BP', 'A36SM7QM8OK3H6']"
frames_tweets_174,problem,"[✨] • Copie e cole nos comentários:

Hi @TwitterSupport the content from the quoted tweet didn't break any @Twitter rule or policy. Please check this out and bring back the video that was attached. They are the real authors of the video!
 https://t.co/l7e4IEhHDy

@BTS_twt",1248095355067150336,2020-04-09,1.0,1.0,1.0,1.0,0.0,0.0,problem,problem,"['problem', 'neutral']","['A2YYQJ3JWA2KGD', 'A35DS4T8H1MWYD']"
frames_tweets_175,problem,Update : gonna sue Apple if I can’t figure out how to remove content restrictions https://t.co/KkvPIPDwlx Did I finally just switch to Apple Music😳😳,1260311968977694721,2020-05-12,1.0,1.0,1.0,1.0,0.0,0.0,problem,problem,"['problem', 'solution']","['A1FVXS8IM5QYO8', 'A2Q1YS118AO2BP']"
frames_tweets_176,neutral,Guyssss please help me out they have suspended my old account as I had less followers please sidhearts ; I will follow back #ChartbusterSid,1218597510807089152,2020-01-18,1.0,1.0,0.0,0.0,0.0,0.0,neutral,neutral,"['neutral', 'neutral']","['A35DS4T8H1MWYD', 'A3JZS32RQUWGJM']"
frames_tweets_177,neutral,BREAKING: 4chan has banned any posts with content from the Netflix show ‘Cuties’ https://t.co/Qq5DFiK7QK,1296547030941069312,2020-08-20,1.0,1.0,0.0,0.0,0.0,0.0,neutral,neutral,"['neutral', 'neutral']","['A2FCGEU5RTEWG8', 'A35DS4T8H1MWYD']"
frames_tweets_178,neutral,"@CalfDevin Aww thank you!! 
Watch I have my account suspended... LOL",1276895296644096000,2020-06-27,1.0,1.0,0.0,0.0,0.0,0.0,neutral,neutral,"['problem', 'neutral']","['A2Q1YS118AO2BP', 'A3IR7DFEKLLLO']"
frames_tweets_179,neutral,"BREAKING: Katie Hopkins permanently banned from Twitter, social media firm confirms https://t.co/6eauTledOT",1274108002790973441,2020-06-19,1.0,1.0,0.0,0.0,0.0,0.0,neutral,neutral,"['neutral', 'problem', 'neutral', 'problem', 'solution', 'neutral']","['A2JPOXYZM5AJZZ', 'A2Q1YS118AO2BP', 'A2IOT3PCS9G5RK', 'A2JPOXYZM5AJZZ', 'A2Q1YS118AO2BP', 'A356EVHB3TU90R']"
frames_tweets_180,solution,Before ThePopHob or ThePopHubs got suspended I was able to screenshot the 10 people they instantly followed. These people have the possibility to be running the account or have an impact on what the account posts. Regardless please report and block. Links below https://t.co/GdvBcJUeZJ,1274279074060525569,2020-06-20,1.0,1.0,0.0,0.0,1.0,1.0,solution,solution,"['neutral', 'solution']","['A2IOT3PCS9G5RK', 'A2Q1YS118AO2BP']"
frames_tweets_181,solution,"Found his handle, @prado39201507, please help me report and block his account. https://t.co/5Z71vIdS2q",1241748035077578753,2020-03-22,1.0,1.0,0.0,0.0,1.0,1.0,solution,solution,"['solution', 'solution']","['A2Q1YS118AO2BP', 'AMWIBULQ4S8K3']"
frames_tweets_182,problem,"@V_SNlPPER @Twitter @TwitterSupport @BTSV_UNION Hello @Twitter @TwitterSupport 

We noticed that @BTSV_UNION has been restricted for hours. They have never violated any Twitter rules. They are just an update fan account about Kim Taehyung/V of BTS &amp; they are useful to the community. Please remove restriction &amp; give it back!",1241668665231077381,2020-03-22,1.0,1.0,1.0,1.0,0.0,0.0,problem,problem,"['neutral', 'problem']","['A2IOT3PCS9G5RK', 'A36SM7QM8OK3H6']"
frames_tweets_183,neutral,"Do take care with the handling of trolls - they are often deliberate attempts to provoke into wild and angry statements, which will then be used to put you in twitter jail or even block you permanently or wipe your account. Best to ignore and or block.",1221183645785841664,2020-01-25,1.0,1.0,0.0,0.0,0.0,0.0,neutral,neutral,"['neutral', 'problem']","['A2Q1YS118AO2BP', 'A2YYQJ3JWA2KGD']"
frames_tweets_184,solution,"Ben &amp; Jerry’s, Eddie Bauer, and Magnolia Pictures have joined Patagonia, the North Face, REI and others in suspending advertising campaigns on Facebook over the platform’s content moderation practices
https://t.co/gOTr1oh2AS",1275815569711943680,2020-06-24,1.0,1.0,0.0,0.0,1.0,1.0,solution,solution,"['problem', 'solution']","['A2Q1YS118AO2BP', 'A2YYQJ3JWA2KGD']"
frames_tweets_185,neutral,@diekeangelica //this account has been banned by masbebek//,1212437970201935872,2020-01-01,1.0,1.0,0.0,0.0,0.0,0.0,neutral,neutral,"['neutral', 'neutral']","['A2IOT3PCS9G5RK', 'A35DS4T8H1MWYD']"
frames_tweets_186,solution,"Please ban the IP address @instagram 

Please have a better system to prevent previously taken down accounts to make a new account. https://t.co/g6v5xQKWlw",1219092553993056256,2020-01-20,1.0,1.0,0.0,0.0,1.0,1.0,solution,solution,"['problem', 'neutral']","['A2Q1YS118AO2BP', 'A35DS4T8H1MWYD']"
frames_tweets_187,solution,Katie Hopkins account suspended permanently no more Barking 😂😂,1274029741562105856,2020-06-19,1.0,1.0,0.0,0.0,1.0,1.0,solution,solution,"['problem', 'solution']","['A2Q1YS118AO2BP', 'A376F1W1MTY3J']"
frames_tweets_188,solution,"Twitter we want you to suspend Marcon's account.
#twitterSuspendMacronAccount #TwitterSuspendMarcon @verified @Twitter @TwitterSupport",1321150105513271296,2020-10-27,1.0,1.0,0.0,0.0,1.0,1.0,solution,solution,"['solution', 'neutral']","['A2Q1YS118AO2BP', 'A3JZS32RQUWGJM']"
frames_tweets_189,problem,"ANOTHER Conservative Eliminated by Twitter! 

@BasedPoland has been suspended. What is his crime, reporting on uncomfortable facts? 

My account has been neutered by Twitter - Please sign up at https://t.co/FwJXBPEG7M and follow me at Parler @amymek before they take me out next!",1297089353794101249,2020-08-22,1.0,1.0,1.0,1.0,0.0,0.0,problem,problem,"['problem', 'solution']","['A2IOT3PCS9G5RK', 'A2Q1YS118AO2BP']"
frames_tweets_190,problem,"The Twitter employee who announced to the world why the @TeamTrump account was briefly suspended is also Kamala Harris’s former press secretary.

Silicon Valley is hopelessly biased against the President and only enforces the rules in one direction.",1291281057514315776,2020-08-06,1.0,1.0,1.0,1.0,0.0,0.0,problem,problem,"['problem', 'problem']","['A2JPOXYZM5AJZZ', 'A2YYQJ3JWA2KGD']"
frames_tweets_191,solution,"@TheRealHoarse @THEHermanCain ***AGREED***
This is why @THEHermanCain account needs to be removed... for perpetuating false information on an account where he ACTUALLY DIED FROM COVID-19... come on @Twitter @TwitterSupport @jack remove this account and it’s false information!!!",1300469997743996939,2020-08-31,1.0,1.0,0.0,0.0,1.0,1.0,solution,solution,"['solution', 'neutral']","['A2Q1YS118AO2BP', 'A35DS4T8H1MWYD']"
frames_tweets_192,neutral,"BREAKING: 20 minutes after Trump retweeted an account associated with an organization on the FBI’s domestic terrorism watchlist, Twitter has suspended the account. https://t.co/IdFVW7Pcc7",1267272595210149888,2020-06-01,1.0,1.0,0.0,0.0,0.0,0.0,neutral,neutral,"['solution', 'solution', 'solution', 'problem']","['A2Q1YS118AO2BP', 'A2YYQJ3JWA2KGD', 'A2Q1YS118AO2BP', 'A2UCKZZI9KBBCV']"
frames_tweets_193,problem,"BREAKING: President Trump directs FCC to implement Executive Order Preventing Online Censorship to limit Section 230 
https://t.co/u8VTIVtWXZ",1288616944380256256,2020-07-29,1.0,1.0,1.0,1.0,0.0,0.0,problem,problem,"['neutral', 'problem']","['A2UCKZZI9KBBCV', 'A36SM7QM8OK3H6']"
frames_tweets_194,solution,"Please report and block this account. It's a fake. (They're cleverly using a capital I instead of an L in ""Lincoln."") https://t.co/gVyP84PJnq",1268643672704376835,2020-06-04,1.0,1.0,0.0,0.0,1.0,1.0,solution,solution,"['solution', 'solution']","['A2Q1YS118AO2BP', 'A36SM7QM8OK3H6']"
frames_tweets_195,problem,"Hey lovelies! I’m sure most of you know @_etherealsouls , who is a amazing Artist and Person. Her account was suspended for sharing her opinions on BLM, which is simply unconstitutional. We have a chance to appeal this suspension, I will put the link down below.",1267240220799438850,2020-05-31,1.0,1.0,1.0,1.0,0.0,0.0,problem,problem,"['problem', 'problem']","['A2HM35CWB7IIFM', 'A2Q1YS118AO2BP']"
frames_tweets_196,solution,"@ISupport_Bapuji @TwitterIndia @Twitter @Jhaansaaram I request to @TwitterIndia @Twitter ..

To immediately suspend
Fake Account

A/c : @Jhaansaaram_ 
Followers :- 8195",1251586203708723206,2020-04-18,1.0,1.0,0.0,0.0,1.0,1.0,solution,solution,"['problem', 'solution']","['A2JPOXYZM5AJZZ', 'A2Q1YS118AO2BP']"
frames_tweets_197,neutral,"@sevngmilk yay, you’re back~ i’m so happy, i got my old account suspended for replying to WayV concept photos...it was Lucas, and i said “the yitties look nice...or is it the litties?” he was shirtless👀",1296598438692261888,2020-08-21,1.0,1.0,0.0,0.0,0.0,0.0,neutral,neutral,"['problem', 'neutral']","['A2YYQJ3JWA2KGD', 'A35DS4T8H1MWYD']"
frames_tweets_198,neutral,My account would get suspended if I said what I actually want to say about you Jonathan. https://t.co/sxE4cF6SbG,1217297045108723713,2020-01-15,1.0,1.0,0.0,0.0,0.0,0.0,neutral,neutral,"['neutral', 'neutral', 'solution', 'neutral', 'neutral', 'solution', 'neutral', 'neutral', 'neutral', 'problem']","['A2FCGEU5RTEWG8', 'A35DS4T8H1MWYD', 'A2Q1YS118AO2BP', 'A36SM7QM8OK3H6', 'A2FCGEU5RTEWG8', 'A2Q1YS118AO2BP', 'A2FCGEU5RTEWG8', 'AMWIBULQ4S8K3', 'A2IOT3PCS9G5RK', 'A2YYQJ3JWA2KGD']"
frames_tweets_199,solution,"The money will probably be back this week, but the reputational damage will last.

The scam that is selling other people’s content without any meaningful moderation around hate and disinformation is up. This is just the beginning of a much larger reckoning.

#StopHateForProfit https://t.co/VaGGlGYkJv",1277264800679165955,2020-06-28,1.0,1.0,0.0,0.0,1.0,1.0,solution,solution,"['problem', 'problem']","['A2UCKZZI9KBBCV', 'A3JZS32RQUWGJM']"
frames_tweets_200,neutral,"❌ Twitch Partner ""xmgrau"" (@XboxMilGrau_) has been banned! ❌

https://t.co/ijsk6nQtCO
#twitch #ban #firstban #partner #twitchpartner ✴️",1268295925652508674,2020-06-03,1.0,1.0,0.0,0.0,0.0,0.0,neutral,neutral,"['neutral', 'problem']","['A2Q1YS118AO2BP', 'A2UCKZZI9KBBCV']"
frames_tweets_201,problem,BREAKING: Justice Thomas sends shot across bow of Big Tech -- Suggests Section 230 May Not Protect Dishonest CENSORSHIP!  https://t.co/IjCT6bMbSj,1316750344286736384,2020-10-15,1.0,1.0,1.0,1.0,0.0,0.0,problem,problem,"['neutral', 'neutral']","['A2YYQJ3JWA2KGD', 'A35DS4T8H1MWYD']"
frames_tweets_202,solution,"Reported and blocked

@/becauseRadfem - Twitter ID: 1282771090956341250

Transphobia, targeted hate, harassment/abuse, propaganda and misinformation and suspicious account.

#transphobia 

https://t.co/jezOc5an05 https://t.co/knfhc5rWr6",1292630952464642048,2020-08-10,1.0,1.0,0.0,0.0,1.0,1.0,solution,solution,"['solution', 'problem']","['A2HM35CWB7IIFM', 'A2Q1YS118AO2BP']"
frames_tweets_203,neutral,"As frustrations with social media content policies mount on the left and the right, users and advertisers are taking drastic actions to express their displeasure and push for change: https://t.co/7PYgjHsl9b",1276620554632601600,2020-06-26,1.0,1.0,0.0,0.0,0.0,0.0,neutral,neutral,"['problem', 'neutral']","['A2YYQJ3JWA2KGD', 'A36SM7QM8OK3H6']"
frames_tweets_204,solution,"@Romy350 @YouLoveLucifer oh yea- she definitely needs to be ip banned, there should be no way for her to even make an account",1293268564309401600,2020-08-11,1.0,1.0,0.0,0.0,1.0,1.0,solution,solution,"['solution', 'solution']","['A36SM7QM8OK3H6', 'AMWIBULQ4S8K3']"
frames_tweets_205,solution,"Ahead of an armed rally planned for the Capitol building in Lansing, Michigan, this coming Thursday, groups are promoting violence against Gov. Gretchen Whitmer on Facebook, in violation of the social media company’s policies. #mileg 

 https://t.co/KxoIWS0wzT https://t.co/XG20HOBiFO",1259899335027896320,2020-05-11,1.0,1.0,0.0,0.0,1.0,1.0,solution,solution,"['problem', 'problem', 'solution', 'neutral']","['A1EUBMQ86K32XE', 'A2Q1YS118AO2BP', 'A36SM7QM8OK3H6', 'AJAPJJTISC36L']"
frames_tweets_206,solution,"CONFIRMED: Twitter has now temporarily suspended Giuliani’s account due to violations of their policies around Coronavirus misinformation.

Good to know that they are enforcing their rules for everyone, not just non-verified accounts.
https://t.co/AgiW4RAX8u… https://t.co/vSCLYMrPzI",1244042164134346759,2020-03-28,1.0,1.0,0.0,0.0,1.0,1.0,solution,solution,"['solution', 'problem']","['A2JPOXYZM5AJZZ', 'A2Q1YS118AO2BP']"
frames_tweets_207,solution,"What’s the point of a comprehensive Community Standards policy if you can’t enforce them?  Maharlika’s post with Kath’s picture undeniably violates the CS guidelines under Objectionable Content (Tier 2 Hate Speech) yet nothing has been done about it @Facebook.

#WeBlockAsOne https://t.co/ECwiHqNUEp",1261448026339434496,2020-05-16,1.0,1.0,0.0,0.0,1.0,1.0,solution,solution,"['solution', 'problem']","['A2HM35CWB7IIFM', 'A2JPOXYZM5AJZZ']"
frames_tweets_208,neutral,@jack $JaredNHK I’ve never been suspended Jack I’m a good twitter user,1240358799581437952,2020-03-18,1.0,1.0,0.0,0.0,0.0,0.0,neutral,neutral,"['neutral', 'neutral']","['A1FVXS8IM5QYO8', 'A2JPOXYZM5AJZZ']"
frames_tweets_209,neutral,@RoB21i THATS AMAZING and what happened to ur account did u get suspended,1267167166417248265,2020-05-31,1.0,1.0,0.0,0.0,0.0,0.0,neutral,neutral,"['neutral', 'problem']","['A2HM35CWB7IIFM', 'A2Q1YS118AO2BP']"
frames_tweets_210,problem,"@blume0901 @jjk_kjh110402 @Twitter @TwitterSupport @peachcrush_jk @BTS_twt Hello @Twitter @TwitterSupport
@peachcrush_jk is a dedicated fan account for @BTS_twt .They have never purposefully violated Twitter rules, nor posted any questionable content. Please look into this &amp; lift their suspension.",1239426990421053441,2020-03-16,1.0,1.0,1.0,1.0,0.0,0.0,problem,problem,"['solution', 'problem']","['A2Q1YS118AO2BP', 'AMWIBULQ4S8K3']"
frames_tweets_211,solution,"Katie Hopkins permanently suspended from Twitter for violating its hateful conduct policy, the social media giant says https://t.co/qUSkmfn6FM",1274060237801246720,2020-06-19,1.0,1.0,0.0,0.0,1.0,1.0,solution,solution,"['neutral', 'problem', 'solution', 'neutral', 'solution', 'solution']","['A2FCGEU5RTEWG8', 'A2Q1YS118AO2BP', 'A2IOT3PCS9G5RK', 'A2Q1YS118AO2BP', 'A2Q1YS118AO2BP', 'A36SM7QM8OK3H6']"
frames_tweets_212,problem,"I just watched as Twitter removed approximately 300 followers from my account this morning.

How is Twitter allowed to just remove people who are following me?

Retweet this post so those who want the facts and science on COVID-19 can find me once again.

Please follow &amp; RT.",1285554966762000386,2020-07-21,1.0,1.0,1.0,1.0,0.0,0.0,problem,problem,"['problem', 'solution', 'neutral', 'problem']","['A2HM35CWB7IIFM', 'A2Q1YS118AO2BP', 'A2IOT3PCS9G5RK', 'A2Q1YS118AO2BP']"
frames_tweets_213,solution,"⚠️IMPORTANT⚠️

We need to mass report &amp; block this account:

@ EXOLACECAFE 

They are a union advocating for Ch3n Out. You may have already seen their petition on Lysn. Please help us report😭 

(Do not engage please)",1217777685247811585,2020-01-16,1.0,1.0,0.0,0.0,1.0,1.0,solution,solution,"['problem', 'solution']","['A2JPOXYZM5AJZZ', 'A2Q1YS118AO2BP']"
frames_tweets_214,solution,Rudy Giuliani’s Twitter Account Suspended For Spreading False Information About Coronavirus https://t.co/jboeJiHzex,1244290123249958920,2020-03-29,1.0,1.0,0.0,0.0,1.0,1.0,solution,solution,"['solution', 'neutral']","['A3JZS32RQUWGJM', 'AMWIBULQ4S8K3']"
frames_tweets_215,problem,"@DdaengLife @Twitter @TwitterSupport @fundsforbangtan Dear @Twitter @TwitterSupport

Please remove the restrictions placed on @fundsforbangtan. They are a legitimate account that follows all rules and guidelines accordingly. 

Please restore the account soon.

Thank you 
 
#BTSARMY",1312059089921294336,2020-10-02,1.0,1.0,1.0,1.0,0.0,0.0,problem,problem,"['problem', 'problem']","['A2JPOXYZM5AJZZ', 'A2YYQJ3JWA2KGD']"
frames_tweets_216,solution,"REPORT and BLOCK! This account is saying disgusting things about G.

REPORT! 
DO NOT INTERACT 📌 account:https://t.co/ilmS6On1Yg
tweets:https://t.co/gY5bQL5DRt",1268225063947567105,2020-06-03,1.0,1.0,0.0,0.0,1.0,1.0,solution,solution,"['solution', 'solution']","['A2HM35CWB7IIFM', 'A36SM7QM8OK3H6']"
frames_tweets_217,solution,"@DamoPelham @TimRunsHisMouth They were completely bogus postings, it's not coincidence or surprising that ""her"" account was suspended. Yes he is a criminal not a martyr, and yes the police were excessive in their reaction.",1300740399829573633,2020-09-01,1.0,1.0,0.0,0.0,1.0,1.0,solution,solution,"['problem', 'problem']","['A2Q1YS118AO2BP', 'A35DS4T8H1MWYD']"
frames_tweets_218,neutral,"@CanaaniteR Mission 4: Learn use of camouflage [digitally] _primary account suspended-terminated _use of secondary
Mission 5: Identify strengths / weaknesses [personal and designated target(s)] re: Twitter &amp; FB [+other] example re: meme(s) failure to read through use of ALGO",1275908202039664642,2020-06-24,1.0,1.0,0.0,0.0,0.0,0.0,neutral,neutral,"['problem', 'neutral']","['A2Q1YS118AO2BP', 'A376F1W1MTY3J']"
frames_tweets_219,solution,If you dont get your fake account looking ass outta here. I'm about to call the twitter squad and your ass suspended. https://t.co/5q5ub3BoYN,1242543551692627969,2020-03-24,1.0,1.0,0.0,0.0,1.0,1.0,solution,solution,"['solution', 'solution']","['A22KRF782ELLB0', 'AJAPJJTISC36L']"
frames_tweets_220,solution,"@_sabanaqvi @TwitterIndia @verified Dear 
@TwitterIndia  and @verified
 I agree with your notice please suspend her account she is violating the harmony of the country and spreading venomous and hate msgs polarizing people please suspend her account .
@Twitter @TwitterSupport @TwitterRetweets @TwitterVideo",1263181474531926017,2020-05-20,1.0,1.0,0.0,0.0,1.0,1.0,solution,solution,"['solution', 'solution']","['A2UCKZZI9KBBCV', 'A36SM7QM8OK3H6']"
frames_tweets_221,problem,"BREAKING: Last week, Dennis Prager conducted a virtual Passover seder on PragerU's YouTube channel. This video is now RESTRICTED BY YOUTUBE.

@YouTube why is this video restricted? What community guideline does this video violate? https://t.co/HWQr0FuDKp",1253021690633781249,2020-04-22,1.0,1.0,1.0,1.0,0.0,0.0,problem,problem,"['problem', 'problem']","['A36SM7QM8OK3H6', 'A3GUJ6JD25FX7O']"
frames_tweets_222,neutral,"Important Alert 🚨

Many Accounts Are Getting Suspended Due To Authentication Code. If We Don't Have Authentication Code Is There Any Other Way To Get Back Account  ?? 

Anyone Knows Please Comment Many Co Fans Need It 👍

#SarkaruVaariPaata https://t.co/lBPkUgvn5h",1321803832225980416,2020-10-29,1.0,1.0,0.0,0.0,0.0,0.0,neutral,neutral,"['neutral', 'problem']","['A2FCGEU5RTEWG8', 'A2Q1YS118AO2BP']"
frames_tweets_223,solution,"I just spoke with the Managing Director of Twitter France. The account of former Malaysian PM Mahathir Mohamad must be immediately suspended. If not, Twitter would be an accomplice to a formal call for murder: Cédric O, Secretary of State for Digital Sector of France (File pic) https://t.co/OQbnceEppe",1321931623491776513,2020-10-29,1.0,1.0,0.0,0.0,1.0,1.0,solution,solution,"['problem', 'solution', 'problem', 'solution']","['A2Q1YS118AO2BP', 'A2YYQJ3JWA2KGD', 'A2Q1YS118AO2BP', 'A36SM7QM8OK3H6']"
frames_tweets_224,problem,"Hello, @Twitter &amp; @TwitterSupport

We noticed that @SUGAnews93 has been restricted.

They have never violated any Twitter rules. They're just an update fan account about SUGA of BTS and they are useful to the community.

Please remove restriction.",1292428947158777856,2020-08-09,1.0,1.0,1.0,1.0,0.0,0.0,problem,problem,"['solution', 'problem']","['A2Q1YS118AO2BP', 'AMWIBULQ4S8K3']"
frames_tweets_225,solution,"If you come across any tweet that promotes ethnic violence, report it and block the user.

Do not engage.
Rebuke is propagation and it’s counterproductive.",1319038034936057858,2020-10-21,1.0,1.0,0.0,0.0,1.0,1.0,solution,solution,"['solution', 'solution']","['A36SM7QM8OK3H6', 'A3GUJ6JD25FX7O']"
frames_tweets_226,problem,// my first rp account has been suspended because Twitter sucker punched me real hard. I only really have Cienn now. But I think it was for the better.,1298800835690811392,2020-08-27,1.0,1.0,1.0,1.0,0.0,0.0,problem,problem,"['solution', 'neutral']","['A36SM7QM8OK3H6', 'A3JZS32RQUWGJM']"
frames_tweets_227,solution,"@Michell22278282 @acaitaliasati @HKrassenstein @realDonaldTrump Russian troll using fake account says what?
Reported and blocked. https://t.co/67FxpdVBtJ",1317977452489093121,2020-10-18,1.0,1.0,0.0,0.0,1.0,1.0,solution,solution,"['problem', 'solution']","['A2Q1YS118AO2BP', 'A2UCKZZI9KBBCV']"
frames_tweets_228,problem,"Dear @TwitterIndia why did you suspend @Payal_Rohatgi account ?
This is very unfair 
Kindly restore her account
#BringBackPayal",1280744918453895169,2020-07-08,1.0,1.0,1.0,1.0,0.0,0.0,problem,problem,"['problem', 'problem']","['A2HM35CWB7IIFM', 'A2Q1YS118AO2BP']"
frames_tweets_229,problem,"A top French court has struck down much of a new law against online hate speech, ruling that it disproportionately infringed on freedom of speech https://t.co/qwEooGTs3B",1273788293260488706,2020-06-19,1.0,1.0,1.0,1.0,0.0,0.0,problem,problem,"['solution', 'problem']","['A2JPOXYZM5AJZZ', 'A2Q1YS118AO2BP']"
frames_tweets_230,problem,anyways whoever reported/got the denton rapist account suspended i hope you rot in hell 🥰🥰🥰🤪😘,1270871061215748096,2020-06-11,1.0,1.0,1.0,1.0,0.0,0.0,problem,problem,"['solution', 'problem']","['A2JPOXYZM5AJZZ', 'A2W3KKNN3CAY66']"
frames_tweets_231,solution,"Katie Hopkins, whose racist tweets the president sometimes amplified, has had her account suspended  https://t.co/BQzduhg3zb",1222897363506749442,2020-01-30,1.0,1.0,0.0,0.0,1.0,1.0,solution,solution,"['problem', 'solution']","['A2Q1YS118AO2BP', 'AJAPJJTISC36L']"
frames_tweets_232,problem,"@TwitterSupport hello. I am using another account to get in contact with you. My account has been suspended but I don't know why. I can't seem to get in contact with you, please help! I desperately want to use my Twitter account. I am referring to this account: @Hans75277736",1218428760837558272,2020-01-18,1.0,1.0,1.0,1.0,0.0,0.0,problem,problem,"['solution', 'problem']","['A2Q1YS118AO2BP', 'A36SM7QM8OK3H6']"
frames_tweets_233,problem,"This night of savage anarchy is why the Second Amendment and regulated social media are so important. With one we defend our lives, and with the other we defend the truth. When Jack Dorsey rules our infomation and George Soros rules our streets, we are doomed. #TakeAmericaBack https://t.co/zYxAmozsAp",1267028736748249089,2020-05-31,1.0,1.0,1.0,1.0,0.0,0.0,problem,problem,"['problem', 'problem']","['A2Q1YS118AO2BP', 'A36SM7QM8OK3H6']"
frames_tweets_234,solution,Who agrees that Twitter should suspend Trump's account for using the platform to encourage his followers to break the law by voting twice?,1304999902187933696,2020-09-13,1.0,1.0,0.0,0.0,1.0,1.0,solution,solution,"['problem', 'neutral', 'solution', 'solution']","['A2Q1YS118AO2BP', 'A35DS4T8H1MWYD', 'A1FVXS8IM5QYO8', 'AJAPJJTISC36L']"
frames_tweets_235,problem,"First my account was suspended without any strike , now when i open the channel with link , now its Shows This account has been terminated , even theirs no reply of my appeal , what's going on @YouTubeIndia @YouTube @YouTubeGaming @ytcreators",1273873776942317569,2020-06-19,1.0,1.0,1.0,1.0,0.0,0.0,problem,problem,"['problem', 'problem']","['A2Q1YS118AO2BP', 'AMWIBULQ4S8K3']"
frames_tweets_236,problem,"I can't belive @s8n has been suspended...

My account got this far because of you. You supported me and you made me grow to this numbers that I never thought I could reach. 
I'll be here to help you out.
We love u 😔
For now, everyone retweet to let others know of his suspension.",1223360229020258304,2020-01-31,1.0,1.0,1.0,1.0,0.0,0.0,problem,problem,"['problem', 'neutral', 'problem', 'problem']","['A2Q1YS118AO2BP', 'A35DS4T8H1MWYD', 'A36SM7QM8OK3H6', 'AJAPJJTISC36L']"
frames_tweets_237,neutral,@mutoni_kV2 They usually send a email within a few days after ur suspended to unlock ur account t,1239673060304830471,2020-03-16,1.0,1.0,0.0,0.0,0.0,0.0,neutral,neutral,"['neutral', 'neutral']","['A2IOT3PCS9G5RK', 'A3GUJ6JD25FX7O']"
frames_tweets_238,solution,"Facebook Removes Video Posted By Trump Over ‘Violation Of Platform Rules’
 https://t.co/1GapGkkude",1291143677134475264,2020-08-05,1.0,1.0,0.0,0.0,1.0,1.0,solution,solution,"['solution', 'neutral']","['A2Q1YS118AO2BP', 'AJAPJJTISC36L']"
frames_tweets_239,solution,There are still white supremacist hate groups existing on f*cebook and men making hateful and disgusting comments about women without violating their community guidelines. I’m not hateful. I said men are trash because I have the receipts.,1279276512353583112,2020-07-04,1.0,1.0,0.0,0.0,1.0,1.0,solution,solution,"['problem', 'neutral']","['A2Q1YS118AO2BP', 'A2YYQJ3JWA2KGD']"
frames_tweets_240,solution,"Wow. 

Before announcing that Trump's post suggesting ""looters"" should be gunned down would be allowed to remain on Facebook, despite the company's clear ban on content advocating violence ZUCKERBERG PERSONALLY CALLED TRUMP and had a ""productive"" call 

https://t.co/x7bSakTLkf",1267206807488847872,2020-05-31,1.0,1.0,0.0,0.0,1.0,1.0,solution,solution,"['problem', 'neutral']","['A2Q1YS118AO2BP', 'AMWIBULQ4S8K3']"
frames_tweets_241,problem,"Dear
@jack

@Twitter 

@zakishah82

Is a Political Worker And A Social Media Activist He has Never Violated Twitter Rules @TwitterSupport Has Suspendid His Account Without Any Prior Notice Or Warning.Please Restore His Account As Soon As Possible Thanks Regards",1282853238707019778,2020-07-14,1.0,1.0,1.0,1.0,0.0,0.0,problem,problem,"['problem', 'problem']","['A2UCKZZI9KBBCV', 'AMWIBULQ4S8K3']"
frames_tweets_242,solution,Guys don't interact. Pls just report and block. If you interact it only gives him/her the attention he/she wants. We don't want that right. In short you're only making him/her famous hahaha🙂 what we want is to remove the tweet or the account. Just my opinion don't attack me hehe,1272355550731268096,2020-06-15,1.0,1.0,0.0,0.0,1.0,1.0,solution,solution,"['solution', 'solution']","['A2Q1YS118AO2BP', 'A36SM7QM8OK3H6']"
frames_tweets_243,problem,"@btsvotingorg @BTS_twt Beware of antis in the reply.....
Check when the account was formed if possible ....
Go through their tweets...
Then follow
Ok Army 👌?

And no need to follow me 

But if possible follow my backup @UpAccnt so if my original account gets shadow banned I could use it.
💜",1311099294393360384,2020-09-30,1.0,1.0,1.0,1.0,0.0,0.0,problem,problem,"['problem', 'problem']","['A2Q1YS118AO2BP', 'A2YYQJ3JWA2KGD']"
frames_tweets_244,neutral,@omgluvme @bodybagmgk yes but it helped me find your account again! my main got suspended,1317955138137526272,2020-10-18,1.0,1.0,0.0,0.0,0.0,0.0,neutral,neutral,"['neutral', 'problem']","['A35DS4T8H1MWYD', 'A36SM7QM8OK3H6']"
frames_tweets_245,solution,"And of course, it's still relatively impossible to have a group removed that doesn't overtly advertise as being QAnon-promoting, but posts QAnon content regularly.
See:  
Canadians For Canada - Strong &amp; Free
United Canadians From Coast to Coast
Yellow Vests Canada
...etc. https://t.co/MDZK4doUBA",1296905348708577280,2020-08-21,1.0,1.0,0.0,0.0,1.0,1.0,solution,solution,"['problem', 'neutral']","['A2Q1YS118AO2BP', 'A3JZS32RQUWGJM']"
frames_tweets_246,problem,They suspended my account for no reason,1217914565972897795,2020-01-16,1.0,1.0,1.0,1.0,0.0,0.0,problem,problem,"['problem', 'problem']","['A2Q1YS118AO2BP', 'A376F1W1MTY3J']"
frames_tweets_247,solution,"The fist one is suspended at last. 

Please report until suspended the second account. ⬇️

👤https://t.co/EdxObjxmqk https://t.co/ZRM365JtKz",1277880078643326976,2020-06-30,1.0,1.0,0.0,0.0,1.0,1.0,solution,solution,"['solution', 'neutral']","['A2Q1YS118AO2BP', 'A35DS4T8H1MWYD']"
frames_tweets_248,problem,"Yo #saveverbalase he is genuinely a cool dude from what I can tell and enjoys making content, yet YouTube’s new rules are screwing him over, #saveverbalase",1231478828293378049,2020-02-23,1.0,1.0,1.0,1.0,0.0,0.0,problem,problem,"['problem', 'neutral']","['A2Q1YS118AO2BP', 'A3JZS32RQUWGJM']"
frames_tweets_249,neutral,Katie Hopkins' Twitter account suspended https://t.co/Ka42EOwPTo,1222854386055024641,2020-01-30,1.0,1.0,0.0,0.0,0.0,0.0,neutral,neutral,"['problem', 'neutral']","['A2Q1YS118AO2BP', 'A3IR7DFEKLLLO']"
frames_tweets_250,solution,"“The company did not catch the page despite user reports, Zuckerberg said, because the complaints had been sent to content moderation contractors who were not versed in “how certain militias” operate.” https://t.co/OZ4MQVPXSJ",1299966922188943360,2020-08-30,1.0,1.0,0.0,0.0,1.0,1.0,solution,solution,"['neutral', 'neutral']","['A2FCGEU5RTEWG8', 'A2HM35CWB7IIFM']"
frames_tweets_251,problem,"Congressman demands Facebook's #Zuckerberg explain why Donald #Trump Jr's TWITTER ACCOUNT was suspended

MORE: https://t.co/HlJqGEB2Sk https://t.co/1MPtbY75Pd",1289092542408077312,2020-07-31,1.0,1.0,1.0,1.0,0.0,0.0,problem,problem,"['neutral', 'problem', 'problem', 'problem']","['A2IOT3PCS9G5RK', 'A2Q1YS118AO2BP', 'A2Q1YS118AO2BP', 'A36SM7QM8OK3H6']"
frames_tweets_252,solution,".@twitter @jack is this your standard for a blue tick, this vile woman has crossed all the limits of decency, will you allow her to use your platform for such hate and shit?

Please suspend @Payal_Rohatgi's account @TwitterSafety @TwitterIndia #SuspendPayalRahtogi https://t.co/AxzgAExifL",1269698537257758720,2020-06-07,1.0,1.0,0.0,0.0,1.0,1.0,solution,solution,"['problem', 'problem', 'problem', 'solution']","['A2Q1YS118AO2BP', 'AMWIBULQ4S8K3', 'A2JPOXYZM5AJZZ', 'A2Q1YS118AO2BP']"
frames_tweets_253,solution,"Twitter, block this account 😂😭 https://t.co/qQ4gKT5P3C Why y’all still doing glow in the day eyebrows? Ion like det",1277289912891572224,2020-06-28,1.0,1.0,0.0,0.0,1.0,1.0,solution,solution,"['neutral', 'neutral']","['A2HM35CWB7IIFM', 'A2Q1YS118AO2BP']"
frames_tweets_254,problem,"Dear @Jack:

@twitter really stuck the fork in the light socket.

Your Censorship Department has unified most factions of the Republican Party—even those who were on the fence or even with you before today—around the dire need to reform Section 230.

Thank you,
@The_IAP https://t.co/PjwFBcx0l0",1316752523722711040,2020-10-15,1.0,1.0,1.0,1.0,0.0,0.0,problem,problem,"['problem', 'problem']","['A2Q1YS118AO2BP', 'AMWIBULQ4S8K3']"
frames_tweets_255,neutral,PACT Act takes on internet platform content rules with ‘a scalpel rather than a jackhammer’ https://t.co/96m8pEVNOe https://t.co/rUnoBvMB89,1275888816377610240,2020-06-24,1.0,1.0,0.0,0.0,0.0,0.0,neutral,neutral,"['solution', 'neutral']","['A2Q1YS118AO2BP', 'A2UCKZZI9KBBCV']"
frames_tweets_256,neutral,"Under the EARN IT Act, many online platforms may be driven to ban all sex-related content and communications. https://t.co/aTaLQuDMoI",1278621132132843520,2020-07-02,1.0,1.0,0.0,0.0,0.0,0.0,neutral,neutral,"['problem', 'problem']","['A2JPOXYZM5AJZZ', 'A2UCKZZI9KBBCV']"
frames_tweets_257,neutral,"Bloomberg has just released a draft of the EARN IT Act bill, which goes after end-to-end encryption under the guise of amending Section 230. 

I just posted a 5200-word blog post about it. https://t.co/MK75Z4rYos",1223299218573615104,2020-01-31,1.0,1.0,0.0,0.0,0.0,0.0,neutral,neutral,"['problem', 'neutral']","['A36SM7QM8OK3H6', 'A3IR7DFEKLLLO']"
frames_tweets_258,neutral,"❌ Twitch Partner ""jukes"" (@Jukeslol) has been banned! ❌

https://t.co/y4EptM4vOc
#twitch #ban #firstban #partner #twitchpartner 🕵️‍♂️",1244844927265243137,2020-03-31,1.0,1.0,0.0,0.0,0.0,0.0,neutral,neutral,"['neutral', 'neutral']","['A2YYQJ3JWA2KGD', 'A36SM7QM8OK3H6']"
frames_tweets_259,neutral,@meleelust My old account has been suspended. I'm back at it gurl.,1321559669127733249,2020-10-28,1.0,1.0,0.0,0.0,0.0,0.0,neutral,neutral,"['problem', 'neutral']","['A2Q1YS118AO2BP', 'A36SM7QM8OK3H6']"
frames_tweets_260,neutral,"Don't bother

#Section230 isn't on the list

Useless! https://t.co/CL1uLaJ3wG",1234670958905946115,2020-03-03,1.0,1.0,0.0,0.0,0.0,0.0,neutral,neutral,"['problem', 'neutral']","['A2Q1YS118AO2BP', 'A3JZS32RQUWGJM']"
frames_tweets_261,solution,"🚨Mass Report these accounts under targeted h@rassment towards ""ME"". Especially the first Account needs to be taken down ASAP.

DON'T ENGAGE JUST REPORT ❗

📌https://t.co/YfFVBElXtt
📌https://t.co/VeFRT9X69f https://t.co/rEyT4af9ho",1261712503764955137,2020-05-16,1.0,1.0,0.0,0.0,1.0,1.0,solution,solution,"['problem', 'problem', 'problem', 'neutral']","['A2Q1YS118AO2BP', 'A3O81LHBBI8NPK', 'A2Q1YS118AO2BP', 'A3JZS32RQUWGJM']"
frames_tweets_262,neutral,"#AsimRiazBirthdayIn1Week
Guys my main account got suspended due to the striking from the enemy fandom one month before.

I want it back. Apart from adding phone number.what should I do to get it back.

Please help.
#AsimRiaz #AsimSquad #Asimians 
@IamAsimRiaz1 @_kritikaRao_ https://t.co/FO8QquEKuL",1280144723458441216,2020-07-06,1.0,1.0,0.0,0.0,0.0,0.0,neutral,neutral,"['solution', 'problem']","['A2Q1YS118AO2BP', 'AMWIBULQ4S8K3']"
frames_tweets_263,problem,"RT if you can see this ⚠️

Twitter has activated a search ban on my account and are taking away my followers daily. 

🖕🏼 @jack",1319712175473283074,2020-10-23,1.0,1.0,1.0,1.0,0.0,0.0,problem,problem,"['problem', 'problem']","['A36SM7QM8OK3H6', 'A3GUJ6JD25FX7O']"
frames_tweets_264,neutral,"@SaiPHANIDhfm1 guys follow this account .. old account suspended (400 followers) .mass following needed.  Common dhfms
#SarkaruVaariPaata
@urstrulyMahesh #MaheshBabuBdayTrendOnAug8th",1290687091982995456,2020-08-04,1.0,1.0,0.0,0.0,0.0,0.0,neutral,neutral,"['problem', 'neutral']","['A3IR7DFEKLLLO', 'A3JZS32RQUWGJM']"
frames_tweets_265,problem,"@Twitter/@TwitterSupport?It makes  zero sense to suspend @Maria_Giesela’s account over some Missy Elliott appreciation content related to the viral movement that your service put in Twitter moments.

Remove the suspension.",1237532844957655041,2020-03-11,1.0,1.0,1.0,1.0,0.0,0.0,problem,problem,"['problem', 'problem']","['A2HM35CWB7IIFM', 'AMWIBULQ4S8K3']"
frames_tweets_266,neutral,@juuciferxo This is the kind of content that will get you suspended again,1234401762989133825,2020-03-02,1.0,1.0,0.0,0.0,0.0,0.0,neutral,neutral,"['problem', 'neutral']","['A2Q1YS118AO2BP', 'A35DS4T8H1MWYD']"
frames_tweets_267,solution,It appears Twitter has removed coronavirus tweets from @RudyGiuliani and @charliekirk11 for violating the platform's rules https://t.co/lsChVM9CQm,1243991952514842625,2020-03-28,1.0,1.0,0.0,0.0,1.0,1.0,solution,solution,"['neutral', 'neutral', 'neutral', 'solution']","['A2YYQJ3JWA2KGD', 'A36SM7QM8OK3H6', 'A35DS4T8H1MWYD', 'AJAPJJTISC36L']"
frames_tweets_268,solution,@isktweets Yes tag @Twitter And request them to suspend your account. 👍,1240571994556354561,2020-03-19,1.0,1.0,0.0,0.0,1.0,1.0,solution,solution,"['problem', 'problem']","['A2Q1YS118AO2BP', 'A2W3KKNN3CAY66']"
frames_tweets_269,problem,"I have not seen a biased app like twitter.
It's their choice to block someone's twitter account without knowing a reason. No idea why they are doing this with me even I do not have 500 members with me. 
Why twitter India is biased ?
@HansrajMeena 
@DevprakashIRS 
@TribalArmy",1268344286455701504,2020-06-04,1.0,1.0,1.0,1.0,0.0,0.0,problem,problem,"['problem', 'problem']","['A2Q1YS118AO2BP', 'A3GUJ6JD25FX7O']"
frames_tweets_270,solution,"Hey guess who just blocked me after a DM exchange?

@ACNHCentral is a fake giveaway account that just threatened to suspend me &amp; attempted to access my Google Account. (Screenshots as proof.)

If my account gets nixxed its due to them! REPORT and block, RT to spread the word. https://t.co/CIaOxVrEuK",1244137138289102853,2020-03-29,1.0,1.0,0.0,0.0,1.0,1.0,solution,solution,"['neutral', 'problem', 'problem', 'problem']","['A2IOT3PCS9G5RK', 'A2Q1YS118AO2BP', 'A2YYQJ3JWA2KGD', 'A3GUJ6JD25FX7O']"
frames_tweets_271,problem,"WAR! @Jack Seals his Fate by Censoring #Twitter! #Section230 Trending? Plus, New Bunkers for Anons? #GreatAwakening #NEONREVOLT – Neon Revolt https://t.co/POA1lkBaP7",1286489075780812802,2020-07-24,1.0,1.0,1.0,1.0,0.0,0.0,problem,problem,"['solution', 'neutral']","['A2Q1YS118AO2BP', 'A2YYQJ3JWA2KGD']"
frames_tweets_272,problem,"@FiddleFed please don't get banned on this account too, i'd lose 80% of the likes on my tweets",1290727714752811008,2020-08-04,1.0,1.0,1.0,1.0,0.0,0.0,problem,problem,"['problem', 'neutral']","['A3GUJ6JD25FX7O', 'AMWIBULQ4S8K3']"
frames_tweets_273,problem,"A group of Americans who came together to call for a de-escalation of the new Cold War with China had their Twitter account suspended. It is political censorship plain and simple, and a perfect example of the merger of Silicon Valley with the national security state. https://t.co/Dvyns47Sb0",1274185963321860097,2020-06-20,1.0,1.0,1.0,1.0,0.0,0.0,problem,problem,"['problem', 'problem']","['A2Q1YS118AO2BP', 'A2YYQJ3JWA2KGD']"
frames_tweets_274,solution,"Hopefully the Leafy ban is only the beginning of YouTube taking action on channels who's content is primarily at the expense of others

Harassment veiled as ""criticism""",1297297051378757632,2020-08-22,1.0,1.0,0.0,0.0,1.0,1.0,solution,solution,"['solution', 'solution', 'solution', 'problem']","['A36SM7QM8OK3H6', 'A3JZS32RQUWGJM', 'A35DS4T8H1MWYD', 'AMWIBULQ4S8K3']"
frames_tweets_275,solution,"Eleribu ni e ooo!
Stop using my name to spread fake news!! 
Guys please stop falling for these silly tweets!! Pls report and block this account and any other fake account you come across. @mrrmacaronii @_mrmacaroni @mrmacaronij @mrrmacaroni @mrmaccaronii_ @mr_macarronii #EndSARS https://t.co/ExE3EmHFb0",1317881149558083585,2020-10-18,1.0,1.0,0.0,0.0,1.0,1.0,solution,solution,"['solution', 'problem', 'solution', 'solution', 'solution', 'solution']","['A2Q1YS118AO2BP', 'A2YYQJ3JWA2KGD', 'A2HM35CWB7IIFM', 'A3GUJ6JD25FX7O', 'A2Q1YS118AO2BP', 'A3GUJ6JD25FX7O']"
frames_tweets_276,solution,"Internet companies can take real, concrete steps to counter #QAnon and conspiracy networks. 

- Stop recommending this content.
- Take down conspiracy influencers.
- Block links.
- Collaborate.
- Rethink trending content.

From @zkharazian in the @nytimes: https://t.co/UQaYXaqRIu",1294305455083266051,2020-08-14,1.0,1.0,0.0,0.0,1.0,1.0,solution,solution,"['neutral', 'problem']","['A2Q1YS118AO2BP', 'AMWIBULQ4S8K3']"
frames_tweets_277,neutral,@DonaldJTrumpJr The end of section 230,1317992603116216321,2020-10-19,1.0,1.0,0.0,0.0,0.0,0.0,neutral,neutral,"['problem', 'neutral']","['A2Q1YS118AO2BP', 'A36SM7QM8OK3H6']"
frames_tweets_278,neutral,Chuck Woolery’s account was suspended by Twitter. Square gets the X!,1283595164049723392,2020-07-16,1.0,1.0,0.0,0.0,0.0,0.0,neutral,neutral,"['problem', 'neutral']","['A2JPOXYZM5AJZZ', 'A36SM7QM8OK3H6']"
frames_tweets_279,problem,"@AskPlayStation @PlayStation i got my account banned/suspended and have no clue what i did wrong! Please help, really want to game with all my stuff",1303740219649212421,2020-09-09,1.0,1.0,1.0,1.0,0.0,0.0,problem,problem,"['neutral', 'problem']","['A2IOT3PCS9G5RK', 'A3GUJ6JD25FX7O']"
frames_tweets_280,solution,"100 more companies. It's the Bottomline &gt; Facebook policy changes fail to quell advertiser revolt as Coca-Cola pulls ads.

Company follows Unilever’s lead after platform announces shift in how it handles hate speech https://t.co/oGWJNzi9j8",1276696964646572033,2020-06-27,1.0,1.0,0.0,0.0,1.0,1.0,solution,solution,"['solution', 'neutral']","['A2Q1YS118AO2BP', 'A3O81LHBBI8NPK']"
frames_tweets_281,solution,"anyways I already had so many of the people involved in trying to blow this up blocked before, they clearly have an agenda so please block and report their account.",1305078636630999040,2020-09-13,1.0,1.0,0.0,0.0,1.0,1.0,solution,solution,"['solution', 'solution']","['A2Q1YS118AO2BP', 'A36SM7QM8OK3H6']"
frames_tweets_282,solution,"the key is to report all of their posts one by one, and then report the whole account itself. let's flock to this account, moomoos. don't engage, just report everything then block. https://t.co/k9zwhbk1pn",1283418305244487682,2020-07-15,1.0,1.0,0.0,0.0,1.0,1.0,solution,solution,"['neutral', 'neutral']","['A2IOT3PCS9G5RK', 'A35DS4T8H1MWYD']"
frames_tweets_283,solution,@NCWIndia have contacted Tik-Tok India @TikTok_IN to remove the video &amp; delete the account of #FaizalSiddiqui that instigate committing violence against women. https://t.co/1QMHpUgQs8,1262353403700637697,2020-05-18,1.0,1.0,0.0,0.0,1.0,1.0,solution,solution,"['problem', 'neutral', 'solution', 'problem']","['A2Q1YS118AO2BP', 'A35DS4T8H1MWYD', 'A2HM35CWB7IIFM', 'A2Q1YS118AO2BP']"
frames_tweets_284,solution,"The @NJamesworld account, the source of the hoax video of Keir Starmer RTd by #Tories MPs @NadineDorries, @lucyallan and @mariacaufield

... is not just **Far Right**.

'James' is James (Edwin or Edding) who has links with National Action. A banned Neo #Nazi Terrorist Group. https://t.co/EUqKmGpjGh",1261311024940167168,2020-05-15,1.0,1.0,0.0,0.0,1.0,1.0,solution,solution,"['solution', 'solution']","['A2Q1YS118AO2BP', 'A36SM7QM8OK3H6']"
frames_tweets_285,solution,"@Twitter @TwitterSupport I can't mute, block, report this tweet or person. Seems spammy and weird 
https://t.co/GaN8AKsDDb",1254957058446819329,2020-04-28,1.0,1.0,0.0,0.0,1.0,1.0,solution,solution,"['solution', 'neutral']","['A2Q1YS118AO2BP', 'A35DS4T8H1MWYD']"
frames_tweets_286,problem,"CEOs of @Google, @Facebook, and @Twitter will participate in @SenateCommerce hearing on #Section230 reform and bias against conservatives on October 28. Read more: https://t.co/sMN6EaFLP3 https://t.co/IkQJRi0Ux0",1321269962405670914,2020-10-28,1.0,1.0,1.0,1.0,0.0,0.0,problem,problem,"['neutral', 'neutral']","['A2UCKZZI9KBBCV', 'A2YYQJ3JWA2KGD']"
frames_tweets_287,problem,"""Mr. Trump cannot continue to allow me to speak as they have taken me down from Facebook, Instagram and social media. Help yourself. See, freedom of speech is not real.""~The Honorable Minister Louis #Farrakhan (10/13/19)

Now @jack suspended his Twitter account. cc: @GodisRivera https://t.co/AE9VBMnk2i",1218693504580210688,2020-01-19,1.0,1.0,1.0,1.0,0.0,0.0,problem,problem,"['problem', 'problem']","['A2Q1YS118AO2BP', 'A35DS4T8H1MWYD']"
frames_tweets_288,neutral,"Abuses have been heaped on Rangoli Chandel after her Twitter account got suspended.
The people abusing her are the same WOKES who worship Arundhati Roy and Sharjeel Imam.
https://t.co/77ghoPWfz6",1251494873150046209,2020-04-18,1.0,1.0,0.0,0.0,0.0,0.0,neutral,neutral,"['neutral', 'neutral']","['A3JZS32RQUWGJM', 'AJAPJJTISC36L']"
frames_tweets_289,solution,@SeanANon4 @M_O_T_H_3_R @OfScarberians @kadajoza Does it get reported to law enforcement by Twitter or do they just block the content? I want to make sure that everything possible gets done to save these kids from future abuse.,1292516636478578689,2020-08-09,1.0,1.0,0.0,0.0,1.0,1.0,solution,solution,"['problem', 'neutral']","['A2Q1YS118AO2BP', 'A35DS4T8H1MWYD']"
frames_tweets_290,solution,The moral bankruptcy of having a policy of taking down content that could lead to imminent harm only after it’s led to imminent harm — it’s heartbreaking that these firefighting operations are diverting strapped resources bc of disinformation on Facebook https://t.co/JgbAL55eb0,1305037464503869440,2020-09-13,1.0,1.0,0.0,0.0,1.0,1.0,solution,solution,"['solution', 'solution']","['A2HM35CWB7IIFM', 'A2Q1YS118AO2BP']"
frames_tweets_291,solution,"TUNE IN: @ChrisEvans &amp; @MarkKassen talked to #Section230 co-author, Sen. @RonWyden, about how changes brought by social media in the Information Age have failed to address hate-speech &amp; disinformation. Watch the full convo NOW exclusively on ASP 👉 https://t.co/OTk0jEOOkf https://t.co/boKpe1Tcxt",1321194089795047425,2020-10-27,1.0,1.0,0.0,0.0,1.0,1.0,solution,solution,"['neutral', 'problem']","['A2IOT3PCS9G5RK', 'A2Q1YS118AO2BP']"
frames_tweets_292,neutral,"Heritage Minister @s_guilbeault has denounced Facebook over plans to block news sharing due to Australia’s mandated licensing approach. My post argues emulating Australia would lead to blocked Canadian content, a trade challenge, and hurt Canadian media. https://t.co/zVVIpsSsgW",1302028933555134465,2020-09-04,1.0,1.0,0.0,0.0,0.0,0.0,neutral,neutral,"['problem', 'neutral']","['A2Q1YS118AO2BP', 'A35DS4T8H1MWYD']"
frames_tweets_293,neutral,Tfd_wala account suspended. 😶 https://t.co/n26ajuaffY,1244483856238964737,2020-03-30,1.0,1.0,0.0,0.0,0.0,0.0,neutral,neutral,"['problem', 'neutral']","['A2Q1YS118AO2BP', 'A2YYQJ3JWA2KGD']"
frames_tweets_294,neutral,TikTok is going to suspend my account 💀💀💀 https://t.co/qZP9e851qg,1247605695383552000,2020-04-07,1.0,1.0,0.0,0.0,0.0,0.0,neutral,neutral,"['problem', 'neutral']","['A2Q1YS118AO2BP', 'AJAPJJTISC36L']"
frames_tweets_295,solution,Why not just suspend this account until the election is decided @Twitter @Jack.  He is encouraging people to literally break the law! https://t.co/zMJZljsuQk,1304831814276730880,2020-09-12,1.0,1.0,0.0,0.0,1.0,1.0,solution,solution,"['solution', 'solution']","['A376F1W1MTY3J', 'AMWIBULQ4S8K3']"
frames_tweets_296,solution,"Dear @Twitter This Account Is Harassing @ImranKhanPTI For Ages And Spreading Venomous Propaganda And Malignant Vicious Rumours Plus Attacks His Integrity Please Suspend This Hate Monger Thanks.rt
@MeFixerr @MahmoodK69 @khurramkibaat @Lalika79 @Wasim_Wazir @TBajwa7 @i_agent101 .. https://t.co/zUgL644Ywt سلیکٹڈ آج پشاور کا دورہ کر رہے ہیں اور وہاں انڈر 21 گیمز کا افتتاح بھی کریں گے۔

انڈر 21 گیمز کے افتتاح سے زیادہ ضروری ہے کہ سلیکٹڈ صاحب اپنی مثالی حکومت کے بنائے گئے کھنڈر 21 یعنی ""بی آر ٹی"" کھنڈرات کا بھی دورہ کریں

 اور بتائیں کہ اس پراجیکٹ کا افتتاح کتنی دہائیوں بعد ہوگا۔",1237332740283998208,2020-03-10,1.0,1.0,0.0,0.0,1.0,1.0,solution,solution,"['problem', 'neutral']","['A2Q1YS118AO2BP', 'AMWIBULQ4S8K3']"
frames_tweets_297,solution,[PLEASE READ] BLOCK AND REPORT THIS ACCOUNT. DON'T ENGAGE WITH THEM. I REPEAT DON'T ENGAGE. https://t.co/0pNCaw9btU,1251875377108201473,2020-04-19,1.0,1.0,0.0,0.0,1.0,1.0,solution,solution,"['neutral', 'neutral']","['A3JZS32RQUWGJM', 'AMWIBULQ4S8K3']"
frames_tweets_298,problem,"@YouTube What are your new year's resolutions YouTube?Hopefully changing your absurd suspension policy and giving back the joy you stole. How and when did you become so corrupt?!We, your users, created and lifted you up,you're nothing without us! I really hope a better platform comes soon",1220860294173470722,2020-01-25,1.0,1.0,1.0,1.0,0.0,0.0,problem,problem,"['problem', 'problem']","['A2Q1YS118AO2BP', 'A35DS4T8H1MWYD']"
frames_tweets_299,problem,"#BringBackDrGauravPradhan

Why has @TwitterIndia suspended Dr Pradhans account?",1219015407425601536,2020-01-19,1.0,1.0,1.0,1.0,0.0,0.0,problem,problem,"['problem', 'problem']","['A2Q1YS118AO2BP', 'A2YYQJ3JWA2KGD']"
frames_tweets_300,neutral,"Guys please follow @Shik91004211..She is a Rashamian..her old account was suspended..
#RashamiDesai",1256928719194648578,2020-05-03,1.0,1.0,0.0,0.0,0.0,0.0,neutral,neutral,"['neutral', 'problem']","['A2FCGEU5RTEWG8', 'A2Q1YS118AO2BP']"
frames_tweets_301,solution,@Slowflake1601 No I mean learn why your account gets taken down,1247999560716177408,2020-04-08,1.0,1.0,0.0,0.0,1.0,1.0,solution,solution,"['problem', 'neutral']","['A2Q1YS118AO2BP', 'A3GUJ6JD25FX7O']"
frames_tweets_302,neutral,Communications Minster Paul Fletcher on Facebook’s threat to ban news content for Australia users today: https://t.co/1QvOZHRA1a,1300639159703334914,2020-09-01,1.0,1.0,0.0,0.0,0.0,0.0,neutral,neutral,"['neutral', 'neutral']","['A36SM7QM8OK3H6', 'A3JZS32RQUWGJM']"
frames_tweets_303,neutral,"Someone Promote my twitter account.... Old account suspended!!

Follow me @Masss_pirate 

SALMANIACS BOND BEYOND RELIGION",1247534131518398469,2020-04-07,1.0,1.0,0.0,0.0,0.0,0.0,neutral,neutral,"['neutral', 'problem']","['A2IOT3PCS9G5RK', 'A2Q1YS118AO2BP']"
frames_tweets_304,solution,"⚠️ATTENTION⚠️

We got a report update from Twitter, the following account had violated the Twitter Rules and their account finally got suspended.

@/LEViNFAKES account is suspended

Thank you for the hard work.

#HnDReport https://t.co/bPf0Jm36a6",1250394031047098369,2020-04-15,1.0,1.0,0.0,0.0,1.0,1.0,solution,solution,"['solution', 'solution']","['A36SM7QM8OK3H6', 'AMWIBULQ4S8K3']"
frames_tweets_305,neutral,".@RepKatiePorter to Zuckerberg: You've got 15K contractors watching murders, stabbings, suicides &amp; other gruesome videos for content moderation. You pay many of those workers under $30K &amp; you cut them off from mental health care when they leave the company even if they have PTSD. https://t.co/winhHtsAGP",1217093597293465601,2020-01-14,1.0,1.0,0.0,0.0,0.0,0.0,neutral,neutral,"['problem', 'neutral']","['A2IOT3PCS9G5RK', 'A2YYQJ3JWA2KGD']"
frames_tweets_306,solution,"@EdelMcDD I made sure to point out that she's banned from other platforms for her hateful content already. And that she has been breaking laws in Ireland with some of her livestream on their platform (eg, filming in an airport)",1245408988876980226,2020-04-01,1.0,1.0,0.0,0.0,1.0,1.0,solution,solution,"['solution', 'neutral']","['A2HM35CWB7IIFM', 'AMWIBULQ4S8K3']"
frames_tweets_307,problem,"@AGUSTD_BH @Twitter @TwitterSupport @dSUGA_1993 @BTS_twt Hello, @Twitter &amp; @TwitterSupport

@dSUGA_1993 have been suspended.

They have never violated any Twitter rules. They're just fan account of @BTS_twt SUGA who helped updating charts and artistry of the said artist.

Please remove the suspension.",1297196575832252418,2020-08-22,1.0,1.0,1.0,1.0,0.0,0.0,problem,problem,"['solution', 'problem']","['A2Q1YS118AO2BP', 'A2YYQJ3JWA2KGD']"
frames_tweets_308,solution,"Khary’s (@pikappachu) account seems to have been hacked - if you twt search “pikappachu” and click on the result it leads u to @JeffSoSosa

They tweeted and i QRTed calling it out and they immediately blocked me

‼️ Please report the account as “appears their account is hacked” https://t.co/3USEhboyxI",1285144851797946370,2020-07-20,1.0,1.0,0.0,0.0,1.0,1.0,solution,solution,"['neutral', 'neutral']","['A2JPOXYZM5AJZZ', 'A2Q1YS118AO2BP']"
frames_tweets_309,problem,"“For too long, Big Tech has hidden behind the overly vague Section 230 protections, while engaging in practices that are fundamentally un-American.”

Spot on, Senator!

@KLoeffler Introduces Bill to Stop ‘Un-American’ Big Tech Censorship of Free Speech.

https://t.co/DoMROM8iRY",1318928205047304198,2020-10-21,1.0,1.0,1.0,1.0,0.0,0.0,problem,problem,"['problem', 'problem']","['A2IOT3PCS9G5RK', 'AJAPJJTISC36L']"
frames_tweets_310,problem,A Brother’s account is suspended 😭😭 wtf is going on??? Follow him on @gahenda_ plz nnho umunwa Aribuzane ntawuwukira😂 https://t.co/37oGBgJPdJ,1219840427869855750,2020-01-22,1.0,1.0,1.0,1.0,0.0,0.0,problem,problem,"['solution', 'problem']","['A2Q1YS118AO2BP', 'A2UCKZZI9KBBCV']"
frames_tweets_311,solution,@CyberCrimeshyd @hydcitypolice i would like to report this tweet and various other abusive tweets on my timeline made my #juniorntr fans. @Twitter plz take a note of this and suspend this account! https://t.co/NjSI0HM9jI,1267886949429174275,2020-06-02,1.0,1.0,0.0,0.0,1.0,1.0,solution,solution,"['problem', 'solution', 'neutral', 'problem']","['A2IOT3PCS9G5RK', 'A2YYQJ3JWA2KGD', 'A2IOT3PCS9G5RK', 'A2Q1YS118AO2BP']"
frames_tweets_312,problem,The biggest social networks are selectively censoring information. It's time to scrap their special protections under Section 230 and start over. https://t.co/yybAlFeCYy,1316791461422264322,2020-10-15,1.0,1.0,1.0,1.0,0.0,0.0,problem,problem,"['problem', 'solution']","['A2IOT3PCS9G5RK', 'A2Q1YS118AO2BP']"
frames_tweets_313,problem,"@imAbhishek_20 @Twitter @TwitterIndia @JBMIS Dear @TwitterIndia Why did you suspend the account of a nationalist @JBMIS without any reason. This will cause your policy to disrupt Indian business. Remember? Just restart the account now.
#RestoreAccount_JBMIS",1222770843257839620,2020-01-30,1.0,1.0,1.0,1.0,0.0,0.0,problem,problem,"['problem', 'problem']","['A3GUJ6JD25FX7O', 'A3JZS32RQUWGJM']"
frames_tweets_314,problem,"My account has been suspended. 
Because a certain community reported my account maliciously.
I lost 48,000 followers in an instant.
Just because of their harassment. 
There's no reason for them. They attacked me just for fun.
Please help me. I want to restore my past popularity.",1302061970334445568,2020-09-05,1.0,1.0,1.0,1.0,0.0,0.0,problem,problem,"['problem', 'problem']","['A2Q1YS118AO2BP', 'AMWIBULQ4S8K3']"
frames_tweets_315,solution,He was also banned from multiple Doom forums for being extremely racist and liking Holocaust denier videos on his Youtube account. There's no reason for 3D Realms to let him premiere his new game during their festival https://t.co/1oQXRQARLt,1302777034750545920,2020-09-07,1.0,1.0,0.0,0.0,1.0,1.0,solution,solution,"['neutral', 'solution']","['A2FCGEU5RTEWG8', 'A2YYQJ3JWA2KGD']"
frames_tweets_316,problem,@CompNami @SuperMaxxii Account got hacked and had two factor reset and his account got permanently banned. Super dumb man,1290891770608287749,2020-08-05,1.0,1.0,1.0,1.0,0.0,0.0,problem,problem,"['problem', 'neutral']","['A1IFIK8J49WBER', 'A2IOT3PCS9G5RK']"
frames_tweets_317,problem,"Here We Go... Kyle Rittenhouse Attorney Lin Wood to Sue Twitter After Account Suspended -- Threatens to take CEO Jack Dorsey's ""A** Down"" https://t.co/TJrbnYfXdK via @gatewaypundit",1302077574726721536,2020-09-05,1.0,1.0,1.0,1.0,0.0,0.0,problem,problem,"['problem', 'problem']","['A2Q1YS118AO2BP', 'A3GUJ6JD25FX7O']"
frames_tweets_318,solution,"Hi @jack for the safety of the country and to prevent runs on medications can you please suspend @realDonaldTrump’s account. These kinds of tweets are going to cause chaos and mass panic. If not, can  you at least delete this tweet and tweets of his that involve medications? https://t.co/KMjRRh2JDP",1241637558238334976,2020-03-22,1.0,1.0,0.0,0.0,1.0,1.0,solution,solution,"['solution', 'problem', 'solution', 'problem', 'problem', 'solution', 'problem', 'solution']","['A2HM35CWB7IIFM', 'A2Q1YS118AO2BP', 'A2HM35CWB7IIFM', 'A2Q1YS118AO2BP', 'A2Q1YS118AO2BP', 'A2YYQJ3JWA2KGD', 'A2Q1YS118AO2BP', 'A3GUJ6JD25FX7O']"
frames_tweets_319,solution,".@facebook has proven that either they cannot police their tremendous platform or they are working the press with their announcements of new “rules.” Neither is good.

The advertisers who sat out July for #StopHateForProfit should really consider that they were never heard. https://t.co/k4MUnd6lIi",1296863264547078144,2020-08-21,1.0,1.0,0.0,0.0,1.0,1.0,solution,solution,"['neutral', 'solution']","['A2UCKZZI9KBBCV', 'A36SM7QM8OK3H6']"
frames_tweets_320,problem,"하방.. 보구싶다..😢)

Hello~!😭
@Twitter @TwitterSupport
 I've been following 
🆔️@BTSLAB_twt , 
🆔️@BTSvoteKing 
 for a long time and saw this account got suspended for no reason. Account owner has never violated any of Twitter rules. Please bring back the account soon.😭🙏",1216408312029175808,2020-01-12,1.0,1.0,1.0,1.0,0.0,0.0,problem,problem,"['solution', 'neutral']","['A2Q1YS118AO2BP', 'A35DS4T8H1MWYD']"
frames_tweets_321,solution,"Twitter has removed photos posted by Brazil's president, Jair Bolsonaro, that show him in a crowd of people. Why? The pictures conflict with health recommendations about how to behave during the coronavirus pandemic. Follow our live blog for updates: https://t.co/tAuvLsabZQ",1244656902149148679,2020-03-30,1.0,1.0,0.0,0.0,1.0,1.0,solution,solution,"['problem', 'neutral']","['A2Q1YS118AO2BP', 'AMWIBULQ4S8K3']"
frames_tweets_322,solution,"@adamugarba @jack Hello sir @jack 

We Nigerians kindly implore that you suspend this account on the basis of terrorism related activities.

He’s not one of us. He is an enemy to the #Endsars movement",1318228598659158016,2020-10-19,1.0,1.0,0.0,0.0,1.0,1.0,solution,solution,"['solution', 'neutral']","['A2YYQJ3JWA2KGD', 'A35DS4T8H1MWYD']"
frames_tweets_323,neutral,"@revrrlewis My twitter account was permanently suspended, and then a US congressman sued me (along with Twitter, @DevinCow and @LizMair) for $250,000,000.",1321835009813094400,2020-10-29,1.0,1.0,0.0,0.0,0.0,0.0,neutral,neutral,"['solution', 'neutral']","['A2Q1YS118AO2BP', 'A35DS4T8H1MWYD']"
frames_tweets_324,problem,"Hey @Twitter  you've shadow ban Their account @SRKsFARHA_ @iamthesgr @srk_fanzzzz
They didn't violate twitter rule  kindly look into this matter and try to resolve this issue as soon as possible....
@TwitterSupport https://t.co/gai0YmpGcS",1252516233821458432,2020-04-21,1.0,1.0,1.0,1.0,0.0,0.0,problem,problem,"['solution', 'problem']","['A2Q1YS118AO2BP', 'A2UCKZZI9KBBCV']"
frames_tweets_325,neutral,"Return of the Gatekeepers: Section 230 and the Future of Online Speech (four separate video panels) via @CatoInstitute 
https://t.co/dp6XwlM0zG",1267407163707752450,2020-06-01,1.0,1.0,0.0,0.0,0.0,0.0,neutral,neutral,"['problem', 'neutral']","['A2Q1YS118AO2BP', 'A3JZS32RQUWGJM']"
frames_tweets_326,problem,"Hello,
@Twitter @TwitterSupport
this account (@ARMYTEAMID) never violated any twitter rules. Please look into it and i’m requesting this removal of a contest and unsuspending this Twitter account.

😳💜",1217417767814483968,2020-01-15,1.0,1.0,1.0,1.0,0.0,0.0,problem,problem,"['problem', 'problem', 'problem', 'solution']","['A2Q1YS118AO2BP', 'A36SM7QM8OK3H6', 'A2UCKZZI9KBBCV', 'A3JZS32RQUWGJM']"
frames_tweets_327,neutral,When The Twitter Account You Argue With Everyday Gets Suspended 🥺🥺 https://t.co/go0uHdCMsS,1235254745721274368,2020-03-04,1.0,1.0,0.0,0.0,0.0,0.0,neutral,neutral,"['neutral', 'neutral', 'neutral', 'neutral']","['A1FVXS8IM5QYO8', 'AJAPJJTISC36L', 'A36SM7QM8OK3H6', 'AJAPJJTISC36L']"
frames_tweets_328,neutral,"Justice Department convenes a debate today about tech’s liability shield, adding to the ongoing debate in Congress about Section 230 https://t.co/MsJ6Qay3FA",1230909179277332480,2020-02-21,1.0,1.0,0.0,0.0,0.0,0.0,neutral,neutral,"['neutral', 'neutral']","['A2HM35CWB7IIFM', 'A2YYQJ3JWA2KGD']"
frames_tweets_329,solution,"@discordapp Slight snag - Your system won't let me file the report without tagging a specific message or user ID, however we don't know what account is the one being used by the ban evader!, and they've deleted their old banned accounts!

This is what we were hoping you could figure out!",1227987733215350785,2020-02-13,1.0,1.0,0.0,0.0,1.0,1.0,solution,solution,"['neutral', 'problem']","['A2Q1YS118AO2BP', 'A3JZS32RQUWGJM']"
frames_tweets_330,solution,"I Just Reported Trump For Threatening Adam Schiff...If We All Did  It,  Maybe Just Maybe,  Twitter Would Have No Other Choice But To Suspend His Account ✌",1221466973118377984,2020-01-26,1.0,1.0,0.0,0.0,1.0,1.0,solution,solution,"['problem', 'problem', 'problem', 'solution']","['A2Q1YS118AO2BP', 'A2UCKZZI9KBBCV', 'A2Q1YS118AO2BP', 'AMWIBULQ4S8K3']"
frames_tweets_331,solution,@benshapiro Why doesn't Twitter block his account?,1298796279665963008,2020-08-27,1.0,1.0,0.0,0.0,1.0,1.0,solution,solution,"['problem', 'problem']","['A2Q1YS118AO2BP', 'AJAPJJTISC36L']"
frames_tweets_332,neutral,"New Twitter rules😂😂

New rules say if you copy someone's content and you're reported you can loose your account lola😂",1263030924263985152,2020-05-20,1.0,1.0,0.0,0.0,0.0,0.0,neutral,neutral,"['solution', 'solution']","['A2Q1YS118AO2BP', 'A36SM7QM8OK3H6']"
frames_tweets_333,solution,"I call on @Twitter to suspend the account of @realDonaldTrump for inciting violence.

Keep this going!",1251475911683256323,2020-04-18,1.0,1.0,0.0,0.0,1.0,1.0,solution,solution,"['problem', 'solution', 'problem', 'solution', 'solution', 'solution', 'solution', 'neutral']","['A2Q1YS118AO2BP', 'A3JZS32RQUWGJM', 'A2Q1YS118AO2BP', 'A3JZS32RQUWGJM', 'A2HM35CWB7IIFM', 'A2Q1YS118AO2BP', 'A36SM7QM8OK3H6', 'A3JZS32RQUWGJM']"
frames_tweets_334,problem,"We need @team_mochi_😭

Pls help! Make new post.

Hello @Twitter @TwitterSupport 
I've been following @TEAM_MOCHI_    and I saw this account got suspended for no reason. The owner of this account never violated any of Twitter rules. Please bring back their account soon. Thank you",1212291645787406336,2020-01-01,1.0,1.0,1.0,1.0,0.0,0.0,problem,problem,"['problem', 'problem']","['A2Q1YS118AO2BP', 'A3GUJ6JD25FX7O']"
frames_tweets_335,solution,New from Pediatrics: social media influencers generate millions of impressions for unhealthy food and drink brands through product placement. The authors call on the FTC to strengthen regulations on YouTube product placement featuring young children. https://t.co/Yicupispun,1320739854251155456,2020-10-26,1.0,1.0,0.0,0.0,1.0,1.0,solution,solution,"['problem', 'neutral']","['A2Q1YS118AO2BP', 'A35DS4T8H1MWYD']"
frames_tweets_336,solution,Twitter temporarily suspends @TeamTrump account not the President’s for his false comment that children are almost immune from Covid saying the campaign tweet violates Twitter Rules on COVID-19 misinformation &amp; the account owner must remove the Tweet before they can Tweet again.,1291219678296248320,2020-08-06,1.0,1.0,0.0,0.0,1.0,1.0,solution,solution,"['problem', 'solution']","['A2Q1YS118AO2BP', 'A376F1W1MTY3J']"
frames_tweets_337,problem,"Eric and Graham were arguing here about mixed sex toilets in schools. Eric was in favour, Graham was against. Since then, Eric has admitted he's made indecent images of children (but still has a Twitter account, Graham has been permanently suspended for saying 'men aren't women') https://t.co/N7CY3C216F",1280526857348231173,2020-07-07,1.0,1.0,1.0,1.0,0.0,0.0,problem,problem,"['problem', 'solution']","['A3GUJ6JD25FX7O', 'AJAPJJTISC36L']"
frames_tweets_338,solution,"A Twitter account that tweeted a call to violence and claimed to be representing the position of ""Antifa"" was in fact created by a known white supremacist group, Twitter said. The company removed the account. https://t.co/rIwfuj48av",1267817323655643136,2020-06-02,1.0,1.0,0.0,0.0,1.0,1.0,solution,solution,"['problem', 'solution', 'problem', 'neutral']","['A2Q1YS118AO2BP', 'A36SM7QM8OK3H6', 'A2Q1YS118AO2BP', 'A35DS4T8H1MWYD']"
frames_tweets_339,problem,I have said over and over that #Section230 must be changed to allow American citizens to challenge #BigTech censorship. I have gone to the Senate floor to try to pass legislation to do it. Today I call on my Republican colleagues to join me. Now is the time for action,1316570071469297664,2020-10-15,1.0,1.0,1.0,1.0,0.0,0.0,problem,problem,"['problem', 'problem', 'neutral', 'problem']","['A22KRF782ELLB0', 'A36SM7QM8OK3H6', 'A2Q1YS118AO2BP', 'A35DS4T8H1MWYD']"
frames_tweets_340,problem,"@flipkartsupport @SupriyaMore01 @flipkartsupport 
My account has been blocked
Have reached multiple times to customer service &amp; also mail multiple times
But still my account is blocked
N the rply wht I got is multiple return
Pathetic
Only once I return the product coz of ur fault only
Want to activate the same",1320054781130387458,2020-10-24,1.0,1.0,1.0,1.0,0.0,0.0,problem,problem,"['problem', 'problem']","['A2Q1YS118AO2BP', 'A2W3KKNN3CAY66']"
frames_tweets_341,solution,"Can you do me a favor? Can you follow the @Remove_TrumpNow account? It’s the main account where #RemoveTrump protests will be posted. They’re now at 14k followers. Let’s see how quick we can get them to 15k! Ready, go!",1218640755813748745,2020-01-18,1.0,1.0,0.0,0.0,1.0,1.0,solution,solution,"['neutral', 'solution']","['A36SM7QM8OK3H6', 'AMWIBULQ4S8K3']"
frames_tweets_342,neutral,"Internet, social media content regulations coming in SA https://t.co/vM0xQ8g6CI https://t.co/54iPSSUeEq",1296648577381433347,2020-08-21,1.0,1.0,0.0,0.0,0.0,0.0,neutral,neutral,"['neutral', 'problem']","['A2IOT3PCS9G5RK', 'A2Q1YS118AO2BP']"
frames_tweets_343,solution,"Mass report on these accounts.  They stay in our midst and mislead our warriors and lead everyone astray.
Report such abusive accounts so that their account gets banned by evening. #CBITraceSSRKillers https://t.co/6OkpBZug87",1318029215149731840,2020-10-19,1.0,1.0,0.0,0.0,1.0,1.0,solution,solution,"['neutral', 'solution']","['A2IOT3PCS9G5RK', 'A2JPOXYZM5AJZZ']"
frames_tweets_344,neutral,@YashR066 @Sarah_Taylor30 Sarah mam this is his new account to whom u must send jersey old account suspended,1235900319726358528,2020-03-06,1.0,1.0,0.0,0.0,0.0,0.0,neutral,neutral,"['neutral', 'problem']","['A2IOT3PCS9G5RK', 'A2Q1YS118AO2BP']"
frames_tweets_345,solution,"Report this account under target harassment for tweeting hateful and offensive things about J/M. Do not engage, just report &amp; block.

| https://t.co/pUpAhkdcrH
× https://t.co/AD5OA7FURG https://t.co/Hy6ACzVCOq",1241516681123500033,2020-03-22,1.0,1.0,0.0,0.0,1.0,1.0,solution,solution,"['problem', 'problem']","['A2JPOXYZM5AJZZ', 'A2Q1YS118AO2BP']"
frames_tweets_346,neutral,"@HawleyMO @keramirez @Twitter Section 230- listening Congress?
Needs limiting at minimum.",1321811805094748161,2020-10-29,1.0,1.0,0.0,0.0,0.0,0.0,neutral,neutral,"['problem', 'neutral']","['A2Q1YS118AO2BP', 'A35DS4T8H1MWYD']"
frames_tweets_347,solution,"Ad Boycott of Facebook Keeps Growing

""Eddie Bauer, Magnolia Pictures, Ben &amp; Jerry’s and others have suspended campaigns over the platform’s content moderation practices.""

The rallying cry to Facebook is: #StopHateForProfit 

#wtpEBRC 
#wtp2020 

https://t.co/PhxQdkZjuH",1275831280823930881,2020-06-24,1.0,1.0,0.0,0.0,1.0,1.0,solution,solution,"['problem', 'solution']","['A2Q1YS118AO2BP', 'A36SM7QM8OK3H6']"
frames_tweets_348,problem,"Welcome to Pamela Karlan, the new head censor of Facebook. She describes herself as a ""snarky, bisexual, Jewish woman.""

The NYT describes her as a ""full-throated, unapologetic, liberal torch-bearer.""

https://t.co/nhQYU6ds8u https://t.co/cRioOykCIE",1258473693417811968,2020-05-07,1.0,1.0,1.0,1.0,0.0,0.0,problem,problem,"['problem', 'solution']","['A2Q1YS118AO2BP', 'A2YYQJ3JWA2KGD']"
frames_tweets_349,neutral,I am so happy to come back on my twitter account which was suspended for 18 days.,1225060903906873345,2020-02-05,1.0,1.0,0.0,0.0,0.0,0.0,neutral,neutral,"['neutral', 'solution']","['A2IOT3PCS9G5RK', 'A2Q1YS118AO2BP']"
frames_tweets_350,problem,"#FREEQUEENFPS @Twitch You need to review this ban and undo it very fast. She did not do anything with sexual suggestive content. Her partner application was going on 2 months waiting to hear back something. Do the right thing and unban her, she didn't do anything. https://t.co/GxI8mOjQrC So, I was just banned on twitch for 3 days,
For sexual suggestive content.

I'M NOT EVEN A FACECAM STREAMER.
Thanks @Twitch  :)",1279123835942514688,2020-07-03,1.0,1.0,1.0,1.0,0.0,0.0,problem,problem,"['problem', 'solution']","['A2Q1YS118AO2BP', 'A3JZS32RQUWGJM']"
frames_tweets_351,problem,"Y’all thought it was ok to mess with my bag and get my account suspended but now that I responded and said that I will get my followers to call your places of employment to stop your bag, it’s a problem.

Now y’all wanna send DMs and say it’s gone “too far”. 

Just leave me alone",1238151043906711555,2020-03-12,1.0,1.0,1.0,1.0,0.0,0.0,problem,problem,"['problem', 'problem']","['A2Q1YS118AO2BP', 'A36SM7QM8OK3H6']"
frames_tweets_352,problem,"Dear consumers of the USA! Do you know that your rights may be taken away from you by the US Senate?  
The Senate wants to limit your freedom of speech.
We, at @pissedconsumer, need to stand together with millions of people on defending Section 230.
https://t.co/eXxY4DHawN",1271399364137750531,2020-06-12,1.0,1.0,1.0,1.0,0.0,0.0,problem,problem,"['neutral', 'neutral']","['A2Q1YS118AO2BP', 'A3JZS32RQUWGJM']"
frames_tweets_353,problem,"SidHearts pls Copy &amp; Paste this..

Dear @TwitterSupport @TwitterSafety 
@Twitter 
@TwitterIndia 

My friend @Imkgauravmishra hasn't violated any Twitter guideline or rules.
Yet his account has been suspended.
Please fix this issue ASAP &amp; Restore the account of @Imkgauravmishra https://t.co/glj3cSgbt6",1267546157141553152,2020-06-01,1.0,1.0,1.0,1.0,0.0,0.0,problem,problem,"['solution', 'problem']","['A2Q1YS118AO2BP', 'A2YYQJ3JWA2KGD']"
frames_tweets_354,neutral,@SirenSaintSin No. I've had content taken down that showed a knife in the preview.,1287854864995725313,2020-07-27,1.0,1.0,0.0,0.0,0.0,0.0,neutral,neutral,"['problem', 'neutral']","['A2Q1YS118AO2BP', 'A2YYQJ3JWA2KGD']"
frames_tweets_355,solution,@nukeruanime's account is temporarily unavailable because it violates the Twitter Media Policy. Learn more.,1239796683472396289,2020-03-17,1.0,1.0,0.0,0.0,1.0,1.0,solution,solution,"['problem', 'neutral', 'problem', 'neutral', 'neutral', 'solution']","['A2Q1YS118AO2BP', 'A35DS4T8H1MWYD', 'A2JPOXYZM5AJZZ', 'A376F1W1MTY3J', 'A2FCGEU5RTEWG8', 'A2Q1YS118AO2BP']"
frames_tweets_356,problem,"Going live on twitter today to discuss the ever changing ban on my my account and the laptop. 

If twitter shuts down the feed, I’ll go live again, again, and again. 

Today, America needs to hear from an advocate.",1318928194842562560,2020-10-21,1.0,1.0,1.0,1.0,0.0,0.0,problem,problem,"['problem', 'neutral']","['A36SM7QM8OK3H6', 'AMWIBULQ4S8K3']"
frames_tweets_357,neutral,"@MingjueChen It’s very depressing... even on Kotaku, an article reported a streamer saying if she had the virus she’d spread it as much as possible to get rid of the older generation, then said it was a joke when Twitch banned her account. :(",1253640698567499778,2020-04-24,1.0,1.0,0.0,0.0,0.0,0.0,neutral,neutral,"['problem', 'problem']","['A2Q1YS118AO2BP', 'A2YYQJ3JWA2KGD']"
frames_tweets_358,solution,nevies @saynicha is the admin of @SOOJINSPIC (the account that sexualized sj) and is also the admin of @GIDLEFOCUS make sure to block and report https://t.co/0Qg40X3aS5,1275539388445986818,2020-06-23,1.0,1.0,0.0,0.0,1.0,1.0,solution,solution,"['solution', 'problem']","['A2Q1YS118AO2BP', 'A2UCKZZI9KBBCV']"
frames_tweets_359,solution,"Facebook has released results of a two-year independent audit—which concludes the platform must do more to stop hate speech and voter suppression.

The auditors also fault Facebook for keeping up Trump posts that ""clearly violated"" the company's policies.
https://t.co/BrNOpqZWEH",1280930499234541575,2020-07-08,1.0,1.0,0.0,0.0,1.0,1.0,solution,solution,"['neutral', 'solution']","['A35DS4T8H1MWYD', 'A36SM7QM8OK3H6']"
frames_tweets_360,solution,"Hundreds of advertisers including @CocaCola and @adidas say they will boycott advertising on @Facebook because it doesn't do enough to remove racist content.

Join us in asking more companies to pull their ads from Facebook and #StopHateForProfit. 
https://t.co/Mx7Mk35pab",1282128974093717506,2020-07-12,1.0,1.0,0.0,0.0,1.0,1.0,solution,solution,"['solution', 'problem']","['A2Q1YS118AO2BP', 'A35DS4T8H1MWYD']"
frames_tweets_361,solution,"Rudy Giuliani posted a tweet featuring misinformation about the coronavirus and Michigan Governor Gretchen Whitmer, which was then deleted by Twitter because it violated the platform's rules. https://t.co/1KLg6PB9xS",1244055972336807936,2020-03-29,1.0,1.0,0.0,0.0,1.0,1.0,solution,solution,"['problem', 'problem']","['A2JPOXYZM5AJZZ', 'A2Q1YS118AO2BP']"
frames_tweets_362,neutral,@Londog71Lonny looks like sh-twitter suspended his account.,1305950563264278528,2020-09-15,1.0,1.0,0.0,0.0,0.0,0.0,neutral,neutral,"['solution', 'problem']","['A2Q1YS118AO2BP', 'A2YYQJ3JWA2KGD']"
frames_tweets_363,problem,"@_TheWorkingMan Hi everyone! This is the alt account for @_TheWorkingMan. Just an update, I’ve been suspended again, this time for a week. Only about a half hour between one suspension ending and earning a new one. Fuck Twitter. This is what did it this time.👇 https://t.co/kjwAoEDk5x",1318732496830345222,2020-10-21,1.0,1.0,1.0,1.0,0.0,0.0,problem,problem,"['problem', 'problem']","['A2FCGEU5RTEWG8', 'A2Q1YS118AO2BP']"
frames_tweets_364,neutral,"the anon account was also rting memes and asking ppl to not send nudes.

1.) they don’t have a twt account. it was taken down by twitter in 2014 during the ferguson protests.

2.) why would a serious untrackable group of hackers leave dms open, rt memes, AND be on a blocklist?",1267012225144729600,2020-05-31,1.0,1.0,0.0,0.0,0.0,0.0,neutral,neutral,"['problem', 'neutral', 'neutral', 'problem']","['A2Q1YS118AO2BP', 'A35DS4T8H1MWYD', 'A2Q1YS118AO2BP', 'A2YYQJ3JWA2KGD']"
frames_tweets_365,neutral,Twitter is making the case that they’re a publisher. Section 230 reform is needed. https://t.co/7aTLLBeFph,1314952336389922817,2020-10-10,1.0,1.0,0.0,0.0,0.0,0.0,neutral,neutral,"['solution', 'problem']","['A2Q1YS118AO2BP', 'A36SM7QM8OK3H6']"
frames_tweets_366,solution,@ChuckRossDC She was suspended for doxing people who left crude messages in her DMs.  Violated their social media policy,1221835079233744896,2020-01-27,1.0,1.0,0.0,0.0,1.0,1.0,solution,solution,"['neutral', 'neutral']","['A2IOT3PCS9G5RK', 'AMWIBULQ4S8K3']"
frames_tweets_367,neutral,New Twitter as my old account got suspended.  Always been a bad man. 🤥 #nofollowers,1321738120895832065,2020-10-29,1.0,1.0,0.0,0.0,0.0,0.0,neutral,neutral,"['neutral', 'neutral']","['A35DS4T8H1MWYD', 'AMWIBULQ4S8K3']"
frames_tweets_368,solution,"Twitter announced that it had shut down more than 170,000 accounts tied to the Chinese government. Experts working with Twitter who reviewed the accounts said they pushed deceptive narratives around the Hong Kong protests, Covid-19, and other topics. https://t.co/xtjhrChgKC",1271497114099560450,2020-06-12,1.0,1.0,0.0,0.0,1.0,1.0,solution,solution,"['solution', 'solution']","['A35DS4T8H1MWYD', 'A3GUJ6JD25FX7O']"
frames_tweets_369,solution,Twitter suspended the account of the head of U.S. Customs and Border Protection for touting progress on the border wall. Twitter said the tweet below violated a policy against 'hateful conduct.' From @FDRLST: https://t.co/8f1cVUp5pl https://t.co/tv8ZnT9Gyf,1321839826375684097,2020-10-29,1.0,1.0,0.0,0.0,1.0,1.0,solution,solution,"['problem', 'problem']","['A2HM35CWB7IIFM', 'A2Q1YS118AO2BP']"
frames_tweets_370,problem,"Hello 
@Twitter
@TwitterSupport

I've been following 
@jin_madnae
for a long time and saw this account got suspended for no reason. Account owner has never violated any of Twitter rules. Please bring back the account soon. Thank you",1256544328966500363,2020-05-02,1.0,1.0,1.0,1.0,0.0,0.0,problem,problem,"['solution', 'problem']","['A2Q1YS118AO2BP', 'A2YYQJ3JWA2KGD']"
frames_tweets_371,solution,"u guys that account is an old account hating on s/f9 for a long time now &amp; they're probably back just to stir more hate &amp; give attention to the issues happening on the fandom rn. they're a troll. let's report and block AND avoid engaging or better yet, do not engage any further. https://t.co/dmmWEJ1ZQP",1303626707484590082,2020-09-09,1.0,1.0,0.0,0.0,1.0,1.0,solution,solution,"['neutral', 'neutral']","['A2IOT3PCS9G5RK', 'A35DS4T8H1MWYD']"
frames_tweets_372,neutral,"Guys please follow karo Inko

All account suspended Inka ho gaya hai

@SohailFaarzeni1 😍🙏👈

@AahilKhan_SK ❤🙏👈

@Beingvicky_vs 🤩🙏👈

@KibriyaSaha 😎🙏👈

Die Hard fan of @BeingSalmanKhan

Kattar salmaniac bhai hai

200% follow back milega

I love❤😘 salman bhai https://t.co/HihPJpGq2T",1227973150266118144,2020-02-13,1.0,1.0,0.0,0.0,0.0,0.0,neutral,neutral,"['neutral', 'solution']","['A2JPOXYZM5AJZZ', 'A2Q1YS118AO2BP']"
frames_tweets_373,solution,"GOOD NEWS: YouTube has banned the kooky QAnon conspiracy content targeted at individuals, and embraced and retweeted by #ConspiracyTrump. 

They are a clear and present DANGER to America.
https://t.co/hsqW6FBCsx",1316835314699317251,2020-10-15,1.0,1.0,0.0,0.0,1.0,1.0,solution,solution,"['problem', 'solution']","['A3EBUBRYCKB6AF', 'AJAPJJTISC36L']"
frames_tweets_374,neutral,@RepMattGaetz Section 230 must go now!,1316579622348259328,2020-10-15,1.0,1.0,0.0,0.0,0.0,0.0,neutral,neutral,"['neutral', 'problem']","['A2Q1YS118AO2BP', 'A35DS4T8H1MWYD']"
frames_tweets_375,solution,"@adamugarba @jack See this bastard! 
@jack please suspend his account, he is the man we calling SARS, he’s the founder and sponsor of SARS jack",1316586502923710464,2020-10-15,1.0,1.0,0.0,0.0,1.0,1.0,solution,solution,"['problem', 'problem']","['A2Q1YS118AO2BP', 'A2UCKZZI9KBBCV']"
frames_tweets_376,problem,I made it 1 week before Twitter blocked my account for 3 days. I don’t understand?!,1255184687942651904,2020-04-28,1.0,1.0,1.0,1.0,0.0,0.0,problem,problem,"['neutral', 'solution']","['A2FCGEU5RTEWG8', 'A2Q1YS118AO2BP']"
frames_tweets_377,solution,"@RealKHiveQueenB And yet her account is still up, not even suspended.",1283177093971316736,2020-07-14,1.0,1.0,0.0,0.0,1.0,1.0,solution,solution,"['problem', 'problem']","['A2Q1YS118AO2BP', 'AJAPJJTISC36L']"
frames_tweets_378,problem,"Tacha's Instagram account has been on shadow ban for a while now and it's not funny. It's restricting her account from growing as fast as it should. We are literally begging now. @instagram  please free @Symply_Tacha account, we hope for a good result. Thanks #instagramFreeTacha https://t.co/XeRcLJ6PdK",1292025198003224577,2020-08-08,1.0,1.0,1.0,1.0,0.0,0.0,problem,problem,"['solution', 'problem']","['A2Q1YS118AO2BP', 'A2YYQJ3JWA2KGD']"
frames_tweets_379,neutral,"#GoodMorning 

Greetings my followers friends, I just created a new account just in case twiter block my main account. Thank you 🙋🏻‍♂️🏄🏻‍♂️🌊

 ❤️😘😍
#BeachLife #Surf #SaltLife #Goodvibesonly  #ILY #TeAmo #Enjoytheview https://t.co/2kUyZtwiwS",1222263002780459010,2020-01-28,1.0,1.0,0.0,0.0,0.0,0.0,neutral,neutral,"['problem', 'neutral']","['A2Q1YS118AO2BP', 'A36SM7QM8OK3H6']"
frames_tweets_380,solution,"[!] If you haven not done so, please block and report this specific account that has been taking negative actions against Chen.

You know your stance. We know what we stand for. Let us help each other.

#IEXOLsTakeStance
#EXO #엑소 @weareoneEXO https://t.co/7cLQAUd1B3",1218114753236594688,2020-01-17,1.0,1.0,0.0,0.0,1.0,1.0,solution,solution,"['problem', 'solution']","['A1IFIK8J49WBER', 'A2Q1YS118AO2BP']"
frames_tweets_381,problem,"Don't show the truth about atrocities done by pak army, ISI and imrand govt or else your account will get suspended. @TwitterIndia @Twitter have you guys started working on the payroll of pak govt? Bring back @FrontalAssault1
@7ru7h_1 @drapr007",1321689951482699776,2020-10-29,1.0,1.0,1.0,1.0,0.0,0.0,problem,problem,"['problem', 'problem']","['A2Q1YS118AO2BP', 'A2YYQJ3JWA2KGD']"
frames_tweets_382,solution,"just fyi later when i have time, i will be chainblocking this account &amp; blocking every single account who retweeted their pinned tweet. please do not interact, just report and block https://t.co/dK33OszSqE",1216722813932851203,2020-01-13,1.0,1.0,0.0,0.0,1.0,1.0,solution,solution,"['solution', 'neutral']","['A2Q1YS118AO2BP', 'AMWIBULQ4S8K3']"
frames_tweets_383,solution,Dear @Twitter why is he allowed to do this? This most certainly violates user rules. He is falsely accusing another user @JoeNBC of murder. He is publicly harassing a family who lost a child. This is not okay. Please suspend @realDonaldTrump account. https://t.co/uKCvLpRlUc,1264687587870019584,2020-05-24,1.0,1.0,0.0,0.0,1.0,1.0,solution,solution,"['solution', 'problem']","['A36SM7QM8OK3H6', 'AMWIBULQ4S8K3']"
frames_tweets_384,solution,"Please report this account everyone @LensSniper a vile racist who in one of his tweets, when I was reporting him, actually had ""put your foot down and run them over""

I've reported and blocked - this terrorist is inciting murder 

Very anti anyone he calls far leftists and #BLM",1275200666454155270,2020-06-22,1.0,1.0,0.0,0.0,1.0,1.0,solution,solution,"['solution', 'problem']","['A2HM35CWB7IIFM', 'A2Q1YS118AO2BP']"
frames_tweets_385,neutral,"I’m back my account was suspended by Twitter that’s why I didn’t say anything before.                                 Congratulations to all SSrians on such a big victory but its a first step. I hope &amp; pray SSR gets justice. 
  #1stStepToSSRJustice",1296150923182518272,2020-08-19,1.0,1.0,0.0,0.0,0.0,0.0,neutral,neutral,"['neutral', 'problem']","['A2HM35CWB7IIFM', 'A3GUJ6JD25FX7O']"
frames_tweets_386,solution,"TW // suicide , self harm , death 
❗️If you see video from @/gaybed6 PLEASE DO NOT WATCH IT, it's a suicide video and has a lot of gore and other triggering content. do not engage with the account, block and report immediately!!!! ❗️ 
https://t.co/Hx0CKnrgkz https://t.co/s1qZ0r3lnU",1260651880255852547,2020-05-13,1.0,1.0,0.0,0.0,1.0,1.0,solution,solution,"['problem', 'neutral']","['A2Q1YS118AO2BP', 'AJAPJJTISC36L']"
frames_tweets_387,solution,"@hexenfree @PenisSkinSlicer @KawaiiartsMr People shouldn't forget about this. His account should be taken down. He's sexualizing 9 year olds for goodness sakes, how did he not mean it? Not to mention he's traced multiple times. Now he thinks he's going to do it behind closed doors? What the hell? https://t.co/oJ44lqjDex",1249750314019946500,2020-04-13,1.0,1.0,0.0,0.0,1.0,1.0,solution,solution,"['problem', 'neutral']","['A2Q1YS118AO2BP', 'AMWIBULQ4S8K3']"
frames_tweets_388,solution,"Katie Hopkins, despicable racist and all-around terrible human, has been permanently banned from Twitter.

One of her last tweets: complaining about food-insecure children being fed during a pandemic.

 https://t.co/lwlTDq1kTH",1274091355980128256,2020-06-19,1.0,1.0,0.0,0.0,1.0,1.0,solution,solution,"['solution', 'solution']","['A2HM35CWB7IIFM', 'A2YYQJ3JWA2KGD']"
frames_tweets_389,solution,"""Content that wishes, hopes or expresses a desire for death, serious bodily harm, or fatal disease against an individual is against our rules (unless it’s directed at Black women).” - Twitter https://t.co/0OOWashR9E",1312406440624168971,2020-10-03,1.0,1.0,0.0,0.0,1.0,1.0,solution,solution,"['problem', 'solution']","['A2Q1YS118AO2BP', 'A36SM7QM8OK3H6']"
frames_tweets_390,problem,"It is alarming that @YouTube now relies on the @WHO’s biased recommendations to decide what video content to take down.
 
The @WHO gave inaccurate information about the spread of the virus, still parrots Chinese propaganda, and fought @realDonaldTrump’s China travel ban. https://t.co/eTG9JG2eRs",1252942105317498880,2020-04-22,1.0,1.0,1.0,1.0,0.0,0.0,problem,problem,"['neutral', 'problem', 'neutral', 'problem']","['A2Q1YS118AO2BP', 'A35DS4T8H1MWYD', 'A2Q1YS118AO2BP', 'A35DS4T8H1MWYD']"
frames_tweets_391,problem,Dear @TwitterSupport @jack @WillOremus @esquire @GMA @ginacarano the most positive and wholesome account on Twitter is still suspended &amp; I kindly ask the account be reinstated! @BabyYodaBaby brings so much joy to 250K followers &amp; his fans deeply miss him. Someone please help 💚 https://t.co/4IgYUqQZiS,1222389592885612544,2020-01-29,1.0,1.0,1.0,1.0,0.0,0.0,problem,problem,"['solution', 'problem']","['A2Q1YS118AO2BP', 'A36SM7QM8OK3H6']"
frames_tweets_392,problem,@mosseri Hey @mosseri my Instagram account was wrongfully banned with 100K followers on it  for over a few months now and I can’t get in contact with anything but a bot. I’d greatly appreciate your help to recover it if possible. Regardless have a great day,1248674917660479491,2020-04-10,1.0,1.0,1.0,1.0,0.0,0.0,problem,problem,"['neutral', 'problem']","['A2IOT3PCS9G5RK', 'A36SM7QM8OK3H6']"
frames_tweets_393,solution,Twitter #transparency report: Removal requests - January to June 2019 https://t.co/oosb9M5Wwk adult content and defaming content on @actorvijay and @actorsuriyashivakumar,1294356032295022592,2020-08-14,1.0,1.0,0.0,0.0,1.0,1.0,solution,solution,"['problem', 'problem']","['A2JPOXYZM5AJZZ', 'A2Q1YS118AO2BP']"
frames_tweets_394,solution,"‼️MASS REPORT AND DON’T ENGAGE. How many times we need to tell to not respond to this haters and just report and block. 

Mass report under hacked/fake account to suspend! 
❌ https://t.co/7DcJ5EzzyG https://t.co/hqV5n0Vims",1315164832337850370,2020-10-11,1.0,1.0,0.0,0.0,1.0,1.0,solution,solution,"['problem', 'solution']","['A2Q1YS118AO2BP', 'A36SM7QM8OK3H6']"
frames_tweets_395,solution,"@verified @TwitterSupport
Twitter Suspend Marco Account 
 #TwitterSuspendMarcoAccount",1320817219224350720,2020-10-26,1.0,1.0,0.0,0.0,1.0,1.0,solution,solution,"['neutral', 'neutral']","['A2IOT3PCS9G5RK', 'A36SM7QM8OK3H6']"
frames_tweets_396,neutral,"Finally got my Account Back
It was blocked from yesterday...!!

#ArrestSSRKillers https://t.co/6uvBPx4gNs",1297075815914512390,2020-08-22,1.0,1.0,0.0,0.0,0.0,0.0,neutral,neutral,"['problem', 'neutral']","['A2Q1YS118AO2BP', 'A35DS4T8H1MWYD']"
frames_tweets_397,neutral,Tweeting from my old account. Twitter has blocked verified users from Tweeting as they investigate the company breach.,1283526999961677827,2020-07-15,1.0,1.0,0.0,0.0,0.0,0.0,neutral,neutral,"['problem', 'neutral']","['A2Q1YS118AO2BP', 'A36SM7QM8OK3H6']"
frames_tweets_398,neutral,"-carousell scam thread?-
[help rt if u want HAHA] 
i may have been scammed? LOL okay just read on~
so basically a few months back, i decided to get a few pcs from this carousell user @/jkbun! (who is currently suspended for very obvious reasons )🤗++",1231886402477932545,2020-02-24,1.0,1.0,0.0,0.0,0.0,0.0,neutral,neutral,"['neutral', 'problem']","['A2IOT3PCS9G5RK', 'A2Q1YS118AO2BP']"
frames_tweets_399,solution,"my sister saw censored furry porn on her IG feed and watching her horrified look made me laugh so hard, she even reported it and blocked the original account",1271297474540343296,2020-06-12,1.0,1.0,0.0,0.0,1.0,1.0,solution,solution,"['problem', 'neutral']","['A2Q1YS118AO2BP', 'AMWIBULQ4S8K3']"
frames_tweets_400,problem,We've said before that content moderation is broken. Here are 6 stories from our friends at Mozilla that look at the ways content moderation can hurt innocent people https://t.co/BiWZZLt1E2,1257591930604535808,2020-05-05,1.0,1.0,1.0,1.0,0.0,0.0,problem,problem,"['solution', 'problem']","['A2Q1YS118AO2BP', 'A3GUJ6JD25FX7O']"
frames_tweets_401,solution,"tw // dea/th th/reats

th is getting massive h*te and personal att*cks on tiktok, people wish him to d*e and make several videos of that. that account even gained followers after we called them out. please go report and block, this is sick. https://t.co/YGtufzri7K",1252999750380474368,2020-04-22,1.0,1.0,0.0,0.0,1.0,1.0,solution,solution,"['solution', 'solution']","['A2Q1YS118AO2BP', 'A36SM7QM8OK3H6']"
frames_tweets_402,solution,Who wants Trump to see that his account has been suspended at 12:01 January 20th as soon as he tries to tweet about the suckers and losers who cheated him out of the election?🙋‍♂️,1303486319113285632,2020-09-09,1.0,1.0,0.0,0.0,1.0,1.0,solution,solution,"['neutral', 'problem']","['A2IOT3PCS9G5RK', 'A2Q1YS118AO2BP']"
frames_tweets_403,solution,"@AestheticLiIia1 @J0onJ Oh I will, people will be hating on you. And, I’ll tell everyone to report you so I get your account suspended. Each one of your accounts even if I don’t know it, will get exposed someday sweetheart. Also, you still have ignored my comment about why you scam.",1277279483272159233,2020-06-28,1.0,1.0,0.0,0.0,1.0,1.0,solution,solution,"['problem', 'solution']","['A2Q1YS118AO2BP', 'A2UCKZZI9KBBCV']"
frames_tweets_404,problem,"Alison Weir: Israeli government &amp; the ADL, which advocates for Israel, help #Facebook executives decide which content to censor. Perhaps it’s no coincidence that Palestinians’ Facebook pages are increasingly being removed.
Details: https://t.co/4nGI8BeDAD https://t.co/PtY9YEZI95",1224741390082609153,2020-02-04,1.0,1.0,1.0,1.0,0.0,0.0,problem,problem,"['problem', 'problem']","['A2Q1YS118AO2BP', 'A35DS4T8H1MWYD']"
frames_tweets_405,solution,YouTube announces plans to ban content related to QAnon https://t.co/VJA0EYayRw,1316841070353764353,2020-10-15,1.0,1.0,0.0,0.0,1.0,1.0,solution,solution,"['neutral', 'neutral']","['A2HM35CWB7IIFM', 'A3GUJ6JD25FX7O']"
frames_tweets_406,solution,@thehill Twitter should suspend your account for this.,1242439271681683456,2020-03-24,1.0,1.0,0.0,0.0,1.0,1.0,solution,solution,"['solution', 'solution']","['A2Q1YS118AO2BP', 'A3GUJ6JD25FX7O']"
frames_tweets_407,solution,"The user @cIoutIessm you follow was suspended, and I suspect that this was because of hateful language. Your tweets bother me – you should stop using hate speech to avoid suspension.@TheSonOfGodVEVO",1292111561503506435,2020-08-08,1.0,1.0,0.0,0.0,1.0,1.0,solution,solution,"['solution', 'solution']","['A2UCKZZI9KBBCV', 'A3GUJ6JD25FX7O']"
frames_tweets_408,neutral,"@Massive_Gain1 @Ke_Nny_  Pls follow , I follow back instantly. Account got suspended 🙏
Help me reach 3k to be able to follow more 🙏
Turn on notifications to gain more🙏",1259915282581196802,2020-05-11,1.0,1.0,0.0,0.0,0.0,0.0,neutral,neutral,"['problem', 'neutral']","['A2Q1YS118AO2BP', 'A3JZS32RQUWGJM']"
frames_tweets_409,solution,"I can’t emphasize enough the elegance of Twitter’s policy here. In no way is Twitter suppressing the President’s speech (which they have right to do as a private platform). They are instead eliminating use of their social media tools to help spread it. This is good policy, @jack.",1304973711938854913,2020-09-13,1.0,1.0,0.0,0.0,1.0,1.0,solution,solution,"['solution', 'solution']","['A35DS4T8H1MWYD', 'A36SM7QM8OK3H6']"
frames_tweets_410,problem,"@RealJamesWoods Twitter suspended the account that posted the video. Luckily I saved it. Here it is: 

RETWEET!

#ConservativeCensorship https://t.co/AGsOPpX0sk",1314319038546423810,2020-10-08,1.0,1.0,1.0,1.0,0.0,0.0,problem,problem,"['problem', 'problem']","['A2Q1YS118AO2BP', 'A3IR7DFEKLLLO']"
frames_tweets_411,problem,Going to the Senate floor NOW to try to force a vote on #Section230 to stop #BigTech censorship - Republicans must stand up and be counted,1319013116789882880,2020-10-21,1.0,1.0,1.0,1.0,0.0,0.0,problem,problem,"['problem', 'problem']","['A2HM35CWB7IIFM', 'A2Q1YS118AO2BP']"
frames_tweets_412,neutral,French Court Strikes Down Most of Online Hate Speech Law https://t.co/CrAb2GghAH https://t.co/lVAp1wbydG,1274388431301304324,2020-06-20,1.0,1.0,0.0,0.0,0.0,0.0,neutral,neutral,"['problem', 'neutral']","['A2Q1YS118AO2BP', 'A376F1W1MTY3J']"
frames_tweets_413,neutral,"@realDonaldTrump The USA does have Freedom of the Press, we have Investigation of the Trump Russia Story, or just plain True News. So much has been learned in the last two weeks about how outstanding our Media is, and now Big Tech, maybe even better. Keep Section 230!",1321515995996037121,2020-10-28,1.0,1.0,0.0,0.0,0.0,0.0,neutral,neutral,"['neutral', 'solution']","['A2JPOXYZM5AJZZ', 'A2Q1YS118AO2BP']"
frames_tweets_414,neutral,"@AlexHager If this is about the ban you tweeted the Support team about, they take appeals here if eligible: https://t.co/KqHgsq2s0q",1300433249831989249,2020-08-31,1.0,1.0,0.0,0.0,0.0,0.0,neutral,neutral,"['problem', 'solution']","['A2Q1YS118AO2BP', 'A3JZS32RQUWGJM']"
frames_tweets_415,solution,"Why no 48 hour boycott and demand for Twitter to suspend Alan Sugar's account?

It's not even his first blatantly racist tweet, he's had several. 

https://t.co/mBgOcjgoQi",1289959318788349953,2020-08-02,1.0,1.0,0.0,0.0,1.0,1.0,solution,solution,"['problem', 'solution']","['A2Q1YS118AO2BP', 'A3JZS32RQUWGJM']"
frames_tweets_416,neutral,"BREAKING: citing #Section230 a Virginia state judge has just dismissed @twitter from @DevinNunes’ lawsuit hoping to unmask @DevinCow and @NunesAlt 

@CourthouseNews https://t.co/kcz0Ek653l",1275899963118100480,2020-06-24,1.0,1.0,0.0,0.0,0.0,0.0,neutral,neutral,"['neutral', 'neutral']","['A2Q1YS118AO2BP', 'AMWIBULQ4S8K3']"
frames_tweets_417,neutral,@RealTroopLover @wojespn Shouldn’t u be busy begging ur followers to follow ur 80th account because ur “seriously gonna get suspended again at any moment”?,1281655471972245504,2020-07-10,1.0,1.0,0.0,0.0,0.0,0.0,neutral,neutral,"['solution', 'neutral']","['A2Q1YS118AO2BP', 'AJAPJJTISC36L']"
frames_tweets_418,solution,"Delhi Police please arrest @RanaAyyub 

Also would request @TwitterIndia @Twitter to suspend her account. https://t.co/sWopXldPLZ",1232631795125850116,2020-02-26,1.0,1.0,0.0,0.0,1.0,1.0,solution,solution,"['problem', 'problem']","['A2Q1YS118AO2BP', 'AMWIBULQ4S8K3']"
frames_tweets_419,solution,@roblox pls help me out if you could just be able to block and take @ItzLily___  account away she is a scammer and I don’t want her to scamm anyone else. She is using her account to scamm and should get banned!! https://t.co/wNtZbp3vvE,1278787172720664603,2020-07-02,1.0,1.0,0.0,0.0,1.0,1.0,solution,solution,"['solution', 'solution']","['A2Q1YS118AO2BP', 'AMWIBULQ4S8K3']"
frames_tweets_420,solution,"y'alllll if you have an Instagram account report and block @/bulimicjunglisa this person is sick talking shits about j*ungkook ‼️‼️

https://t.co/eUseLIZzic

https://t.co/2RL9P8UiFT https://t.co/yyFb5X0rHN",1245682488489340928,2020-04-02,1.0,1.0,0.0,0.0,1.0,1.0,solution,solution,"['problem', 'neutral']","['A2Q1YS118AO2BP', 'A3JZS32RQUWGJM']"
frames_tweets_421,problem,"WE ARE BACK ON INSTAGRAM. 

Shadow ban still on but we will fix it with time. The most important thing now is that we can login to our account. 

ELITES, have we been resting?👀. 
It’s not the time to rest please. 
We NEED TO FOCUS ON VOTING ERICA please🙏🏾. 

#bbnaija #VOTEErica https://t.co/if2ELwWWu3",1298194631822319616,2020-08-25,1.0,1.0,1.0,1.0,0.0,0.0,problem,problem,"['neutral', 'problem']","['A2IOT3PCS9G5RK', 'A2Q1YS118AO2BP']"
frames_tweets_422,solution,"Social media live-streaming platform Twitch just suspended President Trump's account for ""hateful conduct.""  

This comes just hours after Reddit banned the The_Donald subreddit.

Today is a good day folks.

Retweet if Twitter should ban @realDonaldTrump",1277843401317273601,2020-06-30,1.0,1.0,0.0,0.0,1.0,1.0,solution,solution,"['neutral', 'solution']","['A2Q1YS118AO2BP', 'A2YYQJ3JWA2KGD']"
frames_tweets_423,problem,@myonlyTAEger @Twitter @TwitterSupport @BTSVsupportKr_2 Hello @Twitter @TwitterSupport I've been following @BTSVsupportKr_2 for a long time and saw this account got suspended for no reason. Account owner has never violated any of Twitter rules. Please bring back the account soon. Thank you.,1313817813623042049,2020-10-07,1.0,1.0,1.0,1.0,0.0,0.0,problem,problem,"['problem', 'solution']","['A2IOT3PCS9G5RK', 'A2Q1YS118AO2BP']"
frames_tweets_424,problem,"@scrantonville @waltsimsjr @listopara2020 @Adoxographist @chickenbutt405 @KazePlays_JC @Komal_Sonya @jewell35_a @JamesJurovic @sharonamills @Dryblizzard @MarianneEliza17 @BradDrayton @StrawManny @athreader @MorelandMaggie @evolv67 @claypaulnobles @LeoLucyLuke @gailglass1 @trumpf_the @trumpf_the has been suspended. F***N twitter! I can only imagine what this person said about the racist, bigot, xenophobic a**holes that got their account suspended 🤔1st amendment doesn’t apply when you call them out on their sh*t🤦🏼‍♀️

Followed All💙",1271948733874397184,2020-06-13,1.0,1.0,1.0,1.0,0.0,0.0,problem,problem,"['solution', 'neutral']","['A2Q1YS118AO2BP', 'A35DS4T8H1MWYD']"
frames_tweets_425,problem,"He wants to silence the truth. 🤫 

Trump mulls forming panel to investigate anticonservative bias on social media: 

https://t.co/fVW4OCt54q",1264247462841274372,2020-05-23,1.0,1.0,1.0,1.0,0.0,0.0,problem,problem,"['neutral', 'problem']","['A2IOT3PCS9G5RK', 'A2Q1YS118AO2BP']"
frames_tweets_426,solution,"Today's log out of the 🇵🇭: Twitter confirmed to @washingtonpost that it suspended ""hundreds of accounts"" tweeting under hashtags defending the Philippine government's covid response. The accounts violated rules on platform manipulation and spamming. 👇🏻 https://t.co/USo87ucLE7",1248748666719895552,2020-04-10,1.0,1.0,0.0,0.0,1.0,1.0,solution,solution,"['neutral', 'solution']","['A35DS4T8H1MWYD', 'A36SM7QM8OK3H6']"
frames_tweets_427,solution,"The person who Spreaded Hatred Pretending to be one of our FC isnt her!
We have been passing this msg agn n agn to report that account,finally that has been removed!
So kindly don’t target other person without verifying!
Real accnt @Deol_Gur01 Only! 
Thanks! #Shehnaazians https://t.co/2ClcpqQ8kK",1251177318195716097,2020-04-17,1.0,1.0,0.0,0.0,1.0,1.0,solution,solution,"['problem', 'solution']","['A2Q1YS118AO2BP', 'A2YYQJ3JWA2KGD']"
frames_tweets_428,solution,"@judahbudah2 Some custom thumbnails don't violate our policies, but may not be appropriate for all audiences. In these cases, the custom thumbnail may be removed without giving a community guidelines strike to your account. More info here: https://t.co/QPyKC1roS4",1287458434653261831,2020-07-26,1.0,1.0,0.0,0.0,1.0,1.0,solution,solution,"['problem', 'neutral']","['A2Q1YS118AO2BP', 'A2W3KKNN3CAY66']"
frames_tweets_429,problem,"#justiceforcarry Bring back carry video , He wasn't Violating Any community guidelines @YouTubeIndia  hamari  saath raftar Bhai hai unki to sun lo https://t.co/r2w0Yqk1sM",1261199825359364099,2020-05-15,1.0,1.0,1.0,1.0,0.0,0.0,problem,problem,"['neutral', 'problem']","['A2Q1YS118AO2BP', 'A36SM7QM8OK3H6']"
frames_tweets_430,neutral,Whoa. Facebook just said that it will block news in Australia if the country makes it pay for news content. https://t.co/QK3sCwIZJf https://t.co/I1HIWO1MPd,1300648512011476993,2020-09-01,1.0,1.0,0.0,0.0,0.0,0.0,neutral,neutral,"['problem', 'neutral']","['A36SM7QM8OK3H6', 'A376F1W1MTY3J']"
frames_tweets_431,problem,"파니님 돌려주세요!

@Twitter @TwitterSupport
@TwitterKorea
@bany1204 has never violated any twitter rules or shown any bot activity.

Kindly look into this and remove restrictions from their account🙏",1274566765796720641,2020-06-21,1.0,1.0,1.0,1.0,0.0,0.0,problem,problem,"['neutral', 'solution']","['A2IOT3PCS9G5RK', 'A2Q1YS118AO2BP']"
frames_tweets_432,problem,"Late last night, Twitter removed 700 followers from my account.

It is nearly a weekly occurrence now.

If you would retweet this so those who have been dropped can find us once again, that would be great.

I can’t wait until they fix this problem with legislation.",1320516027914973184,2020-10-26,1.0,1.0,1.0,1.0,0.0,0.0,problem,problem,"['problem', 'neutral']","['A36SM7QM8OK3H6', 'AMWIBULQ4S8K3']"
frames_tweets_433,neutral,@virgowon wait plot twist nctzens are reporting their account so they might get suspended and now they wont get shit😭😭😭😭,1231420205341052929,2020-02-23,1.0,1.0,0.0,0.0,0.0,0.0,neutral,neutral,"['problem', 'neutral']","['A2YYQJ3JWA2KGD', 'A35DS4T8H1MWYD']"
frames_tweets_434,solution,"Hey all, regardless of what type of account you run could you please block and report @/MalikaLoveTony? This person is drawing child p*** and tagging people, including minors, against their will",1252926131931676674,2020-04-22,1.0,1.0,0.0,0.0,1.0,1.0,solution,solution,"['solution', 'solution']","['A2YYQJ3JWA2KGD', 'AMWIBULQ4S8K3']"
frames_tweets_435,neutral,"My account @deeh_nyc got suspended, don’t know how long it’ll be gone for, please RT to help me find some of my followers",1278162614602870785,2020-07-01,1.0,1.0,0.0,0.0,0.0,0.0,neutral,neutral,"['problem', 'neutral']","['A36SM7QM8OK3H6', 'A376F1W1MTY3J']"
frames_tweets_436,solution,"Eris, PLEASE! 🚨🚨🚨

Leave positive comments on Chanyeol’s instagram account! 

Do not engage the bad ones, just report and block!!!! ⚠️

Down below are some korean phrases that you can use to show support to him 👇🏻 https://t.co/McljLJowyw",1321732780741459970,2020-10-29,1.0,1.0,0.0,0.0,1.0,1.0,solution,solution,"['neutral', 'neutral']","['A2IOT3PCS9G5RK', 'A35DS4T8H1MWYD']"
frames_tweets_437,problem,Another account lock and threat to suspend my account for a post of a video with me and my love of 🥓with some Witney music via the @JibJab app. Yes seriously 🙄 https://t.co/1KfUML5Pfa,1281490917694808065,2020-07-10,1.0,1.0,1.0,1.0,0.0,0.0,problem,problem,"['neutral', 'problem']","['A2Q1YS118AO2BP', 'AMWIBULQ4S8K3']"
frames_tweets_438,solution,"@Jay99563254 @BuddySassafras @Jewtastic @EliLake @nypost What’s comic is a FAKE ACCOUNT like @Jay99563254 (80% probability per BotSentinel) trying to participate in a Russian disinformation campaign!
REPORTED &amp; BLOCKED.",1320889155111403520,2020-10-27,1.0,1.0,0.0,0.0,1.0,1.0,solution,solution,"['solution', 'solution']","['A2HM35CWB7IIFM', 'A2Q1YS118AO2BP']"
frames_tweets_439,neutral,My column on much maligned and misunderstood Section  230 ... https://t.co/zTsDxo51x9,1318844749810335750,2020-10-21,1.0,1.0,0.0,0.0,0.0,0.0,neutral,neutral,"['neutral', 'problem']","['A2HM35CWB7IIFM', 'A2Q1YS118AO2BP']"
frames_tweets_440,solution,"Fam, please report and block this account. @LILIES_REPORT @liliprotection Not the first time and still doing it https://t.co/5DHbtsyyzB",1282243458753675265,2020-07-12,1.0,1.0,0.0,0.0,1.0,1.0,solution,solution,"['solution', 'solution']","['A2HM35CWB7IIFM', 'A2Q1YS118AO2BP']"
frames_tweets_441,problem,Apparently commenting “I feel like Spongebob’s a closeted whore” is a violation of instagram’s community guidelines.,1318408598939176960,2020-10-20,1.0,1.0,1.0,1.0,0.0,0.0,problem,problem,"['problem', 'problem']","['A2Q1YS118AO2BP', 'AJAPJJTISC36L']"
frames_tweets_442,solution,"🚨 REPORT 

Please report this account!

https://t.co/1uxsu3FTmh

It’s bring PCY’s name up to something unrelated to PCY and try to spread it everywhere.

❗️ Report in target harassment ❗️

❗️ DO NOT ENGAGE. Just block and report this acc. ❗️ https://t.co/CZvn5y9ppV",1311005884303077377,2020-09-29,1.0,1.0,0.0,0.0,1.0,1.0,solution,solution,"['solution', 'solution']","['A2Q1YS118AO2BP', 'A36SM7QM8OK3H6']"
frames_tweets_443,neutral,"@XeroxRand @lookint0havefun @Sandrasoumise @NastyLady70 @xkLaSx @badkittysub @ShybbwHotbaby @BestPornPicsss @loscocciato67 @BaronessDupont @stepfordwife2Oh @MilePics @Clint_Torres69 @Guhndul @BigDipper25 @hornyontheqt69 @Jack43227110 @adelmy00 Follow her!  👉👉 @Nagykrisutina_  👈👈 Follow my friend 🔥 @Nagykrisutina_ 🔥r

Her old account (this @nagykrisutina) has been suspended.

Please help her! She lost 914.000 followers! Follow her! Let's do her many RT!!

🎀❤️🎀❤️🎀❤️🎀❤️🎀❤️🎀❤️ https://t.co/NwAY1oW7hs",1212852299384709120,2020-01-02,1.0,1.0,0.0,0.0,0.0,0.0,neutral,neutral,"['neutral', 'solution']","['A2IOT3PCS9G5RK', 'A2Q1YS118AO2BP']"
frames_tweets_444,solution,Mika Brzezinski Asks Twitter To Ban Trump's Account To Make The World 'Safer' https://t.co/fvfF3ckD5P,1263224727461482496,2020-05-20,1.0,1.0,0.0,0.0,1.0,1.0,solution,solution,"['problem', 'solution']","['A2Q1YS118AO2BP', 'A2YYQJ3JWA2KGD']"
frames_tweets_445,solution,Hello @jack please suspend this account @adamugarba !,1316599753623441408,2020-10-15,1.0,1.0,0.0,0.0,1.0,1.0,solution,solution,"['problem', 'solution']","['A2Q1YS118AO2BP', 'AMWIBULQ4S8K3']"
frames_tweets_446,problem,"So it's @ShadedMidStryke's birthday today and, his account gets fuckin' suspended",1304369879785656322,2020-09-11,1.0,1.0,1.0,1.0,0.0,0.0,problem,problem,"['neutral', 'problem']","['A2IOT3PCS9G5RK', 'A2Q1YS118AO2BP']"
frames_tweets_447,solution,"Chaeyoung’s private info was spread online so this is more than enough reason to report and block the account. Please stop interacting with him because there’s nothing anyone can say to help the situation. Just report, block, let JYPE file the charges. The email is fan@jype.com https://t.co/AZtRC8lUAN",1221311570304569345,2020-01-26,1.0,1.0,0.0,0.0,1.0,1.0,solution,solution,"['solution', 'solution']","['A2Q1YS118AO2BP', 'A2YYQJ3JWA2KGD']"
frames_tweets_448,problem,"@KubbraSait @TwitterIndia You you will decide what is positive and negative?
what should anyone post or not?
And then you will decide whose account will there or whose should be suspended.
Wow,great definition of freedom of expression 👏👏👏",1292829974307565570,2020-08-10,1.0,1.0,1.0,1.0,0.0,0.0,problem,problem,"['neutral', 'problem']","['A2Q1YS118AO2BP', 'A2YYQJ3JWA2KGD']"
frames_tweets_449,solution,"Did you know that Netsweeper works with the IWF (Internet Watch Foundation) who removes child abuse images from the internet? https://t.co/NnuYCiS46L
#ITSNOTOK #netsweeper #onlinesafety",1224471883011194892,2020-02-03,1.0,1.0,0.0,0.0,1.0,1.0,solution,solution,"['solution', 'solution']","['A376F1W1MTY3J', 'AJAPJJTISC36L']"
frames_tweets_450,solution,"Report and block this account
👉🏼 @DanaLoesch15 

It is NOT @DLoesch and is NOT affiliated with her in any way.",1271899196073836545,2020-06-13,1.0,1.0,0.0,0.0,1.0,1.0,solution,solution,"['problem', 'solution']","['A2Q1YS118AO2BP', 'A2UCKZZI9KBBCV']"
frames_tweets_451,neutral,"The social media phenomenon @gayshawnmendes, who licked the toilet by doing “Coronavirus Challenge”, was caught by the #Coronavirus.

His social media account was suspended by Twitter and his YouTube channel also took a toll. https://t.co/AO38jktLBn",1243204282649845761,2020-03-26,1.0,1.0,0.0,0.0,0.0,0.0,neutral,neutral,"['neutral', 'neutral']","['A2FCGEU5RTEWG8', 'A2IOT3PCS9G5RK']"
frames_tweets_452,neutral,CONFIRMED: Twitter Official Who Announced Trump Campaign Account Suspension Is Former Kamala Harris Press Secretary https://t.co/KKENZmqmYL via @gatewaypundit,1291363359858679808,2020-08-06,1.0,1.0,0.0,0.0,0.0,0.0,neutral,neutral,"['neutral', 'neutral']","['A2Q1YS118AO2BP', 'A3IR7DFEKLLLO']"
frames_tweets_453,solution,"TW // Death threats

PLEASE DO NOT ENGAGE WITH THIS ACCOUNT. report and block for being extremely disgusting to T/H 

| https://t.co/raCw8kyrgi
x https://t.co/6xSgLC7p5x
x https://t.co/aKXIurc9T0
x https://t.co/1o9CGz1iV9
x https://t.co/lPQTObpoMW
x https://t.co/uPal99wSDJ https://t.co/IVhfa2xf3i",1295490087589945345,2020-08-17,1.0,1.0,0.0,0.0,1.0,1.0,solution,solution,"['solution', 'neutral']","['A2Q1YS118AO2BP', 'AMWIBULQ4S8K3']"
frames_tweets_454,solution,"Please don't follow this account, she is only here to create drama 
Just block &amp; report @bts7outro https://t.co/vQR6gaAtQV",1234783892986458112,2020-03-03,1.0,1.0,0.0,0.0,1.0,1.0,solution,solution,"['neutral', 'solution']","['A2IOT3PCS9G5RK', 'A376F1W1MTY3J']"
frames_tweets_455,problem,"@MattWalshBlog @LibertePensador Trump MUST be re-elected. We MUST vote in GOP in the House, keep the Senate and we MUST eliminate Section 230 protections for big tech social media! Social media and big corporate multi-nationals will kill our free speech! Join me as we fight the INFOWAR!
 https://t.co/GBGypiJu13",1275340077011308544,2020-06-23,1.0,1.0,1.0,1.0,0.0,0.0,problem,problem,"['problem', 'neutral']","['A2Q1YS118AO2BP', 'A35DS4T8H1MWYD']"
frames_tweets_456,neutral,Mark Zuckerberg slammed speculation that he and Trump have a deal allowing Trump free rein on the platform in exchange for looser regulation https://t.co/DqLDFcC5aC,1285654289352986626,2020-07-21,1.0,1.0,0.0,0.0,0.0,0.0,neutral,neutral,"['neutral', 'problem']","['A2FCGEU5RTEWG8', 'A2Q1YS118AO2BP']"
frames_tweets_457,solution,"It has been brought to our attention that an acc in FB has been using ""Elijah Nation"" as their name. Elijah Nation OFC do not have any connection to this said acc. Please help us report so that the account will be taken down. Thank you!

https://t.co/s0z7x4JmAg https://t.co/0vUoY4G7ae",1298178287005388802,2020-08-25,1.0,1.0,0.0,0.0,1.0,1.0,solution,solution,"['solution', 'solution']","['A1IFIK8J49WBER', 'AJAPJJTISC36L']"
frames_tweets_458,neutral,@DarkSamuel_147 The account got taken down tho,1268003067229884418,2020-06-03,1.0,1.0,0.0,0.0,0.0,0.0,neutral,neutral,"['neutral', 'neutral']","['A22KRF782ELLB0', 'A2Q1YS118AO2BP']"
frames_tweets_459,problem,"This is bloody ridiculous. They’re coming for us one by one. Stating biological facts is NOT a crime. Please join me in protesting to Twitter about the suspension of @glinner: 

Graham Linehan suspended from Twitter as 'Glinner' account disappears https://t.co/HxILY2ASra",1276902958354006016,2020-06-27,1.0,1.0,1.0,1.0,0.0,0.0,problem,problem,"['problem', 'problem']","['A2JPOXYZM5AJZZ', 'A36SM7QM8OK3H6']"
frames_tweets_460,problem,"@realDonaldTrump Why has YouTube banned this Trump Video citing Terms of Service. Withdraw its Section 230 Telecommunications Act platform safe harbor protections now. YouTube is a censoring publisher! Use the Executive Order now.

https://t.co/PPIgereJIF",1278691740392648705,2020-07-02,1.0,1.0,1.0,1.0,0.0,0.0,problem,problem,"['problem', 'solution']","['A2HM35CWB7IIFM', 'A2Q1YS118AO2BP']"
frames_tweets_461,problem,"@TeamYouTube Their response is below! (My account is VERY active , no unresolved community guidelines strikes or copyright strikes, I am very much in compliance with YouTube‘s terms of service &amp; ad friendly guidelines. My content does not violate anyone's rights!) @TeamYouTube https://t.co/Z7WUitt0Nc",1304853211896074240,2020-09-12,1.0,1.0,1.0,1.0,0.0,0.0,problem,problem,"['problem', 'neutral']","['A1IFIK8J49WBER', 'A35DS4T8H1MWYD']"
frames_tweets_462,solution,"@MarkKasimoff Thanks for letting us know – we're passing this along to the team. When we find channels that violate our Community Guidelines, we act quickly to address it. Also, please continue to flag content that you think are violative.",1314965388606795778,2020-10-10,1.0,1.0,0.0,0.0,1.0,1.0,solution,solution,"['problem', 'neutral']","['A2Q1YS118AO2BP', 'AMWIBULQ4S8K3']"
frames_tweets_463,problem,"Outrageous! It’s time to limit the political and economic power of the Silicon Valley and Social Media Oligarchs:  Facebook removes ⁦@realDonaldTrump⁩ post over coronavirus misinformation rules; Twitter also clamps down #MAGA #AmericaFirst #Dobbs

https://t.co/LqLqtfLQ87",1291325113321873413,2020-08-06,1.0,1.0,1.0,1.0,0.0,0.0,problem,problem,"['problem', 'problem']","['A2FCGEU5RTEWG8', 'A35DS4T8H1MWYD']"
frames_tweets_464,solution,"Twitter removed a picture from a Trump tweet after it received a Digital Millennium Copyright Act complaint.

This is the second time in two weeks that Twitter has had to take down content from Trump's account due to a copyright violation. https://t.co/jaJGry0VVx",1278517849846317067,2020-07-02,1.0,1.0,0.0,0.0,1.0,1.0,solution,solution,"['problem', 'neutral']","['A2Q1YS118AO2BP', 'AMWIBULQ4S8K3']"
frames_tweets_465,neutral,"Vic has helped us grow our numbers and helped us when our accounts were suspended. Now he needs our help, as he lost his main account. 
Please follow and retweet to get the word out. Thank you! 
@Vic_Resist_",1312920796709363717,2020-10-05,1.0,1.0,0.0,0.0,0.0,0.0,neutral,neutral,"['solution', 'problem']","['A2Q1YS118AO2BP', 'AJAPJJTISC36L']"
frames_tweets_466,problem,"Hello @Twitter @TwitterSupport 
I've been following @TEAM_MOCHI_    and I saw this account got suspended for no reason. The owner of this account never violated any of Twitter rules. Please bring back their account soon. Thank you.",1212282169793495040,2020-01-01,1.0,1.0,1.0,1.0,0.0,0.0,problem,problem,"['neutral', 'problem', 'problem', 'problem']","['A2Q1YS118AO2BP', 'AMWIBULQ4S8K3', 'A2YYQJ3JWA2KGD', 'AMWIBULQ4S8K3']"
frames_tweets_467,problem,"Kevin you’re part of the problem, why can’t you DO YOU'RE JOB! @GOPLeader you're suppose to be leader, now lead!  Enough talk, take action, revoke Section #230 for starters. It’s to little too late for a lame tweet suggesting self-regulation.
#Section230
#Section230
#Section230 https://t.co/wTIqcrB4iz Mainstream media is threatened by any outlet that doesn't parrot their Democrat talking points. That's why activist journalists at NBC pressured Google into censoring on the @FDRLST's website.

When will Big News and Big Tech #StopTheBias?!",1273059257957658631,2020-06-17,1.0,1.0,1.0,1.0,0.0,0.0,problem,problem,"['problem', 'problem']","['A35DS4T8H1MWYD', 'A36SM7QM8OK3H6']"
frames_tweets_468,problem,"@vijaya @srikosuri @rhomsany @OctantBio Hi, Maldives Fishermen (@DhiMasverin) NGO account is being suspended since April 10. We are an NGO registered in the Maldives and we have never broke any rules of Twitter.  Could you please look into the Matter ASAP.",1263159273799815168,2020-05-20,1.0,1.0,1.0,1.0,0.0,0.0,problem,problem,"['problem', 'problem']","['A2Q1YS118AO2BP', 'A36SM7QM8OK3H6']"
frames_tweets_469,neutral,"hey so uh piggi5x got suspended

follow his new account @xX_Piggi5x_Xx",1232861502815817729,2020-02-27,1.0,1.0,0.0,0.0,0.0,0.0,neutral,neutral,"['neutral', 'neutral']","['A2IOT3PCS9G5RK', 'A2JPOXYZM5AJZZ']"
frames_tweets_470,problem,some people said account was banned bc my profile picture was all blacked out so I changed it to something that wasn’t a fucking selfie let me know if my notifications and searchability return for those of you who couldn’t find my account thank you !,1267660983167864832,2020-06-02,1.0,1.0,1.0,1.0,0.0,0.0,problem,problem,"['problem', 'problem', 'neutral', 'problem']","['A2Q1YS118AO2BP', 'A3GUJ6JD25FX7O', 'A2IOT3PCS9G5RK', 'AJAPJJTISC36L']"
frames_tweets_471,neutral,"@Robbiejamesking oi you ain’t followed me on this account, I sound desperate but my old account got suspended so follow me innit",1246536509618106368,2020-04-04,1.0,1.0,0.0,0.0,0.0,0.0,neutral,neutral,"['problem', 'neutral']","['A2Q1YS118AO2BP', 'AMWIBULQ4S8K3']"
frames_tweets_472,problem,"I request to our Hon.Home minister Sh. @AmitShah ji, plz take strict action against @TwitterIndia how dey can suspend any responsible person account @payal_rohatgi without reason, sir pl ban this platform like Chinese app &amp;block @Jack also,who is he in our Country
#BringBackPayal https://t.co/whyDfEydZ5",1280867705248088064,2020-07-08,1.0,1.0,1.0,1.0,0.0,0.0,problem,problem,"['problem', 'neutral']","['A2Q1YS118AO2BP', 'AJAPJJTISC36L']"
frames_tweets_473,solution,"🚨 Block and report this account right away! DO NOT INTERACT!

https://t.co/dbOdifvuKR https://t.co/xswpkHrSo7",1314238801695240198,2020-10-08,1.0,1.0,0.0,0.0,1.0,1.0,solution,solution,"['neutral', 'solution']","['A2IOT3PCS9G5RK', 'A2YYQJ3JWA2KGD']"
frames_tweets_474,solution,"‼️MASS REPORT THESE BT5 HATERS PLEASE under TARGETED HAR*SSMENT, HACKED/SPAM ACCOUNT AND BLOCK!! 

⚠️DON’T ENGAGE⚠️

❌ https://t.co/VG2ymZKuq7
❌ https://t.co/22ky4qB6Jh
❌ https://t.co/mJhdl8pRQD
❌ https://t.co/ANU1oz7BSp https://t.co/pU05Ay6ZAi",1317787253112930304,2020-10-18,1.0,1.0,0.0,0.0,1.0,1.0,solution,solution,"['solution', 'solution']","['A2Q1YS118AO2BP', 'A3GUJ6JD25FX7O']"
frames_tweets_475,solution,how many more times do we need to ask you to enforce your own community guidelines this is ridiculous .what kind of company lets this level of hatred and abuse towards their artist go on for 3 months. @SMTOWNGLOBAL @lysn_official @weareoneEXO #SM_고소해,1247946994506555394,2020-04-08,1.0,1.0,0.0,0.0,1.0,1.0,solution,solution,"['problem', 'problem']","['A2JPOXYZM5AJZZ', 'A2Q1YS118AO2BP']"
frames_tweets_476,neutral,@elenochle I posted this pic on FB which is obviously from twitter and it was blocked and labeled “unavailable content”. Worth posting again though due to the content. Lol https://t.co/PO7UGDxMUD,1304230830450061312,2020-09-11,1.0,1.0,0.0,0.0,0.0,0.0,neutral,neutral,"['neutral', 'problem']","['A2IOT3PCS9G5RK', 'A2Q1YS118AO2BP']"
frames_tweets_477,solution,"Folks, there’s another imposter. I love you all, but I’ll never ask to chat with you privately. Regardless, be on the lookout for the little check mark. If it’s not there, please report and block the fake account.",1283196259277385730,2020-07-15,1.0,1.0,0.0,0.0,1.0,1.0,solution,solution,"['solution', 'solution']","['A2YYQJ3JWA2KGD', 'A36SM7QM8OK3H6']"
frames_tweets_478,neutral,"Since the account suspended and I miss this event so bad, let me put this video teaser again 😊

𝐋𝐚𝐜𝐮𝐧𝐚 𝐟𝐨𝐫 𝐗𝟏 𝟏𝟗𝟗𝟔𝐳 https://t.co/nxeaon5qtZ",1295516417148641281,2020-08-18,1.0,1.0,0.0,0.0,0.0,0.0,neutral,neutral,"['problem', 'neutral']","['A2Q1YS118AO2BP', 'A35DS4T8H1MWYD']"
frames_tweets_479,neutral,"Trump quote-tweeted a QAnon account. 

Minutes later, Twitter suspended it.

Bet Q didn’t see that one coming. https://t.co/TzWK62Ajja",1267215874068529152,2020-05-31,1.0,1.0,0.0,0.0,0.0,0.0,neutral,neutral,"['neutral', 'neutral']","['A2Q1YS118AO2BP', 'A35DS4T8H1MWYD']"
frames_tweets_480,solution,Raise your hand if you want @Twitter to suspend Donald Trump’s account until after the election ✋,1304943107109158912,2020-09-13,1.0,1.0,0.0,0.0,1.0,1.0,solution,solution,"['neutral', 'problem']","['A2UCKZZI9KBBCV', 'A2W3KKNN3CAY66']"
frames_tweets_481,neutral,@_bands_fc account suspended ?!?!? https://t.co/j6TB7xBrV4 Where’s Bands FC gone ??,1230843339592826882,2020-02-21,1.0,1.0,0.0,0.0,0.0,0.0,neutral,neutral,"['problem', 'neutral']","['A2Q1YS118AO2BP', 'A36SM7QM8OK3H6']"
frames_tweets_482,solution,"⚠️คนคะรบกวนช่วยกันรีพอร์ตหน่อยนะคะ
EVERYONE PLEASE HELP TO REPORT/BLOCK ‼️

&gt;&gt;&gt;&gt; https://t.co/qEkOlxEwhm
 
🚨This account is pretending to be a Jennie stan inciting fights to get Jennie dragged. 

DON'T MENTION OR CHAT JUST BLOCK + REPORT https://t.co/FDADQ9G5VP",1304295540281073666,2020-09-11,1.0,1.0,0.0,0.0,1.0,1.0,solution,solution,"['neutral', 'neutral']","['A2IOT3PCS9G5RK', 'A35DS4T8H1MWYD']"
frames_tweets_483,solution,"This is a tweet from today of the sitting President of the United States accusing a respected journalist and outspoken critic of his of MURDER with NO EVIDENCE whatsoever. Zero. 

Twitter should immediately remove this tweet and suspend this account.

This is INSANE. https://t.co/chlp7iKBXL",1260249918163296258,2020-05-12,1.0,1.0,0.0,0.0,1.0,1.0,solution,solution,"['problem', 'solution']","['A2Q1YS118AO2BP', 'A3GUJ6JD25FX7O']"
frames_tweets_484,solution,TWITTER SUSPEND DONALD J TRUMPS ACCOUNT RIGHT FUCKIBG NOW!!!! THIS IS NOT A TEST!!!!,1216848790344413185,2020-01-13,1.0,1.0,0.0,0.0,1.0,1.0,solution,solution,"['problem', 'solution']","['A2Q1YS118AO2BP', 'A3GUJ6JD25FX7O']"
frames_tweets_485,neutral,"The First Amendment prohibits government censorship and protects private censorship. In a free society, Twitter and Facebook are allowed to make horrible decisions with respect to content moderation, and you are allowed to tell them off and use another service.",1316776166309666819,2020-10-15,1.0,1.0,0.0,0.0,0.0,0.0,neutral,neutral,"['solution', 'problem', 'problem', 'neutral', 'neutral', 'neutral']","['A2Q1YS118AO2BP', 'A2YYQJ3JWA2KGD', 'A2Q1YS118AO2BP', 'A36SM7QM8OK3H6', 'A36SM7QM8OK3H6', 'A3GUJ6JD25FX7O']"
frames_tweets_486,solution,"There are fucking KIDS on the app. Creators have reported the videos and Tik Tok said the it does NOT go against their community guidelines!

  HOW THE FUCK DOES IT NOT GO AGAINST COMMUNITY GUIDELINES!",1302890785738641408,2020-09-07,1.0,1.0,0.0,0.0,1.0,1.0,solution,solution,"['neutral', 'solution']","['A2Q1YS118AO2BP', 'A36SM7QM8OK3H6']"
frames_tweets_487,solution,"https://t.co/LiL8jGvVN0
This user is running a fake account, he is using  @Leo_Knock photo in a wrong way @Leo_Knock I know personally but,   This @kundakavelkar user is using my friend's photo wrongly, please take action and suspend it.
 Thank you
@TwitterIndia @DGPMaharashtra https://t.co/2d9HdnERKn",1224274977970688001,2020-02-03,1.0,1.0,0.0,0.0,1.0,1.0,solution,solution,"['solution', 'neutral']","['A2Q1YS118AO2BP', 'A35DS4T8H1MWYD']"
frames_tweets_488,neutral,U.S. Senate hearing to reform Section 230 internet law becomes political showdown https://t.co/dYrz8NBX0H,1321790144878309377,2020-10-29,1.0,1.0,0.0,0.0,0.0,0.0,neutral,neutral,"['neutral', 'problem']","['A2FCGEU5RTEWG8', 'A2Q1YS118AO2BP']"
frames_tweets_489,neutral,"Twitter account of Kangana Ranaut’s sister, Rangoli Chandel was suspended by the microblogging website after she tweeted an angry tweet against ‘Mullahs’ who have been attacking the doctors, nurses and policemen amidst coronavirus outbreak
https://t.co/7VzmWHm6aO",1251028581615951874,2020-04-17,1.0,1.0,0.0,0.0,0.0,0.0,neutral,neutral,"['problem', 'solution']","['A2Q1YS118AO2BP', 'AJAPJJTISC36L']"
frames_tweets_490,solution,Why have the gram not taken down Core Issues Trust TV account yet? They are clearly trying to promote conversion therapy.,1278263328108929029,2020-07-01,1.0,1.0,0.0,0.0,1.0,1.0,solution,solution,"['problem', 'problem']","['A2JPOXYZM5AJZZ', 'A2Q1YS118AO2BP']"
frames_tweets_491,solution,Twitter needs to permanently suspend @realDonaldTrump account.  Who's with me?,1264240473444618240,2020-05-23,1.0,1.0,0.0,0.0,1.0,1.0,solution,solution,"['problem', 'solution']","['A2Q1YS118AO2BP', 'A2YYQJ3JWA2KGD']"
frames_tweets_492,problem,My account @CNMneews got suspended. Clearly a parody account that followed twitter rules. Please retweet to help spread awareness. @TwitterSupport,1222248389473112071,2020-01-28,1.0,1.0,1.0,1.0,0.0,0.0,problem,problem,"['solution', 'neutral']","['A2Q1YS118AO2BP', 'A35DS4T8H1MWYD']"
frames_tweets_493,solution,".@Jack and @TwitterSafety, if your rules mean anything, you need to suspend Trump from your platform NOW for inciting violence. If not, you can expect a big lawsuit if — God forbid — someone gets killed as a result of Trump’s Twitter rants. https://t.co/s1PzoEIPlc",1251225978988163072,2020-04-17,1.0,1.0,0.0,0.0,1.0,1.0,solution,solution,"['problem', 'solution']","['A2Q1YS118AO2BP', 'A36SM7QM8OK3H6']"
frames_tweets_494,solution,"⚠️ เตือนพบ account เข้าข่าย IO โปรดช่วยกัน report และ block
⚠️ Report &gt; It’s suspicious/spam &gt; fake account

ทางไป report &gt; https://t.co/PwSjkmhsAA

และ https://t.co/wrMfjF1wac

และ https://t.co/uXSm4XOuyo

และ https://t.co/uwLiXZYMOg
🚫 งด RT, QT ทวิต IO เพื่อให้ทวิตปลิวง่ายขึ้น https://t.co/Xav7pZBCyu",1318531385246642176,2020-10-20,1.0,1.0,0.0,0.0,1.0,1.0,solution,solution,"['problem', 'solution']","['A2Q1YS118AO2BP', 'A36SM7QM8OK3H6']"
frames_tweets_495,problem,"@Tinder I banned for god knows what, how do I get my account back I literally didn’t do anything",1279891085830041601,2020-07-05,1.0,1.0,1.0,1.0,0.0,0.0,problem,problem,"['problem', 'problem']","['A2Q1YS118AO2BP', 'A2YYQJ3JWA2KGD']"
frames_tweets_496,problem,"@mwam1993 @Jonatha61525792 Besides my account being suspended lol, i lose followers daily and have to do that dumb bot check everyday too. 🤦‍♀️",1217488400380391424,2020-01-15,1.0,1.0,1.0,1.0,0.0,0.0,problem,problem,"['neutral', 'solution']","['A2IOT3PCS9G5RK', 'A2Q1YS118AO2BP']"
frames_tweets_497,solution,"Guys this is account is continuously throwing hate on kyuhyun all their tweets are shady, many of mutuals are following this account, report and block it #Apologizetokyuhyun https://t.co/aWKLHeRzp8",1287383551478964229,2020-07-26,1.0,1.0,0.0,0.0,1.0,1.0,solution,solution,"['neutral', 'problem']","['A2IOT3PCS9G5RK', 'A2Q1YS118AO2BP']"
frames_tweets_498,solution,this is the account suspended @maIikofori not me! he was impersonating me,1263745367868411904,2020-05-22,1.0,1.0,0.0,0.0,1.0,1.0,solution,solution,"['problem', 'solution']","['A2Q1YS118AO2BP', 'A36SM7QM8OK3H6']"
frames_tweets_499,problem,#RestoreProfDilipMandal i am surprised how can suddenly senior journalist @Profdilipmandal  account suspend may be last night raise his voice in support of OBC &amp; expose modi govt policy about obc my appeal @TwitterIndia pl.restore immediately,1279966794619383808,2020-07-06,1.0,1.0,1.0,1.0,0.0,0.0,problem,problem,"['problem', 'problem']","['A2HM35CWB7IIFM', 'A3GUJ6JD25FX7O']"
frames_tweets_500,neutral,"Newest National Notables video with George Magazine
Too be or not too be.

Daniel had his Twitter account taken down so just trying to get the video out!
🍿🙏🇺🇸📽️⛈️

https://t.co/wLGHJeovbr",1300648503299973122,2020-09-01,1.0,1.0,0.0,0.0,0.0,0.0,neutral,neutral,"['problem', 'neutral']","['A36SM7QM8OK3H6', 'A3JZS32RQUWGJM']"
frames_tweets_501,problem,"Censorship by tech companies, esp censorship of conservative opinions,violates the spirit of the law &amp; the 1st Amendment.But more regulation would go too far in the other direction,putting bureaucrats &amp; lawyers in control of what gets said online. Either way, free speech loses.",1276232758818463744,2020-06-25,1.0,1.0,1.0,1.0,0.0,0.0,problem,problem,"['problem', 'problem']","['A2Q1YS118AO2BP', 'AMWIBULQ4S8K3']"
frames_tweets_502,neutral,@AskPS_UK what if there closed for the day and the person is threatening to get my account banned permanently,1289880308230139904,2020-08-02,1.0,1.0,0.0,0.0,0.0,0.0,neutral,neutral,"['problem', 'problem']","['A2Q1YS118AO2BP', 'A2YYQJ3JWA2KGD']"
frames_tweets_503,solution,"Dear @TwitterSupport 

One of your users, @realDonaldTrump, accused another one of your users, @JoeNBC of committing murder on your site today. As is the custom with user Trump he has no evidence and it's a clear case of slander. 

Can you delete the tweet and suspend the user?",1260386355021926400,2020-05-13,1.0,1.0,0.0,0.0,1.0,1.0,solution,solution,"['problem', 'solution', 'problem', 'solution']","['A2Q1YS118AO2BP', 'AJAPJJTISC36L', 'A2Q1YS118AO2BP', 'AMWIBULQ4S8K3']"
frames_tweets_504,problem,"WAR! @Jack Seals his Fate by Censoring #QAnon! #Section230 Trending? Plus, New Bunkers for Anons? #GreatAwakening #NEONREVOLT https://t.co/0b2RKAcOAt via @NeonRevolt",1287316184053043201,2020-07-26,1.0,1.0,1.0,1.0,0.0,0.0,problem,problem,"['solution', 'problem']","['A2Q1YS118AO2BP', 'AMWIBULQ4S8K3']"
frames_tweets_505,problem,"Twitter suspended the @ArticlesOfUnity account and ignored our appeal. We were given no opportunity to know or rebut the charge.

Twitter is protecting the duopoly from patriots who wish to challenge it. If you find this disturbing, tell Twitter to #LetFreedomTweet! Pass it on... https://t.co/94UvaIR6NB",1304212907392073730,2020-09-11,1.0,1.0,1.0,1.0,0.0,0.0,problem,problem,"['problem', 'problem']","['A1FVXS8IM5QYO8', 'A2Q1YS118AO2BP']"
frames_tweets_506,solution,"ATTENTION 🚨🚨🚨 

1. Report user
Report &gt; It’s inappropriate &gt; Report Acc &gt; It’s posting content that shouldn’t be on IG &gt; Hate speech/symbols &gt; Block User

https://t.co/jRA7jRlJQn

JUST REPORT, DO NOT ENGAGE https://t.co/yBGRtC1m47",1260077001450221568,2020-05-12,1.0,1.0,0.0,0.0,1.0,1.0,solution,solution,"['problem', 'solution']","['A2Q1YS118AO2BP', 'A2UCKZZI9KBBCV']"
frames_tweets_507,solution,"Very good step #PTA banning is not an option infact censorship and strong content moderation is an option 
we respect ur decision highly appreciated 👏🏻👏🏻 #TikTok",1318157771251081216,2020-10-19,1.0,1.0,0.0,0.0,1.0,1.0,solution,solution,"['solution', 'problem']","['A1FVXS8IM5QYO8', 'A2HM35CWB7IIFM']"
frames_tweets_508,neutral,"@Rezhir0 @ll_lalyy ❤️❤️
don’t forget to write something with because your account may get suspended ❤️
#TurkeyInvadesKurdistan",1277321705736867841,2020-06-28,1.0,1.0,0.0,0.0,0.0,0.0,neutral,neutral,"['neutral', 'neutral']","['A2Q1YS118AO2BP', 'A3JZS32RQUWGJM']"
frames_tweets_509,neutral,"I’m told Bill Mitchell first received a 7-day ban for tweets talking about ‘mask dangers,’ then was using a second account to tweet during the ban, and had his main account permanently suspended",1294590286077800449,2020-08-15,1.0,1.0,0.0,0.0,0.0,0.0,neutral,neutral,"['problem', 'problem', 'problem', 'problem']","['A2JPOXYZM5AJZZ', 'A2Q1YS118AO2BP', 'A2Q1YS118AO2BP', 'A2YYQJ3JWA2KGD']"
frames_tweets_510,problem,"💝 I love being connected to the world 💕 They give me one day and they suspended 3 constantly 😥 a week I only have one day 😔 I do the same for more than 6 years, there is no difference in what I do now to be concidered ""Spam-like"" 🌷Please reset my Account🌷 Tyvm🙏🌷everyone💞 https://t.co/eJFCkVFilc",1267428490812547073,2020-06-01,1.0,1.0,1.0,1.0,0.0,0.0,problem,problem,"['solution', 'problem']","['A2Q1YS118AO2BP', 'A2YYQJ3JWA2KGD']"
frames_tweets_511,solution,"to my moots, I'm giving yall 24hrs to unfollow, block and specially REPORT this account. https://t.co/OFTH0uqSFx",1291370146800394241,2020-08-06,1.0,1.0,0.0,0.0,1.0,1.0,solution,solution,"['solution', 'solution']","['A2Q1YS118AO2BP', 'A2YYQJ3JWA2KGD']"
frames_tweets_512,neutral,My main account @Emily_Tressa was suspended at 10.8k :(( please follow me and share this to help me find my mutuals!! I’m trying to get it back. https://t.co/cdxMDg0T9m,1219813622504968192,2020-01-22,1.0,1.0,0.0,0.0,0.0,0.0,neutral,neutral,"['problem', 'solution']","['A2Q1YS118AO2BP', 'A3JZS32RQUWGJM']"
frames_tweets_513,solution,Thank you so much to all of my amazing followers for helping to get the imposter account of mine taken down so quickly! I love you all!!! ❤️ 🙏,1246841109575356418,2020-04-05,1.0,1.0,0.0,0.0,1.0,1.0,solution,solution,"['problem', 'solution']","['A2Q1YS118AO2BP', 'A2UCKZZI9KBBCV']"
frames_tweets_514,problem,"Breaking. The truth about cancer, the truth about vaccines and Ty and Charlene Bollinger pages have all been taken down off Twitter. They have been suspended. account suspended. I just hung up with Charlene.",1258424230770696197,2020-05-07,1.0,1.0,1.0,1.0,0.0,0.0,problem,problem,"['solution', 'neutral']","['A2Q1YS118AO2BP', 'A376F1W1MTY3J']"
frames_tweets_515,solution,"See the article of Navbharat Times.....😡😡😡😡😡😡😡

Friends Report it as harmful content... 
YouTube will remove it.. don’t dislike or like just report

#GlobalPrayers4SSR https://t.co/MrGo7di1Pp",1294192221810434050,2020-08-14,1.0,1.0,0.0,0.0,1.0,1.0,solution,solution,"['solution', 'solution']","['A2Q1YS118AO2BP', 'A36SM7QM8OK3H6']"
frames_tweets_516,solution,"Please report and block this account 🙏

Korean fans have asked that International fans to not follow or interact with this account

They discovered that the account owner is an anti (not a fan) that spoke badly about him on another account.

https://t.co/FF4jNxlDML

Thank you 🙇‍♀️ https://t.co/7Dg4DmBNPw",1281003683497443329,2020-07-08,1.0,1.0,0.0,0.0,1.0,1.0,solution,solution,"['problem', 'solution']","['A2YYQJ3JWA2KGD', 'A36SM7QM8OK3H6']"
frames_tweets_517,neutral,"Follow @PavanOfficial_ Old Account Suspended 👍

He Is Working For Janasena I Know Him 
Post Cheyamani Request Chesadu So Posting .",1282664116818022400,2020-07-13,1.0,1.0,0.0,0.0,0.0,0.0,neutral,neutral,"['neutral', 'problem']","['A2HM35CWB7IIFM', 'A2Q1YS118AO2BP']"
frames_tweets_518,solution,If Twitter suspended Trump’s account this whole thing would shift overnight. He wouldn’t be allowed to change the narrative with phony conspiracy theories. We could begin to recover as a nation and deal with this crisis. @realDonaldTrump,1260943860332670977,2020-05-14,1.0,1.0,0.0,0.0,1.0,1.0,solution,solution,"['solution', 'solution']","['A1FVXS8IM5QYO8', 'AMWIBULQ4S8K3']"
frames_tweets_519,neutral,"Facebook, Google and Twitter are now de facto the largest publishers in the world but they lack the standards or oversight or transparency that have existed for broadcasting and other media for decades. Section 230 should be modernized to help change that.",1321505471329566720,2020-10-28,1.0,1.0,0.0,0.0,0.0,0.0,neutral,neutral,"['solution', 'problem']","['A2Q1YS118AO2BP', 'A35DS4T8H1MWYD']"
frames_tweets_520,solution,For which good reason @TwitterIndia @twitter still not suspended @AltNews Co-Founder account even after he is booked under#POCSO for harassing minor girl online? @k_satyarthi @Malala plz employ your influence positively on Twitter! https://t.co/eVDTHHsH9g,1302299761249198081,2020-09-05,1.0,1.0,0.0,0.0,1.0,1.0,solution,solution,"['problem', 'problem']","['A2Q1YS118AO2BP', 'A2W3KKNN3CAY66']"
frames_tweets_521,solution,"So I learned something crazy today that @/hiadolan was a older man who is a child predator/pedophile

So please report him as falsifying another and block this account and beware he could have more accounts https://t.co/S9PSpo4ko2",1255312307497943040,2020-04-29,1.0,1.0,0.0,0.0,1.0,1.0,solution,solution,"['solution', 'solution']","['A2HM35CWB7IIFM', 'A2Q1YS118AO2BP']"
frames_tweets_522,neutral,"Last time i saw the purge my account was suspended, i'm glad today i'm just a witness it's depressing out there😂",1263077819090972674,2020-05-20,1.0,1.0,0.0,0.0,0.0,0.0,neutral,neutral,"['problem', 'problem']","['A2Q1YS118AO2BP', 'AMWIBULQ4S8K3']"
frames_tweets_523,neutral,"Sablog jaldi jaldi follow karo 
@NoorehSyed 

Wahi Noor h ye
Her account got suspended

#ThankYouAsim
Bcs of u only i met few wonderful people here https://t.co/kFLKqoNQff",1231606817760743425,2020-02-23,1.0,1.0,0.0,0.0,0.0,0.0,neutral,neutral,"['problem', 'neutral']","['A2Q1YS118AO2BP', 'AMWIBULQ4S8K3']"
frames_tweets_524,solution,"Block and report this bitch @kendolllx3  she or whoever tf it is has been using mine on other models content and passing it as theirs but anyone with EYES can see the complexion changes through their posts 🙄 

Look at my skin complexion, shower curtain, toilet and toes‼️ https://t.co/Qf1CVZVd9X",1248592197420810242,2020-04-10,1.0,1.0,0.0,0.0,1.0,1.0,solution,solution,"['problem', 'solution']","['A2Q1YS118AO2BP', 'A36SM7QM8OK3H6']"
frames_tweets_525,neutral,"she's Not newBie 
Her Account Is New Because Old Account Got suspend  
Please Follow @__farfetch 
                           @__farfetch 
                            @__farfetch 

Umm, follow back (it's Her choice)",1255086619553603584,2020-04-28,1.0,1.0,0.0,0.0,0.0,0.0,neutral,neutral,"['problem', 'problem']","['A2Q1YS118AO2BP', 'A2YYQJ3JWA2KGD']"
frames_tweets_526,problem,"@TwitterSupport @TwitterIndia 
Can you clarify 
why undermentioned  account is suspend? https://t.co/2o5AKXkmhE",1294908977168314369,2020-08-16,1.0,1.0,1.0,1.0,0.0,0.0,problem,problem,"['neutral', 'neutral']","['A35DS4T8H1MWYD', 'AMWIBULQ4S8K3']"
frames_tweets_527,problem,"@iRaviTiwari @republic Sir.. what the hell is this... Twitter banned my account permanent.. I'm fighting for justice from day 1.. how could They do this sir..
#SCGiveJusticeToSSR",1293210160404606983,2020-08-11,1.0,1.0,1.0,1.0,0.0,0.0,problem,problem,"['problem', 'problem']","['A2YYQJ3JWA2KGD', 'A376F1W1MTY3J']"
frames_tweets_528,neutral,"He guys mera account suspend ho gya tha 😞

Please help kro mere 

Follow kro follow back 💯 

Dungi sbko please guys 

#SelfMadeShehnaaz #BhulaDungaBreakingRecord",1246427433118695424,2020-04-04,1.0,1.0,0.0,0.0,0.0,0.0,neutral,neutral,"['problem', 'neutral']","['A2Q1YS118AO2BP', 'A35DS4T8H1MWYD']"
frames_tweets_529,neutral,@LivesTruth Oh wait wut? Section 230?,1288273285281730560,2020-07-29,1.0,1.0,0.0,0.0,0.0,0.0,neutral,neutral,"['problem', 'neutral']","['A2Q1YS118AO2BP', 'A35DS4T8H1MWYD']"
frames_tweets_530,problem,"Instagram removes Bella Hadid’s post showing her father's birthplace as Palestine on his American passport. Apparently being proud to be Palestinian is against Instagram’s “community guidelines”.
https://t.co/zxfpFaxM9K https://t.co/fFIaAlyXvO",1280910219191750657,2020-07-08,1.0,1.0,1.0,1.0,0.0,0.0,problem,problem,"['problem', 'neutral']","['A2HM35CWB7IIFM', 'A35DS4T8H1MWYD']"
frames_tweets_531,solution,BREAKING: Instagram is now threatening to remove the account of @DonaldJTrumpJr for posting these hypocritical headlines from CNN about hydroxychloroquine https://t.co/krvUgViL0y,1283583205564649472,2020-07-16,1.0,1.0,0.0,0.0,1.0,1.0,solution,solution,"['problem', 'problem']","['A2IOT3PCS9G5RK', 'A2Q1YS118AO2BP']"
frames_tweets_532,solution,It is high time social media platforms like @Twitter take cognisance of such dangerous medical misinformation and devise a policy to handle it. Not doing so tantamounts to denying proven treatments that could save lives and prolong miseries of cancer patients. https://t.co/E5VIbH6JEH,1217510393351794688,2020-01-15,1.0,1.0,0.0,0.0,1.0,1.0,solution,solution,"['solution', 'problem']","['A3GUJ6JD25FX7O', 'AMWIBULQ4S8K3']"
frames_tweets_533,neutral,@Redeeme84122481 @NFrechen I'm here. Very small account. I've only been suspended  once!,1294727134527623168,2020-08-15,1.0,1.0,0.0,0.0,0.0,0.0,neutral,neutral,"['neutral', 'problem']","['A2HM35CWB7IIFM', 'A2Q1YS118AO2BP']"
frames_tweets_534,solution,"GOP US House candidate Jessi Melton's tweet with a screenshot of fake tweet by @AOC is no longer available on Twitter, suggesting it was likely deleted or removed following evidence the content was fabricated—but not until after thousands of shares &amp; RTs spreading misinformation. https://t.co/sly7rivogF",1275557502172581888,2020-06-23,1.0,1.0,0.0,0.0,1.0,1.0,solution,solution,"['problem', 'neutral']","['A2Q1YS118AO2BP', 'AJAPJJTISC36L']"
frames_tweets_535,solution,@alexmimeur @Twitch @TeamYouTube this guy needs to be banned. See my previous tweet on this guy. He is making light of a serious situation and instigating violence. If this isn’t against TOS idk what is. REPORT THIS ACCOUNT. Get this account banned. We don’t need people like this on the internet. https://t.co/aSVEjRS2Fl,1267495171601489920,2020-06-01,1.0,1.0,0.0,0.0,1.0,1.0,solution,solution,"['solution', 'solution']","['A36SM7QM8OK3H6', 'AJAPJJTISC36L']"
frames_tweets_536,problem,Account suspended for a week. No reason given. Unsuspended; 7 CAPTCHAs to log in; log-in denied; 1 CAPTCHA on second attempt and back in. Twitter arbitrary screening and obstacles - and in aid of what?,1320128709848948736,2020-10-24,1.0,1.0,1.0,1.0,0.0,0.0,problem,problem,"['neutral', 'problem']","['A2Q1YS118AO2BP', 'A3GUJ6JD25FX7O']"
frames_tweets_537,problem,"@SYW_brasil @TWI7CE @fundsforbangtan @BTS_twt Dear @Twitter @TwitterSupport

Please remove the restrictions placed on @fundsforbangtan. They’re a legitimate account that follows all rules and guidelines accordingly. Please restore the account soon.

Thank you!!",1312062681025830912,2020-10-02,1.0,1.0,1.0,1.0,0.0,0.0,problem,problem,"['problem', 'solution']","['A2JPOXYZM5AJZZ', 'A2Q1YS118AO2BP']"
frames_tweets_538,solution,@heresmilly @RealRLimbaugh @Magshoel Recently created bot account. Report and block.,1318002349491834887,2020-10-19,1.0,1.0,0.0,0.0,1.0,1.0,solution,solution,"['neutral', 'neutral']","['A2IOT3PCS9G5RK', 'A2Q1YS118AO2BP']"
frames_tweets_539,neutral,"Dear @Twitter 
@TwitterIndia please Unsuspend
@DrINCsupporter account..
Inspite of entering the verification code this account is still suspended
Please activate @DrINCsupporter at the earliest.. thanks 🙏
@SpiritOfCongres ji
@folitically ji
@ADiravia ji
@SanjayV_INC ji",1277097553557721088,2020-06-28,1.0,1.0,0.0,0.0,0.0,0.0,neutral,neutral,"['neutral', 'problem']","['A2Q1YS118AO2BP', 'A36SM7QM8OK3H6']"
frames_tweets_540,problem,Today I received an email from twitter telling me that my account might be suspended in view of my tweets. I have to tell you that I don't understand it at all.  They have received complaints about my account.I wonder how my account could bother some people????????? https://t.co/ja6o2OXVZB,1261077619744759808,2020-05-14,1.0,1.0,1.0,1.0,0.0,0.0,problem,problem,"['problem', 'problem']","['A36SM7QM8OK3H6', 'A3IR7DFEKLLLO']"
frames_tweets_541,solution,"as fifty thousand dead Rohingya might tell you, Facebook actually doesn't have a policy against organizing death squads on their platform.",1298782375820881920,2020-08-27,1.0,1.0,0.0,0.0,1.0,1.0,solution,solution,"['neutral', 'problem']","['A2JPOXYZM5AJZZ', 'A2Q1YS118AO2BP']"
frames_tweets_542,solution,"Twitter temporarily blocked the Trump  account, until it removed a post in which he says children are virtually immune to the virus,as violating its policy against spreading misinformation about the coronavirus. https://t.co/CVvOz6lL9Q",1292127524546326529,2020-08-08,1.0,1.0,0.0,0.0,1.0,1.0,solution,solution,"['problem', 'solution']","['A2Q1YS118AO2BP', 'A36SM7QM8OK3H6']"
frames_tweets_543,neutral,"Her account is suspended .... 😐
I wonder why https://t.co/BHgViG15nm",1300895916807786496,2020-09-01,1.0,1.0,0.0,0.0,0.0,0.0,neutral,neutral,"['problem', 'neutral']","['A2Q1YS118AO2BP', 'AMWIBULQ4S8K3']"
frames_tweets_544,neutral,"hi, my main acc @DEMINATIONIST is currently suspended, so please help me find my new mutuals that haven't been followed back from this account by liking or RT-ing 🖤 https://t.co/JZ3VXt8SuV",1236472965983657986,2020-03-08,1.0,1.0,0.0,0.0,0.0,0.0,neutral,neutral,"['solution', 'neutral']","['A2Q1YS118AO2BP', 'AMWIBULQ4S8K3']"
frames_tweets_545,solution,@HisokasDisciple yeah @twitter you need remove this account dre you gotta go go go go go go,1273562034764906496,2020-06-18,1.0,1.0,0.0,0.0,1.0,1.0,solution,solution,"['neutral', 'neutral']","['A2IOT3PCS9G5RK', 'A35DS4T8H1MWYD']"
frames_tweets_546,problem,YouTube is amazing. Rules to help content creators with false copyright strikes or claimed vidoes they move as slow as SNAIL piss. H3h3 &amp; Keem get into an online slap fight these cock suckers spring into action with new trash rules. Youtube is as inept as the government.😑,1270706508007911424,2020-06-10,1.0,1.0,1.0,1.0,0.0,0.0,problem,problem,"['solution', 'problem']","['A2Q1YS118AO2BP', 'AMWIBULQ4S8K3']"
frames_tweets_547,problem,"Someone is trying to ban my Instagram account because they stole my art and did not credit me for my art , What the actual fck, they have been harassing me for 2 weeks https://t.co/Jpnk06IU0E",1226875932692140032,2020-02-10,1.0,1.0,1.0,1.0,0.0,0.0,problem,problem,"['problem', 'problem']","['A2Q1YS118AO2BP', 'A36SM7QM8OK3H6']"
frames_tweets_548,solution,"CW transphobia

This TERF account just replied to an old tweet of mine then immediately blocked me. Looks like I'm far from the only person they're harrassing.

Please report them

https://t.co/MDfBH8uCwZ",1220540959848452096,2020-01-24,1.0,1.0,0.0,0.0,1.0,1.0,solution,solution,"['neutral', 'neutral']","['A1IFIK8J49WBER', 'A35DS4T8H1MWYD']"
frames_tweets_549,neutral,"Hello @DesmondOElliot, is there a bill being discussed at all? Where do you stand regarding social media regulation? What led to your call for influencers to ask their followers to ""stop the hate""?
Would you want to discuss this on air?",1320804079321423879,2020-10-26,1.0,1.0,0.0,0.0,0.0,0.0,neutral,neutral,"['neutral', 'solution']","['A2Q1YS118AO2BP', 'A3JZS32RQUWGJM']"
frames_tweets_550,solution,"‘Harmful content’: Reddit removes pro-Trump group as Twitch issues temporary ban to US president

@reddit @Twitch @realDonaldTrump
https://t.co/1CHiWym4Ie",1277759093084749825,2020-06-30,1.0,1.0,0.0,0.0,1.0,1.0,solution,solution,"['neutral', 'neutral']","['A2FCGEU5RTEWG8', 'A2Q1YS118AO2BP']"
frames_tweets_551,solution,"If you're a ONCE at all and if you care about TWICE then block and report the account. There's no point in giving him a platform and letting people interact with him and encourage him. 

JYPE already has enough evidence to charge him so report the account now. https://t.co/JAFR5LUFsg",1221329761504350209,2020-01-26,1.0,1.0,0.0,0.0,1.0,1.0,solution,solution,"['problem', 'solution']","['A2Q1YS118AO2BP', 'A36SM7QM8OK3H6']"
frames_tweets_552,solution,Pakistani Prime Minister Imran Khan calls for a Facebook ban on Islamophobic content just like the social media giant's ban on Holocaust denial https://t.co/jR6NjG3RqF,1320666594251542529,2020-10-26,1.0,1.0,0.0,0.0,1.0,1.0,solution,solution,"['problem', 'neutral']","['A2Q1YS118AO2BP', 'A3JZS32RQUWGJM']"
frames_tweets_553,neutral,Tiktok content removed for even existing users. Ban matlab ban. 🤟🏻,1277987933606121472,2020-06-30,1.0,1.0,0.0,0.0,0.0,0.0,neutral,neutral,"['solution', 'neutral']","['A2YYQJ3JWA2KGD', 'A3JZS32RQUWGJM']"
frames_tweets_554,solution,"please block and report this account! theyre spreading false rumours about doyoung :( DO NOT INTERACT it would make it harder for their account to get taken down 

https://t.co/pHsuXtbG5w",1262351184985157632,2020-05-18,1.0,1.0,0.0,0.0,1.0,1.0,solution,solution,"['solution', 'solution']","['A2Q1YS118AO2BP', 'AJAPJJTISC36L']"
frames_tweets_555,problem,"@palplusarabi @revhumanrights @palestine_hb @marinar9801 @Elektronnlibre @Ruthanasia @Yes2Pot @178kakapo @CaitDoire @drbairdonline @DangerousGlobe @palplusenglish @TwitterSupport @Twitter @sbeh9876 @Ghalianno @YourMarkLubbers @giheme @landa_jj @JaneVoter @Betelgeuse100 @DohaElzalan @ibnalaarab @tocakempong @Rhmaa38894681 @Tony_HeXa @AhmedShameya @parfanalpanat @Mj9__9 @EUtopean @Loulan_777 @moveover4me2 @santafeez @Okavangomick @hamzadawud @Louangie @mdp4202 @AWAKEALERT @HamdoDelic @rk70534 @jimohar @maggicarter @dubplatedoris @Esmeralda78210 @iselcandanga5 @cykaMeow @AmericanIndian8 🇵🇸#GroupPalestine🌿#قروب_فلسطيني🇵🇸

📢 News from .@palplusenglish
📢 New account .@PalEnglishExtra 😍
📢 Twitter has the power to suspend accounts but not our resistance✌️🏾🇵🇸

       ‼️ Please share~retweet &amp; follow ‼️
         🌹 #Palestine needs them 🌹🇵🇸
https://t.co/QHFxQoEhid",1247696832022675459,2020-04-08,1.0,1.0,1.0,1.0,0.0,0.0,problem,problem,"['problem', 'neutral']","['A2Q1YS118AO2BP', 'A35DS4T8H1MWYD']"
frames_tweets_556,problem,@SM_NCT @NCTsmtown_127 DO NOT REPORT THE ACCOUNT ‼️‼️🚫‼️ IT WILL BE PERMANENTLY REMOVED FROM TWITTER AND EVERYTHING WILL BE LOST USE COMMON SENSE SM ARE AN ACTUAL COMPANY WHO CAN SORT OUT A HACK WITHOUT DELETING AN ENTIRE ACCOUNT ‼️⁉️,1231416513250246656,2020-02-23,1.0,1.0,1.0,1.0,0.0,0.0,problem,problem,"['solution', 'problem']","['A2Q1YS118AO2BP', 'A36SM7QM8OK3H6']"
frames_tweets_557,neutral,dead link: suspended account,1223312066242469888,2020-01-31,1.0,1.0,0.0,0.0,0.0,0.0,neutral,neutral,"['neutral', 'problem']","['A2IOT3PCS9G5RK', 'A2Q1YS118AO2BP']"
frames_tweets_558,neutral,Facebook creates a “Supreme Court” for content moderation. https://t.co/QiLes1tP4f,1258787526229319686,2020-05-08,1.0,1.0,0.0,0.0,0.0,0.0,neutral,neutral,"['neutral', 'neutral']","['A2FCGEU5RTEWG8', 'A2YYQJ3JWA2KGD']"
frames_tweets_559,solution,Trans activists began a petition demanding lesbian YouTuber Arielle Scarcella be removed on account of her view that it is not “transphobic” for lesbians to not be attracted to males https://t.co/GrtO5uh84r,1230033796952731655,2020-02-19,1.0,1.0,0.0,0.0,1.0,1.0,solution,solution,"['solution', 'neutral']","['A2UCKZZI9KBBCV', 'A3JZS32RQUWGJM']"
frames_tweets_560,solution,"@AMIT_GUJJU They will continue to insult our GOD &amp; then blame us for being Islamaphobic 
#netflixindia remove this content asap",1269547391717433345,2020-06-07,1.0,1.0,0.0,0.0,1.0,1.0,solution,solution,"['solution', 'solution']","['A36SM7QM8OK3H6', 'A3GUJ6JD25FX7O']"
frames_tweets_561,problem,Do Facebook n Twitter deserve protection under Section 230 (Comms Decency Act) if they are making selective editorial censorship to help #CrookedJoeBiden ? https://t.co/wjFYooE5jE,1316792329093541888,2020-10-15,1.0,1.0,1.0,1.0,0.0,0.0,problem,problem,"['solution', 'neutral']","['A2Q1YS118AO2BP', 'AMWIBULQ4S8K3']"
frames_tweets_562,problem,"Hello,
@Twitter
@TwitterSupport
@TwitterKorea
 
BTSV fanbase @BTSV_supportKr  got suspended for no valid reason. The account owner has never violated any of Twitter’s rules. Please return the acct as soon as possible. Thank you.",1274848780861358080,2020-06-21,1.0,1.0,1.0,1.0,0.0,0.0,problem,problem,"['problem', 'problem']","['A2Q1YS118AO2BP', 'A3GUJ6JD25FX7O']"
frames_tweets_563,problem,"My previous account was suspended Permanently by Twitter for verbally arguing with a Trump supporter. Lost thousands of followers due to a bias Twitter judgement. Help me get followers back. Yes, I follow back.

Thanks 

#COVID19 #blacklifematters https://t.co/zMx7LoBMjw",1268661712267419648,2020-06-04,1.0,1.0,1.0,1.0,0.0,0.0,problem,problem,"['problem', 'neutral']","['A2Q1YS118AO2BP', 'A35DS4T8H1MWYD']"
frames_tweets_564,solution,"Man creates new Twitter account, only posts Trump tweets word for word, gets banned rapidly https://t.co/PNLokEw8oQ",1268458226443603968,2020-06-04,1.0,1.0,0.0,0.0,1.0,1.0,solution,solution,"['problem', 'neutral', 'problem', 'neutral', 'problem', 'neutral']","['A2Q1YS118AO2BP', 'A35DS4T8H1MWYD', 'A2YYQJ3JWA2KGD', 'A36SM7QM8OK3H6', 'A2Q1YS118AO2BP', 'AMWIBULQ4S8K3']"
frames_tweets_565,neutral,"Desmond Elliot came here and swore that he wasn’t among the legislators gunning for social media regulation 
But voila.. men will disappoint you",1321831890291183623,2020-10-29,1.0,1.0,0.0,0.0,0.0,0.0,neutral,neutral,"['neutral', 'neutral']","['A2Q1YS118AO2BP', 'AJAPJJTISC36L']"
frames_tweets_566,problem,"Hello @TwitterSupport , please remove the restriction from @rmchartsdata. They haven't violated any twitter rules and they are a crucial part of our community to provide news, information and updates. Please restore the account, Thank you.",1321711882487492608,2020-10-29,1.0,1.0,1.0,1.0,0.0,0.0,problem,problem,"['solution', 'problem']","['A2Q1YS118AO2BP', 'A36SM7QM8OK3H6']"
frames_tweets_567,solution,"PLEASE SPREAD, REPORT &amp; BLOCK‼️

DO NOT ENGAGE. follow the same reasons/steps for reporting to take them down easier. 

📎https://t.co/N3hk2MdXYO
📎https://t.co/huJoBju63S
📎https://t.co/PzshfcxgwF
📎https://t.co/Dd4Jro5lME
📎https://t.co/L68ZHJEH1P
📎https://t.co/TrE3BbOGKR https://t.co/EinMnr6joD",1260835193595650048,2020-05-14,1.0,1.0,0.0,0.0,1.0,1.0,solution,solution,"['solution', 'solution']","['A376F1W1MTY3J', 'AJAPJJTISC36L']"
frames_tweets_568,solution,"@jxkesterfish78 *le gasp* Anna, you're a fake? :0

But anyways, I literally recognize all of these artist's work and hopefully their account gets taken down :/",1284534170430124033,2020-07-18,1.0,1.0,0.0,0.0,1.0,1.0,solution,solution,"['solution', 'solution']","['A2JPOXYZM5AJZZ', 'A2Q1YS118AO2BP']"
frames_tweets_569,neutral,"@inmateLTU Thank you!

Still never sent any email, sorry 😅

Will just send one once the book is ready.

Will announce it on Twitter anyway,

but a mailing list is convenient in case you stop using Twitter but still remain interested by the upcoming book, or if my account gets suspended😅",1295638382375243777,2020-08-18,1.0,1.0,0.0,0.0,0.0,0.0,neutral,neutral,"['neutral', 'neutral']","['A2UCKZZI9KBBCV', 'A3IR7DFEKLLLO']"
frames_tweets_570,problem,"By discriminating against conservatives, like @Google is doing to @FDRLST, big tech is making a great case that it should lose its legal liability protections under Section 230.",1273315235160641542,2020-06-17,1.0,1.0,1.0,1.0,0.0,0.0,problem,problem,"['solution', 'problem']","['A2Q1YS118AO2BP', 'A35DS4T8H1MWYD']"
frames_tweets_571,neutral,"David Duke's account was suspended by Twitter. Trump has not commented, but it's reasonably safe to assume he wishes David well.",1289377862580080641,2020-08-01,1.0,1.0,0.0,0.0,0.0,0.0,neutral,neutral,"['neutral', 'neutral']","['A2HM35CWB7IIFM', 'A3JZS32RQUWGJM']"
frames_tweets_572,problem,@Shehnaaz_GillFC Hey @parminder1397 bro account got suspended plz do something. That HH is making everyone account suspended. #BheegeChunarWaliSana,1236714035254407171,2020-03-08,1.0,1.0,1.0,1.0,0.0,0.0,problem,problem,"['neutral', 'problem']","['A2IOT3PCS9G5RK', 'A2Q1YS118AO2BP']"
frames_tweets_573,neutral,@Nsukka_okpa follow back bruh. Old account @hefcookies has been suspended. Please help me RT,1216761122231066626,2020-01-13,1.0,1.0,0.0,0.0,0.0,0.0,neutral,neutral,"['neutral', 'problem']","['A2IOT3PCS9G5RK', 'A2Q1YS118AO2BP']"
frames_tweets_574,problem,"I request to Hon. Sh. @rsprasad  ji, plz take strict action against @TwitterIndia, how they can suspend any responsible person account @payal_rohatgi without reason, sir plz ban this platform like Chinese app &amp; block @Jack also, who is he in our great India🙏🇮🇳
#BringBackPayal",1280782383956942849,2020-07-08,1.0,1.0,1.0,1.0,0.0,0.0,problem,problem,"['neutral', 'solution']","['A2IOT3PCS9G5RK', 'A2Q1YS118AO2BP']"
frames_tweets_575,problem,"I see an account President Trump retweeted got suspended. 

I remember when Trump retweeted me - and all the liberal big sites spent weeks going through my entire history, reporting me, trying to get me suspended. 

They are disgusting, despicable people.",1267233876902117377,2020-05-31,1.0,1.0,1.0,1.0,0.0,0.0,problem,problem,"['problem', 'problem']","['A2Q1YS118AO2BP', 'A376F1W1MTY3J']"
frames_tweets_576,problem,"Sen. Ted Cruz to Twitter's CEO during today's hearing on social media regulations before Senate panel:

""Mr. Dorsey, who the hell elected you and put you in charge of what the media are allowed to report and what the American people are allowed to hear?""https://t.co/Tp3Cte0rzM",1321537906364817410,2020-10-28,1.0,1.0,1.0,1.0,0.0,0.0,problem,problem,"['problem', 'neutral']","['A2Q1YS118AO2BP', 'AMWIBULQ4S8K3']"
frames_tweets_577,problem,"@TheMrPenguini @SkillUpYT I think there’s a lot of trouble being caused by the fact that people are making accounts, specifically for this, because they haven’t had FB before. Then their account gets banned and they loose all their purchases with seemingly no recourse",1318420925423906818,2020-10-20,1.0,1.0,1.0,1.0,0.0,0.0,problem,problem,"['problem', 'problem']","['A2Q1YS118AO2BP', 'A35DS4T8H1MWYD']"
frames_tweets_578,solution,@bdgrdoc @McKayMSmith @PolackskiPolish @Snarkier2020 @RogerLioness @annascanlon @beenjammin8486 @Amy79175729 @OptimismWins_1 @Anelwynd @saucycurry2020 @PobudkiewiczP @EvaLinden12 @polish_truth @PeterTedeschi @cohenben @Twitter I wonder why it hasn't been taken down yet. I mean his account is clearly batshit crazy,1254136863700344833,2020-04-25,1.0,1.0,0.0,0.0,1.0,1.0,solution,solution,"['problem', 'neutral']","['A2Q1YS118AO2BP', 'AJAPJJTISC36L']"
frames_tweets_579,solution,"Twitter briefly locked the account of online personalities and prominent Trump allies Diamond and Silk over a tweet that violated the company’s rules against coronavirus misinformation, a spokesperson for the social media firm told POLITICO on Wednesday https://t.co/cR4NhXGMRe",1247997443419111428,2020-04-08,1.0,1.0,0.0,0.0,1.0,1.0,solution,solution,"['problem', 'solution']","['A2IOT3PCS9G5RK', 'A2YYQJ3JWA2KGD']"
frames_tweets_580,solution,"I'M 100% in support of SOCIAL MEDIA REGULATION BILL.

I'M TOTALLY AND ABSOLUTELY CALLING FOR PROSECUTION OF Fake News Messengers......",1321853471482646528,2020-10-29,1.0,1.0,0.0,0.0,1.0,1.0,solution,solution,"['solution', 'solution']","['A2HM35CWB7IIFM', 'A2YYQJ3JWA2KGD']"
frames_tweets_581,problem,"The official Trump campaign Twitter account has been suspended, 18 days before Election Day, because the woke corporation decided it didn’t like the story about Hunter Biden.

And the left is out here seriously claiming it’s Trump that’ll try to cheat 🤦🏻‍♂️🤦🏻‍♂️🤦🏻‍♂️ https://t.co/O64xB1tQKb",1316750344366551040,2020-10-15,1.0,1.0,1.0,1.0,0.0,0.0,problem,problem,"['solution', 'neutral']","['A2JPOXYZM5AJZZ', 'A35DS4T8H1MWYD']"
frames_tweets_582,solution,"Scoop: Leaked Twitter Demo Shows Bright Red Banners to Indicate Lies, Disinformation Beneath Tweets

Twitter tells me it's a possible iteration of something that will roll out on March 5. Possible community moderation coming, too.

We've got screenshots.
https://t.co/Yhyv45WFjG",1230563856193224705,2020-02-20,1.0,1.0,0.0,0.0,1.0,1.0,solution,solution,"['neutral', 'problem']","['A2Q1YS118AO2BP', 'A3GUJ6JD25FX7O']"
frames_tweets_583,problem,"So Yeah. 

I got banned from twitch for 7 days. 

Note to myself, always use your private voice channel. 
People will always act like idiots to ruin your content.  

Continuing with the streak next week.",1302857083604344834,2020-09-07,1.0,1.0,1.0,1.0,0.0,0.0,problem,problem,"['problem', 'problem']","['A2JPOXYZM5AJZZ', 'AJAPJJTISC36L']"
frames_tweets_584,neutral,"With the way their pushing for Social media regulation you would think social media is our biggest problem as a nation. 

Not lack of electricity. 

Not insecurity. 

Not corrupt politicians. 

Not bad roads.",1321341958464352256,2020-10-28,1.0,1.0,0.0,0.0,0.0,0.0,neutral,neutral,"['problem', 'problem']","['A2Q1YS118AO2BP', 'A3GUJ6JD25FX7O']"
frames_tweets_585,problem,"Andile Mgxitama's account has been suspended again...

•BLF Website and Facebook account have been shutdown previously 
•Views on black consciousness are not allowed on Twitter and other social networks/media platforms 
•There isn't a black owned social media platform https://t.co/se8hSe1Bu9",1263623396602122240,2020-05-22,1.0,1.0,1.0,1.0,0.0,0.0,problem,problem,"['problem', 'problem']","['A2HM35CWB7IIFM', 'A2YYQJ3JWA2KGD']"
frames_tweets_586,neutral,@adoptmexazen @Jeruhmi @JaredRBLX @PlayAdoptMe no actually he is still banned he is on a different account now,1276501779103076354,2020-06-26,1.0,1.0,0.0,0.0,0.0,0.0,neutral,neutral,"['neutral', 'neutral']","['A2FCGEU5RTEWG8', 'A2IOT3PCS9G5RK']"
frames_tweets_587,solution,"Fake Account Report And Block 👍

#SarkaruVaariPaata #maheshbabu @urstrulyMahesh https://t.co/HqBAgjUxtj",1296812110945517568,2020-08-21,1.0,1.0,0.0,0.0,1.0,1.0,solution,solution,"['problem', 'solution']","['A2Q1YS118AO2BP', 'A3IR7DFEKLLLO']"
frames_tweets_588,problem,"@PokerPolitics OK, I actually had to go to a non-blocked account to reply to that one in his time line, that was so good.... I'm thinking I'm blocked in that one in 3... 2...1... https://t.co/9n1sHrua6i",1279570818146668544,2020-07-05,1.0,1.0,1.0,1.0,0.0,0.0,problem,problem,"['neutral', 'neutral']","['A2IOT3PCS9G5RK', 'A36SM7QM8OK3H6']"
frames_tweets_589,neutral,im very vocal &amp; fight &amp; call out ppl on my other account so no wonder i get blocked hhhh,1268523660245184513,2020-06-04,1.0,1.0,0.0,0.0,0.0,0.0,neutral,neutral,"['problem', 'problem']","['A2YYQJ3JWA2KGD', 'AJAPJJTISC36L']"
frames_tweets_590,problem,Let me get this straight. Joe Biden who wants to be POTUS has a crack-addicted son who was the bagman for “the big guy” and evidence of such has just been made available. And that evidence is being kept from the American people by social media who only exist via #Section230.,1316690621156003846,2020-10-15,1.0,1.0,1.0,1.0,0.0,0.0,problem,problem,"['problem', 'problem']","['A2IOT3PCS9G5RK', 'A36SM7QM8OK3H6']"
frames_tweets_591,neutral,@IrishinSocal @IrishinSocal did your account get suspended? Just checked and we weren’t following each other. 🤷🏻‍♂️,1244240138114400258,2020-03-29,1.0,1.0,0.0,0.0,0.0,0.0,neutral,neutral,"['neutral', 'neutral']","['A2HM35CWB7IIFM', 'A2IOT3PCS9G5RK']"
frames_tweets_592,solution,"Why continue reporting the accounts?

🔹️ Twitter sets a certain number of reports for an account to be restricted and suspended.
🔹️ The more reports we made the earlier for the account to be suspended.
🔹️ Spread the report tweets and inform other fans to help.",1283529251635867648,2020-07-15,1.0,1.0,0.0,0.0,1.0,1.0,solution,solution,"['problem', 'solution']","['A2Q1YS118AO2BP', 'A3JZS32RQUWGJM']"
