id,sentenceid,text,party,year,ground_truth,original_annotations
manifestos_econ_ideology_0,1100005101,Implement a Strategy for Recovery from Foot and Mouth for farms and rural businesses.,Con,2001,Right,"{""1.10e+07"":1}"
manifestos_econ_ideology_1,1170005171,Invest £140 million in a bus scrappage scheme that helps bus companies to replace old polluting buses with new low-carbon ones and creates jobs.,LD,2010,Left,"{""1.10e+07"":-1,""1.51e+07"":-1,""1.82e+07"":-1}"
manifestos_econ_ideology_2,1140006851,"Both their approaches mean more traffic and pollution, not less.",LD,2005,Left,"{""1.52e+07"":-1,""1.63e+07"":-1}"
manifestos_econ_ideology_3,1120016681,12 Expanded support for children through tax and benefit reform,Lab,2001,Left,"{""1.42e+07"":-1,""1.51e+07"":-1,""1.68e+07"":-1,""1.95e+07"":-1,""6342862"":-1}"
manifestos_econ_ideology_4,50003281,"Give financial security to all, whether they rent or own their homes.",LD,1997,Left,"{""1.98e+07"":-1,""1.99e+07"":-1,""2.00e+07"":-1,""2.04e+07"":-1,""2.06e+07"":-1,""2.09e+07"":-1,""2.10e+07"":-1,""2.12e+07"":-1,""2.13e+07"":-1,""2.14e+07"":-1,""5112203"":-1,""6363491"":1,""6525777"":-1,""7954010"":-1,""8968750"":1,""9054964"":1,""946983"":-1}"
manifestos_econ_ideology_5,1100002181,Small businesses will be exempt from some regulations altogether.,Con,2001,Right,"{""1.10e+07"":1,""1.41e+07"":1,""1.57e+07"":1,""1.68e+07"":1,""1.93e+07"":1}"
manifestos_econ_ideology_6,1070002111,increase competition in the European energy sector.,Con,1992,Right,"{""1.41e+07"":1,""1.57e+07"":1,""1.68e+07"":1,""9289597"":1}"
manifestos_econ_ideology_7,1180003781,and we will establish a new National Landlord Register.,Lab,2010,Left,"{""1.10e+07"":-1,""1.52e+07"":-1,""1.82e+07"":-1}"
manifestos_econ_ideology_8,40001571,"We will continue to simplify the administration of NICs and PAYE for small firms, allowing them to concentrate on satisfying customers not bureaucrats.",Con,1997,Right,"{""1.02e+07"":1,""1.42e+07"":0,""1.49e+07"":1,""1.51e+07"":1,""1.54e+07"":1,""1.81e+07"":1,""2.00e+07"":0,""2.08e+07"":1,""2.13e+07"":1,""4680678"":1,""7557336"":1,""7954010"":1,""8968750"":1}"
manifestos_econ_ideology_9,1160004061,"We are prepared to act unilaterally if necessary, but there is emerging international agreement on this approach and the US and German governments have both announced similar plans.",Con,2010,Left,"{""1.10e+07"":-1}"
manifestos_econ_ideology_10,1180007221,reform of the GP contract to help ensure those with late-life depression and anxiety are diagnosed and supported,Lab,2010,Left,"{""1.57e+07"":-1}"
manifestos_econ_ideology_11,1150000461,No going back to a Conservative government that says mass unemployment is a price worth paying.,Lab,2005,Left,"{""1.30e+07"":-1,""1.52e+07"":-1,""1.61e+07"":-1,""1.63e+07"":-1,""1.68e+07"":-1}"
manifestos_econ_ideology_12,1150002621,"We have introduced, for the first time, an entitlement for every employee to four weeks' paid holiday, and we propose to extend this by making it additional to bank holiday entitlement.",Lab,2005,Left,"{""1.10e+07"":-1,""1.51e+07"":-1,""1.52e+07"":-1,""6340562"":-1}"
manifestos_econ_ideology_13,1160008981,"Nothing underlines the powerlessness that many communities feel more than the loss of essential services, like post offices and pubs, because of decisions made by distant bureaucrats.",Con,2010,Right,"{""1.52e+07"":1,""1.95e+07"":1}"
manifestos_econ_ideology_14,1180013461,"Lead the agenda for an outward-facing European Union that delivers jobs, prosperity and global influence.",Lab,2010,Left,"{""1.10e+07"":-1}"
manifestos_econ_ideology_15,1180012711,"We will help save the lives of six million mothers and babies by 2015 and, because international focus on the needs of women and girls is vital, we will double core funding to the new UN Women's agency.",Lab,2010,Left,"{""1.10e+07"":-1,""1.53e+07"":-1,""1.57e+07"":-1}"
manifestos_econ_ideology_16,1090002471,Labour will stop the privatisation of the NHS and return opted-out hospitals and other services to the local NHS.,Lab,1992,Left,"{""1.10e+07"":-1,""1.42e+07"":-1,""1.68e+07"":-1}"
manifestos_econ_ideology_17,1120015341,"Labour will lead efforts to control the trade in small arms, and work for a comprehensive action plan at this year's UN conference on small arms, including an international arms surrender fund to provide development aid in exchange for firearms.",Lab,2001,Right,"{""1.10e+07"":1}"
manifestos_econ_ideology_18,1180005941,A personal NHS. We will ensure the NHS suits the lives of busy families expanding further the availability of GP-led health centres open seven days a week '8 til 8' in towns and cities.,Lab,2010,Left,"{""1.57e+07"":-1}"
manifestos_econ_ideology_19,1100003101,"Older people are among our most responsible citizens and give a great deal to their communities, but they have been demeaned and patronised by this Government.",Con,2001,Right,"{""2.03e+07"":1}"
manifestos_econ_ideology_20,1120006721,"But, on their own, they are not enough to guarantee high standards.",Lab,2001,Left,"{""1.10e+07"":-1}"
manifestos_econ_ideology_21,40006981,"We recognise the needs of road users, and will continue to work with the private sector to sustain our road building and maintenance programme.",Con,1997,Right,"{""1.01e+07"":0,""1.19e+07"":1,""1.52e+07"":1,""1.93e+07"":1,""2.00e+07"":1,""2.06e+07"":1,""2.08e+07"":-1,""2.11e+07"":1,""2.13e+07"":1,""2.14e+07"":1,""5372456"":1,""7918256"":1,""7954010"":1,""7995027"":1}"
manifestos_econ_ideology_22,10003401,Governments should trust people to spend their own money sensibly and decently ,Con,1987,Right,"{""1.10e+07"":1,""1.24e+07"":1,""1.25e+07"":1,""1.34e+07"":1,""1.40e+07"":1,""1.41e+07"":1,""1.42e+07"":1,""1.47e+07"":1,""1.49e+07"":0,""1.51e+07"":1,""1.52e+07"":1,""1.57e+07"":1,""1.63e+07"":1,""1.68e+07"":-1,""1.81e+07"":1,""1.93e+07"":1,""1.97e+07"":1,""2.03e+07"":1,""2.09e+07"":1,""2.12e+07"":1,""2.13e+07"":1,""2.14e+07"":1,""37796"":1,""5112203"":1,""5983773"":1,""6340562"":1,""6355305"":1,""8893451"":1,""9299392"":1}"
manifestos_econ_ideology_23,1150008461,"2010: A strong Britain in a reforming Europe, 300 million out of poverty, global action on climate change.",Lab,2005,Left,"{""1.81e+07"":-1}"
manifestos_econ_ideology_24,1110007251,"As well as benefiting the environment, this will create thousands of new jobs in the green energy sector.",LD,2001,Left,"{""1.10e+07"":-1,""1.53e+07"":-1}"
manifestos_econ_ideology_25,1070015311,"The arts have also forged new partnerships with local authorities, businesses and private patrons.",Con,1992,Right,"{""1.10e+07"":1}"
manifestos_econ_ideology_26,1120000081,"Families pledge. 5 Pensioners' winter fuel payment retained, minimum wage rising to £4.20.",Lab,2001,Left,"{""1.42e+07"":-1,""1.53e+07"":-1,""1.57e+07"":-1,""1.61e+07"":-1}"
manifestos_econ_ideology_27,1180009591,We will update the intellectual property framework that is crucial to the creative industries - and take further action to tackle online piracy.,Lab,2010,Right,"{""1.10e+07"":1}"
manifestos_econ_ideology_28,1120001411,"What Britain needs is an active, enabling state, not a nanny state, doing things with people not to them.",Lab,2001,Left,"{""1.10e+07"":-1}"
manifestos_econ_ideology_29,1090000801,This will benefit the community and ensure that unemployed people are offered a range of employment and training opportunities.,Lab,1992,Left,"{""1.10e+07"":-1,""1.52e+07"":-1,""1.93e+07"":-1}"
manifestos_econ_ideology_30,1120005551,"Tourism is a vital, growing industry for Britain, with 1.8 million employees, and links to the museums, arts and heritage that people want to enjoy.",Lab,2001,Left,"{""1.10e+07"":-1,""1.51e+07"":-1,""1.52e+07"":-1}"
manifestos_econ_ideology_31,1120000911,"So we chose to reform the NHS, and inject new money.",Lab,2001,Left,"{""1.10e+07"":-1,""1.30e+07"":-1}"
manifestos_econ_ideology_32,1110007351,We will also ban the use of the most toxic chemicals.,LD,2001,Left,"{""1.42e+07"":-1}"
manifestos_econ_ideology_33,40000021,A country once brought to its knees by over-mighty trade unions now has industrial peace.,Con,1997,Right,"{""1.45e+07"":1,""1.52e+07"":1,""1.75e+07"":1,""1.88e+07"":1,""1.98e+07"":1,""2.02e+07"":1,""2.05e+07"":1,""2.06e+07"":1,""2.07e+07"":1,""2.09e+07"":1,""2.11e+07"":1,""2.13e+07"":1,""2.14e+07"":1,""4680678"":1,""5993386"":1,""7918256"":1,""886"":1,""8968750"":1,""946983"":0}"
manifestos_econ_ideology_34,1170007151,"Make National Parks more democratically accountable, allowing a proportion of the Park boards to be elected.",LD,2010,Left,"{""1.82e+07"":-1}"
manifestos_econ_ideology_35,1080007461,Out proposed regional developments agencies will also provide help to areas particularly affected.,LD,1992,Left,"{""1.51e+07"":-1}"
manifestos_econ_ideology_36,40006911,We will bring forward plans to privatise London Underground.,Con,1997,Right,"{""1.19e+07"":1,""1.45e+07"":1,""1.52e+07"":1,""1.89e+07"":1,""1.98e+07"":1,""2.00e+07"":1,""2.01e+07"":1,""2.07e+07"":1,""2.09e+07"":1,""2.10e+07"":1,""2.11e+07"":1,""2.13e+07"":1,""7918256"":1,""7954010"":1,""7995027"":1,""9703085"":-1}"
manifestos_econ_ideology_37,1150007951,"By 2010, all parents of three- and four-year-olds will have increased rights to flexible, free, part-time nursery provision for 15 hours a week over the whole school year.",Lab,2005,Left,"{""1.52e+07"":-1}"
manifestos_econ_ideology_38,1120006191,Our challenge is to reverse decades of denigration and under-investment.,Lab,2001,Left,"{""1.10e+07"":-1}"
manifestos_econ_ideology_39,1120016311,Change to deepen our democracy.,Lab,2001,Right,"{""1.57e+07"":1}"
manifestos_econ_ideology_40,1100005951,"Conservatives are not anti-car, but we are anti-pollution, and so we will cut taxes on cleaner fuels and cleaner vehicles.",Con,2001,Right,"{""1.42e+07"":1,""1.47e+07"":1,""1.52e+07"":1,""1.57e+07"":1}"
manifestos_econ_ideology_41,1180002401,"We will establish a Green Investment Bank to invest in low-carbon infrastructure, with the Government's stake funded by the sale of infrastructure assets.",Lab,2010,Left,"{""1.40e+07"":-1,""1.68e+07"":-1,""6342862"":-1}"
manifestos_econ_ideology_42,1120009241," 3 A Modern Welfare State. As society changes, so the welfare state must change.",Lab,2001,Left,"{""1.10e+07"":-1,""1.30e+07"":-1,""1.68e+07"":-1,""1.93e+07"":-1}"
manifestos_econ_ideology_43,1180009911,This would mean the UK increasing its current target of a 34 per cent reduction.,Lab,2010,Left,"{""1.10e+07"":-1}"
manifestos_econ_ideology_44,1070001891,We will continue to resist changes to the Treaty of Rome that would damage British business.,Con,1992,Right,"{""1.30e+07"":1,""1.42e+07"":1,""1.57e+07"":1,""1.96e+07"":1,""6340562"":1}"
manifestos_econ_ideology_45,1110000951,Provide free eye checks for all to ensure that problems are spotted earlier.,LD,2001,Left,"{""1.10e+07"":-1}"
manifestos_econ_ideology_46,1180003441,"As family budgets are under greater pressure, we will do more to help people with the cost of living.",Lab,2010,Left,"{""1.40e+07"":-1,""1.41e+07"":-1,""1.42e+07"":-1,""6342862"":-1}"
manifestos_econ_ideology_47,1150007881,It is the world's first example of a government ensuring that all children grow up with a financial stake.,Lab,2005,Left,"{""1.41e+07"":-1}"
manifestos_econ_ideology_48,1170007401,We will use government procurement policy to expand the market for sustainable and fair-traded products.,LD,2010,Left,"{""1.10e+07"":-1,""1.87e+07"":-1}"
manifestos_econ_ideology_49,1180001631,"The huge global recession and our efforts to counter it have required us to make tough choices, including on tax.",Lab,2010,Left,"{""1.10e+07"":-1,""1.40e+07"":-1,""1.57e+07"":-1,""1.82e+07"":-1}"
manifestos_econ_ideology_50,1140003441,"The red tape, bureaucracy and wasteful rules were bad enough then.",LD,2005,Right,"{""1.40e+07"":1,""1.42e+07"":1,""1.52e+07"":1,""1.57e+07"":1,""1.93e+07"":1}"
manifestos_econ_ideology_51,1120005801,suffering industrial diseases.,Lab,2001,Left,"{""1.10e+07"":-1,""1.30e+07"":-1,""1.68e+07"":-1}"
manifestos_econ_ideology_52,1070009471,We intend to strengthen our confiscatory powers still further.,Con,1992,Right,"{""1.82e+07"":1}"
manifestos_econ_ideology_53,10003581,In the next Parliament: We aim to reduce the burden of taxation.,Con,1987,Right,"{""1.05e+07"":1,""1.10e+07"":-1,""1.14e+07"":1,""1.18e+07"":1,""1.22e+07"":1,""1.30e+07"":1,""1.40e+07"":1,""1.41e+07"":1,""1.42e+07"":1,""1.49e+07"":1,""1.51e+07"":1,""1.52e+07"":1,""1.54e+07"":1,""1.57e+07"":1,""1.58e+07"":1,""1.64e+07"":1,""1.68e+07"":1,""1.76e+07"":1,""1.81e+07"":1,""1.82e+07"":1,""1.84e+07"":1,""1.85e+07"":1,""1.87e+07"":1,""1.89e+07"":1,""1.93e+07"":1,""1.95e+07"":1,""1.96e+07"":1,""1.98e+07"":1,""1171781"":1,""2.00e+07"":1,""2.04e+07"":1,""2.05e+07"":1,""2.06e+07"":-1,""2.07e+07"":1,""2.08e+07"":1,""2.09e+07"":0,""2.10e+07"":1,""2.11e+07"":-1,""2.12e+07"":1,""2.13e+07"":1,""2.14e+07"":1,""247085"":1,""4568230"":1,""5172864"":1,""5993386"":1,""5995438"":1,""6211982"":1,""6444018"":1,""7918256"":-1,""8382218"":1,""886"":1,""9818159"":1}"
manifestos_econ_ideology_54,1100005321,"Immediately upon taking office, we will implement our Strategy for Recovery - practical steps to stamp out Foot and Mouth once and for all",Con,2001,Left,"{""1.82e+07"":-1}"
manifestos_econ_ideology_55,1130000241,We will be ambitious for our country - a Conservative Government will aspire to give everyone the chance to make the most of their lives.,Con,2005,Right,"{""1.57e+07"":1}"
manifestos_econ_ideology_56,1110005641,Extend the entitlement to the basic state pension to all citizens.,LD,2001,Left,"{""1.10e+07"":-1,""1.30e+07"":-1,""1.42e+07"":-1,""1.82e+07"":-1,""6355305"":-1}"
manifestos_econ_ideology_57,1070003231,"During the past 13 years we have cut, simplified or abolished a whole range of direct taxes.",Con,1992,Right,"{""1.10e+07"":1,""1.41e+07"":1,""1.52e+07"":1,""1.53e+07"":1,""1.57e+07"":1,""1.86e+07"":1,""2.08e+07"":1,""2.09e+07"":1,""2.13e+07"":1}"
manifestos_econ_ideology_58,1140005661,Work for the elimination of nuclear weapons and tackle the arms trade.,LD,2005,Left,"{""1.42e+07"":-1}"
manifestos_econ_ideology_59,20004521,The Alliance will tackle poverty by targeting much higher benefits to those with the lowest incomes in relation to their needs.,LD,1987,Left,"{""1.01e+07"":-1,""1.10e+07"":-1,""1.13e+07"":-1,""1.18e+07"":-1,""1.19e+07"":-1,""1.24e+07"":-1,""1.25e+07"":-1,""1.27e+07"":-1,""1.30e+07"":-1,""1.40e+07"":1,""1.45e+07"":-1,""1.49e+07"":-1,""1.52e+07"":-1,""1.57e+07"":-1,""1.68e+07"":-1,""1.76e+07"":-1,""1.82e+07"":-1,""1.93e+07"":-1,""2.03e+07"":-1,""2.04e+07"":-1,""2.06e+07"":1,""2.12e+07"":-1,""2.13e+07"":-1,""2.14e+07"":-1,""2.21e+07"":-1,""2793302"":-1,""4680678"":-1,""5280406"":1,""5372456"":-1,""568434"":-1,""6002241"":-1,""6161328"":-1,""6342862"":-1,""7918256"":-1,""7954010"":-1,""8530175"":1,""874567"":-1,""8968750"":-1,""917392"":-1,""946983"":-1,""9946723"":-1}"
manifestos_econ_ideology_60,1100006611,The State has no business owning a commercial TV company.,Con,2001,Right,"{""1.42e+07"":1,""1.57e+07"":1,""1.82e+07"":1}"
manifestos_econ_ideology_61,40001291,It is because we have pursued very different policies from those on the Continent.,Con,1997,Right,"{""1.34e+07"":1,""1.98e+07"":0,""2.00e+07"":1,""2.05e+07"":1,""2.07e+07"":1,""2.10e+07"":0,""2.11e+07"":1,""2.13e+07"":1,""7954010"":1,""8968750"":1}"
manifestos_econ_ideology_62,1120004701,trade unions have the right to recognition where a majority of the workforce want it,Lab,2001,Left,"{""1.10e+07"":-1,""1.30e+07"":-1,""1.41e+07"":-1,""1.93e+07"":-1,""2.03e+07"":-1}"
manifestos_econ_ideology_63,1080007701,Ending the commercialisation of aid which the current Government has practised and which substantially reduces its value to the world's poorest.,LD,1992,Left,"{""1.10e+07"":-1,""1.45e+07"":-1,""1.87e+07"":-1}"
manifestos_econ_ideology_64,1170006861,Begin a national programme to insulate more homes paid for by the savings from lower energy bills.,LD,2010,Left,"{""1.10e+07"":-1,""1.52e+07"":-1}"
manifestos_econ_ideology_65,10005211,Our nuclear industry has a record of safety and technical excellence second to none.,Con,1987,Right,"{""2.02e+07"":1,""2.13e+07"":1}"
manifestos_econ_ideology_66,1110005481,"Liberal Democrats will:  Increase the basic state pension by £5 a week for each single pensioner, £10 for the over-75s and £15 for the over-80s.",LD,2001,Left,"{""1.10e+07"":-1,""1.52e+07"":-1,""1.53e+07"":-1,""2.06e+07"":-1,""2.18e+07"":-1}"
manifestos_econ_ideology_67,40001431,"We have already helped them: raising the VAT threshold, cutting employer's national insurance contributions, simplifying audit requirements and much more besides.",Con,1997,Right,"{""1.52e+07"":1,""1.53e+07"":1,""1.75e+07"":1,""1.87e+07"":1,""2.03e+07"":1,""2.06e+07"":1,""2.07e+07"":1,""2.10e+07"":1,""2.12e+07"":1,""2.13e+07"":-1,""2.14e+07"":1,""5280406"":1,""6591328"":1,""7918256"":1,""7954010"":1,""8382218"":1,""8968750"":1,""946983"":1}"
manifestos_econ_ideology_68,1100002371,"Trust doctors and nurses, not politicians, to make medical decisions.",Con,2001,Right,"{""1.57e+07"":1}"
manifestos_econ_ideology_69,1120009431,"Child poverty halved and pensioner poverty tackled, as we extend opportunity for all children and security for all pensioners.",Lab,2001,Left,"{""1.10e+07"":-1,""1.68e+07"":-1,""1.93e+07"":-1,""2.03e+07"":-1}"
manifestos_econ_ideology_70,40006291,"Privatisation and Competition. In 20 years, privatisation has gone from the dream of a few Conservative visionaries to the big idea which is transforming decaying public sector industries in almost every country in the world.",Con,1997,Right,"{""1.45e+07"":1,""1.75e+07"":1,""1.83e+07"":0,""1.98e+07"":1,""2.02e+07"":1,""2.06e+07"":-1,""2.08e+07"":1,""2.11e+07"":1,""2.13e+07"":1,""2793302"":1,""37796"":1,""7918256"":-1,""7954010"":1,""7995027"":1,""8382218"":1,""8836799"":1,""9004400"":1}"
manifestos_econ_ideology_71,1070000111,"Politicians must never make the mistake of thinking the state always knows best, or that it is entitled to the lion's share of people's money. ",Con,1992,Right,"{""1.40e+07"":1,""1.51e+07"":1,""1.68e+07"":1}"
manifestos_econ_ideology_72,1170006911,"We will:  Switch traffic from road to rail by investing in local rail improvements, such as opening closed rail lines and adding extra tracks, paid for by cutting the major roads budget.",LD,2010,Left,"{""1.10e+07"":-1,""1.57e+07"":-1,""1.82e+07"":-1}"
manifestos_econ_ideology_73,1140003291,"To pay for our policies of abolishing student top-up and tuition fees, ending elderly and disabled people needing to pay for their care, and cutting Council Tax, the richest one per cent of the population will pay 50 per cent tax (up from 41 per cent) on that part of their income over £100,000 per year.",LD,2005,Left,"{""1.30e+07"":-1,""1.42e+07"":-1,""1.52e+07"":-1,""1.88e+07"":-1}"
manifestos_econ_ideology_74,1120011631,"16- to 18-year-olds. Nearly ten per cent of 16- to 18-year-olds are not in education, training or work.",Lab,2001,Right,"{""2.05e+07"":1}"
manifestos_econ_ideology_75,1170005101,"Set out a clear renewables routemap to 2050, covering grid access and investment in electricity networks, and develop new incentives to promote renewable heat.",LD,2010,Left,"{""1.42e+07"":-1,""1.53e+07"":-1,""1.82e+07"":-1,""1.87e+07"":-1}"
manifestos_econ_ideology_76,1170007571,We will stop big donations and give people the power to sack corrupt MPs.,LD,2010,Right,"{""1.27e+07"":1}"
manifestos_econ_ideology_77,10003411,high taxation prevents them doing so.,Con,1987,Right,"{""1.01e+07"":-1,""1.04e+07"":1,""1.10e+07"":1,""1.15e+07"":1,""1.18e+07"":1,""1.19e+07"":1,""1.24e+07"":1,""1.27e+07"":1,""1.38e+07"":-1,""1.40e+07"":1,""1.41e+07"":1,""1.45e+07"":1,""1.47e+07"":1,""1.51e+07"":0,""1.52e+07"":1,""1.57e+07"":-1,""1.59e+07"":1,""1.61e+07"":1,""1.68e+07"":-1,""1.75e+07"":0,""1.76e+07"":1,""1.81e+07"":1,""1.82e+07"":-1,""1.85e+07"":1,""1.86e+07"":1,""1.87e+07"":1,""1.88e+07"":1,""1.93e+07"":1,""1.95e+07"":1,""1.98e+07"":1,""1054502"":1,""1837834"":-1,""2.00e+07"":1,""2.08e+07"":1,""2.09e+07"":-1,""2.10e+07"":1,""2.11e+07"":1,""2.12e+07"":1,""2.13e+07"":1,""2.14e+07"":1,""2785872"":1,""2793302"":1,""3307853"":1,""3626598"":-1,""45190"":1,""4680678"":1,""5108677"":1,""5112203"":1,""5501199"":1,""5536796"":1,""5537363"":1,""568434"":1,""5768369"":1,""6066983"":1,""6161328"":1,""6355305"":1,""714020"":1,""7395284"":1,""7502519"":-1,""787803"":1,""7918256"":-1,""7995027"":1,""8113176"":1,""874567"":1,""8836799"":-1,""8968750"":1,""9015611"":1,""917392"":1,""9299392"":1,""946983"":1,""9703593"":1,""9888671"":1}"
manifestos_econ_ideology_78,1070004241,The Ports Act 1991 has paved the way for the privatisation of the Trust Ports by competitive tender.,Con,1992,Right,"{""1.40e+07"":1,""1.51e+07"":1,""1.52e+07"":1,""1.53e+07"":1,""1.66e+07"":1,""1.71e+07"":1,""1.74e+07"":1,""1.86e+07"":1,""1.93e+07"":1,""1.96e+07"":1,""1171781"":0,""2.01e+07"":1,""2.07e+07"":0,""2.08e+07"":1,""2.09e+07"":1,""5993386"":1}"
manifestos_econ_ideology_79,1120011041,and over three million pensioner households benefit from free TV licences for those over-75s.,Lab,2001,Left,"{""1.42e+07"":-1,""1.57e+07"":-1}"
manifestos_econ_ideology_80,1160003811,Reform public services to deliver better value for money. We will raise productivity growth in the public sector in order to deliver better schools and a better NHS.,Con,2010,Left,"{""1.10e+07"":-1}"
manifestos_econ_ideology_81,1100000521,This is where our Family Scholarships scheme will help.,Con,2001,Left,"{""1.57e+07"":-1,""1.68e+07"":-1,""1.98e+07"":-1}"
manifestos_econ_ideology_82,1140000761,Cost: £1.2 billion per year.,LD,2005,Left,"{""1.42e+07"":-1,""1.52e+07"":-1,""1.82e+07"":-1,""6340562"":-1}"
manifestos_econ_ideology_83,1160008631,"We need a totally different approach to governing, one that involves people in making the decisions that affect them.",Con,2010,Right,"{""1.57e+07"":1}"
manifestos_econ_ideology_84,1070004111,Employees have been able to take a direct stake in the newly privatised companies.,Con,1992,Right,"{""1.52e+07"":1,""1.53e+07"":1,""1.57e+07"":-1,""1.66e+07"":1,""1.68e+07"":1,""1.71e+07"":1,""1.74e+07"":1,""2.08e+07"":1,""2.09e+07"":1,""2.10e+07"":1,""2.13e+07"":1}"
manifestos_econ_ideology_85,1180013481,"Reform the UN, International Financial Institutions, the G8 and G20, and NATO to adapt to the new global challenges.   ",Lab,2010,Left,"{""1.10e+07"":-1}"
manifestos_econ_ideology_86,1170004801,Make Network Rail refund a third of your ticket price if you have to take a rail replacement bus service.,LD,2010,Left,"{""1.10e+07"":-1,""1.40e+07"":-1,""1.57e+07"":-1}"
manifestos_econ_ideology_87,1170000821,Our schools plan. We will give every child the fair start they deserve by providing cash to reduce class sizes and increase one-to-one tuition.,LD,2010,Left,"{""1.57e+07"":-1}"
manifestos_econ_ideology_88,1070013571,We will bring together resources targeted inner city programmes into a single budget.,Con,1992,Left,"{""1.10e+07"":-1,""1.68e+07"":-1}"
manifestos_econ_ideology_89,1110007181,"Green Action. Cutting Pollution from Energy Use. The burning of fossil fuels - coal, oil and gas - is a major contributor to climate change, and also causes acid rain and local air pollution.",LD,2001,Left,"{""1.42e+07"":-1}"
manifestos_econ_ideology_90,1070004741,We will continue to support our science base to maintain the excellence of our science and to ensure that we produce the skilled technical people we need.,Con,1992,Right,"{""1.63e+07"":1}"
manifestos_econ_ideology_91,1110000601,Labour has tried to control far too much of the NHS from the centre.,LD,2001,Right,"{""1.95e+07"":1}"
manifestos_econ_ideology_92,1180008811,"Arts, culture and museums. We have made unprecedented investment in Britain's cultural life, widening access by introducing free admission to museums and galleries.",Lab,2010,Left,"{""1.10e+07"":-1,""1.40e+07"":-1}"
manifestos_econ_ideology_93,1180007111,They will be funded through savings and efficiencies in the health budget and in local government.,Lab,2010,Left,"{""1.10e+07"":-1,""1.63e+07"":-1,""1.88e+07"":-1}"
manifestos_econ_ideology_94,1110006271,This is exacerbated by the complicated and often overlapping roles of many different regulators.,LD,2001,Right,"{""1.30e+07"":1,""1.42e+07"":1}"
manifestos_econ_ideology_95,60010151,Promoting economic and social development. Labour will also attach much higher priority to combating global poverty and underdevelopment.,Lab,1997,Left,"{""1.24e+07"":-1,""1.52e+07"":-1,""1.75e+07"":-1,""1.90e+07"":-1,""2.09e+07"":-1,""2.10e+07"":-1,""2.11e+07"":-1,""2.13e+07"":-1,""2.14e+07"":-1,""6349089"":-1,""8893451"":-1,""9958248"":1}"
manifestos_econ_ideology_96,1160004731,"The state must take action to agitate for, catalyse and galvanise social renewal.",Con,2010,Left,"{""1.57e+07"":-1}"
manifestos_econ_ideology_97,1140000471,"Throughout this manifesto, we recognise our responsibility to future generations, to protect the precious environment that sustains all life on the planet.",LD,2005,Left,"{""1.42e+07"":-1}"
manifestos_econ_ideology_98,1090001611,We will halt the deterioration which has taken place in the pay and conditions of many public service workers - often through pay settlements which have been arbitrarily imposed upon them.,Lab,1992,Left,"{""1.10e+07"":-1,""1.41e+07"":-1,""1.51e+07"":-1,""1.68e+07"":-1,""1.93e+07"":-1}"
manifestos_econ_ideology_99,1110007291,We will establish an International Centre of Excellence at Dounreay to lead and spread good practice on decommissioning.,LD,2001,Left,"{""1.10e+07"":-1,""1.63e+07"":-1}"
manifestos_econ_ideology_100,1140006111,Our long-term goal is 'contraction and convergence' - which means agreeing for every country a sustainable population-related allowance for emissions.,LD,2005,Left,"{""1.42e+07"":-1}"
manifestos_econ_ideology_101,40001371,Businesses do.,Con,1997,Right,"{""1.24e+07"":1,""1.51e+07"":1,""1.52e+07"":1,""2.02e+07"":1,""2.04e+07"":1,""2.10e+07"":1,""2.13e+07"":-1,""2.14e+07"":1,""5280406"":1,""7918256"":-1,""7954010"":1,""8968750"":1}"
manifestos_econ_ideology_102,1120000001,"2001 Labour Party General Election Manifesto. Ambitions for Britain. Five pledges for the next five years. Economic pledge. 1 Mortgages as low as possible, low inflation and sound public finances.",Lab,2001,Left,"{""1.10e+07"":-1,""1.30e+07"":-1,""1.51e+07"":-1,""1.53e+07"":-1,""1.68e+07"":-1}"
manifestos_econ_ideology_103,1100001841,We will be a tax-cutting government.,Con,2001,Right,"{""1.40e+07"":1,""1.41e+07"":1,""1.57e+07"":1,""1.93e+07"":1,""1.95e+07"":1}"
manifestos_econ_ideology_104,1120001831,increase health spending by an average of six per cent in real terms each year for the next three years ,Lab,2001,Left,"{""1.10e+07"":-1,""1.30e+07"":-1,""1.53e+07"":-1}"
manifestos_econ_ideology_105,10009061,"The development of the broadcasting industry will be allowed to occur, wherever possible, commercially.",Con,1987,Right,"{""1.24e+07"":1,""1.34e+07"":1,""1.85e+07"":1,""1.98e+07"":1,""2.03e+07"":1,""2.13e+07"":1,""2.14e+07"":1,""313343"":1,""5112203"":1,""8273320"":1,""8968750"":1,""946983"":1}"
manifestos_econ_ideology_106,1080002851,"We will tighten controls against exploitation, we will create more National Parks and we will improve access to the countryside.",LD,1992,Left,"{""1.57e+07"":-1}"
manifestos_econ_ideology_107,1120000391,Strong values.,Lab,2001,Left,"{""1.63e+07"":-1}"
manifestos_econ_ideology_108,1120000151,This manifesto contains the details of our plans for the future of Britain.,Lab,2001,Left,"{""1.52e+07"":-1}"
manifestos_econ_ideology_109,1110002301,We will encourage independent schools to share their facilities with state schools to spread opportunity for all.,LD,2001,Left,"{""1.10e+07"":-1,""1.57e+07"":-1}"
manifestos_econ_ideology_110,1180004451,in return they will have to demonstrate high standards of teaching to maintain their licence to practise.,Lab,2010,Right,"{""1.82e+07"":1}"
manifestos_econ_ideology_111,1180001261,"But from 2011-12, as growth takes hold, spending will be tighter.",Lab,2010,Right,"{""1.52e+07"":1,""1.57e+07"":1}"
manifestos_econ_ideology_112,1170003601,only by going through this process of finding savings elsewhere can we protect these services in the coming years.,LD,2010,Left,"{""1.10e+07"":-1,""1.57e+07"":-1}"
manifestos_econ_ideology_113,1090003801,We will encourage parents on income support to claim maintenance by allowing them to keep part of it before benefit is cut.,Lab,1992,Left,"{""1.53e+07"":-1,""2.01e+07"":-1}"
manifestos_econ_ideology_114,1090003831,"As resources allow, we will improve and extend invalid care allowance.",Lab,1992,Left,"{""1.10e+07"":-1,""1.40e+07"":-1,""1.41e+07"":-1,""1.68e+07"":-1}"
manifestos_econ_ideology_115,1110000921,Double the Government' commitment to invest more in the latest scanning and diagnostic equipment.,LD,2001,Left,"{""1.10e+07"":-1,""1.30e+07"":-1,""1.68e+07"":-1,""6355305"":-1}"
manifestos_econ_ideology_116,1110010921,But Britain could lead more rapid action on debt relief by bodies such as the International Monetary Fund and the World Bank.,LD,2001,Left,"{""1.10e+07"":-1,""1.68e+07"":-1,""1911075"":-1}"
manifestos_econ_ideology_117,1110006211,"We will devolve all funding decisions, except those involving national companies, from the Department of Culture Media and Sport to the Regional Arts Boards.",LD,2001,Left,"{""1.10e+07"":-1,""1.30e+07"":-1,""1.42e+07"":-1}"
manifestos_econ_ideology_118,10006611,"Most of this, an extra £9 billion, has gone to provide better standards of help and support to more elderly people, families with children, disabled people and those suffering long-term illness.",Con,1987,Left,"{""1.03e+07"":-1,""1.24e+07"":-1,""1.32e+07"":-1,""1.52e+07"":-1,""1.98e+07"":-1,""2.04e+07"":1,""2.06e+07"":1,""2.08e+07"":-1,""2.10e+07"":1,""2.13e+07"":-1,""2.14e+07"":-1,""2270318"":-1,""37796"":-1,""5112203"":-1,""8382218"":-1,""8893451"":-1}"
manifestos_econ_ideology_119,1090000971,"By investing in the NHS, we offer new security to the patients and the public.",Lab,1992,Left,"{""1.10e+07"":-1,""1.45e+07"":-1,""1.68e+07"":-1}"
manifestos_econ_ideology_120,30003431," Extend employment protection to all workers, including part-timers.",Lab,1987,Left,"{""1.52e+07"":-1,""1.53e+07"":-1,""1.58e+07"":-1,""1.59e+07"":-1,""1.75e+07"":-1,""1.80e+07"":-1,""1.81e+07"":-1,""1.93e+07"":-1,""1.98e+07"":-1,""2.00e+07"":0,""2.10e+07"":-1,""2.13e+07"":-1,""4680678"":-1,""5112203"":-1,""8382218"":1,""8836799"":-1,""8968750"":-1,""946983"":-1}"
manifestos_econ_ideology_121,1170002411,"Support public investment in the roll-out of superfast broadband, targeted first at those areas which are least likely to be provided for by the market.",LD,2010,Left,"{""1.10e+07"":-1,""1.40e+07"":-1,""1.57e+07"":-1}"
manifestos_econ_ideology_122,40001481,"As we want small businesses to flourish, we will go even further.",Con,1997,Right,"{""1.06e+07"":1,""1.10e+07"":1,""1.13e+07"":1,""1.16e+07"":1,""1.30e+07"":1,""1.32e+07"":1,""1.40e+07"":1,""1.42e+07"":1,""1.45e+07"":1,""1.52e+07"":1,""1.53e+07"":1,""1.54e+07"":1,""1.57e+07"":1,""1.60e+07"":1,""1.63e+07"":-1,""1.66e+07"":1,""1.68e+07"":1,""1.74e+07"":1,""1.76e+07"":1,""1.82e+07"":1,""1.83e+07"":0,""1.86e+07"":0,""1.88e+07"":-1,""1.93e+07"":1,""1.97e+07"":1,""1.98e+07"":1,""2.03e+07"":1,""2.05e+07"":1,""2.06e+07"":1,""2.09e+07"":1,""2.10e+07"":1,""2.11e+07"":1,""2.12e+07"":0,""2.13e+07"":1,""2.18e+07"":1,""2.20e+07"":0,""6340562"":1,""8113176"":1}"
manifestos_econ_ideology_123,1120008361,Appointments to trust boards will no longer be made by ministers but by an independent panel.,Lab,2001,Left,"{""1.10e+07"":-1}"
manifestos_econ_ideology_124,1100001641,Cut the cost of regulation on business every year.,Con,2001,Right,"{""1.51e+07"":1,""1.57e+07"":1,""1.68e+07"":1,""1.93e+07"":1,""1.95e+07"":1}"
manifestos_econ_ideology_125,1070011451,We will press them to put into practice the principles of the Maastricht declaration.,Con,1992,Left,"{""1.57e+07"":-1}"
manifestos_econ_ideology_126,1100006081,We will stop Labour's policy of blame and shame.,Con,2001,Right,"{""1.95e+07"":1}"
manifestos_econ_ideology_127,1070000511,"And in this election, as always, there is another choice.",Con,1992,Right,"{""1.63e+07"":1}"
manifestos_econ_ideology_128,1110000481,"Cut waiting times by providing an additional 10,000 beds.",LD,2001,Left,"{""6355305"":-1}"
manifestos_econ_ideology_129,1150002521,The Local Enterprise Growth Initiative will work through local author ities to remove barriers to enterprise in the most deprived areas of England.,Lab,2005,Right,"{""1.16e+07"":1,""1.52e+07"":1,""2.05e+07"":1}"
manifestos_econ_ideology_130,1140002861,"Increasingly, Labour has started to make mistakes.",LD,2005,Right,"{""1.95e+07"":1}"
manifestos_econ_ideology_131,1110011401,"Open and Honest Taxes. Schools, hospitals, pensions and the police desperately need further investment, and this is our priority.",LD,2001,Left,"{""1.10e+07"":-1,""1.30e+07"":-1,""1.40e+07"":-1,""1.42e+07"":-1}"
manifestos_econ_ideology_132,1160004211,But the low carbon economy also provides exciting opportunities for British businesses.,Con,2010,Right,"{""1.45e+07"":1,""2.05e+07"":1}"
manifestos_econ_ideology_133,1180010741,We face a deep crisis of trust in politics following the parliamentary expenses scandal.,Lab,2010,Left,"{""1.10e+07"":-1}"
manifestos_econ_ideology_134,1180010001,We are committed to meeting 15 per cent of our energy demand from renewables by 2020.,Lab,2010,Left,"{""1.66e+07"":-1}"
manifestos_econ_ideology_135,1080003851,"Reviving Rural Communities. Our policy for the coutnryside aims both to protect Britain's natural environment and to recreate success in one of Britain's greatest industries, agriculture.",LD,1992,Left,"{""1.10e+07"":-1,""1.53e+07"":-1,""1.57e+07"":-1}"
manifestos_econ_ideology_136,1140003641, Endless visits by all sorts of inspectors will be replaced in most cases by one all- purpose inspection.,LD,2005,Right,"{""1.42e+07"":1,""1.52e+07"":1,""1.82e+07"":1,""1.88e+07"":1}"
manifestos_econ_ideology_137,1070012681,We now propose to take deregulation and privatisation further.,Con,1992,Right,"{""1.10e+07"":1,""1.53e+07"":1,""1.57e+07"":1,""1.63e+07"":1,""1.68e+07"":1}"
manifestos_econ_ideology_138,1100003761,"We will insist on a Treaty 'flexibility' provision, so that outside the areas of the single market and core elements of an open, free-trading and competitive EU, countries need only participate in new legislative actions at a European level if they see this as in their national interest.",Con,2001,Right,"{""1.87e+07"":1}"
manifestos_econ_ideology_139,30001021,We will reverse the extra tax cuts which the richest 5 per cent have received from the Tory government and allocate that money instead to the most needy.,Lab,1987,Left,"{""1.00e+07"":1,""1.10e+07"":1,""1.15e+07"":-1,""1.17e+07"":-1,""1.24e+07"":-1,""1.30e+07"":-1,""1.40e+07"":-1,""1.41e+07"":-1,""1.42e+07"":-1,""1.51e+07"":1,""1.52e+07"":-1,""1.57e+07"":-1,""1.66e+07"":-1,""1.68e+07"":-1,""1.82e+07"":-1,""1.87e+07"":-1,""1.93e+07"":-1,""1.95e+07"":1,""1.98e+07"":-1,""1037861"":1,""1054502"":1,""2.00e+07"":-1,""2173664"":-1,""3307853"":-1,""3731467"":-1,""37796"":-1,""4652872"":-1,""4680678"":-1,""5112203"":-1,""5536796"":1,""5983773"":-1,""6066983"":-1,""6161328"":-1,""6342862"":-1,""7395284"":-1,""7502519"":1,""7918256"":-1,""8968750"":-1,""946983"":-1,""9703593"":-1}"
manifestos_econ_ideology_140,1070004431,Energy. Our energy policies have brought the consumer both lower prices and better service.,Con,1992,Right,"{""5647650"":1}"
manifestos_econ_ideology_141,1150002381,"To facilitate improved public transport provision, we will explore giving Passenger Transport Executives greater powers over local transport.",Lab,2005,Right,"{""1.52e+07"":1}"
manifestos_econ_ideology_142,1180013431,"Stronger local government, with increased local democratic scrutiny over all local public services.",Lab,2010,Left,"{""1.40e+07"":-1}"
manifestos_econ_ideology_143,1110006821,We will require the largest companies to report on their social and environmental performance.,LD,2001,Right,"{""1.88e+07"":1}"
manifestos_econ_ideology_144,1120002001,We will decentralise power to make that possible.,Lab,2001,Left,"{""1.10e+07"":-1}"
manifestos_econ_ideology_145,1120010951,That is why we have already legislated to reform the CSA and these improvements will come on stream from 2002.,Lab,2001,Left,"{""1.42e+07"":-1,""1.63e+07"":-1}"
manifestos_econ_ideology_146,1120010541,"Assets. Our active welfare state has so far been based on work, finance and services.",Lab,2001,Left,"{""1.10e+07"":-1,""1.42e+07"":-1,""1.68e+07"":-1}"
manifestos_econ_ideology_147,1150011701,A voice for all. A fully democratic society depends on giving everyone a voice and stake.,Lab,2005,Left,"{""1.57e+07"":-1}"
manifestos_econ_ideology_148,40001491,We will cut the small companies rate of corporation tax in line with personal taxation as we move towards a 20p basic rate.,Con,1997,Right,"{""1.04e+07"":1,""1.10e+07"":1,""1.13e+07"":1,""1.17e+07"":1,""1.18e+07"":1,""1.24e+07"":1,""1.30e+07"":1,""1.40e+07"":1,""1.51e+07"":1,""1.52e+07"":1,""1.57e+07"":1,""1.63e+07"":1,""1.66e+07"":1,""1.68e+07"":-1,""1.86e+07"":1,""1.87e+07"":1,""1.88e+07"":1,""1.93e+07"":1,""1.95e+07"":1,""2.01e+07"":1,""2.02e+07"":1,""2.09e+07"":1,""2.11e+07"":1,""2.12e+07"":1,""2785872"":1,""3307853"":1,""37796"":1,""4568230"":1,""5108677"":1,""5112203"":1,""5768369"":1,""5983773"":1,""8836799"":1,""9015611"":1,""9666339"":1,""9958248"":1}"
manifestos_econ_ideology_149,1110009991,The Council of Ministers should meet in public whenever it discusses legislation and publish a record of its proceedings.,LD,2001,Left,"{""1.10e+07"":-1}"
manifestos_econ_ideology_150,1160003561,"To improve life for commuters and encourage people to switch to lower carbon public transport, we will reform our railways to provide a better focus on tackling problems that matter most to passengers, such as overcrowding.",Con,2010,Left,"{""1.52e+07"":-1}"
manifestos_econ_ideology_151,1160004271,"We will reform the Climate Change Levy to provide a floor price for carbon, delivering the right climate for investment in low carbon energy production.",Con,2010,Left,"{""1.30e+07"":-1}"
manifestos_econ_ideology_152,40001511,"Capital is ever more mobile, flying around the world to places where the tax on it is low: Britain must be one of those places.",Con,1997,Right,"{""1.27e+07"":1,""1.52e+07"":1,""1.93e+07"":1,""1.98e+07"":1,""2.04e+07"":1,""2.06e+07"":1,""2.08e+07"":1,""2.09e+07"":1,""2.10e+07"":1,""2.13e+07"":1,""2.14e+07"":1,""7918256"":1,""7954010"":1,""8382218"":1,""8968750"":1,""946983"":1}"
manifestos_econ_ideology_153,1160003571,"We will grant longer, more flexible rail franchises to incentivise private sector investment in improvements like longer trains and better stations.",Con,2010,Right,"{""1.10e+07"":1,""1.52e+07"":1,""1.57e+07"":1,""1.82e+07"":1}"
manifestos_econ_ideology_154,1120013741,"Our ambition is the development of active, in-touch local government, serving the people.",Lab,2001,Left,"{""1.10e+07"":-1}"
manifestos_econ_ideology_155,40001021,"Since then, we have cut the basic rate of income tax from 25p to 23p, and extended the 20p band so that over a quarter of all taxpayers now only pay income tax at the 20p rate.",Con,1997,Right,"{""1.04e+07"":1,""1.06e+07"":1,""1.10e+07"":1,""1.11e+07"":1,""1.20e+07"":-1,""1.30e+07"":1,""1.32e+07"":1,""1.40e+07"":1,""1.42e+07"":1,""1.45e+07"":1,""1.51e+07"":1,""1.52e+07"":1,""1.53e+07"":1,""1.57e+07"":1,""1.58e+07"":1,""1.63e+07"":1,""1.66e+07"":1,""1.68e+07"":-1,""1.73e+07"":1,""1.81e+07"":1,""1.82e+07"":1,""1.88e+07"":1,""1.89e+07"":1,""1.90e+07"":1,""1.93e+07"":1,""1.98e+07"":1,""2.00e+07"":1,""2.04e+07"":-1,""2.05e+07"":1,""2.06e+07"":1,""2.09e+07"":1,""2.11e+07"":1,""2.12e+07"":1,""2.13e+07"":1,""2.16e+07"":1,""2793302"":1,""6336109"":1,""7634905"":1,""8836799"":-1,""9004400"":1}"
manifestos_econ_ideology_156,1120001171,"But, while there is always a market for people who say we are doomed, that all new ideas are bad ideas even as things improve, that we might as well curl up with our prejudices and shut the door on the world, I am an optimist.",Lab,2001,Left,"{""2.03e+07"":-1}"
manifestos_econ_ideology_157,1110005081,Establish fair competition for British freight companies.,LD,2001,Right,"{""1.10e+07"":1,""1.30e+07"":1,""1.40e+07"":1,""1.42e+07"":1,""1.66e+07"":1}"
manifestos_econ_ideology_158,1070016011,Nationalist plans for independence are a recipe for weakness and isolation.,Con,1992,Right,"{""1.57e+07"":1}"
manifestos_econ_ideology_159,1070003521,Labour would: Halt the privatisation programme and threaten the value of shares in privatised industries with renationalisation and new Government controls.,Con,1992,Right,"{""1.51e+07"":1,""1.52e+07"":1,""1.57e+07"":1,""1.68e+07"":1,""1.93e+07"":1}"
manifestos_econ_ideology_160,30000851,We will fully restore the State Earnings Related Pension Scheme as part of the process of achieving our objective of a pensions level of one-third average earnings for single people and half average earnings for married couples.,Lab,1987,Left,"{""1.19e+07"":-1,""1.24e+07"":-1,""1.27e+07"":0,""1.30e+07"":-1,""1.40e+07"":-1,""1.41e+07"":-1,""1.45e+07"":-1,""1.51e+07"":-1,""1.52e+07"":-1,""1.57e+07"":-1,""1.68e+07"":1,""1.80e+07"":-1,""1.82e+07"":-1,""1.88e+07"":-1,""1.93e+07"":-1,""1037861"":-1,""1054502"":-1,""1837834"":1,""2.03e+07"":-1,""2.20e+07"":-1,""2793302"":-1,""3246605"":1,""3307853"":-1,""3773194"":-1,""45694"":-1,""5270743"":0,""5537363"":1,""6116202"":-1,""6622539"":-1,""7321782"":-1,""7801795"":-1,""7918256"":-1,""7954010"":-1,""881561"":-1,""8836799"":-1,""8968750"":-1,""9775837"":1}"
manifestos_econ_ideology_161,1110009981,All EU institutions should conform to the principles of freedom of information.,LD,2001,Left,"{""1.10e+07"":-1}"
manifestos_econ_ideology_162,1100006681,Transfer power from central government to effective local councils.,Con,2001,Right,"{""1.40e+07"":1,""1.57e+07"":1}"
manifestos_econ_ideology_163,1180006841,"Pension credit, which ensures that no pensioner need live on less than £132.60 per week or £202.40 for couples, and supports the income of 2.7 million pensioner households, will also rise in line with earnings.",Lab,2010,Left,"{""1.13e+07"":-1,""1.42e+07"":-1,""1.53e+07"":-1,""1.68e+07"":-1,""6342862"":-1}"
manifestos_econ_ideology_164,1160000351,"If we join together, if we act decisively, and move forward with optimism, we can start to fix the economic, social and political problems that threaten the nation.",Con,2010,Left,"{""1.10e+07"":-1}"
manifestos_econ_ideology_165,30002221,We will also improve the quality of housing workmanship and establish a new system of registration in the construction industry.,Lab,1987,Left,"{""1.52e+07"":-1,""1.53e+07"":-1,""1.85e+07"":-1,""1.93e+07"":-1,""2.06e+07"":-1,""2.10e+07"":-1,""2.11e+07"":0,""2.13e+07"":-1,""2.14e+07"":-1,""4652872"":-1,""4680678"":-1,""5112203"":-1,""6591328"":-1,""8769423"":-1,""8968750"":-1,""946983"":-1}"
manifestos_econ_ideology_166,1090001351,We will introduce fair taxes. Attacking poverty is an essential component of Labour's programme for national recovery and prosperity.,Lab,1992,Left,"{""1.10e+07"":-1,""1.45e+07"":-1,""1.68e+07"":-1,""1.87e+07"":-1,""1.93e+07"":-1}"
manifestos_econ_ideology_167,1100002641,"The health authority will be obliged either to treat the patient within that maximum waiting time, or to arrange for the patient to have the choice of being treated in another health authority or in a private hospital.",Con,2001,Right,"{""1.57e+07"":1}"
manifestos_econ_ideology_168,1120005841,"Now our ambition is for Britain to succeed in the third industrial revolution - enhancing knowledge, speeding up communication and developing the talents of all the British people.",Lab,2001,Left,"{""1.68e+07"":-1}"
manifestos_econ_ideology_169,1120005891,by offering a minimum wage of £4.20 and an Employment Tax Credit ,Lab,2001,Left,"{""1.52e+07"":-1,""1.53e+07"":-1,""1.87e+07"":-1,""2.03e+07"":-1,""2.06e+07"":-1}"
manifestos_econ_ideology_170,1110000611,The Conservatives' attempt to apply market principles produced inefficiency and inequity.,LD,2001,Left,"{""1.45e+07"":-1,""1.93e+07"":-1}"
manifestos_econ_ideology_171,1110005871,We will also seek to have standing charges replaced with a banded system of charging to protect poor households and encourage high users to conserve energy. ,LD,2001,Left,"{""1.10e+07"":-1,""1.30e+07"":-1,""6355305"":-1}"
manifestos_econ_ideology_172,1110004631,Increase investment in public transport.,LD,2001,Left,"{""1.87e+07"":-1,""2.06e+07"":-1,""2.13e+07"":-1}"
manifestos_econ_ideology_173,1070003851,But that is only the beginning.,Con,1992,Left,"{""1.41e+07"":-1}"
manifestos_econ_ideology_174,1120006491,That is why we are doubling investment in early years education.,Lab,2001,Left,"{""1.10e+07"":-1,""1.30e+07"":-1}"
manifestos_econ_ideology_175,1100000331,We will let families keep more of what they earn.,Con,2001,Right,"{""1.30e+07"":1,""1.40e+07"":1,""1.51e+07"":1,""1.57e+07"":1,""1.93e+07"":1}"
manifestos_econ_ideology_176,1070006321,And we have embarked on the most important and wide-ranging reforms since the 1940s.,Con,1992,Right,"{""1.51e+07"":1}"
manifestos_econ_ideology_177,1110010421,"We will require arms brokers to register under a Code of Conduct, and revoke the licences of those who break the code.",LD,2001,Left,"{""1.42e+07"":-1}"
manifestos_econ_ideology_178,1110000071,increasing the basic state pension and providing free personal care.,LD,2001,Left,"{""1.10e+07"":-1,""1.45e+07"":-1,""1.68e+07"":-1,""1.95e+07"":-1,""6355305"":-1}"
manifestos_econ_ideology_179,1160001521,4. Encourage enterprise: We will improve Britain's international rankings for tax competitiveness and business regulation.,Con,2010,Right,"{""1.10e+07"":1,""1.52e+07"":1,""1.57e+07"":1,""1.82e+07"":1,""1.93e+07"":1}"
manifestos_econ_ideology_180,1070012291,We will give them that chance.,Con,1992,Right,"{""1.41e+07"":1,""1.51e+07"":1,""1.57e+07"":1,""1.68e+07"":1}"
manifestos_econ_ideology_181,1070013511,"The best way to restore the spirit of enterprise which first made our cities great is for local people, the private sector, the voluntary sector and local and central government, to work together in partnership.",Con,1992,Right,"{""1.10e+07"":1,""1.87e+07"":1,""1.93e+07"":1}"
manifestos_econ_ideology_182,1070012521,"As part of the Citizen's Charter, we will bring forward reforms which will enable the private sector to start filling the gaps in the motorway service area network and to introduce more variety.",Con,1992,Right,"{""1.10e+07"":1,""1.30e+07"":1,""1.87e+07"":1}"
manifestos_econ_ideology_183,40006151,"We support the people who do, not the people who plan.",Con,1997,Right,"{""1.24e+07"":1,""1.93e+07"":1,""2.13e+07"":1,""37796"":1,""6066983"":1,""7918256"":1,""7995027"":1,""9703593"":-1,""9888671"":1}"
manifestos_econ_ideology_184,1110010911,We support the moves already made by the British Government to reduce the debts of the poorest countries.,LD,2001,Left,"{""1.10e+07"":-1,""1.30e+07"":-1}"
manifestos_econ_ideology_185,1070011861,"This will enable us to house more people on the waiting list and, in some cases, to provide more opportunities for homesteading.",Con,1992,Left,"{""1.21e+07"":-1,""1.51e+07"":-1,""1.68e+07"":-1,""2.05e+07"":-1}"
manifestos_econ_ideology_186,1180012651,We will spend £8.5 billion over eight years to help more children go to school,Lab,2010,Left,"{""1.10e+07"":-1,""1.40e+07"":-1,""1.57e+07"":-1}"
manifestos_econ_ideology_187,1180005301,and expand programmes to encourage highly able students from low-income backgrounds to attend Russell Group universities.,Lab,2010,Left,"{""1.82e+07"":-1}"
manifestos_econ_ideology_188,1150010461, By 2006 every school supported to offer all pupils access to computers at home.,Lab,2005,Left,"{""1.54e+07"":-1,""1.57e+07"":-1}"
manifestos_econ_ideology_189,1090002171,"Training will be a real partnership between government and industry, not an excuse to shift all the burden onto employers.",Lab,1992,Right,"{""1.10e+07"":1,""1.40e+07"":1,""1.87e+07"":1}"
manifestos_econ_ideology_190,1150010691,We have established the first National Park in England since the 1950s.,Lab,2005,Left,"{""1.52e+07"":-1}"
manifestos_econ_ideology_191,1100003871,We will also press for Europe to tackle fraud and maladministration as a matter of priority.,Con,2001,Left,"{""1.10e+07"":-1}"
manifestos_econ_ideology_192,1140003941,Regulation is a last resort.,LD,2005,Right,"{""1.42e+07"":1,""1.52e+07"":1,""1.84e+07"":1,""1.88e+07"":1}"
manifestos_econ_ideology_193,1120001141,"Ambitions for Britain. Stretching the family budget, finding time for children as well as work, holding on to mutual respect, staying healthy when there can be danger even in the air we breathe.",Lab,2001,Left,"{""1.10e+07"":-1,""1.30e+07"":-1}"
manifestos_econ_ideology_194,60000171,"This is the purpose of the bond of trust I set out at the end of this introduction, in which ten specific commitments are put before you.",Lab,1997,Right,"{""2.14e+07"":1}"
manifestos_econ_ideology_195,1120014661,"All this happened only because Labour had the strength to get involved, argue for its ideas, and persuade others to follow us.",Lab,2001,Left,"{""1.42e+07"":-1}"
manifestos_econ_ideology_196,1130002911,"And if you fail, you can lose your job.",Con,2005,Right,"{""1.51e+07"":1,""1.63e+07"":1}"
manifestos_econ_ideology_197,1080000451,We believe that this is best achieved not by making people poorer or less free but by building true environmental costs into the market so as to reward those who conserve and penalise those who pollute.,LD,1992,Left,"{""1.10e+07"":-1,""1.52e+07"":-1,""1.53e+07"":-1,""1.74e+07"":-1,""1.86e+07"":-1,""1.93e+07"":1,""1.98e+07"":-1,""2.09e+07"":-1,""2.12e+07"":-1}"
manifestos_econ_ideology_198,1110006961,"We will apply full competition law to banks, refer bank mergers to the Competition Commission, prohibit anti-competitive cash machine charges and regulate the clearance system.",LD,2001,Left,"{""1.10e+07"":-1,""1.30e+07"":-1,""1.63e+07"":-1,""1.82e+07"":-1,""6355305"":-1}"
manifestos_econ_ideology_199,1160008411,"Any quangos that do not perform a technical function or a function that requires political impartiality, or act independently to establish facts, will be abolished.",Con,2010,Right,"{""6342862"":1}"
manifestos_econ_ideology_200,10008231,We have acted to protect ratepayers' interests in a number of ways.,Con,1987,Right,"{""1.24e+07"":1,""1.27e+07"":1,""1.52e+07"":1,""1.53e+07"":1,""1.86e+07"":-1,""1.93e+07"":1,""1.97e+07"":0,""1.98e+07"":1,""2.00e+07"":1,""2.11e+07"":1,""2.13e+07"":1,""37796"":1,""4342571"":1,""5112203"":1,""8382218"":1,""8893451"":1}"
manifestos_econ_ideology_201,1070004931,"We announced in the Budget new measures to help small businesses, including full relief against Inheritance Tax on most business assets, reductions in business rates and proposals to speed up the payment of outstanding bills.",Con,1992,Right,"{""1.04e+07"":1,""1.42e+07"":1,""1.45e+07"":1,""1.53e+07"":1,""1.74e+07"":1,""1.86e+07"":1,""1.93e+07"":1,""1.98e+07"":1,""2.01e+07"":1,""2.05e+07"":1,""2.08e+07"":1,""2.09e+07"":1,""2.12e+07"":1}"
manifestos_econ_ideology_202,1150007651,Or back with the Tories to rising levels of pensioner poverty and unending insecurity for tomorrow's pensioners.,Lab,2005,Left,"{""1.10e+07"":-1,""1.68e+07"":-1,""1.93e+07"":-1,""1.95e+07"":-1,""2.05e+07"":-1}"
manifestos_econ_ideology_203,40007071,We will privatise the National Air Traffic Service because it will be run better in the private sector.,Con,1997,Right,"{""1.19e+07"":1,""1.45e+07"":1,""1.52e+07"":1,""1.74e+07"":1,""1.75e+07"":1,""1.81e+07"":1,""1.86e+07"":1,""1.87e+07"":1,""1.88e+07"":1,""2.06e+07"":1,""2.12e+07"":1,""2.13e+07"":1,""3280015"":1,""7918256"":1,""7995027"":1,""9888671"":1}"
manifestos_econ_ideology_204,30000801,The Labour government will combat poverty directly.,Lab,1987,Left,"{""1.49e+07"":0,""1.52e+07"":-1,""2.00e+07"":0,""2.02e+07"":-1,""2.04e+07"":-1,""2.08e+07"":-1,""2.11e+07"":-1,""2.13e+07"":-1,""3307853"":-1,""6161328"":-1,""7424964"":-1,""7918256"":-1,""8836799"":-1,""946983"":-1}"
manifestos_econ_ideology_205,1120001371,We know it is people who ultimately change the country.,Lab,2001,Right,"{""1.63e+07"":1}"
manifestos_econ_ideology_206,1140006491,"The Tories created the mess the country's in, particularly with their privatisation of the railways.",LD,2005,Left,"{""1.42e+07"":-1,""1.45e+07"":-1,""1.82e+07"":-1,""1.93e+07"":-1}"
manifestos_econ_ideology_207,1120015831,Trade is key but so is private investment.,Lab,2001,Right,"{""1.40e+07"":1,""1.51e+07"":1,""1.57e+07"":1,""1.82e+07"":1,""1.93e+07"":1}"
manifestos_econ_ideology_208,1180003711,"We are investing £7.5 billion over two years to 2011 to build new houses, delivering 110,000 additional energy-efficient, affordable homes to rent or buy.",Lab,2010,Left,"{""1.10e+07"":-1,""1.52e+07"":-1,""1.53e+07"":-1,""1.63e+07"":-1,""1.84e+07"":-1}"
manifestos_econ_ideology_209,40001131,"Rising Living Standards. The only secure base for rising living standards is a strongly growing economy, low levels of public spending and taxation, and stable prices.",Con,1997,Right,"{""1.01e+07"":-1,""1.02e+07"":1,""1.10e+07"":1,""1.17e+07"":1,""1.24e+07"":1,""1.26e+07"":1,""1.27e+07"":1,""1.30e+07"":1,""1.40e+07"":1,""1.42e+07"":1,""1.45e+07"":0,""1.51e+07"":-1,""1.52e+07"":1,""1.53e+07"":1,""1.57e+07"":1,""1.66e+07"":1,""1.68e+07"":1,""1.82e+07"":1,""1.85e+07"":1,""1.88e+07"":1,""1.93e+07"":1,""1.94e+07"":-1,""1.96e+07"":1,""1054502"":-1,""2.03e+07"":1,""2.05e+07"":1,""2.08e+07"":1,""37796"":1,""4680678"":1,""5112203"":1,""5280406"":1,""6342862"":1,""6355305"":1,""7918256"":1,""7954010"":1,""8893451"":1,""8968750"":1,""9027102"":1,""9270508"":1,""946983"":1,""961129"":-1,""9958248"":1}"
manifestos_econ_ideology_210,1070016311,The massive bureaucracies and layers of local government have few supporters in Scotland.,Con,1992,Right,"{""1.51e+07"":1}"
manifestos_econ_ideology_211,1120007371,invest in rapid promotion and rewards for classroom excellence ,Lab,2001,Left,"{""1.10e+07"":-1}"
manifestos_econ_ideology_212,1140007531,"The BBC has, over the last eighty years, made a major contribution to Britain's democracy, culture and standing in the world.",LD,2005,Left,"{""1.52e+07"":-1}"
manifestos_econ_ideology_213,1150011111,We will continue to improve the context in which the gifting of time and resources to the voluntary sector takes place.,Lab,2005,Right,"{""1.10e+07"":1}"
manifestos_econ_ideology_214,30001031,"We will also bring forward other reforms to capital taxation - including the introduction of a wealth tax, which, whilst applying to only the wealthiest one per cent of the population, will, over the years, bring a significant contribution from those in our society best able to pay.",Lab,1987,Left,"{""1.06e+07"":-1,""1.10e+07"":-1,""1.18e+07"":-1,""1.27e+07"":-1,""1.30e+07"":-1,""1.40e+07"":-1,""1.42e+07"":-1,""1.51e+07"":1,""1.52e+07"":-1,""1.57e+07"":-1,""1.68e+07"":1,""1.93e+07"":-1,""1.97e+07"":-1,""157833"":-1,""1837834"":1,""2.01e+07"":-1,""2.02e+07"":-1,""2.05e+07"":-1,""2.15e+07"":-1,""3097987"":-1,""3307853"":-1,""3773194"":-1,""37796"":-1,""45694"":-1,""5108677"":-1,""5112203"":1,""5270743"":-1,""5324079"":1,""5372456"":1,""5768369"":-1,""6116202"":-1,""7918256"":-1,""7995027"":-1,""874567"":1,""8836799"":-1,""8902985"":-1,""9015611"":-1,""9270508"":-1,""9299392"":-1,""9775837"":-1}"
manifestos_econ_ideology_215,1120002991,"The first-ever National Minimum Wage for Britain, bitterly opposed at every stage by the Conservatives, has been a success in our first term.",Lab,2001,Left,"{""1.30e+07"":-1,""1.51e+07"":-1,""2.03e+07"":-1}"
manifestos_econ_ideology_216,1080005841,"Income support for under-25s will be paid at the full rate, an increase of GBP 8.50 per week.",LD,1992,Left,"{""1.10e+07"":-1,""1.30e+07"":-1,""1.52e+07"":-1,""1.57e+07"":-1,""2.02e+07"":-1,""6342862"":-1}"
manifestos_econ_ideology_217,1070004521,The long term future of the industry lies in the private sector.,Con,1992,Right,"{""1.51e+07"":1,""1.52e+07"":1,""1.57e+07"":1,""1.68e+07"":1,""2.05e+07"":1,""2.09e+07"":1,""5993386"":1,""7918256"":1,""886"":1,""9289597"":1}"
manifestos_econ_ideology_218,1170001601,We will make pensions and benefits fair and reward savers by:  ,LD,2010,Left,"{""1.40e+07"":-1,""1.42e+07"":-1,""1.53e+07"":-1,""1.68e+07"":-1,""6342862"":-1}"
manifestos_econ_ideology_219,40000381,We have pioneered new ways of building partnerships that engage the private sector in areas previously dependent on the public purse.,Con,1997,Right,"{""1.02e+07"":1,""1.05e+07"":1,""1.10e+07"":1,""1.19e+07"":1,""1.25e+07"":1,""1.30e+07"":1,""1.40e+07"":1,""1.41e+07"":-1,""1.42e+07"":1,""1.47e+07"":1,""1.52e+07"":1,""1.53e+07"":1,""1.54e+07"":1,""1.57e+07"":1,""1.68e+07"":1,""1.82e+07"":1,""1.83e+07"":1,""1.93e+07"":1,""1.98e+07"":1,""2.02e+07"":1,""2.03e+07"":1,""2.04e+07"":-1,""2.05e+07"":1,""2.06e+07"":1,""2.08e+07"":1,""2.09e+07"":1,""2.10e+07"":1,""2.11e+07"":1,""2.12e+07"":-1,""2.13e+07"":1,""2.14e+07"":1,""2737722"":1,""2849677"":1,""3280015"":1,""7918256"":1,""7995027"":1,""8382218"":1,""9703593"":1}"
manifestos_econ_ideology_220,1100004681,Conservative policy will be very different.,Con,2001,Right,"{""1.95e+07"":1}"
manifestos_econ_ideology_221,1130000561,It provides a safety net for the least fortunate.,Con,2005,Left,"{""1.88e+07"":-1}"
manifestos_econ_ideology_222,1150005181,"People from overseas spent almost £12 billion in the UK, and overseas students alone are worth £5 billion a year to our economy.",Lab,2005,Left,"{""1.41e+07"":-1,""1.52e+07"":-1,""1.68e+07"":-1}"
manifestos_econ_ideology_223,1070012801,"AVIATION AND SHIPPING. More competition in aviation means more choice, better services and lower fares.",Con,1992,Right,"{""1.10e+07"":1,""1.53e+07"":1,""1.63e+07"":1,""1.68e+07"":1,""1.71e+07"":1,""1.74e+07"":1,""1.86e+07"":1,""2.09e+07"":1,""2.10e+07"":1}"
manifestos_econ_ideology_224,1080003271,This will be related to levels of carbon dioxide emitted and will provide a strong incentive for saving energy and investing in cleaner sources.,LD,1992,Left,"{""1.10e+07"":-1,""1.86e+07"":-1}"
manifestos_econ_ideology_225,1090002191,Britain cannot get the best performance from our employees by giving them the worst treatment.,Lab,1992,Left,"{""1.10e+07"":-1,""1.51e+07"":-1,""1.52e+07"":-1,""1.68e+07"":-1}"
manifestos_econ_ideology_226,1120014511,"Do we want to be part of the change, influencing its direction?",Lab,2001,Right,"{""1.40e+07"":1}"
manifestos_econ_ideology_227,1080002581,"If the country does not save enough to achieve the target, we will alter taxes and public spending accordingly, to ensure adequate longt-term investment and keep the economy developing in a non-inflationary way.",LD,1992,Right,"{""1.53e+07"":1,""1.63e+07"":1,""1.71e+07"":1,""1.74e+07"":1,""1.86e+07"":1,""1.93e+07"":1,""1.95e+07"":1,""2.02e+07"":0,""2.08e+07"":1,""2.09e+07"":1,""2.10e+07"":-1,""6342862"":1}"
manifestos_econ_ideology_228,1070004251,"Tees and Hartlepool, Tilbury, Medway, Forth and Clyde have already been privatised.",Con,1992,Right,"{""1.41e+07"":1,""1.52e+07"":1,""1.66e+07"":1,""1.68e+07"":1,""1.93e+07"":1}"
manifestos_econ_ideology_229,1070003471,"Home ownership, share ownership and the build-up of personal pensions have all contributed.",Con,1992,Right,"{""1.10e+07"":1,""1.40e+07"":1,""1.51e+07"":1,""1.52e+07"":1,""1.68e+07"":1,""1.93e+07"":1}"
manifestos_econ_ideology_230,1150009311,"Labour has also put more money than ever before into veterans' issues, including £27 million of Lottery funding over the last two years.",Lab,2005,Left,"{""1.10e+07"":-1,""1.52e+07"":-1,""1.57e+07"":-1}"
manifestos_econ_ideology_231,1120005011,"Our commitment is to use the £1.2 billion rising to £1.7 billion a year now pledged to RDAs to promote business start-ups, strengthen links between business and universities, for example through university innovation centres and the establishment of a Centre for Manufacturing Excellence in every region to help firms develop.",Lab,2001,Left,"{""1.10e+07"":-1,""2.03e+07"":-1,""6355305"":-1}"
manifestos_econ_ideology_232,1100006321,Labour have increasingly taken control of Lottery funds.,Con,2001,Right,"{""1.30e+07"":1,""1.82e+07"":1}"
manifestos_econ_ideology_233,1140007781,It is time for a government that takes the environment seriously - before it is too late.,LD,2005,Left,"{""1.63e+07"":-1}"
manifestos_econ_ideology_234,1120000561,We must secure a mandate for change.,Lab,2001,Right,"{""2.03e+07"":1}"
manifestos_econ_ideology_235,1080004911,"We will immediately increase the science budget to 0.35% of GDP, and raise it steadily thereafter.",LD,1992,Left,"{""1.10e+07"":-1,""1.52e+07"":-1}"
manifestos_econ_ideology_236,1160009871,"Instead of pulling bureaucratic levers from above telling people what they can't do, we will provide people with the information they need to make more responsible choices.",Con,2010,Right,"{""1.57e+07"":1,""1.87e+07"":1}"
manifestos_econ_ideology_237,1160010901,We will honour our aid commitments and make sure this money works for the poorest nations.,Con,2010,Left,"{""1.10e+07"":-1}"
manifestos_econ_ideology_238,1140003101,"There is only one proposed net tax rise (to 50 per cent on the proportion of incomes over £100,000 a year, affecting just one per cent of taxpayers) which will pay for the abolition of student tuition fees, free personal care for the elderly, and lower local taxes.",LD,2005,Left,"{""1.42e+07"":-1,""1.45e+07"":-1,""1.57e+07"":-1,""1.91e+07"":-1,""6340562"":-1}"
manifestos_econ_ideology_239,1170000771,A fair chance for every child.,LD,2010,Left,"{""1.10e+07"":-1,""1.57e+07"":-1}"
manifestos_econ_ideology_240,1100007321,We want strong families and enterprising business.,Con,2001,Right,"{""1.10e+07"":1,""1.45e+07"":1,""1.93e+07"":1,""1.95e+07"":1}"
manifestos_econ_ideology_241,1110010251,"We will work to build effective international and regional organisations to promote peace and freedom throughout the world, combat poverty and disease and tackle global environmental problems.",LD,2001,Left,"{""1.10e+07"":-1}"
manifestos_econ_ideology_242,1160008581,the activities of councils are micro-managed by unelected quangos.,Con,2010,Right,"{""1.57e+07"":1}"
manifestos_econ_ideology_243,1070003001,Our policy is therefore to reduce the share of national income taken by the public sector.,Con,1992,Right,"{""1.52e+07"":1,""1.82e+07"":1,""5647650"":1,""9289597"":1}"
manifestos_econ_ideology_244,1070004261,We are privatising Northern Ireland Electricity and will privatise the Northern Ireland water and sewage services.,Con,1992,Right,"{""1.40e+07"":1,""1.51e+07"":1,""1.52e+07"":1,""1.87e+07"":1,""1.93e+07"":1}"
manifestos_econ_ideology_245,1070013231,"And they would abolish the Audit Commission, which not only maintains the probity of local government accounting, but also pioneered the drive for better quality of service and value for money in local government.",Con,1992,Left,"{""1.10e+07"":-1,""1.68e+07"":-1}"
manifestos_econ_ideology_246,1150009731,"The alternative is to go back to the Tories with their record of cuts in aid and defence and their policies of tearing up the Social Chapter, and marginalising Britain in Europe and the world.",Lab,2005,Left,"{""1.40e+07"":-1}"
manifestos_econ_ideology_247,40000051,The enterprising virtues of the British people have been liberated from the dead hand of the state.,Con,1997,Right,"{""1.58e+07"":1,""1.59e+07"":1,""1.87e+07"":1,""1.98e+07"":1,""2.00e+07"":1,""2.10e+07"":1,""2.12e+07"":-1,""2.14e+07"":1,""4680678"":1,""5112203"":1}"
manifestos_econ_ideology_248,1120008451,"Healthcare assistants, porters, cooks and cleaners will be offered an individual learning account worth £300 a year to develop their careers.",Lab,2001,Left,"{""1.10e+07"":-1,""1.30e+07"":-1,""1.57e+07"":-1,""6340562"":-1}"
manifestos_econ_ideology_249,1070000551,Back to strife.,Con,1992,Right,"{""1.13e+07"":1,""1.40e+07"":1,""1.41e+07"":1}"
manifestos_econ_ideology_250,1120008321,"Together with the new care trusts, combining health and social services, PCTs will control 75 per cent of NHS funding.",Lab,2001,Left,"{""1.10e+07"":-1,""1.30e+07"":-1,""1.68e+07"":-1}"
manifestos_econ_ideology_251,1170007551,"Liberal Democrats will do things differently, because we believe that power should be in the hands of people, not politicians.",LD,2010,Right,"{""1.57e+07"":1}"
manifestos_econ_ideology_252,1090003791,Labour will end the Conservatives' freeze on benefits for widowed mothers and other lone parents.,Lab,1992,Left,"{""1.10e+07"":-1,""1.42e+07"":-1,""1.45e+07"":-1,""1.68e+07"":-1}"
manifestos_econ_ideology_253,1120005481,It is also important to reform the Common Fisheries Policy to preserve fish stocks for the future.,Lab,2001,Left,"{""2.01e+07"":-1}"
manifestos_econ_ideology_254,1130000281,"People who do the right thing should be rewarded, not punished.",Con,2005,Right,"{""1.40e+07"":1,""1.93e+07"":1}"
manifestos_econ_ideology_255,10003131,"Socialist Spain as well as Christian Democratic Germany, Social Democratic Sweden as well as France, Labour New Zealand and Conservative Canada, all accept that governments must reduce their borrowing, curb state spending, reduce taxation, privatise state firms and do away with unnecessary controls.",Con,1987,Right,"{""1.10e+07"":1,""1.11e+07"":1,""1.13e+07"":1,""1.20e+07"":1,""1.22e+07"":1,""1.24e+07"":1,""1.30e+07"":1,""1.34e+07"":1,""1.42e+07"":1,""1.52e+07"":1,""1.53e+07"":1,""1.57e+07"":1,""1.68e+07"":-1,""1.81e+07"":1,""1.82e+07"":0,""1.87e+07"":1,""1.88e+07"":1,""1.93e+07"":1,""1.94e+07"":-1,""1.95e+07"":1,""2.04e+07"":1,""2.05e+07"":-1,""2.07e+07"":1,""2.09e+07"":1,""2.10e+07"":1,""2.11e+07"":1,""2.12e+07"":1,""2.13e+07"":1,""2.14e+07"":1,""2.17e+07"":1,""2.20e+07"":1,""3574338"":1,""37796"":1,""5647650"":1,""5849168"":1,""5993386"":1,""6340562"":1,""6591328"":0,""7918256"":1,""8014024"":1,""8382218"":1,""886"":1}"
manifestos_econ_ideology_256,1180008731,People of all ages and abilities can apply to join one of the tens of thousands of sports clubs receiving public funding.,Lab,2010,Left,"{""1.10e+07"":-1,""1.40e+07"":-1,""1.57e+07"":-1}"
manifestos_econ_ideology_257,1070002231,It was easy to see why the economy was too weak.,Con,1992,Right,"{""1.51e+07"":1,""1.52e+07"":1,""1.68e+07"":1}"
manifestos_econ_ideology_258,1110009381,"Protect greenfield sites and encourage urban regeneration through partnership between local authorities and private enterprise, and our reform of the VAT system.",LD,2001,Right,"{""1.10e+07"":1,""1.30e+07"":1,""1.51e+07"":1}"
manifestos_econ_ideology_259,1070013041,We will seek to privatise the Docklands Light Railway during the lifetime of the next Parliament.,Con,1992,Right,"{""1.10e+07"":1,""1.30e+07"":1,""1.45e+07"":1,""1.68e+07"":1,""1.87e+07"":1}"
manifestos_econ_ideology_260,1070001901,We will resist Commission initiatives which run counter to the principle that issues should be dealt with on a national basis wherever possible.,Con,1992,Right,"{""1.42e+07"":1,""1.57e+07"":1}"
manifestos_econ_ideology_261,1120003781,"We will merge the five separate regulators into one, to create the world's most competitive and advanced regulatory system.",Lab,2001,Left,"{""1.63e+07"":-1}"
manifestos_econ_ideology_262,1170007991,This has led to unjustified and unnecessary financial disputes which have locked up money due to Scotland.,LD,2010,Left,"{""1.10e+07"":-1}"
manifestos_econ_ideology_263,1110008791,Create incentives for developers to build on brownfield rather than greenfield sites.  ,LD,2001,Left,"{""1.10e+07"":-1,""1.30e+07"":-1,""1.42e+07"":-1}"
manifestos_econ_ideology_264,1080003231,This would not only provide incentives to cut pollution but also act as a channel for transferring resources to developing countries.,LD,1992,Left,"{""1.30e+07"":-1,""1.66e+07"":-1}"
manifestos_econ_ideology_265,1180004341,We will also explore allowing parents to carry over their free hours of nursery education from year to year.,Lab,2010,Left,"{""1.82e+07"":-1}"
manifestos_econ_ideology_266,1150004221,The choice for 2010. Under their last government the Conservatives spent more on unemployment and debt interest than on education.,Lab,2005,Left,"{""1.10e+07"":-1,""1.40e+07"":-1,""1.82e+07"":-1}"
manifestos_econ_ideology_267,1120001111,"We have shown we are a reformed party, competent to govern.",Lab,2001,Right,"{""1.63e+07"":1}"
manifestos_econ_ideology_268,40002661,Now we are delivering it in practice.,Con,1997,Right,"{""1.87e+07"":1,""1.98e+07"":1,""2.04e+07"":1,""2.06e+07"":1,""2.09e+07"":1,""2.11e+07"":1,""2.14e+07"":1,""7954010"":1,""8968750"":1}"
manifestos_econ_ideology_269,1180003111,"More people with disabilities and health conditions will be helped to move into work from Incapacity Benefit and Employment Support Allowance, as we extend the use of our tough-but-fair work capability test.",Lab,2010,Left,"{""1.10e+07"":-1,""1.40e+07"":-1,""1.52e+07"":-1,""1.57e+07"":-1,""1.93e+07"":-1}"
manifestos_econ_ideology_270,30004411,We will restore funding for development education.,Lab,1987,Left,"{""1.11e+07"":-1,""1.81e+07"":-1,""1.89e+07"":1,""1.98e+07"":-1,""2.08e+07"":-1,""2.12e+07"":-1,""2.14e+07"":0,""5112203"":-1,""8836799"":-1,""8968750"":-1,""946983"":-1}"
manifestos_econ_ideology_271,1150011851,Or back with the Tories to a government indifferent to the health of our democracy and negligent of our institutions. ,Lab,2005,Left,"{""1.82e+07"":-1}"
manifestos_econ_ideology_272,1180003141,For those with the most serious conditions or disabilities who want to work there will be a new guarantee of supported employment after two years on benefit.,Lab,2010,Left,"{""1.10e+07"":-1,""1.51e+07"":-1,""1.52e+07"":-1,""1.82e+07"":-1,""1.93e+07"":-1}"
manifestos_econ_ideology_273,60000401,"It is not the politics of a revolution, but of a fresh start, the patient rebuilding and renewing of this country - renewal that can take root and build over time.",Lab,1997,Right,"{""1.59e+07"":1}"
manifestos_econ_ideology_274,1130000641,The consequences of Labour's profligacy are now plain to see.,Con,2005,Right,"{""1.30e+07"":1}"
manifestos_econ_ideology_275,1180004751,"We are extending the provision of free school meals so that an additional half a million primary school children in families on low incomes will benefit from healthy and nutritious food, and we are trialing free school meals for all primary school children in pilot areas across the country.",Lab,2010,Left,"{""1.57e+07"":-1}"
manifestos_econ_ideology_276,1170002971,We will therefore ensure that every neighbourhood is served by an excellent local school or college.,LD,2010,Left,"{""1.10e+07"":-1}"
manifestos_econ_ideology_277,1150010681,"We have added 30,000 hectares to the green belt while exceeding our target of building 60 per cent of new houses on brownfield sites.",Lab,2005,Left,"{""1.10e+07"":-1,""1.82e+07"":-1}"
manifestos_econ_ideology_278,1130001631,"We will give parents the right to choose the school best suited to their child's needs, and our school expansion fund will provide an additional 600,000 places in our first term.",Con,2005,Left,"{""1.57e+07"":-1}"
manifestos_econ_ideology_279,1150004141, the abolition of up-front fees and the creation of grants will help poorer students.,Lab,2005,Left,"{""1.40e+07"":-1,""1.41e+07"":-1,""1.52e+07"":-1,""1.57e+07"":-1,""1.68e+07"":-1}"
manifestos_econ_ideology_280,30003471," Take steps to develop stable and effective negotiating machinery, promote trade union membership and organisation, and encourage union recognition by employers.",Lab,1987,Left,"{""1.09e+07"":-1,""1.18e+07"":-1,""1.45e+07"":-1,""1.52e+07"":-1,""1.58e+07"":-1,""1.81e+07"":-1,""1.88e+07"":-1,""2.00e+07"":-1,""2.08e+07"":-1,""2.10e+07"":-1,""2.11e+07"":-1,""2.13e+07"":-1,""4680678"":-1,""8968750"":-1,""946983"":-1}"
manifestos_econ_ideology_281,40000951,"Over the next parliament, we will achieve our goal for the government to spend less than 40% of our national income.",Con,1997,Right,"{""1.10e+07"":-1,""1.30e+07"":1,""1.40e+07"":-1,""1.42e+07"":1,""1.45e+07"":1,""1.52e+07"":1,""1.53e+07"":1,""1.57e+07"":1,""1.68e+07"":1,""1.74e+07"":1,""1.83e+07"":0,""1.84e+07"":-1,""1.86e+07"":1,""1.90e+07"":1,""1.93e+07"":1,""1.98e+07"":1,""2.00e+07"":1,""2.03e+07"":1,""2.04e+07"":1,""2.06e+07"":1,""2.08e+07"":1,""2.09e+07"":1,""2.10e+07"":1,""2.11e+07"":1,""2.13e+07"":1,""2.14e+07"":1,""2.20e+07"":1,""9492762"":1}"
manifestos_econ_ideology_282,1130000661,We need to change direction.,Con,2005,Right,"{""1.30e+07"":1}"
manifestos_econ_ideology_283,1070002161,Wealth and Ownership. The 1990s present a great economic opportunity for Britain.,Con,1992,Right,"{""1.52e+07"":1,""1.66e+07"":1,""1.87e+07"":1,""1.93e+07"":1}"
manifestos_econ_ideology_284,60009981,"The review we propose will be foreign policy led, first assessing our likely overseas commitments and interests and then establishing how our forces should be deployed to meet them.",Lab,1997,Left,"{""9614934"":-1}"
manifestos_econ_ideology_285,1180002281,There is no substitute for the drive and ambition that entrepreneurs bring.,Lab,2010,Right,"{""1.10e+07"":1,""1.52e+07"":1,""1.57e+07"":1,""1.93e+07"":1}"
manifestos_econ_ideology_286,1120009131,We backed going ahead with the Dome as an opportunity to showcase British talent and give people a good day out in millennium year.,Lab,2001,Left,"{""1.30e+07"":-1}"
manifestos_econ_ideology_287,1090004661,Government and Parliament will have a stronger role to work on the consumer's behalf.,Lab,1992,Left,"{""1.42e+07"":-1,""1.87e+07"":-1}"
manifestos_econ_ideology_288,40009971,"As more nations join the European Union, it needs to become flexible not more rigid. ",Con,1997,Left,"{""2.11e+07"":-1}"
manifestos_econ_ideology_289,1110009691,Yet neither Conservative nor Labour governments have made the most of Britain' potential as a core member of the EU.,LD,2001,Right,"{""1.10e+07"":1}"
manifestos_econ_ideology_290,1150010431,"We will achieve digital switchover between 2008 and 2012 ensuring universal access to high-quality, free-to-view and subscription digital TV.",Lab,2005,Right,"{""1.57e+07"":1}"
manifestos_econ_ideology_291,10004571,Their companies have been released from the detailed controls of Whitehall and given more freedom to manage their own affairs.,Con,1987,Right,"{""1.10e+07"":1,""1.12e+07"":1,""1.22e+07"":1,""1.30e+07"":1,""1.32e+07"":1,""1.34e+07"":1,""1.35e+07"":1,""1.40e+07"":1,""1.42e+07"":1,""1.51e+07"":1,""1.52e+07"":1,""1.53e+07"":1,""1.54e+07"":1,""1.57e+07"":1,""1.63e+07"":1,""1.68e+07"":1,""1.75e+07"":1,""1.76e+07"":1,""1.81e+07"":1,""1.82e+07"":1,""1.86e+07"":1,""1.88e+07"":1,""1.93e+07"":1,""1.95e+07"":0,""1.98e+07"":1,""153565"":1,""2.00e+07"":1,""2.01e+07"":1,""2.03e+07"":1,""2.05e+07"":1,""2.06e+07"":1,""2.07e+07"":-1,""2.08e+07"":1,""2.09e+07"":1,""2.10e+07"":1,""2.11e+07"":1,""2.12e+07"":1,""2.13e+07"":1,""2.14e+07"":1,""2.20e+07"":1,""6340793"":1,""6349089"":1,""6591328"":1,""9027102"":1}"
manifestos_econ_ideology_292,1090002361,"This is a major but long overdue reform which will benefit around four million low-paid people, 80 per cent of whom are women.",Lab,1992,Left,"{""1.13e+07"":-1,""1.40e+07"":-1,""1.57e+07"":-1,""1.93e+07"":-1}"
manifestos_econ_ideology_293,1160010701,We advocate the dismantling of market-distorting subsidies at a pace that allows time for British farmers and producers in developing countries to adapt.,Con,2010,Right,"{""1.51e+07"":1,""1.52e+07"":1,""2.01e+07"":1,""2.05e+07"":1}"
manifestos_econ_ideology_294,1140003371,We will work to break down the trade barriers that prevent the poorest countries in the world selling their goods to the richer countries on fair terms.,LD,2005,Left,"{""1.30e+07"":-1,""2.01e+07"":-1}"
manifestos_econ_ideology_295,1070011131,Gifts and bequests have been exempted from Inheritance Tax.,Con,1992,Right,"{""1.10e+07"":1,""1.41e+07"":1,""1.51e+07"":1,""1.95e+07"":1,""2.05e+07"":1}"
manifestos_econ_ideology_296,40001001,Our aim is to ensure Britain keeps the lowest tax burden of any major European economy.,Con,1997,Right,"{""1.10e+07"":-1,""1.13e+07"":1,""1.18e+07"":1,""1.19e+07"":1,""1.24e+07"":1,""1.40e+07"":1,""1.41e+07"":1,""1.45e+07"":0,""1.52e+07"":1,""1.53e+07"":1,""1.57e+07"":1,""1.68e+07"":1,""1.82e+07"":1,""1.93e+07"":1,""1.95e+07"":1,""2.03e+07"":1,""2.17e+07"":1,""2.20e+07"":1,""2173664"":1,""2785872"":1,""3098571"":1,""3280015"":1,""3307853"":1,""3773194"":1,""4680678"":1,""5112203"":1,""5270743"":1,""5536796"":-1,""5768369"":1,""6066983"":1,""6161328"":1,""7395284"":1,""7502519"":1,""7918256"":-1,""7954010"":1,""7995027"":1,""8836799"":1,""8893451"":1,""8902985"":1,""946983"":1,""961129"":-1,""9958248"":1}"
manifestos_econ_ideology_297,1080001961,We will reverse cuts in design consultancy schemes and provide additional funding for the Design Council.,LD,1992,Left,"{""1.10e+07"":-1,""6340562"":-1}"
manifestos_econ_ideology_298,1150002741,"We set targets for the creation of affordable homes in rural areas, which we have now exceeded.",Lab,2005,Left,"{""1.40e+07"":-1,""1.41e+07"":-1,""1.52e+07"":-1,""1.84e+07"":-1}"
manifestos_econ_ideology_299,1070004511,We will support the efforts of British Coal and its workforce to improve the industry's performance.,Con,1992,Right,"{""1.13e+07"":1,""1.52e+07"":1,""1.57e+07"":1,""9289597"":1}"
manifestos_econ_ideology_300,1110001381,End the use of mixed wards so that patients have more dignity when they are in hospital.,LD,2001,Right,"{""1.10e+07"":1}"
manifestos_econ_ideology_301,1170000381,Green growth and jobs that last by investing in infrastructure.,LD,2010,Left,"{""1.10e+07"":-1,""1.51e+07"":-1}"
manifestos_econ_ideology_302,1070002431,Our business investment has increased more rapidly than in any other major economy except Japan.,Con,1992,Right,"{""1.51e+07"":1,""1.52e+07"":1,""1.68e+07"":1,""1.95e+07"":1,""9289597"":1}"
manifestos_econ_ideology_303,1160006351,expect new graduates to have at least a 2:2 in their degree in order to qualify for state-funded training,Con,2010,Left,"{""1.10e+07"":-1}"
manifestos_econ_ideology_304,1120005421,"Labour will expand this programme so farming can become more diverse and responsive to consumers, and produce in a way that sustains and improves the environment.",Lab,2001,Left,"{""1.52e+07"":-1,""1.53e+07"":-1,""1.68e+07"":-1,""2.03e+07"":-1}"
manifestos_econ_ideology_305,1150007231,"This year, all households expected to pay council tax that include anyone over 65 will receive £200 towards the cost of council tax, and the following year there will be free, off-peak local bus travel in England for the over-60s.",Lab,2005,Left,"{""1.10e+07"":-1,""1.57e+07"":-1,""1.82e+07"":-1,""1.93e+07"":-1,""2.05e+07"":-1}"
manifestos_econ_ideology_306,1080004761,"Liberal Democrats aim to increase both participation and flexibility in studying for degrees, because not all students want to follow traditional three-year courses.",LD,1992,Left,"{""1.57e+07"":-1}"
manifestos_econ_ideology_307,1100006801,"But under this Government they are being marginalised by alien new regional bureaucracies that are costly, unaccountable and unnecessary.",Con,2001,Right,"{""1.95e+07"":1}"
manifestos_econ_ideology_308,40002531,"We have already cut the basic rate of income tax from 33p to 23p, and our aim is to get it down to 20p, benefitting 18 million taxpayers.",Con,1997,Right,"{""1.03e+07"":1,""1.05e+07"":1,""1.10e+07"":1,""1.18e+07"":1,""1.22e+07"":1,""1.24e+07"":1,""1.30e+07"":1,""1.40e+07"":1,""1.42e+07"":1,""1.51e+07"":1,""1.52e+07"":1,""1.53e+07"":1,""1.57e+07"":1,""1.61e+07"":1,""1.68e+07"":-1,""1.74e+07"":1,""1.82e+07"":1,""1.84e+07"":0,""1.88e+07"":1,""1.93e+07"":1,""1.96e+07"":1,""1171781"":1,""120118"":1,""2.03e+07"":1,""2.04e+07"":1,""2.05e+07"":1,""2.07e+07"":1,""2.08e+07"":1,""2.09e+07"":1,""2.11e+07"":0,""2.12e+07"":1,""2.17e+07"":1,""2.20e+07"":1,""2793302"":1,""5849168"":1,""5983773"":1,""5993386"":1,""7918256"":-1,""886"":0,""8893451"":1,""9004400"":1}"
manifestos_econ_ideology_309,1070004981,TECs and LECs will be closely involved in developing and implementing this new initiative.,Con,1992,Right,"{""1.57e+07"":1,""1.68e+07"":1}"
manifestos_econ_ideology_310,1100004951,"We will increase the amount of savings which a disabled person can have before losing benefit, matching the entitlement of pensioners.",Con,2001,Left,"{""1.10e+07"":-1,""1.42e+07"":-1,""1.91e+07"":-1,""1.93e+07"":1,""6340562"":-1,""6342862"":-1}"
manifestos_econ_ideology_311,1130000801,Lower taxes promote enterprise and growth.,Con,2005,Right,"{""1.30e+07"":1,""1.57e+07"":1,""1.63e+07"":1,""1.82e+07"":1,""1.93e+07"":1}"
manifestos_econ_ideology_312,1150000491,No going back to one-size-fits-all monolithic services.,Lab,2005,Right,"{""2.05e+07"":1}"
manifestos_econ_ideology_313,1080002151,But long-term private investment in the production of high-quality tradable goods and services is essential for long-term success.,LD,1992,Right,"{""1.10e+07"":1,""1.52e+07"":1,""1.68e+07"":1,""1.88e+07"":1,""1.93e+07"":1}"
manifestos_econ_ideology_314,1110010711,"Promote flexibility, mobility, rapid deployment and joint operations as the basis of Britain' defence policy, to enable the UK to honour Britain' commitments to the EU, NATO, the Commonwealth and the UN.",LD,2001,Left,"{""1.10e+07"":-1}"
manifestos_econ_ideology_315,1180001391,"Create UK Finance for Growth, bringing £4 billion together to provide capital for growing businesses, investing in the growth sectors of the future.",Lab,2010,Right,"{""1.10e+07"":1,""1.57e+07"":1,""1.84e+07"":1}"
manifestos_econ_ideology_316,1120016951,There has been no increase in the top rate of income tax.,Lab,2001,Right,"{""1.42e+07"":1,""1.53e+07"":1,""1.66e+07"":1,""1.93e+07"":1,""2.01e+07"":1}"
manifestos_econ_ideology_317,1140005101,"That means incorporating targets for CO2 emission reductions to encourage the development of renewable energy facilities, and accounting for the climate change consequences of policies, including transport.",LD,2005,Left,"{""6340562"":-1}"
manifestos_econ_ideology_318,1180000871,"Above all we will build public services that are more personal to people's needs: with clear guarantees about standards, the best providers taking over others where they don't make the grade, and with new ways of organising services such as mutuals.",Lab,2010,Left,"{""1.10e+07"":-1,""1.82e+07"":-1}"
manifestos_econ_ideology_319,60006181,to an annual holiday entitlement;,Lab,1997,Left,"{""1.18e+07"":0,""1.19e+07"":-1,""1.24e+07"":-1,""1.49e+07"":-1,""1.52e+07"":-1,""1.81e+07"":-1,""1.85e+07"":-1,""1.87e+07"":-1,""2.00e+07"":0,""2.06e+07"":-1,""2.10e+07"":-1,""2.13e+07"":-1,""568434"":-1,""8382218"":1}"
manifestos_econ_ideology_320,1130000161,"And all this has happened despite huge, stealthy increases in taxation.",Con,2005,Right,"{""1.42e+07"":1,""1.57e+07"":1,""1.82e+07"":1,""1.88e+07"":1,""1.93e+07"":1}"
manifestos_econ_ideology_321,1170004651,"We believe that the eventual solution must be based on the principles of fairness, affordability and sustainability.",LD,2010,Left,"{""1.57e+07"":-1}"
manifestos_econ_ideology_322,1100000901,"They will be entitled to per-pupil funding in the same way as existing schools, and will be subject to the same standards and inspections.",Con,2001,Left,"{""1.10e+07"":-1}"
manifestos_econ_ideology_323,1100001061,"Conservatives want our universities to be free to shape their own character and specialisms, competing with the world's best for students and research funding.",Con,2001,Left,"{""1.10e+07"":-1}"
manifestos_econ_ideology_324,1150007441,The welfare state should be there to help them.,Lab,2005,Left,"{""1.10e+07"":-1,""1.57e+07"":-1,""1.82e+07"":-1}"
manifestos_econ_ideology_325,1150011131,"We understand that often the spark for local innovation and change comes from one or two dedicated, visionary individuals.",Lab,2005,Right,"{""1.57e+07"":1}"
manifestos_econ_ideology_326,20004831,SOCIAL FUND. We will not place cash limits on the Social Fund and we will replace loans with grants.,LD,1987,Left,"{""1.10e+07"":-1,""1.18e+07"":1,""1.30e+07"":-1,""1.40e+07"":-1,""1.42e+07"":1,""1.51e+07"":1,""1.52e+07"":-1,""1.53e+07"":-1,""1.57e+07"":-1,""1.58e+07"":0,""1.63e+07"":-1,""1.68e+07"":-1,""1.69e+07"":-1,""1.71e+07"":1,""1.73e+07"":-1,""1.74e+07"":-1,""1.82e+07"":-1,""1.86e+07"":-1,""1.88e+07"":1,""1.89e+07"":-1,""1.93e+07"":-1,""1.95e+07"":0,""1.97e+07"":-1,""1.98e+07"":1,""2.03e+07"":-1,""2.04e+07"":-1,""2.06e+07"":-1,""2.07e+07"":-1,""2.08e+07"":1,""2.09e+07"":-1,""2.10e+07"":-1,""2.11e+07"":-1,""2.13e+07"":-1,""2.14e+07"":-1,""2056455"":-1,""4917076"":-1,""5013710"":-1,""6355305"":-1,""6444018"":-1,""8382218"":1}"
manifestos_econ_ideology_327,1150002491,"Every regional economy has different strengths, and Regional Development Agencies now play an essential role in regional economic development.",Lab,2005,Right,"{""1.16e+07"":1,""1.52e+07"":1,""1.68e+07"":1}"
manifestos_econ_ideology_328,1080002731," 2.Britain's Environment: Environmental Protection and Conservation. Liberal Democrats are determined to ensure that Britain changes its way so that it becomes a leader, not a laggard, in facing the environmental challenge.",LD,1992,Left,"{""1.57e+07"":-1,""6340562"":-1}"
manifestos_econ_ideology_329,1100006931,We will abolish many of the national targets and plans that local councils are forced to follow by Whitehall.,Con,2001,Right,"{""1.30e+07"":1,""1.57e+07"":1,""1.95e+07"":1}"
manifestos_econ_ideology_330,1090005391,"We will establish, in the lifetime of a full Parliament, an elected Welsh Assembly in Cardiff with powers and functions which reflect the existing administrative structure.",Lab,1992,Left,"{""1.10e+07"":-1}"
manifestos_econ_ideology_331,1160008951,"But, in addition, we want to give individuals more direct control over how they are governed.",Con,2010,Right,"{""1.57e+07"":1,""1.87e+07"":1,""1.95e+07"":1}"
manifestos_econ_ideology_332,1150001421,We want a tax regime that supports British business.,Lab,2005,Right,"{""1.10e+07"":1,""1.52e+07"":1,""1.57e+07"":1,""1.87e+07"":1}"
manifestos_econ_ideology_333,1070015111,National Lotteries have been found useful at several times in our history.,Con,1992,Left,"{""1.47e+07"":-1,""1.51e+07"":-1}"
manifestos_econ_ideology_334,1100002481,Ask anyone who works in the health service and they will tell you that the NHS is now creaking under the strain of bureaucracy and Government gimmicks.,Con,2001,Right,"{""1.57e+07"":1}"
manifestos_econ_ideology_335,1070012331,"In the next Parliament: By franchising, we will give the private sector the fullest opportunity to operate existing passenger railway services.",Con,1992,Right,"{""1.10e+07"":1,""1.45e+07"":1,""1.52e+07"":1,""1.68e+07"":1,""1.93e+07"":1,""2.05e+07"":1,""2.09e+07"":1,""5993386"":1,""7918256"":1}"
manifestos_econ_ideology_336,20008001,We would assign our minimum deterrent to NATO and seek every opportunity to improve European co-operation on procurement and strategic questions.,LD,1987,Left,"{""2.10e+07"":-1}"
manifestos_econ_ideology_337,1070015321,Business sponsorship in particular has expanded hugely.,Con,1992,Right,"{""1.10e+07"":1,""1.41e+07"":1,""1.47e+07"":1,""1.87e+07"":1}"
manifestos_econ_ideology_338,1160002711,We will support would-be entrepreneurs through a new programme - Work for Yourself - which will give unemployed people direct access to business mentors and substantial loans.,Con,2010,Right,"{""1.10e+07"":1,""1.45e+07"":1,""1.51e+07"":1,""1.52e+07"":1,""1.57e+07"":1}"
manifestos_econ_ideology_339,1180003231,"To ensure that the lowest paid share fairly in rising prosperity, the Low Pay Commission's remit will have the goal of the National Minimum Wage rising at least in line with average earnings over the period to 2015.",Lab,2010,Left,"{""1.10e+07"":-1,""1.51e+07"":-1,""1.57e+07"":-1,""1.68e+07"":-1,""1.95e+07"":-1}"
manifestos_econ_ideology_340,1180000681,"There is a desire not simply to correct for what went wrong, but to seize the opportunity to build anew.",Lab,2010,Left,"{""1.63e+07"":-1}"
manifestos_econ_ideology_341,1070012301,Our plans for the railways are designed to bring better services for all passengers as rapidly as possible.,Con,1992,Right,"{""1.41e+07"":1,""1.51e+07"":1,""1.57e+07"":1}"
manifestos_econ_ideology_342,1070003661,"As detailed later in this Manifesto, we will aim to bring home ownership, share ownership and personal pensions within the reach of more families.",Con,1992,Right,"{""1.10e+07"":1,""1.40e+07"":1,""1.41e+07"":1,""1.52e+07"":1,""1.96e+07"":1}"
manifestos_econ_ideology_343,1070004871,Our tax regime for small businesses is one of the most favourable in Europe.,Con,1992,Right,"{""1.13e+07"":1,""1.52e+07"":1,""1.68e+07"":1,""2.05e+07"":1,""5647650"":1}"
manifestos_econ_ideology_344,10003481,"reformed and simplified corporation tax, and cut its rate to the lowest of any major industrial country",Con,1987,Right,"{""1.04e+07"":1,""1.10e+07"":1,""1.14e+07"":1,""1.30e+07"":1,""1.40e+07"":1,""1.41e+07"":1,""1.49e+07"":1,""1.51e+07"":1,""1.52e+07"":1,""1.53e+07"":1,""1.57e+07"":1,""1.58e+07"":1,""1.63e+07"":1,""1.68e+07"":1,""1.71e+07"":1,""1.74e+07"":1,""1.75e+07"":1,""1.81e+07"":1,""1.82e+07"":1,""1.83e+07"":1,""1.84e+07"":1,""1.86e+07"":1,""1.87e+07"":1,""1.93e+07"":1,""1.98e+07"":1,""2.00e+07"":1,""2.01e+07"":1,""2.02e+07"":1,""2.03e+07"":1,""2.05e+07"":1,""2.06e+07"":1,""2.08e+07"":1,""2.09e+07"":1,""2.10e+07"":1,""2.11e+07"":1,""2.12e+07"":1,""2.13e+07"":1,""2.14e+07"":1,""2.20e+07"":1,""3720860"":1,""5653573"":1,""8273320"":1,""9614934"":-1,""9990764"":1}"
manifestos_econ_ideology_345,10004541,It is no mystery why privatisation has succeeded.,Con,1987,Right,"{""1.19e+07"":1,""1.24e+07"":1,""1.49e+07"":1,""1.53e+07"":1,""1.87e+07"":1,""1.89e+07"":1,""1.93e+07"":1,""1.98e+07"":1,""2.06e+07"":1,""2.11e+07"":1,""2.12e+07"":-1,""2.13e+07"":1,""313343"":1,""3559862"":1,""946983"":1}"
manifestos_econ_ideology_346,1070001231,We will encourage both to become more entrepreneurial in order to finance their activities in developing markets.,Con,1992,Right,"{""1.42e+07"":1,""1.47e+07"":1,""1.52e+07"":1,""1.57e+07"":1,""1.93e+07"":1,""2.05e+07"":1,""2.09e+07"":1,""2.11e+07"":1,""7918256"":1}"
manifestos_econ_ideology_347,1120002961,Labour rewards work. Labour believes that if you work hard you should be able to support a family.,Lab,2001,Left,"{""1.30e+07"":-1,""1.51e+07"":-1,""1.53e+07"":-1,""2.03e+07"":-1}"
manifestos_econ_ideology_348,1070002031,Our priorities will be: To start negotiations with those EFTA countries who want to join the Community so that they can join by 1995.,Con,1992,Right,"{""2.01e+07"":1,""2.09e+07"":1}"
manifestos_econ_ideology_349,10003471,"abolished four taxes completely: the national insurance surcharge - the tax which Labour put on jobs - the investment income surcharge, the development land tax and the lifetime gifts tax",Con,1987,Right,"{""1.10e+07"":-1,""1.19e+07"":1,""1.27e+07"":1,""1.32e+07"":1,""1.40e+07"":1,""1.42e+07"":1,""1.45e+07"":1,""1.49e+07"":1,""1.51e+07"":1,""1.52e+07"":1,""1.57e+07"":1,""1.59e+07"":1,""1.68e+07"":1,""1.75e+07"":1,""1.80e+07"":1,""1.82e+07"":1,""1.85e+07"":1,""1.87e+07"":1,""1.93e+07"":1,""1.96e+07"":1,""1054502"":1,""1837834"":1,""2.00e+07"":1,""2.02e+07"":1,""2.05e+07"":1,""2.06e+07"":1,""2.08e+07"":1,""2.11e+07"":1,""2.12e+07"":1,""2.13e+07"":1,""2.14e+07"":-1,""2.21e+07"":1,""2361265"":1,""2599401"":1,""2647839"":1,""3246605"":1,""3307853"":1,""37796"":1,""4660484"":1,""5270743"":1,""5536796"":1,""5537363"":1,""6185022"":1,""6355305"":1,""6622539"":-1,""7801795"":-1,""8382218"":1,""8968750"":1}"
manifestos_econ_ideology_350,1150007631,"When the one thing we all need is certainty, the Tories have admitted they have absolutely no plans for how to fund their pensions policy beyond four years.",Lab,2005,Left,"{""1.10e+07"":-1,""1.52e+07"":-1,""1.82e+07"":-1,""1.95e+07"":-1}"
manifestos_econ_ideology_351,1120002881,The basic rate of tax has been cut to 22p.,Lab,2001,Right,"{""1.10e+07"":1,""1.30e+07"":1,""1.41e+07"":1,""1.68e+07"":1,""2.03e+07"":1}"
manifestos_econ_ideology_352,1080005271,"We will create a common structure of Local Management of Hospitals and community units, ending the ability of NHS Trusts to dispose of their capital assets, to set their own terms and conditions of service for staff, and to withdraw from local planning of health services.",LD,1992,Left,"{""1.10e+07"":-1}"
manifestos_econ_ideology_353,1120007611,Its foundations - tax-based funding and care according to need - remain as valid today as ever.,Lab,2001,Left,"{""1.41e+07"":-1,""2.21e+07"":-1}"
manifestos_econ_ideology_354,20003181,We supported the privatisation of Rolls Royce.,LD,1987,Right,"{""1.10e+07"":1,""1.17e+07"":1,""1.19e+07"":1,""1.24e+07"":1,""1.27e+07"":1,""1.30e+07"":1,""1.40e+07"":1,""1.51e+07"":1,""1.52e+07"":1,""1.53e+07"":1,""1.57e+07"":1,""1.68e+07"":1,""1.87e+07"":1,""1.88e+07"":1,""1.93e+07"":1,""1.98e+07"":1,""1037861"":1,""1739"":1,""2.00e+07"":1,""2.02e+07"":0,""2.05e+07"":0,""2.06e+07"":-1,""2.07e+07"":1,""2.09e+07"":1,""2.10e+07"":1,""2.13e+07"":1,""2.14e+07"":1,""2361265"":1,""2647839"":1,""3307853"":1,""3385164"":-1,""3773194"":1,""5270743"":1,""5647650"":1,""6116202"":1,""6622539"":1,""714020"":1,""7918256"":1,""7954010"":1,""8836799"":0,""8968750"":1}"
manifestos_econ_ideology_355,1180007181,The Commission will determine the options which should be open to individuals so that people can have choice and flexibility about how they pay and to ensure that the National Care Service is funded in a fair way.,Lab,2010,Left,"{""1.10e+07"":-1}"
manifestos_econ_ideology_356,1080001481,The skllls and capabilities of the British people must be adequate to meet the challenges of the new century.,LD,1992,Left,"{""1.41e+07"":-1}"
manifestos_econ_ideology_357,60010041,We will introduce an immediate moratorium on their use.,Lab,1997,Left,"{""2.13e+07"":-1}"
manifestos_econ_ideology_358,1140001011,Liberal Democrats in government in Scotland have already achieved this for elderly people.,LD,2005,Left,"{""1.38e+07"":-1,""1.40e+07"":-1}"
manifestos_econ_ideology_359,10002811,"No final conclusions have been reached, but we believe that top-up loans to supplement grants are one way, among others, of bringing in new finance to help students and relieve pressure on their parents.",Con,1987,Left,"{""1.24e+07"":-1,""1.99e+07"":-1,""2.00e+07"":-1,""2.04e+07"":-1,""2.12e+07"":-1,""2.13e+07"":-1,""313343"":-1,""8968750"":1,""946983"":-1}"
manifestos_econ_ideology_360,1070012861,They should be well placed to benefit from an increase in the number of direct point-to-point flights.,Con,1992,Right,"{""1.63e+07"":1}"
manifestos_econ_ideology_361,1160004311,"We will back the NHS, which matters more to families than anything.",Con,2010,Left,"{""1.57e+07"":-1}"
manifestos_econ_ideology_362,1170002261,In addition borrowing could be secured against or raised from government-owned assets such as the Dartford Crossing.,LD,2010,Left,"{""1.10e+07"":-1,""1.57e+07"":-1}"
manifestos_econ_ideology_363,1120015401,"At the Group of 7 leading industrialised countries, where we will stay at the forefront of efforts to promote development.",Lab,2001,Right,"{""1.51e+07"":1}"
manifestos_econ_ideology_364,1120004681,Labour has put right historic wrongs.,Lab,2001,Left,"{""1.10e+07"":-1,""1.30e+07"":-1,""2.03e+07"":-1}"
manifestos_econ_ideology_365,1100002211,"We don't need more regulations, we need more competition.",Con,2001,Right,"{""1.10e+07"":1,""1.45e+07"":1,""1.51e+07"":1,""1.57e+07"":1,""1.95e+07"":1}"
manifestos_econ_ideology_366,50006241,We will: Guarantee everyone an acceptable minimum standard of living in retirement.,LD,1997,Left,"{""1.42e+07"":-1,""1.51e+07"":-1,""1.52e+07"":-1,""1.58e+07"":-1,""2.00e+07"":0,""2.01e+07"":-1,""2.10e+07"":-1,""2.13e+07"":-1,""2.14e+07"":-1,""2785872"":-1,""3307853"":-1,""5112203"":-1,""8382218"":1,""9015611"":-1}"
manifestos_econ_ideology_367,1130000291,We will extend choice - a Conservative Government will give individuals more control over their own money and over the public services we all depend on.,Con,2005,Right,"{""1.30e+07"":1,""1.40e+07"":1,""1.57e+07"":1,""1.82e+07"":1,""1.95e+07"":1}"
manifestos_econ_ideology_368,1110001981,Instead we will link teachers' pay with professional development to boost morale in the teaching profession and improve retention of experienced teachers.,LD,2001,Left,"{""1.30e+07"":-1}"
manifestos_econ_ideology_369,1110009461,Setting You Free. Lessen central controls on fishing by reforming the Common Fisheries Policy to promote local management of fisheries.,LD,2001,Left,"{""1.42e+07"":-1}"
manifestos_econ_ideology_370,1170007051,"However, in many places there will always be a need for car travel, so we need to ensure that it is as environmentally friendly as possible.",LD,2010,Left,"{""1.82e+07"":-1}"
manifestos_econ_ideology_371,1070011661,"We will introduce a new nation-wide 'Rents to Mortgages' scheme, enabling council tenants to take a part-share in their home, gradually stepping up to full ownership.",Con,1992,Right,"{""1.53e+07"":1,""1.68e+07"":1,""1.93e+07"":1,""1.95e+07"":1,""6342862"":1}"
manifestos_econ_ideology_372,1170004121,Use cash in dormant betting accounts to set up a capital fund for improving local sports facilities and supporting sports clubs.,LD,2010,Left,"{""1.10e+07"":-1,""1.57e+07"":-1}"
manifestos_econ_ideology_373,1120008731,The House of Commons elected in 1997 made clear its wish to ban fox-hunting.,Lab,2001,Left,"{""1.10e+07"":-1}"
manifestos_econ_ideology_374,40001301,"Curbing the power of trade unions, opening up markets and cutting red tape, have given us a low strike, low cost economy: and as a result Britain is the number one location for foreign investment in Europe.",Con,1997,Right,"{""1.10e+07"":1,""1.12e+07"":1,""1.13e+07"":1,""1.21e+07"":1,""1.25e+07"":1,""1.40e+07"":1,""1.41e+07"":1,""1.42e+07"":1,""1.45e+07"":1,""1.51e+07"":-1,""1.52e+07"":1,""1.57e+07"":1,""1.61e+07"":-1,""1.68e+07"":1,""1.72e+07"":1,""1.75e+07"":1,""1.82e+07"":-1,""1.87e+07"":1,""1.93e+07"":1,""1.95e+07"":1,""2.09e+07"":1,""2.11e+07"":1,""2.12e+07"":1,""2.13e+07"":1,""3217794"":1,""3720860"":1,""5112203"":1,""6340562"":1,""6355305"":1,""7995027"":1,""8382218"":1,""874567"":-1,""8893451"":-1,""8968750"":1,""9054964"":0,""9169061"":1,""946983"":1}"
manifestos_econ_ideology_375,1160004261,"Whatever the carbon content of electricity generated, operators considering new investments in projects with a life of several decades need to know where they stand.",Con,2010,Left,"{""1.57e+07"":-1,""1.63e+07"":-1,""1.96e+07"":-1,""6342862"":-1}"
manifestos_econ_ideology_376,10004581,And they have been exposed to the full commercial disciplines of the customer.,Con,1987,Right,"{""1.10e+07"":1,""1.13e+07"":1,""1.18e+07"":1,""1.24e+07"":1,""1.40e+07"":1,""1.41e+07"":0,""1.45e+07"":1,""1.51e+07"":-1,""1.52e+07"":1,""1.63e+07"":1,""1.68e+07"":1,""1.86e+07"":1,""1.87e+07"":1,""1.88e+07"":1,""1.89e+07"":1,""1.90e+07"":1,""1.93e+07"":1,""1.98e+07"":1,""2.02e+07"":0,""2.06e+07"":1,""2.08e+07"":0,""2.09e+07"":1,""2.10e+07"":1,""2.11e+07"":1,""2.12e+07"":1,""2.13e+07"":1,""2.14e+07"":1,""2.15e+07"":1,""37796"":1,""5983773"":0,""6422255"":1,""7557336"":1,""7954010"":0,""7995027"":1,""874567"":-1,""881561"":1,""8968750"":0,""9054964"":0,""9289597"":1,""9666339"":1,""9702218"":1}"
manifestos_econ_ideology_377,1070003901,London's capital markets and financial services have grown vigorously because they are innovative and highly competitive.,Con,1992,Right,"{""1.52e+07"":1,""1.66e+07"":1,""1.68e+07"":1,""9289597"":1}"
manifestos_econ_ideology_378,1070005501,Those who provide public services will have to prove they can give the right quality at the right cost.,Con,1992,Right,"{""1.52e+07"":1,""1.57e+07"":1,""1.68e+07"":1,""9289597"":1}"
manifestos_econ_ideology_379,10004611,"In particular, after the privatisation of the British Airports Authority we will return to the public the Water Authorities, leaving certain functions to a new National Rivers Authority.",Con,1987,Right,"{""1.06e+07"":1,""1.09e+07"":1,""1.10e+07"":1,""1.18e+07"":-1,""1.24e+07"":1,""1.30e+07"":1,""1.40e+07"":1,""1.51e+07"":1,""1.52e+07"":1,""1.53e+07"":-1,""1.57e+07"":1,""1.68e+07"":1,""1.74e+07"":1,""1.86e+07"":1,""1.87e+07"":0,""1.93e+07"":1,""1.97e+07"":1,""1.98e+07"":1,""2.00e+07"":-1,""2.02e+07"":1,""2.05e+07"":1,""2.06e+07"":1,""2.07e+07"":1,""2.08e+07"":1,""2.09e+07"":1,""2.10e+07"":1,""2.11e+07"":1,""2.12e+07"":-1,""2.13e+07"":1,""2.14e+07"":1,""2.18e+07"":1,""2793302"":-1,""8273320"":1,""8382218"":1,""9485888"":-1}"
manifestos_econ_ideology_380,1160008971,We will stop Labour's plans to impose supplementary business rates on firms if a majority do not give their consent.,Con,2010,Right,"{""1.14e+07"":1,""2.13e+07"":1,""2.18e+07"":1,""2.21e+07"":1}"
manifestos_econ_ideology_381,50002831,We will introduce a fairer system of charging for water and require water companies to share excess profits with their customers through rebates or investments in environmental improvements.,LD,1997,Left,"{""1.01e+07"":-1,""1.53e+07"":-1,""1.81e+07"":-1,""1.83e+07"":-1,""1.85e+07"":-1,""2.00e+07"":-1,""2.10e+07"":-1,""2.11e+07"":0,""2.13e+07"":-1,""5112203"":-1,""8188780"":-1,""8968750"":-1,""9702218"":-1}"
manifestos_econ_ideology_382,1180002291,We will support small businesses and help with their cash flow by continuing our Time to Pay scheme that has already - through tax and NICs deferral - helped thousands of firms,Lab,2010,Right,"{""1.10e+07"":1,""1.57e+07"":1,""1.82e+07"":1,""1.93e+07"":1}"
manifestos_econ_ideology_383,1120017311,"The record: The funding of political parties, campaign expenditure and conduct of referendums is now regulated.",Lab,2001,Right,"{""1.57e+07"":1}"
manifestos_econ_ideology_384,1110007951,"We will also seek to establish meetings of a 'Council of the Irish Sea' within this framework to promote understanding between representatives of Cardiff, Dublin, Belfast, Edinburgh, the Isle of Man and appropriate regions of England on areas such as fishing, transport and pollution.",LD,2001,Right,"{""1.42e+07"":1}"
manifestos_econ_ideology_385,1080003661,"Environmental planning policies. We will introduce planning policies which will encourage the building of homes near workplaces, leisure facilities, shops and other services.",LD,1992,Left,"{""1.10e+07"":-1,""1.57e+07"":-1}"
manifestos_econ_ideology_386,1070003711,We will abolish Stamp Duty on share transactions.,Con,1992,Right,"{""1.10e+07"":1,""1.30e+07"":1,""1.40e+07"":1,""1.42e+07"":1,""1.52e+07"":1}"
manifestos_econ_ideology_387,1150001971,And we are a leading force in the campaign to make Europe's energy markets the same.,Lab,2005,Right,"{""1.68e+07"":1}"
manifestos_econ_ideology_388,1130000771,We believe that people should choose how their money is spent.,Con,2005,Right,"{""1.30e+07"":1,""1.57e+07"":1,""1.82e+07"":1,""1.88e+07"":1,""2.05e+07"":1}"
manifestos_econ_ideology_389,20006101,Britain is in a better position than many other countries to do this because of the natural assets we have.,LD,1987,Left,"{""6161328"":-1}"
manifestos_econ_ideology_390,1120001541,"And, in government, Labour's agenda has become increasingly bold and ambitious.",Lab,2001,Left,"{""1.51e+07"":-1}"
manifestos_econ_ideology_391,1160006521,"People expect to be able to make choices about the services they use, based on robust information about the quality on offer.",Con,2010,Left,"{""1.10e+07"":-1}"
manifestos_econ_ideology_392,20004571,These improvements will be paid for in part from increasing public expenditure by a net £1.75 billion by the second year.,LD,1987,Left,"{""1.10e+07"":-1,""1.13e+07"":-1,""1.14e+07"":-1,""1.18e+07"":-1,""1.20e+07"":-1,""1.30e+07"":-1,""1.32e+07"":-1,""1.38e+07"":-1,""1.40e+07"":-1,""1.41e+07"":-1,""1.42e+07"":-1,""1.43e+07"":-1,""1.45e+07"":-1,""1.52e+07"":-1,""1.57e+07"":-1,""1.66e+07"":-1,""1.68e+07"":-1,""1.74e+07"":-1,""1.76e+07"":1,""1.81e+07"":-1,""1.82e+07"":-1,""1.83e+07"":0,""1.85e+07"":-1,""1.86e+07"":-1,""1.88e+07"":-1,""1.93e+07"":-1,""1.95e+07"":1,""1.98e+07"":-1,""2.00e+07"":-1,""2.02e+07"":-1,""2.03e+07"":0,""2.04e+07"":0,""2.05e+07"":-1,""2.06e+07"":-1,""2.07e+07"":-1,""2.08e+07"":0,""2.09e+07"":-1,""2.10e+07"":-1,""2.11e+07"":-1,""2.12e+07"":-1,""2.13e+07"":-1,""2.14e+07"":-1,""2.18e+07"":-1,""37796"":1}"
manifestos_econ_ideology_393,1080004371,"A new role for local democracy. We will require LEAs to guarantee a suitable place, with proper support, for every child in education and training up to the age of 19.",LD,1992,Left,"{""1.57e+07"":-1}"
manifestos_econ_ideology_394,1090003311,"We will phase out the Assisted Places scheme (without affecting pupils currently on a place, or offered one from September 1992) and redirect the savings to meet wider educational needs.",Lab,1992,Left,"{""1.68e+07"":-1}"
manifestos_econ_ideology_395,1160009981,"Yet Britain is uniquely placed to be the world's first low carbon economy: we have the natural resources to generate wind and wave power, a skilled workforce trained in the energy industry, a hi-tech manufacturing sector and a green financial centre in the City of London.",Con,2010,Right,"{""1.52e+07"":1}"
manifestos_econ_ideology_396,1170002511,Encourage community-owned renewable energy schemes where local people benefit from the power produced.,LD,2010,Right,"{""1.57e+07"":1}"
manifestos_econ_ideology_397,1170003471,"Scrap the arbitrary target of 50 per cent of young people attending university, focussing effort instead on a balance of college education, vocational training and apprenticeships.",LD,2010,Right,"{""2.05e+07"":1}"
manifestos_econ_ideology_398,10003501,reformed and reduced capital taxes as well as slashing stamp duty.,Con,1987,Right,"{""1.05e+07"":-1,""1.10e+07"":-1,""1.17e+07"":1,""1.19e+07"":1,""1.27e+07"":1,""1.40e+07"":1,""1.44e+07"":1,""1.49e+07"":1,""1.51e+07"":1,""1.52e+07"":1,""1.57e+07"":1,""1.58e+07"":1,""1.64e+07"":1,""1.68e+07"":-1,""1.76e+07"":1,""1.80e+07"":1,""1.82e+07"":1,""1.83e+07"":1,""1.93e+07"":1,""1.98e+07"":1,""1054502"":1,""1915941"":1,""2.00e+07"":1,""2.03e+07"":-1,""2.06e+07"":1,""2.08e+07"":-1,""2.10e+07"":1,""2.11e+07"":1,""2.12e+07"":1,""2.13e+07"":1,""2.14e+07"":1,""2361265"":1,""2785872"":1,""3246605"":1,""3307853"":1,""4660484"":1,""5112203"":1,""5270743"":1,""5536796"":1,""5537363"":1,""5816451"":1,""6108007"":-1,""6355305"":1,""6622539"":-1,""714020"":1,""7801795"":-1,""7918256"":1,""8382218"":1,""8836799"":1,""8968750"":-1}"
manifestos_econ_ideology_399,1150008351,"For too long, tenants have had little say over where they live.",Lab,2005,Left,"{""1.40e+07"":-1,""1.52e+07"":-1,""1.66e+07"":-1,""1.82e+07"":-1}"
manifestos_econ_ideology_400,1070003731,Manufacturing industry suffered particularly badly from the harm inflicted on the British economy by Labour Governments in the 1960s and 1970s.,Con,1992,Right,"{""1.30e+07"":1,""1.40e+07"":1,""1.63e+07"":1,""1.82e+07"":1,""1.93e+07"":1}"
manifestos_econ_ideology_401,1180002441,Broadband Britain. Britain must be a world leader in the development of broadband.,Lab,2010,Right,"{""1.52e+07"":1}"
manifestos_econ_ideology_402,40003001,"And eventually, the new policy will produce massive public expenditure savings.",Con,1997,Right,"{""1.53e+07"":-1,""1.71e+07"":1,""1.74e+07"":1,""1.90e+07"":1,""1.98e+07"":1,""2.06e+07"":1,""2.07e+07"":1,""2.08e+07"":1,""2.09e+07"":1,""2.10e+07"":1,""2.11e+07"":1,""2.13e+07"":1,""2.14e+07"":1,""2.15e+07"":1,""4680678"":1,""5280406"":-1,""7918256"":1,""7954010"":1,""8968750"":1}"
manifestos_econ_ideology_403,1110001901,"By funding extra posts, we will be able to allow all primary teachers two paid hours a week to prepare and plan lessons.",LD,2001,Left,"{""1.42e+07"":-1,""1.57e+07"":-1}"
manifestos_econ_ideology_404,1120005271,"As the number of new cases falls significantly, and the clean-up of infected areas gathers pace, we are committed to help the most affected regions with a recovery plan including advice on sustainable restocking, organic conversion, and early retirement and outgoer schemes.",Lab,2001,Left,"{""1.10e+07"":-1}"
manifestos_econ_ideology_405,1130000301,We will devolve power from the centre to our communities - a Conservative Government will trust professionals and enable parents and patients to shape services according to their needs.,Con,2005,Right,"{""1.30e+07"":1}"
manifestos_econ_ideology_406,1180012691,"We will provide £1 billion for water and sanitation by 2013, driving this issue up the international agenda, and over £1 billion on food security and agriculture.",Lab,2010,Left,"{""1.10e+07"":-1,""1.63e+07"":-1,""1.66e+07"":-1}"
manifestos_econ_ideology_407,1120007621,The NHS employs one million dedicated people.,Lab,2001,Left,"{""1.10e+07"":-1}"
manifestos_econ_ideology_408,1120004371,"This will allow all benefit and pension recipients to receive their payments, at no charge, in full at the post office after the switch to Automated Credit Transfer in 2003.",Lab,2001,Left,"{""1.10e+07"":-1,""1.30e+07"":-1,""1.68e+07"":-1,""2.03e+07"":-1}"
manifestos_econ_ideology_409,1150010391,Channel 4 will continue to be a publicly owned broadcaster providing distinctive competition to the BBC.,Lab,2005,Left,"{""1.87e+07"":-1}"
manifestos_econ_ideology_410,40003201,We have given cash payments to disabled people to purchase the services they need directly.,Con,1997,Left,"{""1.15e+07"":-1,""1.52e+07"":-1,""1.54e+07"":-1,""1.75e+07"":-1,""1.98e+07"":1,""1.99e+07"":-1,""2.06e+07"":-1,""2.09e+07"":-1,""2.10e+07"":-1,""2.11e+07"":0,""2.13e+07"":-1,""2.14e+07"":-1,""2793302"":-1,""3307853"":-1,""37796"":1,""5280406"":-1,""5452477"":1,""7918256"":-1,""7954010"":-1,""8382218"":-1,""8893451"":-1,""8968750"":-1,""946983"":-1}"
manifestos_econ_ideology_411,1160002781,"We will promote fair access to universities, the professions, and good jobs for young people from all backgrounds.",Con,2010,Left,"{""1.10e+07"":-1,""1.52e+07"":-1}"
manifestos_econ_ideology_412,1100003741,"In other words, a network Europe.",Con,2001,Right,"{""1.42e+07"":1}"
manifestos_econ_ideology_413,1140006471,"The policies throughout this manifesto are about protecting the environment and re- invigorating local services, proving to me that the Liberal Democrats are the only party that genuinely shares my concern - the real party of the countryside. ",LD,2005,Left,"{""1.66e+07"":-1}"
manifestos_econ_ideology_414,1150001511,The New Deals and the creation of JobCentre Plus have made a major contribution to cutting unemployment.,Lab,2005,Left,"{""1.87e+07"":-1,""2.20e+07"":-1}"
manifestos_econ_ideology_415,1120011541,Labour's target is to cut rough sleeping to two-thirds of its 1998 level by 2002.,Lab,2001,Left,"{""1.52e+07"":-1,""1.57e+07"":-1}"
manifestos_econ_ideology_416,1140004121,Pensions and Benefits. Over £100 more on the pension every month at 75 - a million pensioners off means- testing.,LD,2005,Left,"{""1.30e+07"":-1,""1.42e+07"":-1,""1.82e+07"":-1,""1911075"":-1,""2.00e+07"":-1}"
manifestos_econ_ideology_417,1100004271,This is a step towards our vision of global free trade by 2020.,Con,2001,Right,"{""1.10e+07"":1,""1.41e+07"":1,""1.57e+07"":1,""1.68e+07"":1,""1.93e+07"":1}"
manifestos_econ_ideology_418,60009671,"High priority for enlargement of the European Union to include the countries of central and eastern Europe and Cyprus, and the institutional reforms necessary to make an enlarged Europe work more efficiently.",Lab,1997,Left,"{""2.14e+07"":-1}"
manifestos_econ_ideology_419,1070012321,"Long term, as performance improves and services become more commercially attractive as a result of bringing in private sector disciplines, it will make sense to consider whether some services can be sold outright.",Con,1992,Right,"{""1.10e+07"":1,""1.41e+07"":1,""1.68e+07"":1,""6355305"":1}"
manifestos_econ_ideology_420,1180009491,Our strong support for its editorial independence and the licence fee that finances the BBC's programmes and activities will continue.,Lab,2010,Right,"{""1.57e+07"":1}"
manifestos_econ_ideology_421,1120011981,"Our purpose is simple: to create a Britain that is democratic, decentralised and diverse, with decisions always taken as close to the people as is consistent with efficiency and equity.",Lab,2001,Right,"{""1.57e+07"":1}"
manifestos_econ_ideology_422,1160007421,We intend to build a new political system that serves people rather than politicians.,Con,2010,Right,"{""1.57e+07"":1}"
manifestos_econ_ideology_423,1090001221,Business must have a high level of education science and skills.,Lab,1992,Right,"{""1.10e+07"":1,""1.51e+07"":1,""1.52e+07"":1}"
manifestos_econ_ideology_424,50000101,"Though the challenges are immense, the solutions we are offered are all too often puny.",LD,1997,Right,"{""2.12e+07"":1}"
manifestos_econ_ideology_425,1140006021,"We will work through the EU to promote effective and enforceable international agreements to protect the global environment, such as the Cartagena Protocol (on GM products).",LD,2005,Left,"{""1.42e+07"":-1}"
manifestos_econ_ideology_426,1080003861,The farming industry is passing through a period of profound change,LD,1992,Left,"{""1.52e+07"":-1,""1.86e+07"":-1}"
manifestos_econ_ideology_427,1130001921,We will give power and responsibility to local professionals.,Con,2005,Right,"{""1.40e+07"":1,""1.57e+07"":1}"
manifestos_econ_ideology_428,40006331,Over the past eighteen years that situation has changed substantially.,Con,1997,Right,"{""1.18e+07"":1,""1.24e+07"":1,""1.75e+07"":1,""1.98e+07"":1,""2.06e+07"":1,""2.08e+07"":-1,""2.13e+07"":1,""2361265"":1,""3280015"":1,""37796"":1,""6066983"":1,""7918256"":1,""7995027"":1}"
manifestos_econ_ideology_429,1070006431,"Allowing schools to become independent of local councils, by applying for Grant-Maintained status if the parents involved so wish.",Con,1992,Right,"{""1.82e+07"":1}"
manifestos_econ_ideology_430,1080005041,"We will start to replace the underfunding suffered by the Health Service under the Conservatives, invest more in renovating and constructing new health service buildings, and increase spending in the priority areas listed below.",LD,1992,Left,"{""1.10e+07"":-1,""1.41e+07"":-1}"
manifestos_econ_ideology_431,1100001971,"We will run the economy with discipline, and discipline requires transparency.",Con,2001,Right,"{""1.51e+07"":1,""1.80e+07"":1,""2.20e+07"":1}"
manifestos_econ_ideology_432,1070005831,WHITEHALL & WESTMINSTER. Whitehall must move with the times.,Con,1992,Right,"{""1.52e+07"":1}"
manifestos_econ_ideology_433,1150000781,"Prosperity for all. New Labour's record: The contract delivered. Our country is changing for the better, because we fulfilled the promises of our 1997 and 2001 manifestos.",Lab,2005,Left,"{""1.51e+07"":-1}"
manifestos_econ_ideology_434,1160001261,One thing is clear.,Con,2010,Right,"{""1.82e+07"":1}"
manifestos_econ_ideology_435,40000401,The only way to secure this future of opportunity is to stick with the Conservative programme of continuing reform.,Con,1997,Right,"{""1.01e+07"":1,""1.32e+07"":1,""1.52e+07"":1,""2.01e+07"":1,""2.10e+07"":1,""2.13e+07"":1,""2785872"":1,""8968750"":1,""9703593"":-1}"
manifestos_econ_ideology_436,1110004901,We will ask the Competition Commission to review Railtrack' activities under a public interest reference so that a suitable restructuring can be imposed on the company.,LD,2001,Right,"{""1.30e+07"":1,""1.42e+07"":1}"
manifestos_econ_ideology_437,1180012761,"Reforming global institutions. In today's world, power is shifting, flowing downwards and outwards towards new non-state actors, networked by modern communications.",Lab,2010,Right,"{""1.40e+07"":1,""1.57e+07"":1}"
manifestos_econ_ideology_438,1150010501,We will use our presidency of the EU to look at how to ensure content creators can protect their innovations in a digital age.,Lab,2005,Left,"{""1.16e+07"":-1}"
manifestos_econ_ideology_439,1120001611,engagement not isolationism,Lab,2001,Left,"{""1.10e+07"":-1,""1.51e+07"":-1,""2.03e+07"":-1}"
manifestos_econ_ideology_440,1100002981,"We will encourage an expansion in the role of practice nurses to take on some of the tasks carried out by GPs, allowing them more time to see more patients.",Con,2001,Right,"{""1.82e+07"":1}"
manifestos_econ_ideology_441,10005001,"Efficient Transport. The Conservative Government is proud of a record that has: modernised the transport system by investing over £10 billion in the nation's motorways, roads, airports, seaports and railways",Con,1987,Right,"{""1.52e+07"":1,""1.54e+07"":1,""1.75e+07"":1,""1.98e+07"":0,""2.00e+07"":0,""2.04e+07"":1,""2.05e+07"":1,""2.06e+07"":1,""2.09e+07"":1,""2.10e+07"":1,""2.13e+07"":1,""2.14e+07"":0,""313343"":1,""3559862"":1,""5112203"":1,""7918256"":1,""8968750"":1}"
manifestos_econ_ideology_442,1100001081,We will therefore create permanent endowment funds for Britain's universities.,Con,2001,Left,"{""1.10e+07"":-1,""1.57e+07"":-1}"
manifestos_econ_ideology_443,1160007941,rewrite the Ministerial Code to make clear that any former Minister who breaks the rules on appointments will be forced to give up some or all of their Ministerial pension,Con,2010,Left,"{""1.10e+07"":-1}"
manifestos_econ_ideology_444,1150009321,We will continue to give priority to veterans' affairs as we mark 60 years since the end of the Second World War.,Lab,2005,Left,"{""1.10e+07"":-1,""1.82e+07"":-1}"
manifestos_econ_ideology_445,1110001561,Increase funding for books and equipment in schools.,LD,2001,Left,"{""1.10e+07"":-1,""1.42e+07"":-1,""1.57e+07"":-1,""6355305"":-1}"
manifestos_econ_ideology_446,10008821,The water supply and sewage functions of the water authorities will be transferred to the private sector,Con,1987,Right,"{""1.24e+07"":1,""1.49e+07"":1,""1.52e+07"":1,""1.58e+07"":1,""1.59e+07"":1,""1.98e+07"":1,""2.00e+07"":1,""2.01e+07"":-1,""2.06e+07"":1,""2.08e+07"":1,""2.11e+07"":1,""2.13e+07"":1,""313343"":1,""8382218"":1,""8968750"":1,""946983"":1}"
manifestos_econ_ideology_447,50004441,Our commitment: Liberal Democrats will increase funding for the NHS and secure funding for the future.,LD,1997,Left,"{""1.45e+07"":-1,""1.75e+07"":-1,""1.98e+07"":-1,""2.06e+07"":-1,""2.08e+07"":-1,""2.13e+07"":-1,""2.14e+07"":-1,""5013710"":1,""5112203"":-1,""5983773"":-1,""8450718"":-1,""8968750"":-1,""946983"":-1}"
manifestos_econ_ideology_448,1100000241,Endowed universities and less onerous student loan repayments.,Con,2001,Left,"{""1.10e+07"":-1,""1.87e+07"":-1}"
manifestos_econ_ideology_449,1070003701,"We will encourage companies to make dealing in their own shares easier, especially for small shareholders, and encourage wider share ownership, through, for example, the establishment of 'Share Shops'.",Con,1992,Right,"{""1.40e+07"":1,""1.51e+07"":1,""1.52e+07"":1,""1.87e+07"":1,""1.93e+07"":1}"
manifestos_econ_ideology_450,1080003811,"We will introduce new product labels, showing information such as energy consumption during use and the environmental impact of the production process.",LD,1992,Left,"{""1.53e+07"":-1,""1.86e+07"":-1,""2.01e+07"":-1,""2.08e+07"":-1,""2.09e+07"":-1}"
manifestos_econ_ideology_451,40003011,This far-sighted idea is in the best Conservative tradition.,Con,1997,Right,"{""1.45e+07"":1,""1.52e+07"":1,""1.98e+07"":-1,""2.00e+07"":1,""2.10e+07"":1,""2.12e+07"":-1,""2.13e+07"":1,""7954010"":1,""8968750"":1}"
manifestos_econ_ideology_452,1090000961,"By investing in public transport, we start to transform commuters' lives and create a cleaner environment.",Lab,1992,Left,"{""1.10e+07"":-1,""1.40e+07"":-1,""1.57e+07"":-1}"
manifestos_econ_ideology_453,1120008941,"all will be on-line by 2002, with guaranteed standards to meet users' needs.",Lab,2001,Left,"{""1.10e+07"":-1}"
manifestos_econ_ideology_454,1070000201,"Only Conservatives can truly claim to be the party of opportunity, choice, ownership and responsibility.",Con,1992,Right,"{""1.40e+07"":1,""1.87e+07"":1}"
manifestos_econ_ideology_455,1070013551,We will continue to extend City Challenge and allocate a greater proportion of resources by competitive bidding.,Con,1992,Right,"{""1.57e+07"":1}"
manifestos_econ_ideology_456,1150007691,It is impossible to fulfil the potential of our country - never mind promoting social mobility and equality of life chances - unless every child gets the best possible start in life.,Lab,2005,Left,"{""1.45e+07"":-1}"
manifestos_econ_ideology_457,60009501,"The second is to stay in, but on the sidelines.",Lab,1997,Left,"{""1.09e+07"":-1}"
manifestos_econ_ideology_458,1150004111,"We are investing £1 billion more in the science base, and increasing public spending on higher education by 34 per cent in real terms.",Lab,2005,Left,"{""1.40e+07"":-1,""1.52e+07"":-1,""1.57e+07"":-1,""1.68e+07"":-1,""2.05e+07"":-1}"
manifestos_econ_ideology_459,1070003281,We have cut Corporation Tax from 52 per cent to 33 per cent (and from 42 per cent to 25 per cent for small companies).,Con,1992,Right,"{""1.40e+07"":1,""1.52e+07"":1,""1.57e+07"":1,""1.87e+07"":1,""1.93e+07"":1}"
manifestos_econ_ideology_460,1110009051,Reform is long overdue.,LD,2001,Right,"{""1.42e+07"":1,""1.45e+07"":1}"
manifestos_econ_ideology_461,1160007951,"and, introduce new rules to stop central government bodies using public money to hire lobbyists to lobby other government bodies.",Con,2010,Left,"{""1.41e+07"":-1,""1.51e+07"":-1}"
manifestos_econ_ideology_462,1180009751,We will need to find new ways of balancing the multiple uses of land: safeguarding food security at the same time as enriching our natural environment,Lab,2010,Left,"{""1.40e+07"":-1}"
manifestos_econ_ideology_463,1110001311,Introduce no-fault compensation.,LD,2001,Left,"{""1.10e+07"":-1}"
manifestos_econ_ideology_464,40000061,There can be no doubt that we have created a better Britain.,Con,1997,Right,"{""1.52e+07"":1,""2.13e+07"":1}"
manifestos_econ_ideology_465,1180011731,"Re-energise the drive to achieve the Millennium Development Goals, supporting sustainable growth and combating poverty.",Lab,2010,Left,"{""1.10e+07"":-1,""2.18e+07"":-1,""2.20e+07"":-1}"
manifestos_econ_ideology_466,1140008161,"WE PROPOSE: Only one tax increase - on income above £100,000 per year.",LD,2005,Left,"{""1.42e+07"":-1,""1.53e+07"":-1,""1.68e+07"":-1,""1.93e+07"":-1,""2.01e+07"":-1}"
manifestos_econ_ideology_467,1120000761,Not everything has gone right - it never does.,Lab,2001,Left,"{""1.51e+07"":-1}"
manifestos_econ_ideology_468,1160000931,"We believe that if you decentralise power, you get better results and better value for money.",Con,2010,Right,"{""1.30e+07"":1,""1.57e+07"":1}"
manifestos_econ_ideology_469,1110002841,Empower National Training Organisations to conduct ballots of member employers.,LD,2001,Left,"{""1.10e+07"":-1}"
manifestos_econ_ideology_470,1180013041,"Every pupil leaving primary school secure in the basics, with a 3Rs guarantee of one-to-one and small-group tuition for every child falling behind",Lab,2010,Left,"{""1.57e+07"":-1}"
manifestos_econ_ideology_471,1090001281,But it has not been cured.,Lab,1992,Left,"{""1.52e+07"":-1}"
manifestos_econ_ideology_472,1110001411,Setting You Free. Stop government wasting doctors' and nurses' time by scrapping meaningless bureaucratic targets.,LD,2001,Right,"{""1.42e+07"":1,""1.57e+07"":1}"
manifestos_econ_ideology_473,1160008651,So we want to pass power down to people - to individuals where we can.,Con,2010,Right,"{""1.57e+07"":1}"
manifestos_econ_ideology_474,1160003691,We will consult on the introduction of a 'Fair Fuel Stabiliser'.,Con,2010,Right,"{""1.52e+07"":1}"
manifestos_econ_ideology_475,1160005611,"We need to allow patients to choose the best care available, giving healthcare providers the incentives they need to drive up quality.",Con,2010,Right,"{""1.45e+07"":1,""1.57e+07"":1}"
manifestos_econ_ideology_476,1160002851,We will set colleges free from direct state control and abolish many of the further education quangos Labour have put in place.,Con,2010,Right,"{""1.65e+07"":1,""1.95e+07"":1}"
manifestos_econ_ideology_477,10001901,And the figure will continue to rise.,Con,1987,Right,"{""1.24e+07"":1,""1.45e+07"":1,""1.49e+07"":1,""1.76e+07"":1,""1.89e+07"":1,""1.95e+07"":1,""1.98e+07"":1,""2.04e+07"":1,""2.06e+07"":1,""2.08e+07"":0,""2.13e+07"":1,""313343"":1,""5751985"":-1,""8968750"":1}"
manifestos_econ_ideology_478,1080006621,"We will increase choice for elderly and retired people by encouraging openings in voluntary and part-time work, and widening the availability of education, the arts and recreational facilities.",LD,1992,Left,"{""1.10e+07"":-1}"
manifestos_econ_ideology_479,1150007211,We will increase Pension Credit in line with earnings up to and including 2007-08.,Lab,2005,Left,"{""1.10e+07"":-1,""1.40e+07"":-1,""1.52e+07"":-1,""1.57e+07"":-1,""1.93e+07"":-1}"
manifestos_econ_ideology_480,1140000151,"At both ends of the age spectrum, we believe that Britain must do better.",LD,2005,Left,"{""1.52e+07"":-1}"
manifestos_econ_ideology_481,1080002101,"We will give consumer watchdogs, including the regulators and trading standards departments, greater powers, and improve redress for inadequate goods and services.",LD,1992,Left,"{""1.10e+07"":-1,""1.16e+07"":-1,""1.40e+07"":-1,""1.86e+07"":-1}"
manifestos_econ_ideology_482,1110003051,"The programme would include environmental assessment of buildings and would promote the use of better insulation, double-glazing and solar panels where possible.",LD,2001,Left,"{""1.51e+07"":-1}"
manifestos_econ_ideology_483,1090000581,It's time to make that change.,Lab,1992,Left,"{""1.10e+07"":-1,""1.68e+07"":-1}"
manifestos_econ_ideology_484,1120004911,Photo Caption: Unemployment down: young people benefiting from Labour's New Deal.,Lab,2001,Left,"{""1.10e+07"":-1,""1.63e+07"":-1,""1.93e+07"":-1,""2.03e+07"":-1}"
manifestos_econ_ideology_485,1180011701,"The next stage of national renewal. Conduct a Strategic Defence Review to equip our Armed Forces for 21st Century challenges, and support our troops and veterans.",Lab,2010,Left,"{""1.63e+07"":-1}"
manifestos_econ_ideology_486,10004641,"It promotes efficiency, holds down costs, drives companies to innovate and ensures that customers get the best possible value for money.",Con,1987,Right,"{""1.08e+07"":-1,""1.10e+07"":1,""1.13e+07"":1,""1.15e+07"":1,""1.18e+07"":0,""1.19e+07"":1,""1.22e+07"":1,""1.24e+07"":-1,""1.25e+07"":1,""1.34e+07"":1,""1.40e+07"":1,""1.52e+07"":1,""1.53e+07"":1,""1.57e+07"":1,""1.61e+07"":1,""1.68e+07"":1,""1.77e+07"":1,""1.81e+07"":1,""1.90e+07"":1,""1.93e+07"":1,""1.95e+07"":0,""1.98e+07"":1,""1037861"":1,""1837834"":1,""2.00e+07"":0,""2.09e+07"":1,""2.10e+07"":-1,""2.11e+07"":1,""2.12e+07"":1,""2.13e+07"":1,""2.14e+07"":1,""2.17e+07"":1,""2.20e+07"":1,""2.21e+07"":1,""2647839"":1,""280059"":1,""3307853"":1,""3385164"":1,""45694"":-1,""5108677"":1,""5112203"":1,""5270743"":0,""5537363"":1,""5768369"":1,""5983773"":1,""6337523"":1,""6591328"":1,""7105402"":1,""714020"":1,""7918256"":1,""7954010"":1,""7994710"":1,""8188780"":1,""8382218"":1,""881561"":1,""8836799"":-1,""8968750"":1,""9054964"":-1}"
manifestos_econ_ideology_487,1150009961,"Arts, culture and museums. Since 1997 we have increased funding for the arts by 73 per cent in real terms.",Lab,2005,Left,"{""1.10e+07"":-1,""1.57e+07"":-1}"
manifestos_econ_ideology_488,1070004061,The work of liberalising markets which were once monopolised goes on.,Con,1992,Right,"{""1.40e+07"":1,""1.51e+07"":1,""1.52e+07"":1,""1.57e+07"":1,""1.68e+07"":1}"
manifestos_econ_ideology_489,1170002361,"Where existing RDAs have strong local support, they may continue with refocused economic development objectives.",LD,2010,Left,"{""1.10e+07"":-1}"
manifestos_econ_ideology_490,1100003521,But we need to go further to get at the source of the problem.,Con,2001,Left,"{""1.10e+07"":-1,""1.45e+07"":-1}"
manifestos_econ_ideology_491,1160002191,"Make Britain the leading hi-tech exporter in Europe. We will implement key recommendations from Sir James Dyson's Review into how to achieve our goal of making Britain Europe's leading hi-tech exporter, including: encouraging the establishment of joint university-business research and development institutes",Con,2010,Right,"{""1.42e+07"":1}"
manifestos_econ_ideology_492,30000601,The Priority Programme. For our first two years in government we will concentrate resources on the essential tasks of combating unemployment and poverty.,Lab,1987,Left,"{""1.45e+07"":-1,""1.52e+07"":-1,""1.98e+07"":-1,""2.04e+07"":-1,""2.09e+07"":-1,""2.11e+07"":-1,""2.13e+07"":-1,""2.14e+07"":-1,""3307853"":-1,""5112203"":-1,""6066983"":-1,""6161328"":-1,""7918256"":-1,""946983"":-1}"
manifestos_econ_ideology_493,1090004621,Gas and electricity disconnections will be banned completely where young children or elderly people are concerned.,Lab,1992,Left,"{""1.52e+07"":-1,""1.68e+07"":-1}"
manifestos_econ_ideology_494,1140000461,"Throughout this manifesto we explain how we will put these beliefs into practice creating a society where people are more free, where government exercises its powers more fairly, and where the bond of trust is re-established between the people and their government.",LD,2005,Right,"{""1.57e+07"":1}"
manifestos_econ_ideology_495,1120014301,Be the first country to introduce greenhouse gas trading to cut pollution.,Lab,2001,Left,"{""1.42e+07"":-1}"
manifestos_econ_ideology_496,1180008891,We will review how incentives for philanthropic support can be strengthened.,Lab,2010,Left,"{""1.40e+07"":-1,""1.57e+07"":-1}"
manifestos_econ_ideology_497,1090000531,The Labour government will mean a fresh start for Britain.,Lab,1992,Left,"{""1.52e+07"":-1}"
manifestos_econ_ideology_498,1070004081,In 1991 we decided to end this duopoly.,Con,1992,Right,"{""1.13e+07"":1,""1.53e+07"":1,""1.57e+07"":1,""2.05e+07"":1}"
manifestos_econ_ideology_499,1160007831,"That is why a Conservative government will introduce a power of 'recall' to allow electors to kick out MPs, a power that will be triggered by proven serious wrongdoing.",Con,2010,Right,"{""1.51e+07"":1}"
manifestos_econ_ideology_500,40000391,"We now need to capture private sector investment on a massive scale to regenerate our cities, transform our crumbling local authority housing estates and modernise other public assets.",Con,1997,Right,"{""1.10e+07"":1,""1.16e+07"":1,""1.17e+07"":-1,""1.30e+07"":1,""1.40e+07"":1,""1.42e+07"":-1,""1.45e+07"":1,""1.52e+07"":-1,""1.57e+07"":1,""1.63e+07"":1,""1.68e+07"":1,""1.82e+07"":1,""1.83e+07"":1,""1.88e+07"":1,""1.93e+07"":1,""1.98e+07"":1,""1.99e+07"":1,""1037861"":-1,""2.04e+07"":1,""2.05e+07"":1,""2.06e+07"":1,""2.07e+07"":-1,""2.08e+07"":1,""2.10e+07"":1,""2.11e+07"":1,""2.13e+07"":1,""2.14e+07"":1,""2056455"":1,""4652872"":-1,""4680678"":1,""5112203"":-1,""6355305"":1,""6525777"":1,""7039094"":1,""8382218"":1,""8968750"":1,""9280918"":1,""946983"":-1}"
manifestos_econ_ideology_501,1070002301,The Conservatives have changed all that.,Con,1992,Right,"{""1.40e+07"":1,""1.52e+07"":1,""1.68e+07"":1}"
manifestos_econ_ideology_502,1070016781,Harland and Wolff and Shorts have been successfully privatised.,Con,1992,Right,"{""1.53e+07"":1,""1.57e+07"":1,""1.68e+07"":1,""5647650"":1,""6342862"":1}"
manifestos_econ_ideology_503,1120002701,"Choice, not chance, has turned things round.",Lab,2001,Left,"{""1.10e+07"":-1,""1.51e+07"":-1}"
manifestos_econ_ideology_504,1160002411,introduce a seven-day cooling off period for store cards,Con,2010,Left,"{""1.10e+07"":-1,""1.42e+07"":-1,""1.82e+07"":-1}"
manifestos_econ_ideology_505,40006421,Refunds may be made when performance standards are not met.,Con,1997,Right,"{""1.19e+07"":1,""1.24e+07"":1,""1.27e+07"":1,""1.52e+07"":1,""1.75e+07"":1,""2.02e+07"":1,""2.06e+07"":1,""2.11e+07"":1,""2.12e+07"":1,""2.13e+07"":-1,""2793302"":1,""37796"":1,""7918256"":1,""7954010"":1,""7995027"":1,""8836799"":-1,""8893451"":1}"
manifestos_econ_ideology_506,1180001401,"Build a high-tech economy, supporting business and industry to create one million more skilled jobs and modernising our infrastructure with High Speed Rail, a Green Investment Bank and broadband access for all.",Lab,2010,Right,"{""1.10e+07"":1,""1.27e+07"":1,""1.57e+07"":1,""1.84e+07"":1}"
manifestos_econ_ideology_507,20004681,We will increase the bonus by paying a double pension in the first week of December.,LD,1987,Left,"{""1.10e+07"":-1,""1.21e+07"":-1,""1.30e+07"":-1,""1.35e+07"":-1,""1.40e+07"":-1,""1.42e+07"":-1,""1.47e+07"":-1,""1.51e+07"":-1,""1.52e+07"":-1,""1.53e+07"":-1,""1.57e+07"":-1,""1.66e+07"":1,""1.68e+07"":-1,""1.74e+07"":-1,""1.80e+07"":-1,""1.88e+07"":1,""1.93e+07"":-1,""1.96e+07"":1,""1.98e+07"":-1,""2.03e+07"":-1,""2.05e+07"":-1,""2.06e+07"":-1,""2.07e+07"":-1,""2.08e+07"":-1,""2.09e+07"":-1,""2.10e+07"":-1,""2.11e+07"":1,""2.12e+07"":-1,""2.14e+07"":-1,""2.19e+07"":-1,""3574338"":-1,""5849168"":1,""7918256"":-1,""8836799"":-1,""886"":-1}"
manifestos_econ_ideology_508,1070003271,We have simplified and reduced the burden of taxation on capital.,Con,1992,Right,"{""1.52e+07"":1,""1.53e+07"":1,""1.57e+07"":1,""1.66e+07"":1,""1.68e+07"":-1,""1.71e+07"":1,""1.74e+07"":1,""1.86e+07"":1,""1.87e+07"":1,""2.08e+07"":1,""2.09e+07"":1,""2.10e+07"":1,""2.12e+07"":1}"
manifestos_econ_ideology_509,1120000031,As we invest in our schools not make reckless tax cuts.,Lab,2001,Left,"{""1.10e+07"":-1,""1.16e+07"":-1,""1.30e+07"":-1}"
manifestos_econ_ideology_510,1120005501,Photo Caption: Labour is committed to protecting Britain's landscapes and wildlife.,Lab,2001,Left,"{""1.10e+07"":-1}"
manifestos_econ_ideology_511,1170007431,Liberal Democrats will support the voluntary sector by:  ,LD,2010,Right,"{""1.10e+07"":1,""1.40e+07"":1,""1.57e+07"":1}"
manifestos_econ_ideology_512,1110011291,Labour has done too little to redress the mistakes of the Conservatives.,LD,2001,Right,"{""1.51e+07"":1}"
manifestos_econ_ideology_513,1120004191,"By 2006, almost the whole national bus fleet will be renewed.",Lab,2001,Left,"{""1.10e+07"":-1}"
manifestos_econ_ideology_514,1120008881,"We have maintained our commitment to the nation's heritage and to its historic buildings, and we will continue our drive to put architectural quality at the heart of the design of new public buildings.",Lab,2001,Left,"{""1.30e+07"":-1}"
manifestos_econ_ideology_515,1150009501,We have cancelled the debts of the poorest countries and are now pushing others to follow our lead and offer 100 per cent debt relief for the poorest.,Lab,2005,Left,"{""1.52e+07"":-1,""1.95e+07"":-1}"
manifestos_econ_ideology_516,1180000471,"There is a big choice at this election about whether we confront these challenges and build the kind of economy, society and politics we believe in, or duck them.",Lab,2010,Left,"{""1.10e+07"":-1}"
manifestos_econ_ideology_517,1150010351,We will encourage further cooperation in back-office functions and identify the best ways to improve our library infrastructure.,Lab,2005,Left,"{""1.82e+07"":-1}"
manifestos_econ_ideology_518,1140004531,"A pensioner could save more than £100 from their energy bill every year by investing just one year's Winter Fuel Payment, and help the environment as well.",LD,2005,Left,"{""1.30e+07"":-1,""1.52e+07"":-1,""1.57e+07"":-1,""1.82e+07"":-1}"
manifestos_econ_ideology_519,1180003061,"Our intensive help for people out of work - starting from day one - has already kept unemployment more than half a million lower than predicted during the recession, saving £15 billion over the next five years.",Lab,2010,Left,"{""1.10e+07"":-1,""1.40e+07"":-1,""1.52e+07"":-1,""1.57e+07"":-1,""1.82e+07"":-1}"
manifestos_econ_ideology_520,1100006131,"We will meet the commitments made by successive British governments by a comprehensive package of emission permit trading, energy conservation measures, tax incentives, greater encouragement of renewable energy and cleaner energy generation.",Con,2001,Left,"{""1.10e+07"":-1,""1.30e+07"":-1,""1.52e+07"":-1,""1.57e+07"":-1,""1.68e+07"":-1}"
manifestos_econ_ideology_521,30003181, Make Urban Development Grants available for local needs.,Lab,1987,Left,"{""1.38e+07"":-1,""1.45e+07"":1,""1.52e+07"":-1,""2.10e+07"":-1,""2.13e+07"":-1,""2785872"":-1,""5112203"":-1,""6340793"":-1,""8968750"":-1,""946983"":-1}"
manifestos_econ_ideology_522,30000861,We will restore and increase the death grant.,Lab,1987,Left,"{""1.10e+07"":-1,""1.19e+07"":-1,""1.24e+07"":-1,""1.35e+07"":-1,""1.40e+07"":-1,""1.45e+07"":-1,""1.51e+07"":-1,""1.52e+07"":-1,""1.53e+07"":-1,""1.57e+07"":-1,""1.68e+07"":-1,""1.82e+07"":-1,""1.93e+07"":-1,""1837834"":1,""2.02e+07"":-1,""2.05e+07"":-1,""313343"":-1,""3559862"":-1,""37796"":-1,""5112203"":-1,""5270743"":-1,""5537363"":1,""5751985"":-1,""6108007"":-1,""6622539"":-1,""7321782"":-1,""7801795"":-1,""7918256"":-1,""8836799"":-1,""8893451"":-1,""8968750"":-1,""946983"":-1}"
manifestos_econ_ideology_523,1180001101,"In our politics and economy over the last 18 months, we have witnessed seismic events.",Lab,2010,Right,"{""1.10e+07"":1}"
manifestos_econ_ideology_524,1140006921,We will end the regulation on busy national airports which results in retail rents subsidising landing charges and encouraging congestion and pollution.,LD,2005,Right,"{""1.51e+07"":1,""1.52e+07"":1,""1.57e+07"":1}"
manifestos_econ_ideology_525,1180010571,Already £3.9 billion is being spent on support for the rural economy and we will continue to provide specific support to rural businesses.,Lab,2010,Left,"{""1.10e+07"":-1,""1.52e+07"":-1,""1.57e+07"":-1,""1.66e+07"":-1}"
manifestos_econ_ideology_526,1150008901,And we will work to put an end to the international network of trade in weapons of mass destruction.,Lab,2005,Left,"{""1.42e+07"":-1}"
manifestos_econ_ideology_527,1080003681,We will encourage the use of information technology to decentralise work.,LD,1992,Right,"{""1.52e+07"":1}"
manifestos_econ_ideology_528,20003261,"We will especially encourage small businesses, which will be a major motor of growth and employment in the 1990s.",LD,1987,Right,"{""1.01e+07"":-1,""1.11e+07"":1,""1.24e+07"":1,""1.52e+07"":1,""1.74e+07"":1,""1.83e+07"":1,""1.88e+07"":1,""1.98e+07"":1,""2.03e+07"":1,""2.06e+07"":0,""2.09e+07"":1,""2.10e+07"":1,""2.12e+07"":1,""2.13e+07"":1,""5112203"":1,""714020"":1,""8968750"":1}"
manifestos_econ_ideology_529,40011431,and curbing unnecessary regulations.,Con,1997,Right,"{""1.05e+07"":1,""1.06e+07"":1,""1.09e+07"":1,""1.10e+07"":-1,""1.30e+07"":1,""1.40e+07"":1,""1.51e+07"":1,""1.52e+07"":1,""1.53e+07"":1,""1.57e+07"":1,""1.61e+07"":1,""1.71e+07"":1,""1.75e+07"":1,""1.84e+07"":1,""1.86e+07"":1,""1.87e+07"":1,""1.88e+07"":1,""1.93e+07"":1,""1.95e+07"":1,""1.96e+07"":1,""1.98e+07"":1,""2.05e+07"":1,""2.06e+07"":1,""2.07e+07"":1,""2.08e+07"":1,""2.09e+07"":-1,""2.10e+07"":1,""2.11e+07"":1,""2.12e+07"":1,""2.13e+07"":1,""2.14e+07"":1,""2.19e+07"":1,""2209950"":1,""5013710"":1,""5993386"":1,""6340562"":1,""7918256"":0,""8014024"":1,""8382218"":-1,""886"":1,""9289597"":1}"
manifestos_econ_ideology_530,1180013221,A new National Care Service to ensure free care in the home for those with the greatest care needs and a cap on the costs of residential care so that everyone's homes and savings are protected from care charges after two years in a care home.,Lab,2010,Left,"{""1.10e+07"":-1,""1.40e+07"":-1,""1.53e+07"":-1,""1.57e+07"":-1}"
manifestos_econ_ideology_531,1070012171,"We will also seek further opportunities for the private sector to contribute, as it has for example with the Channel Tunnel, the Queen Elizabeth II Bridge at Dartford, the second Severn Bridge and the Birmingham Northern Ring Road.",Con,1992,Right,"{""1.51e+07"":1,""1.53e+07"":1,""1.57e+07"":1,""1.68e+07"":1,""1.74e+07"":1,""1.82e+07"":1,""1.86e+07"":-1,""1.93e+07"":1,""1.98e+07"":1,""2.01e+07"":-1,""2.02e+07"":1,""2.09e+07"":1}"
manifestos_econ_ideology_532,1150006501,Empowering patients: choosing not waiting. One principle underpins our reforms - putting patients centre stage.,Lab,2005,Left,"{""1.82e+07"":-1}"
manifestos_econ_ideology_533,40006471,"We will extend competition for domestic gas users, and introduce competition in the water industry, starting with large users.",Con,1997,Right,"{""1.13e+07"":1,""1.18e+07"":1,""1.24e+07"":-1,""1.30e+07"":1,""1.32e+07"":1,""1.35e+07"":1,""1.40e+07"":1,""1.42e+07"":1,""1.52e+07"":-1,""1.53e+07"":1,""1.57e+07"":1,""1.58e+07"":1,""1.59e+07"":1,""1.68e+07"":1,""1.75e+07"":1,""1.76e+07"":1,""1.81e+07"":1,""1.83e+07"":0,""1.85e+07"":1,""1.87e+07"":-1,""1.88e+07"":1,""1.89e+07"":1,""1.98e+07"":1,""1886681"":1,""2.00e+07"":1,""2.04e+07"":1,""2.05e+07"":1,""2.06e+07"":1,""2.07e+07"":1,""2.10e+07"":1,""2.11e+07"":1,""2.13e+07"":1,""2.14e+07"":1,""2.15e+07"":1,""37796"":1,""5983773"":1,""6336109"":1,""6772245"":1,""8382218"":1,""8893451"":1}"
manifestos_econ_ideology_534,60004801,"There can be no return to top-down management, but Labour will end the Conservatives' internal market in healthcare.",Lab,1997,Left,"{""1.45e+07"":-1,""1.75e+07"":-1,""1.98e+07"":-1,""2.05e+07"":-1,""2.07e+07"":-1,""2.08e+07"":-1,""2.09e+07"":-1,""2.11e+07"":-1,""2.13e+07"":-1,""2.14e+07"":-1,""5270743"":-1}"
manifestos_econ_ideology_535,1170008341,"Following the election of a Liberal Democrat Government, an emergency budget and interim spending review would be held by no later than the end of June 2010.",LD,2010,Left,"{""1.10e+07"":-1,""1.63e+07"":-1}"
manifestos_econ_ideology_536,1180003291,We want everyone to have better prospects in work.,Lab,2010,Left,"{""1.10e+07"":-1,""1.45e+07"":-1,""1.52e+07"":-1}"
manifestos_econ_ideology_537,1180010461,"We need our farmers to produce more food, nurturing our countryside and biodiversity.",Lab,2010,Right,"{""1.10e+07"":1,""1.40e+07"":1,""1.52e+07"":1}"
manifestos_econ_ideology_538,30000921,"We will implement a comprehensive strategy for ending low pay, notably by the introduction of a statutory national minimum wage.",Lab,1987,Left,"{""1.10e+07"":-1,""1.18e+07"":-1,""1.24e+07"":-1,""1.30e+07"":-1,""1.40e+07"":-1,""1.45e+07"":0,""1.51e+07"":-1,""1.52e+07"":-1,""1.53e+07"":-1,""1.57e+07"":-1,""1.63e+07"":-1,""1.74e+07"":-1,""1.75e+07"":-1,""1.82e+07"":-1,""1.86e+07"":-1,""1.87e+07"":1,""1.93e+07"":-1,""1.98e+07"":-1,""1.99e+07"":-1,""2.00e+07"":-1,""2.01e+07"":-1,""2.02e+07"":-1,""2.04e+07"":-1,""2.06e+07"":-1,""2.07e+07"":-1,""2.08e+07"":1,""2.09e+07"":-1,""2.10e+07"":-1,""2.11e+07"":-1,""2.12e+07"":-1,""2.13e+07"":-1,""2.14e+07"":-1,""37796"":-1,""6336109"":-1,""7486569"":-1,""8377898"":-1,""8382218"":-1}"
manifestos_econ_ideology_539,1070000911,"We support early Russian membership of the IMF and World Bank, as well as a stabilisation fund for the rouble.",Con,1992,Right,"{""1.68e+07"":1}"
manifestos_econ_ideology_540,1080002121,Our plans to spread employee ownership and participation will encourage wages to be st according to the profitability of individual firms rather than to some national 'going rate'.,LD,1992,Right,"{""1.10e+07"":1,""1.52e+07"":1,""1.53e+07"":1,""1.76e+07"":1,""1.82e+07"":1,""1.86e+07"":1,""1.88e+07"":1,""2.08e+07"":1,""2.09e+07"":1,""2.13e+07"":-1}"
manifestos_econ_ideology_541,1180000231,"Introduction. The argument of this Manifesto is that to deliver a future fair for all we need to rebuild our economy, protect and reform our public services as we strengthen our society and renew our politics.",Lab,2010,Left,"{""1.10e+07"":-1}"
manifestos_econ_ideology_542,1070016031,The costly Labour and Liberal devolution proposals for Scotland and Wales have the same drawbacks.,Con,1992,Right,"{""1.52e+07"":1}"
manifestos_econ_ideology_543,1150006831,"We will invest more in renovating and building new kitchens as well as investing an extra £210 million in school meals, guaranteeing that at least 50p per meal is spent on ingredients in primary schools, and at least 60p in secondary schools.",Lab,2005,Left,"{""1.40e+07"":-1,""1.41e+07"":-1,""1.66e+07"":-1,""1.82e+07"":-1}"
manifestos_econ_ideology_544,30001571,And we will reverse the cuts in the Agricultural Development and Advisory Service and research.,Lab,1987,Left,"{""1.99e+07"":-1,""2.08e+07"":0,""2.09e+07"":-1,""2.10e+07"":-1,""2.11e+07"":-1,""2.12e+07"":-1,""2.13e+07"":-1,""2.14e+07"":-1,""2785872"":-1,""4680678"":-1,""5112203"":-1,""6066983"":-1,""7918256"":-1,""8836799"":1,""946983"":-1}"
manifestos_econ_ideology_545,1120009101,Labour has reshaped the lottery to match people's priorities.,Lab,2001,Left,"{""1.40e+07"":-1}"
manifestos_econ_ideology_546,1160002671,"Government can help boost enterprise by lowering tax rates, reducing regulation and improving workers' skills.",Con,2010,Right,"{""1.10e+07"":1,""1.45e+07"":1,""1.82e+07"":1,""1.93e+07"":1,""1.95e+07"":1}"
manifestos_econ_ideology_547,1130003441,"Successful train operating companies will have their franchises extended to allow companies to invest in improved stations, car parks, facilities and rolling stock.",Con,2005,Right,"{""1.10e+07"":1,""1.57e+07"":1,""1.93e+07"":1}"
manifestos_econ_ideology_548,1160005341,That is why we will initially extend the right to request flexible working to every parent with a child under the age of eighteen.,Con,2010,Left,"{""1.52e+07"":-1,""1.57e+07"":-1}"
manifestos_econ_ideology_549,1090003761,"After the first year's extra increases we will restore the link between increases in the basic pension and prices or earnings, whichever is higher.",Lab,1992,Left,"{""1.42e+07"":-1,""1.68e+07"":-1,""2.01e+07"":-1,""2.05e+07"":-1,""2.09e+07"":-1,""2.11e+07"":1,""7918256"":-1,""886"":-1}"
manifestos_econ_ideology_550,1140000741,That is unfair.,LD,2005,Left,"{""1.13e+07"":-1,""1.42e+07"":-1,""1.52e+07"":-1,""1.73e+07"":-1}"
manifestos_econ_ideology_551,1070009681,coronary artery by-passes have nearly tripled.,Con,1992,Left,"{""1.57e+07"":-1}"
manifestos_econ_ideology_552,1150001931,"As we said in our policy document Britain is Working, we have given the Royal Mail greater commercial freedom and have no plans to privatise it.",Lab,2005,Left,"{""1.40e+07"":-1,""1.52e+07"":-1,""1.57e+07"":-1,""1.63e+07"":-1,""1.68e+07"":-1}"
manifestos_econ_ideology_553,1160008211,Government has been far too profligate for far too long.,Con,2010,Right,"{""1.52e+07"":1}"
manifestos_econ_ideology_554,1080002941,"We will provide grants for recycling schemes, introduce regulations on the use of packaging materials, and encourage local authorities to clean up litter.",LD,1992,Left,"{""1.51e+07"":-1}"
manifestos_econ_ideology_555,1180000051,"In this Manifesto we set out plans to address the main future challenges we face in our economy, our society and our politics.",Lab,2010,Left,"{""1.10e+07"":-1}"
manifestos_econ_ideology_556,1070013651,"Second, it will itself be able to develop land in partnership with the private sector.",Con,1992,Right,"{""1.37e+07"":1,""1.53e+07"":1,""1.68e+07"":1,""1.95e+07"":1,""2.04e+07"":0,""2.07e+07"":1,""2209950"":1,""5993386"":1}"
manifestos_econ_ideology_557,1140000101,That is what this manifesto is all about - detailing our analysis and policy ambitions - and all of it is underpinned by costed and credible pledges.,LD,2005,Right,"{""1.42e+07"":1,""6340562"":1}"
manifestos_econ_ideology_558,1120008151,It would be wrong to push people into paying for their operations.,Lab,2001,Left,"{""1.51e+07"":-1,""1.57e+07"":-1,""1.82e+07"":-1}"
manifestos_econ_ideology_559,1160000961,"We will make government, politics and public services much more open and transparent.",Con,2010,Right,"{""1.42e+07"":1}"
manifestos_econ_ideology_560,10010011,The best contribution Britain can make to developing countries is to champion open trade and free enterprise abroad and to practise them at home.,Con,1987,Right,"{""1.24e+07"":1,""1.53e+07"":1,""1.89e+07"":1,""2.09e+07"":1,""2.14e+07"":1,""313343"":1,""5112203"":1,""8968750"":1}"
manifestos_econ_ideology_561,1120013241,"Labour will build on its Compact with the voluntary sector, as we develop more far-reaching partnerships for the delivery of services and the renewal of our communities.",Lab,2001,Right,"{""1.10e+07"":1}"
manifestos_econ_ideology_562,40002651,That is why Conservatives have long dreamed of a property-owning democracy.,Con,1997,Right,"{""1.32e+07"":1,""1.44e+07"":1,""1.49e+07"":1,""1.52e+07"":1,""1.53e+07"":1,""1.75e+07"":1,""2.00e+07"":1,""2.07e+07"":1,""2.11e+07"":1,""4680678"":1,""5280406"":1,""6349089"":1,""7918256"":1,""7954010"":1,""8382218"":1,""8968750"":1}"
manifestos_econ_ideology_563,1170001951,Local Enterprise Funds will help local investors put money into growing businesses in their own part of the country and support the development of new products from research to production.,LD,2010,Right,"{""1.10e+07"":1,""1.51e+07"":1,""1.63e+07"":1,""2.05e+07"":1,""3626598"":1}"
manifestos_econ_ideology_564,1070012151,More people travel further and more easily than ever before.,Con,1992,Right,"{""1.57e+07"":1}"
manifestos_econ_ideology_565,1150004211,We will incentivise all universities to raise more charitable and private funding for student bursaries and endowments.,Lab,2005,Right,"{""1.82e+07"":1}"
manifestos_econ_ideology_566,1070012251,We believe that the best way to produce profound and lasting improvements on the railways is to end BR's state monopoly.,Con,1992,Right,"{""1.51e+07"":1,""1.52e+07"":1,""1.93e+07"":1,""2.05e+07"":1,""5647650"":1}"
manifestos_econ_ideology_567,1180010031,"We have taken the decisions to enable a new generation of nuclear power stations, and a programme of four clean coal plants with carbon capture and storage technology with a levy to fund them.",Lab,2010,Left,"{""1.66e+07"":-1}"
manifestos_econ_ideology_568,50008561,Main income tax changes. Around 70% of Adults will pay lower or unchanged income tax under our proposals.,LD,1997,Right,"{""1.04e+07"":1,""1.24e+07"":1,""1.32e+07"":1,""1.80e+07"":1,""1.81e+07"":1,""1.86e+07"":1,""1.98e+07"":1,""2.00e+07"":1,""2.06e+07"":1,""2.09e+07"":0,""2.10e+07"":1,""2.12e+07"":1,""2.13e+07"":1,""3307853"":1,""5112203"":1,""5768369"":-1,""9458742"":1}"
manifestos_econ_ideology_569,1120004331,We will continue to modernise the planning system and introduce new fast-track procedures for major projects of national significance.,Lab,2001,Left,"{""1.10e+07"":-1,""1.30e+07"":-1,""1.53e+07"":-1}"
manifestos_econ_ideology_570,1070005851,"Since then: Two-thirds of the state industrial sector has been privatised, transferring about 900,000 jobs to the private sector.",Con,1992,Right,"{""1.10e+07"":1,""1.40e+07"":1,""1.52e+07"":1,""1.93e+07"":1}"
manifestos_econ_ideology_571,1180012071,A Veterans ID card will help Veterans access their improved benefits and will be free to service leavers.,Lab,2010,Left,"{""1.10e+07"":-1,""1.57e+07"":-1}"
manifestos_econ_ideology_572,1170004711,We will seek to extend protection and support to 'off-gasgrid' consumers.,LD,2010,Left,"{""1.10e+07"":-1,""1.63e+07"":-1}"
manifestos_econ_ideology_573,1160003591,We will turn the rail regulator into a powerful passenger champion and reform Network Rail to make it more accountable to its customers.,Con,2010,Right,"{""1.52e+07"":1,""1.57e+07"":1}"
manifestos_econ_ideology_574,30003601,"A Better Deal for Consumers. When people make a purchase, they often feel they are treated unfairly, or even cheated.",Lab,1987,Left,"{""1.49e+07"":-1,""1.98e+07"":-1,""2.06e+07"":-1,""2.07e+07"":-1,""2.08e+07"":1,""2.13e+07"":-1,""2.14e+07"":-1,""4680678"":1,""8836799"":-1,""8968750"":-1,""946983"":-1}"
manifestos_econ_ideology_575,1140003471,"They need the freedom to generate economic growth - yet they are held back, struggling under a mountain of government rules, tax complications, bureaucracy and inspections.",LD,2005,Right,"{""1.30e+07"":1,""1.42e+07"":1,""1.52e+07"":1,""1.88e+07"":1}"
manifestos_econ_ideology_576,20002761,We would restore maternity grants and give a tax allowance to help with child-care costs.,LD,1987,Left,"{""1.02e+07"":-1,""1.09e+07"":1,""1.10e+07"":-1,""1.24e+07"":-1,""1.27e+07"":-1,""1.30e+07"":-1,""1.40e+07"":1,""1.42e+07"":-1,""1.51e+07"":-1,""1.52e+07"":-1,""1.53e+07"":-1,""1.57e+07"":-1,""1.68e+07"":-1,""1.87e+07"":-1,""1.93e+07"":-1,""1.95e+07"":1,""1.98e+07"":-1,""2.00e+07"":-1,""2.05e+07"":0,""2.08e+07"":-1,""2.10e+07"":1,""2.13e+07"":-1,""2.14e+07"":-1,""2.17e+07"":-1,""2884040"":-1,""313343"":-1,""3559862"":-1,""5112203"":-1,""5751985"":0,""6223785"":-1,""8836799"":-1,""8893451"":-1,""8968750"":1,""946983"":-1}"
manifestos_econ_ideology_577,40002681,10 million people own a direct personal stake in our economy.,Con,1997,Right,"{""1.53e+07"":1,""1.80e+07"":1,""1.81e+07"":1,""1.93e+07"":1,""1.98e+07"":1,""2.00e+07"":1,""2.01e+07"":1,""2.06e+07"":1,""2.09e+07"":1,""2.10e+07"":1,""2.13e+07"":1,""2.14e+07"":1,""5280406"":1,""7918256"":1,""7954010"":1,""8968750"":1,""946983"":0}"
manifestos_econ_ideology_578,1070007181,"Now we are offering young people aged 16 and 17 vouchers they can use to buy approved courses of education or training, and which will put the power of choice in their hands.",Con,1992,Left,"{""1.57e+07"":-1,""2.03e+07"":-1}"
manifestos_econ_ideology_579,1110010821,We advocate effective aid policies to address the problems of developing countries and promote democracy and good governance.,LD,2001,Right,"{""1.17e+07"":1}"
manifestos_econ_ideology_580,1150005791,Access to treatment should be based on your clinical need not on your ability to pay.,Lab,2005,Left,"{""1.57e+07"":-1}"
manifestos_econ_ideology_581,40002461,But we want to go further.,Con,1997,Right,"{""1.74e+07"":1,""2.08e+07"":1,""2.10e+07"":-1,""2.12e+07"":1,""2.13e+07"":1,""2.14e+07"":1,""7954010"":-1,""8968750"":1}"
manifestos_econ_ideology_582,1090002561,We will not cheat health authorities by agreeing pay awards which are not fully funded and leaving managers to bridge the gap by cutting patient care.,Lab,1992,Left,"{""1.10e+07"":-1,""1.42e+07"":-1}"
manifestos_econ_ideology_583,1080004121,"This requires more relevant courses, higher standards and improved provision.",LD,1992,Right,"{""1.51e+07"":1}"
manifestos_econ_ideology_584,50006091,"This will be paid for by introducing a new top tax rate of 5Op on taxable income of over £100,000 per year. ",LD,1997,Left,"{""1.05e+07"":-1,""1.10e+07"":-1,""1.25e+07"":-1,""1.26e+07"":1,""1.30e+07"":-1,""1.40e+07"":-1,""1.41e+07"":-1,""1.51e+07"":-1,""1.52e+07"":-1,""1.57e+07"":-1,""1.68e+07"":-1,""1.86e+07"":-1,""1.87e+07"":1,""1.88e+07"":-1,""1.93e+07"":-1,""2.01e+07"":-1,""2.05e+07"":-1,""2.07e+07"":-1,""2.08e+07"":-1,""2.09e+07"":-1,""2.11e+07"":-1,""2.12e+07"":1,""2.21e+07"":-1,""2209950"":-1,""5983773"":-1,""7591372"":-1,""7918256"":1,""8336085"":-1,""8836799"":-1,""886"":-1}"
manifestos_econ_ideology_585,1100001681,"The tough decisions and hard choices made by the British people and Conservative Governments in the 1980s and 1990s transformed our economic prospects, and made Britain's businesses competitive.",Con,2001,Right,"{""1.10e+07"":1,""1.68e+07"":1,""1.87e+07"":1,""1.93e+07"":1}"
manifestos_econ_ideology_586,1120011311,"How Labour helps pensioners: by boosting the basic state pension for a single pensioner to £77 each week in 2003, £123 for couples ",Lab,2001,Left,"{""1.42e+07"":-1,""1.57e+07"":-1,""1.82e+07"":-1,""2.03e+07"":-1}"
manifestos_econ_ideology_587,1150007301, their retirements will be longer and healthier.,Lab,2005,Left,"{""1.40e+07"":-1,""1.52e+07"":-1,""1.57e+07"":-1,""1.82e+07"":-1}"
manifestos_econ_ideology_588,40002781,We will continue to build on this success by exploring ways in which existing tax exemptions for savings can be developed - allowing individuals to secure their future and protect their families against unexpected contingencies.,Con,1997,Right,"{""1.10e+07"":-1,""1.30e+07"":1,""1.35e+07"":-1,""1.40e+07"":1,""1.42e+07"":1,""1.45e+07"":1,""1.51e+07"":1,""1.52e+07"":1,""1.53e+07"":1,""1.57e+07"":1,""1.63e+07"":1,""1.68e+07"":-1,""1.71e+07"":1,""1.74e+07"":1,""1.82e+07"":1,""1.86e+07"":1,""1.87e+07"":1,""1.93e+07"":1,""1.96e+07"":1,""2.01e+07"":1,""2.02e+07"":1,""2.03e+07"":1,""2.05e+07"":1,""2.08e+07"":1,""2.09e+07"":1,""2.12e+07"":1,""2.13e+07"":1,""2.19e+07"":1,""2.21e+07"":1,""6342862"":-1,""8113176"":1}"
manifestos_econ_ideology_589,1120006471,"During the next Parliament, we will again increase the share of national income for education.",Lab,2001,Left,"{""1.10e+07"":-1,""1.51e+07"":-1,""1.57e+07"":-1,""1.82e+07"":-1,""1.88e+07"":-1}"
manifestos_econ_ideology_590,1070014961,We have said that we will consider stabilising our CO2 emissions earlier than our existing conditional target of 2005.,Con,1992,Left,"{""2.07e+07"":-1}"
manifestos_econ_ideology_591,1080007791,We see the successful conclusion of the Uruguay round of the GATT world trade talks as an urgent priority.,LD,1992,Left,"{""1.10e+07"":-1}"
manifestos_econ_ideology_592,1070000561,"Back to the world's pity, or worse still, contempt.",Con,1992,Right,"{""1.40e+07"":1}"
manifestos_econ_ideology_593,1150002031,We will take further action in Europe to ensure that EU regulations are proportionate and better designed.,Lab,2005,Right,"{""2.05e+07"":1}"
manifestos_econ_ideology_594,1180005851,"To strengthen local accountability, we will increase the membership of Foundation Trusts to over three million by the end of the next Parliament.",Lab,2010,Left,"{""1.10e+07"":-1,""1.24e+07"":-1,""1.57e+07"":-1,""1.84e+07"":-1,""1054502"":-1,""313343"":-1,""8893451"":-1,""8968750"":1,""946983"":-1,""9958248"":-1}"
manifestos_econ_ideology_595,1130003031,"Powers currently exercised at a regional level covering planning, housing, transport and the fire service will all be returned to local authorities.",Con,2005,Right,"{""1.30e+07"":1,""1.40e+07"":1}"
manifestos_econ_ideology_596,1150005851,So our aim is an NHS free to all of us and personal to each of us.,Lab,2005,Left,"{""1.57e+07"":-1}"
manifestos_econ_ideology_597,10004491,Productivity and profitability have soared in the newly privatised companies.,Con,1987,Right,"{""1.18e+07"":1,""1.24e+07"":1,""1.32e+07"":1,""1.45e+07"":0,""1.52e+07"":1,""1.81e+07"":1,""1.98e+07"":1,""2.00e+07"":1,""2.05e+07"":1,""2.12e+07"":1,""2.13e+07"":1,""313343"":1,""5112203"":1,""6340793"":1,""8968750"":1,""946983"":1}"
manifestos_econ_ideology_598,1130004101,"Within the first month, our first Budget will cut wasteful government spending, stop Labour's third term tax rises and lower taxes.",Con,2005,Right,"{""1.30e+07"":1,""1.42e+07"":1,""1.52e+07"":1,""1.82e+07"":1,""1.88e+07"":1}"
manifestos_econ_ideology_599,1120004901,"As a major employer, our ambition is to improve the quality of work for our employees Ð helping recruitment and retention.",Lab,2001,Left,"{""1.10e+07"":-1,""1.93e+07"":-1}"
manifestos_econ_ideology_600,1080005801,"The Citizen's Income will be buttressed by a single benefit for those in need, unifying income support and family credit, with supplements for people with disabilities and for child-care support.",LD,1992,Left,"{""1.10e+07"":-1,""1.51e+07"":-1,""1.52e+07"":-1,""1.53e+07"":-1,""1.66e+07"":0,""1.86e+07"":-1,""1.93e+07"":-1,""2.08e+07"":-1,""2.09e+07"":-1,""2.12e+07"":-1}"
manifestos_econ_ideology_601,1140004261,"Giving new working parents more support has benefits for them, their babies, their employers and the economy.",LD,2005,Left,"{""1.30e+07"":-1,""1.42e+07"":-1,""1.52e+07"":-1,""1.82e+07"":-1,""2.01e+07"":-1}"
manifestos_econ_ideology_602,40000981,"Thanks to our success in controlling public spending, Britain is now Europe's low tax economy.",Con,1997,Right,"{""1.10e+07"":1,""1.14e+07"":1,""1.18e+07"":1,""1.24e+07"":1,""1.30e+07"":1,""1.40e+07"":1,""1.52e+07"":1,""1.53e+07"":1,""1.57e+07"":1,""1.60e+07"":1,""1.68e+07"":-1,""1.80e+07"":1,""1.82e+07"":1,""1.86e+07"":1,""1.93e+07"":1,""2.03e+07"":1,""2.09e+07"":1,""2.10e+07"":1,""2.12e+07"":1,""2.13e+07"":1,""2.20e+07"":1,""2092631"":0,""2361265"":1,""3393883"":1,""37796"":1,""5112203"":1,""8382218"":1,""8893451"":1,""9299392"":1,""9492762"":1}"
manifestos_econ_ideology_603,1180002421,The newly formed Infrastructure Planning Commission will - within a democratically determined framework - help streamline and speed up decision-making on major projects.,Lab,2010,Left,"{""1.63e+07"":-1}"
manifestos_econ_ideology_604,1150001521,The active welfare state created since 1997 is working.,Lab,2005,Left,"{""1.40e+07"":-1,""1.41e+07"":-1,""1.52e+07"":-1,""1.57e+07"":-1,""2.05e+07"":-1}"
manifestos_econ_ideology_605,1080007801,Global prosperity also requires the reversal of the net flow of resources from the global South.,LD,1992,Left,"{""1.10e+07"":-1}"
manifestos_econ_ideology_606,1110011681,The Liberal Democrats were the only party to propose independence for the Bank at the last election.,LD,2001,Right,"{""1.41e+07"":1,""1.53e+07"":1,""2.03e+07"":1}"
manifestos_econ_ideology_607,1160010531,We will pioneer a new system of conservation credits to protect habitats.,Con,2010,Left,"{""1.57e+07"":-1}"
manifestos_econ_ideology_608,1070016001,"To break up the Union now would diminish our influence for good in the world, just at the time when it is most needed.",Con,1992,Left,"{""1.10e+07"":-1}"
manifestos_econ_ideology_609,1160006161,"We will provide separate public health funding to local communities, which will be accountable for - and paid according to - how successful they are in improving their residents' health.",Con,2010,Left,"{""1.10e+07"":-1,""1.57e+07"":-1}"
manifestos_econ_ideology_610,60001491,Tony Blair.,Lab,1997,Right,"{""2.13e+07"":1}"
manifestos_econ_ideology_611,1080008211,"The Liberal Democrats approach is exactly the opposite: we aim to take power away from Westminster and Whitehall, giving new powers to stronger, more independent and more democratic local councils - elected by fair votes.",LD,1992,Left,"{""1.52e+07"":-1}"
manifestos_econ_ideology_612,1140004471,Green Action. Save energy and cut fuel bills.,LD,2005,Left,"{""1.10e+07"":-1,""1.30e+07"":-1}"
manifestos_econ_ideology_613,1170000601,"Instead, greed and self-interest have held sway over the government and parts of the economy in recent decades.",LD,2010,Left,"{""1.10e+07"":-1,""1.51e+07"":-1}"
manifestos_econ_ideology_614,40006161,In order to get better standards we are liberating services from centralised control over capital.,Con,1997,Right,"{""1.17e+07"":-1,""1.18e+07"":1,""1.21e+07"":1,""1.24e+07"":1,""1.25e+07"":1,""1.52e+07"":1,""1.75e+07"":1,""1.98e+07"":1,""2.00e+07"":1,""2.06e+07"":1,""2.08e+07"":1,""2.09e+07"":1,""2.11e+07"":1,""2.13e+07"":1,""2361265"":1,""37796"":1,""7918256"":1,""7995027"":1,""8893451"":1}"
manifestos_econ_ideology_615,1070011331,We have successfully pressed for an EC ban on the importation of baby seal products and of furs from those countries which permit leghold traps.,Con,1992,Left,"{""1.10e+07"":-1}"
manifestos_econ_ideology_616,1120007631,But it needs far-reaching reform to redesign its services around the needs of patients.,Lab,2001,Left,"{""1.30e+07"":-1}"
manifestos_econ_ideology_617,10008221,"And companies are left with little protection against huge rate rises levied by councils controlled by Labour, Liberals and Social Democrats, which drive them out of business and destroy jobs.",Con,1987,Right,"{""1.88e+07"":1,""1.89e+07"":1,""1.93e+07"":1,""1.98e+07"":1,""2.08e+07"":1,""2.10e+07"":0,""2.11e+07"":-1,""2.12e+07"":1,""2.13e+07"":1,""2361265"":1,""37796"":1,""4342571"":1,""5112203"":1,""8893451"":1}"
manifestos_econ_ideology_618,1180009211,We will promote the transfer of buildings and land to the ownership or control of voluntary and community groups.,Lab,2010,Right,"{""1.10e+07"":1,""1.40e+07"":1,""1.57e+07"":1,""1.88e+07"":1,""2.05e+07"":1}"
manifestos_econ_ideology_619,1100003091,Protect the savings and homes of those needing long term care.,Con,2001,Left,"{""1.10e+07"":-1,""1.68e+07"":-1,""1.93e+07"":-1}"
manifestos_econ_ideology_620,1110006341,Simplify but tighten rules governing cross-media ownership to ensure it is not concentrated in the hands of too few.,LD,2001,Left,"{""1.42e+07"":-1}"
manifestos_econ_ideology_621,1070004891,"Training and Enterprise Councils (and Local Enterprise Companies in Scotland) have developed a wide range of services for business and enterprise which assist over 150,000 small companies each year.",Con,1992,Right,"{""1.51e+07"":1,""1.52e+07"":1,""1.57e+07"":1,""1.66e+07"":1,""1.87e+07"":1}"
manifestos_econ_ideology_622,1180002791,There should be a higher threshold of support - two-thirds of shareholders - for securing a change of ownership and the case for limiting votes to those on the register before the bid should be examined.,Lab,2010,Right,"{""1.10e+07"":1,""1.52e+07"":1,""1.63e+07"":1}"
manifestos_econ_ideology_623,1120006451,"Over this Parliament, we have increased it from 4.7 per cent to 5 per cent Ð £540 extra per pupil in real terms - and we are pledged to raise it to 5.3 per cent by 2003- 04.",Lab,2001,Left,"{""1.30e+07"":-1,""1.41e+07"":-1,""1.68e+07"":-1}"
manifestos_econ_ideology_624,1170004721,Address unfairness in water charges by consulting on the implementation of the Walker Review which recommended action to deal with regional unfairness in water charges.,LD,2010,Left,"{""1.63e+07"":-1,""1.82e+07"":-1}"
manifestos_econ_ideology_625,30001811,We will begin to reduce them with the purpose of securing their eventual abolition.,Lab,1987,Left,"{""1.75e+07"":-1,""1.88e+07"":-1,""1.98e+07"":-1,""2.00e+07"":-1,""2.11e+07"":-1,""2.13e+07"":-1,""8968750"":-1,""9703593"":-1}"
manifestos_econ_ideology_626,1120003871,But recent crises have proved the need for urgent investment and strong regulation.,Lab,2001,Left,"{""1.10e+07"":-1,""1.45e+07"":-1,""1.68e+07"":-1,""1.93e+07"":-1,""6355305"":-1}"
manifestos_econ_ideology_627,1160010921,We are a global trading nation and home to the world's pre-eminent language.,Con,2010,Right,"{""1.57e+07"":1}"
manifestos_econ_ideology_628,1150008001,We are working with the GLA and the Mayor to bring down the cost of childcare in London.,Lab,2005,Left,"{""1.10e+07"":-1,""1.82e+07"":-1}"
manifestos_econ_ideology_629,1090000831,Action for skills and schools. 6. We will restore last year's training cuts which caused so much damage to training for young people and the unemployed.,Lab,1992,Left,"{""1.10e+07"":-1}"
manifestos_econ_ideology_630,1150000321,"Not just because I have studied the statistics, but because I have seen it with my own eyes, across the length and breadth of the United Kingdom.",Lab,2005,Right,"{""1.41e+07"":1}"
manifestos_econ_ideology_631,1070004281,We will bring private sector enterprise into the public services by encouraging contracting out and competitive tendering throughout government.,Con,1992,Right,"{""1.40e+07"":1,""1.52e+07"":1,""1.57e+07"":1,""1.66e+07"":1,""1.93e+07"":1}"
manifestos_econ_ideology_632,1080002571,"We will set a target as a total of private- and public-sector savings, and adjust fiscal policy to achieve the target over the medium term.",LD,1992,Right,"{""1.10e+07"":1,""1.24e+07"":1,""1.30e+07"":1,""1.40e+07"":1,""1.52e+07"":1,""1.63e+07"":1,""1.87e+07"":0,""1.95e+07"":1,""6340562"":1}"
manifestos_econ_ideology_633,1110000851,The NHS should not just be a National Sickness Service.,LD,2001,Left,"{""1.10e+07"":-1}"
manifestos_econ_ideology_634,1120004151,Smarter driving will be encouraged by new highway communications technology.,Lab,2001,Right,"{""2.03e+07"":1}"
manifestos_econ_ideology_635,1110011661,"Anyone earning less than £25,000 would pay less tax - even allowing for our 1p on education.",LD,2001,Right,"{""1.10e+07"":1,""1.30e+07"":1,""1.51e+07"":1,""1.53e+07"":1}"
manifestos_econ_ideology_636,1070012061,These will either be sold or let on short term leases to those in housing need.,Con,1992,Left,"{""1.41e+07"":-1,""1.51e+07"":-1,""1.57e+07"":-1}"
manifestos_econ_ideology_637,1160010221,Labour's just-in-time approach to energy supply has left us badly exposed to events outside our control.,Con,2010,Right,"{""1.52e+07"":1}"
manifestos_econ_ideology_638,20004851,HOUSING BENEFIT. We will not impose a 20% rates charge on those with very low incomes as the Conservatives plan to do from April 1988.,LD,1987,Left,"{""1.10e+07"":-1,""1.17e+07"":1,""1.32e+07"":-1,""1.33e+07"":-1,""1.40e+07"":-1,""1.42e+07"":-1,""1.45e+07"":-1,""1.51e+07"":1,""1.52e+07"":-1,""1.53e+07"":-1,""1.57e+07"":-1,""1.66e+07"":1,""1.68e+07"":-1,""1.75e+07"":-1,""1.82e+07"":-1,""1.83e+07"":-1,""1.84e+07"":-1,""1.87e+07"":-1,""1.88e+07"":-1,""1.93e+07"":-1,""1.98e+07"":-1,""2.00e+07"":-1,""2.01e+07"":-1,""2.02e+07"":-1,""2.04e+07"":-1,""2.06e+07"":-1,""2.08e+07"":-1,""2.09e+07"":-1,""2.10e+07"":-1,""2.11e+07"":-1,""2.13e+07"":-1,""2.14e+07"":-1,""2.19e+07"":-1,""45190"":-1,""4652872"":-1,""4680678"":-1,""5112203"":-1,""5172864"":-1,""5643547"":-1,""8382218"":1,""8893451"":1,""8968750"":-1,""946983"":-1}"
manifestos_econ_ideology_639,1120013571,"Year on year, local authorities and their staff will now work to achieve improvement in services, matching themselves against the best.",Lab,2001,Right,"{""1.57e+07"":1}"
manifestos_econ_ideology_640,1080005391,"We will retain the right of council tenants to opt for a change of landlord, but only after a fair ballot.",LD,1992,Left,"{""1.10e+07"":-1,""1.40e+07"":-1,""1.52e+07"":-1}"
manifestos_econ_ideology_641,1100006581,The numerous overlapping regulatory authorities in the communications industries urgently need rationalising.,Con,2001,Right,"{""1.57e+07"":1,""1.95e+07"":1,""2.05e+07"":1}"
manifestos_econ_ideology_642,1120004941,The causes of disparities within and between regions must be addressed.,Lab,2001,Left,"{""1.10e+07"":-1,""2.03e+07"":-1}"
manifestos_econ_ideology_643,1180001521,"The Tories argue that public spending should be cut immediately, but this position is out of step with every other G20 government, right or left.",Lab,2010,Left,"{""1.10e+07"":-1,""1.40e+07"":-1,""1.57e+07"":-1}"
manifestos_econ_ideology_644,10002031,We will reintroduce our proposed tax incentives for profit-related pay.,Con,1987,Right,"{""1.06e+07"":1,""1.10e+07"":-1,""1.13e+07"":1,""1.24e+07"":1,""1.30e+07"":1,""1.34e+07"":1,""1.40e+07"":1,""1.42e+07"":1,""1.45e+07"":1,""1.49e+07"":1,""1.51e+07"":1,""1.52e+07"":1,""1.57e+07"":1,""1.58e+07"":1,""1.63e+07"":1,""1.68e+07"":1,""1.75e+07"":1,""1.81e+07"":1,""1.82e+07"":1,""1.88e+07"":1,""1.90e+07"":-1,""1.93e+07"":1,""1.95e+07"":-1,""1.98e+07"":1,""1837834"":1,""2.02e+07"":1,""2.04e+07"":1,""2.06e+07"":1,""2.11e+07"":1,""2.12e+07"":1,""2.13e+07"":1,""2.14e+07"":1,""2.18e+07"":1,""2361265"":1,""4660484"":1,""5270743"":1,""5536796"":1,""5537363"":1,""6108007"":-1,""6363491"":1,""6376956"":1,""6444018"":-1,""6622539"":-1,""7321782"":1,""7801795"":-1,""8382218"":1,""8836799"":-1,""8893451"":1}"
manifestos_econ_ideology_645,20006141,the power to license coal mines would be transferred from British Coal to the Department of Energy to prevent abuse of monopoly,LD,1987,Left,"{""1.86e+07"":-1,""1054502"":-1,""2.02e+07"":-1,""2.09e+07"":-1,""2.11e+07"":-1,""2.12e+07"":-1,""3307853"":-1,""5112203"":-1,""5983773"":-1,""6161328"":-1,""946983"":-1,""9666339"":0}"
manifestos_econ_ideology_646,1090006441,"Labour will establish a separate Department of State for International development, whose Minister will be in the Cabinet.",Lab,1992,Left,"{""1.10e+07"":-1}"
manifestos_econ_ideology_647,1090003391,"National Awards, similar to the Queen's Award for Industry, will encourage excellence in schools.",Lab,1992,Right,"{""1.51e+07"":1}"
manifestos_econ_ideology_648,1180008721,We will continue our investment in free swimming for children and the over-60s.,Lab,2010,Left,"{""1.10e+07"":-1,""1.40e+07"":-1,""1.57e+07"":-1}"
manifestos_econ_ideology_649,1160003551,"and, reform Air Passenger Duty to encourage a switch to fuller and cleaner planes.",Con,2010,Left,"{""1.30e+07"":-1}"
manifestos_econ_ideology_650,1160001851,"This jobs tax, which will hit small businesses especially hard, will kill off the recovery.",Con,2010,Right,"{""1.13e+07"":1,""1.87e+07"":1,""2.13e+07"":1,""2.19e+07"":1,""2.21e+07"":1}"
manifestos_econ_ideology_651,1180010751,Faith in our political institutions was seriously eroded by the abuses of the expenses system.,Lab,2010,Left,"{""1.10e+07"":-1}"
manifestos_econ_ideology_652,1070013031,"As its performance continues to improve, we expect to see growing private sector interest in purchasing it outright.",Con,1992,Right,"{""1.45e+07"":1,""1.52e+07"":1,""1.68e+07"":1,""1.93e+07"":1}"
manifestos_econ_ideology_653,1160003431,"These regional imbalances have got worse over the last decade, despite billions of pounds spent by the Regional Development Agencies (RDAs).",Con,2010,Right,"{""1.10e+07"":1,""1.82e+07"":1,""1.95e+07"":1}"
manifestos_econ_ideology_654,40006561,We will transfer Parcelforce to the private sector whilst ensuring that every Post Office in the land continues to provide a full parcel service at an economical price.,Con,1997,Right,"{""1.10e+07"":1,""1.16e+07"":1,""1.30e+07"":1,""1.32e+07"":1,""1.40e+07"":1,""1.41e+07"":0,""1.42e+07"":1,""1.51e+07"":1,""1.52e+07"":1,""1.53e+07"":1,""1.57e+07"":1,""1.66e+07"":1,""1.68e+07"":1,""1.85e+07"":1,""1.87e+07"":1,""1.98e+07"":1,""2.00e+07"":1,""2.06e+07"":1,""2.08e+07"":1,""2.09e+07"":1,""2.11e+07"":-1,""2.13e+07"":1,""2.14e+07"":1,""2.17e+07"":1,""2.20e+07"":-1,""4680678"":1,""4917076"":1,""5112203"":1,""6355305"":1,""6772245"":1,""8382218"":1,""8836799"":1,""8968750"":1,""946983"":-1,""9703593"":1}"
manifestos_econ_ideology_655,50002951,"We will: Encourage the manufacture of products that are easier to repair, reuse or recycle.",LD,1997,Left,"{""1.25e+07"":-1,""1.47e+07"":-1,""1.53e+07"":-1,""1.84e+07"":0,""1.86e+07"":-1,""1.89e+07"":-1,""2.11e+07"":-1,""2.13e+07"":-1,""5112203"":-1,""5983773"":-1,""8968750"":-1}"
manifestos_econ_ideology_656,1070005731,In 1981 we introduced private competition for deliveries costing over £1.,Con,1992,Right,"{""1.13e+07"":1,""1.40e+07"":1,""1.52e+07"":1,""1.57e+07"":1,""5647650"":1}"
manifestos_econ_ideology_657,1110000221,The state must provide these basic public services to allow all its citizens to achieve their full potential.,LD,2001,Left,"{""1.10e+07"":-1,""1.91e+07"":-1,""2.05e+07"":-1}"
manifestos_econ_ideology_658,40006461,"We will ensure private ownership, competition and regulation continue to deliver lower prices and better services for consumers.",Con,1997,Right,"{""1.10e+07"":1,""1.11e+07"":1,""1.18e+07"":1,""1.24e+07"":1,""1.30e+07"":1,""1.40e+07"":1,""1.41e+07"":1,""1.42e+07"":1,""1.45e+07"":1,""1.51e+07"":1,""1.52e+07"":1,""1.53e+07"":1,""1.57e+07"":1,""1.63e+07"":1,""1.66e+07"":1,""1.68e+07"":1,""1.74e+07"":1,""1.76e+07"":-1,""1.81e+07"":1,""1.84e+07"":-1,""1.85e+07"":1,""1.88e+07"":1,""1.93e+07"":1,""1.98e+07"":1,""2.00e+07"":1,""2.01e+07"":1,""2.03e+07"":1,""2.04e+07"":-1,""2.05e+07"":1,""2.06e+07"":1,""2.07e+07"":1,""2.08e+07"":1,""2.09e+07"":1,""2.10e+07"":1,""2.11e+07"":1,""2.12e+07"":1,""2.13e+07"":1,""2.16e+07"":1,""2.21e+07"":1,""2793302"":1,""37796"":1,""38397"":1,""7634905"":-1,""8836799"":1,""8893451"":1}"
manifestos_econ_ideology_659,40002811,These savings should not be penalised by the tax system.,Con,1997,Right,"{""1.10e+07"":-1,""1.11e+07"":1,""1.30e+07"":1,""1.38e+07"":1,""1.39e+07"":1,""1.40e+07"":1,""1.51e+07"":1,""1.52e+07"":1,""1.53e+07"":1,""1.57e+07"":1,""1.68e+07"":0,""1.81e+07"":1,""1.83e+07"":-1,""1.84e+07"":1,""1.86e+07"":1,""1.87e+07"":0,""1.93e+07"":1,""1.94e+07"":1,""1.95e+07"":1,""1.96e+07"":1,""1.98e+07"":1,""1.99e+07"":0,""153565"":1,""2.01e+07"":-1,""2.03e+07"":1,""2.04e+07"":1,""2.05e+07"":1,""2.06e+07"":1,""2.09e+07"":-1,""2.10e+07"":1,""2.11e+07"":1,""2.12e+07"":1,""2.13e+07"":1,""2.20e+07"":1,""4073093"":1,""6340562"":0,""6340793"":1,""7604015"":1,""8893451"":1}"
manifestos_econ_ideology_660,1090003161,"Our Ministry for Women will have central role in helping to develop a nationwide childcare strategy, including out-of-school and holiday provision as well as care for younger children.",Lab,1992,Left,"{""1.45e+07"":-1}"
manifestos_econ_ideology_661,1070012531,"Rather than large, intrusive stations at long intervals we should see smaller, more frequent service areas providing a much wider range of facilities.",Con,1992,Right,"{""1.42e+07"":1}"
manifestos_econ_ideology_662,1090004891,Our Department of Food and Farming will offer British farmers and consumers a better deal.,Lab,1992,Left,"{""1.51e+07"":-1}"
manifestos_econ_ideology_663,1120003881,"With Labour, £60 billion will be spent on upgrading the rail network, with the majority of rolling stock replaced.",Lab,2001,Left,"{""1.10e+07"":-1,""1.16e+07"":-1,""1.57e+07"":-1}"
manifestos_econ_ideology_664,1100002581,"We still have first class doctors and nurses, and many of our hospitals have international reputations for excellence.",Con,2001,Right,"{""1.57e+07"":1}"
manifestos_econ_ideology_665,1070016631,We will continue to offer generous funding for Housing for Wales and concentrate our efforts on the special needs of rural Wales.,Con,1992,Left,"{""1.10e+07"":-1,""1.30e+07"":-1,""1.68e+07"":-1}"
manifestos_econ_ideology_666,1120016781,22 Work for the re-start of world trade talks,Lab,2001,Right,"{""1.43e+07"":1}"
manifestos_econ_ideology_667,1080006171,"We will introduce Housing Cost Relief, weighted towards those in need and available to house buyers and renters.",LD,1992,Left,"{""1.10e+07"":-1,""1.52e+07"":-1,""1.68e+07"":-1}"
manifestos_econ_ideology_668,1090006211,We will stop sales to countries which might use them for internal repression or international aggression.,Lab,1992,Left,"{""1.53e+07"":1,""1.74e+07"":-1,""2.08e+07"":-1,""2.09e+07"":-1,""2.13e+07"":-1}"
manifestos_econ_ideology_669,1110004531,As part of our policies for reducing pollution and congestion we will introduce legislation to ensure that there are stronger targets for local authorities to reduce road traffic.,LD,2001,Left,"{""1.30e+07"":-1,""1.42e+07"":-1}"
manifestos_econ_ideology_670,1160010741,Government should take the lead by procuring more sustainably.,Con,2010,Left,"{""1.51e+07"":-1}"
manifestos_econ_ideology_671,1110001481,"Clean Air. We will tackle the air pollution responsible for respiratory problems like asthma by introducing incentives for people to switch to less polluting vehicles, reducing reliance on cars by increasing the use of public transport, and tackling industrial pollution.",LD,2001,Left,"{""1.30e+07"":-1}"
manifestos_econ_ideology_672,10001831,"We achieved this historic transformation in three ways: First, we introduced major tax incentives for employee share-ownership.",Con,1987,Right,"{""1.10e+07"":-1,""1.11e+07"":1,""1.16e+07"":1,""1.17e+07"":1,""1.30e+07"":1,""1.40e+07"":1,""1.45e+07"":1,""1.47e+07"":1,""1.49e+07"":1,""1.51e+07"":1,""1.52e+07"":1,""1.53e+07"":1,""1.57e+07"":-1,""1.58e+07"":-1,""1.66e+07"":1,""1.68e+07"":1,""1.74e+07"":1,""1.80e+07"":1,""1.81e+07"":1,""1.86e+07"":-1,""1.88e+07"":1,""1.93e+07"":1,""1.97e+07"":1,""1.98e+07"":1,""2.00e+07"":1,""2.01e+07"":1,""2.03e+07"":1,""2.04e+07"":-1,""2.06e+07"":-1,""2.07e+07"":1,""2.08e+07"":1,""2.09e+07"":-1,""2.10e+07"":1,""2.11e+07"":1,""2.12e+07"":-1,""2.13e+07"":-1,""2.14e+07"":1,""3307853"":1,""4174314"":1,""5013710"":1,""7424964"":1,""8382218"":1,""9280918"":-1,""9458742"":-1,""9695483"":1}"
manifestos_econ_ideology_673,1130000261,save to buy their first home,Con,2005,Right,"{""1.57e+07"":1,""1.63e+07"":1,""1.82e+07"":1,""1.93e+07"":1}"
manifestos_econ_ideology_674,1070004311,"We will ensure that unfair terms are excluded and will discourage investment to protect in-house services when better, more cost effective services are available through the private sector.",Con,1992,Right,"{""1.13e+07"":1,""1.41e+07"":1,""1.51e+07"":1,""1.57e+07"":1,""1.68e+07"":1}"
manifestos_econ_ideology_675,60010141,Britain has a real opportunity to provide leadership to the Commonwealth when we host the heads of government meeting in Britain at the end of 1997.,Lab,1997,Left,"{""2.13e+07"":-1}"
manifestos_econ_ideology_676,1150010411,"Digital switchover. The success of satelite and cable television in driving take-up of digital shows how changes in technology bring real benefits - in terms of greater choice, and increasingly, in access to services.",Lab,2005,Right,"{""1.57e+07"":1}"
manifestos_econ_ideology_677,40006581,We will therefore continue to pass government activities into private ownership where this can bring benefits to consumers and taxpayers.,Con,1997,Right,"{""1.10e+07"":1,""1.11e+07"":1,""1.23e+07"":1,""1.24e+07"":1,""1.26e+07"":1,""1.27e+07"":1,""1.30e+07"":1,""1.41e+07"":1,""1.42e+07"":1,""1.45e+07"":1,""1.52e+07"":1,""1.57e+07"":1,""1.68e+07"":1,""1.88e+07"":1,""1.93e+07"":1,""1131056"":1,""2.05e+07"":1,""2.20e+07"":1,""2.21e+07"":1,""2092631"":1,""2361265"":1,""37796"":1,""4342571"":1,""4652872"":-1,""4661297"":1,""5112203"":1,""6342862"":1,""7591372"":1,""7954010"":1,""8594212"":1,""8836799"":-1,""8893451"":1,""8968750"":1,""9888671"":1}"
manifestos_econ_ideology_678,1150007131,The new Labour case. By 2020 there will be more people over the age of 80 than under the age of five.,Lab,2005,Left,"{""1.40e+07"":-1}"
manifestos_econ_ideology_679,1080003821,We will introduce strict standards of life expectancy for consumer durables and encourage deposit-refund schemes.,LD,1992,Right,"{""1.51e+07"":1}"
manifestos_econ_ideology_680,1180002031,"But if we make the right decisions as a country in the coming years - through a new industrial policy, stronger infrastructure and a renewed partnership between business and government - we can be leaders in the emerging industries of the future.",Lab,2010,Right,"{""1.40e+07"":1,""1.57e+07"":1,""1.82e+07"":1}"
manifestos_econ_ideology_681,1100005831,"We have put forward practical policies to speed up the eradication of the disease,give real help to businesses hit by the crisis and to ease the suffering of animals.",Con,2001,Left,"{""1.57e+07"":-1}"
manifestos_econ_ideology_682,1080007741,We will provide technical help to develop methods of resource accounting and environmental and ensure that measures of sustainability are incorporated in decisions on development projects and programmes.,LD,1992,Left,"{""1.51e+07"":-1}"
manifestos_econ_ideology_683,60004681,Raise spending in real terms every year - and spend the money on patients not bureaucracy Labour created the NHS 50 years ago.,Lab,1997,Left,"{""1.19e+07"":-1,""1.53e+07"":-1,""1.71e+07"":-1,""1.74e+07"":-1,""1.86e+07"":-1,""1.98e+07"":-1,""1054502"":-1,""2.00e+07"":0,""2.08e+07"":1,""2.09e+07"":-1,""2.10e+07"":1,""2.13e+07"":-1,""5270743"":-1}"
manifestos_econ_ideology_684,1090004951,We reject Conservative plans to privatise British Rail.,Lab,1992,Left,"{""1.51e+07"":-1,""1.57e+07"":-1,""1.68e+07"":-1,""1.93e+07"":-1}"
manifestos_econ_ideology_685,1130001071,A Conservative Government will end the elaboration or ‘goldplating' of EU directives.,Con,2005,Right,"{""1.57e+07"":1}"
manifestos_econ_ideology_686,1150007311,"We have begun to lay the foundations for the pensions system of tomorrow, for example, by: introducing the State Second Pension to ensure carers, low earners and disabled people have a chance to build up a decent pension for the first time",Lab,2005,Left,"{""1.10e+07"":-1,""1.40e+07"":-1,""1.57e+07"":-1,""1.82e+07"":-1,""1.93e+07"":-1}"
manifestos_econ_ideology_687,1100006651,The regulator will require the BBC to make the most of its assets for the benefit of the licence fee payer but to rein in any expansion plans which are hostile to competition.,Con,2001,Right,"{""1.95e+07"":1,""6355305"":1}"
manifestos_econ_ideology_688,1140004101,"These principles of fairness and opportunity are close to the hearts of the British people, and are values held deeply by Liberal Democrats.",LD,2005,Left,"{""1.13e+07"":-1,""1.30e+07"":-1,""1.52e+07"":-1,""1.82e+07"":-1,""1.95e+07"":-1}"
manifestos_econ_ideology_689,1110010041,Improve Westminster' scrutiny of European legislation and of the activities of UK ministers attending the Council of Ministers.,LD,2001,Left,"{""1.10e+07"":-1}"
manifestos_econ_ideology_690,40001651,Reducing the Burden on Companies. Jobs depend on British firms winning orders: the difference between success or failure can be wafer-thin.,Con,1997,Right,"{""1.45e+07"":1,""1.49e+07"":1,""1.53e+07"":1,""1.80e+07"":1,""1.98e+07"":1,""2.01e+07"":1,""2.06e+07"":1,""2.10e+07"":1,""2.13e+07"":1,""2.14e+07"":1,""5280406"":0,""7918256"":1,""7954010"":1,""8382218"":1,""8968750"":1,""946983"":1}"
manifestos_econ_ideology_691,1180012821,"and for the IMF to focus on financial stability, with both becoming more inclusive.",Lab,2010,Left,"{""1.10e+07"":-1,""1.53e+07"":-1}"
manifestos_econ_ideology_692,1080001631,"We are committed to a free market, to free trade and to the creation of a competitive and enterprising economy.",LD,1992,Right,"{""1.10e+07"":1,""1.40e+07"":1,""1.52e+07"":1,""1.87e+07"":1,""1.93e+07"":1}"
manifestos_econ_ideology_693,1070000191,Who will let you build up your own stake in Britain's success - and pass it on to your children?,Con,1992,Right,"{""1.88e+07"":1,""1.93e+07"":1,""2.05e+07"":1}"
manifestos_econ_ideology_694,1090001391,This measure will benefit seven million families and is worth £127.40 a year to a family with two children.,Lab,1992,Left,"{""1.10e+07"":-1,""1.41e+07"":-1,""1.52e+07"":-1}"
manifestos_econ_ideology_695,50005661,We will reform the way political parties are funded and limit the amount they can spend on national election campaigns.,LD,1997,Left,"{""2.05e+07"":-1,""2.06e+07"":-1,""2.08e+07"":1,""2.09e+07"":-1,""2.13e+07"":-1,""5993386"":-1}"
manifestos_econ_ideology_696,1170002991,We will invest £2.5 billion in this 'Pupil Premium' to boost education opportunities for every child.,LD,2010,Left,"{""1.10e+07"":-1,""1.51e+07"":-1,""1.57e+07"":-1}"
manifestos_econ_ideology_697,10001161,We are determined to make it larger still.,Con,1987,Right,"{""1.14e+07"":0,""1.24e+07"":1,""1.52e+07"":1,""2.06e+07"":1,""2.11e+07"":1,""2.13e+07"":1,""313343"":1}"
manifestos_econ_ideology_698,1120005031,"The Conservatives are so obsessed with the market and so out of touch with what goes on beyond Westminster that they even want to scrap RDAs - and with them the vital jobs, inward investment and prosperity that they bring.",Lab,2001,Left,"{""1.10e+07"":-1,""1.30e+07"":-1,""1.68e+07"":-1,""1.93e+07"":-1,""2.03e+07"":-1}"
manifestos_econ_ideology_699,40006891,We will complete the successful transfer of British Rail into the commercial sector.,Con,1997,Right,"{""1.19e+07"":1,""1.34e+07"":1,""1.58e+07"":1,""1.75e+07"":1,""1.81e+07"":1,""1.87e+07"":1,""2.00e+07"":1,""2.06e+07"":1,""2.08e+07"":1,""2.11e+07"":1,""2.13e+07"":1,""2.14e+07"":1,""3280015"":1,""6591328"":1,""7918256"":1,""7954010"":1,""7995027"":1}"
manifestos_econ_ideology_700,40006431,"Privatisation has benefitted - and will continue to benefit - consumers, shareholders, employees, and taxpayers.",Con,1997,Right,"{""1.17e+07"":1,""1.25e+07"":1,""1.26e+07"":1,""1.52e+07"":1,""1.54e+07"":1,""1.68e+07"":1,""1.75e+07"":1,""1.88e+07"":1,""1.98e+07"":1,""2.00e+07"":1,""2.04e+07"":-1,""2.06e+07"":1,""2.11e+07"":1,""2.13e+07"":1,""2.14e+07"":1,""2361265"":1,""2793302"":1,""2849677"":1,""37796"":1,""7918256"":1,""7995027"":1,""8382218"":1,""8893451"":1}"
manifestos_econ_ideology_701,1070001011,Our Influence for Good. All over the world countries are turning to democracy and free markets.,Con,1992,Right,"{""2.20e+07"":1}"
manifestos_econ_ideology_702,10008441,"For the sake of those living in our inner cities we must remove the barriers against private investment, jobs and prosperity which such councils have erected.",Con,1987,Right,"{""1.10e+07"":1,""1.19e+07"":1,""1.24e+07"":1,""1.36e+07"":1,""1.40e+07"":1,""1.41e+07"":1,""1.42e+07"":1,""1.47e+07"":1,""1.51e+07"":1,""1.52e+07"":1,""1.57e+07"":1,""1.68e+07"":1,""1.75e+07"":1,""1.82e+07"":1,""1.83e+07"":1,""1.85e+07"":1,""1.87e+07"":1,""1.89e+07"":1,""1.93e+07"":1,""1.94e+07"":1,""1.98e+07"":1,""2.01e+07"":1,""2.02e+07"":1,""2.04e+07"":1,""2.05e+07"":1,""2.09e+07"":1,""2.11e+07"":1,""2.13e+07"":-1,""2.14e+07"":1,""2.20e+07"":1,""2.21e+07"":-1,""3307853"":1,""5112203"":1,""5270743"":-1,""5537363"":1,""5983773"":1,""7918256"":-1,""7995027"":1,""8450718"":1,""874567"":1,""8902985"":1,""8968750"":1,""9054964"":0,""946983"":1,""9702218"":1}"
manifestos_econ_ideology_703,1120008541,Millions make their living out of their creativity.,Lab,2001,Left,"{""1.10e+07"":-1,""1.30e+07"":-1,""1.53e+07"":-1}"
manifestos_econ_ideology_704,20002911,For the long-term unemployed we will provide a guarantee of a job through:  ,LD,1987,Left,"{""1.01e+07"":-1,""1.18e+07"":-1,""1.20e+07"":-1,""1.24e+07"":-1,""1.45e+07"":1,""1.52e+07"":-1,""1.81e+07"":-1,""1.83e+07"":-1,""1.98e+07"":-1,""2.00e+07"":-1,""2.11e+07"":-1,""2.12e+07"":-1,""2.13e+07"":-1,""5112203"":-1,""714020"":-1,""8968750"":-1}"
manifestos_econ_ideology_705,1180004981,"All children safe and thriving. Living in a family on a low income, having special educational needs or disabilities, and being in care all remain strongly linked to children failing to achieve.",Lab,2010,Left,"{""1.10e+07"":-1}"
manifestos_econ_ideology_706,1120013171,"We now need to reduce the barriers - to services, opportunities, institutions - that still hold people back.",Lab,2001,Right,"{""1.57e+07"":1}"
manifestos_econ_ideology_707,1170001891,"We would establish a clear separation between low-risk retail banking and high-risk investment banking, and encourage the development of local and regional banks.",LD,2010,Right,"{""1.51e+07"":1,""1.52e+07"":1,""1.57e+07"":1}"
manifestos_econ_ideology_708,1110011751,We also want to support green technology and new environmental industries.,LD,2001,Left,"{""1.10e+07"":-1,""1.42e+07"":-1,""1.52e+07"":-1,""1.57e+07"":-1}"
manifestos_econ_ideology_709,1180003751,"Better housing. This Government has led the way in making sure that British homes are greener homes through our world-leading commitment to all new homes being zero carbon by 2016 and the construction of new eco-towns, which will have the highest standards of green living yet seen in Britain.",Lab,2010,Left,"{""1.10e+07"":-1,""1.52e+07"":-1,""1.57e+07"":-1}"
manifestos_econ_ideology_710,1140005771,"So it is time Britain lived up to its promises, to build the sustainable development to end such poverty once and for all.",LD,2005,Left,"{""1.42e+07"":-1,""1.82e+07"":-1,""2.00e+07"":-1}"
manifestos_econ_ideology_711,10009711,"Britain has led the way in establishing a genuine common market, with more trade and services moving freely across national boundaries.",Con,1987,Right,"{""1.24e+07"":1,""1.45e+07"":1,""1.47e+07"":1,""1.81e+07"":1,""1.93e+07"":1,""2.01e+07"":1,""2.03e+07"":1,""2.08e+07"":0,""2.09e+07"":1,""2.10e+07"":0,""2.11e+07"":0,""2.13e+07"":1,""313343"":1,""5112203"":1,""8968750"":1}"
manifestos_econ_ideology_712,1120011061,We have halved the rate of tax they pay on savings income.,Lab,2001,Right,"{""1.30e+07"":1,""1.42e+07"":1,""1.68e+07"":1,""1.93e+07"":1,""1.95e+07"":1}"
manifestos_econ_ideology_713,1160003071,We will create an independent Office of Tax Simplification to suggest reforms to the tax system.,Con,2010,Right,"{""1.42e+07"":1,""1.47e+07"":1,""1.52e+07"":1,""1.57e+07"":1,""1.93e+07"":1}"
manifestos_econ_ideology_714,1180004441,"We have invested heavily in the professionalism and expertise of the workforce, and will build on this success with a new right for every teacher to continuous professional development",Lab,2010,Left,"{""1.10e+07"":-1}"
manifestos_econ_ideology_715,1090000611,"From day one, the new government must start to get Britain working again.",Lab,1992,Left,"{""1.10e+07"":-1,""1.52e+07"":-1}"
manifestos_econ_ideology_716,1110006771,"We would give priority to research on climate change mitigation and cleaner production and consumption techniques, and set up an Academy of British Invention.",LD,2001,Left,"{""1.42e+07"":-1,""1.57e+07"":-1}"
manifestos_econ_ideology_717,1070015131,"Fourteen years ago, a Royal Commission recommended the creation of a National Lottery in Britain to provide extra money for deserving causes.",Con,1992,Left,"{""1.47e+07"":-1}"
manifestos_econ_ideology_718,1180003041,"A modern welfare state for all. We will build a personalised welfare system that offers protection for all those who need it, increases people's control over their own lives, and is clear about the responsibilities owed to others.",Lab,2010,Left,"{""1.10e+07"":-1,""1.52e+07"":-1,""1.57e+07"":-1,""1.82e+07"":-1}"
manifestos_econ_ideology_719,1110005561,"To guarantee that pensioners do not fall behind the rest of the population, the Authority will report annually to the Government on an appropriate uprating for the state pension.",LD,2001,Left,"{""1.10e+07"":-1,""1.18e+07"":-1,""1.30e+07"":-1,""1.82e+07"":-1,""2.03e+07"":-1}"
manifestos_econ_ideology_720,1130003581,Britain's farmers operate to some of the highest animal welfare standards in the world and help to preserve the countryside for all of us to enjoy.,Con,2005,Right,"{""1.63e+07"":1}"
manifestos_econ_ideology_721,40006541,The Royal Mail must face up to the challenges and opportunities that are arising from increasing competition and the international liberalisation of services.,Con,1997,Right,"{""1.51e+07"":-1,""1.81e+07"":1,""1.87e+07"":1,""1.89e+07"":1,""2.06e+07"":1,""2.07e+07"":1,""2.12e+07"":1,""2.13e+07"":1,""2169344"":1,""2361265"":1,""6066983"":1,""7918256"":-1,""7995027"":1}"
manifestos_econ_ideology_722,1070010531,We will continue to simplify social security forms wherever possible.,Con,1992,Left,"{""1.40e+07"":-1,""1.82e+07"":-1}"
manifestos_econ_ideology_723,1110001161,Improving Quality. Patients should have a right to a high-quality NHS.,LD,2001,Left,"{""1.45e+07"":-1}"
manifestos_econ_ideology_724,1090002351,We will end the scandal of poverty pay and bring Britain into line with the rest of Europe by introducing a statutory minimum wage of £3.4O an hour.,Lab,1992,Left,"{""1.10e+07"":-1,""1.42e+07"":-1,""1.53e+07"":-1,""1.71e+07"":-1,""1.74e+07"":-1,""1.86e+07"":-1,""1.93e+07"":-1,""1.95e+07"":0,""1.98e+07"":-1,""2.05e+07"":-1,""2.08e+07"":-1,""2.09e+07"":-1,""2.11e+07"":1,""2.12e+07"":-1,""886"":-1}"
manifestos_econ_ideology_725,1180010271,"We have championed the increasing desire of many to grow their own food, encouraging local authorities to provide more allotments and getting kids to learn about growing food in school.",Lab,2010,Left,"{""1.40e+07"":-1}"
manifestos_econ_ideology_726,1110005361,Tackle child poverty with extra money for families on long-term income support.  ,LD,2001,Left,"{""1.10e+07"":-1,""1.30e+07"":-1,""1.42e+07"":-1,""6355305"":-1}"
manifestos_econ_ideology_727,1090000281,Our undertakings to stop the perpetual experiments in schools and to raise standards of investment and achievement in education will be kept in full.,Lab,1992,Right,"{""2.05e+07"":1}"
manifestos_econ_ideology_728,1070005811,We will provide improved scope for contractors to carry mail to final delivery offices.,Con,1992,Right,"{""1.40e+07"":1,""1.52e+07"":1,""1.68e+07"":1,""1.87e+07"":1}"
manifestos_econ_ideology_729,10005051,We will develop it further along these lines.,Con,1987,Right,"{""1.32e+07"":1,""1.45e+07"":1,""1.52e+07"":1,""2.00e+07"":1,""2.13e+07"":1,""313343"":1,""3559862"":1,""8968750"":1}"
manifestos_econ_ideology_730,1070015811,"We have now licensed well over a hundred cable TV networks and this new industry expects to invest £3,000 million over the next five years.",Con,1992,Right,"{""1.41e+07"":1,""1.51e+07"":1}"
manifestos_econ_ideology_731,1140003561,"They want government to deliver skills and infrastructure, not ever more red tape.",LD,2005,Right,"{""1.30e+07"":1,""1.95e+07"":1,""1911075"":1,""2.00e+07"":1}"
manifestos_econ_ideology_732,1180009551,The digital revolution is transforming the world of broadcasting.,Lab,2010,Left,"{""1.52e+07"":-1}"
manifestos_econ_ideology_733,1130000781,They should be rewarded for their hard work and be given peace of mind in old age.,Con,2005,Right,"{""1.30e+07"":1,""1.57e+07"":1,""1.93e+07"":1,""2.00e+07"":1,""2.05e+07"":1}"
manifestos_econ_ideology_734,1110004301,"While progress in other public services in Britain has been disappointingly slow over the past four years, in transport the country has clearly gone backwards.",LD,2001,Left,"{""1.13e+07"":-1,""1.40e+07"":-1}"
manifestos_econ_ideology_735,1160008281,"Publish data so the public can hold government to account. Drawing inspiration from administrations around the world which have shown that being transparent can transform the effectiveness of government, we will create a powerful new right to government data, enabling the public to request - and receive - government datasets in an open and standardised format.",Con,2010,Left,"{""1.10e+07"":-1}"
manifestos_econ_ideology_736,1090004101,"Councils will set rents at a reasonable level, reflecting income levels in the different regions and localities.",Lab,1992,Left,"{""1.10e+07"":-1,""1.42e+07"":-1,""1.52e+07"":-1,""1.53e+07"":-1,""1.57e+07"":-1,""1.68e+07"":-1,""1.74e+07"":1,""1.86e+07"":-1,""1.96e+07"":-1,""2.08e+07"":-1,""2.09e+07"":-1,""2793302"":-1,""6340562"":-1}"
manifestos_econ_ideology_737,1180009221,Supporting social enterprise. The Social Investment Bank will make additional capital available to social enterprises with an initial endowment of £75 million funded by dormant accounts alongside existing funding streams.,Lab,2010,Left,"{""1.10e+07"":-1,""1.40e+07"":-1,""1.57e+07"":-1,""1.63e+07"":-1,""1.88e+07"":-1}"
manifestos_econ_ideology_738,1070005481,We will consult on a new Lay Adjudicators scheme to help the public resolve difficulties and disputes.,Con,1992,Left,"{""1.51e+07"":-1}"
manifestos_econ_ideology_739,1180006311,Substantial challenges still remain.,Lab,2010,Left,"{""1.10e+07"":-1}"
manifestos_econ_ideology_740,1170006851,"Bring 250,000 empty homes back into use with cheap loans and grants as part of our job creation plan.",LD,2010,Left,"{""1.10e+07"":-1,""1.63e+07"":-1,""1.82e+07"":-1}"
manifestos_econ_ideology_741,1070004041,"We have returned to private enterprise two-thirds of the companies once owned by the state: 46 businesses employing about 900,000 people.",Con,1992,Right,"{""1.40e+07"":1,""1.41e+07"":1,""1.52e+07"":1,""1.87e+07"":1,""1.93e+07"":1}"
manifestos_econ_ideology_742,50008471,We will put 5p on a packet of cigarettes and use the money to restore free eye and dental checks for all and freeze prescription charges.,LD,1997,Left,"{""1.53e+07"":-1,""1.54e+07"":-1,""1.58e+07"":-1,""1.89e+07"":-1,""1.98e+07"":-1,""2.00e+07"":-1,""2.09e+07"":-1,""2.10e+07"":1,""2.11e+07"":-1,""2.13e+07"":-1,""2785872"":-1,""5108677"":-1,""5112203"":-1,""5768369"":-1,""8382218"":-1,""9015611"":1}"
manifestos_econ_ideology_743,1180000441,"In all these decisions, we offer progressive solutions in tough times.",Lab,2010,Left,"{""1.10e+07"":-1}"
manifestos_econ_ideology_744,1120011641,"The new Connexions service will bridge the gap, providing a single adviser to ensure all young people receive clear advice on the transition to work.",Lab,2001,Left,"{""1.10e+07"":-1,""1.51e+07"":-1}"
manifestos_econ_ideology_745,40002251,"There are now around 10 million private shareholders, up from about 3 million at the time of the last Labour government.",Con,1997,Right,"{""1.52e+07"":1,""1.54e+07"":1,""1.59e+07"":1,""1.80e+07"":1,""1.81e+07"":1,""1.83e+07"":0,""2.00e+07"":1,""2.08e+07"":1,""2.11e+07"":1,""2.13e+07"":1,""2.14e+07"":1,""5280406"":1,""7918256"":1,""7954010"":1,""8968750"":1}"
manifestos_econ_ideology_746,10004591,Even former monopolies now face increased competition.,Con,1987,Right,"{""1.10e+07"":1,""1.11e+07"":1,""1.27e+07"":0,""1.30e+07"":1,""1.41e+07"":1,""1.45e+07"":1,""1.49e+07"":1,""1.52e+07"":1,""1.55e+07"":1,""1.57e+07"":1,""1.68e+07"":1,""1.80e+07"":1,""1.81e+07"":1,""1.82e+07"":1,""1.88e+07"":1,""1.89e+07"":1,""1.93e+07"":1,""1.98e+07"":-1,""2.00e+07"":1,""2.01e+07"":1,""2.03e+07"":1,""2.05e+07"":1,""2.07e+07"":1,""2.08e+07"":-1,""2.09e+07"":1,""2.10e+07"":-1,""2.11e+07"":1,""2.12e+07"":0,""2.13e+07"":1,""2.14e+07"":1,""2.20e+07"":1,""2169344"":1,""2361265"":1,""8382218"":1,""9458742"":1,""9614934"":1}"
manifestos_econ_ideology_747,1150011031,"A vibrant civil society. We believe that enterprises in the mutual and cooperative sector have an important role to play in the provision of local services, from health to education, from leisure to care for the vulnerable.",Lab,2005,Right,"{""1.10e+07"":1,""1.57e+07"":1,""1.82e+07"":1,""1.93e+07"":1}"
manifestos_econ_ideology_748,1150002121,An effective planning regime protects the environment while promoting economic growth - and does so quickly and responsively.,Lab,2005,Left,"{""1.16e+07"":-1}"
manifestos_econ_ideology_749,10004471,"The Conservative Government has created a framework in which once again enterprise can flourish - by cutting red tape, by denationalising state-owned companies, by removing unnecessary restrictions, by abolishing exchange control, by enabling the City of London to become the foremost financial centre in the world, by keeping down prices through extending competition, and by ensuring access to open trade so that British exporters and consumers can both benefit.",Con,1987,Right,"{""1.01e+07"":1,""1.10e+07"":-1,""1.30e+07"":1,""1.40e+07"":1,""1.41e+07"":1,""1.51e+07"":1,""1.52e+07"":1,""1.57e+07"":1,""1.58e+07"":1,""1.75e+07"":1,""1.81e+07"":1,""1.82e+07"":1,""1.84e+07"":1,""1.85e+07"":1,""1.89e+07"":1,""1.93e+07"":1,""1.98e+07"":1,""2.01e+07"":1,""2.03e+07"":1,""2.04e+07"":1,""2.05e+07"":1,""2.06e+07"":1,""2.07e+07"":1,""2.08e+07"":1,""2.10e+07"":1,""2.11e+07"":1,""2.13e+07"":1,""2.14e+07"":1,""2.19e+07"":1,""3307853"":1,""4680678"":1,""5280406"":1,""7557336"":1,""7918256"":1,""7954010"":1,""8530175"":1,""8968750"":1,""946983"":1}"
manifestos_econ_ideology_750,1150008771,We will ensure the new EU battle groups are equipped and organised to act quickly to save lives in humanitarian crises.,Lab,2005,Right,"{""1.84e+07"":1}"
manifestos_econ_ideology_751,1080003891,We want to ease the adjustment from the present price support mechanism towards market prices and direct support aimed at assisting the farming industry in transition and at environmental and social goals.,LD,1992,Right,"{""1.10e+07"":1,""1.51e+07"":1,""1.52e+07"":1,""1.68e+07"":1}"
manifestos_econ_ideology_752,50000181,We believe in the market economy as the best way to deliver prosperity and distribute economic benefits.,LD,1997,Right,"{""1.19e+07"":1,""1.52e+07"":1,""1.53e+07"":-1,""1.80e+07"":1,""1.81e+07"":1,""1.86e+07"":1,""1.98e+07"":1,""2.06e+07"":1,""2.10e+07"":1,""2.13e+07"":1,""2.14e+07"":1,""3773194"":1,""5270743"":-1,""7918256"":1,""8382218"":1,""8836799"":1}"
manifestos_econ_ideology_753,1120010931,Government's role is to ensure that both parents retain responsibility for the financial support of their children where they are able to do so.,Lab,2001,Left,"{""1.10e+07"":-1,""1.42e+07"":-1,""1.45e+07"":-1,""6444018"":-1}"
manifestos_econ_ideology_754,1160011841,A Conservative government will play an active and energetic role in the European Union to advance these causes.,Con,2010,Left,"{""1.10e+07"":-1}"
manifestos_econ_ideology_755,1070004171,We will continue our privatisation programme.,Con,1992,Right,"{""1.41e+07"":1,""1.52e+07"":1,""1.53e+07"":1,""1.57e+07"":1,""1.66e+07"":1,""1.68e+07"":1,""1.74e+07"":1,""1.86e+07"":1,""1.96e+07"":1,""1.98e+07"":1,""2.08e+07"":1,""2.09e+07"":1,""2.12e+07"":-1}"
manifestos_econ_ideology_756,1160012041,"A Conservative government will negotiate for three specific guarantees - on the Charter of Fundamental Rights, on criminal justice, and on social and employment legislation - with our European partners to return powers that we believe should reside with the UK, not the EU.",Con,2010,Left,"{""1.10e+07"":-1}"
manifestos_econ_ideology_757,1070015271,"To provide Millennium bursaries for young people (and newly retired people) offering their time, energy and commitment to schemes designed to change the face of the United Kingdom by the year 2000.",Con,1992,Left,"{""1.66e+07"":-1,""1.68e+07"":-1}"
manifestos_econ_ideology_758,1090006421,"It's a new chance to fight world hunger and poverty. Under the Tories, Britain's aid budget has been cut to its lowest ever.",Lab,1992,Left,"{""1.10e+07"":-1}"
manifestos_econ_ideology_759,1150007831,"Tailored help, especially for lone parents, is key but we are also committed to making work pay - with a guaranteed income of at least £258 per week for those with children and in full-time work.",Lab,2005,Left,"{""1.40e+07"":-1,""1.52e+07"":-1,""1.57e+07"":-1,""1.82e+07"":-1}"
manifestos_econ_ideology_760,1120010191,There is now a minimum income guarantee of £142 per week for people with disabilities under 60.,Lab,2001,Left,"{""1.40e+07"":-1,""1.57e+07"":-1,""1.63e+07"":-1,""1.68e+07"":-1,""1.93e+07"":-1}"
manifestos_econ_ideology_761,40002201,We are committed to pushing forward our competitiveness agenda which is making Britain the Enterprise Centre of Europe.,Con,1997,Right,"{""1.49e+07"":0,""1.59e+07"":1,""1.83e+07"":0,""2.01e+07"":1,""2.10e+07"":1,""2.11e+07"":1,""2.13e+07"":1,""2.14e+07"":1,""4680678"":1,""5280406"":1,""7918256"":1,""7954010"":1,""8968750"":1}"
manifestos_econ_ideology_762,1160010781,And we will promote local food networks so that homes and businesses can obtain supplies of locally-produced food.,Con,2010,Right,"{""1.42e+07"":1}"
manifestos_econ_ideology_763,30003971,We champion the demand for free trade unions in Poland.,Lab,1987,Left,"{""1.13e+07"":1,""1.45e+07"":-1,""1.81e+07"":-1,""1.88e+07"":-1,""1.94e+07"":-1,""1.98e+07"":-1,""2.05e+07"":-1,""2.09e+07"":-1,""2.10e+07"":-1,""2.13e+07"":-1}"
manifestos_econ_ideology_764,1080001721,"We will immediately put in hand a major programme of public capital investment, funded by reversing the Tory tax cut together with a prudent increase in borrowing.",LD,1992,Left,"{""1.10e+07"":1,""1.41e+07"":-1,""1.52e+07"":-1,""1.53e+07"":-1,""1.74e+07"":-1,""1.86e+07"":-1,""1.88e+07"":1,""1.93e+07"":-1,""2.05e+07"":-1,""2.08e+07"":-1,""2.09e+07"":-1,""2.10e+07"":-1,""2.11e+07"":-1,""2.13e+07"":-1,""5993386"":-1,""7918256"":-1,""886"":-1}"
manifestos_econ_ideology_765,20004861,We will not implement the Conservatives' proposed cuts in the funding of Housing Benefit.,LD,1987,Left,"{""1.00e+07"":1,""1.10e+07"":-1,""1.24e+07"":-1,""1.30e+07"":-1,""1.40e+07"":1,""1.42e+07"":-1,""1.45e+07"":-1,""1.51e+07"":-1,""1.52e+07"":-1,""1.57e+07"":1,""1.68e+07"":-1,""1.84e+07"":-1,""1.88e+07"":1,""1915941"":1,""2785872"":-1,""4680678"":-1,""5112203"":-1,""5816451"":1,""6342862"":-1,""6355305"":-1,""6376956"":-1,""714020"":-1,""8798523"":-1,""8968750"":-1,""946983"":-1,""9703593"":-1}"
manifestos_econ_ideology_766,1080005901,"After the initial increase, we will uprate the basic pension every year in line with average earnings.",LD,1992,Left,"{""1.10e+07"":-1,""1.41e+07"":-1,""1.52e+07"":-1,""1.68e+07"":-1,""1.93e+07"":-1}"
manifestos_econ_ideology_767,1070005871,Civil Service manpower has been reduced by almost a quarter.,Con,1992,Right,"{""1.40e+07"":1,""1.52e+07"":1,""1.66e+07"":1,""1.93e+07"":1}"
manifestos_econ_ideology_768,60003131,"And because efficiency and value for money are central, ministers will be required to save before they spend.",Lab,1997,Right,"{""1.19e+07"":1,""1.53e+07"":1,""1.71e+07"":1,""1.74e+07"":1,""1.86e+07"":1,""1.93e+07"":1,""1.98e+07"":1,""2.07e+07"":1,""2.08e+07"":0,""2.09e+07"":1,""2.10e+07"":1,""2.11e+07"":1,""2.13e+07"":1,""2.14e+07"":0,""7918256"":1}"
manifestos_econ_ideology_769,1070005181,requires clear performance standards to be set and for services to be measured against them,Con,1992,Right,"{""1.57e+07"":1,""1.96e+07"":1}"
manifestos_econ_ideology_770,1090003071,"But, under the Conservatives, Britain today invests a smaller share of our national wealth in education than in 1979.",Lab,1992,Left,"{""1.10e+07"":-1,""1.68e+07"":-1}"
manifestos_econ_ideology_771,1090003991,We will seek new arrangements to enable first-time buyers to concentrate relief in the early years.,Lab,1992,Left,"{""1.10e+07"":-1,""1.52e+07"":-1,""1.68e+07"":-1}"
manifestos_econ_ideology_772,1080004141,"We will guarantee that Liberal Democrats will increase investment in education by GBP 2 billion in the first year, even though this will require an extra penny in the pound on income tax.",LD,1992,Left,"{""1.10e+07"":-1,""1.40e+07"":-1}"
manifestos_econ_ideology_773,30003451," Restore provision for fair pay, such as the Fair Wages Resolution, Schedule 11 of the 1975 Employment Protection Act and the powers of the Wages Councils.",Lab,1987,Left,"{""1.24e+07"":0,""1.53e+07"":-1,""1.80e+07"":-1,""1.87e+07"":-1,""1.98e+07"":-1,""2.03e+07"":-1,""2.06e+07"":-1,""2.09e+07"":-1,""2.11e+07"":-1,""2.12e+07"":-1,""2.13e+07"":-1,""2785872"":-1,""4680678"":-1,""5112203"":-1,""8968750"":-1,""946983"":-1}"
manifestos_econ_ideology_774,1070005991,We believe the Department of Trade and Industry should take over responsibility for them.,Con,1992,Left,"{""1.10e+07"":-1,""1.41e+07"":-1,""1.52e+07"":-1,""1.63e+07"":-1}"
manifestos_econ_ideology_775,1070015701,We will encourage councils to ensure that new developments are in character with the past,Con,1992,Right,"{""1.57e+07"":1}"
manifestos_econ_ideology_776,1110005321,"Liberal Democrats will:  Boost the basic state pension, particularly for the over-75s.",LD,2001,Left,"{""1.57e+07"":-1,""2.06e+07"":-1,""2.17e+07"":-1,""2.18e+07"":-1,""2.20e+07"":-1}"
manifestos_econ_ideology_777,1070010361,The Act requires childcare facilities to be registered to ensure that standards are maintained throughout the country.,Con,1992,Left,"{""1.57e+07"":-1}"
manifestos_econ_ideology_778,1070004441,We have privatised British Gas and the electricity industry in a way that has opened these markets to competition.,Con,1992,Right,"{""1.10e+07"":1,""1.52e+07"":1,""1.57e+07"":1,""1.66e+07"":1,""1.93e+07"":1}"
manifestos_econ_ideology_779,40006521,No one can imagine a stamp that does not bear the Queen's head.,Con,1997,Right,"{""2.09e+07"":1,""7995027"":1}"
manifestos_econ_ideology_780,1070011841,"Over the next three years, we are committed to spend nearly £6,000 million through the Housing Corporation to provide 153,000 homes.",Con,1992,Left,"{""1.41e+07"":-1,""1.57e+07"":-1,""1.68e+07"":-1,""1.82e+07"":-1}"
manifestos_econ_ideology_781,1170002091,"They will pay back the loan over time from energy savings, creating a rolling fund to help insulate every public building.",LD,2010,Left,"{""1.42e+07"":-1,""1.52e+07"":-1}"
manifestos_econ_ideology_782,1180012621,Our leadership on debt cancellation has freed 28 countries from the shackles of debt.,Lab,2010,Left,"{""1.10e+07"":-1,""1.53e+07"":-1,""1.68e+07"":-1}"
manifestos_econ_ideology_783,10003661,"Second, we are engaged in steadily reducing the share of the nation's income taken by the State.",Con,1987,Right,"{""1.10e+07"":-1,""1.13e+07"":1,""1.30e+07"":1,""1.35e+07"":1,""1.40e+07"":1,""1.42e+07"":1,""1.51e+07"":1,""1.52e+07"":1,""1.53e+07"":1,""1.57e+07"":1,""1.63e+07"":1,""1.68e+07"":-1,""1.69e+07"":1,""1.71e+07"":1,""1.74e+07"":1,""1.77e+07"":1,""1.81e+07"":1,""1.83e+07"":0,""1.86e+07"":1,""1.87e+07"":1,""1.93e+07"":1,""1.95e+07"":1,""2.01e+07"":1,""2.03e+07"":1,""2.04e+07"":1,""2.05e+07"":1,""2.08e+07"":1,""2.09e+07"":1,""2.10e+07"":1,""2.11e+07"":-1,""2.12e+07"":1,""2.13e+07"":1,""2.14e+07"":1,""2.20e+07"":1,""6340562"":1,""8893451"":1}"
manifestos_econ_ideology_784,1070009701,We have increased overall funding for the NHS by 55 per cent after allowing for inflation.,Con,1992,Left,"{""1.13e+07"":-1,""1.41e+07"":-1,""1.68e+07"":-1,""6355305"":-1}"
manifestos_econ_ideology_785,1080005461,Homes which meet the new standards will be exempt from stamp duty on house purchase.,LD,1992,Left,"{""1.10e+07"":-1,""1.52e+07"":-1,""1.68e+07"":-1}"
manifestos_econ_ideology_786,30004141,"The Tories are buying the expensive American Trident system - a policy which increases nuclear armament without increasing security and, at the same time, diminishes our effective defences.",Lab,1987,Left,"{""2.06e+07"":-1,""2.07e+07"":-1,""2.10e+07"":1,""2.11e+07"":-1}"
manifestos_econ_ideology_787,1180004321,"The number of free early learning places for disadvantaged two year olds will be expanded, on the way to our long-term goal of universal free childcare for this age group.",Lab,2010,Left,"{""1.57e+07"":-1}"
manifestos_econ_ideology_788,1120008381,"There will be extra pay too in high-cost areas, with pressure relieved through expanded staff numbers, reformed working practices and investment in training.",Lab,2001,Left,"{""1.10e+07"":-1,""1.57e+07"":-1,""1.68e+07"":-1}"
manifestos_econ_ideology_789,1080003781,Our new Energy Tax is this manifesto's key proposal in this area.,LD,1992,Left,"{""1.10e+07"":-1,""1.51e+07"":-1,""1.52e+07"":-1,""1.68e+07"":-1,""1.87e+07"":-1}"
manifestos_econ_ideology_790,1090000441,"In our relations with the new democracies of Central and Eastern Europe as well as with the poverty-stricken peoples of the South, we will work from the principle that political freedom needs the sure foundation of economic security.",Lab,1992,Left,"{""1.10e+07"":-1}"
manifestos_econ_ideology_791,1180009981,"We are planning for around 40 per cent of our electricity to come from low-carbon sources by 2020 - renewables, nuclear and clean fossil fuels.",Lab,2010,Left,"{""1.52e+07"":-1}"
manifestos_econ_ideology_792,1080003931,"Reformed systems of direct support, aimed in particular at helping family farms and crofts.",LD,1992,Left,"{""1.53e+07"":-1,""1.57e+07"":-1,""1.68e+07"":-1}"
manifestos_econ_ideology_793,20007541,"Opportunities for international co-operation have been thrown away by the Governments of the post-war years, when Britain needed to develop a new role and new relationships in a changed world.",LD,1987,Right,"{""2.13e+07"":1}"
manifestos_econ_ideology_794,1120005631,£239 million over three years has been set aside for rural transport services,Lab,2001,Left,"{""1.10e+07"":-1,""1.30e+07"":-1,""1.53e+07"":-1}"
manifestos_econ_ideology_795,1070004641,We will maintain a guaranteed market for renewable energy projects and fluid research in this area.,Con,1992,Left,"{""1.30e+07"":-1,""1.57e+07"":-1}"
manifestos_econ_ideology_796,1170003451,These bursaries would be awarded both on the basis of studying strategic subjects (such as sciences and mathematics) and financial hardship.,LD,2010,Left,"{""1.10e+07"":-1,""1.57e+07"":-1}"
manifestos_econ_ideology_797,40001531,One of the heaviest burdens small businesses face is business rates.,Con,1997,Right,"{""1.52e+07"":1,""1.98e+07"":1,""2.04e+07"":1,""2.09e+07"":1,""2.11e+07"":1,""7918256"":-1,""7954010"":1,""8382218"":1,""8968750"":1,""946983"":1}"
manifestos_econ_ideology_798,1070004231,These proposals are set out later in this Manifesto.,Con,1992,Right,"{""1.41e+07"":1,""1.52e+07"":1,""1.57e+07"":1}"
manifestos_econ_ideology_799,1150011141,"These people, sometimes dubbed `social entrepreneurs', deser ve our full support.",Lab,2005,Right,"{""1.57e+07"":1}"
manifestos_econ_ideology_800,1170000111,"Doesn't it make you angry that the banks have been allowed to ride roughshod over our economy, and are still handing out bonuses by the bucket load?",LD,2010,Left,"{""1.10e+07"":-1}"
manifestos_econ_ideology_801,1170007191,Manage water for everyone. Britain has real problems in managing its scarce water resources.,LD,2010,Left,"{""1.52e+07"":-1}"
manifestos_econ_ideology_802,1120003001,"It fulfils, after 100 years, a founding ambition of the Labour Party.",Lab,2001,Left,"{""1.45e+07"":-1,""1.82e+07"":-1}"
manifestos_econ_ideology_803,1090003181,Teachers will be guaranteed a proper salary and career structure.,Lab,1992,Left,"{""1.10e+07"":-1}"
manifestos_econ_ideology_804,1180009971,We are building a clean energy system which will reduce Britain's dependence on imported oil and gas and increase our energy security.,Lab,2010,Left,"{""1.52e+07"":-1}"
manifestos_econ_ideology_805,10001951,"Only the Americans, where a quarter of the people are shareholders, remain ahead - and the gap is narrowing.",Con,1987,Right,"{""1.09e+07"":1,""1.24e+07"":1,""1.52e+07"":1,""1.81e+07"":1,""1.89e+07"":1,""2.00e+07"":1,""2.06e+07"":1,""2.12e+07"":-1,""2.13e+07"":1,""2.14e+07"":1,""313343"":1,""3720860"":1,""6591328"":0,""7557336"":1,""8968750"":1}"
manifestos_econ_ideology_806,1120004451,We have brought full competition to the gas and electricity markets.,Lab,2001,Right,"{""1.10e+07"":1,""1.30e+07"":1,""1.53e+07"":1,""1.68e+07"":1}"
manifestos_econ_ideology_807,1070002121,We will provide guidance and help to any British company encountering a trade barrier illegal under European law.,Con,1992,Right,"{""1.51e+07"":1,""1.52e+07"":1,""1.57e+07"":1,""1.68e+07"":1,""5647650"":1}"
manifestos_econ_ideology_808,1140003861,We will also strengthen tax incentives to use smaller and less polluting vehicles and create more energy-efficient homes.,LD,2005,Left,"{""1.10e+07"":-1,""1.30e+07"":-1,""1.52e+07"":-1,""1.63e+07"":-1}"
manifestos_econ_ideology_809,60004431,"Every young person unemployed for more than six months in a job or training. We will give 250,000 under-25s opportunities for work, education and training.",Lab,1997,Left,"{""1.14e+07"":-1,""1.19e+07"":-1,""1.52e+07"":-1,""1.75e+07"":-1,""1.85e+07"":-1,""1.87e+07"":-1,""1.93e+07"":-1,""1837834"":1,""2.00e+07"":-1,""2.06e+07"":-1,""2.10e+07"":-1,""2.13e+07"":-1,""5270743"":-1,""6622539"":-1,""8968750"":-1}"
manifestos_econ_ideology_810,1110007321,We will invest in more energy conservation and efficiency grants.,LD,2001,Left,"{""1.10e+07"":-1,""1.30e+07"":-1,""1.42e+07"":-1,""6355305"":-1}"
manifestos_econ_ideology_811,1070005291,On council estates every tenant will have the right to call in a private contractor if the council fails to do a minor repair.,Con,1992,Right,"{""1.52e+07"":1,""1.57e+07"":1,""1.68e+07"":1}"
manifestos_econ_ideology_812,1080006981,"The proposed European Environmental Agency must be established, a European energy policy drawn up and environmental subsidies and penalties applied Community-wide.",LD,1992,Left,"{""1.10e+07"":-1}"
manifestos_econ_ideology_813,1180004101,"The next stage of national renewal. Spending increased on frontline Sure Start and free childcare, schools and 16-19 learning.",Lab,2010,Left,"{""1.10e+07"":-1,""1.40e+07"":-1,""1.57e+07"":-1}"
manifestos_econ_ideology_814,10004961,We will continue to fight for free and fair trade in international negotiations and resist the growth of protectionism.,Con,1987,Right,"{""1.24e+07"":1,""1.85e+07"":0,""1.93e+07"":1,""1954947"":1,""2.06e+07"":1,""2.10e+07"":1,""2.12e+07"":1,""313343"":1,""5112203"":1,""8893451"":1,""9458742"":-1}"
manifestos_econ_ideology_815,1160008991,Our new 'community right to buy' scheme will give local people the power to protect any community assets that are threatened with closure.,Con,2010,Right,"{""1.40e+07"":1}"
manifestos_econ_ideology_816,1160005561,"To improve the early interventions we make to help families, we will: ensure that new Sure Start providers are paid in part by the results they achieve",Con,2010,Left,"{""1.10e+07"":-1,""1.52e+07"":-1,""1.57e+07"":-1}"
manifestos_econ_ideology_817,1110011191,We also advocate a UN Economic and Environmental Security Council for Sustainability.,LD,2001,Left,"{""1.10e+07"":-1}"
manifestos_econ_ideology_818,1110005901,"In the long term, our goal is to:  Remove taxation for the lowest paid.",LD,2001,Left,"{""1.52e+07"":-1,""1.76e+07"":-1,""2.06e+07"":1,""2.18e+07"":-1,""2.20e+07"":-1,""2.21e+07"":-1}"
manifestos_econ_ideology_819,1120008971,"Public money devoted to the arts should be spent on excellent art, not bureaucracy.",Lab,2001,Left,"{""1.10e+07"":-1}"
manifestos_econ_ideology_820,1180003941,The Post Office has an invaluable role to play in our communities and in serving local businesses.,Lab,2010,Right,"{""1.10e+07"":1,""1.40e+07"":1,""1.52e+07"":1,""1.57e+07"":1}"
manifestos_econ_ideology_821,40002151,Our aim is nothing less than tariff free trade across the globe by the year 2020.,Con,1997,Right,"{""1.11e+07"":1,""1.32e+07"":1,""1.74e+07"":1,""1.87e+07"":1,""1.93e+07"":1,""1.98e+07"":1,""2.01e+07"":-1,""2.12e+07"":1,""2.13e+07"":1,""7918256"":-1,""7954010"":1,""8968750"":1}"
manifestos_econ_ideology_822,1100006571,Labour have stalled over liberalising telecommunications.,Con,2001,Right,"{""1.95e+07"":1,""6355305"":1}"
manifestos_econ_ideology_823,1110001011,Drugs available on the NHS in one part of the country are not available in another - the 'postcode lottery'.,LD,2001,Left,"{""1.57e+07"":-1}"
manifestos_econ_ideology_824,1160008261,"That means transforming the way the state goes about its business, using decentralisation, accountability and transparency to reduce dramatically the cost of government.",Con,2010,Right,"{""1.57e+07"":1}"
manifestos_econ_ideology_825,1100002061,Less regulation. Regulation is the new way Labour politicians control the economy.,Con,2001,Right,"{""1.10e+07"":1,""1.30e+07"":1,""1.51e+07"":1,""1.57e+07"":1,""1.93e+07"":1}"
manifestos_econ_ideology_826,1130000271,take responsibility for their families.,Con,2005,Right,"{""1.52e+07"":1,""1.57e+07"":1,""1.93e+07"":1}"
manifestos_econ_ideology_827,1140000611, Cutting subsidies.,LD,2005,Right,"{""1.30e+07"":1,""1.40e+07"":1,""1.52e+07"":1,""1.57e+07"":1,""1.73e+07"":1}"
manifestos_econ_ideology_828,1090006451,Tackling poverty will be the top priority of our aid programme.,Lab,1992,Left,"{""1.10e+07"":-1,""1.57e+07"":-1}"
manifestos_econ_ideology_829,1070001131,"New aid to the poorest is given as grants, not loans.",Con,1992,Left,"{""1.41e+07"":-1,""1.57e+07"":-1}"
manifestos_econ_ideology_830,1110002601,Further Education and Lifelong Learning. Few jobs these days are for life.,LD,2001,Left,"{""1.10e+07"":-1,""1.30e+07"":-1,""1.82e+07"":-1}"
manifestos_econ_ideology_831,1180013201,A new Toddler Tax Credit of £4 a week from 2012 to give more support to all parents of young children - whether they want to stay at home or work.,Lab,2010,Left,"{""1.10e+07"":-1,""1.40e+07"":-1,""1.53e+07"":-1,""1.57e+07"":-1,""1.63e+07"":-1}"
manifestos_econ_ideology_832,1170005271,"Promote the transition to a low-carbon economy in Europe, by moving unilaterally and immediately to an EU emissions reduction target of 30 per cent by 2020, adopting new long-term targets and policies for clean energy and energy efficiency",LD,2010,Left,"{""1.82e+07"":-1}"
manifestos_econ_ideology_833,1070003051,Keeping control of public spending will enable us to cut taxes while bringing the Government's Budget back towards balance in the years ahead.,Con,1992,Right,"{""1.40e+07"":1,""1.51e+07"":1,""1.52e+07"":1,""1.87e+07"":1,""1.93e+07"":1}"
manifestos_econ_ideology_834,10004691,"increased competition on air routes within the UK and between certain European countries, which has resulted in cheaper fares, a more responsive service and greater choice of carriers for the passenger",Con,1987,Right,"{""1.24e+07"":1,""1.45e+07"":1,""1.52e+07"":1,""1.58e+07"":0,""1.81e+07"":1,""2.00e+07"":1,""2.01e+07"":1,""2.09e+07"":1,""2.11e+07"":1,""2.13e+07"":1,""313343"":1,""5112203"":1,""5751985"":1,""6340793"":1,""8968750"":1}"
manifestos_econ_ideology_835,1160004361,We have some of the worst rates of family breakdown in the world.,Con,2010,Left,"{""1.10e+07"":-1}"
manifestos_econ_ideology_836,10003261,The Conservative Government will continue to put the conquest of inflation as our first objective.,Con,1987,Right,"{""1.24e+07"":1,""1.52e+07"":1,""1.75e+07"":1,""1.93e+07"":1,""1.98e+07"":0,""2.06e+07"":1,""2.07e+07"":1,""2.08e+07"":1,""2.09e+07"":1,""2.10e+07"":1,""2.13e+07"":0,""313343"":1,""3559862"":1,""8968750"":1}"
manifestos_econ_ideology_837,1150009971,We will continue to support our finest artists and institutions to achieve world-class standards.,Lab,2005,Left,"{""1.10e+07"":-1,""1.57e+07"":-1}"
manifestos_econ_ideology_838,1090002571,We will invest in the modernisation of our hospitals and tackle the backlog of repairs and maintenance.,Lab,1992,Left,"{""1.10e+07"":-1,""1.40e+07"":-1,""1.42e+07"":-1}"
manifestos_econ_ideology_839,1170007781,"Dependent on money from the unions and big business, they have blocked changes to party funding.",LD,2010,Left,"{""1.10e+07"":-1,""1.68e+07"":-1}"
manifestos_econ_ideology_840,60003931,Support for small businesses will have a major role in our plans for economic growth.,Lab,1997,Right,"{""1.18e+07"":1,""1.19e+07"":1,""1.45e+07"":1,""1.58e+07"":1,""1.81e+07"":1,""1.88e+07"":1,""1.98e+07"":1,""2.01e+07"":1,""2.10e+07"":1,""2.11e+07"":1,""2.13e+07"":1,""3307853"":1,""6622539"":-1,""7321782"":1,""7918256"":-1,""8968750"":1}"
manifestos_econ_ideology_841,40000771,"If we try to protect ourselves from these challenges with more regulations, public subsidies and a cosy dependence on government then Britain will fail.",Con,1997,Right,"{""1.01e+07"":1,""1.18e+07"":1,""1.24e+07"":1,""1.27e+07"":-1,""1.30e+07"":1,""1.42e+07"":1,""1.51e+07"":1,""1.57e+07"":1,""1.63e+07"":1,""1.75e+07"":0,""1.83e+07"":0,""1.90e+07"":1,""1.93e+07"":1,""1.97e+07"":1,""2.01e+07"":1,""2.02e+07"":1,""2.04e+07"":1,""2.05e+07"":1,""2.08e+07"":1,""2.09e+07"":1,""2.13e+07"":1,""2.14e+07"":1,""2.18e+07"":1,""2.21e+07"":1,""2793302"":1,""568434"":1,""6066983"":1,""6320843"":-1,""787803"":1,""9414315"":0,""9888671"":1}"
manifestos_econ_ideology_842,1120002601,"Photo Caption: Labour's vision for all families: higher wages, affordable mortgages, fairer taxes and better public services.",Lab,2001,Left,"{""1.10e+07"":-1,""1.41e+07"":-1,""1.63e+07"":-1,""2.03e+07"":-1}"
manifestos_econ_ideology_843,1150009941,From 2006 we will provide £12 million over two years to the Arts Council England to promote leadership and management in the cultural sector.,Lab,2005,Left,"{""1.52e+07"":-1,""1.57e+07"":-1,""1.82e+07"":-1}"
manifestos_econ_ideology_844,1070017241,We want Britain to be an example to the world of how a free people can make the very best of their destiny.,Con,1992,Left,"{""1.10e+07"":-1}"
manifestos_econ_ideology_845,1120000451,"We reached out to Europe, then drew back to become semi-detached.",Lab,2001,Left,"{""1.10e+07"":-1}"
manifestos_econ_ideology_846,1070015721,to limit unnecessary street furniture and signs,Con,1992,Left,"{""2.20e+07"":-1}"
manifestos_econ_ideology_847,1170000461,Families are finding it hard to make ends meet.,LD,2010,Left,"{""3626598"":-1}"
manifestos_econ_ideology_848,1120009331,"In this Parliament, over one million children have been taken out of poverty",Lab,2001,Left,"{""1.10e+07"":-1,""1.30e+07"":-1,""1.52e+07"":-1,""1.68e+07"":-1,""1.85e+07"":-1}"
manifestos_econ_ideology_849,40006451,In 1996 those now privatised companies paid taxes of £60 million per week.,Con,1997,Right,"{""1.15e+07"":1,""1.19e+07"":1,""1.24e+07"":0,""1.52e+07"":1,""1.98e+07"":1,""2.00e+07"":1,""2.04e+07"":1,""2.11e+07"":1,""2.13e+07"":1,""2.14e+07"":1,""37796"":1,""5983773"":1,""6066983"":1,""7918256"":1,""7954010"":1,""7995027"":1,""8382218"":1,""8893451"":0}"
manifestos_econ_ideology_850,40000011,A country once the sick man of Europe has become its most successful economy.,Con,1997,Right,"{""1.45e+07"":1,""1.93e+07"":1,""1.95e+07"":1,""2.04e+07"":1,""2.09e+07"":0,""2.13e+07"":1}"
manifestos_econ_ideology_851,1120007361,support teachers in the classroom by employing more adults to help them ,Lab,2001,Left,"{""1.10e+07"":-1,""1.53e+07"":-1}"
manifestos_econ_ideology_852,1140002061,World-class skills for a world-class economy.,LD,2005,Right,"{""1.88e+07"":1}"
manifestos_econ_ideology_853,1180012231,"On climate change, the EU has a critical leadership role to play in securing a legally binding UN agreement, reducing its emissions by 30 per cent on 1990 levels in the context of an ambitious global deal.",Lab,2010,Right,"{""1.84e+07"":1}"
manifestos_econ_ideology_854,1120008571,Since 1997 this has begun to change.,Lab,2001,Left,"{""1.10e+07"":-1,""1.41e+07"":-1,""2.03e+07"":-1}"
manifestos_econ_ideology_855,1160005991,These changes will allow us to give one million more people access to an NHS dentist and give every five year old a dental check-up.,Con,2010,Left,"{""1.57e+07"":-1}"
manifestos_econ_ideology_856,1170000611,They have forgotten that growth must be shared and sustainable if it is to last.,LD,2010,Left,"{""3626598"":-1,""9492762"":-1}"
manifestos_econ_ideology_857,1090001441,"At present employees earning less than £405 a week pay contributions on all their earnings, while above that level no contributions are paid at all.",Lab,1992,Left,"{""1.10e+07"":-1,""1.40e+07"":-1,""1.42e+07"":-1,""1.52e+07"":-1,""1.57e+07"":-1,""1.66e+07"":1,""2.03e+07"":-1}"
manifestos_econ_ideology_858,30002701," Invest more in land reclamation and cleaning up, in recycling and conservation, in development of new products, processes and pollution control equipment.",Lab,1987,Left,"{""1.52e+07"":-1,""2.09e+07"":-1,""2.10e+07"":-1,""2.12e+07"":-1,""2.13e+07"":-1,""4680678"":-1,""5112203"":-1,""8968750"":-1,""946983"":-1}"
manifestos_econ_ideology_859,1110005281,"In addition, we will improve testing of vehicle emissions and strictly enforce freight vehicle weight limits and other safety standards by increasing resources devoted to roadside testing as well as strengthening the MOT test.",LD,2001,Left,"{""1.42e+07"":-1}"
manifestos_econ_ideology_860,1100004131,"We will double the proportion of our aid budget spent through aid charities, as they are often better placed than governments to relieve suffering.",Con,2001,Left,"{""1.10e+07"":-1,""1.41e+07"":-1,""1.57e+07"":-1}"
manifestos_econ_ideology_861,1180011351,"We will support tram schemes into the major cities, including upgrades to the Manchester, Nottingham, Birmingham and Tyne & Wear light-rail systems, a modern trolley bus in Leeds, and more Oyster-style electronic ticketing promoting cheap and easy interchange between public transport in cities.",Lab,2010,Right,"{""1.52e+07"":1}"
manifestos_econ_ideology_862,1070003741,"To a far greater extent than service industries, it was the victim of militant trades unionism, restrictive practices, nationalisation, state intervention, tax distortion, planning controls and over-regulation.",Con,1992,Right,"{""2.06e+07"":1,""2.18e+07"":1,""2.19e+07"":1,""2.20e+07"":1}"
manifestos_econ_ideology_863,1180008541,"But they stand for more than material success, reminding us that society is not just a marketplace.",Lab,2010,Left,"{""1.52e+07"":-1}"
manifestos_econ_ideology_864,1150010061,We will build on this approach by rolling out our new programme Creative Sparks to guarantee that all children and young people will be given the chance to experience the very best of culture every year.,Lab,2005,Left,"{""1.82e+07"":-1}"
manifestos_econ_ideology_865,40002491,"We have already made much progress here too with widening ownership of homes, pensions, and the new PEPs and TESSAs.",Con,1997,Right,"{""1.49e+07"":1,""1.58e+07"":1,""1.75e+07"":1,""2.06e+07"":1,""2.13e+07"":1,""2.14e+07"":1,""6591328"":1,""7918256"":1,""7954010"":1,""8273320"":1,""8382218"":1,""8968750"":1,""946983"":-1}"
manifestos_econ_ideology_866,1170007261,"Liberal Democrats will:  Give local authorities the power to set higher Council Tax rates for second homes and the option to require specific planning permission for new second homes, in areas where the number of such homes is threatening the viability of a community.",LD,2010,Left,"{""1.10e+07"":-1,""1.40e+07"":-1,""1.51e+07"":-1,""1.66e+07"":-1,""1.93e+07"":-1}"
manifestos_econ_ideology_867,40000421,We must keep up the momentum.,Con,1997,Right,"{""2.12e+07"":1,""8968750"":1}"
manifestos_econ_ideology_868,1120005791,We will also honour our commitment to ex-miners.,Lab,2001,Left,"{""1.51e+07"":-1,""1.57e+07"":-1,""1.95e+07"":-1}"
manifestos_econ_ideology_869,1070006731,"Through grants to local authorities, we are financing schemes to introduce more flexible working practices - such as job-sharing.",Con,1992,Left,"{""1.10e+07"":-1,""1.42e+07"":1,""1.52e+07"":-1,""1.57e+07"":-1,""1.96e+07"":-1}"
manifestos_econ_ideology_870,60010261,We will support further measures to reduce the debt burden borne by the world's poorest countries and to ensure that developing countries are given a fair deal in international trade.,Lab,1997,Left,"{""1.24e+07"":-1,""1.87e+07"":1,""2.04e+07"":-1,""2.07e+07"":-1,""2.10e+07"":-1,""2.13e+07"":-1,""2.14e+07"":-1,""2056455"":-1,""3098571"":-1,""8893451"":0}"
manifestos_econ_ideology_871,1150009621,Our long-term aim is to help lift a billion people out of poverty.,Lab,2005,Left,"{""1.82e+07"":-1}"
manifestos_econ_ideology_872,1150011351,We will therefore introduce measures to make it easier for pensioners and people on low incomes to claim Council Tax Benefit.,Lab,2005,Left,"{""1.10e+07"":-1,""1.41e+07"":-1,""1.52e+07"":-1,""1.82e+07"":-1,""1.93e+07"":-1}"
manifestos_econ_ideology_873,1170001531,"Better government IT procurement, investigating the potential of different approaches such as cloud computing and open-source software.",LD,2010,Left,"{""1.66e+07"":-1}"
manifestos_econ_ideology_874,1070009801,"Hospitals can now be run by their own local team of doctors, nurses and managers.",Con,1992,Right,"{""1.57e+07"":1}"
manifestos_econ_ideology_875,1120006081,"Where the quality is not improving quickly enough, alternative providers should be brought in.",Lab,2001,Right,"{""1.13e+07"":1,""1.42e+07"":1,""1.53e+07"":1,""1.57e+07"":1,""1.82e+07"":1}"
manifestos_econ_ideology_876,1130000401,"They want the security that goes with owning your home, saving for your retirement, living in a safe neighbourhood.",Con,2005,Right,"{""1.30e+07"":1,""1.42e+07"":1,""1.57e+07"":1}"
manifestos_econ_ideology_877,1180013091,Preventative healthcare through routine check-ups for the over-40s and a major expansion of diagnostic testing.,Lab,2010,Left,"{""1.57e+07"":-1}"
manifestos_econ_ideology_878,1120014291,Raise international aid towards the UN target.,Lab,2001,Left,"{""1.42e+07"":-1}"
manifestos_econ_ideology_879,1070015191,"Charities, right across the country and covering such areas as medical research, will also be potential beneficiaries.",Con,1992,Left,"{""1.51e+07"":-1}"
manifestos_econ_ideology_880,1180009681,Ensure fairness for food producers through EU reform and a Supermarkets Ombudsman,Lab,2010,Left,"{""1.52e+07"":-1,""1.66e+07"":-1}"
manifestos_econ_ideology_881,1090000271,Our pledges to increase the income of pensioners and families with children will urgently be fulfilled.,Lab,1992,Left,"{""1.10e+07"":-1,""1.42e+07"":-1,""1.45e+07"":-1,""1.68e+07"":-1,""1.87e+07"":-1}"
manifestos_econ_ideology_882,1070002371,Penal taxes have been abolished.,Con,1992,Right,"{""1.10e+07"":1,""1.41e+07"":1,""1.52e+07"":1,""1.68e+07"":1,""1.87e+07"":1}"
manifestos_econ_ideology_883,1150002531,"In 1997, many parts of our towns and cities were suffering from deeply entrenched and multiple disadvantage.",Lab,2005,Right,"{""1.40e+07"":1,""1.41e+07"":1}"
manifestos_econ_ideology_884,1110009291,"A Decent Living Environment. The quality of life for all people depends very much on their surroundings - the quality and cost of their housing, the fabric of nearby buildings, and their natural surroundings.",LD,2001,Left,"{""1.52e+07"":-1}"
manifestos_econ_ideology_885,40000451,And we must stand up for our interests in shaping a free-market Europe of sovereign nation states.,Con,1997,Right,"{""1.75e+07"":1,""1.89e+07"":1,""1.98e+07"":1,""2.11e+07"":1,""2.12e+07"":1,""2.13e+07"":1,""2.14e+07"":1,""4680678"":1,""8836799"":1,""8968750"":1}"
manifestos_econ_ideology_886,1150010261,"Having passed the necessary legislation, we remain committed to completing the sale of the Tote to a Racing Trust.",Lab,2005,Right,"{""1.57e+07"":1}"
manifestos_econ_ideology_887,1180006061,"More mums and dads will be offered single rooms if they need to stay in hospital overnight, and post-natal care will be further expanded so that every area of the country has a Family Nurse Partnership, supporting families in greatest need.",Lab,2010,Left,"{""1.57e+07"":-1}"
manifestos_econ_ideology_888,1150009641,We will press for the conclusion of an ambitious trade deal that will completely open markets to exports from poorer countries,Lab,2005,Right,"{""1.10e+07"":1,""1.57e+07"":1,""1.82e+07"":1,""1.95e+07"":1}"
manifestos_econ_ideology_889,1120013551,Partnership with the voluntary and private sectors is key.,Lab,2001,Right,"{""1.10e+07"":1,""1.42e+07"":1,""1.57e+07"":1,""1.63e+07"":1}"
manifestos_econ_ideology_890,1120016031,"In addition to our proposals for environmental technology and renewable energy described in 'Prosperity for all', we must also make progress in the following areas: We must make the market work for the environment.",Lab,2001,Left,"{""1.30e+07"":-1}"
manifestos_econ_ideology_891,10003421,"That is why we have: cut the basic rate of tax from 33p to 27p in the £, and increased the personal allowances (the starting point for paying tax) by 22 per cent more than inflation.",Con,1987,Right,"{""1.10e+07"":1,""1.22e+07"":1,""1.30e+07"":1,""1.40e+07"":1,""1.42e+07"":1,""1.45e+07"":0,""1.51e+07"":-1,""1.52e+07"":1,""1.53e+07"":1,""1.57e+07"":1,""1.58e+07"":1,""1.63e+07"":1,""1.66e+07"":1,""1.68e+07"":1,""1.73e+07"":1,""1.74e+07"":1,""1.82e+07"":1,""1.83e+07"":1,""1.86e+07"":1,""1.88e+07"":1,""1.93e+07"":1,""1.95e+07"":1,""1.96e+07"":1,""2.00e+07"":1,""2.01e+07"":1,""2.02e+07"":1,""2.04e+07"":1,""2.05e+07"":1,""2.06e+07"":1,""2.08e+07"":1,""2.09e+07"":1,""2.10e+07"":1,""2.11e+07"":1,""2.12e+07"":1,""2.13e+07"":1,""2.14e+07"":1,""2.21e+07"":1,""8382218"":1}"
manifestos_econ_ideology_892,1170004151,"We will:  Ensure that the BBC remains strong, free from interference and securely funded, not least to provide impartial news, independent of political and commercial pressures.",LD,2010,Left,"{""1.10e+07"":-1}"
manifestos_econ_ideology_893,1100000111,It shouldn't be necessary to make an appeal to common sense.,Con,2001,Right,"{""1.95e+07"":1}"
manifestos_econ_ideology_894,40005481,Privatisation is delivering better services at lower costs.,Con,1997,Right,"{""1.17e+07"":1,""1.19e+07"":1,""1.25e+07"":1,""1.27e+07"":1,""1.45e+07"":1,""1.52e+07"":1,""1.98e+07"":1,""2.00e+07"":1,""2.09e+07"":1,""2.11e+07"":1,""37796"":1,""7918256"":1,""7954010"":1,""7995027"":1,""8382218"":1,""8893451"":1}"
manifestos_econ_ideology_895,1110001911,Pay trainee teachers a full training salary replacing the current training grants to improve teacher recruitment.,LD,2001,Left,"{""1.53e+07"":-1,""1.68e+07"":-1,""1.87e+07"":-1}"
manifestos_econ_ideology_896,1070010171,STRATEGY FOR HEALTH. This Government has embarked on the first ever strategy for health.,Con,1992,Left,"{""1.57e+07"":-1}"
manifestos_econ_ideology_897,1160007801,We proposed legislation so that anyone wanting to be a member of either the House of Commons or the House of Lords will need to be treated as a full UK taxpayer.,Con,2010,Left,"{""1.10e+07"":-1}"
manifestos_econ_ideology_898,40001551,"In the next parliament, we will reform business rates to reduce the cost that falls upon small businesses.",Con,1997,Right,"{""1.11e+07"":1,""1.18e+07"":1,""1.81e+07"":1,""1.83e+07"":1,""1.88e+07"":1,""2.05e+07"":1,""2.06e+07"":1,""2.12e+07"":1,""2.13e+07"":1,""4680678"":1,""5280406"":1,""7918256"":-1,""7954010"":1,""8968750"":1}"
manifestos_econ_ideology_899,1110004981,We will implement the recommendations made by Lord Cullen' inquiry into Railway Safety.,LD,2001,Right,"{""1.42e+07"":1}"
manifestos_econ_ideology_900,1160004321,"We will reform education, with new schools - and higher standards and improved discipline for all.",Con,2010,Right,"{""1.82e+07"":1}"
manifestos_econ_ideology_901,1160012361,"To help deliver on our commitment to developing countries, we will: establish a Poverty Impact Fund to support innovative and effective British poverty-fighting groups which do not currently qualify for government funding",Con,2010,Left,"{""1.10e+07"":-1,""1.51e+07"":-1,""1.57e+07"":-1}"
manifestos_econ_ideology_902,1170008541,Based on this consultation a full spending review up to 2013-14 would be published alongside the 2011 Budget.,LD,2010,Left,"{""1.10e+07"":-1}"
manifestos_econ_ideology_903,1070002081,To complete the single market we shall aim to: open up the market for life insurance to free competition,Con,1992,Right,"{""1.52e+07"":1,""1.57e+07"":1,""1.68e+07"":1,""1.87e+07"":1,""9289597"":1}"
manifestos_econ_ideology_904,1090003141,"Childhood Partnerships between councils, parents, schools, local businesses and community groups will help extend a wide range of childcare and nursery education services.",Lab,1992,Left,"{""1.45e+07"":-1}"
manifestos_econ_ideology_905,1140004901,"We will end Labour's freeze in the core Arts Council budget, guaranteeing that growth in core arts funding at least matches inflation.",LD,2005,Left,"{""1.30e+07"":-1,""1.82e+07"":-1}"
manifestos_econ_ideology_906,60007341,It would be a poor deal for the taxpayer and passenger alike.,Lab,1997,Left,"{""1.19e+07"":0,""1.24e+07"":-1,""1.58e+07"":1,""1.80e+07"":-1,""2.11e+07"":-1,""2.12e+07"":-1,""2.13e+07"":-1,""2.14e+07"":-1,""568434"":-1,""6320843"":-1}"
manifestos_econ_ideology_907,1070000881,We have provided valuable economic and humanitarian aid to ease the transition to a market economy.,Con,1992,Right,"{""1.51e+07"":1}"
manifestos_econ_ideology_908,1070005051,We will introduce legislation designed to give consumers confidence that what they purchase is properly described - and that adequate compensation is offered where these requirements are not met.,Con,1992,Left,"{""1.51e+07"":-1,""1.68e+07"":-1}"
manifestos_econ_ideology_909,10003211,"It required firm control of public expenditure, a substantial reduction in government borrowing, curbing the growth of money in circulation, maintaining financial discipline, stimulating competition and moderating trade union power.",Con,1987,Right,"{""1.10e+07"":-1,""1.18e+07"":1,""1.19e+07"":1,""1.21e+07"":1,""1.24e+07"":1,""1.27e+07"":-1,""1.30e+07"":0,""1.40e+07"":1,""1.42e+07"":1,""1.43e+07"":1,""1.47e+07"":1,""1.51e+07"":1,""1.52e+07"":1,""1.53e+07"":0,""1.57e+07"":1,""1.58e+07"":0,""1.63e+07"":1,""1.68e+07"":1,""1.85e+07"":1,""1.87e+07"":1,""1.93e+07"":1,""1.94e+07"":1,""1.97e+07"":-1,""1.98e+07"":1,""2.00e+07"":1,""2.04e+07"":1,""2.08e+07"":1,""2.09e+07"":1,""2.11e+07"":-1,""2.12e+07"":-1,""2.13e+07"":1,""2.14e+07"":1,""2.21e+07"":1,""2793302"":1,""37796"":1,""568434"":1,""6002241"":1,""6066983"":-1,""6161328"":1,""6320843"":-1,""6340562"":1,""917392"":1,""9458742"":1,""9888671"":1,""9946723"":1}"
manifestos_econ_ideology_910,1110010501,Maintain funding for the BBC World Service and the British Council.,LD,2001,Left,"{""1.52e+07"":-1}"
manifestos_econ_ideology_911,1160010011,A Conservative government will work towards an ambitious global deal that will limit emissions and make available substantial financial resources for adaptation and mitigation.,Con,2010,Left,"{""1.10e+07"":-1}"
manifestos_econ_ideology_912,1100005071,There are 80 million National Insurance numbers which is rather more than the entire UK population.,Con,2001,Left,"{""1.10e+07"":-1}"
manifestos_econ_ideology_913,1080002171,We will: Reform taxation to increase investment.,LD,1992,Right,"{""1.10e+07"":1,""1.52e+07"":1,""1.53e+07"":1,""1.57e+07"":1,""1.68e+07"":0,""1.74e+07"":1,""1.86e+07"":1,""1.93e+07"":1,""2.08e+07"":1,""2.09e+07"":1,""2.10e+07"":1,""2.12e+07"":1}"
manifestos_econ_ideology_914,1140006761,"Congestion charging in London (first proposed by the Liberal Democrats) has cut pollution, cut traffic jams and paid for new investment in buses.",LD,2005,Left,"{""1.30e+07"":-1,""1.52e+07"":-1,""1.57e+07"":-1}"
manifestos_econ_ideology_915,1120015851,Nowhere will our resolve be more tested than in Africa.,Lab,2001,Right,"{""1.45e+07"":1,""1.51e+07"":1}"
manifestos_econ_ideology_916,1140001761,"Funded from part of our new 50 per cent rate on incomes over £100,000, Liberal Democrats will abolish all tuition fees and make grants available to help poorer students with maintenance costs.",LD,2005,Left,"{""1.40e+07"":-1,""1.42e+07"":-1,""1.52e+07"":-1,""2.01e+07"":-1,""6340562"":-1}"
manifestos_econ_ideology_917,1120008581,We have started to invest and to reform the system.,Lab,2001,Left,"{""1.63e+07"":-1}"
manifestos_econ_ideology_918,1140004931,Set communities free from Whitehall.,LD,2005,Right,"{""1.40e+07"":1}"
manifestos_econ_ideology_919,1170005711,Reinvigorate Franco-British and wider European defence co-operation to ensure procurement costs are kept low.,LD,2010,Left,"{""1.10e+07"":-1,""1.27e+07"":-1}"
manifestos_econ_ideology_920,1120004731,That will continue to be our position.,Lab,2001,Left,"{""2.05e+07"":-1}"
manifestos_econ_ideology_921,1180001951,We will give the FSA additional powers if necessary to constrain and quash executive remuneration where it is a source of risk and instability.,Lab,2010,Right,"{""1.52e+07"":1,""1.82e+07"":1}"
manifestos_econ_ideology_922,1110004541,We will also enable local authorities to raise bonds and establish congestion charging and private non-residential parking taxes to promote use of public transport.,LD,2001,Left,"{""1.10e+07"":-1,""1.51e+07"":-1,""1.52e+07"":-1}"
manifestos_econ_ideology_923,50000411,"We will invest an additional £2 billion per year in education, funded by an extra 1p in the pound on the basic rate of income tax.",LD,1997,Left,"{""1.19e+07"":-1,""1.75e+07"":-1,""1.81e+07"":-1,""1.86e+07"":-1,""1.87e+07"":-1,""2.03e+07"":-1,""2.06e+07"":-1,""2.09e+07"":-1,""2.10e+07"":1,""2.13e+07"":-1,""3307853"":-1,""5270743"":-1,""7918256"":-1,""8836799"":-1}"
manifestos_econ_ideology_924,1070005861,Government has reduced the burden of regulation and the need for central bureaucracy.,Con,1992,Right,"{""1.40e+07"":1,""1.52e+07"":1,""1.93e+07"":1}"
manifestos_econ_ideology_925,1120005381,"But British agriculture will only thrive in the longer term through a further, radical reorientation of the Common Agricultural Policy (CAP), away from distorting Europe-wide production subsidies towards more national responsibility for domestic farming, environmental and rural development priorities.",Lab,2001,Left,"{""1.10e+07"":-1,""2.03e+07"":-1,""2.05e+07"":-1}"
manifestos_econ_ideology_926,1100000831,Often they are next door to mediocre ones.,Con,2001,Left,"{""1.10e+07"":-1}"
manifestos_econ_ideology_927,1070015341,"We have financed the European Arts Festival to be held throughout Britain during our Presidency of the Community in the second half of this year, as well as the first National Music Day in June.",Con,1992,Left,"{""1.10e+07"":-1}"
manifestos_econ_ideology_928,1170007211,We will:  Stop major new housing developments in major flood risk areas.,LD,2010,Left,"{""1.10e+07"":-1}"
manifestos_econ_ideology_929,1090003361,"For instance, we will invest £30 million to ensure that within 12 months, no child has to use an outside lavatory.",Lab,1992,Left,"{""1.10e+07"":-1,""1.40e+07"":-1,""1.45e+07"":-1}"
manifestos_econ_ideology_930,1070006671,We have created an independent Teachers' Pay Review Body.,Con,1992,Left,"{""1.68e+07"":-1,""1.82e+07"":-1}"
manifestos_econ_ideology_931,50003101,We will ban snares and leg hold traps.,LD,1997,Left,"{""2.11e+07"":-1,""2.13e+07"":-1}"
manifestos_econ_ideology_932,10005121,This owes much to North Sea oil so successfully developed by free enterprise.,Con,1987,Right,"{""1.24e+07"":1,""1.45e+07"":0,""1.52e+07"":1,""1.53e+07"":0,""1.85e+07"":1,""2.00e+07"":1,""2.09e+07"":1,""2.10e+07"":1,""2.13e+07"":1,""313343"":1,""5112203"":1}"
manifestos_econ_ideology_933,1150000601,"We do not duck the tough choices - from independence for the Bank of England to the tax rise we made for the NHS, to the war in Iraq.",Lab,2005,Left,"{""1.40e+07"":-1,""1.57e+07"":-1,""1.66e+07"":-1,""1.68e+07"":-1}"
manifestos_econ_ideology_934,1160011781,We will ensure that by law no future government can hand over areas of power to the EU or join the Euro without a referendum of the British people.,Con,2010,Right,"{""1.87e+07"":1}"
manifestos_econ_ideology_935,1110008701,We will fund research into alternatives to animal testing.,LD,2001,Left,"{""1.30e+07"":-1,""1.42e+07"":-1}"
manifestos_econ_ideology_936,1120001921,create a new Child Trust Fund for every child at birth ,Lab,2001,Left,"{""1.10e+07"":-1,""1.30e+07"":-1,""1.53e+07"":-1,""2.03e+07"":-1}"
manifestos_econ_ideology_937,40001611,New regulations must only be introduced if it is clear that their benefits exceed their costs and they do not place an undue burden on a small firm.,Con,1997,Right,"{""1.10e+07"":1,""1.15e+07"":1,""1.18e+07"":1,""1.19e+07"":1,""1.24e+07"":1,""1.25e+07"":1,""1.27e+07"":1,""1.30e+07"":1,""1.33e+07"":1,""1.40e+07"":1,""1.51e+07"":1,""1.52e+07"":1,""1.53e+07"":1,""1.57e+07"":1,""1.63e+07"":1,""1.68e+07"":-1,""1.82e+07"":1,""1.87e+07"":1,""1.93e+07"":1,""2.20e+07"":1,""2793302"":-1,""3307853"":1,""3773194"":1,""5270743"":1,""5372456"":-1,""568434"":1,""6116202"":1,""6320843"":1,""714020"":1,""7918256"":-1,""7954010"":1,""7995027"":1,""8757469"":1,""8836799"":1,""9299392"":1,""9414315"":0,""9775837"":1,""9888671"":1}"
manifestos_econ_ideology_938,1120007071,Labour is committed to spend £1.8 billion over six years on equipping our schools for the information age.,Lab,2001,Left,"{""1.10e+07"":-1,""1.40e+07"":-1,""1.68e+07"":-1,""6355305"":-1}"
manifestos_econ_ideology_939,1080002221,"We will reverse the burden of proof for acquisitions away from the target company towards the predator, and require companies to ballot their shareholders on bid plans.",LD,1992,Right,"{""1.10e+07"":1,""1.52e+07"":1,""1.57e+07"":1,""2.01e+07"":1}"
manifestos_econ_ideology_940,1140007901,"Many of the solutions to these problems involve transport and this document includes plans to promote public transport, especially the railways.",LD,2005,Left,"{""1.40e+07"":-1,""1.52e+07"":-1,""1.63e+07"":-1}"
manifestos_econ_ideology_941,1090003891,"To relieve anxiety about funeral costs, we will introduce a funeral payment of £600, available on request.",Lab,1992,Left,"{""1.10e+07"":-1,""1.45e+07"":-1,""1.68e+07"":-1,""1.93e+07"":-1}"
manifestos_econ_ideology_942,1110001951,"Drawing on the experience of the recently established e-learning foundations, we will establish educational charitable trusts to arrange the lease of computer equipment and services.",LD,2001,Left,"{""1.30e+07"":-1}"
manifestos_econ_ideology_943,1160003791,give councils new powers to introduce further discounts on business rates,Con,2010,Right,"{""1.10e+07"":1,""1.40e+07"":1,""1.52e+07"":1,""1.57e+07"":1,""1.93e+07"":1}"
manifestos_econ_ideology_944,1070006461,Launching the highly successful initiative under which schools are able to bid directly for the resources to become Technology Schools.,Con,1992,Left,"{""1.30e+07"":-1,""1.82e+07"":-1}"
manifestos_econ_ideology_945,1100006631,"We will liberate media companies from outdated ownership rules and ensure that regulation is minimised, while protecting the vulnerable from offensive material.",Con,2001,Right,"{""1.42e+07"":1,""1.57e+07"":1}"
manifestos_econ_ideology_946,1150008051,We have already introduced the right to request flexible working to parents of children under six and nearly a million parents have benefited.,Lab,2005,Left,"{""1.41e+07"":-1,""1.52e+07"":-1,""1.68e+07"":-1}"
manifestos_econ_ideology_947,1160010081,clearing the way for new nuclear power stations - provided they receive no public subsidy,Con,2010,Right,"{""2.05e+07"":1}"
manifestos_econ_ideology_948,50001291,"We will ensure that all adults on approved courses or training have access to financial support, either through their Individual Learning Accounts or from their employer using our new remissible training levy.",LD,1997,Left,"{""1.45e+07"":-1,""1.53e+07"":-1,""1.75e+07"":-1,""1.81e+07"":-1,""1.86e+07"":-1,""1.98e+07"":-1,""2.13e+07"":-1,""3307853"":-1,""3773194"":-1,""5270743"":-1,""6349089"":1,""881561"":-1}"
manifestos_econ_ideology_949,1100005391,The next Conservative Government will not enforce European regulations any sooner or more zealously than other countries.,Con,2001,Right,"{""1.57e+07"":1}"
manifestos_econ_ideology_950,1180011971,"We are committed to a strong Navy based on the new aircraft carriers, an Air Force with two state-of-the-art fast-jet fleets as well as additional helicopters, transport planes and unmanned drones, and a strong, high-tech Army, vastly better equipped than it was in 1997.",Lab,2010,Right,"{""1.63e+07"":1}"
manifestos_econ_ideology_951,40006341,"Privatisation has enhanced productivity, improved customer services, raised safety and environmental standards and substantially reduced prices.",Con,1997,Right,"{""1.17e+07"":1,""1.19e+07"":1,""1.24e+07"":1,""1.32e+07"":1,""1.52e+07"":1,""2.00e+07"":1,""2.06e+07"":1,""2.13e+07"":-1,""2.14e+07"":1,""37796"":1,""5372456"":-1,""5983773"":1,""7918256"":1,""7995027"":1,""8382218"":1,""8836799"":1,""9888671"":1}"
manifestos_econ_ideology_952,1090006221,"The Labour government will set up a Defence Diversification Agency to assist workers, communities and companies affected by change.",Lab,1992,Right,"{""1.87e+07"":1}"
manifestos_econ_ideology_953,1110011561,Too many government programmes have been introduced in the past without proper analysis of pilot projects.,LD,2001,Right,"{""1.40e+07"":1}"
manifestos_econ_ideology_954,1110006801,We want the UK to play a leading role in seeing the OECD Anti-Bribery Convention implemented world-wide.,LD,2001,Left,"{""6342862"":-1}"
manifestos_econ_ideology_955,1180006871,concessionary public-transport fares,Lab,2010,Left,"{""1.10e+07"":-1,""1.52e+07"":-1}"
manifestos_econ_ideology_956,1110000531,"Instead, they spent three years unnecessarily locked into the Conservative spending plans which caused the problem in the first place.",LD,2001,Left,"{""1.30e+07"":-1}"
manifestos_econ_ideology_957,40006831,Transport. Our railways are already improving now they have been liberated into the private sector.,Con,1997,Right,"{""1.86e+07"":1,""2.05e+07"":1,""2.09e+07"":1,""2.11e+07"":1,""2.12e+07"":1,""5983773"":1,""5993386"":1,""7918256"":1,""7954010"":1,""7995027"":1,""886"":1,""8893451"":1,""9666339"":1,""9703085"":-1}"
manifestos_econ_ideology_958,1180011281,"In contrast to 'no frills' councils that charge twice for all but the most basic services, we believe that local government must further empower residents to hold it to account and deliver better, more personalised services.",Lab,2010,Right,"{""1.40e+07"":1,""1.63e+07"":1}"
manifestos_econ_ideology_959,1070002681,But the ERM is not a magic wand.,Con,1992,Right,"{""1.42e+07"":1}"
manifestos_econ_ideology_960,1090002521,"Each year thereafter, we will continue to tackle underfunding.",Lab,1992,Left,"{""1.10e+07"":-1,""1.42e+07"":-1,""1.51e+07"":-1,""1.52e+07"":-1}"
manifestos_econ_ideology_961,1070011551,We want to see wealth and security being passed down from generation to generation.,Con,1992,Right,"{""1.57e+07"":1,""1.63e+07"":1,""1.68e+07"":1,""1.95e+07"":1}"
manifestos_econ_ideology_962,30000871,"We will increase child benefit by £3 a week for all children, raise the allowance to the first child by £7.36, and increase one- parent family benefit by £2.20.",Lab,1987,Left,"{""1.01e+07"":-1,""1.02e+07"":-1,""1.10e+07"":-1,""1.11e+07"":1,""1.15e+07"":-1,""1.24e+07"":-1,""1.26e+07"":-1,""1.27e+07"":-1,""1.30e+07"":-1,""1.40e+07"":-1,""1.47e+07"":-1,""1.51e+07"":-1,""1.52e+07"":-1,""1.57e+07"":-1,""1.63e+07"":-1,""1.68e+07"":-1,""1.71e+07"":-1,""1.72e+07"":-1,""1.82e+07"":-1,""1.87e+07"":-1,""1.88e+07"":1,""1.93e+07"":-1,""1.95e+07"":-1,""2.05e+07"":-1,""2793302"":-1,""3626598"":-1,""4680678"":-1,""5280406"":-1,""5983773"":-1,""6355305"":-1,""7918256"":-1,""7954010"":-1,""8968750"":-1,""946983"":-1}"
manifestos_econ_ideology_963,1090002081,"Two things are needed: a training revolution to modernise people's skills, and rights for employees to fair treatment at work.",Lab,1992,Left,"{""1.10e+07"":-1,""1.52e+07"":-1,""1.82e+07"":-1}"
manifestos_econ_ideology_964,1100006001,"Unlike Labour, we will not ban people from driving if they marginally exceed the 70mph limit on motorways.",Con,2001,Right,"{""1.51e+07"":1}"
manifestos_econ_ideology_965,1110010701,We will maintain the current level of spending and resist any further reductions.,LD,2001,Left,"{""1.10e+07"":-1,""1.30e+07"":-1}"
manifestos_econ_ideology_966,10003321,It promotes a climate of enterprise and initiative.,Con,1987,Right,"{""1.05e+07"":1,""1.08e+07"":1,""1.10e+07"":1,""1.11e+07"":1,""1.13e+07"":1,""1.14e+07"":1,""1.20e+07"":1,""1.30e+07"":1,""1.49e+07"":1,""1.52e+07"":1,""1.53e+07"":1,""1.57e+07"":1,""1.59e+07"":1,""1.60e+07"":1,""1.68e+07"":1,""1.74e+07"":1,""1.82e+07"":1,""1.83e+07"":1,""1.86e+07"":1,""1.87e+07"":1,""1.88e+07"":1,""1.93e+07"":1,""1.95e+07"":1,""1.96e+07"":1,""1.98e+07"":1,""2.00e+07"":0,""2.01e+07"":1,""2.03e+07"":0,""2.04e+07"":1,""2.06e+07"":1,""2.07e+07"":1,""2.09e+07"":1,""2.10e+07"":1,""2.11e+07"":1,""2.12e+07"":1,""2.13e+07"":1,""2.14e+07"":1,""3307853"":1,""38397"":1,""6355305"":-1}"
manifestos_econ_ideology_967,20003171,We opposed the privatisation of British Gas and British Telecom although we would not reverse it but instead concentrate on improving consumer choice and protection.,LD,1987,Left,"{""1.52e+07"":-1,""1.75e+07"":-1,""1.88e+07"":-1,""1.93e+07"":-1,""1.98e+07"":-1,""2.06e+07"":-1,""2.07e+07"":-1,""2.08e+07"":-1,""2.10e+07"":0,""2.11e+07"":-1,""2.13e+07"":-1,""2.14e+07"":-1,""5112203"":-1,""714020"":1,""8382218"":-1,""8836799"":-1,""8968750"":-1}"
manifestos_econ_ideology_968,1140000821,"We will introduce a new 50 per cent rate on the portion of individual income exceeding £100,000 a year.",LD,2005,Left,"{""1.10e+07"":-1,""1.40e+07"":-1,""1.51e+07"":-1,""1.63e+07"":-1,""1.93e+07"":-1}"
manifestos_econ_ideology_969,1140000951,"The NHS was conceived by Beveridge, a Liberal, and brought into being by a Labour administration very different from today's Government.",LD,2005,Left,"{""1.13e+07"":-1}"
manifestos_econ_ideology_970,60007601,Public services and transport services in rural areas must not be allowed to deteriorate.,Lab,1997,Left,"{""1.11e+07"":-1,""1.18e+07"":-1,""1.19e+07"":-1,""1.45e+07"":-1,""1.52e+07"":-1,""1.54e+07"":-1,""1.84e+07"":-1,""1.86e+07"":-1,""1.89e+07"":-1,""1.98e+07"":-1,""1954947"":-1,""2.00e+07"":-1,""2.08e+07"":0,""2.13e+07"":0,""2.14e+07"":-1,""568434"":-1,""8273320"":0}"
manifestos_econ_ideology_971,1110007241,"Boosting Renewable Energy. We will require a minimum of 10% of the UK's energy to be generated from UK-based renewable energy sources by 2010, increasing by 1% a year thereafter.",LD,2001,Left,"{""1.30e+07"":-1,""1.42e+07"":-1}"
manifestos_econ_ideology_972,1120003331,We will boost the efforts of trade unions to raise skill levels by giving statutory backing to union learning representatives and supporting the Union Learning Fund.,Lab,2001,Left,"{""1.30e+07"":-1,""1.51e+07"":-1,""1.66e+07"":-1}"
manifestos_econ_ideology_973,10003341,"Lower taxation, by increasing take-home pay without adding to industry's costs, improves competitiveness and helps with jobs.",Con,1987,Right,"{""1.01e+07"":1,""1.09e+07"":1,""1.10e+07"":1,""1.11e+07"":1,""1.13e+07"":1,""1.17e+07"":1,""1.18e+07"":1,""1.30e+07"":1,""1.40e+07"":1,""1.42e+07"":1,""1.43e+07"":-1,""1.45e+07"":1,""1.49e+07"":1,""1.51e+07"":1,""1.52e+07"":1,""1.53e+07"":1,""1.55e+07"":1,""1.57e+07"":1,""1.68e+07"":-1,""1.74e+07"":1,""1.76e+07"":-1,""1.81e+07"":1,""1.82e+07"":1,""1.83e+07"":1,""1.84e+07"":1,""1.85e+07"":1,""1.87e+07"":1,""1.93e+07"":1,""1.95e+07"":1,""1.98e+07"":1,""2.02e+07"":1,""2.06e+07"":1,""2.07e+07"":1,""2.08e+07"":1,""2.09e+07"":1,""2.10e+07"":1,""2.11e+07"":1,""2.12e+07"":1,""2.13e+07"":1,""2.14e+07"":1,""2.18e+07"":-1,""2.21e+07"":1,""2647839"":1,""38397"":1,""6340562"":0,""8273320"":1,""8382218"":1}"
manifestos_econ_ideology_974,1070003261,We have raised the basic single person's tax allowance by 27 per cent more than would be needed to keep pace with inflation.,Con,1992,Right,"{""1.40e+07"":1,""1.52e+07"":1,""1.66e+07"":1,""1.87e+07"":1,""1.93e+07"":1}"
manifestos_econ_ideology_975,1160001951,Nobody will be worse off as a result of these changes.,Con,2010,Left,"{""1.45e+07"":-1,""1.57e+07"":-1,""2.01e+07"":-1}"
manifestos_econ_ideology_976,1160003501,"Stage two will deliver two new lines bringing the North East, Scotland and Wales into the high speed rail network.",Con,2010,Right,"{""1.52e+07"":1}"
manifestos_econ_ideology_977,40009891,"We want to see the rest of Europe follow the same deregulated, enterprise policies that have transformed our economic prospects in Britain.",Con,1997,Right,"{""1.19e+07"":1,""1.81e+07"":1,""1.89e+07"":1,""1.93e+07"":1,""1.98e+07"":1,""2.06e+07"":1,""2.09e+07"":1,""2.11e+07"":1,""2.12e+07"":0,""2.13e+07"":1,""3385164"":1,""5270743"":1,""7918256"":1,""9775837"":-1}"
manifestos_econ_ideology_978,1140008121,WE PROPOSE: £1.5 billion towards reducing class sizes.,LD,2005,Left,"{""1.30e+07"":-1,""1.52e+07"":-1,""1.57e+07"":-1,""1.66e+07"":-1}"
manifestos_econ_ideology_979,1100004971,We will address this problem by creating a new agency which will pay Incapacity Benefit on the basis of current entitlements.,Con,2001,Left,"{""1.10e+07"":-1,""1.30e+07"":-1,""1.57e+07"":-1,""1.68e+07"":-1,""6355305"":-1}"
manifestos_econ_ideology_980,30003341,"Democracy in the Workplace. Workers' rights have been eroded, or in some cases removed entirely, during the Thatcher years.",Lab,1987,Left,"{""1.32e+07"":-1,""1.75e+07"":-1,""1.93e+07"":-1,""1.98e+07"":-1,""2.00e+07"":-1,""2.06e+07"":-1,""2.08e+07"":-1,""2.10e+07"":-1,""2.12e+07"":1,""2.13e+07"":-1,""2.14e+07"":-1,""2056455"":-1,""4680678"":-1,""5112203"":-1,""8968750"":-1,""946983"":-1,""9703593"":-1}"
manifestos_econ_ideology_981,1180005481,"But to safeguard the NHS in tougher fiscal times, we need sustained reform.",Lab,2010,Left,"{""1.10e+07"":-1}"
manifestos_econ_ideology_982,1180007121,"During the next Parliament, the second stage of reform will centre on the development of national standards and entitlements to ensure high-quality care for all, and an end to the unfair postcode lotteries that affect too many families.",Lab,2010,Left,"{""1.57e+07"":-1}"
manifestos_econ_ideology_983,1070012751,Deregulating buses in London and privatising the London Buses subsidiaries.,Con,1992,Right,"{""1.10e+07"":1,""1.16e+07"":1,""1.52e+07"":1,""1.53e+07"":1,""1.86e+07"":1,""1.87e+07"":1,""1.93e+07"":1,""2.08e+07"":-1,""2.09e+07"":1}"
manifestos_econ_ideology_984,40006991,Already under the Private Finance Initiative the private sector is contributing some £1 billion to investment in roads and achieving significant savings in construction costs.,Con,1997,Right,"{""1.19e+07"":1,""1.49e+07"":1,""1.51e+07"":1,""1.52e+07"":1,""1.86e+07"":1,""1.87e+07"":1,""1.98e+07"":1,""2.01e+07"":1,""2.02e+07"":-1,""2.06e+07"":1,""2.12e+07"":1,""2.14e+07"":0,""7918256"":1,""7995027"":1,""933218"":1}"
manifestos_econ_ideology_985,1120000841,"That was opposed by the Conservatives, who are now pledged to abolish the New Deal.",Lab,2001,Left,"{""1.30e+07"":-1,""1.51e+07"":-1,""1.93e+07"":-1,""2.03e+07"":-1}"
manifestos_econ_ideology_986,1160010051,"A Conservative government will transform this 'dumb', unresponsive network and create an 'electricity internet' - a highly interactive network, based on a new smart grid that will interact with smart meters in people's homes, to manage supply and demand.",Con,2010,Right,"{""1.52e+07"":1}"
manifestos_econ_ideology_987,40001701,Our competitive advantage comes from the lower costs facing our businesses.,Con,1997,Right,"{""1.19e+07"":1,""1.32e+07"":1,""1.80e+07"":1,""1.81e+07"":1,""1.98e+07"":1,""2.09e+07"":1,""2.12e+07"":1,""2.13e+07"":1,""2.14e+07"":1,""5280406"":1,""6591328"":1,""7918256"":1,""7954010"":1,""8968750"":1,""946983"":0}"
manifestos_econ_ideology_988,1180001921,We will compel banks to keep more capital and create 'living wills' so that should they fail there will be no danger of that failure spreading.,Lab,2010,Right,"{""1.52e+07"":1,""1.57e+07"":1}"
manifestos_econ_ideology_989,1160012201,"We will be completely transparent about the cost and performance of DFI D programmes by independently evaluating programmes and by introducing, where appropriate, payment by results.",Con,2010,Left,"{""1.10e+07"":-1}"
manifestos_econ_ideology_990,1160001451,These are the eight Benchmarks for Britain.,Con,2010,Right,"{""1.52e+07"":1}"
manifestos_econ_ideology_991,1070007591,We also believe that new freedoms for scheme members will strengthen accountability and benefit investors.,Con,1992,Right,"{""1.10e+07"":1,""1.30e+07"":1,""1.51e+07"":1,""1.57e+07"":1}"
manifestos_econ_ideology_992,1130003471,A Conservative Government will call a halt to Labour's plans to concrete over our green fields.,Con,2005,Right,"{""1.57e+07"":1}"
manifestos_econ_ideology_993,1120008851,"By 2004, arts funding will be 60 per cent above its 1997 level in real terms.",Lab,2001,Left,"{""1.10e+07"":-1,""1.63e+07"":-1,""1.68e+07"":-1}"
manifestos_econ_ideology_994,1090001811,"Regional agencies will become powerhouses for industrial development, encouraging investment, technology and skills.",Lab,1992,Right,"{""1.42e+07"":1}"
manifestos_econ_ideology_995,1170002081,Setting aside extra money for schools who want to improve the energy efficiency of their buildings.,LD,2010,Left,"{""1.10e+07"":-1,""1.51e+07"":-1,""1.57e+07"":-1}"
manifestos_econ_ideology_996,1080003651,"Reversing the decline in the Merchant Fleet. For economic and defence reasons, we will boost British shipping and promote recruitment and training for the Merchant Navy.",LD,1992,Left,"{""1.10e+07"":-1,""1.42e+07"":-1,""1.52e+07"":-1}"
manifestos_econ_ideology_997,1110005371,"It is a great indictment of the Governments of Margaret Thatcher, John Major and Tony Blair that all of them allowed the gap between rich and poor people in Britain to become wider than before.",LD,2001,Left,"{""1.10e+07"":-1,""1.30e+07"":-1,""1.42e+07"":-1}"
manifestos_econ_ideology_998,1150006771,They have the right to expect help from government.,Lab,2005,Left,"{""1.57e+07"":-1}"
manifestos_econ_ideology_999,20006471,Rural areas with severe economic problems should be designated to receive aid from the European Community regional fund,LD,1987,Left,"{""1.53e+07"":-1,""1.74e+07"":-1,""1.86e+07"":-1,""1.96e+07"":-1,""1.98e+07"":-1,""2.08e+07"":-1,""2.09e+07"":-1,""2.12e+07"":-1,""3307853"":-1,""5112203"":-1,""5536796"":-1,""6066983"":-1,""6161328"":-1,""7918256"":-1,""946983"":-1,""9703593"":-1}"
manifestos_econ_ideology_1000,1180012701,We will push for the establishment of a Global Council on Child Hunger.,Lab,2010,Left,"{""1.10e+07"":-1}"
manifestos_econ_ideology_1001,1170002531,Creating a dynamic environment for science and innovation. Britain's future depends on a vibrant research base and the ability of innovators to exploit the country's intellectual capital to generate new homegrown high tech industries.,LD,2010,Left,"{""1.10e+07"":-1}"
manifestos_econ_ideology_1002,1120008441,We will set up a University of the NHS to guarantee to staff at all levels opportunities for training and career development.,Lab,2001,Left,"{""1.10e+07"":-1,""1.30e+07"":-1}"
manifestos_econ_ideology_1003,1160008461,We will tackle wasteful government procurement projects by: strengthening the role of the Chief Information Officer to get a grip on government ICT projects,Con,2010,Right,"{""1.52e+07"":1,""1.57e+07"":1}"
manifestos_econ_ideology_1004,1080008781,The reform of our outdated and undemocratic voting system in particular is the change which will make other reforms possible and is the key to a successful future.,LD,1992,Left,"{""1.10e+07"":-1}"
manifestos_econ_ideology_1005,1120011371,Photo caption: Security in retirement state pensions to rise.,Lab,2001,Left,"{""1.10e+07"":-1,""1.45e+07"":-1,""1.52e+07"":-1,""1.93e+07"":-1}"
manifestos_econ_ideology_1006,1180009511,The licence-fee is guaranteed for the ten-year Royal Charter that took effect on 1 January 2007.,Lab,2010,Right,"{""1.57e+07"":1}"
manifestos_econ_ideology_1007,1070003991,We will abolish unnecessary licences and reduce the need for specific approvals for product design.,Con,1992,Right,"{""1.41e+07"":1,""1.57e+07"":1,""1.68e+07"":1,""5647650"":1,""6342862"":1}"
manifestos_econ_ideology_1008,1160006011,"For people with a chronic illness or a long-term condition, we will provide access to a single budget that combines their health and social care funding, which they can tailor to their own needs.",Con,2010,Left,"{""1.10e+07"":-1,""1.51e+07"":-1}"
manifestos_econ_ideology_1009,1070006921,And our universities are attracting increasing numbers of foreign students.,Con,1992,Right,"{""1.42e+07"":1}"
manifestos_econ_ideology_1010,1170003441,"Reform current bursary schemes to create a National Bursary Scheme for students, so that each university gets a bursary budget suited to the needs of its students.",LD,2010,Left,"{""1.10e+07"":-1}"
manifestos_econ_ideology_1011,1090001501,"A new top rate income tax of 50 per cent will apply to individuals with an income of at least £40,000 this year.",Lab,1992,Left,"{""1.10e+07"":-1,""1.41e+07"":-1,""1.51e+07"":-1,""1.52e+07"":-1,""1.93e+07"":-1}"
manifestos_econ_ideology_1012,1170004101,Reform the National Lottery.,LD,2010,Right,"{""1.51e+07"":1}"
manifestos_econ_ideology_1013,1180000671,"People have suffered too much with their jobs, livelihoods and confidence to allow a return to the same old ways.",Lab,2010,Left,"{""1.10e+07"":-1}"
manifestos_econ_ideology_1014,1110006481,Competition and open markets are by far the best guarantee of wealth creation.,LD,2001,Right,"{""1.10e+07"":1,""1.18e+07"":1,""1.30e+07"":1,""1.42e+07"":1}"
manifestos_econ_ideology_1015,1120009211,"by opportunities to train as you work, through modern apprenticeships and the right to time off to study ",Lab,2001,Left,"{""1.63e+07"":-1,""2.03e+07"":-1}"
manifestos_econ_ideology_1016,1110009891,This means ensuring that the principle of subsidiarity is fully respected.,LD,2001,Left,"{""1.30e+07"":-1}"
manifestos_econ_ideology_1017,1110000981,Promote a wider availability of complementary medicines and healthcare through the NHS to take maximum advantage of different approaches to health.,LD,2001,Left,"{""1.45e+07"":-1}"
manifestos_econ_ideology_1018,10003521,Labour totally fail to understand the benefits this brings to everyone.,Con,1987,Right,"{""1.24e+07"":1,""1.49e+07"":1,""1.81e+07"":1,""2.00e+07"":1,""2.01e+07"":1,""2.09e+07"":1,""2.10e+07"":-1,""2.11e+07"":1,""2.12e+07"":1,""2.13e+07"":1,""313343"":1,""5751985"":1,""8968750"":1}"
manifestos_econ_ideology_1019,1080003401,"Water District Discount. According to the Government, water bills will rise by 50% within the next few years.",LD,1992,Left,"{""1.10e+07"":-1,""1.52e+07"":-1,""1.76e+07"":-1,""2.03e+07"":-1}"
manifestos_econ_ideology_1020,1120006821,We have improved pay and training for headteachers and delegated more funding to schools.,Lab,2001,Left,"{""1.10e+07"":-1,""1.30e+07"":-1}"
manifestos_econ_ideology_1021,1170002451,"Mutuals give people a proper stake in the places they work, spreading wealth through society, and bringing innovative and imaginative business ideas to bear on meeting local needs.",LD,2010,Right,"{""1.40e+07"":1,""1.57e+07"":1,""1.68e+07"":1}"
manifestos_econ_ideology_1022,1120004621,An assessment of the tests will be carried out early in the next Parliament.,Lab,2001,Left,"{""6342862"":-1}"
manifestos_econ_ideology_1023,1120011421,carers will be better able to combine work and care,Lab,2001,Left,"{""1.13e+07"":-1,""1.57e+07"":-1,""1.96e+07"":-1}"
manifestos_econ_ideology_1024,1070004221,We will sell certain rail services and franchise others.,Con,1992,Right,"{""1.41e+07"":1,""1.52e+07"":1,""1.57e+07"":1,""5647650"":1}"
manifestos_econ_ideology_1025,1080002451,"We will encourage the introduction of a system of child care vounchers, provided by employers to parents with children under school age.",LD,1992,Left,"{""1.52e+07"":-1,""1.68e+07"":-1}"
manifestos_econ_ideology_1026,1120004691,Every employee now has the right to four weeks' paid holiday,Lab,2001,Left,"{""1.10e+07"":-1,""1.30e+07"":-1,""1.51e+07"":-1,""1.68e+07"":-1}"
manifestos_econ_ideology_1027,1120005281,"We will conduct a scientific review of how to prevent animal disease outbreaks from occurring in the future, and will introduce tough rules to back this up.",Lab,2001,Left,"{""1.10e+07"":-1}"
manifestos_econ_ideology_1028,1120004011,"Supertrams will transform transport in our big cities, with 25 new light rail or tram schemes.",Lab,2001,Left,"{""1.10e+07"":-1}"
manifestos_econ_ideology_1029,1100003011,Expensive new medicines - such as Beta Interferon for multiple sclerosis - will be funded direct to doctors from a budget set by the Secretary of State.,Con,2001,Left,"{""1.51e+07"":-1,""1.68e+07"":-1}"
manifestos_econ_ideology_1030,1160006361,"pay the student loan repayments for top Maths and Science graduates for as long as they remain teachers, by redirecting some of the current teacher training budget",Con,2010,Left,"{""1.51e+07"":-1,""1.57e+07"":-1}"
manifestos_econ_ideology_1031,1080003381,"We will continue nuclear research, but at a lower cost.",LD,1992,Left,"{""1.10e+07"":-1}"
manifestos_econ_ideology_1032,1180004681,"But every parent rightly wants far more, so our primary curriculum reforms will create more flexibility for teachers to offer a broad, challenging and engaging education, with opportunities to play sport, and to take part in arts, culture and music, including the chance to learn a musical instrument.",Lab,2010,Left,"{""1.10e+07"":-1}"
manifestos_econ_ideology_1033,1170007341,"Introduce a minimum level for the Single Farm Payment and concentrate future reductions on the highest claims so that big landowners get less, and the money goes to working farmers who need it, not people who farm one field as a hobby.",LD,2010,Left,"{""1.10e+07"":-1,""1.82e+07"":-1}"
manifestos_econ_ideology_1034,1130003921,"In a reformed Europe, the restrictive employment laws of the Social Chapter will have to give way to more flexible working.",Con,2005,Right,"{""1.95e+07"":1,""6342862"":1}"
manifestos_econ_ideology_1035,1110004221,This will be reinforced by increasing the level of penalties which polluters have to pay and the introduction of legislation on corporate environmental liability.,LD,2001,Left,"{""1.30e+07"":-1,""1.42e+07"":-1}"
manifestos_econ_ideology_1036,1160002951,"Over the last decade, other countries have cut their tax rates while our tax system has become one of the most complex in the world.",Con,2010,Right,"{""1.57e+07"":1,""1.61e+07"":1,""1.82e+07"":1,""1.93e+07"":1}"
manifestos_econ_ideology_1037,1180005411,Access to psychological therapy for those who need it.,Lab,2010,Left,"{""1.57e+07"":-1}"
manifestos_econ_ideology_1038,1140003571,They want the freedom to succeed.,LD,2005,Right,"{""1.30e+07"":1,""1.42e+07"":1,""1911075"":1,""2.00e+07"":1}"
manifestos_econ_ideology_1039,1120001101,The philosophy was wrong - it hurt millions of families and left our country with lasting problems.,Lab,2001,Left,"{""1.10e+07"":-1,""1.30e+07"":-1}"
manifestos_econ_ideology_1040,1090004751,Business will be encouraged to have environmental audits.,Lab,1992,Left,"{""1.42e+07"":-1}"
manifestos_econ_ideology_1041,1110001811,Small wonder that there is now a grave shortage of teachers.,LD,2001,Left,"{""1.95e+07"":-1}"
manifestos_econ_ideology_1042,60007971,A Labour government will review the distribution of lottery proceeds to ensure that there is the widest possible access to the benefits of lottery revenues throughout the UK.,Lab,1997,Left,"{""1.01e+07"":-1,""1.09e+07"":-1,""1.19e+07"":-1,""1.24e+07"":-1,""1.32e+07"":-1,""2.00e+07"":-1,""2.09e+07"":0,""2.13e+07"":-1,""38397"":-1,""568434"":-1,""6320843"":1,""6340793"":-1}"
manifestos_econ_ideology_1043,1070009711,The cash increases in each of the three years up to 1992-93 have been the biggest ever.,Con,1992,Right,"{""1.51e+07"":1,""1.68e+07"":1}"
manifestos_econ_ideology_1044,1090003961,"Business rates will become a local tax again, with rate rebates for small firms.",Lab,1992,Right,"{""1.53e+07"":1,""2.03e+07"":1,""2.18e+07"":1,""2.21e+07"":1}"
manifestos_econ_ideology_1045,1070016581,"We will promote the work of the Countryside Council for Wales, in order to protect the countryside and those who earn their livelihood there.",Con,1992,Right,"{""1.18e+07"":1}"
manifestos_econ_ideology_1046,1070001611,The Liberal Democrats would cause even more damage to Britain's defences.,Con,1992,Right,"{""1.30e+07"":1}"
manifestos_econ_ideology_1047,40003661,We will protect the value of Child Benefit and Family Credit which help with the cost of bringing up children.,Con,1997,Left,"{""1.15e+07"":-1,""1.24e+07"":-1,""1.49e+07"":-1,""1.52e+07"":-1,""1.93e+07"":-1,""2.06e+07"":1,""2.08e+07"":-1,""2.11e+07"":-1,""2.13e+07"":-1,""2793302"":-1,""37796"":1,""4680678"":-1,""7918256"":-1,""7954010"":-1,""8836799"":-1,""946983"":-1}"
manifestos_econ_ideology_1048,1150006451,"We shall continue to encourage innovation and reform through the use of the independent sector to add capacity to, and drive contestability within, the NHS.",Lab,2005,Right,"{""1.57e+07"":1}"
manifestos_econ_ideology_1049,1180009761,protecting distinctive landscapes while enabling environmentally sensitive development.,Lab,2010,Left,"{""6340562"":-1}"
manifestos_econ_ideology_1050,1120009961,The minimum wage is the foundation.,Lab,2001,Left,"{""1.42e+07"":-1,""1.57e+07"":-1,""1.68e+07"":-1,""1.93e+07"":-1,""2.03e+07"":-1}"
manifestos_econ_ideology_1051,10000891,"Wider Ownership and Greater Opportunity. Conservatives aim to extend as widely as possible the opportunity to own property and build up capital, to exercise real choice in education, and to develop economic independence and security.",Con,1987,Right,"{""1.24e+07"":1,""1.53e+07"":1,""1.86e+07"":1,""1.98e+07"":1,""2.05e+07"":1,""2.08e+07"":1,""2.09e+07"":1,""2.11e+07"":1,""2.13e+07"":1,""2.14e+07"":1,""313343"":1,""8836799"":1,""946983"":1}"
manifestos_econ_ideology_1052,1070007291,We intend to make training credits available to all 16 year-olds and 17 year-olds within the lifetime of the new Parliament.,Con,1992,Left,"{""1.57e+07"":-1}"
manifestos_econ_ideology_1053,1150007541,We will pilot individual budgets for older people by the end of this year.,Lab,2005,Left,"{""1.10e+07"":-1,""1.40e+07"":-1,""1.42e+07"":-1,""1.57e+07"":-1}"
manifestos_econ_ideology_1054,40011411,ENTERPRISE: Support growth and investment by keeping Britain the lowest tax major economy in Europe.,Con,1997,Right,"{""1.09e+07"":1,""1.10e+07"":1,""1.11e+07"":0,""1.13e+07"":1,""1.16e+07"":1,""1.18e+07"":1,""1.30e+07"":1,""1.40e+07"":1,""1.41e+07"":1,""1.42e+07"":1,""1.45e+07"":1,""1.51e+07"":1,""1.52e+07"":1,""1.53e+07"":1,""1.57e+07"":1,""1.63e+07"":1,""1.68e+07"":1,""1.72e+07"":1,""1.73e+07"":1,""1.74e+07"":1,""1.75e+07"":-1,""1.81e+07"":1,""1.83e+07"":1,""1.87e+07"":1,""1.88e+07"":1,""1.91e+07"":-1,""1.93e+07"":1,""1.97e+07"":1,""153565"":1,""2.01e+07"":-1,""2.02e+07"":1,""2.04e+07"":1,""2.06e+07"":1,""2.08e+07"":1,""2.09e+07"":1,""2.10e+07"":1,""2.11e+07"":1,""2.12e+07"":1,""2.13e+07"":1,""5647650"":1,""6339908"":1,""9289597"":1}"
manifestos_econ_ideology_1055,1100006441,This will be all the more important in the light of the disastrous impact of Foot and Mouth disease on the whole sector.,Con,2001,Left,"{""1.10e+07"":-1}"
manifestos_econ_ideology_1056,1090003111,We will then continue steadily to increase the share of Britain's national wealth invested in education.,Lab,1992,Left,"{""1.10e+07"":-1,""1.42e+07"":-1,""1.68e+07"":-1}"
manifestos_econ_ideology_1057,40001671,"Britain is enjoying more jobs and record investment, thanks to the competitive edge we have over other European countries.",Con,1997,Right,"{""1.13e+07"":1,""1.52e+07"":1,""1.81e+07"":0,""1.83e+07"":0,""2.01e+07"":1,""2.05e+07"":1,""2.12e+07"":1,""2.13e+07"":1,""4680678"":1,""6336109"":1,""7918256"":1,""7954010"":1,""8968750"":1}"
manifestos_econ_ideology_1058,60002781,"The Conservatives have in 18 years created the two longest, deepest recessions this century.",Lab,1997,Left,"{""1.19e+07"":-1,""1.20e+07"":-1,""1.49e+07"":0,""1.51e+07"":-1,""1.52e+07"":-1,""1.98e+07"":0,""1837834"":-1,""2.01e+07"":-1,""2.03e+07"":-1,""2.04e+07"":1,""2.07e+07"":-1,""2.10e+07"":-1,""2.14e+07"":-1,""6622539"":-1,""7918256"":-1}"
manifestos_econ_ideology_1059,40002161,Free competition is important for free markets.,Con,1997,Right,"{""1.34e+07"":1,""1.49e+07"":1,""1.53e+07"":1,""1.87e+07"":1,""2.07e+07"":1,""2.09e+07"":1,""2.13e+07"":1,""2.14e+07"":1,""4680678"":1,""6591328"":0,""7918256"":1,""7954010"":1,""8382218"":1,""8968750"":1,""9458742"":1,""946983"":0}"
manifestos_econ_ideology_1060,1070016041,"They do not intend to bring about separation, but run that risk.",Con,1992,Right,"{""2.10e+07"":1}"
manifestos_econ_ideology_1061,1170005121,Invest up to £400 million in refurbishing shipyards in the North of England and Scotland so that they can manufacture offshore wind turbines and other marine renewable energy equipment.,LD,2010,Left,"{""1.10e+07"":-1}"
manifestos_econ_ideology_1062,40001341,We can earn prosperity as one of the world's most successful global trading nations.,Con,1997,Right,"{""1.81e+07"":1,""1.87e+07"":1,""1.93e+07"":1,""2.06e+07"":1,""2.12e+07"":0,""2.13e+07"":1,""2.14e+07"":1,""4680678"":1,""5280406"":1,""7918256"":1,""7954010"":1,""8968750"":1}"
manifestos_econ_ideology_1063,1120010361,and to give more help to those families most in need.,Lab,2001,Left,"{""1.10e+07"":-1,""1.40e+07"":-1,""1.53e+07"":-1,""1.93e+07"":-1,""2.03e+07"":-1}"
manifestos_econ_ideology_1064,1070003601,We intend to lighten the burden of capital taxes and reform the taxation of savings.,Con,1992,Right,"{""1.40e+07"":1,""1.52e+07"":1,""1.66e+07"":1,""1.87e+07"":1,""1.93e+07"":1}"
manifestos_econ_ideology_1065,1180003991,The Royal Mail and its staff are taking welcome and needed steps to modernise work practices.,Lab,2010,Left,"{""1.10e+07"":-1,""1.40e+07"":-1,""1.52e+07"":-1,""1.66e+07"":-1}"
manifestos_econ_ideology_1066,1160010711,"We will minimise and reform on-farm inspections, and abolish the Agricultural Wages Board.",Con,2010,Left,"{""1.51e+07"":-1}"
manifestos_econ_ideology_1067,1150009991,"Many are first-time visitors, with the biggest increases among children.",Lab,2005,Left,"{""1.10e+07"":-1}"
manifestos_econ_ideology_1068,1150010711,"All newly developed communities - such as the Thames Gateway Development - will be built to high environmental standards on issues such as energy efficiency and water use, and we will develop a clear plan to minimise the impact of new communities on the environment.",Lab,2005,Left,"{""1.52e+07"":-1,""1.57e+07"":-1,""6340562"":-1}"
manifestos_econ_ideology_1069,1110010811,"We will press for a fairer global trading system, and do more to assist poor nations.",LD,2001,Left,"{""1.30e+07"":-1}"
manifestos_econ_ideology_1070,40001471,We already have the lowest corporation tax of any major industrialised country.,Con,1997,Right,"{""1.27e+07"":1,""1.32e+07"":1,""1.53e+07"":1,""1.74e+07"":1,""1.75e+07"":1,""1.86e+07"":1,""1.98e+07"":1,""2.00e+07"":1,""2.02e+07"":1,""2.08e+07"":1,""2.09e+07"":1,""2.10e+07"":1,""2.13e+07"":1,""4680678"":1,""7918256"":1,""7954010"":1,""8968750"":1}"
manifestos_econ_ideology_1071,60010511,"no rise in income tax rates, cut VAT on heating to 5 per cent and inflation and interest rates as low as possible  ",Lab,1997,Right,"{""1.18e+07"":1,""1.49e+07"":1,""1.51e+07"":1,""1.52e+07"":1,""1.98e+07"":1,""2.02e+07"":1,""2.06e+07"":1,""2.07e+07"":-1,""2.08e+07"":0,""2.09e+07"":1,""2.11e+07"":1,""2.13e+07"":1,""8382218"":1}"
manifestos_econ_ideology_1072,1140003691,"We will also reform the valuation system to base rates on site values, rather than rental value, which penalises businesses that invest in improving their premises.",LD,2005,Right,"{""1.04e+07"":0,""1.10e+07"":1,""1.30e+07"":1,""1.52e+07"":1,""1.57e+07"":1,""1.66e+07"":1}"
manifestos_econ_ideology_1073,1140000311,I am ambitious for the Liberal Democrats and the Liberal Democrats are the real alternative at this election.,LD,2005,Left,"{""1.63e+07"":-1}"
manifestos_econ_ideology_1074,40006551,"We will guarantee to preserve the national identity, universal service and distinctive characteristics of the Royal Mail, while considering options - including different forms of privatisation - to introduce private capital and management skills into its operations.",Con,1997,Right,"{""1.01e+07"":1,""1.06e+07"":1,""1.10e+07"":1,""1.17e+07"":1,""1.18e+07"":1,""1.19e+07"":1,""1.24e+07"":1,""1.26e+07"":1,""1.27e+07"":-1,""1.30e+07"":1,""1.40e+07"":1,""1.42e+07"":1,""1.45e+07"":1,""1.52e+07"":1,""1.57e+07"":1,""1.63e+07"":1,""1.66e+07"":1,""1.87e+07"":1,""1.95e+07"":1,""2.14e+07"":-1,""2737722"":1,""2793302"":-1,""3280015"":1,""37796"":1,""5112203"":1,""5647650"":1,""568434"":1,""6066983"":1,""714020"":-1,""7918256"":1,""7954010"":1,""7995027"":1,""874567"":-1,""8893451"":1,""8968750"":1,""9703085"":1,""9723768"":1,""9888671"":1}"
manifestos_econ_ideology_1075,1090001891,"Under the Conservatives, Britain has moved from manufacturing trade surplus to manufacturing trade deficit.",Lab,1992,Left,"{""1.10e+07"":-1,""1.40e+07"":-1,""1.52e+07"":-1,""1.68e+07"":-1}"
manifestos_econ_ideology_1076,1180009791,Environmental sustainability cannot be left to individuals and businesses acting alone.,Lab,2010,Left,"{""1.10e+07"":-1,""1.57e+07"":-1}"
manifestos_econ_ideology_1077,10001851,"Second, starting this year, we brought in Personal Equity Plans, which enable people to invest in British industry entirely free of tax.",Con,1987,Right,"{""1.02e+07"":1,""1.10e+07"":1,""1.13e+07"":1,""1.14e+07"":1,""1.16e+07"":1,""1.20e+07"":-1,""1.21e+07"":1,""1.24e+07"":0,""1.27e+07"":1,""1.30e+07"":1,""1.32e+07"":1,""1.40e+07"":1,""1.42e+07"":1,""1.45e+07"":1,""1.49e+07"":1,""1.52e+07"":1,""1.53e+07"":1,""1.57e+07"":1,""1.58e+07"":1,""1.59e+07"":1,""1.63e+07"":1,""1.65e+07"":1,""1.66e+07"":1,""1.68e+07"":-1,""1.72e+07"":1,""1.74e+07"":1,""1.80e+07"":1,""1.82e+07"":1,""1.83e+07"":1,""1.86e+07"":1,""1.87e+07"":1,""1.88e+07"":1,""1.89e+07"":1,""1.90e+07"":1,""1.93e+07"":1,""1.95e+07"":1,""1.98e+07"":1,""1.99e+07"":1,""2.00e+07"":0,""2.01e+07"":1,""2.02e+07"":1,""2.03e+07"":1,""2.04e+07"":1,""2.05e+07"":1,""2.06e+07"":1,""2.07e+07"":1,""2.08e+07"":1,""2.09e+07"":1,""2.10e+07"":1,""2.11e+07"":1,""2.12e+07"":1,""2.13e+07"":1,""2.14e+07"":1,""2.15e+07"":1,""2.18e+07"":1,""6341364"":1,""6376956"":1,""6444018"":1,""8382218"":1,""9293624"":1}"
manifestos_econ_ideology_1078,1080000671,The excessively high income-tax rates inherited from the last Labour Government have been brought down - from a top rate of 83% in 1979 to 40% in 1992.,LD,1992,Right,"{""1.10e+07"":1,""1.30e+07"":1,""1.51e+07"":1,""1.68e+07"":1,""1.93e+07"":1}"
manifestos_econ_ideology_1079,1170004161,We will also ensure that the BBC does not undermine the viability of other media providers through unfair competition based on its public funding and dominant position.,LD,2010,Left,"{""1.10e+07"":-1}"
manifestos_econ_ideology_1080,1090006601,Labour will adamantly oppose any attempts to permit commercial exploitation of the virgin continent of Antarctica.  ,Lab,1992,Left,"{""1.68e+07"":-1}"
manifestos_econ_ideology_1081,1160011061,"Despite fighting two major wars in the last decade, Labour have cut the target for the trained strength of the Army, shrunk the size of the Navy by a fifth and run down the RAF.",Con,2010,Left,"{""1.10e+07"":-1}"
manifestos_econ_ideology_1082,1160001321,"We need to boost enterprise and develop a low carbon, hi-tech economy.",Con,2010,Right,"{""1.10e+07"":1,""1.52e+07"":1,""1.57e+07"":1,""1.93e+07"":1}"
manifestos_econ_ideology_1083,50007891,Reforming the United Nations. Playing a leading role in strengthening and reforming the United Nations should be a central aspect of Britain's foreign policy over the next decade.,LD,1997,Right,"{""1.81e+07"":1}"
manifestos_econ_ideology_1084,1120004051,a hundred new bypasses will reduce accidents and pollution.,Lab,2001,Left,"{""1.10e+07"":-1}"
manifestos_econ_ideology_1085,30001271,"Social ownership of basic utilities like gas and water is vital to ensure that every individual has access to their use and that the companies contribute to Britain's industrial recovery, for instance, by buying British.",Lab,1987,Left,"{""1.01e+07"":-1,""1.04e+07"":-1,""1.09e+07"":-1,""1.10e+07"":1,""1.13e+07"":-1,""1.18e+07"":-1,""1.21e+07"":-1,""1.30e+07"":1,""1.32e+07"":-1,""1.40e+07"":1,""1.42e+07"":-1,""1.45e+07"":-1,""1.51e+07"":-1,""1.52e+07"":1,""1.53e+07"":-1,""1.57e+07"":-1,""1.68e+07"":1,""1.75e+07"":-1,""1.81e+07"":-1,""1.85e+07"":-1,""1.88e+07"":1,""1.93e+07"":-1,""1.98e+07"":-1,""2.00e+07"":-1,""2.01e+07"":-1,""2.02e+07"":-1,""2.05e+07"":-1,""2.06e+07"":1,""2.09e+07"":-1,""2.10e+07"":1,""2.11e+07"":-1,""2.12e+07"":-1,""2.13e+07"":-1,""6338504"":-1,""6340793"":-1,""6342862"":-1,""7634905"":1,""9289597"":1}"
manifestos_econ_ideology_1086,1100000091,Our programme is rooted in the instincts of millions of people whose beliefs are mocked by Labour.,Con,2001,Right,"{""1.51e+07"":1}"
manifestos_econ_ideology_1087,1120003841,"Our ten-year Transport Plan, supported by all the key players, matches large resources with major reform.",Lab,2001,Left,"{""1.10e+07"":-1,""1.53e+07"":-1,""1.98e+07"":-1}"
manifestos_econ_ideology_1088,1150006741,We shall provide safeguards for the few people with long-term mental health problems who need compulsory treatment coupled with appropriate protection for the public.,Lab,2005,Right,"{""1.82e+07"":1}"
manifestos_econ_ideology_1089,1170005931,"But Britain should only join when the economic conditions are right, and in the present economic situation, they are not.",LD,2010,Left,"{""1.10e+07"":-1,""1.11e+07"":-1}"
manifestos_econ_ideology_1090,30001831,"Other hospital staff, on whom the effective running of the service depends, must also be fairly rewarded as part of the effective health team.",Lab,1987,Left,"{""1.11e+07"":-1,""1.74e+07"":-1,""1.81e+07"":-1,""1.87e+07"":-1,""2.02e+07"":1,""2.06e+07"":-1,""2.12e+07"":-1,""2.13e+07"":-1,""4680678"":-1,""5112203"":-1,""8968750"":-1,""946983"":0}"
manifestos_econ_ideology_1091,1070012311,We believe that franchising provides the best way of achieving that.,Con,1992,Right,"{""1.41e+07"":1,""1.68e+07"":1,""1.82e+07"":1}"
manifestos_econ_ideology_1092,1140003671,"We will help small businesses by reforming the business rates system to allow firms with a rateable value of less than £25,000 to claim a business rate allowance of up to £1,500.",LD,2005,Right,"{""1.30e+07"":1,""1.41e+07"":1,""1.42e+07"":1,""1.52e+07"":1,""1.95e+07"":1}"
manifestos_econ_ideology_1093,1070012261,We want to restore the pride and local commitment that died with nationalisation.,Con,1992,Right,"{""1.57e+07"":1,""1.93e+07"":1,""1.95e+07"":1}"
manifestos_econ_ideology_1094,1120008831,National museums are already free for children and pensioners.,Lab,2001,Left,"{""1.10e+07"":-1}"
manifestos_econ_ideology_1095,1100000531,Parents who have taken time out from their careers in order to care for their children will be able to apply for a scholarship to help them undertake vocational or professional training.,Con,2001,Left,"{""1.57e+07"":-1}"
manifestos_econ_ideology_1096,1160004911,National Citizen Service. Building the Big Society means encouraging the concept of public-spirited service - the idea that everyone should play a part in making their communities stronger.,Con,2010,Right,"{""1.57e+07"":1}"
manifestos_econ_ideology_1097,60001081,We will be a radical government.,Lab,1997,Right,"{""2.06e+07"":1,""2.08e+07"":1}"
manifestos_econ_ideology_1098,1120005731,We are committed to create a new department to lead renewal in rural areas Ð a Department for Rural Affairs.,Lab,2001,Left,"{""1.42e+07"":-1}"
manifestos_econ_ideology_1099,1070010661,But Labour policy is hostile to such personal effort,Con,1992,Right,"{""1.52e+07"":1,""1.68e+07"":1,""1.82e+07"":1}"
manifestos_econ_ideology_1100,1080001421,"We will immediately introduce an emergency programme of investment in the infrastructure and in public works in order to get companies and people back to work, thus reducing unemployment by 600,000 over the next two years.",LD,1992,Left,"{""1.10e+07"":-1,""1.40e+07"":-1,""1.41e+07"":-1,""1.52e+07"":-1,""1.93e+07"":-1}"
manifestos_econ_ideology_1101,1150005871,"New investment. NHS spending has doubled since 1997, and will triple by 2008",Lab,2005,Left,"{""1.10e+07"":-1,""1.42e+07"":-1,""1.57e+07"":-1}"
manifestos_econ_ideology_1102,1070015751,We will continue to provide substantial financial assistance for the protection and preservation of the heritage.,Con,1992,Left,"{""1.10e+07"":-1,""1.57e+07"":-1}"
manifestos_econ_ideology_1103,1140000841,Green Action. The environment features on every page of this manifesto - a strong green thread running through everything we do and promise.,LD,2005,Left,"{""1.73e+07"":-1}"
manifestos_econ_ideology_1104,20004581,The remainder will be paid for from increased tax revenues and from changes which will make the tax system fairer.,LD,1987,Left,"{""1.01e+07"":1,""1.02e+07"":-1,""1.06e+07"":-1,""1.10e+07"":-1,""1.14e+07"":-1,""1.27e+07"":-1,""1.40e+07"":-1,""1.41e+07"":-1,""1.42e+07"":-1,""1.52e+07"":-1,""1.57e+07"":-1,""1.59e+07"":-1,""1.61e+07"":-1,""1.68e+07"":-1,""1.81e+07"":-1,""1.84e+07"":-1,""1.85e+07"":-1,""1.88e+07"":1,""1.89e+07"":-1,""1.93e+07"":-1,""1.95e+07"":1,""1.97e+07"":0,""1.98e+07"":-1,""1185415"":-1,""2.00e+07"":-1,""2.03e+07"":-1,""2.04e+07"":1,""2.05e+07"":1,""2.06e+07"":-1,""2.07e+07"":-1,""2.08e+07"":1,""2.09e+07"":-1,""2.10e+07"":-1,""2.11e+07"":-1,""2.12e+07"":-1,""2.14e+07"":-1,""5280406"":-1,""7424964"":-1,""7918256"":-1,""7954010"":-1,""8382218"":-1,""8968750"":-1,""946983"":-1}"
manifestos_econ_ideology_1105,1070012471,We will be prepared to sell stations - which we want to be centres of activity - either to franchisees or independent companies.,Con,1992,Right,"{""1.51e+07"":1,""1.53e+07"":1,""1.57e+07"":1,""1.63e+07"":1,""1.93e+07"":1}"
manifestos_econ_ideology_1106,40010151,"We will not put that achievement at risk by signing up to the Social Chapter, which would open the door to imposing the high costs of the European social model on British business.",Con,1997,Right,"{""1.49e+07"":1,""1.52e+07"":1,""1.88e+07"":1,""1.98e+07"":1,""1171781"":1,""2.00e+07"":0,""2.07e+07"":1,""2.08e+07"":1,""2.09e+07"":1,""2.11e+07"":1,""2.13e+07"":1,""3307853"":1,""886"":1,""8968750"":1,""9775837"":1}"
manifestos_econ_ideology_1107,1130001041,A Conservative Government will negotiate to restore our opt-out from the European Social Chapter and liberate small businesses from jobdestroying employment legislation.,Con,2005,Right,"{""1.30e+07"":1,""1.40e+07"":1,""1.63e+07"":1,""1.95e+07"":1}"
manifestos_econ_ideology_1108,1150001591,Supporting enterprise. Government does not create wealth but it must support the wealth creators.,Lab,2005,Right,"{""1.52e+07"":1,""1.57e+07"":1,""1.63e+07"":1,""1.68e+07"":1,""2.05e+07"":1}"
manifestos_econ_ideology_1109,1110000771,"This means providing 3,000 extra beds on top of the government' current plans.",LD,2001,Left,"{""1.45e+07"":-1}"
manifestos_econ_ideology_1110,1110004971,Improve railway safety.,LD,2001,Right,"{""1.42e+07"":1}"
manifestos_econ_ideology_1111,1150001091,"Our strong, effective and responsive armed forces are ensuring the defence of Britain's interests.",Lab,2005,Left,"{""1.84e+07"":-1}"
manifestos_econ_ideology_1112,1070017001,THE CHALLENGE AHEAD. The challenges of the 1990s demand a responsible and sure-footed government which understands the nature of the achievements of the 1980s and is ready to build successfully on them.,Con,1992,Right,"{""1.57e+07"":1}"
manifestos_econ_ideology_1113,1100003301,"But we will go further in helping older pensioners, who tend to be poorer.",Con,2001,Left,"{""1.10e+07"":-1,""1.40e+07"":-1,""1.87e+07"":-1,""1.93e+07"":-1,""2.03e+07"":-1}"
manifestos_econ_ideology_1114,1110011141,"Introduce Stronger Environmental Objectives. We will campaign to introduce stronger environmental objectives into the Common Agricultural Policy, lending and investment policies of the IMF, World Bank and regional development banks.",LD,2001,Left,"{""1.42e+07"":-1,""1.57e+07"":-1}"
manifestos_econ_ideology_1115,1120006071,Services need to be highly responsive to the demands of users.,Lab,2001,Left,"{""1.63e+07"":-1}"
manifestos_econ_ideology_1116,1180002451,"We are investing in the most ambitious plan of any industrialised country to ensure a digital Britain for all, extending access to every home and business.",Lab,2010,Right,"{""1.40e+07"":1,""1.52e+07"":1,""1.57e+07"":1}"
manifestos_econ_ideology_1117,1110000911,The British Dental Association estimates that this would bring back the equivalent of 1000 full-time dentists to NHS work.,LD,2001,Left,"{""1.57e+07"":-1}"
manifestos_econ_ideology_1118,1070003321,"We have abolished several taxes completely including the surcharge on income from savings, the National Insurance Surcharge, Development Land Tax, and Capital Transfer Tax.",Con,1992,Right,"{""1.53e+07"":1,""1.80e+07"":1,""2.13e+07"":1,""2.19e+07"":1}"
manifestos_econ_ideology_1119,1180001941,In the UK the new Council for Financial Stability will monitor and help address asset bubbles and financial imbalances.,Lab,2010,Left,"{""1.10e+07"":-1,""1.82e+07"":-1,""1911075"":-1}"
manifestos_econ_ideology_1120,1180012011,"We have invested hundreds of millions of pounds to reverse a legacy of decades of neglect of forces' accommodation, and we are helping service personnel get onto the housing ladder.",Lab,2010,Left,"{""1.10e+07"":-1,""1.40e+07"":-1,""1.52e+07"":-1,""1.57e+07"":-1,""1.66e+07"":-1}"
manifestos_econ_ideology_1121,1150006611," In order to increase choices for patients with cancer we will double the investment going into palliative care services, giving more people the choice to be treated at home.",Lab,2005,Left,"{""1.82e+07"":-1}"
manifestos_econ_ideology_1122,1110000561,"It is short of staff, beds, hospitals and residential homes.",LD,2001,Left,"{""1.42e+07"":-1}"
manifestos_econ_ideology_1123,1180006641,Our new agenda for families must reflect the change in working patterns that has emerged over the last 20 years.,Lab,2010,Left,"{""1.45e+07"":-1,""1.52e+07"":-1}"
manifestos_econ_ideology_1124,1160003141,"To encourage new businesses to start up, we will reduce the number of forms needed to register a new business - moving towards a 'one-click' registration model - to make Britain the fastest place in the world to start a business, and end the restrictions on social tenants starting a business from their homes.",Con,2010,Right,"{""1.10e+07"":1,""1.52e+07"":1,""1.57e+07"":1,""1.68e+07"":1,""1.93e+07"":1}"
manifestos_econ_ideology_1125,1160003491,"This is the first step towards achieving our vision of creating a national high speed rail network to join up major cities across England, Scotland and Wales.",Con,2010,Right,"{""1.52e+07"":1}"
manifestos_econ_ideology_1126,1160010311,We will push for reform of the Common Agricultural and Fisheries Policies to promote sustainable farming and fishing.,Con,2010,Left,"{""1.10e+07"":-1,""1.51e+07"":-1}"
manifestos_econ_ideology_1127,1120006091,"Where private-sector providers can support public endeavour, we should use them.",Lab,2001,Right,"{""1.10e+07"":1,""1.45e+07"":1,""1.93e+07"":1}"
manifestos_econ_ideology_1128,1150010571,We have created the Big Lottery Fund and given it an explicit mandate to involve people not just in setting strategy but also in awarding grants.,Lab,2005,Left,"{""1.10e+07"":-1,""1.30e+07"":-1,""1.82e+07"":-1}"
manifestos_econ_ideology_1129,1170007371,"We believe that a greater proportion of that support should be targeted at conservation, the environment and tackling climate change, as well as at providing food security for a rapidly growing world population.",LD,2010,Left,"{""1.82e+07"":-1}"
manifestos_econ_ideology_1130,1080005781,Unpaid work will at last be recognised as valuable.,LD,1992,Left,"{""1.10e+07"":-1,""1.51e+07"":-1,""1.52e+07"":-1,""1.68e+07"":-1}"
manifestos_econ_ideology_1131,1100005821,Foot and Mouth: A Strategy for Recovery. Conservatives have played a constructive role throughout the Foot and Mouth crisis.,Con,2001,Left,"{""1.10e+07"":-1}"
manifestos_econ_ideology_1132,40002261,"2.5 million people now have tax free savings in PEP accounts, and 4.5 million in TESSAs.",Con,1997,Right,"{""1.32e+07"":1,""1.52e+07"":1,""1.89e+07"":1,""1.93e+07"":1,""1.98e+07"":1,""2.06e+07"":1,""2.08e+07"":1,""2.09e+07"":1,""2.11e+07"":1,""2.13e+07"":1,""5280406"":1,""7918256"":-1,""7954010"":1,""8382218"":1,""8968750"":1,""946983"":0}"
manifestos_econ_ideology_1133,1140003881,Promote clean energy.,LD,2005,Left,"{""1.42e+07"":-1}"
manifestos_econ_ideology_1134,1090000761,Equivalent arrangements will be made in Scotland.,Lab,1992,Left,"{""1.68e+07"":-1}"
manifestos_econ_ideology_1135,10008241,The wasteful and unnecessary tier of the GLC and metropolitan counties has been eliminated - to the substantial benefit of ratepayers.,Con,1987,Right,"{""1.13e+07"":0,""1.24e+07"":1,""1.52e+07"":1,""1.81e+07"":1,""1.85e+07"":1,""1.98e+07"":1,""2.03e+07"":1,""2.06e+07"":1,""2.09e+07"":1,""2.10e+07"":-1,""2.13e+07"":1,""37796"":1,""5112203"":1,""6340793"":1,""8893451"":1,""9888671"":1}"
manifestos_econ_ideology_1136,1120011091,"With Labour, the basic state pension will rise by 2003 to £77 a week for a single pensioner and £123 a week for a pensioner couple.",Lab,2001,Left,"{""1.57e+07"":-1,""1.63e+07"":-1,""1.93e+07"":-1,""1.95e+07"":-1,""2.01e+07"":-1}"
manifestos_econ_ideology_1137,10008751,introduce new laws on air pollution and dangerous wastes,Con,1987,Left,"{""1.53e+07"":-1,""1.75e+07"":-1,""2.12e+07"":1,""2.13e+07"":-1,""2.14e+07"":-1,""313343"":-1,""3559862"":-1,""8968750"":-1}"
manifestos_econ_ideology_1138,1180012781,They need to be more effective but also more inclusive.,Lab,2010,Right,"{""1.57e+07"":1}"
manifestos_econ_ideology_1139,1140008201,WE PROPOSE: Never again.,LD,2005,Right,"{""1.40e+07"":1,""1.87e+07"":1}"
manifestos_econ_ideology_1140,1140008191,WE OPPOSE: Bush & Blair On Iraq.,LD,2005,Right,"{""1.87e+07"":1}"
manifestos_econ_ideology_1141,1110005661,"This would eventually help around 3.4 million people, mainly women, carers and long-term disabled people.",LD,2001,Left,"{""1.10e+07"":-1,""1.16e+07"":-1,""1.30e+07"":-1,""1.82e+07"":-1,""1.87e+07"":-1}"
manifestos_econ_ideology_1142,1120002831,We are pledged to raise health and education spending for the next three years at twice the rate of the Conservative years.,Lab,2001,Left,"{""1.10e+07"":-1,""1.30e+07"":-1,""1.53e+07"":-1,""1.63e+07"":-1}"
manifestos_econ_ideology_1143,1140004781,"On top of the Chancellor's plans to increase Council Tax yet again, Council Tax revaluation in England in 2007 threatens one in three households with huge and arbitrary rises, as is already happening in Wales.",LD,2005,Right,"{""1.30e+07"":1,""1.52e+07"":1,""1.73e+07"":1,""1.82e+07"":1,""1.93e+07"":1}"
manifestos_econ_ideology_1144,1110005471,It is quite possible to target the poorest people in society without resorting to means tests.,LD,2001,Left,"{""1.10e+07"":-1,""1.30e+07"":-1,""1.42e+07"":-1,""1.82e+07"":-1,""2.03e+07"":-1}"
manifestos_econ_ideology_1145,1120008821,Since 1997 that has changed.,Lab,2001,Left,"{""1.10e+07"":-1,""1.68e+07"":-1,""2.03e+07"":-1}"
manifestos_econ_ideology_1146,1070017081,"For public consumption, Labour leaders purport to have jettisoned the principles of a life-time.",Con,1992,Left,"{""1.51e+07"":-1}"
manifestos_econ_ideology_1147,10004601,We will continue the successful programme of privatisation.,Con,1987,Right,"{""1.10e+07"":1,""1.11e+07"":1,""1.21e+07"":1,""1.40e+07"":1,""1.42e+07"":1,""1.44e+07"":1,""1.45e+07"":1,""1.51e+07"":1,""1.52e+07"":1,""1.53e+07"":1,""1.57e+07"":1,""1.59e+07"":1,""1.68e+07"":1,""1.79e+07"":1,""1.87e+07"":1,""1.90e+07"":1,""1.93e+07"":1,""1.95e+07"":1,""1.98e+07"":1,""120118"":1,""2.00e+07"":1,""2.01e+07"":1,""2.05e+07"":1,""2.08e+07"":1,""2.11e+07"":1,""2.12e+07"":1,""2.13e+07"":1,""2.14e+07"":1,""2.20e+07"":1,""2209950"":1,""2361265"":1,""2793302"":1,""5993386"":1,""7918256"":1,""8382218"":1,""886"":1}"
manifestos_econ_ideology_1148,1160012221,We will ensure British aid money is properly spent by publishing full details of British aid on the DFI D website.,Con,2010,Left,"{""1.10e+07"":-1}"
manifestos_econ_ideology_1149,1180009351,"We will consult on putting the Compact Commission - which sets guidelines for effective partnership working between government and the third sector in Britain - on a statutory footing, and ensure greater support for the Compact at local level.",Lab,2010,Right,"{""1.40e+07"":1}"
manifestos_econ_ideology_1150,1070003721,"Setting the Economy Free. Starting with the abolition of exchange controls in 1979, the Government has created new incentives for every part of our economy.",Con,1992,Right,"{""1.51e+07"":1,""1.52e+07"":1,""1.57e+07"":1,""1.66e+07"":1,""1.68e+07"":1}"
manifestos_econ_ideology_1151,1140001671,I want our young people to maximise their potential by being free to choose the most appropriate university course without fear of a mountain of debt.,LD,2005,Left,"{""1.30e+07"":-1,""1.42e+07"":-1}"
manifestos_econ_ideology_1152,1120005221,Some local authorities will continue to provide high-quality council housing.,Lab,2001,Left,"{""1.10e+07"":-1,""1.30e+07"":-1,""1.53e+07"":-1,""1.68e+07"":-1}"
manifestos_econ_ideology_1153,1170001961,Regional Stock Exchanges will be a route for businesses to access equity without the heavy regulatory requirements of a London listing.,LD,2010,Right,"{""1.10e+07"":1,""1.52e+07"":1,""1.57e+07"":1}"
manifestos_econ_ideology_1154,1130000511,It's time for action.,Con,2005,Right,"{""2.05e+07"":1}"
manifestos_econ_ideology_1155,60009641,pursue tough action against unfair state aids;,Lab,1997,Right,"{""1.24e+07"":1,""1.34e+07"":1,""1.52e+07"":1,""1.90e+07"":-1,""1054502"":1,""2.13e+07"":1,""2.14e+07"":0,""5112203"":1,""8273320"":1}"
manifestos_econ_ideology_1156,1080002621,This will also make it easier to measure the impact of economic policy on the environment.,LD,1992,Right,"{""1.88e+07"":1}"
manifestos_econ_ideology_1157,1120002301,establish a new Pension Credit for lower- and middle-income pensioners ,Lab,2001,Left,"{""1.10e+07"":-1,""1.30e+07"":-1,""1.51e+07"":-1,""1.53e+07"":-1,""1.93e+07"":-1}"
manifestos_econ_ideology_1158,1160008131,We will reform the Civil Service Compensation Scheme to bring it more into line with practice in the private sector.,Con,2010,Right,"{""1.57e+07"":1,""1.80e+07"":1,""1.87e+07"":1,""2.19e+07"":0,""2.20e+07"":1,""3097987"":1}"
manifestos_econ_ideology_1159,1160002101,"Given our commitment to carry out a Strategic Defence and Security Review, it would also not be appropriate to make in-year reductions to the existing defence budget in 2010/11.",Con,2010,Left,"{""1.10e+07"":-1,""1.82e+07"":-1}"
manifestos_econ_ideology_1160,1140007931,3.Cleaner power.,LD,2005,Left,"{""1.63e+07"":-1}"
manifestos_econ_ideology_1161,1080002141,Promoting Enterprise. Government needs to provide an immediate impetus to get the economy moving.,LD,1992,Right,"{""1.40e+07"":1,""1.68e+07"":1,""1.82e+07"":1,""1.93e+07"":1,""2.05e+07"":1}"
manifestos_econ_ideology_1162,1080004891,We will establish a proper career structure for research fellows and set up a Pay Review Body for academic and non-academic staff to halt the brain drain.,LD,1992,Left,"{""1.51e+07"":-1}"
manifestos_econ_ideology_1163,1180003071,We are determined that no-one should be scarred for life by joblessness.,Lab,2010,Left,"{""1.10e+07"":-1,""1.40e+07"":-1,""1.52e+07"":-1,""1.57e+07"":-1,""1.66e+07"":-1}"
manifestos_econ_ideology_1164,1110011641,"Over time, we will cut the 10p tax rate to zero so nobody pays any tax on their earnings up to £6,500.",LD,2001,Right,"{""1.10e+07"":1,""1.30e+07"":1,""1.53e+07"":1,""1.88e+07"":1,""2.03e+07"":1}"
manifestos_econ_ideology_1165,1150008141,"We stand by the principle that absent parents should make a fair contribution to the cost of the upkeep of their children, and we are committed to tackling the backlog of Child Support Agency claims as efficiently and fairly as possible.",Lab,2005,Left,"{""1.82e+07"":-1}"
manifestos_econ_ideology_1166,1120005641,"and the Post Office is now obliged to prevent closure of rural post offices except in unavoidable circumstances, with £270 million to help achieve this and recruit sub-postmasters.",Lab,2001,Left,"{""1.10e+07"":-1,""1.30e+07"":-1,""1.53e+07"":-1}"
manifestos_econ_ideology_1167,20004821,LONG-TERM UNEMPLOYED. We will establish a new premium under the income support scheme for the long-term unemployed without dependent children of £3.50 a week for a single person and £5 for a couple,LD,1987,Left,"{""1.03e+07"":-1,""1.10e+07"":-1,""1.30e+07"":-1,""1.40e+07"":-1,""1.41e+07"":-1,""1.42e+07"":-1,""1.44e+07"":1,""1.45e+07"":-1,""1.47e+07"":1,""1.51e+07"":1,""1.52e+07"":-1,""1.57e+07"":-1,""1.58e+07"":-1,""1.68e+07"":-1,""1.81e+07"":-1,""1.85e+07"":-1,""1.86e+07"":-1,""1.88e+07"":-1,""1.93e+07"":-1,""1.97e+07"":-1,""1.98e+07"":-1,""2.04e+07"":-1,""2.05e+07"":-1,""2.06e+07"":-1,""2.08e+07"":-1,""2.09e+07"":-1,""2.12e+07"":-1,""2.13e+07"":-1,""2.21e+07"":-1,""3626598"":-1,""6336109"":-1,""6564635"":-1,""9004400"":-1,""9723768"":-1}"
manifestos_econ_ideology_1168,1110006021,We will work with colleagues in Europe to agree zero-rating of VAT on all energy conservation materials within the EU.,LD,2001,Left,"{""1.10e+07"":-1,""1.30e+07"":-1,""1.52e+07"":-1}"
manifestos_econ_ideology_1169,1170000441,"To do that, we need to be clear and honest about the failures that caused the problems we face, and set a clear, hopeful course for a different, better future.",LD,2010,Right,"{""1.52e+07"":1}"
manifestos_econ_ideology_1170,1070015941,We will back the work of the Broadcasting Standards Council and remain vigilant about ensuring high standards in satellite broadcasts from abroad.,Con,1992,Left,"{""1.52e+07"":-1}"
manifestos_econ_ideology_1171,1080005831,We will increase Child Benefit by GBP 1 per week for each child.,LD,1992,Left,"{""1.10e+07"":-1,""1.40e+07"":-1,""1.52e+07"":-1,""1.63e+07"":-1}"
manifestos_econ_ideology_1172,1140006931,We will protect essential 'lifeline' routes to remote UK communities.,LD,2005,Left,"{""1.51e+07"":-1,""1.63e+07"":-1}"
manifestos_econ_ideology_1173,1160007641,"Make politics more accountable. We will clean up politics: the expenses, the lobbying and problems with party funding.",Con,2010,Right,"{""2.21e+07"":1}"
manifestos_econ_ideology_1174,1140004731,It's time to cut the Whitehall red tape and absurd rules.,LD,2005,Right,"{""1.13e+07"":1,""1.30e+07"":1,""1.42e+07"":1,""1.52e+07"":1}"
manifestos_econ_ideology_1175,1070016351,We will respond to the proposals of the Howie Committee to ensure that upper secondary education matches the best in Europe.,Con,1992,Left,"{""1911075"":-1}"
manifestos_econ_ideology_1176,1170005571,We will also take measures against 'vulture funds' and lobby for similar action at international level.,LD,2010,Left,"{""1.10e+07"":-1}"
manifestos_econ_ideology_1177,1090002951,"Our Department of Health and Community Care, with a new Minister of State for Community Care, will develop a high-quality programme of community care which responds to what users want.",Lab,1992,Left,"{""1.45e+07"":-1}"
manifestos_econ_ideology_1178,1090002341,But there is no minimum wage for all employees.,Lab,1992,Left,"{""1.10e+07"":-1,""1.45e+07"":-1,""1.52e+07"":-1,""1.68e+07"":-1,""1.93e+07"":-1}"
manifestos_econ_ideology_1179,1160007871,We will consult with the Independent Parliamentary Standards Authority on how to move away from the generous final-salary pension system for MPs.,Con,2010,Left,"{""1.10e+07"":-1,""1.52e+07"":-1,""1.82e+07"":-1}"
manifestos_econ_ideology_1180,1120008351,"Hospitals and other local services will have greater control over their own affairs and access to a £500 million performance fund, while consistently failing NHS hospitals will be taken over by successful NHS hospitals.",Lab,2001,Left,"{""1.10e+07"":-1,""1.30e+07"":-1,""1.41e+07"":-1,""1.68e+07"":-1}"
manifestos_econ_ideology_1181,1150001271,"Only with Labour, which constructed this framework, will this continue.",Lab,2005,Left,"{""1.52e+07"":-1,""1.63e+07"":-1,""1.68e+07"":-1}"
manifestos_econ_ideology_1182,1120003811,Transport. A strong economy needs good transport.,Lab,2001,Left,"{""1.10e+07"":-1,""1.40e+07"":-1}"
manifestos_econ_ideology_1183,30000461,Neil Kinnock.,Lab,1987,Left,"{""2.13e+07"":-1,""2.14e+07"":-1}"
manifestos_econ_ideology_1184,1080001641,We do not believe it is government's job to run business - people do that much better.,LD,1992,Right,"{""1.10e+07"":1,""1.52e+07"":1,""1.57e+07"":1,""1.63e+07"":1,""1.93e+07"":1}"
manifestos_econ_ideology_1185,1120015471,"The International Labour Organisation (ILO) is the place to set labour standards, but we believe there should be closer co-operation between the ILO and WTO through the creation of a joint standing forum of the two organisations.",Lab,2001,Left,"{""1.10e+07"":-1}"
manifestos_econ_ideology_1186,10002931,make independently supervised postal ballots compulsory for such elections,Con,1987,Right,"{""1.22e+07"":1,""1.49e+07"":1,""1.87e+07"":1,""1.95e+07"":1,""2.13e+07"":-1,""946983"":1}"
manifestos_econ_ideology_1187,1150009931,"Through the National Endowment for Science, Technology and the Arts (NESTA) we are funding the Creative Pioneer Academy which will develop the entrepreneurial skills of recent graduates with outstanding talents and original business ideas - and for some there will be the offer of up to £35,000 to start their own business.",Lab,2005,Left,"{""1.52e+07"":-1,""1.57e+07"":-1,""2.05e+07"":-1}"
manifestos_econ_ideology_1188,1180008871,Creative Bursaries will support the most artistically gifted young people in their early professional careers.,Lab,2010,Left,"{""1.57e+07"":-1}"
manifestos_econ_ideology_1189,1100000771,These Centres will make sure disruptive pupils get specialist help to overcome their problems so that where possible they may return to mainstream schools.,Con,2001,Left,"{""1.51e+07"":-1}"
manifestos_econ_ideology_1190,1110004961,We will create a new independent body within the STA with responsibility for timetabling.,LD,2001,Left,"{""1.10e+07"":-1}"
manifestos_econ_ideology_1191,1100003501,Long term care. We also want to tackle another problem which preys on the minds of many people as they become older - meeting the costs of long-term care.,Con,2001,Left,"{""1.10e+07"":-1,""1.45e+07"":-1,""1.68e+07"":-1}"
manifestos_econ_ideology_1192,1130001031,"As well as keeping taxes low, we must reduce the burdens on business through deregulation.",Con,2005,Right,"{""1.30e+07"":1,""1.45e+07"":1,""1.57e+07"":1,""1.63e+07"":1,""1.82e+07"":1}"
manifestos_econ_ideology_1193,1110007221,"Mandatory standards and labels for buildings, machinery, vehicles and appliances, together with lower VAT on energy conservation materials, will encourage householders and businesses to cut energy use.",LD,2001,Left,"{""1.30e+07"":-1,""6355305"":-1}"
manifestos_econ_ideology_1194,1170004341,Support efforts by childcare providers to encourage more men to work in this hugely important and undervalued profession.,LD,2010,Left,"{""1.52e+07"":-1}"
manifestos_econ_ideology_1195,10003371,High taxes deprive people of their independence and make their choices for them.,Con,1987,Right,"{""1.03e+07"":1,""1.10e+07"":-1,""1.11e+07"":1,""1.24e+07"":1,""1.26e+07"":1,""1.30e+07"":1,""1.32e+07"":1,""1.51e+07"":1,""1.52e+07"":1,""1.53e+07"":1,""1.57e+07"":1,""1.66e+07"":1,""1.68e+07"":1,""1.80e+07"":1,""1.84e+07"":1,""1.93e+07"":1,""1131056"":1,""2.00e+07"":1,""2.01e+07"":1,""2.03e+07"":1,""2.04e+07"":1,""2.06e+07"":1,""2.09e+07"":1,""2.10e+07"":1,""2.11e+07"":1,""2.12e+07"":1,""2.13e+07"":1,""2.14e+07"":1,""2.20e+07"":1,""2.21e+07"":1,""2361265"":1,""37796"":1,""5112203"":1,""5983773"":1,""8382218"":-1,""8483290"":1,""8893451"":1}"
manifestos_econ_ideology_1196,1110006621,"Business. Business people want to get on with running their companies, creating wealth and providing more opportunities for their staff.",LD,2001,Right,"{""1.10e+07"":1,""1.30e+07"":1,""1.42e+07"":1,""1.45e+07"":1,""6355305"":1}"
manifestos_econ_ideology_1197,1160007611,Taking power away from the political elite and handing it to the man and woman in the street.,Con,2010,Right,"{""1.57e+07"":1}"
manifestos_econ_ideology_1198,1170001241,"We will also introduce an additional, higher rate of PPD on domestic flights if realistic alternative and less polluting travel is available.",LD,2010,Left,"{""1.40e+07"":-1,""1.57e+07"":-1}"
manifestos_econ_ideology_1199,1120009801,All lone parents will be invited to employment interviews to help them seek employment opportunities.,Lab,2001,Left,"{""1.10e+07"":-1,""1.84e+07"":-1,""1.93e+07"":-1}"
manifestos_econ_ideology_1200,1160012391,"and, encourage the establishment of a Pan-African Free Trade Area, which has the potential to transform that continent's economies.",Con,2010,Left,"{""1.10e+07"":-1}"
manifestos_econ_ideology_1201,1070012141,Airlines now operate 50 per cent more flights.,Con,1992,Right,"{""1.82e+07"":1}"
manifestos_econ_ideology_1202,1110001831,We will do this by establishing a maximum average class size of 25 in each local authority' primary schools. ,LD,2001,Right,"{""1.95e+07"":1}"
manifestos_econ_ideology_1203,1160003401,"and, require that students must usually leave the country and reapply if they want to switch to another course or apply for a work permit.",Con,2010,Right,"{""1.82e+07"":1}"
manifestos_econ_ideology_1204,1070002181,We have cut direct tax rates.,Con,1992,Right,"{""1.51e+07"":1,""1.52e+07"":1,""1.66e+07"":1,""1.87e+07"":1,""1.93e+07"":1}"
manifestos_econ_ideology_1205,1160002931,Encourage enterprise. We will improve Britain's international rankings for tax competitiveness and business regulation.,Con,2010,Right,"{""1.10e+07"":1,""1.40e+07"":1,""1.52e+07"":1,""1.57e+07"":1,""1.82e+07"":1}"
manifestos_econ_ideology_1206,1180002881,"A National Minimum Wage rising at least in line with average earnings, and a new £40-a-week Better Off in Work guarantee.",Lab,2010,Left,"{""1.10e+07"":-1,""1.40e+07"":-1,""1.52e+07"":-1,""1.57e+07"":-1,""1.82e+07"":-1}"
manifestos_econ_ideology_1207,1070004031,They lead to the creation of world-class companies.,Con,1992,Right,"{""1.52e+07"":1,""1.57e+07"":1,""1.68e+07"":1,""2.05e+07"":1}"
manifestos_econ_ideology_1208,40001111,No Conservative government will jeopardise this achievement.,Con,1997,Right,"{""1.42e+07"":1,""1.74e+07"":1,""1.96e+07"":1,""2.01e+07"":1,""2.04e+07"":1,""2.08e+07"":1,""2.09e+07"":1,""2.14e+07"":1,""7954010"":1,""8968750"":1}"
manifestos_econ_ideology_1209,1070005771,"We will legislate to set up a new independent regulator to advise on issues affecting Post Office customers, and on the progressive introduction of competition.",Con,1992,Right,"{""1.10e+07"":1,""1.51e+07"":1,""1.52e+07"":1,""1.57e+07"":1}"
manifestos_econ_ideology_1210,1070004471,"For instance, electricity disconnections for debt have fallen by 43 per cent since the launch of privatisation.",Con,1992,Right,"{""1.40e+07"":1,""1.51e+07"":1,""1.52e+07"":1,""1.68e+07"":1}"
manifestos_econ_ideology_1211,1140001101,To reduce the risk of illness going undetected we will end the charges for eye and dental check-ups which deter people from coming forward for testing.,LD,2005,Left,"{""1.42e+07"":-1,""1.82e+07"":-1,""1.87e+07"":-1}"
manifestos_econ_ideology_1212,1110002021,Every Child Matters: Books and Equipment. There are still too many schools having to make do with dog-eared and outdated textbooks shared between several pupils.,LD,2001,Left,"{""1.30e+07"":-1}"
manifestos_econ_ideology_1213,1080000651,Trade unions have become more responsible and democratic.,LD,1992,Right,"{""1.57e+07"":1,""1.93e+07"":1,""1.95e+07"":1}"
manifestos_econ_ideology_1214,1150009451,"We remain committed to achieving a 20 per cent reduction in carbon dioxide emissions on 1990 levels by 2010, and our review of progress this summer will show us how to get back on track.",Lab,2005,Right,"{""1.84e+07"":1}"
manifestos_econ_ideology_1215,1170005431,"Meeting Britain's obligations to the developing world. Liberal Democrats are committed to working towards a world free from poverty, inequality and injustice and meeting the Millennium Development Goals is a vital first step.",LD,2010,Left,"{""1.10e+07"":-1}"
manifestos_econ_ideology_1216,10003651,We have slashed public borrowing and sought savings in government expenditure wherever they could sensibly be found.,Con,1987,Right,"{""1.01e+07"":1,""1.03e+07"":1,""1.06e+07"":1,""1.10e+07"":1,""1.12e+07"":1,""1.13e+07"":1,""1.14e+07"":-1,""1.16e+07"":1,""1.30e+07"":1,""1.40e+07"":1,""1.42e+07"":1,""1.45e+07"":1,""1.49e+07"":1,""1.51e+07"":1,""1.52e+07"":1,""1.53e+07"":1,""1.56e+07"":1,""1.58e+07"":0,""1.63e+07"":1,""1.66e+07"":-1,""1.81e+07"":1,""1.82e+07"":0,""1.88e+07"":1,""1.93e+07"":1,""1.95e+07"":0,""1.97e+07"":1,""2.00e+07"":1,""2.01e+07"":1,""2.05e+07"":1,""2.06e+07"":1,""2.07e+07"":1,""2.08e+07"":1,""2.09e+07"":1,""2.10e+07"":1,""2.11e+07"":1,""2.12e+07"":1,""2.13e+07"":1,""2.18e+07"":-1,""2647839"":1,""45190"":-1,""6340562"":1,""6394076"":1,""9932120"":1}"
manifestos_econ_ideology_1217,1070012671,Bus deregulation outside London has increased mileage by 16 per cent.,Con,1992,Right,"{""1.53e+07"":1,""1.95e+07"":1,""2.05e+07"":1,""5993386"":1,""6342862"":1,""7918256"":1}"
manifestos_econ_ideology_1218,1110005181,"We will work at the European level to ensure that the whole system of aviation fuel taxation is reformed internationally, as part of a longer-term strategy for reducing energy use and pollution through cleaner fuels and more efficient aircraft.",LD,2001,Left,"{""1.10e+07"":-1,""1.30e+07"":-1,""1.42e+07"":-1}"
manifestos_econ_ideology_1219,1130004021,"We believe that British aid programmes are among the best in the world, so we will negotiate to increase British national control over our international aid spending.",Con,2005,Left,"{""1.30e+07"":-1}"
manifestos_econ_ideology_1220,1070010651,"That is why we must encourage people to build up savings, investments, and occupational and personal pensions.",Con,1992,Right,"{""1.10e+07"":1,""1.57e+07"":1,""1.68e+07"":1,""1.93e+07"":1,""1.95e+07"":1}"
manifestos_econ_ideology_1221,1170003421,"We have a financially responsible plan to phase fees out over six years, so that the change is affordable even in these difficult economic times, and without cutting university income.",LD,2010,Left,"{""1.10e+07"":-1,""1.57e+07"":-1,""2.02e+07"":-1}"
manifestos_econ_ideology_1222,1090003781,We will open it up to new groups such as low-paid and part-time workers.,Lab,1992,Left,"{""1.40e+07"":-1,""1.57e+07"":-1,""1.68e+07"":-1,""1.82e+07"":-1,""2.05e+07"":-1,""2.09e+07"":-1,""5993386"":-1,""7918256"":-1,""886"":-1}"
manifestos_econ_ideology_1223,1180003981,"We are firmly committed to the 28 million homes and businesses across the country receiving mail six days a week, with the promise that one price goes everywhere.",Lab,2010,Left,"{""1.10e+07"":-1,""1.40e+07"":-1,""1.57e+07"":-1}"
manifestos_econ_ideology_1224,1090002251,"We will opt in to the Social Chapter of the new European Treaty and introduce employment standards common in successful economies, including the best health and safety legislation.",Lab,1992,Left,"{""1.10e+07"":-1,""1.52e+07"":-1,""1.57e+07"":-1}"
manifestos_econ_ideology_1225,1180011741,"Reform the UN, International Financial Institutions, the G8 and G20, and NATO to adapt to the new global challenges.",Lab,2010,Left,"{""1.10e+07"":-1}"
manifestos_econ_ideology_1226,1180009061,we will extend these to all new government-funded building programmes.,Lab,2010,Left,"{""1.42e+07"":-1,""1.91e+07"":-1,""6342862"":-1}"
manifestos_econ_ideology_1227,1140007301,We will cut the excessive number of government departments and reduce the number of government ministers by over a third.,LD,2005,Right,"{""1.57e+07"":1,""1.63e+07"":1}"
manifestos_econ_ideology_1228,1160003001,That is why we will ensure that by far the largest part of the burden of dealing with the deficit falls on lower spending rather than higher taxes.,Con,2010,Right,"{""1.40e+07"":1,""1.52e+07"":1,""1.57e+07"":1,""1.82e+07"":1}"
manifestos_econ_ideology_1229,1150006701,We shall extend case-management for the 18 million people with long-term conditions.,Lab,2005,Left,"{""1.66e+07"":-1}"
manifestos_econ_ideology_1230,1150009521,"Now, for the first time ever the UK has a clear timetable - 2013 - for achieving the UN target of 0.7 per cent of national income devoted to development.",Lab,2005,Left,"{""1.10e+07"":-1,""1.42e+07"":-1}"
manifestos_econ_ideology_1231,1070016721,"This requires progress in four areas: security, economic, social and political.",Con,1992,Right,"{""1.68e+07"":1}"
manifestos_econ_ideology_1232,1100002311,We will enhance the independence of the Bank of England's Monetary Policy Committee.,Con,2001,Right,"{""1.10e+07"":1,""1.51e+07"":1,""1.57e+07"":1,""1.68e+07"":1}"
manifestos_econ_ideology_1233,1080002161,"This will only be possible if we encourage a climate of investment, enterprise and partnership.",LD,1992,Right,"{""1.10e+07"":1,""1.41e+07"":1,""1.51e+07"":1,""1.52e+07"":1,""1.88e+07"":1}"
manifestos_econ_ideology_1234,1180009421,The strength of Britain's film industry is a source of pride.,Lab,2010,Right,"{""1.84e+07"":1}"
manifestos_econ_ideology_1235,1130000851,"Whereas Labour want to make people more dependent on the State, we believe that lower taxes help families build their financial independence and security.",Con,2005,Right,"{""1.30e+07"":1,""1.57e+07"":1,""1.63e+07"":1,""1.82e+07"":1,""2.00e+07"":1}"
manifestos_econ_ideology_1236,1070004301,We will maintain our programme of compulsory competitive tendering of local authority services.,Con,1992,Right,"{""1.53e+07"":1,""1.65e+07"":1,""2.06e+07"":1,""6340562"":1}"
manifestos_econ_ideology_1237,10004721,We will continue this approach.,Con,1987,Right,"{""1.24e+07"":1,""1.49e+07"":1,""1.52e+07"":1,""1.64e+07"":1,""1.89e+07"":1,""1.98e+07"":1,""2.10e+07"":1,""2.11e+07"":-1,""3559862"":1}"
manifestos_econ_ideology_1238,1180002261,"We will back those who want to get on, work their way up, and generate wealth.",Lab,2010,Right,"{""1.57e+07"":1,""7990814"":1}"
manifestos_econ_ideology_1239,1090002531,"Unlike the Conservatives, we will not impose any new health charges.",Lab,1992,Left,"{""1.10e+07"":-1,""1.42e+07"":-1,""1.68e+07"":-1}"
manifestos_econ_ideology_1240,1180002561,We will consult fully on legislation to take forward our high-speed rail plans within the next Parliament.,Lab,2010,Right,"{""1.52e+07"":1}"
manifestos_econ_ideology_1241,1170000131,"That despite endless warm words from politicians, our climate is in danger?",LD,2010,Right,"{""1.84e+07"":1}"
manifestos_econ_ideology_1242,20004841,We will establish clear criteria of eligibility for special payments and a right of independent appeal and will ensure that the very poor receive extra money to cover heating costs,LD,1987,Left,"{""1.09e+07"":-1,""1.10e+07"":-1,""1.13e+07"":-1,""1.19e+07"":-1,""1.24e+07"":-1,""1.26e+07"":-1,""1.30e+07"":-1,""1.40e+07"":-1,""1.41e+07"":-1,""1.42e+07"":-1,""1.51e+07"":1,""1.52e+07"":-1,""1.57e+07"":-1,""1.68e+07"":-1,""1.93e+07"":-1,""1.95e+07"":1,""1911075"":-1,""2.03e+07"":-1,""2.13e+07"":-1,""2361265"":-1,""2737722"":-1,""2849677"":1,""313343"":-1,""3280015"":-1,""3559862"":-1,""37796"":-1,""5112203"":-1,""5751985"":-1,""6066983"":-1,""6340562"":-1,""6355305"":-1,""7918256"":-1,""7954010"":-1,""7995027"":-1,""8836799"":-1,""8893451"":-1,""8968750"":-1,""933218"":-1,""946983"":-1,""9703593"":1,""9888671"":1}"
manifestos_econ_ideology_1243,1080003461,"Making Transport Clean and Efficient. By expanding the provision and quality of public transport and reducing society's dependence on the private car, we will improve travel efficiency and protect the environment.",LD,1992,Left,"{""1.52e+07"":-1}"
manifestos_econ_ideology_1244,40009451,"They add excitement, fun and enjoyment to our lives.",Con,1997,Right,"{""2.12e+07"":1}"
manifestos_econ_ideology_1245,10000971,These opportunities - all too often introduced n the teeth of fierce resistance from the Opposition parties - have achieved spectacular results.,Con,1987,Right,"{""1.24e+07"":1,""1.52e+07"":1,""1.54e+07"":1,""1.85e+07"":1,""1.87e+07"":1,""2.02e+07"":1,""2.06e+07"":1,""2.10e+07"":1,""2.11e+07"":-1,""313343"":1,""3559862"":1,""8769423"":-1}"
manifestos_econ_ideology_1246,1090003871,"Occupational and personal pension schemes will have to guarantee a minimum pension before they can contract out, and guarantee equal treatment for men and women.",Lab,1992,Left,"{""1.10e+07"":-1,""1.45e+07"":-1,""1.57e+07"":-1,""1.68e+07"":-1,""1.93e+07"":-1}"
manifestos_econ_ideology_1247,1150010231,"Together with £155 million from the Big Lottery Fund, the Government will ensure that children who have had little access to play facilities and those with a disability have much better access to safe, modern playgrounds.",Lab,2005,Left,"{""1.10e+07"":-1,""1.57e+07"":-1,""2.05e+07"":-1,""5013710"":-1}"
manifestos_econ_ideology_1248,1160007721,"We will start by cleaning up the expenses system to ensure MPs live by the same standards as the people who give them their jobs, and by curbing the way in which former Ministers have secured lobbying jobs by exploiting their contacts.",Con,2010,Left,"{""5647650"":-1}"
manifestos_econ_ideology_1249,1090002431,Modernising the National Health Service. This election will decide the future of the NHS.,Lab,1992,Left,"{""1.86e+07"":-1}"
manifestos_econ_ideology_1250,1070003421,"By applying a 20p rate to the first £2,000 of taxable income, we have cut taxes for all 25 million taxpayers, and taken the four million on lowest incomes out of 25p tax altogether.",Con,1992,Right,"{""1.41e+07"":1,""1.51e+07"":1,""1.52e+07"":1,""1.57e+07"":1,""9289597"":1}"
manifestos_econ_ideology_1251,30001231, Create a new Ministry of Science and Technology to promote a major increase in research and development.,Lab,1987,Left,"{""1.98e+07"":-1,""2.11e+07"":-1,""2.13e+07"":-1,""2785872"":-1,""6340562"":1,""946983"":-1}"
manifestos_econ_ideology_1252,30000191,The Tories say they are 'proud of their record'.,Lab,1987,Left,"{""1.71e+07"":-1,""1.74e+07"":-1,""2.08e+07"":0,""2.10e+07"":-1}"
manifestos_econ_ideology_1253,1070002571,To keep firm control over public spending.,Con,1992,Right,"{""1.30e+07"":1,""1.42e+07"":1,""1.45e+07"":1,""1.53e+07"":1,""1.74e+07"":1,""1.86e+07"":1,""1.93e+07"":1,""1.98e+07"":1,""2.08e+07"":1,""2.09e+07"":1,""2.11e+07"":1,""2.12e+07"":1,""6342862"":1}"
manifestos_econ_ideology_1254,1070004001,"We will back British companies encountering any discrimination, trade barriers or state subsidies that should no longer exist within the Single Market.",Con,1992,Right,"{""1.87e+07"":1,""2.19e+07"":1,""2.20e+07"":1}"
manifestos_econ_ideology_1255,1180006761,We will continue to support older people in getting involved in their community by providing matched funding for community projects.,Lab,2010,Left,"{""1.10e+07"":-1,""1.53e+07"":-1}"
manifestos_econ_ideology_1256,1110002271,"We will also establish Departments within Ofsted for each of the various areas which it inspects (such as Early Years and Schools), and ensure each is headed up by someone with technical expertise in the subject.",LD,2001,Left,"{""1.82e+07"":-1}"
manifestos_econ_ideology_1257,1140003681,This would represent a saving of over £600 a year for the majority of small businesses.,LD,2005,Right,"{""1.10e+07"":1,""1.11e+07"":1,""1.13e+07"":1,""1.40e+07"":1,""1.52e+07"":1,""2.05e+07"":1}"
manifestos_econ_ideology_1258,1110000881,Liberal Democrats will:  Inject an extra £500 million over five years into dental services.,LD,2001,Left,"{""1.10e+07"":-1,""1.30e+07"":-1,""1.45e+07"":-1}"
manifestos_econ_ideology_1259,1160009011,"and, reform the governance arrangements in football to enable co-operative ownership models to be established by supporters.",Con,2010,Right,"{""1.87e+07"":1}"
manifestos_econ_ideology_1260,1120008371,"NHS staff. None of these ambitions will be possible without major investment in the skill, working conditions and working practices of all NHS staff.",Lab,2001,Left,"{""1.10e+07"":-1}"
manifestos_econ_ideology_1261,1140004621,Yet successive Conservative and Labour governments have stripped power from local communities.,LD,2005,Right,"{""1.84e+07"":1}"
manifestos_econ_ideology_1262,1180001081,"But we will go further, introducing fixed-term parliaments, banning MPs from paid second jobs that pose a conflict of interest, and providing for a free vote in Parliament to widen the franchise to 16 and 17 year olds.",Lab,2010,Left,"{""1.10e+07"":-1}"
manifestos_econ_ideology_1263,1180010791,MPs who are found responsible for financial misconduct will be subject to a right of recall if Parliament itself has failed to act against them.,Lab,2010,Left,"{""1.10e+07"":-1}"
manifestos_econ_ideology_1264,1150006401,And we will continue to expand the role of nurses.,Lab,2005,Left,"{""1.82e+07"":-1}"
manifestos_econ_ideology_1265,1140005931,"Working through the EU and the World Trade Organisation, we will seek to remove the subsidies and tariff barriers that prevent the poorest countries in the world selling their goods on fair terms.",LD,2005,Left,"{""1.42e+07"":-1,""1.57e+07"":-1,""1.73e+07"":-1}"
manifestos_econ_ideology_1266,1150001231,"In our third term we will build new ladders of social mobility and advancement on the firm foundations of stability, investment and growth.",Lab,2005,Right,"{""1.40e+07"":1,""2.05e+07"":1}"
manifestos_econ_ideology_1267,40008891,We will use the planning system to ensure that more new homes are built on reclaimed sites in our towns and cities.,Con,1997,Left,"{""1.20e+07"":-1,""1.45e+07"":-1,""1.51e+07"":-1,""1.52e+07"":-1,""1.54e+07"":-1,""1.83e+07"":0,""1.98e+07"":-1,""2.02e+07"":-1,""2.10e+07"":-1,""2.11e+07"":0,""2.13e+07"":-1,""2.14e+07"":-1}"
manifestos_econ_ideology_1268,1070002211,"We will promote enterprise through low taxes, sound money and a stable currency.",Con,1992,Right,"{""1.13e+07"":1,""1.51e+07"":1,""1.52e+07"":1,""1.57e+07"":1,""9289597"":1}"
manifestos_econ_ideology_1269,1120017221,£4.5 billion extra in real terms is being spent this year on pensioners.,Lab,2001,Left,"{""1.40e+07"":-1,""1.42e+07"":-1,""1.45e+07"":-1,""1.51e+07"":-1,""1.57e+07"":-1}"
manifestos_econ_ideology_1270,1120003761,We are committed to making the switchover from analogue to digital signals as soon as conditions for access and cost have been met.,Lab,2001,Left,"{""1.10e+07"":-1}"
manifestos_econ_ideology_1271,1080006891,Building a Citizen's Europe. January 1993 will bring the single market.,LD,1992,Left,"{""1.41e+07"":-1,""1.52e+07"":-1,""1.88e+07"":-1}"
manifestos_econ_ideology_1272,1170001701,We will also target payments towards those who need them most.,LD,2010,Left,"{""1.10e+07"":-1,""1.52e+07"":-1,""1.57e+07"":-1}"
manifestos_econ_ideology_1273,1150007971,"For older children up to the age of 14 extended schools, working in partnership with the private and voluntary sectors, will offer affordable out-of-school childcare from 8am to 6pm throughout the year, with a range of arts, music, sport and study support.",Lab,2005,Left,"{""1.10e+07"":-1}"
manifestos_econ_ideology_1274,1140003211,"We oppose the increasing complexity of business taxes and we will consult with business on a simpler and fairer system, giving priority to helping small businesses.",LD,2005,Right,"{""1.40e+07"":1,""1.52e+07"":1,""1.85e+07"":1,""1.88e+07"":1,""1.93e+07"":1}"
manifestos_econ_ideology_1275,10005031,increased competition by deregulating long-distance coach services and abolishing local bus licensing.,Con,1987,Right,"{""1.24e+07"":1,""1.49e+07"":1,""1.80e+07"":1,""1.98e+07"":1,""2.00e+07"":1,""2.06e+07"":1,""2.11e+07"":1,""2.12e+07"":1,""2.13e+07"":1,""2.14e+07"":0,""313343"":1,""5112203"":1,""6591328"":1,""8968750"":1,""9458742"":1,""946983"":1}"
manifestos_econ_ideology_1276,1180010401,"Our air, rivers and beaches are now the cleanest they have been since the height of the industrial revolution.",Lab,2010,Left,"{""1.66e+07"":-1}"
manifestos_econ_ideology_1277,1080003511,"We will construct a high-speed link from the Channel Tunnel to connect with the major rail routes to the North and West, and extend electrification throughout the country.",LD,1992,Left,"{""1.40e+07"":-1,""1.52e+07"":-1}"
manifestos_econ_ideology_1278,1170008391,To confirm the departmental spending shifts necessary to deliver our core manifesto commitments.,LD,2010,Right,"{""1.52e+07"":1,""1.84e+07"":1,""2.01e+07"":1}"
manifestos_econ_ideology_1279,10003561,We believe that it is precisely the wrong thing to do.,Con,1987,Right,"{""1.01e+07"":1,""1.19e+07"":1,""1.21e+07"":1,""1.24e+07"":1,""1.25e+07"":1,""1.32e+07"":1,""1.41e+07"":1,""1.42e+07"":1,""1.49e+07"":-1,""1.52e+07"":1,""1.78e+07"":1,""1.81e+07"":1,""1.82e+07"":1,""1.85e+07"":1,""1.87e+07"":1,""1.96e+07"":1,""1.98e+07"":1,""132058"":1,""2.01e+07"":1,""2.06e+07"":1,""2.08e+07"":1,""2.10e+07"":1,""2.11e+07"":1,""2.12e+07"":-1,""2.13e+07"":1,""2.14e+07"":-1,""2737722"":-1,""5537363"":1,""568434"":1,""6002241"":1,""6066983"":1,""6320843"":-1,""7557336"":1,""787803"":1,""7954010"":1,""7995027"":1,""8382218"":1,""881561"":1,""9485888"":1,""9703593"":-1}"
manifestos_econ_ideology_1280,1150007261,"On pensions, our aim is a system that provides security and decency for all, which encourages and rewards saving, and is financially sustainable.",Lab,2005,Left,"{""1.40e+07"":-1,""1.41e+07"":-1,""1.52e+07"":-1,""1.68e+07"":-1,""1.82e+07"":-1}"
manifestos_econ_ideology_1281,1140003451,They are much worse today.,LD,2005,Right,"{""1.13e+07"":1,""1.52e+07"":1,""1.82e+07"":1}"
manifestos_econ_ideology_1282,1120015071,"To enable the European Union to act where NATO chooses not to, the EU should improve its military capabilities for humanitarian, peace-keeping and crisis management tasks.",Lab,2001,Left,"{""1.10e+07"":-1}"
manifestos_econ_ideology_1283,1110009091,Protect tenant farmers by funding a targeted early retirement and new entrant scheme and by reassessing diversification schemes to allow tenants more scope to diversify.,LD,2001,Left,"{""1.10e+07"":-1,""1.30e+07"":-1,""1.42e+07"":-1,""2.03e+07"":-1}"
manifestos_econ_ideology_1284,10009601,Yet it was the deployment of Cruise and Pershing missiles which brought the Soviet Union back to the negotiating table.,Con,1987,Right,"{""2.13e+07"":1}"
manifestos_econ_ideology_1285,1180004791,"All secondary school pupils will have a Personal Tutor of Studies, and we will work with schools to extend one-to-one or small-group tuition to pupils in the run-up to their GCSEs.",Lab,2010,Left,"{""1.84e+07"":-1}"
manifestos_econ_ideology_1286,1100000181,It's time for common sense.,Con,2001,Left,"{""1.87e+07"":-1}"
manifestos_econ_ideology_1287,1150007741, parents put their children first and they deserve support from government.,Lab,2005,Left,"{""1.57e+07"":-1}"
manifestos_econ_ideology_1288,1120014571,And Britain got a worse deal.,Lab,2001,Left,"{""1.10e+07"":-1}"
manifestos_econ_ideology_1289,1100001751,"Lower taxes. All over the world, governments of all political persuasions are cutting taxes on people and businesses.",Con,2001,Right,"{""1.57e+07"":1,""2.06e+07"":1,""2.20e+07"":1}"
manifestos_econ_ideology_1290,1110005861,"At the moment, for instance, households which use pre-payment meters end up paying higher rates than other users.",LD,2001,Left,"{""1.10e+07"":-1,""1.30e+07"":-1,""1.42e+07"":-1,""1.45e+07"":-1,""1.82e+07"":-1}"
manifestos_econ_ideology_1291,1070010201,"We will set health objectives to be achieved by the end of the century, including reductions in illness and death from heart disease and cancers.",Con,1992,Left,"{""1.51e+07"":-1}"
manifestos_econ_ideology_1292,1080003281,Extra revenue raised through the tax will be fed back into the economy by reducing other taxes such as VAT and by protecting those least able to adapt to the higher price of energy.,LD,1992,Left,"{""1.10e+07"":-1,""1.16e+07"":-1,""1.52e+07"":-1,""6340562"":-1}"
manifestos_econ_ideology_1293,10001871,"The results have been dramatic, and the direct consequence of government policy.",Con,1987,Right,"{""1.24e+07"":1,""1.52e+07"":1,""1.71e+07"":1,""1.74e+07"":1,""1.98e+07"":1,""2.08e+07"":1,""2.11e+07"":1,""2.14e+07"":1,""313343"":1,""8968750"":1}"
manifestos_econ_ideology_1294,1180012031,The new Queen Elizabeth Hospital in Birmingham will have a military-run ward and the largest single-floor critical care unit in the world.,Lab,2010,Right,"{""1.42e+07"":1}"
manifestos_econ_ideology_1295,1160005401,"A Conservative government will review the way the childcare industry is regulated and funded to ensure that no providers, including childminders, are put at a disadvantage.",Con,2010,Left,"{""1.57e+07"":-1}"
manifestos_econ_ideology_1296,40002721,It is the Conservative vision of security through personal savings - not a socialist vision of security through the state.,Con,1997,Right,"{""1.10e+07"":1,""1.30e+07"":1,""1.40e+07"":1,""1.42e+07"":1,""1.45e+07"":1,""1.46e+07"":1,""1.47e+07"":1,""1.51e+07"":1,""1.52e+07"":1,""1.57e+07"":1,""1.63e+07"":1,""1.68e+07"":1,""1.75e+07"":1,""1.81e+07"":1,""1.82e+07"":1,""1.86e+07"":1,""1.93e+07"":-1,""1.98e+07"":1,""2.00e+07"":1,""2.01e+07"":1,""2.02e+07"":-1,""2.03e+07"":1,""2.05e+07"":1,""2.06e+07"":1,""2.10e+07"":0,""2.12e+07"":1,""2.13e+07"":1,""3307853"":1,""37796"":1,""6340793"":1,""6342862"":1,""6444018"":1,""9289597"":1}"
manifestos_econ_ideology_1297,1070001091,"We continue to accept the long term UN target for aid of 0.7 per cent of GNP, although we cannot set a timetable for its achievement.",Con,1992,Left,"{""1.51e+07"":-1,""1.53e+07"":-1,""1.68e+07"":-1,""1.71e+07"":-1,""1.74e+07"":-1,""1.87e+07"":0,""2.09e+07"":-1,""2.13e+07"":-1}"
manifestos_econ_ideology_1298,1160002651,"Boost small business. In the end, it is not the state that creates sustainable employment - it is business people.",Con,2010,Right,"{""1.10e+07"":1,""1.82e+07"":1,""1.93e+07"":1,""1.95e+07"":1,""2.05e+07"":1}"
manifestos_econ_ideology_1299,1070015101,The National Lottery we propose to introduce can be used to restore our heritage and promote projects which will become a source of national pride.,Con,1992,Left,"{""1.30e+07"":-1,""1.47e+07"":-1}"
manifestos_econ_ideology_1300,10003251,Nothing is so politically immoral as a party that ignores that yardstick.,Con,1987,Right,"{""1.24e+07"":1,""1.52e+07"":1,""1.75e+07"":1,""1.87e+07"":1,""2.10e+07"":1,""2.11e+07"":1,""313343"":1}"
manifestos_econ_ideology_1301,1080001021,"At the same time, the proportion of freight carried on the railways between 1980 and 1990 dropped from 9% to 7%, while the proportion using road transport rose to 83%.",LD,1992,Right,"{""1.51e+07"":1}"
manifestos_econ_ideology_1302,1090004081,Steps will be taken to improve sub-standard housing.,Lab,1992,Right,"{""1.10e+07"":1,""1.68e+07"":1}"
manifestos_econ_ideology_1303,1180007061,To provide independence and control for everyone with a care need we will continue to expand the use of individual budgets.,Lab,2010,Left,"{""1.10e+07"":-1,""1.51e+07"":-1}"
manifestos_econ_ideology_1304,40000171,The nation state is under threat.,Con,1997,Right,"{""1.19e+07"":1,""2.13e+07"":1}"
manifestos_econ_ideology_1305,1150001161,"Chapter 1 Economy: Rising prosperity in an opportunity society. Forward to increased prosperity, not back to boom and bust. 1979-1997: Interest rates average over ten per cent.",Lab,2005,Left,"{""2.15e+07"":-1,""2.17e+07"":-1,""6340562"":-1}"
manifestos_econ_ideology_1306,1110004231,We will also use these same powers to ensure that biotech companies are liable for any harm caused by GM crops and food.,LD,2001,Left,"{""1.30e+07"":-1}"
manifestos_econ_ideology_1307,40008751,We have already made a start - spending more than £2bn over the last 10 years on improving 500 of the worst estates.,Con,1997,Left,"{""1.19e+07"":0,""1.52e+07"":-1,""1.53e+07"":-1,""1.75e+07"":0,""1.85e+07"":-1,""1.98e+07"":-1,""2.10e+07"":-1,""2.11e+07"":0,""2.12e+07"":-1,""2.13e+07"":-1,""2.14e+07"":-1,""3307853"":-1,""3773194"":-1,""5270743"":-1,""7918256"":-1,""8769423"":-1}"
manifestos_econ_ideology_1308,1070005981,Small businesses are the seedcorn of our future prosperity.,Con,1992,Right,"{""1.17e+07"":1,""1.30e+07"":1,""1.68e+07"":1,""1.93e+07"":1}"
manifestos_econ_ideology_1309,1100006621,We will introduce early legislation to create a single regulator for the media and communications industries charged with speeding up the introduction of competition.,Con,2001,Right,"{""1.10e+07"":1,""1.95e+07"":1}"
manifestos_econ_ideology_1310,1150003461,"We will intensify our literacy and numeracy programme to help an extra 50,000 pupils achieve high standards at age 11, reaching our targets of 85 per cent of pupils succeeding at the basics.",Lab,2005,Left,"{""1.57e+07"":-1}"
manifestos_econ_ideology_1311,40011561,"World Class Health and Public Services. NHS FUNDING PLEDGE: Continue, year by year, to increase the real resources committed to the NHS, so NHS spending will continue to share in a growing economy.",Con,1997,Left,"{""1.74e+07"":-1,""1.87e+07"":1,""1.88e+07"":-1,""1.93e+07"":-1,""1.98e+07"":-1,""2.08e+07"":-1,""2.10e+07"":-1,""2.12e+07"":-1,""2.13e+07"":-1,""3307853"":-1,""3773194"":-1,""5270743"":-1,""7918256"":-1,""7954010"":1}"
manifestos_econ_ideology_1312,20004781,"SINGLE PARENTS. We will increase the single parent premium for income support recipients by £1.10 a week, single parents will also benefit from the increased child benefit and, if their earnings are low, from the extra £5 on family credit.",LD,1987,Left,"{""1.24e+07"":-1,""1.47e+07"":-1,""1.52e+07"":-1,""1.88e+07"":-1,""1.93e+07"":-1,""1.98e+07"":-1,""2.00e+07"":-1,""2.06e+07"":1,""2.08e+07"":1,""2.09e+07"":-1,""2.11e+07"":-1,""2.13e+07"":-1,""2.14e+07"":-1,""313343"":-1,""5112203"":-1,""8968750"":-1,""946983"":-1}"
manifestos_econ_ideology_1313,1180009471,"The BBC is the most admired and trusted broadcaster in the world: respected internationally for its objectivity and its creative excellence, and here in Britain as a pillar of our cultural life.",Lab,2010,Right,"{""1.57e+07"":1}"
manifestos_econ_ideology_1314,1110000711,"We would also provide 10,250 extra professionals allied to medicine such as occupational therapists, podiatrists, physiotherapists and speech therapists.",LD,2001,Left,"{""1.57e+07"":-1}"
manifestos_econ_ideology_1315,1080008731,"We could become a country of citizens, not subjects, striving for excellence rather than settling for second best.",LD,1992,Right,"{""1.57e+07"":1}"
manifestos_econ_ideology_1316,1090004961,"Instead, we will modernise, setting clear performance targets to improve the quality of service and shift more freight from road to rail.",Lab,1992,Left,"{""1.10e+07"":-1,""1.51e+07"":-1}"
manifestos_econ_ideology_1317,1100006051,We will cut tax on petrol and diesel by 6p per litre.,Con,2001,Right,"{""1.10e+07"":1,""1.42e+07"":1,""2.05e+07"":1,""6340562"":1}"
manifestos_econ_ideology_1318,20005141,"Wider tax relief for savings, including savings directly invested in small businesses, ending the artificial distinction between income from earning and income from investment",LD,1987,Right,"{""1.06e+07"":1,""1.46e+07"":-1,""1.52e+07"":1,""1.90e+07"":1,""1.98e+07"":1,""1.99e+07"":1,""120118"":1,""2.00e+07"":1,""2.07e+07"":1,""2.08e+07"":1,""2.09e+07"":1,""2.12e+07"":1,""2.14e+07"":1,""5112203"":1,""5993386"":1,""714020"":1,""8382218"":1,""8836799"":-1,""8968750"":1}"
manifestos_econ_ideology_1319,1140001181,Clinical decisions should be taken by health professionals and local investment will be determined by locally elected and accountable people who can be removed by local people if they get it wrong.,LD,2005,Right,"{""1.57e+07"":1}"
manifestos_econ_ideology_1320,1130000381,"People want the freedom, security and opportunity to get on in life.",Con,2005,Right,"{""1.42e+07"":1}"
manifestos_econ_ideology_1321,1100001621,Public spending not to outstrip the growth of the economy.,Con,2001,Right,"{""1.40e+07"":1,""1.41e+07"":1,""1.57e+07"":1,""1.68e+07"":1,""1.93e+07"":1}"
manifestos_econ_ideology_1322,1150005971," 97 per cent of people wait less than four hours in Accident and Emergency before treatment, admission or discharge.",Lab,2005,Left,"{""1.82e+07"":-1}"
manifestos_econ_ideology_1323,1180011641,"Supported by unprecedented public funding, we will continue to invest in the institutions of devolution, so that the Unionist and Republican traditions can work together for all the people of Northern Ireland.",Lab,2010,Left,"{""1.10e+07"":-1,""1.40e+07"":-1,""1.57e+07"":-1}"
manifestos_econ_ideology_1324,1150006251,"We are decreasing the numbers of staff in the Department of Health by a third, and are halving the numbers of quangos - freeing up £500 million for frontline staff.",Lab,2005,Left,"{""1.52e+07"":-1}"
manifestos_econ_ideology_1325,1170005481,Support reform of the global financial institutions such as the World Bank and IMF.,LD,2010,Left,"{""1.10e+07"":-1}"
manifestos_econ_ideology_1326,1180005631,"All hospitals will become Foundation Trusts, with successful FTs given the support and incentives to take over those that are under-performing.",Lab,2010,Right,"{""1.42e+07"":1,""6340562"":1}"
manifestos_econ_ideology_1327,1110006001,"Green Action. Eradicating Fuel Poverty. Our homes insulation programme, to provide decent levels of home insulation within 15 years by speeding up the current 30-year programme funded by the energy utilities, will also cut fuel bills.",LD,2001,Left,"{""1.10e+07"":-1,""1.52e+07"":-1,""1.66e+07"":-1,""6340562"":-1}"
manifestos_econ_ideology_1328,1130001971,Funding will follow the patient and go directly to front-line care.,Con,2005,Left,"{""1.30e+07"":-1}"
manifestos_econ_ideology_1329,1180005251,The review of higher education funding chaired by Lord Browne will report later this year.,Lab,2010,Left,"{""1.84e+07"":-1}"
manifestos_econ_ideology_1330,1120004061,But environmentally damaging road schemes have been scrapped,Lab,2001,Left,"{""1.98e+07"":-1}"
manifestos_econ_ideology_1331,1120007841,"And we will build 100 new hospital developments by 2010 and 500 one-stop primary care centres, with over 3,000 GP premises modernised by 2004.",Lab,2001,Left,"{""1.10e+07"":-1}"
manifestos_econ_ideology_1332,1150001131, supporting enterprise and wealth creation by making Britain the best place to do business,Lab,2005,Right,"{""1.40e+07"":1,""1.52e+07"":1,""1.57e+07"":1,""1.68e+07"":1,""1.87e+07"":1}"
manifestos_econ_ideology_1333,1160001761,"hold a review to bring forward the date at which the state pension age starts to rise to 66, although it will not be sooner than 2016 for men and 2020 for women",Con,2010,Left,"{""1.10e+07"":-1,""1.51e+07"":-1,""1.52e+07"":-1,""1.68e+07"":-1}"
manifestos_econ_ideology_1334,1170007691,We will increase Parliamentary scrutiny of the budget and of government appointments and give Parliament control over its own agenda so that all bills leaving the Commons have been fully debated.,LD,2010,Left,"{""1.10e+07"":-1}"
manifestos_econ_ideology_1335,1090003771,Britain's national insurance system is far more efficient than private insurance.,Lab,1992,Left,"{""1.10e+07"":-1,""1.68e+07"":-1,""1.87e+07"":-1,""1.93e+07"":-1,""2.05e+07"":-1}"
manifestos_econ_ideology_1336,1170007861,"Curb the improper influence of lobbyists by introducing a statutory register of lobbyists, changing the Ministerial Code so that ministers and officials are forbidden from meeting MPs on issues where the MP is paid to lobby, requiring companies to declare how much they spend on lobbying in their annual reports, and introducing a statutory register of interests for parliamentary candidates based on the current Register of Members' Interests.",LD,2010,Left,"{""1.82e+07"":-1}"
manifestos_econ_ideology_1337,50000831,"A typical secondary school of 1,000 pupils will get an extra £110,000.",LD,1997,Left,"{""1.11e+07"":-1,""1.34e+07"":-1,""1.49e+07"":0,""1.81e+07"":-1,""1.86e+07"":-1,""1.98e+07"":-1,""2.06e+07"":-1,""2.13e+07"":-1,""280059"":1,""5270743"":-1,""7918256"":-1,""7995027"":-1}"
manifestos_econ_ideology_1338,1180011431,"Public services in the digital age. Citizens expect their public services to be transparent, interactive and easily accessible.",Lab,2010,Right,"{""1.63e+07"":1}"
manifestos_econ_ideology_1339,1180012081,"We will continue to strengthen mental health provision in partnership with the Combat Stress charity, and roll out our Welfare Pathway to give personnel and their families better support and advice.",Lab,2010,Left,"{""1.57e+07"":-1}"
manifestos_econ_ideology_1340,1150011251,"We will continue to strengthen the community leadership role of local authorities working in partnership with public, voluntary and private bodies.",Lab,2005,Right,"{""1.10e+07"":1,""1.57e+07"":1}"
manifestos_econ_ideology_1341,60005181,NHS spending. The Conservatives have wasted spending on the NHS.,Lab,1997,Left,"{""1.58e+07"":-1,""1.88e+07"":-1,""2.01e+07"":-1,""2.02e+07"":-1,""2.09e+07"":-1,""2.10e+07"":-1,""2.12e+07"":-1,""2.13e+07"":-1,""4660484"":-1,""6340793"":1,""6622539"":-1,""7801795"":1,""7918256"":0,""8968750"":-1}"
manifestos_econ_ideology_1342,1170005301,"Engage with major emitters and deepen diplomatic co-operation between the EU and emerging economies and developing countries, provide enhanced financial support for low-carbon solutions and lead international efforts to promote the transfer of technologies that will help to tackle climate change.",LD,2010,Left,"{""1.30e+07"":-1,""1.57e+07"":-1}"
manifestos_econ_ideology_1343,1180006831,"So to increase security in retirement, we will restore the link between the basic state pension and earnings from 2012 - a link broken by the Tories in 1980.",Lab,2010,Left,"{""1.10e+07"":-1,""1.40e+07"":-1,""1.52e+07"":-1,""1.57e+07"":-1,""1.82e+07"":-1}"
manifestos_econ_ideology_1344,40001331,The only way Britain will be able to compete and win in world markets is by sticking to the Conservative policies that are delivering success.,Con,1997,Right,"{""1.49e+07"":1,""1.75e+07"":1,""1.80e+07"":1,""1.81e+07"":0,""1.86e+07"":1,""2.06e+07"":1,""2.09e+07"":1,""2.13e+07"":1,""2.14e+07"":1,""4680678"":1,""7918256"":1,""7954010"":1,""8968750"":1}"
manifestos_econ_ideology_1345,1120008561,"But, for the last 20 years, under-investment, misplaced priorities, and lack of organisation held back access and excellence.",Lab,2001,Left,"{""1.10e+07"":-1,""1.68e+07"":-1}"
manifestos_econ_ideology_1346,1090003741,Higher pensions and related benefits will benefit another 12 million people.,Lab,1992,Left,"{""1.10e+07"":-1,""1.41e+07"":-1,""1.45e+07"":-1,""1.68e+07"":-1,""1.87e+07"":-1}"
manifestos_econ_ideology_1347,1170001711,"Reforming Winter Fuel Payments to extend them to all severely disabled people, paid for by delaying age-related Winter Fuel Payments until people reach 65.",LD,2010,Left,"{""1.10e+07"":-1,""1.52e+07"":-1,""1.82e+07"":-1}"
manifestos_econ_ideology_1348,40006571,Privatisation works.,Con,1997,Right,"{""1.19e+07"":1,""1.53e+07"":1,""1.71e+07"":1,""1.74e+07"":1,""1.86e+07"":1,""1.98e+07"":1,""2.02e+07"":1,""2.03e+07"":1,""2.08e+07"":1,""2.09e+07"":1,""2.11e+07"":1,""2.13e+07"":1,""3280015"":1,""7918256"":1,""7954010"":1,""7995027"":1}"
manifestos_econ_ideology_1349,1180010341,"We have created two National Parks in the New Forest and South Downs, and given the public a Right to Roam our mountains, moors and heaths.",Lab,2010,Left,"{""1.66e+07"":-1}"
manifestos_econ_ideology_1350,1120009691,"Labour is pledged to create a new Working Age Agency, JobCentre Plus, merging the old Employment Service and Benefits Agency, and focusing on the key skill needs of areas of the country and sectors of the economy.",Lab,2001,Left,"{""1.10e+07"":-1,""1.42e+07"":-1}"
manifestos_econ_ideology_1351,1120002471,We know the price of boom and bust - it was paid in the 1980s and 1990s by millions of hard-working families.,Lab,2001,Left,"{""1.10e+07"":-1,""1.30e+07"":-1,""1.51e+07"":-1,""1.93e+07"":-1}"
manifestos_econ_ideology_1352,1090005111,We will require the gas and electricity companies to invest in insulation and other energy-saving measures.,Lab,1992,Left,"{""1.10e+07"":-1,""1.53e+07"":-1,""1.74e+07"":-1,""1.86e+07"":-1,""1.98e+07"":-1,""2.05e+07"":1,""2.08e+07"":-1,""2.09e+07"":-1,""2.10e+07"":-1,""2.12e+07"":-1,""2.13e+07"":-1}"
manifestos_econ_ideology_1353,1070014231,We will not accept UK farmers being put at a disadvantage by EC laws being applied differently in other countries.,Con,1992,Right,"{""1.45e+07"":1}"
manifestos_econ_ideology_1354,1090003731,"We will make families better off. As we explained earlier (see page 12), we will increase child benefit for seven million families.",Lab,1992,Left,"{""1.10e+07"":-1,""1.45e+07"":-1,""1.68e+07"":-1,""1.93e+07"":-1,""2.05e+07"":-1,""2.09e+07"":-1,""5993386"":-1,""7918256"":-1}"
manifestos_econ_ideology_1355,60001001,"We will stand up for Britain's interests inÊEuropeÊafter the shambles of the last six years, but, more than that, we will lead a campaign for reform in Europe.",Lab,1997,Left,"{""2.05e+07"":-1}"
manifestos_econ_ideology_1356,1070006441,"By mid-1992, over 200 GM schools will be up and running.",Con,1992,Right,"{""1.95e+07"":1}"
manifestos_econ_ideology_1357,1150011231,We will also give councils greater stability by providing three-year funding.,Lab,2005,Left,"{""1.10e+07"":-1,""1.51e+07"":-1,""1.57e+07"":-1}"
manifestos_econ_ideology_1358,1080006061,We will also raise the basic rate of income tax by one penny in the pound to pay for the improvements essential to education.,LD,1992,Left,"{""1.10e+07"":-1,""1.41e+07"":-1,""1.51e+07"":-1,""1.52e+07"":-1,""1.93e+07"":-1}"
manifestos_econ_ideology_1359,1100000011,"Its aim is to release the wisdom, decency and enterprise of British citizens.",Con,2001,Right,"{""1.57e+07"":1}"
manifestos_econ_ideology_1360,1160010791,We will ensure a fair market for food suppliers - especially farmers - by reducing the burden of regulation.,Con,2010,Right,"{""1.10e+07"":1,""1.52e+07"":1,""1.57e+07"":1}"
manifestos_econ_ideology_1361,1180005501,"So we will be tougher in ensuring value for money, more determined in demanding the highest standards of care and in shifting rapidly to preventative care.",Lab,2010,Left,"{""1.10e+07"":-1}"
manifestos_econ_ideology_1362,1080005471,"We will encourage shared combined heat and power schemes, and encourage those planning new houses to take into account the scope for passive solar heating.",LD,1992,Left,"{""1.52e+07"":-1,""1.57e+07"":-1}"
manifestos_econ_ideology_1363,1080003631,"Essentially new roads and improvements will still proceed, but the creation of a 'level playing field' in decision-making between rail and road will ensure some switch of passenger and freight transport to the railways.",LD,1992,Right,"{""1.52e+07"":1}"
manifestos_econ_ideology_1364,1120001821,We will now: increase education spending by more than five per cent in real terms each year for the next three years as we increase the share of national income for education in the next Parliament ,Lab,2001,Left,"{""1.10e+07"":-1,""1.30e+07"":-1,""1.51e+07"":-1,""1.53e+07"":-1}"
manifestos_econ_ideology_1365,1120009611,"We now need to build on its success, extending it to more people across the country.",Lab,2001,Left,"{""1.10e+07"":-1,""1.40e+07"":-1}"
manifestos_econ_ideology_1366,1100004261,"We will lead the campaign for a trans-Atlantic free trade area, encompassing the EU and NAFTA.",Con,2001,Right,"{""1.10e+07"":1,""1.42e+07"":1,""1.68e+07"":1,""1.93e+07"":1}"
manifestos_econ_ideology_1367,1150002171,"To foster the entrepreneurs of tomorrow, by 2006 every school in the country will offer enterprise education, and every college and university should be twinned with a business champion.",Lab,2005,Right,"{""1.57e+07"":1}"
manifestos_econ_ideology_1368,1100002051,We will replace it with targeted anti-avoidance measures.,Con,2001,Right,"{""1.57e+07"":1}"
manifestos_econ_ideology_1369,1150003221,Education spending that was 4.7 per cent of national income in 1997 will rise to 5.5 per cent this year.,Lab,2005,Left,"{""1.13e+07"":-1,""1.53e+07"":-1,""1.68e+07"":-1,""1.96e+07"":-1}"
manifestos_econ_ideology_1370,1160009131,Decentralising control must go hand in hand with creating much greater transparency in local government.,Con,2010,Right,"{""1.57e+07"":1}"
manifestos_econ_ideology_1371,1140006901,"To encourage more fuel-efficient aircraft and discourage half-empty planes we will press for international agreement on extending emissions trading to aviation, while at the same time implementing per-aircraft rather than per-passenger charges.",LD,2005,Left,"{""1.52e+07"":-1,""1.63e+07"":-1}"
manifestos_econ_ideology_1372,20003211,We believe it should be retained as a single entity to withstand international competition and should be considered for privatisation providing its success can be maintained,LD,1987,Right,"{""1.05e+07"":-1,""1.10e+07"":1,""1.13e+07"":-1,""1.17e+07"":1,""1.21e+07"":1,""1.27e+07"":-1,""1.30e+07"":1,""1.40e+07"":1,""1.42e+07"":1,""1.51e+07"":1,""1.52e+07"":1,""1.57e+07"":-1,""1.63e+07"":1,""1.68e+07"":1,""1.86e+07"":1,""1.87e+07"":1,""1.93e+07"":1,""1.98e+07"":1,""1.99e+07"":1,""2.00e+07"":1,""2.02e+07"":1,""2.04e+07"":1,""2.05e+07"":1,""2.08e+07"":1,""2.10e+07"":1,""2.11e+07"":1,""2.12e+07"":1,""2.13e+07"":-1,""2.14e+07"":1,""2.16e+07"":1,""2.20e+07"":1,""2785872"":1,""5112203"":1,""6349089"":1,""714020"":-1,""8798523"":1,""8968750"":1}"
manifestos_econ_ideology_1373,1090001411,All pensioners will receive the full increase which will also go to widows and others on benefits linked by statute to the basic pension level.,Lab,1992,Left,"{""1.10e+07"":-1,""1.52e+07"":-1,""1.66e+07"":-1,""1.68e+07"":-1,""1.93e+07"":-1}"
manifestos_econ_ideology_1374,1180006731,"To expand the choices available for those wishing to work after retirement, we will enable people aged 60 and over to claim Working Tax Credit if they work at least 16 hours a week, rather than 30 hours as at present.",Lab,2010,Left,"{""1.30e+07"":-1,""1.41e+07"":-1,""1.42e+07"":1,""1.52e+07"":-1,""1.57e+07"":-1}"
manifestos_econ_ideology_1375,1120003621,"We are committed to reforming the tax treatment of small business, including VAT, and to seeking a reduction in payroll burdens.",Lab,2001,Right,"{""1.10e+07"":1,""1.30e+07"":1,""1.41e+07"":1,""1.93e+07"":1,""2.03e+07"":1}"
manifestos_econ_ideology_1376,50004751,We will ensure that the NHS budget keeps pace with increasing cost pressures.,LD,1997,Left,"{""1.45e+07"":-1,""1.75e+07"":0,""1.98e+07"":-1,""2.06e+07"":-1,""2.07e+07"":-1,""2.10e+07"":-1,""2.12e+07"":-1,""2.13e+07"":-1,""2.14e+07"":-1,""5112203"":-1,""5983773"":-1,""7801795"":-1,""8968750"":-1,""9054964"":1}"
manifestos_econ_ideology_1377,1100001631,No more stealth taxes - transparent economic policy.,Con,2001,Right,"{""1.10e+07"":1,""1.30e+07"":1,""1.40e+07"":1,""1.52e+07"":1,""1.57e+07"":1,""1.68e+07"":-1}"
manifestos_econ_ideology_1378,1070015561,"Sport, too, will benefit from the resources generated by the National Lottery.",Con,1992,Right,"{""1.51e+07"":1}"
manifestos_econ_ideology_1379,1080006091,"On earnings above GBP 50,000 a combined rate of 50% will be paid.",LD,1992,Left,"{""1.10e+07"":-1,""1.52e+07"":-1,""1.66e+07"":-1,""1.68e+07"":-1,""3731467"":-1}"
manifestos_econ_ideology_1380,1120008461,"We will examine the potential for sabbaticals to help GPs, consultant nurses and consultants keep their skills up to date.",Lab,2001,Left,"{""1.10e+07"":-1,""1.30e+07"":-1}"
manifestos_econ_ideology_1381,1100000051,That is what I have always believed.,Con,2001,Right,"{""1.93e+07"":1}"
manifestos_econ_ideology_1382,1110007331,"We will introduce a properly monitored emissions trading scheme to allow businesses to cut greenhouse gas emissions in the most cost-effective way, and argue for an EU-wide scheme as soon as feasible.",LD,2001,Left,"{""1.30e+07"":-1,""1.42e+07"":-1}"
manifestos_econ_ideology_1383,1170000121,That politics is still the plaything of wealthy donors and corrupt MPs?,LD,2010,Left,"{""1.10e+07"":-1}"
manifestos_econ_ideology_1384,20004641,This will increase the incomes of poorer pensioners in total by £6 per week (single person) and £9.40 per week (couple).,LD,1987,Left,"{""1.00e+07"":1,""1.10e+07"":-1,""1.24e+07"":1,""1.27e+07"":-1,""1.30e+07"":-1,""1.40e+07"":-1,""1.41e+07"":-1,""1.49e+07"":-1,""1.52e+07"":-1,""1.53e+07"":-1,""1.57e+07"":-1,""1.68e+07"":-1,""1.75e+07"":-1,""1.82e+07"":-1,""1.86e+07"":-1,""1.87e+07"":-1,""1.93e+07"":-1,""1.97e+07"":-1,""1.98e+07"":-1,""2.00e+07"":0,""2.02e+07"":-1,""2.07e+07"":-1,""2.08e+07"":-1,""2.09e+07"":-1,""2.10e+07"":-1,""2.12e+07"":1,""2.13e+07"":-1,""2.14e+07"":1,""2.20e+07"":-1,""2.21e+07"":-1,""2785872"":-1,""4652872"":-1,""4680678"":-1,""5112203"":-1,""8382218"":-1,""8836799"":-1,""8968750"":-1,""946983"":0,""9703593"":-1,""9932120"":-1}"
manifestos_econ_ideology_1385,40000251,"It means a continuing fight to keep burdens off business, maintaining our opt-out of the European Social Chapter.",Con,1997,Right,"{""1.14e+07"":1,""1.43e+07"":1,""1.52e+07"":1,""1.75e+07"":1,""1.86e+07"":1,""1.87e+07"":1,""1.89e+07"":1,""2.00e+07"":1,""2.06e+07"":1,""2.12e+07"":-1,""2.13e+07"":1,""4680678"":1,""5112203"":1,""8968750"":1,""946983"":1}"
manifestos_econ_ideology_1386,1160006191,"and, increase access to effective 'talking' therapies.",Con,2010,Left,"{""1.57e+07"":-1}"
manifestos_econ_ideology_1387,1140000641, Using the money set aside for the Chancellor's Child Trust Fund to cut class sizes in primary schools.,LD,2005,Left,"{""1.30e+07"":-1,""1.57e+07"":-1,""1.86e+07"":-1}"
manifestos_econ_ideology_1388,1170006871,Make sure every new home is fully energy efficient by improving building regulations.,LD,2010,Left,"{""1.42e+07"":-1,""1.57e+07"":-1,""1.66e+07"":-1}"
manifestos_econ_ideology_1389,1140003871,"We will launch a Treasury-led Environmental Incentive Programme, examining tax reforms that will reduce pollution and protect the environment, on the clear principle of taxing differently, not taxing more.",LD,2005,Left,"{""1.42e+07"":-1,""1.53e+07"":-1,""1.68e+07"":-1}"
manifestos_econ_ideology_1390,1120006391,"Our partnership with teachers has achieved what OfSTED calls a 'transformation' in primary school standards, thanks to smaller infant class sizes and major reform in the teaching of literacy and numeracy skills.",Lab,2001,Left,"{""1.10e+07"":-1}"
manifestos_econ_ideology_1391,10002011,We will press on with the encouragement of popular capitalism.,Con,1987,Right,"{""1.10e+07"":1,""1.20e+07"":1,""1.21e+07"":1,""1.30e+07"":1,""1.32e+07"":1,""1.40e+07"":1,""1.41e+07"":1,""1.42e+07"":1,""1.45e+07"":1,""1.51e+07"":1,""1.52e+07"":1,""1.53e+07"":1,""1.57e+07"":1,""1.63e+07"":1,""1.68e+07"":1,""1.74e+07"":1,""1.76e+07"":1,""1.78e+07"":1,""1.80e+07"":1,""1.81e+07"":1,""1.84e+07"":1,""1.86e+07"":1,""1.87e+07"":1,""1.88e+07"":1,""1.89e+07"":1,""1.93e+07"":1,""1.97e+07"":1,""2.06e+07"":1,""2.08e+07"":1,""2.09e+07"":1,""2.10e+07"":1,""2.11e+07"":-1,""2.12e+07"":1,""2.13e+07"":1,""2.14e+07"":1,""2.15e+07"":1,""4917076"":1,""6342862"":1,""6349089"":1,""6591328"":1,""8382218"":1}"
manifestos_econ_ideology_1392,1070017051,Labour cannot provide that leadership.,Con,1992,Left,"{""1911075"":-1}"
manifestos_econ_ideology_1393,1110002741,"Ultimately this approach to life-long learning would provide the flexibility to access each person' entitlement to post-sixteen education throughout a person' life, rather than at times imposed by the state.",LD,2001,Right,"{""1.30e+07"":1}"
manifestos_econ_ideology_1394,1150010791,"Chapter 9 Democracy: Power devolved, citizens empowered. Forward to reform and decentralisation not back to opportunism and neglect.",Lab,2005,Left,"{""1.52e+07"":-1}"
manifestos_econ_ideology_1395,1090000881,"Action for the NHS.  Over the next 22 months, additional at least £1 billion will be available for investment in the National Health Service.",Lab,1992,Left,"{""1.10e+07"":-1,""1.45e+07"":-1,""1.68e+07"":-1}"
manifestos_econ_ideology_1396,1150008071,"We are consulting on extending the right to request flexible working to carers of sick and disabled adults as a priority, and also on whether we should extend the right to parents of older children.",Lab,2005,Left,"{""1.10e+07"":-1,""1.57e+07"":-1}"
manifestos_econ_ideology_1397,10001231,We will extend the 30 per cent housing association grant to help schemes for old people.,Con,1987,Left,"{""1.20e+07"":-1,""1.24e+07"":-1,""1.51e+07"":-1,""1.52e+07"":-1,""1.54e+07"":-1,""1.98e+07"":-1,""2.01e+07"":1,""2.02e+07"":-1,""2.03e+07"":-1,""2.11e+07"":0,""2.12e+07"":-1,""2.13e+07"":-1,""313343"":-1,""5112203"":-1,""8893451"":-1,""946983"":-1}"
manifestos_econ_ideology_1398,1180009521,"Channel 4 will continue as a public-service broadcaster providing distinctive competition to the BBC, alongside ITV and Channel 5.",Lab,2010,Left,"{""1.57e+07"":-1}"
manifestos_econ_ideology_1399,1180005861,"The NHS will benefit from a period of organisational stability: we will make no top-down changes to the structure of Primary Care Trusts or Strategic Health Authorities during the next Parliament, and we will ensure stability in the hospital payment system.",Lab,2010,Left,"{""1.10e+07"":-1}"
manifestos_econ_ideology_1400,1140003661,Many small businesses pay a disproportionate amount in rates - as much as 35 per cent of their profits.,LD,2005,Right,"{""1.30e+07"":1,""1.82e+07"":1,""1.93e+07"":1,""2.00e+07"":1,""2.05e+07"":1}"
manifestos_econ_ideology_1401,1120001451,"Fighting for values, not just for election victory. The Conservatives always look back.",Lab,2001,Left,"{""1.13e+07"":-1,""1.66e+07"":-1}"
manifestos_econ_ideology_1402,1080002471,"The parent will chose, topping up the value if they wish.",LD,1992,Left,"{""1.68e+07"":-1}"
manifestos_econ_ideology_1403,1070012441,We want to recover a sense of pride in our railways and to recapture the spirit of the old regional companies.,Con,1992,Right,"{""1.52e+07"":1,""1.53e+07"":1,""1.57e+07"":1}"
manifestos_econ_ideology_1404,1140005781,But it is not just about aid.,LD,2005,Left,"{""1.30e+07"":-1}"
manifestos_econ_ideology_1405,20003271,We will reduce the tax and administrative burdens on small businesses.,LD,1987,Right,"{""1.24e+07"":1,""1.32e+07"":1,""1.52e+07"":1,""1.88e+07"":1,""1.93e+07"":1,""2.00e+07"":1,""2.05e+07"":1,""2.06e+07"":1,""2.08e+07"":1,""2.09e+07"":1,""2.10e+07"":1,""2.11e+07"":1,""2.12e+07"":1,""2.13e+07"":1,""2.14e+07"":1,""5112203"":1,""714020"":1,""7918256"":-1,""8382218"":1,""886"":1,""8968750"":1}"
manifestos_econ_ideology_1406,1080008161,We will set up a Strategic Authority for London as a priority.,LD,1992,Left,"{""1911075"":-1}"
manifestos_econ_ideology_1407,40007051,We will build on that success in negotiations with the United States and other countries.,Con,1997,Right,"{""1.19e+07"":0,""1.80e+07"":1,""2.09e+07"":1,""2.10e+07"":1,""3280015"":1,""7995027"":1}"
manifestos_econ_ideology_1408,1140003621, No new regulation will be passed until a full assessment of its costs and necessity is published.,LD,2005,Right,"{""1.42e+07"":1,""1.52e+07"":1,""6340562"":1}"
manifestos_econ_ideology_1409,1120006161,More power to frontline staff with budgets for ward sisters and consultants and 75 per cent of NHS spending controlled by Primary Care Trusts ,Lab,2001,Left,"{""1.10e+07"":-1}"
manifestos_econ_ideology_1410,1110011421,"We will:  Provide improvements in education costing more than £3 billion a year, funded by putting one penny on the basic rate of income tax.",LD,2001,Left,"{""1.10e+07"":-1,""1.30e+07"":-1,""1.40e+07"":-1,""1.42e+07"":-1,""1.66e+07"":-1}"
manifestos_econ_ideology_1411,1180009771,Labour's environmental agenda reflects our values.,Lab,2010,Left,"{""1.63e+07"":-1}"
manifestos_econ_ideology_1412,10001841,Seven out of the last eight budgets have included measures to encourage people to purchase shares in the company in which they work.,Con,1987,Right,"{""1.04e+07"":1,""1.10e+07"":1,""1.11e+07"":1,""1.13e+07"":1,""1.14e+07"":0,""1.19e+07"":1,""1.20e+07"":-1,""1.26e+07"":1,""1.30e+07"":1,""1.33e+07"":1,""1.40e+07"":1,""1.45e+07"":1,""1.49e+07"":1,""1.52e+07"":1,""1.53e+07"":-1,""1.57e+07"":-1,""1.58e+07"":1,""1.63e+07"":1,""1.68e+07"":1,""1.73e+07"":1,""1.82e+07"":1,""1.84e+07"":1,""1.85e+07"":1,""1.86e+07"":1,""1.88e+07"":1,""1.93e+07"":1,""1.94e+07"":1,""1.95e+07"":1,""1.98e+07"":1,""1.99e+07"":1,""1739"":-1,""1837834"":1,""2.00e+07"":1,""2.04e+07"":1,""2.05e+07"":1,""2.06e+07"":1,""2.07e+07"":1,""2.08e+07"":-1,""2.09e+07"":-1,""2.10e+07"":1,""2.11e+07"":0,""2.12e+07"":-1,""2.13e+07"":0,""2.14e+07"":1,""3307853"":1,""5112203"":1,""5768369"":1,""6363491"":1,""7918256"":1,""7954010"":1,""7995027"":1,""8382218"":1,""874567"":0,""8836799"":-1,""8893451"":1,""8968750"":-1,""9289597"":1,""9703085"":1,""9703593"":1,""9813148"":1,""9888671"":1}"
manifestos_econ_ideology_1413,1180010201,"Encouraging greener living is about communities, not just individuals.",Lab,2010,Right,"{""1.84e+07"":1}"
manifestos_econ_ideology_1414,40000231,We have to compete to win.,Con,1997,Right,"{""1.49e+07"":1,""1.51e+07"":1,""1.52e+07"":1,""1.89e+07"":1,""1.98e+07"":0,""2.01e+07"":1,""2.11e+07"":1,""2.13e+07"":0,""2.14e+07"":1,""4680678"":1,""8968750"":1}"
manifestos_econ_ideology_1415,1180010651,We will continue to encourage and support imaginative solutions in rural communities to the provision of locally owned services.,Lab,2010,Right,"{""1.10e+07"":1,""1.40e+07"":1,""1.52e+07"":1}"
manifestos_econ_ideology_1416,1170004401,Liberal Democrats will:  ,LD,2010,Left,"{""1.10e+07"":-1,""1.52e+07"":-1}"
manifestos_econ_ideology_1417,1110005211,We will ensure that restrictions are imposed on the expansion of night flights where these will have a negative impact upon residential areas.,LD,2001,Right,"{""1.66e+07"":1}"
manifestos_econ_ideology_1418,1140000381,"Freedom - because Liberal Democrats believe that individuals should govern their own lives, free from unnecessary interference by government or society.",LD,2005,Right,"{""1.57e+07"":1}"
manifestos_econ_ideology_1419,1180009561,"We are working with the BBC and Digital UK to ensure that TV's digital switch-over takes place smoothly by 2012, providing financial support and helping elderly people and the most vulnerable households in the UK.",Lab,2010,Left,"{""1.10e+07"":-1,""1.52e+07"":-1,""1.57e+07"":-1}"
manifestos_econ_ideology_1420,1090000681,We will not be able to do at once everything that we would like to do.,Lab,1992,Right,"{""1.42e+07"":1,""1.68e+07"":1}"
manifestos_econ_ideology_1421,1070004331,We will tackle all anti-competitive and restrictive practices with vigour.,Con,1992,Right,"{""1.51e+07"":1,""1.57e+07"":1,""1.68e+07"":1}"
manifestos_econ_ideology_1422,1070011301,"We are firmly opposed to international trade in rare and protected species such as rhinoceroses, cheetahs, leopards, and bears.",Con,1992,Left,"{""1.42e+07"":-1}"
manifestos_econ_ideology_1423,30003351,Labour's policy for new rights and responsibilities means legislation to foster good industrial relations and democratic participation in industry and trade unions.,Lab,1987,Left,"{""1.19e+07"":-1,""1.49e+07"":-1,""1.80e+07"":-1,""1.81e+07"":-1,""1.86e+07"":1,""1.93e+07"":-1,""2.06e+07"":-1,""2.08e+07"":-1,""2.11e+07"":-1,""2.13e+07"":-1,""2.14e+07"":-1,""4680678"":-1,""5112203"":-1,""8382218"":1,""8836799"":1,""8968750"":-1}"
manifestos_econ_ideology_1424,1110011101,Setting You Free. Stop using taxpayers' money to support the arms trade by ending subsidies for arms sold to foreign regimes.,LD,2001,Left,"{""1.42e+07"":-1,""1.52e+07"":-1,""6342862"":-1}"
manifestos_econ_ideology_1425,40002841,We now plan to build further on this achievement.,Con,1997,Right,"{""2.07e+07"":1,""2.08e+07"":1,""2.11e+07"":1,""7954010"":1,""8968750"":1}"
manifestos_econ_ideology_1426,1090004031,Homes left empty without good r reason by any public authority will be e transferred to a better social landlord.,Lab,1992,Left,"{""1.10e+07"":-1}"
manifestos_econ_ideology_1427,1150002771,"We will continue to push for further reform of the CAP in the next Parliament, starting with the sugar regime.",Lab,2005,Left,"{""1.30e+07"":-1}"
manifestos_econ_ideology_1428,1180008491,and Britain equipped with a world-leading digital and broadband infrastructure.,Lab,2010,Left,"{""1.52e+07"":-1}"
manifestos_econ_ideology_1429,1110001101,In the long term we will aim to:  Increase funding for mental health services.,LD,2001,Left,"{""1.10e+07"":-1,""1.45e+07"":-1,""1.57e+07"":-1}"
manifestos_econ_ideology_1430,1070005741,This led to the rapid growth of the private courier industry with substantial benefits to business users.,Con,1992,Right,"{""1.40e+07"":1,""1.41e+07"":1,""1.52e+07"":1,""1.57e+07"":1,""1.68e+07"":1}"
manifestos_econ_ideology_1431,20006091,Energy and the Environment. We will institute an energy policy which meets the needs of industry and the domestic consumer and has full regard to the environment.,LD,1987,Left,"{""1.86e+07"":-1,""2.09e+07"":-1,""2.12e+07"":-1,""3307853"":-1,""4680678"":-1,""5112203"":-1,""5983773"":-1,""6161328"":-1,""946983"":-1,""9703593"":-1}"
manifestos_econ_ideology_1432,1070000341,British goods are once more winning in the toughest markets abroad.,Con,1992,Right,"{""1.40e+07"":1,""1.52e+07"":1}"
manifestos_econ_ideology_1433,1090003051,"Learning must become a lifetime opportunity, with new chances to update skills at work.",Lab,1992,Right,"{""2.05e+07"":1}"
manifestos_econ_ideology_1434,1130003631,"We will press for further reform of the Common Agricultural Policy, to make it less burdensome for farmers and taxpayers alike.",Con,2005,Right,"{""1.30e+07"":1,""1.57e+07"":1}"
manifestos_econ_ideology_1435,1070003611,We believe Inheritance Tax is particularly inequitable.,Con,1992,Right,"{""1.18e+07"":1,""2.06e+07"":1,""2.20e+07"":1}"
manifestos_econ_ideology_1436,1130000421,And they expect fair play.,Con,2005,Right,"{""1.51e+07"":1}"
manifestos_econ_ideology_1437,1140000171,"And we can point with pride to the example of Scotland, where Liberal Democrat ministers in government have already delivered both these policies.",LD,2005,Left,"{""1.80e+07"":-1,""1.81e+07"":-1}"
manifestos_econ_ideology_1438,1070005821,We will consider requests to license limited specialist services to compete within the Post Office monopoly.,Con,1992,Right,"{""1.41e+07"":1,""1.51e+07"":1,""1.52e+07"":1,""1.68e+07"":1}"
manifestos_econ_ideology_1439,1110005971,Setting You Free. Abolish the benefit sanctions which were brought in under the New Deal.,LD,2001,Left,"{""1.10e+07"":-1,""1.30e+07"":-1,""1.42e+07"":-1,""1.82e+07"":-1,""6355305"":-1}"
manifestos_econ_ideology_1440,60007231,Railways. The process of rail privatisation is now largely complete.,Lab,1997,Right,"{""1.13e+07"":1,""1.18e+07"":1,""1.19e+07"":0,""1.24e+07"":1,""1.58e+07"":1,""1.87e+07"":1,""1.89e+07"":1,""2.03e+07"":1,""2.06e+07"":1,""2.11e+07"":1,""2.13e+07"":1,""2.14e+07"":1,""568434"":-1,""917392"":1,""9932120"":1}"
manifestos_econ_ideology_1441,1070007551,Saving for a pension reduces reliance on the state.,Con,1992,Right,"{""1.53e+07"":1,""1.68e+07"":1,""1.82e+07"":1,""1.93e+07"":1,""2.05e+07"":1}"
manifestos_econ_ideology_1442,1180003261,"To ensure that work pays, we will guarantee that when someone who has found it difficult to get into work comes off benefits, their family will be at least £40 a week better off.",Lab,2010,Left,"{""1.10e+07"":-1,""1.52e+07"":-1,""1.63e+07"":-1,""1.93e+07"":-1,""1911075"":-1}"
manifestos_econ_ideology_1443,1180000041,"So this cannot, and will not, be a 'business as usual' election or Manifesto.",Lab,2010,Right,"{""1.52e+07"":1}"
manifestos_econ_ideology_1444,1180000981,"We will create a new settlement in our country on how we care for the elderly through the creation of a National Care Service, and fathers will have more time off to spend with their kids.",Lab,2010,Left,"{""1.40e+07"":-1,""1.57e+07"":-1}"
manifestos_econ_ideology_1445,1080005881,"Increasing the basic state pension immediately by GBP 5 a week for single pensioners, and by GBP 8 a week for married couples.",LD,1992,Left,"{""1.10e+07"":-1,""1.41e+07"":-1,""1.51e+07"":-1,""1.52e+07"":-1,""1.53e+07"":-1,""1.71e+07"":-1,""1.74e+07"":-1,""1.86e+07"":-1,""1.93e+07"":-1,""2.08e+07"":-1,""2.09e+07"":-1}"
manifestos_econ_ideology_1446,1180008851,now we will build on the success of the National Theatre's £10 Season to work with theatres and sponsors to provide reduced-rate tickets for theatrical productions around Britain.,Lab,2010,Left,"{""1.10e+07"":-1,""1.40e+07"":-1,""1.57e+07"":-1}"
manifestos_econ_ideology_1447,1100001711,"Businesses are spending too much time dealing with new regulations, with too little time to focus on their customers.",Con,2001,Right,"{""1.10e+07"":1,""1.51e+07"":1,""1.68e+07"":1,""2.05e+07"":1}"
manifestos_econ_ideology_1448,1110009311,"We will open up conveyancing to greater competition, take action to tackle gazumping, strengthen leaseholders' legal rights, involve tenants in the management of housing estates, and protect tenants against misuse of rent deposits.",LD,2001,Left,"{""1.10e+07"":-1,""1.30e+07"":-1,""1.42e+07"":-1}"
manifestos_econ_ideology_1449,1170002551,Britain's Research and Development spend as a proportion of GDP remains near the bottom of the G8.,LD,2010,Left,"{""1.52e+07"":-1,""2.02e+07"":-1}"
manifestos_econ_ideology_1450,1070014601,We will continue to assist local authorities who want to subsidise rural transport.,Con,1992,Left,"{""1.47e+07"":-1,""1.51e+07"":-1,""1.68e+07"":-1}"
manifestos_econ_ideology_1451,1170006251,"We will invest in public transport and cut rail fares, as well as providing more affordable homes and protecting people from unfair repossessions.",LD,2010,Left,"{""1.10e+07"":-1,""1.40e+07"":-1,""1.51e+07"":-1}"
manifestos_econ_ideology_1452,20004691,A single person will receive £39.50 and a married couple £63.25.,LD,1987,Left,"{""1.10e+07"":-1,""1.11e+07"":-1,""1.25e+07"":-1,""1.30e+07"":-1,""1.40e+07"":-1,""1.41e+07"":-1,""1.42e+07"":-1,""1.45e+07"":-1,""1.52e+07"":-1,""1.53e+07"":-1,""1.57e+07"":-1,""1.66e+07"":-1,""1.68e+07"":-1,""1.74e+07"":-1,""1.75e+07"":-1,""1.83e+07"":-1,""1.86e+07"":-1,""1.87e+07"":-1,""1.88e+07"":1,""1.93e+07"":-1,""1.95e+07"":0,""1.98e+07"":0,""2.02e+07"":1,""2.04e+07"":-1,""2.05e+07"":-1,""2.06e+07"":1,""2.09e+07"":0,""2.12e+07"":1,""2.13e+07"":-1,""2.21e+07"":-1,""37796"":-1,""6340793"":-1,""6376956"":-1}"
manifestos_econ_ideology_1453,1170003101,"They will pay back the loan over time from energy savings, creating a rolling fund to help insulate other public buildings.",LD,2010,Left,"{""1.57e+07"":-1,""1.68e+07"":-1}"
manifestos_econ_ideology_1454,1160012071,We will spend at least £500 million a year to tackle malaria.,Con,2010,Right,"{""1.51e+07"":1}"
manifestos_econ_ideology_1455,1070000541,Back to strikes.,Con,1992,Right,"{""1.40e+07"":1,""1.42e+07"":1}"
manifestos_econ_ideology_1456,1080004131,Excellence also has a cost.,LD,1992,Left,"{""1.42e+07"":-1}"
manifestos_econ_ideology_1457,1070012271,"We want to give the private sector the opportunity to operate existing rail services and introduce new ones, for both passengers and freight.",Con,1992,Right,"{""1.40e+07"":1,""1.57e+07"":1,""1.68e+07"":1,""1.87e+07"":1,""1.93e+07"":1}"
manifestos_econ_ideology_1458,1120001721,Tony Blair with construction workers in North Tyneside.,Lab,2001,Left,"{""1.40e+07"":-1}"
manifestos_econ_ideology_1459,40005751,That is why we will continue to encourage the spread of fundholding among GPs.,Con,1997,Right,"{""1.24e+07"":1,""1.58e+07"":0,""1.86e+07"":1,""2.09e+07"":1,""2.11e+07"":1,""2.12e+07"":1,""2361265"":1,""2793302"":1,""37796"":1,""4568230"":0,""5983773"":1,""8893451"":1,""9666339"":1}"
manifestos_econ_ideology_1460,60009001,"Labour will build on these developments through the establishment of regional chambers to co-ordinate transport, planning, economic development, bids for European funding and land use planning.",Lab,1997,Left,"{""1.52e+07"":-1,""1.53e+07"":-1,""1.86e+07"":-1,""1.98e+07"":-1,""1.99e+07"":-1,""2.00e+07"":-1,""2.09e+07"":-1,""2.11e+07"":-1,""2.13e+07"":-1}"
manifestos_econ_ideology_1461,10005061,We are now returning the nationalised bus companies to the private sector in many cases to management buy-outs.,Con,1987,Right,"{""1.01e+07"":1,""1.10e+07"":1,""1.11e+07"":1,""1.13e+07"":1,""1.18e+07"":1,""1.30e+07"":-1,""1.40e+07"":1,""1.42e+07"":1,""1.43e+07"":1,""1.45e+07"":1,""1.47e+07"":1,""1.52e+07"":1,""1.53e+07"":1,""1.57e+07"":1,""1.58e+07"":1,""1.66e+07"":1,""1.68e+07"":1,""1.81e+07"":1,""1.82e+07"":1,""1.85e+07"":1,""1.88e+07"":1,""1.90e+07"":1,""1.93e+07"":1,""1.94e+07"":1,""1.98e+07"":1,""2.00e+07"":1,""2.03e+07"":1,""2.04e+07"":1,""2.05e+07"":1,""2.06e+07"":1,""2.07e+07"":1,""2.08e+07"":-1,""2.09e+07"":1,""2.10e+07"":1,""2.11e+07"":-1,""2.12e+07"":1,""2.13e+07"":1,""2.14e+07"":1,""2.20e+07"":1,""3096372"":1,""38397"":1,""6340562"":1,""6363491"":1,""8382218"":1}"
manifestos_econ_ideology_1462,1160005151,"We will help families with all the pressures they face: the lack of time, money worries, the impact of work, concerns about schools and crime, preventing unhealthy influences, poor housing.",Con,2010,Left,"{""1.10e+07"":-1,""1.40e+07"":-1,""1.57e+07"":-1}"
manifestos_econ_ideology_1463,1180011511,We can use new technologies to give people a say on policy-making,Lab,2010,Right,"{""1.57e+07"":1}"
manifestos_econ_ideology_1464,20003351,We will accordingly allow new and growing companies to raise funds through the issue of Industrial Investment Bonds which will pay interest free of tax to investors.,LD,1987,Right,"{""1.11e+07"":1,""1.13e+07"":1,""1.24e+07"":1,""1.75e+07"":1,""1.83e+07"":0,""1.87e+07"":1,""1.98e+07"":1,""2.05e+07"":-1,""2.06e+07"":1,""2.10e+07"":1,""2.11e+07"":1,""2.13e+07"":-1,""5112203"":1,""714020"":1,""8273320"":1,""8769423"":1,""8968750"":1}"
manifestos_econ_ideology_1465,1180002761,The system needs reform.,Lab,2010,Right,"{""1.10e+07"":1,""1.52e+07"":1,""1.66e+07"":1}"
manifestos_econ_ideology_1466,1120014231,5 Britain strong in the world. Global responsibility... Labour is increasing funding for our armed forces.,Lab,2001,Left,"{""1.10e+07"":-1}"
manifestos_econ_ideology_1467,1140001771,That will build on the achievements of Liberal Democrats in government in Scotland.,LD,2005,Left,"{""1.38e+07"":-1}"
manifestos_econ_ideology_1468,1120005761,Coalfield communities. Labour is committed to a ring-fenced £400 million package of help for Britain's ex-mining communities.,Lab,2001,Left,"{""1.10e+07"":-1,""1.30e+07"":-1,""1.53e+07"":-1,""2.03e+07"":-1}"
manifestos_econ_ideology_1469,1160007601,from bureaucracy to democracy.,Con,2010,Right,"{""1.57e+07"":1}"
manifestos_econ_ideology_1470,1170002541,"Despite Government rhetoric, overall public funding of science in real terms is no higher than it was two decades ago.",LD,2010,Left,"{""1.53e+07"":-1}"
manifestos_econ_ideology_1471,1160003221,We will abolish the unelected Infrastructure Planning Commission (IPC) and replace it with an efficient and democratically-accountable system that provides a fast-track process for major infrastructure projects.,Con,2010,Right,"{""1.30e+07"":1,""2.05e+07"":1}"
manifestos_econ_ideology_1472,1080001271,The number of sign tests has fallen by 21% since the introduction of charges in 1988.,LD,1992,Right,"{""1.57e+07"":1,""1.68e+07"":1}"
manifestos_econ_ideology_1473,1120001421,"So, while the Conservatives will spend most of this election telling you what their government cannot do, this manifesto sets out what our government can do.",Lab,2001,Left,"{""1.40e+07"":-1}"
manifestos_econ_ideology_1474,1140007921,Pioneering Liberal Democrat controlled local authorities are leading the way in cutting unnecessary waste and we will expand these practices nationally.,LD,2005,Right,"{""1.10e+07"":1}"
manifestos_econ_ideology_1475,40002131,These are the industries that will benefit from opening up trade around the world.,Con,1997,Right,"{""1.09e+07"":1,""1.93e+07"":1,""2.02e+07"":1,""2.04e+07"":1,""2.06e+07"":1,""2.08e+07"":1,""2.09e+07"":1,""2.13e+07"":1,""4680678"":1,""7918256"":0,""8968750"":1,""9458742"":1}"
manifestos_econ_ideology_1476,1150000481,In our third term we will make public services safe for a generation.,Lab,2005,Left,"{""1.40e+07"":-1,""1.66e+07"":-1}"
manifestos_econ_ideology_1477,1160008621,"Citizens themselves should have a direct say over how they are governed - but not through bureaucratic consultations or phoney citizens juries, which never change anything.",Con,2010,Right,"{""1.57e+07"":1}"
manifestos_econ_ideology_1478,1120004511,We will double the expenditure on energy efficiency.,Lab,2001,Left,"{""1.10e+07"":-1,""1.30e+07"":-1,""2.03e+07"":-1}"
manifestos_econ_ideology_1479,1090002581,"We will also launch a new programme to invest £60 million in the modernisation of Britain's cancer services, using the resources we will save by scrapping the Conservatives' tax handout on private medical insurance.",Lab,1992,Left,"{""1.10e+07"":-1,""1.42e+07"":-1,""1.68e+07"":-1}"
manifestos_econ_ideology_1480,1160009171,We will sweep away the rules that stop local newspapers owning other local media platforms and create a new network of local television stations.,Con,2010,Right,"{""1.52e+07"":1,""1.57e+07"":1}"
manifestos_econ_ideology_1481,1120001751,"But this is only possible on the continued foundation of economic stability: mortgages as low as possible, low inflation and sound public finances.",Lab,2001,Left,"{""1.10e+07"":-1,""1.30e+07"":-1,""1.40e+07"":-1,""1.52e+07"":-1,""2.05e+07"":0}"
manifestos_econ_ideology_1482,1170000861,Our plan for cleaning up politics. The final change is the one that makes the others possible: political reform.,LD,2010,Left,"{""6342862"":-1}"
manifestos_econ_ideology_1483,1160004121,"increase competition in the banking industry, starting with a study of competition in the sector to inform our strategy for selling the government's stakes in the banks",Con,2010,Right,"{""1.10e+07"":1,""1.41e+07"":1,""1.52e+07"":1,""1.57e+07"":1}"
manifestos_econ_ideology_1484,1160001341,"We need to get Britain working by creating jobs in the private sector, and we must get better value for money from the public sector.",Con,2010,Right,"{""1.10e+07"":1,""1.30e+07"":1,""1.51e+07"":1,""1.52e+07"":1,""1.57e+07"":1}"
manifestos_econ_ideology_1485,1180012841,"Continuing reform of NATO and stronger international co-operation to tackle security challenges, while building the capacity of regional security organisations including the African Union.",Lab,2010,Left,"{""1.10e+07"":-1}"
manifestos_econ_ideology_1486,60002621,We will invest public money for training in Individual Learning Accounts which individuals - for example women returning to the labour force - can then use to gain the skills they want.,Lab,1997,Left,"{""1.52e+07"":-1,""1.53e+07"":-1,""1.80e+07"":0,""1.87e+07"":-1,""1837834"":-1,""2.00e+07"":0,""2.08e+07"":-1,""2.13e+07"":-1,""2.14e+07"":0,""3307853"":-1,""5270743"":-1,""6591328"":-1,""7918256"":-1,""8273320"":-1,""8968750"":-1}"
manifestos_econ_ideology_1487,40010141,"We will continue to argue for deregulation and lower costs on Europe's businesses, the policies that have helped give Britain one of the strongest economies in Europe.",Con,1997,Right,"{""1.11e+07"":1,""1.75e+07"":1,""1.81e+07"":1,""1.83e+07"":1,""1.88e+07"":1,""1.98e+07"":1,""2.01e+07"":1,""2.06e+07"":1,""2.08e+07"":1,""2.09e+07"":1,""2.12e+07"":1,""2.13e+07"":1,""3307853"":-1,""3385164"":1,""3773194"":1,""5270743"":1,""7918256"":1}"
manifestos_econ_ideology_1488,1150001221,"So, we approach new challenges with a progressive strategy for growth.",Lab,2005,Right,"{""1.40e+07"":1}"
manifestos_econ_ideology_1489,1180005461,"Only 15 years ago, the very existence of the NHS was in doubt.",Lab,2010,Right,"{""1.84e+07"":1}"
manifestos_econ_ideology_1490,1110001031,"The Royal Commission on Long Term Care, set up by Labour, recommended that these costs should be met by the state.",LD,2001,Left,"{""1.10e+07"":-1,""1.30e+07"":-1,""1.68e+07"":-1,""1.82e+07"":-1}"
manifestos_econ_ideology_1491,1120008021,We remain committed to our bill - blocked by the Tories Ð to ban tobacco advertising and sponsorship.,Lab,2001,Left,"{""1.30e+07"":-1}"
manifestos_econ_ideology_1492,1090002441,"Indeed, it will decide whether or not we continue to have a NHS of the kind that the British people want.",Lab,1992,Left,"{""1.13e+07"":-1,""1.42e+07"":-1}"
manifestos_econ_ideology_1493,1080003491,We will require local authorities to define minimum standards of accessibility in their areas and draw up transport plans which meet them.,LD,1992,Right,"{""1.52e+07"":1}"
manifestos_econ_ideology_1494,1140006371,We will introduce a Marine Act to create a marine planning system to resolve problems of conflicting uses of the sea and sea bed.,LD,2005,Left,"{""1.10e+07"":-1}"
manifestos_econ_ideology_1495,40009001,"We will continue to encourage tree planting by targeting grants, encouraging investment in wood processing, and using new freedoms with the reform of the Common Agricultural Policy.",Con,1997,Left,"{""1.52e+07"":-1,""1.99e+07"":-1,""2.09e+07"":-1,""3307853"":-1,""5270743"":-1,""7954010"":-1,""8836799"":1}"
manifestos_econ_ideology_1496,1120003121,1. Investment in skills and innovation. Skills. We are passionate about giving every child the chance of a decent education.,Lab,2001,Left,"{""1.57e+07"":-1}"
manifestos_econ_ideology_1497,40006961,We will continue to encourage public transport.,Con,1997,Left,"{""1.19e+07"":-1,""1.25e+07"":-1,""1.52e+07"":-1,""1.74e+07"":-1,""1.83e+07"":-1,""1.88e+07"":0,""1.98e+07"":-1,""2.08e+07"":1,""2.12e+07"":-1,""2.13e+07"":-1,""7918256"":-1,""7995027"":1}"
manifestos_econ_ideology_1498,1160003521,"Our goal is to make Heathrow airport better, not bigger.",Con,2010,Right,"{""1.52e+07"":1}"
manifestos_econ_ideology_1499,10001421,"To do this we intend, in particular, to build on two initiatives we have already taken.",Con,1987,Right,"{""1.24e+07"":1,""1.32e+07"":1,""1.52e+07"":1,""1.76e+07"":0,""1.98e+07"":0,""2.04e+07"":1,""2.07e+07"":1,""2.08e+07"":1,""2.09e+07"":1,""2.13e+07"":1,""313343"":1,""3559862"":1}"
manifestos_econ_ideology_1500,1090002001,We will meet our international obligations to reduce harmful chimney emissions.,Lab,1992,Left,"{""1.42e+07"":-1}"
manifestos_econ_ideology_1501,30000811,"We will immediately increase the single pension by £5 a week and the pension for a married couple by £8, as the first step in re-establishing a link between pensions and average earnings or living costs, whichever is the most favourable to pensioners.",Lab,1987,Left,"{""1.05e+07"":-1,""1.10e+07"":1,""1.11e+07"":1,""1.40e+07"":-1,""1.42e+07"":-1,""1.51e+07"":-1,""1.52e+07"":-1,""1.53e+07"":-1,""1.57e+07"":-1,""1.63e+07"":-1,""1.68e+07"":-1,""1.71e+07"":-1,""1.74e+07"":-1,""1.82e+07"":-1,""1.84e+07"":-1,""1.86e+07"":-1,""1.87e+07"":-1,""1.93e+07"":0,""1.97e+07"":-1,""1.98e+07"":-1,""2.02e+07"":-1,""2.07e+07"":-1,""2.08e+07"":-1,""2.09e+07"":-1,""2.10e+07"":-1,""2.11e+07"":1,""2.13e+07"":-1}"
manifestos_econ_ideology_1502,40001601,We have already abolished over a thousand regulations.,Con,1997,Right,"{""1.09e+07"":1,""1.10e+07"":-1,""1.18e+07"":1,""1.24e+07"":1,""1.27e+07"":1,""1.40e+07"":1,""1.41e+07"":1,""1.42e+07"":1,""1.51e+07"":1,""1.52e+07"":1,""1.57e+07"":1,""1.68e+07"":1,""1.88e+07"":1,""1.93e+07"":1,""1.98e+07"":1,""1037861"":-1,""1054502"":-1,""1739"":1,""2.18e+07"":1,""2361265"":1,""313343"":1,""3307853"":1,""3559862"":1,""3773194"":1,""4680678"":1,""5112203"":1,""5270743"":1,""5372456"":-1,""5536796"":-1,""5537363"":-1,""5751985"":1,""5768369"":1,""6161328"":-1,""6340562"":1,""7502519"":1,""7918256"":-1,""7995027"":0,""8836799"":-1,""8968750"":1,""946983"":1,""9775837"":1}"
manifestos_econ_ideology_1503,1150006841,"We are introducing an independent School Food Trust, better training for dinner ladies and Ofsted inspection of healthy eating.",Lab,2005,Left,"{""1.82e+07"":-1}"
manifestos_econ_ideology_1504,1070015801,Over two million homes already receive satellite TV.,Con,1992,Left,"{""1.52e+07"":-1}"
manifestos_econ_ideology_1505,1090002091,We will offer unemployed people a range of employment and training opportunities.,Lab,1992,Left,"{""1.10e+07"":-1,""1.52e+07"":-1,""2.05e+07"":-1}"
manifestos_econ_ideology_1506,40001561,No businessman has time to fill out reams of forms.,Con,1997,Right,"{""1.45e+07"":1,""1.74e+07"":1,""1.86e+07"":1,""1.87e+07"":1,""1.93e+07"":1,""1.98e+07"":0,""2.06e+07"":1,""2.12e+07"":1,""2.13e+07"":1,""5280406"":1,""7954010"":1,""8968750"":1}"
manifestos_econ_ideology_1507,1080008181,Decentralise power to new national and regional governments.,LD,1992,Right,"{""1.52e+07"":1}"
manifestos_econ_ideology_1508,20004611,We will increase the basic state retirement pension by £2.30 a week for a single person and £3.65 for a married couple.,LD,1987,Left,"{""1.04e+07"":-1,""1.10e+07"":-1,""1.13e+07"":-1,""1.17e+07"":-1,""1.20e+07"":-1,""1.30e+07"":-1,""1.40e+07"":-1,""1.41e+07"":-1,""1.42e+07"":-1,""1.45e+07"":-1,""1.47e+07"":-1,""1.51e+07"":-1,""1.52e+07"":-1,""1.53e+07"":-1,""1.57e+07"":-1,""1.68e+07"":-1,""1.69e+07"":-1,""1.74e+07"":-1,""1.86e+07"":-1,""1.90e+07"":-1,""1.91e+07"":0,""1.93e+07"":-1,""1.94e+07"":-1,""1.96e+07"":-1,""1.98e+07"":-1,""1886681"":-1,""2.02e+07"":-1,""2.03e+07"":-1,""2.05e+07"":-1,""2.08e+07"":-1,""2.09e+07"":-1,""2.10e+07"":-1,""2.11e+07"":-1,""2.12e+07"":-1,""2.13e+07"":-1,""2.14e+07"":-1,""2.20e+07"":-1,""37796"":1,""7918256"":-1}"
manifestos_econ_ideology_1509,40006921,Proceeds from privatisation will be recycled in order to modernise the network within 5 years - creating an underground system to serve the capital in the 21st Century.,Con,1997,Right,"{""1.19e+07"":1,""1.32e+07"":-1,""1.45e+07"":1,""1.52e+07"":1,""1.98e+07"":1,""2.06e+07"":1,""2.08e+07"":1,""2.09e+07"":1,""2.11e+07"":1,""2.13e+07"":1,""2.14e+07"":1,""3280015"":1,""7918256"":1,""7954010"":1,""7995027"":1,""8382218"":1}"
manifestos_econ_ideology_1510,1070013641,"First, outside the existing UDC areas, it will reclaim derelict land, assembling suitable sites for redevelopment using vesting or compulsory purchase powers where necessary.",Con,1992,Right,"{""1.52e+07"":1,""1.57e+07"":1,""1.68e+07"":1}"
manifestos_econ_ideology_1511,1150008111,We are examining the development of a new information service - Parents Direct - to provide advice on all aspects of children's services and parental entitlements.,Lab,2005,Left,"{""5013710"":-1}"
manifestos_econ_ideology_1512,1150002321,We are examining the potential benefits of a parallel Expressway on the M6 corridor.,Lab,2005,Left,"{""1.52e+07"":-1}"
manifestos_econ_ideology_1513,1070005901,"We will continue to reorganise central government in tune with its modern role, while devolving and contracting-out executive functions.",Con,1992,Right,"{""1.57e+07"":1}"
manifestos_econ_ideology_1514,20004631,For poorer pensioners we will introduce an additional benefit of £3.70 a week for single people and £5.75 for couples.,LD,1987,Left,"{""1.05e+07"":1,""1.06e+07"":1,""1.10e+07"":-1,""1.21e+07"":-1,""1.24e+07"":-1,""1.26e+07"":-1,""1.30e+07"":-1,""1.40e+07"":-1,""1.41e+07"":-1,""1.47e+07"":-1,""1.51e+07"":-1,""1.52e+07"":-1,""1.57e+07"":-1,""1.66e+07"":0,""1.75e+07"":-1,""1.78e+07"":-1,""1.80e+07"":-1,""1.87e+07"":-1,""1.93e+07"":-1,""1.98e+07"":-1,""2.03e+07"":-1,""2.05e+07"":-1,""2.08e+07"":-1,""2.10e+07"":-1,""2.11e+07"":-1,""2.13e+07"":-1,""2.14e+07"":-1,""2.20e+07"":-1,""2.21e+07"":-1,""37796"":-1,""5112203"":-1,""6355305"":-1,""714020"":1,""8836799"":-1,""8968750"":-1}"
manifestos_econ_ideology_1515,10009381,None would be available in time.,Con,1987,Right,"{""2.09e+07"":1,""2.13e+07"":1}"
manifestos_econ_ideology_1516,1070004941,"During the new Parliament, we will develop a new Enterprise Service to give small and medium-sized companies help in diagnosing their most important strategic needs.",Con,1992,Right,"{""1.51e+07"":1,""1.52e+07"":1,""1.57e+07"":1,""1.68e+07"":1}"
manifestos_econ_ideology_1517,40000691,1. Doubling Living Standards. The free market is winning the battle of ideas the world over.,Con,1997,Right,"{""1.53e+07"":1,""1.86e+07"":1,""1.93e+07"":1,""1.98e+07"":1,""2.08e+07"":0,""2.09e+07"":1,""2.14e+07"":1,""2785872"":1,""4652872"":-1,""4680678"":1,""8968750"":1,""9458742"":1}"
manifestos_econ_ideology_1518,1080001251,"While the NHS hospital sector's purchasing power grew by 15.6% between 1980-81 and 1990-91, expenditure requirements (due to demographic change and the rising cost of medical technology) in fact increased by 21.3%.",LD,1992,Left,"{""1.10e+07"":-1,""1.68e+07"":-1}"
manifestos_econ_ideology_1519,1180003571,"Modern trade unions are an important part of our society and economy, providing protection and advice for employees, and working for equality and greater fairness in the workplace.",Lab,2010,Left,"{""1.10e+07"":-1,""1.52e+07"":-1,""1.63e+07"":-1,""1.82e+07"":-1,""1.93e+07"":-1}"
manifestos_econ_ideology_1520,1170000781,"A fair future, creating jobs by making Britain greener.",LD,2010,Left,"{""1.10e+07"":-1,""1.52e+07"":-1,""5647650"":-1}"
manifestos_econ_ideology_1521,1120007501,We will not introduce 'top-up' fees and have legislated to prevent them.,Lab,2001,Left,"{""1.10e+07"":-1,""1.57e+07"":-1,""1.68e+07"":-1,""6355305"":-1}"
manifestos_econ_ideology_1522,40007081,Competition and enterprise are the best way to improve our transport system.,Con,1997,Right,"{""1.01e+07"":1,""1.19e+07"":1,""1.32e+07"":1,""1.52e+07"":1,""1.81e+07"":1,""2.00e+07"":0,""2.01e+07"":1,""2.09e+07"":1,""2.10e+07"":1,""2.11e+07"":1,""2.13e+07"":1,""38397"":1,""6340793"":1,""7918256"":1,""7954010"":1,""7995027"":1,""9703085"":1}"
manifestos_econ_ideology_1523,1120001931,increase the minimum wage to £4.20 ,Lab,2001,Left,"{""1.10e+07"":-1,""1.30e+07"":-1,""1.51e+07"":-1,""1.63e+07"":-1,""2.03e+07"":-1}"
manifestos_econ_ideology_1524,1160009751,It is a country that leads the world in the market for green goods and services.,Con,2010,Left,"{""1.52e+07"":-1}"
manifestos_econ_ideology_1525,1120008621,"We are pledged to the investment necessary to expand access and excellence together in culture and sport, building on excellence in film and broadcasting.",Lab,2001,Left,"{""1.53e+07"":-1}"
manifestos_econ_ideology_1526,1140003361,Liberal Democrats believe that Britain should work to create the right economic conditions to join the euro (subject to a referendum) in order to safeguard investment in the UK and reduce the cost and risk of trade with the rest of Europe.,LD,2005,Left,"{""1.30e+07"":-1,""1.42e+07"":-1,""1.52e+07"":-1,""1.82e+07"":-1,""1911075"":-1}"
manifestos_econ_ideology_1527,1170008301,This comprehensive review will not reverse or undermine any of the spending commitments we make in this manifesto.,LD,2010,Left,"{""1.10e+07"":-1,""1.57e+07"":-1}"
manifestos_econ_ideology_1528,1070017201,"thrift and inventiveness have been released, not suppressed.",Con,1992,Right,"{""1.57e+07"":1,""1.63e+07"":1}"
manifestos_econ_ideology_1529,1080008221,"We will: Abolish the poll tax, cancel plans for the proposed Council Tax and introduce a Local Income Tax, related to ability to pay and collected by the Inland Revenue.",LD,1992,Left,"{""1.10e+07"":-1,""1.42e+07"":-1,""1.68e+07"":-1,""1.87e+07"":-1,""1.93e+07"":-1}"
manifestos_econ_ideology_1530,30003211,Labour will give our rural communities the chance to thrive again.,Lab,1987,Left,"{""1.45e+07"":-1,""1.52e+07"":-1,""1.75e+07"":-1,""1.87e+07"":-1,""2.02e+07"":-1,""2.09e+07"":-1,""2.11e+07"":-1,""2.12e+07"":-1,""4680678"":-1,""5112203"":-1,""8968750"":-1,""946983"":-1}"
manifestos_econ_ideology_1531,1150010111,"Grassroots clubs are the lifeblood of sports in Britain, and week in, week out, they are sustained by an army of volunteers.",Lab,2005,Left,"{""1.10e+07"":-1}"
manifestos_econ_ideology_1532,1070007031,Government and industry are working together.,Con,1992,Right,"{""1.51e+07"":1,""1.57e+07"":1,""1.93e+07"":1}"
manifestos_econ_ideology_1533,1090003941,We will modernise the valuation system to ensure that properties are fairly assessed.,Lab,1992,Left,"{""1.10e+07"":-1,""1.68e+07"":-1}"
manifestos_econ_ideology_1534,1070004201,We will encourage local authorities to sell their airports.,Con,1992,Right,"{""1.13e+07"":1,""1.52e+07"":1,""1.57e+07"":1,""1.82e+07"":1}"
manifestos_econ_ideology_1535,1150002021,The merger of the Inland Revenue and Customs and Excise will cut the administrative costs of tax compliance for small businesses.,Lab,2005,Right,"{""1.40e+07"":1,""1.52e+07"":1,""1.57e+07"":1,""1.68e+07"":1,""1.87e+07"":1}"
manifestos_econ_ideology_1536,1150001431,"That is why we have cut corporation tax to its lowest ever level, introduced the best regime of capital gains tax in any industrialised country, and introduced a new Research and Development tax credit.",Lab,2005,Right,"{""1.52e+07"":1,""1.57e+07"":1,""1.68e+07"":1,""1.87e+07"":1,""2.05e+07"":1}"
manifestos_econ_ideology_1537,1070013131,"abolished the power of local councils to shift the burden of taxation on to local business, for the first time limiting the overall rise in business rates to no more than the rate of inflation",Con,1992,Right,"{""1.10e+07"":-1,""1.52e+07"":1,""1.53e+07"":-1,""1.68e+07"":1,""1.71e+07"":1,""1.74e+07"":1,""1.86e+07"":1,""1.87e+07"":1,""1.93e+07"":1,""2.08e+07"":1,""2.09e+07"":1,""2.10e+07"":1,""2.11e+07"":1,""2.13e+07"":1}"
manifestos_econ_ideology_1538,10000901,Our goal is a capital-owning democracy of people and families who exercise power over their own lives n the most direct way.,Con,1987,Right,"{""1.10e+07"":1,""1.11e+07"":-1,""1.18e+07"":1,""1.22e+07"":1,""1.26e+07"":-1,""1.42e+07"":1,""1.45e+07"":1,""1.47e+07"":1,""1.52e+07"":1,""1.54e+07"":1,""1.57e+07"":1,""1.58e+07"":1,""1.65e+07"":0,""1.74e+07"":1,""1.75e+07"":1,""1.81e+07"":1,""1.82e+07"":1,""1.85e+07"":1,""1.86e+07"":1,""1.87e+07"":1,""1.88e+07"":1,""1.90e+07"":1,""1.94e+07"":1,""1.95e+07"":1,""1.98e+07"":1,""1.99e+07"":1,""180534"":1,""2.00e+07"":1,""2.01e+07"":1,""2.02e+07"":1,""2.03e+07"":1,""2.04e+07"":1,""2.05e+07"":-1,""2.06e+07"":1,""2.07e+07"":1,""2.08e+07"":-1,""2.09e+07"":1,""2.10e+07"":1,""2.11e+07"":1,""2.12e+07"":1,""2.13e+07"":1,""2.14e+07"":1,""2.15e+07"":1,""5993386"":1,""6772245"":1,""7918256"":1,""8382218"":1,""886"":1}"
manifestos_econ_ideology_1539,1150000141,"We have made difficult decisions - about health policy, student finance, and secondary school reform.",Lab,2005,Right,"{""1.40e+07"":1}"
manifestos_econ_ideology_1540,1070003361,"They also achieve another prime objective of Conservative Governments, which is to transfer power from the state to the people.",Con,1992,Right,"{""1.11e+07"":1}"
manifestos_econ_ideology_1541,1120003491,Reform of capital gains tax has given the entrepreneur or investor new incentives for investment.,Lab,2001,Right,"{""1.10e+07"":1,""1.30e+07"":1,""1.41e+07"":1,""1.51e+07"":1,""1.53e+07"":1}"
manifestos_econ_ideology_1542,10000961,by making it easier to buy shares in British industry through employee share schemes and Personal Equity Plans.,Con,1987,Right,"{""1.10e+07"":1,""1.13e+07"":-1,""1.21e+07"":1,""1.22e+07"":1,""1.25e+07"":1,""1.30e+07"":1,""1.31e+07"":1,""1.40e+07"":1,""1.42e+07"":1,""1.45e+07"":1,""1.46e+07"":-1,""1.47e+07"":0,""1.51e+07"":-1,""1.52e+07"":1,""1.54e+07"":1,""1.57e+07"":-1,""1.58e+07"":-1,""1.66e+07"":1,""1.68e+07"":1,""1.73e+07"":1,""1.75e+07"":1,""1.76e+07"":-1,""1.78e+07"":1,""1.79e+07"":-1,""1.81e+07"":1,""1.82e+07"":1,""1.83e+07"":0,""1.85e+07"":1,""1.87e+07"":1,""1.89e+07"":1,""1.90e+07"":1,""1.93e+07"":1,""1.98e+07"":1,""1.99e+07"":1,""1171781"":-1,""2.00e+07"":1,""2.02e+07"":1,""2.03e+07"":-1,""2.04e+07"":1,""2.05e+07"":1,""2.06e+07"":1,""2.07e+07"":1,""2.08e+07"":1,""2.09e+07"":1,""2.10e+07"":1,""2.11e+07"":1,""2.12e+07"":-1,""2.13e+07"":1,""2.14e+07"":1,""2.16e+07"":-1,""2.18e+07"":1,""2.19e+07"":1,""37796"":1,""4568230"":1,""5983773"":1,""5993386"":1,""5995438"":1,""6337523"":1,""6525777"":1,""6591328"":1,""7424964"":1,""7918256"":-1,""8014024"":1,""8382218"":1,""9666339"":1}"
manifestos_econ_ideology_1543,1160004611,"The size, scope and role of government in the UK has reached a point where it is now inhibiting, not advancing, the progressive aims of reducing poverty, fighting inequality, and increasing general well-being.",Con,2010,Left,"{""1.10e+07"":-1}"
manifestos_econ_ideology_1544,1090002711,"We will make sure every community has access to dentists, with the resources to provide full NHS cover we will and restore the free dental check.",Lab,1992,Left,"{""1.42e+07"":-1,""1.45e+07"":-1,""1.68e+07"":-1}"
manifestos_econ_ideology_1545,1070005661,We are ensuring that the regulators have the powers they need to promote competition and safeguard the interests of the customer by controlling price increases.,Con,1992,Left,"{""1.14e+07"":-1,""1.53e+07"":-1,""1.74e+07"":-1,""1.86e+07"":-1,""1.87e+07"":-1,""1.98e+07"":-1,""2.01e+07"":-1,""2.08e+07"":0,""2.09e+07"":-1,""2.12e+07"":-1,""2.19e+07"":-1,""2.20e+07"":-1}"
manifestos_econ_ideology_1546,40000871,We are the only party that can cut taxes because we are the only party which is serious about controlling public spending.,Con,1997,Right,"{""1.10e+07"":1,""1.25e+07"":1,""1.30e+07"":1,""1.40e+07"":1,""1.41e+07"":1,""1.42e+07"":1,""1.45e+07"":1,""1.51e+07"":1,""1.52e+07"":1,""1.57e+07"":1,""1.68e+07"":-1,""1.82e+07"":1,""1.88e+07"":1,""1.93e+07"":1,""2.11e+07"":1,""2.12e+07"":1,""2.16e+07"":1,""4568230"":1,""5112203"":1,""5816451"":-1,""5983773"":1,""7801795"":-1,""7995027"":1,""8188780"":1,""874567"":-1,""8836799"":-1,""8968750"":1,""9054964"":1}"
manifestos_econ_ideology_1547,1100005381,Farmers and other rural businesses spend too much time on form-filling and red tape.,Con,2001,Right,"{""1.10e+07"":1,""1.57e+07"":1,""1.68e+07"":1,""1.95e+07"":1}"
manifestos_econ_ideology_1548,1070005431,London Underground will publish its own Charter.,Con,1992,Right,"{""1.52e+07"":1}"
manifestos_econ_ideology_1549,40001321,For the first time this century we face a world full of capitalist competition.,Con,1997,Right,"{""1.13e+07"":1,""1.18e+07"":1,""1.20e+07"":1,""1.52e+07"":1,""2.00e+07"":0,""2.01e+07"":1,""2.10e+07"":1,""2.13e+07"":0,""4680678"":1,""7918256"":1,""7954010"":1,""8968750"":1}"
manifestos_econ_ideology_1550,1090002031,We will retain the Department of Energy and move its petroleum engineering directorate to Aberdeen.,Lab,1992,Left,"{""1.52e+07"":-1}"
manifestos_econ_ideology_1551,1140006911,"We will oppose the construction of international airports on new sites, and also the expansion of airports in the South East.",LD,2005,Left,"{""1.51e+07"":-1}"
manifestos_econ_ideology_1552,1110002941,Setting You Free. Abolish the excessive benefit sanctions brought in under the New Deal.,LD,2001,Right,"{""1.10e+07"":1,""1.30e+07"":1,""1.42e+07"":-1,""1.52e+07"":1,""1.93e+07"":1,""2.04e+07"":1}"
manifestos_econ_ideology_1553,1150004091,"World-class higher education, open to all. Universities are critical to Britain's future prosperity.",Lab,2005,Left,"{""1.57e+07"":-1}"
manifestos_econ_ideology_1554,1140003501,"For example, we will cut back the cost of business rates for small businesses.",LD,2005,Right,"{""1.40e+07"":1,""1.42e+07"":1,""1.52e+07"":1,""1.57e+07"":1,""1.82e+07"":1}"
manifestos_econ_ideology_1555,1150002071,"We will continue to work to protect the rights of consumers, bringing forward proposals to strengthen and streamline consumer advocacy.",Lab,2005,Left,"{""1.57e+07"":-1}"
manifestos_econ_ideology_1556,1080008061,"We will give MPs greater influence over the executive by boosting the powers of Select Committees, improving staff backup for backbenchers and increasing financial and civil service support for opposition parties.",LD,1992,Left,"{""1.10e+07"":-1}"
manifestos_econ_ideology_1557,1120004521,Fuel poverty blights lives: our aim is that by 2010 no vulnerable household in the UK need risk ill-health due to a cold home.,Lab,2001,Left,"{""1.10e+07"":-1,""1.57e+07"":-1}"
manifestos_econ_ideology_1558,1160011821,"European countries need to work together to boost global economic growth, fight global poverty, and combat global climate change.",Con,2010,Left,"{""1.10e+07"":-1}"
manifestos_econ_ideology_1559,1150001061,"Britain strong in the world. Britain's interests are at the heart of an enlarged European Union, with economic reform putting jobs first.",Lab,2005,Left,"{""1.63e+07"":-1,""1.68e+07"":-1}"
manifestos_econ_ideology_1560,1120014401,Labour is committed to lead the development of a comprehensive agenda for poverty reduction and sustainable development.,Lab,2001,Left,"{""1.10e+07"":-1,""1.42e+07"":-1,""1.95e+07"":-1}"
manifestos_econ_ideology_1561,40002481,We also want to encourage people to save so they have the security and self-respect that comes from being able to rely on their own resources rather than immediately turning to the state.,Con,1997,Right,"{""1.53e+07"":1,""1.87e+07"":1,""1.98e+07"":1,""2.01e+07"":1,""2.02e+07"":1,""2.03e+07"":1,""2.06e+07"":1,""2.10e+07"":1,""2.11e+07"":1,""2.13e+07"":1,""5280406"":1,""7918256"":1,""7954010"":1,""8968750"":1}"
manifestos_econ_ideology_1562,1070014431,"We will produce guidance on the preparation of local Indicative Forestry Strategies designed to encourage new woodlands, while steering planting away from sensitive areas.",Con,1992,Left,"{""1.57e+07"":-1}"
manifestos_econ_ideology_1563,1160011081,But Labour's dangerous mismanagement has endangered lives and harmed Britain's capacity to defend itself.,Con,2010,Left,"{""1.30e+07"":-1}"
manifestos_econ_ideology_1564,1160012271,So we will stop giving aid to China and Russia and review which other countries should get British aid.,Con,2010,Right,"{""3626598"":1}"
manifestos_econ_ideology_1565,1180005901,"The waiting-time guarantee will ensure that treatment begins within 18 weeks of seeing your GP, or the NHS will find you to go private.",Lab,2010,Left,"{""1.53e+07"":-1}"
manifestos_econ_ideology_1566,1150006731,"So we will continue to invest in and improve our services for people with mental health problems at primary and secondary levels, including behavioural as well as drug therapies.",Lab,2005,Left,"{""1.57e+07"":-1}"
manifestos_econ_ideology_1567,40006781,In so far as there is a still a problem it is concentrated in a few essential services where the public has no easy alternative and strikers are able to impose massive costs and inconvenience out of all proportion to the issues at stake.,Con,1997,Right,"{""1.52e+07"":1,""1.53e+07"":1,""1.85e+07"":1,""1.97e+07"":1,""1.98e+07"":1,""2.10e+07"":-1,""2.11e+07"":1,""2.13e+07"":1,""2.14e+07"":1,""2361265"":1,""2737722"":1,""3280015"":1,""7995027"":1,""8769423"":1}"
manifestos_econ_ideology_1568,1120008901,"We are once again giving children the opportunity to learn music, and we will ensure the opportunity is available to all.",Lab,2001,Left,"{""1.57e+07"":-1}"
manifestos_econ_ideology_1569,1120003201,tackle the financial barriers that prevent adults studying in further education.,Lab,2001,Left,"{""1.10e+07"":-1,""1.30e+07"":-1,""1.51e+07"":-1,""1.53e+07"":-1}"
manifestos_econ_ideology_1570,1150006081,We will commit to faster test results for cervical smears.,Lab,2005,Left,"{""1.82e+07"":-1}"
manifestos_econ_ideology_1571,1070015901,"There are now great opportunities for independent producers to sell their programmes to new television channels and international markets, and there is much greater choice for viewers as a result.",Con,1992,Right,"{""1.10e+07"":1,""1.51e+07"":1,""1.53e+07"":1,""1.63e+07"":1}"
manifestos_econ_ideology_1572,1120015781,"We will work for the creation of a global health fund to make essential drugs and commodities more accessible to the poor, focusing on TB, malaria and HIV/AIDS.",Lab,2001,Left,"{""1.57e+07"":-1,""1.82e+07"":-1}"
manifestos_econ_ideology_1573,1070012221,"For the first time ever performance targets will be set, widely published and rigorously monitored",Con,1992,Left,"{""1.82e+07"":-1}"
manifestos_econ_ideology_1574,1070000641,"Everywhere Socialism is in retreat and democracy, human rights and market economics are advancing.",Con,1992,Right,"{""1.13e+07"":1}"
manifestos_econ_ideology_1575,1130000791,We will use the remaining £4 billion of our £12 billion savings to cut taxes in our first Budget.,Con,2005,Right,"{""1.30e+07"":1,""1.63e+07"":1,""1.93e+07"":1,""1911075"":1,""2.00e+07"":1}"
manifestos_econ_ideology_1576,1070010761,"As evidence of our continuing commitment to poorer pensioners, we have announced in the Budget an increase of £2 a week for single people, £3 a week for couples, in income support for pensioners.",Con,1992,Left,"{""1.10e+07"":-1,""1.40e+07"":-1,""1.51e+07"":-1,""1.82e+07"":-1,""1.93e+07"":-1}"
manifestos_econ_ideology_1577,1180012121,Stronger competitiveness must be Europe's economic priority.,Lab,2010,Right,"{""1.10e+07"":1,""1.57e+07"":1}"
manifestos_econ_ideology_1578,1180009641,"Move towards a 'zero waste' Britain, banning recyclable and biodegradable materials from landfill.",Lab,2010,Right,"{""1.66e+07"":1}"
manifestos_econ_ideology_1579,1070012371,and through-ticketing will be required.,Con,1992,Right,"{""1.10e+07"":1,""1.68e+07"":1}"
manifestos_econ_ideology_1580,1150001961,We have reformed our energy markets to make them open and competitive.,Lab,2005,Right,"{""1.57e+07"":1}"
manifestos_econ_ideology_1581,1120010431,"In 2001-02, an average of nearly £500 above 1997-98 levels will be invested in every child in Britain.",Lab,2001,Left,"{""1.10e+07"":-1,""1.42e+07"":-1,""1.51e+07"":-1}"
manifestos_econ_ideology_1582,1140006861,"We will not proceed with major new road-building schemes unless the benefits are clear, including environmental and safety factors and a full assessment of alternative public transport schemes.",LD,2005,Left,"{""1.52e+07"":-1}"
manifestos_econ_ideology_1583,40000861,"A Low Tax Economy. For enterprise to flourish, the state must get out of the way of the wealth creators.",Con,1997,Right,"{""1.10e+07"":1,""1.14e+07"":1,""1.30e+07"":1,""1.40e+07"":1,""1.42e+07"":1,""1.45e+07"":1,""1.51e+07"":1,""1.52e+07"":1,""1.53e+07"":1,""1.57e+07"":1,""1.63e+07"":1,""1.68e+07"":1,""1.71e+07"":1,""1.74e+07"":1,""1.76e+07"":1,""1.86e+07"":1,""1.87e+07"":1,""1.88e+07"":1,""1.93e+07"":1,""2.05e+07"":1,""2.08e+07"":1,""2.09e+07"":1,""2.11e+07"":1,""2.12e+07"":1,""2.13e+07"":1,""2.21e+07"":1,""5172864"":1,""9137449"":1,""9299392"":1}"
manifestos_econ_ideology_1584,1140005941,We will work to end the dumping of subsidised agricultural exports by developed economies which is wrecking farming in Africa and other parts of the world.,LD,2005,Left,"{""1.30e+07"":-1,""1.87e+07"":-1,""6340562"":-1}"
manifestos_econ_ideology_1585,1110004511,"We will reform fuel duty rebates for bus operators so that these are tied more closely to those running more efficient vehicles, particularly those using alternative fuels.",LD,2001,Left,"{""1.30e+07"":-1,""1.42e+07"":-1}"
manifestos_econ_ideology_1586,1160005291,free bus passes,Con,2010,Left,"{""1.13e+07"":-1,""1.57e+07"":-1,""1.63e+07"":-1,""1.68e+07"":-1}"
manifestos_econ_ideology_1587,1160000511,We believe in enterprise and aspiration.,Con,2010,Right,"{""1.10e+07"":1,""1.30e+07"":1,""1.52e+07"":1,""1.57e+07"":1,""1.93e+07"":1}"
manifestos_econ_ideology_1588,10004521,"Since the National Freight Consortium was sold to management and staff in 1982, pre-tax profits have increased sevenfold.",Con,1987,Right,"{""1.24e+07"":1,""1.32e+07"":1,""1.52e+07"":1,""1.75e+07"":1,""1.76e+07"":1,""1.93e+07"":1,""1.98e+07"":1,""2.02e+07"":1,""2.06e+07"":1,""2.08e+07"":1,""2.09e+07"":1,""2.13e+07"":1,""313343"":1,""5751985"":-1,""8968750"":0}"
manifestos_econ_ideology_1589,1120006361,"over 150,000 teachers are set to receive a £2,000 pay rise above the usual annual increase",Lab,2001,Left,"{""1.10e+07"":-1,""1.30e+07"":-1,""1.53e+07"":-1,""2.03e+07"":-1}"
manifestos_econ_ideology_1590,10002041,"We will privatise more state industries in ways that increase share-ownership, both for the employees and for the public at large.",Con,1987,Right,"{""1.10e+07"":1,""1.11e+07"":1,""1.16e+07"":1,""1.19e+07"":1,""1.25e+07"":1,""1.26e+07"":1,""1.27e+07"":1,""1.30e+07"":1,""1.40e+07"":1,""1.52e+07"":1,""1.53e+07"":1,""1.57e+07"":1,""1.63e+07"":1,""1.66e+07"":1,""1.68e+07"":1,""1.81e+07"":1,""1.85e+07"":1,""1.87e+07"":1,""1.88e+07"":1,""1.93e+07"":1,""1.94e+07"":1,""1037861"":1,""1837834"":1,""2.01e+07"":1,""2.02e+07"":-1,""2.03e+07"":1,""2.04e+07"":-1,""2.05e+07"":1,""2.06e+07"":1,""2.07e+07"":1,""2.09e+07"":0,""2.10e+07"":1,""2.12e+07"":1,""2.13e+07"":1,""2.14e+07"":1,""2.20e+07"":-1,""3246605"":-1,""3626598"":1,""37796"":1,""5112203"":1,""5172864"":1,""5270743"":-1,""5537363"":1,""5983773"":1,""6340562"":1,""6355305"":1,""6622539"":1,""7801795"":-1,""7918256"":1,""7995027"":1,""8197937"":1,""8382218"":1,""8450718"":1,""874567"":1,""8968750"":1,""9054964"":-1,""946983"":1}"
manifestos_econ_ideology_1591,1110007881,We will legislate for referenda on elected regional assemblies.,LD,2001,Left,"{""1.10e+07"":-1}"
manifestos_econ_ideology_1592,1160008661,"But it is not always possible to give power to individuals, and in those cases we need to push power down to the most appropriate local level: neighbourhood, community and local government.",Con,2010,Right,"{""1.57e+07"":1}"
manifestos_econ_ideology_1593,20004721,MATERNITY GRANT. We will introduce a maternity grant of £150 for the first child born in every family and of £75 for the births of each subsequent child,LD,1987,Left,"{""1.10e+07"":-1,""1.30e+07"":-1,""1.38e+07"":-1,""1.40e+07"":-1,""1.49e+07"":-1,""1.51e+07"":1,""1.52e+07"":-1,""1.53e+07"":-1,""1.57e+07"":-1,""1.65e+07"":-1,""1.68e+07"":-1,""1.76e+07"":-1,""1.80e+07"":-1,""1.81e+07"":-1,""1.87e+07"":-1,""1.93e+07"":-1,""1.97e+07"":-1,""1037861"":1,""2.01e+07"":-1,""2.05e+07"":-1,""2.06e+07"":-1,""2.10e+07"":-1,""2.11e+07"":-1,""2.12e+07"":-1,""2.13e+07"":-1,""2785872"":-1,""3731467"":-1,""4680678"":-1,""5112203"":-1,""5452477"":-1,""6342862"":-1,""8968750"":-1,""946983"":-1}"
manifestos_econ_ideology_1594,1070005231,"The Charter's commitment to modern, open services will help them to win the respect that good service deserves.",Con,1992,Right,"{""1.41e+07"":1,""1.57e+07"":1}"
manifestos_econ_ideology_1595,1080005451,"We will introduce a requirement for energy audits on all new buildings as a pre-condition of grants for home insulation, solar heating and other energy-saving measures.",LD,1992,Left,"{""1.52e+07"":-1,""1.68e+07"":-1}"
manifestos_econ_ideology_1596,1170002151,Young people on the scheme would be paid £55 a week for up to three months.,LD,2010,Left,"{""1.10e+07"":-1,""1.51e+07"":-1,""1.57e+07"":-1,""1.93e+07"":-1,""3626598"":-1}"
manifestos_econ_ideology_1597,1120010831,Statutory maternity leave is currently 18 weeks,Lab,2001,Left,"{""2.03e+07"":-1}"
manifestos_econ_ideology_1598,10005021,"secured greater efficiency by privatising British Airways, the National Freight Corporation, Sealink and Associated British Ports",Con,1987,Right,"{""1.24e+07"":1,""1.52e+07"":1,""1.98e+07"":1,""1.99e+07"":1,""2.00e+07"":1,""2.04e+07"":1,""2.09e+07"":1,""2.11e+07"":1,""313343"":1,""5112203"":1,""8382218"":1,""8893451"":1,""946983"":-1}"
manifestos_econ_ideology_1599,1110009641,Floods and Flooding. We will immediately set up a National Task Force to review arrangements for flood defence management and response.,LD,2001,Left,"{""1.57e+07"":-1}"
manifestos_econ_ideology_1600,1160008531,"We will give individuals and local government much more power, allow communities to take control of vital services, and give people the chance to have a powerful, elected mayor in England's largest cities.",Con,2010,Right,"{""1.57e+07"":1}"
manifestos_econ_ideology_1601,1160005301,free TV licences,Con,2010,Left,"{""1.10e+07"":-1,""1.52e+07"":-1,""1.57e+07"":-1,""2.01e+07"":-1}"
manifestos_econ_ideology_1602,1150002611,They will be good for employees and for the economy.,Lab,2005,Left,"{""1.42e+07"":-1,""1.93e+07"":-1,""2.01e+07"":-1,""2.05e+07"":-1,""6342862"":-1}"
manifestos_econ_ideology_1603,1140001791,Cut class sizes - using the £1.5 billion Child Trust Fund.,LD,2005,Left,"{""1.38e+07"":-1,""1.42e+07"":-1,""1.57e+07"":-1}"
manifestos_econ_ideology_1604,1070003761,"Over the past 13 years, we have steadily dismantled barriers to its growth.",Con,1992,Right,"{""1.13e+07"":1,""1.40e+07"":1,""1.57e+07"":1,""1.68e+07"":1}"
manifestos_econ_ideology_1605,1170007141,This will also help to reduce the costs of repairs to historic buildings.,LD,2010,Left,"{""1.10e+07"":-1}"
manifestos_econ_ideology_1606,1180008711,"This will be backed by a Pupil Guarantee ensuring that every pupil should have access to regular competitive sport along with coaching, a choice of different sports, and pathways to elite and club development.",Lab,2010,Left,"{""1.57e+07"":-1,""1.66e+07"":-1}"
manifestos_econ_ideology_1607,1080002031,We will encourage greater competition in the banking sector.,LD,1992,Right,"{""1.10e+07"":1,""1.51e+07"":1,""1.52e+07"":1,""1.93e+07"":1,""3731467"":1}"
manifestos_econ_ideology_1608,1140007951,We will introduce measures to reduce energy use overall - for example through better home insulation which will also tackle the 'fuel poverty' faced in particular by pensioners.,LD,2005,Left,"{""1.52e+07"":-1,""1.57e+07"":-1}"
manifestos_econ_ideology_1609,1170005521,We will ensure that adaptation and mitigation measures are financed by industrialised nations on top of existing aid commitments.,LD,2010,Left,"{""1.10e+07"":-1}"
manifestos_econ_ideology_1610,1180012681,and deliver at least 30 million additional anti-malarial bed-nets over the next three years.,Lab,2010,Left,"{""1.57e+07"":-1}"
manifestos_econ_ideology_1611,1140006361,We will seek early further reform of the Common Fisheries Policy to give local fishermen and other stakeholders a real say in the management of their own regional waters.,LD,2005,Right,"{""1.10e+07"":1}"
manifestos_econ_ideology_1612,50007311,This attitude has also cost Britain opportunities for influence and advantage.,LD,1997,Left,"{""6349089"":-1}"
manifestos_econ_ideology_1613,1080002251,"Encourage small business and the self-employed, and ensure a 'level playing field' for them in competing with their larger counterparts.",LD,1992,Right,"{""1.10e+07"":1,""1.51e+07"":1,""1.52e+07"":1,""1.68e+07"":1,""1.93e+07"":1}"
manifestos_econ_ideology_1614,1150000501,No going back to the Tory years of cuts and privatisation.,Lab,2005,Left,"{""1.40e+07"":-1,""1.52e+07"":-1,""1.57e+07"":-1,""1.68e+07"":-1,""5647650"":-1}"
manifestos_econ_ideology_1615,1100002531,"We will take politicians out of the day-to-day management of the NHS, putting in their place respect for clinical decisions and accountability to patients.",Con,2001,Right,"{""1.57e+07"":1,""1.95e+07"":1}"
manifestos_econ_ideology_1616,1100002851,"In doing so, they free resources in the NHS and help reduce waiting times, but often at considerable personal cost.",Con,2001,Right,"{""1.30e+07"":1,""1.57e+07"":1,""1.68e+07"":1,""1.90e+07"":1}"
manifestos_econ_ideology_1617,1150007111,"Nearly two million pensioners have been lifted out of absolute poverty as a result of Labour's measures, which are now getting on average an extra £2,000 a year to the poorest third.",Lab,2005,Left,"{""1.10e+07"":-1,""1.40e+07"":-1,""1.52e+07"":-1,""1.57e+07"":-1,""1.82e+07"":-1}"
manifestos_econ_ideology_1618,1120002791,"We will continue to work at international level to minimise global economic turbulence, and to protect Britain if it occurs.",Lab,2001,Left,"{""1.10e+07"":-1,""1.51e+07"":-1}"
manifestos_econ_ideology_1619,1160008251,"We understand that people want government to be more effective in what it does, and to do it for less money.",Con,2010,Right,"{""1.52e+07"":1,""1.57e+07"":1}"
manifestos_econ_ideology_1620,1160010271,"To help further, we will: ensure that 10 per cent of the staff directly employed by 'Green Deal' providers are apprentices, helping to build a green collar workforce for the future",Con,2010,Left,"{""1.10e+07"":-1,""1.57e+07"":-1,""2.05e+07"":-1}"
manifestos_econ_ideology_1621,1070014621,The expansion of GP fund-holding will bring particular benefits to rural areas because of the convenience of different services - such as physiotherapy and consultant appointments - being offered in the GP's surgery.,Con,1992,Left,"{""1.47e+07"":-1}"
manifestos_econ_ideology_1622,50008161,Ban landmines.,LD,1997,Right,"{""2.09e+07"":1}"
manifestos_econ_ideology_1623,1170004791,"Cut rail fares, changing the rules in contracts with Train Operating Companies so that regulated fares fall behind inflation by 1 per cent each year, meaning a real-terms cut.",LD,2010,Left,"{""1.10e+07"":-1,""1.57e+07"":-1,""1.63e+07"":-1}"
manifestos_econ_ideology_1624,1110008061,Setting You Free. Cut the size and cost of central government.,LD,2001,Right,"{""1.30e+07"":1,""6355305"":1}"
manifestos_econ_ideology_1625,10004681,"relaxed advertising controls on accountants, solicitors, stockbrokers and vets, and permitted greater fee competition for architects and surveyors",Con,1987,Right,"{""1.01e+07"":1,""1.08e+07"":1,""1.10e+07"":1,""1.11e+07"":1,""1.13e+07"":1,""1.24e+07"":1,""1.30e+07"":1,""1.32e+07"":1,""1.38e+07"":1,""1.43e+07"":0,""1.45e+07"":1,""1.51e+07"":1,""1.52e+07"":1,""1.53e+07"":1,""1.57e+07"":1,""1.65e+07"":1,""1.68e+07"":1,""1.75e+07"":1,""1.81e+07"":1,""1.83e+07"":0,""1.93e+07"":1,""1.96e+07"":1,""1.98e+07"":1,""1.99e+07"":1,""2.00e+07"":1,""2.01e+07"":1,""2.04e+07"":1,""2.05e+07"":-1,""2.10e+07"":1,""2.11e+07"":1,""2.12e+07"":1,""2.13e+07"":1,""2.14e+07"":1,""2.20e+07"":1,""6340562"":1,""6349089"":1,""8273320"":1,""8836799"":-1,""8893451"":1}"
manifestos_econ_ideology_1626,10002991,We have brought the nation back to living within its means.,Con,1987,Right,"{""1.24e+07"":1,""1.52e+07"":1,""1.75e+07"":0,""1.86e+07"":1,""1.93e+07"":1,""1.98e+07"":1,""2.09e+07"":0,""2.13e+07"":1,""313343"":1,""5112203"":1,""6349089"":1,""6591328"":1,""8273320"":1,""8968750"":1,""946983"":1}"
manifestos_econ_ideology_1627,1070003571,Sustaining not just a home-owning but a capital owning democracy is crucial to our vision for the 1990s.,Con,1992,Right,"{""1.10e+07"":1,""1.30e+07"":1,""1.52e+07"":1,""1.57e+07"":1,""1.87e+07"":1}"
manifestos_econ_ideology_1628,1070004591,We will privatise British Coal in a way that enables employees to enjoy a stake in the industry.,Con,1992,Right,"{""1.52e+07"":1,""1.53e+07"":1,""1.71e+07"":1,""1.74e+07"":1,""1.86e+07"":1,""1.87e+07"":1,""2.08e+07"":1,""2.09e+07"":1,""2.10e+07"":-1,""2.11e+07"":1,""2.17e+07"":-1,""2.20e+07"":1,""6340562"":1}"
manifestos_econ_ideology_1629,1080001411,"In the middle of the recession, the economy needs new impetus not a tax cut.",LD,1992,Left,"{""1.10e+07"":-1,""1.40e+07"":-1,""1.41e+07"":-1,""1.52e+07"":-1,""1.53e+07"":-1,""1.74e+07"":-1,""1.86e+07"":-1,""1.93e+07"":-1,""1.98e+07"":-1,""2.01e+07"":-1,""2.08e+07"":1,""2.09e+07"":-1}"
manifestos_econ_ideology_1630,10003571,It will be our aim to do the opposite.,Con,1987,Right,"{""1.08e+07"":1,""1.10e+07"":-1,""1.14e+07"":1,""1.19e+07"":1,""1.23e+07"":1,""1.24e+07"":1,""1.25e+07"":1,""1.26e+07"":1,""1.27e+07"":1,""1.40e+07"":1,""1.57e+07"":1,""1.66e+07"":1,""1.68e+07"":1,""1.76e+07"":1,""1.82e+07"":1,""1.83e+07"":1,""1.86e+07"":1,""1.88e+07"":1,""1.93e+07"":1,""1.95e+07"":1,""1.98e+07"":1,""1131056"":1,""1707404"":1,""1739"":-1,""2.00e+07"":1,""2.04e+07"":1,""2.06e+07"":1,""2.09e+07"":1,""2.10e+07"":-1,""2.11e+07"":1,""2.12e+07"":1,""2.13e+07"":1,""2.14e+07"":1,""2.20e+07"":1,""2361265"":1,""2737722"":1,""3720860"":1,""37796"":1,""4342571"":1,""6355305"":1,""7591372"":1,""7918256"":1,""7995027"":1,""8594212"":1,""8893451"":1,""9299392"":1,""933218"":1,""9778413"":-1}"
manifestos_econ_ideology_1631,1070012871,"But if they are really to grow and prosper, they need access to private capital, freed from the constraints of public ownership.",Con,1992,Right,"{""1.10e+07"":1,""1.68e+07"":1,""1.87e+07"":1,""1.93e+07"":1,""2.05e+07"":1}"
manifestos_econ_ideology_1632,40006401,Before privatisation published service standards did not exist.,Con,1997,Right,"{""1.19e+07"":1,""1.24e+07"":1,""1.53e+07"":1,""1.74e+07"":1,""1.86e+07"":1,""2.08e+07"":1,""2.09e+07"":1,""2.12e+07"":1,""2.13e+07"":1,""37796"":1,""7918256"":1,""7954010"":1,""7995027"":1,""8836799"":1,""8893451"":1}"
manifestos_econ_ideology_1633,1080000411,But we believe the market should be our servant not our master.,LD,1992,Left,"{""1.51e+07"":-1,""1.53e+07"":-1,""1.57e+07"":-1,""6342862"":-1}"
manifestos_econ_ideology_1634,1150007201,"It rewards saving and helps over three million pensioners, with women in particular benefiting.",Lab,2005,Left,"{""1.10e+07"":-1,""1.41e+07"":-1,""1.52e+07"":-1,""1.57e+07"":-1,""1.93e+07"":-1}"
manifestos_econ_ideology_1635,1070012421,The franchise areas will be decided only after technical discussions with BR.,Con,1992,Right,"{""1.10e+07"":1}"
manifestos_econ_ideology_1636,10001081,It gives people a stake in society - something to conserve.,Con,1987,Right,"{""1.24e+07"":1,""1.52e+07"":1,""1.75e+07"":1,""1.89e+07"":1,""1.93e+07"":1,""2.06e+07"":1,""2.07e+07"":1,""2.08e+07"":1,""2.11e+07"":1,""2.12e+07"":1,""2.13e+07"":1,""2.14e+07"":0,""313343"":1,""946983"":-1}"
manifestos_econ_ideology_1637,1110011241,Strengthen the independence of the Bank of England.  ,LD,2001,Right,"{""1.53e+07"":1,""1.84e+07"":1,""1.87e+07"":1}"
manifestos_econ_ideology_1638,1080004811,We will make financial assistance available for part-time study.,LD,1992,Left,"{""1.10e+07"":-1,""1.51e+07"":-1,""1.52e+07"":-1}"
manifestos_econ_ideology_1639,1100004111,"We will do what we can to encourage responsible behaviour by aid recipients, by focusing on good governance, and by strengthening civil society, free markets, the rule of law and anti-corruption measures.",Con,2001,Right,"{""1.87e+07"":1}"
manifestos_econ_ideology_1640,40011141,And it would raise serious questions about whether the representation of Scottish and Welsh MPs at Westminster - and their role in matters affecting English affairs - could remain unchanged.,Con,1997,Left,"{""9458742"":-1}"
manifestos_econ_ideology_1641,1130003271,The Conservatives will liberate local government.,Con,2005,Right,"{""1.43e+07"":1,""1.57e+07"":1,""1.82e+07"":1}"
manifestos_econ_ideology_1642,10003441,reduced sharply the absurd top rates of tax inherited from Labour which were causing so many of our most talented people to work abroad,Con,1987,Right,"{""1.04e+07"":1,""1.10e+07"":-1,""1.13e+07"":1,""1.18e+07"":1,""1.30e+07"":1,""1.32e+07"":1,""1.40e+07"":1,""1.41e+07"":1,""1.42e+07"":1,""1.45e+07"":0,""1.52e+07"":1,""1.57e+07"":1,""1.58e+07"":1,""1.66e+07"":1,""1.68e+07"":1,""1.81e+07"":1,""1.83e+07"":1,""1.84e+07"":1,""1.86e+07"":-1,""1.87e+07"":1,""1.88e+07"":1,""1.93e+07"":1,""1.96e+07"":1,""1879426"":1,""2.00e+07"":1,""2.06e+07"":1,""2.09e+07"":1,""2.10e+07"":1,""2.11e+07"":1,""2.12e+07"":1,""2.13e+07"":1,""2.14e+07"":1,""2.20e+07"":1,""2.21e+07"":1,""3307853"":1,""3626598"":-1,""3720860"":1,""5108677"":1,""5112203"":1,""5647650"":1,""5768369"":1,""6355305"":1,""7995027"":1,""8382218"":1,""9015611"":1,""9299392"":1,""9958248"":-1}"
manifestos_econ_ideology_1643,1170002071,"If you choose micro-generation, you will be able to sell the energy back to the National Grid at a profit, with a more attractive feed-in tariff than under current government plans.",LD,2010,Right,"{""1.57e+07"":1,""3626598"":1}"
manifestos_econ_ideology_1644,10008671,We are determined to maintain the Green Belt.,Con,1987,Left,"{""1.89e+07"":-1,""2.11e+07"":-1,""313343"":-1,""3559862"":-1}"
manifestos_econ_ideology_1645,50001751,"Investing in enterprise. Small business, enterprise and self-employment are the engine of a modern dynamic economy and a vital source of new jobs and growth.",LD,1997,Right,"{""1.01e+07"":1,""1.09e+07"":-1,""1.52e+07"":1,""1.85e+07"":1,""1.98e+07"":1,""2.03e+07"":-1,""2.05e+07"":1,""2.06e+07"":1,""2.09e+07"":1,""2.10e+07"":1,""2.11e+07"":1,""2.12e+07"":1,""2.13e+07"":1,""5112203"":1,""5983773"":1,""7995027"":1,""8968750"":1,""946983"":1}"
manifestos_econ_ideology_1646,1100006361,"Using the proceeds from the sale of Channel 4 and undistributed surpluses from the Lottery, we will create a £3 billion endowment fund for cultural organisations.",Con,2001,Left,"{""1.30e+07"":-1}"
manifestos_econ_ideology_1647,40001281,This is no accident.,Con,1997,Right,"{""1.45e+07"":1,""1.52e+07"":1,""2.08e+07"":1,""2.10e+07"":1,""2.13e+07"":1,""7954010"":1,""8968750"":1}"
manifestos_econ_ideology_1648,40000111,"We live in a tougher, more uncertain world.",Con,1997,Right,"{""1.87e+07"":1}"
manifestos_econ_ideology_1649,1110002281,"In the long term, our goal is to:  Reduce the disparity in per-pupil funding through a minimum education funding entitlement based on the current median level.",LD,2001,Left,"{""1.10e+07"":-1,""1.30e+07"":-1}"
manifestos_econ_ideology_1650,1150010051,"Creative Partnerships, our programme of support for art in schools in our most disadvantaged areas, has already reached over 150,000 children.",Lab,2005,Left,"{""1.82e+07"":-1}"
manifestos_econ_ideology_1651,1140007521,Make the BBC more independent from government.,LD,2005,Right,"{""1.40e+07"":1,""1.52e+07"":1,""1.57e+07"":1}"
manifestos_econ_ideology_1652,1080003971,We oppose the privatisation of the Forestry Commission.,LD,1992,Left,"{""1.10e+07"":-1,""1.30e+07"":-1,""1.40e+07"":-1,""1.42e+07"":-1,""1.52e+07"":-1}"
manifestos_econ_ideology_1653,1100007281,We will abandon the Government's plans for a new tier of regional politicians in England.,Con,2001,Right,"{""1.57e+07"":1}"
manifestos_econ_ideology_1654,1150002431,We will explore the scope for further use of economic instruments as well as other measures to promote lower vehicle emissions.,Lab,2005,Left,"{""1.68e+07"":-1}"
manifestos_econ_ideology_1655,1140006311,"The CAP fails to protect the interests of rural communities, family farms and the environment.",LD,2005,Left,"{""1.63e+07"":-1}"
manifestos_econ_ideology_1656,1180002341,"We will help to create a new generation of entrepreneurs, ensuring that those studying for vocational skills are offered the opportunity to learn how to start and run a business, while the Flying Start programme will do the same for final-year university students.",Lab,2010,Right,"{""1.10e+07"":1,""1.51e+07"":1,""1.52e+07"":1,""1.93e+07"":1}"
manifestos_econ_ideology_1657,50000811,"In the first year, we will double spending on books and equipment to overcome the effect of recent cuts.",LD,1997,Left,"{""1.11e+07"":-1,""1.24e+07"":-1,""1.47e+07"":-1,""1.59e+07"":-1,""1.80e+07"":-1,""1.81e+07"":-1,""2.08e+07"":0,""2.09e+07"":-1,""2.10e+07"":-1,""2.11e+07"":-1,""2.12e+07"":-1,""2.13e+07"":-1,""3773194"":-1,""5270743"":-1,""5372456"":-1,""7918256"":-1}"
manifestos_econ_ideology_1658,1070004551,North Sea oil and gas are enjoying a record expansion thanks to our policies of deregulation and low taxation.,Con,1992,Right,"{""1.11e+07"":1,""1.13e+07"":1,""1.95e+07"":1,""5647650"":1,""6342862"":1}"
manifestos_econ_ideology_1659,40001011,"In the election manifesto of 1992, we promised that We will make further progress towards a basic income tax rate of 20p.",Con,1997,Right,"{""1.52e+07"":1,""1.53e+07"":1,""1.80e+07"":0,""1.81e+07"":1,""1.98e+07"":1,""2.04e+07"":1,""2.06e+07"":1,""2.08e+07"":1,""2.09e+07"":1,""2.12e+07"":1,""2.13e+07"":1,""2.14e+07"":1,""8968750"":1,""9703593"":1}"
manifestos_econ_ideology_1660,1070013051,"The new Jubilee Line is being extended to Docklands and South East London and will be followed by the East-West Crossrail, linking Paddington to Liverpool Street.",Con,1992,Right,"{""1.96e+07"":1}"
manifestos_econ_ideology_1661,1150009751,"2005: Free entry to national museums, and visits up 75 per cent.",Lab,2005,Left,"{""1.68e+07"":-1,""2.02e+07"":-1}"
manifestos_econ_ideology_1662,1170007091,"Liberal Democrats will:  Increase the general right of access to the countryside, along the lines of the model introduced by the Liberal Democrats in Scotland.",LD,2010,Right,"{""1.52e+07"":1}"
manifestos_econ_ideology_1663,1120007311,We will continue to invest more in the profession and improve conditions for teachers.,Lab,2001,Left,"{""1.10e+07"":-1}"
manifestos_econ_ideology_1664,1070004991,The independent Law Commission has recommended that a commercial tenant should in general be freed from any future liability under a lease when he assigns away his interest under it.,Con,1992,Right,"{""1.10e+07"":1,""1.41e+07"":1,""1.52e+07"":1,""1.57e+07"":0,""1.66e+07"":1,""2.03e+07"":1}"
manifestos_econ_ideology_1665,1170002871,And inequality is rife: in Britain today your chances in life are more determined by your parents' income than anywhere else in the developed world.,LD,2010,Left,"{""1.10e+07"":-1}"
manifestos_econ_ideology_1666,1070011791,"We will introduce more competition and choice, thereby improving services to the tenant and increasing accountability.",Con,1992,Right,"{""1.52e+07"":1,""1.57e+07"":1,""1.68e+07"":1}"
manifestos_econ_ideology_1667,1120009971,But we offer a guarantee of take-home pay too.,Lab,2001,Left,"{""1.40e+07"":-1,""1.57e+07"":-1,""1.63e+07"":-1,""1.68e+07"":-1}"
manifestos_econ_ideology_1668,1150006711,"We will treble the investment in the Expert Patients Programme, and help many more patients take control of their own care plans.",Lab,2005,Left,"{""1.40e+07"":-1,""1.41e+07"":-1}"
manifestos_econ_ideology_1669,1120007051,"IT has enormous potential to raise standards, and it is vital that every child leaves school able to make use of the new technologies.",Lab,2001,Left,"{""1.10e+07"":-1}"
manifestos_econ_ideology_1670,1100006101,Subject to a 'no strike' deal we will work with Bob Kiley - who transformed the New York subway - and support his ambitions to create a world class London Underground.,Con,2001,Right,"{""1.95e+07"":1}"
manifestos_econ_ideology_1671,1160003441,Our aim is to increase the private sector's share of the economy in every part of the country by boosting enterprise and creating a better business environment.,Con,2010,Right,"{""1.40e+07"":1,""1.53e+07"":1,""1.63e+07"":1,""1.93e+07"":1,""2.01e+07"":1}"
manifestos_econ_ideology_1672,10003671,This means that more will be left for families and for business to invest - the only safe route to higher growth in the economy.,Con,1987,Right,"{""1.10e+07"":1,""1.13e+07"":1,""1.18e+07"":1,""1.24e+07"":-1,""1.30e+07"":1,""1.38e+07"":0,""1.40e+07"":1,""1.41e+07"":0,""1.45e+07"":1,""1.47e+07"":1,""1.51e+07"":1,""1.52e+07"":-1,""1.53e+07"":1,""1.57e+07"":1,""1.59e+07"":1,""1.68e+07"":0,""1.74e+07"":1,""1.80e+07"":1,""1.81e+07"":1,""1.85e+07"":0,""1.86e+07"":1,""1.88e+07"":1,""1.91e+07"":1,""1.95e+07"":1,""1.96e+07"":1,""1.97e+07"":1,""1854715"":1,""2.00e+07"":0,""2.01e+07"":1,""2.02e+07"":1,""2.03e+07"":1,""2.04e+07"":-1,""2.05e+07"":-1,""2.06e+07"":1,""2.07e+07"":1,""2.08e+07"":1,""2.09e+07"":1,""2.10e+07"":1,""2.11e+07"":1,""2.12e+07"":1,""2.13e+07"":1,""2.14e+07"":-1,""2.18e+07"":1,""2.19e+07"":-1,""5653573"":1,""6341364"":1,""6460048"":-1,""8769423"":1,""9458742"":1}"
manifestos_econ_ideology_1673,1150010591,"By the end of 2005 we will put in place a new, national consultation on the way that the National Lottery good causes proceeds are spent after the new Lottery Licence is awarded in 2009.",Lab,2005,Left,"{""1.82e+07"":-1}"
manifestos_econ_ideology_1674,10005151,"Renewable sources of energy can make some contribution to the nation's energy needs, which is why government-sponsored research has been increased.",Con,1987,Left,"{""1.74e+07"":-1,""1.93e+07"":1,""1.97e+07"":-1,""1.98e+07"":-1,""2.07e+07"":0,""2.10e+07"":-1,""2.11e+07"":-1,""2.13e+07"":-1,""313343"":-1,""5112203"":-1,""8968750"":-1,""946983"":-1}"
manifestos_econ_ideology_1675,1070014631,CARING FOR THE COUNTRYSIDE. Some of our finest landscapes are designated as National Parks.,Con,1992,Left,"{""1.47e+07"":-1}"
manifestos_econ_ideology_1676,1170000291,It means the beginning of real change that works for you.,LD,2010,Left,"{""1.10e+07"":-1,""1.52e+07"":-1,""1.82e+07"":-1,""9492762"":-1}"
manifestos_econ_ideology_1677,1170007941,Give the National Assembly primary legislative powers so that it becomes a true Welsh Parliament.,LD,2010,Left,"{""1.82e+07"":-1}"
manifestos_econ_ideology_1678,40002641,It is ownership which brings true security and genuine independence from the state.,Con,1997,Right,"{""1.49e+07"":1,""1.59e+07"":1,""1.81e+07"":1,""1.87e+07"":0,""2.06e+07"":1,""2.11e+07"":1,""2.12e+07"":1,""2.13e+07"":1,""2.14e+07"":1,""4680678"":1,""7918256"":1,""7954010"":1,""8968750"":1}"
manifestos_econ_ideology_1679,1160000131,"How will we revitalise communities unless people stop asking 'who will fix this?' and start asking 'what can I do?' Britain will change for the better when we all elect to take part, to take responsibility - if we all come together.",Con,2010,Right,"{""1.30e+07"":1}"
manifestos_econ_ideology_1680,50006081,"This will provide lower taxes and new incentives to work, while cutting the benefits bill and reducing tax for 99.5 per cent of all income taxpayers.",LD,1997,Right,"{""1.53e+07"":1,""1.87e+07"":1,""2.00e+07"":1,""2.01e+07"":-1,""2.06e+07"":1,""2.07e+07"":1,""2.11e+07"":1,""2.12e+07"":1,""2.13e+07"":0,""2.14e+07"":1,""2785872"":1,""5112203"":1,""5768369"":1,""8836799"":-1}"
manifestos_econ_ideology_1681,1140006731,"For many people, particularly in rural areas, cars are a necessity and cannot be replaced by public transport.",LD,2005,Right,"{""1.52e+07"":1}"
manifestos_econ_ideology_1682,1120015811,It is also about how we manage the global economy.,Lab,2001,Right,"{""1.30e+07"":1,""1.51e+07"":1}"
manifestos_econ_ideology_1683,1120005611,"3,000 new, affordable homes a year are on the way",Lab,2001,Left,"{""1.42e+07"":-1,""1.61e+07"":-1}"
manifestos_econ_ideology_1684,1150001921,"To the benefit of business and household consumers we are liberalising the postal services market, while protecting the universal service at a uniform tariff.",Lab,2005,Right,"{""1.40e+07"":1,""1.52e+07"":1,""1.57e+07"":1,""1.68e+07"":1,""2.03e+07"":1}"
manifestos_econ_ideology_1685,1080008271,Administration will be easier and local accountability will be restored.,LD,1992,Right,"{""1.42e+07"":1,""1.52e+07"":1,""1.86e+07"":1,""2.08e+07"":1,""2.09e+07"":1,""2.13e+07"":0}"
manifestos_econ_ideology_1686,1110006131,We will recruit and train more specialist art teachers and ensure that all primary teachers are well trained in the arts.,LD,2001,Left,"{""1.30e+07"":-1}"
manifestos_econ_ideology_1687,1170004951,"The challenge of tackling global poverty remains, with the Millennium Development Goals still far from being achieved.",LD,2010,Left,"{""1.10e+07"":-1,""1.82e+07"":-1}"
manifestos_econ_ideology_1688,1080002741,Polluters will pay and conservers will be rewarded.,LD,1992,Left,"{""1.10e+07"":-1,""2.01e+07"":-1}"
manifestos_econ_ideology_1689,10009051,"We shall follow a policy of more competition, variety and innovation in our domestic networks and encourage the export of British programmes to international audiences and markets.",Con,1987,Right,"{""1.11e+07"":1,""1.18e+07"":1,""1.24e+07"":1,""1.52e+07"":1,""1.81e+07"":1,""1.98e+07"":1,""2.00e+07"":1,""2.06e+07"":1,""2.11e+07"":1,""2.12e+07"":1,""2.13e+07"":1,""3559862"":1,""6340562"":1,""8968750"":1}"
manifestos_econ_ideology_1690,10003391,"As a party committed to the family and opposed to the over-powerful State, we want people to keep more of what they earn, and to have more freedom of choice about what they do for themselves, their families and for others less fortunate.",Con,1987,Right,"{""1.01e+07"":1,""1.10e+07"":-1,""1.16e+07"":1,""1.19e+07"":1,""1.24e+07"":1,""1.27e+07"":1,""1.30e+07"":1,""1.34e+07"":1,""1.40e+07"":1,""1.43e+07"":1,""1.49e+07"":1,""1.51e+07"":1,""1.52e+07"":1,""1.53e+07"":0,""1.54e+07"":1,""1.56e+07"":1,""1.57e+07"":1,""1.68e+07"":1,""1.80e+07"":1,""1.82e+07"":1,""1.90e+07"":1,""1.91e+07"":-1,""1.93e+07"":1,""1.95e+07"":1,""1.96e+07"":1,""2.01e+07"":1,""2.02e+07"":-1,""2.04e+07"":1,""2.05e+07"":1,""2.08e+07"":-1,""2.09e+07"":0,""2.10e+07"":1,""2.11e+07"":1,""2.12e+07"":-1,""2.13e+07"":1,""2.14e+07"":1,""2.20e+07"":1,""2185770"":1,""4174314"":1,""5280406"":1,""7918256"":-1,""7954010"":1,""8968750"":1,""946983"":1}"
manifestos_econ_ideology_1691,20003191,We would not privatise water authorities and the Central Electricity Generating Board on grounds of public policy relating to safety standards and care for the environment.,LD,1987,Left,"{""1.24e+07"":-1,""1.45e+07"":0,""1.52e+07"":-1,""1.53e+07"":-1,""1.58e+07"":-1,""1.81e+07"":-1,""1.83e+07"":1,""2.00e+07"":-1,""2.08e+07"":-1,""2.09e+07"":-1,""2.10e+07"":-1,""2.13e+07"":-1,""6340793"":1,""714020"":-1,""8968750"":-1}"
manifestos_econ_ideology_1692,30003691,There will be more safeguards for customers when companies go bankrupt.,Lab,1987,Left,"{""1.01e+07"":-1,""1.53e+07"":-1,""1.56e+07"":-1,""1.75e+07"":-1,""1.85e+07"":-1,""1.93e+07"":-1,""2.02e+07"":-1,""2.06e+07"":-1,""2.10e+07"":1,""2.11e+07"":-1,""2.13e+07"":-1,""4680678"":-1,""5112203"":-1,""8836799"":-1,""8968750"":-1,""946983"":-1}"
manifestos_econ_ideology_1693,1120009181,"How Labour helps young people: by raising standards and investing more in education, from nursery schools to adult learning ",Lab,2001,Left,"{""1.10e+07"":-1}"
manifestos_econ_ideology_1694,10003511,In every case where taxes have been reformed and reduced there has been an increase in the amount of tax collected.,Con,1987,Right,"{""1.24e+07"":1,""1.54e+07"":1,""1.96e+07"":-1,""2.00e+07"":1,""2.04e+07"":1,""2.05e+07"":1,""2.06e+07"":1,""2.07e+07"":1,""2.08e+07"":1,""313343"":1,""3559862"":1,""5112203"":1,""7918256"":0,""8968750"":1}"
manifestos_econ_ideology_1695,1070005521,We will act to ensure that private firms bidding to improve local authority public services are not obstructed by unscrupulous practices in councils or by unfair contracts.,Con,1992,Right,"{""1.13e+07"":1,""1.52e+07"":1,""1.57e+07"":1,""1.68e+07"":1}"
manifestos_econ_ideology_1696,10004551,The overwhelming majority of employees have become shareholders in the newly privatised companies.,Con,1987,Right,"{""1.24e+07"":1,""1.52e+07"":1,""1.53e+07"":1,""1.71e+07"":1,""1.74e+07"":1,""1.86e+07"":1,""1.90e+07"":1,""1.93e+07"":1,""2.02e+07"":1,""2.08e+07"":1,""2.09e+07"":1,""2.10e+07"":-1,""2.13e+07"":1,""2.14e+07"":1,""313343"":1,""5112203"":1,""8968750"":1,""946983"":1}"
manifestos_econ_ideology_1697,1160005161,We will not be neutral on this.,Con,2010,Right,"{""1.52e+07"":1,""1.87e+07"":1}"
manifestos_econ_ideology_1698,1160008481,appointing senior private sector non-executives to departmental boards to deliver better value for money,Con,2010,Right,"{""1.10e+07"":1,""1.40e+07"":1,""1.52e+07"":1,""2.05e+07"":1}"
manifestos_econ_ideology_1699,1170004761,"Introduce a Universal Service Code to secure high-quality customer service in the private and public sectors, for example by requiring that the customer service phone number is free from mobiles and landlines.",LD,2010,Left,"{""1.10e+07"":-1,""1.82e+07"":-1}"
manifestos_econ_ideology_1700,1150009461,A 60 per cent reduction by 2050 remains necessary and achievable.,Lab,2005,Right,"{""1.84e+07"":1}"
manifestos_econ_ideology_1701,1120006881,"We will develop the literacy and numeracy strategies in secondary schools with the right balance of targets and flexibility, particularly for pupils not up to standard in the basics.",Lab,2001,Left,"{""1.66e+07"":-1}"
manifestos_econ_ideology_1702,30001391,"The Jobs, Enterprise and Training Programme will expand existing programmes for unemployed people with a guarantee of a job or new skill for the long-term unemployed.",Lab,1987,Left,"{""1.47e+07"":-1,""1.52e+07"":-1,""1.75e+07"":0,""1.98e+07"":-1,""1054502"":-1,""2.05e+07"":-1,""2.07e+07"":-1,""2.08e+07"":-1,""2.11e+07"":-1,""2.13e+07"":-1,""2785872"":-1,""3307853"":-1,""5112203"":-1,""6161328"":-1,""7918256"":-1,""946983"":-1}"
manifestos_econ_ideology_1703,20004601,The Immediate Package. PENSIONERS. We intend to concentrate the bulk of extra spending on helping poorer pensioners with incomes on and just above the state retirement pension.,LD,1987,Left,"{""1.02e+07"":-1,""1.10e+07"":-1,""1.21e+07"":1,""1.24e+07"":-1,""1.30e+07"":-1,""1.40e+07"":-1,""1.42e+07"":-1,""1.45e+07"":-1,""1.51e+07"":1,""1.52e+07"":-1,""1.53e+07"":-1,""1.57e+07"":-1,""1.59e+07"":-1,""1.63e+07"":-1,""1.65e+07"":-1,""1.66e+07"":-1,""1.68e+07"":-1,""1.87e+07"":-1,""1.89e+07"":-1,""1.93e+07"":-1,""1.98e+07"":-1,""1054502"":-1,""1915941"":1,""2.00e+07"":0,""2.03e+07"":-1,""2.05e+07"":1,""2.08e+07"":-1,""2.14e+07"":-1,""2.21e+07"":1,""37796"":-1,""4917076"":-1,""5112203"":-1,""5280406"":-1,""714020"":1,""7918256"":-1,""7954010"":-1,""8798523"":-1,""8836799"":-1,""8968750"":-1,""946983"":-1}"
manifestos_econ_ideology_1704,1090002051,We will invest in people at work. The key to a successful modern economy is a well-educated and motivated workforce.,Lab,1992,Left,"{""1.10e+07"":-1,""1.40e+07"":-1,""1.68e+07"":-1}"
manifestos_econ_ideology_1705,1080004061,We will improve consumer representation on government advisory committees.,LD,1992,Left,"{""1.40e+07"":-1}"
manifestos_econ_ideology_1706,20003461,this should include a requirement to consult employees before making a recommendation in response to any take-over bids.,LD,1987,Left,"{""1.24e+07"":-1,""1.86e+07"":-1,""1915941"":1,""2.02e+07"":-1,""2.05e+07"":-1,""2.09e+07"":-1,""2.12e+07"":-1,""5112203"":-1,""5983773"":-1,""5993386"":-1,""714020"":-1,""7918256"":-1,""886"":-1,""8968750"":-1,""9666339"":-1}"
manifestos_econ_ideology_1707,10004711,"suspended the Post Office monopoly of time-sensitive and valuable mail, stimulating a dramatic increase in the number of private courier companies.",Con,1987,Right,"{""1.10e+07"":1,""1.13e+07"":1,""1.18e+07"":1,""1.30e+07"":1,""1.40e+07"":1,""1.43e+07"":1,""1.45e+07"":1,""1.49e+07"":1,""1.51e+07"":1,""1.52e+07"":1,""1.53e+07"":1,""1.55e+07"":1,""1.56e+07"":1,""1.57e+07"":1,""1.58e+07"":1,""1.66e+07"":1,""1.68e+07"":1,""1.74e+07"":1,""1.75e+07"":1,""1.81e+07"":1,""1.82e+07"":1,""1.83e+07"":0,""1.87e+07"":1,""1.88e+07"":1,""1.89e+07"":-1,""1.93e+07"":1,""1.95e+07"":1,""1.98e+07"":1,""2.01e+07"":1,""2.02e+07"":1,""2.04e+07"":1,""2.05e+07"":1,""2.06e+07"":1,""2.08e+07"":1,""2.09e+07"":1,""2.10e+07"":1,""2.11e+07"":1,""2.12e+07"":1,""2.13e+07"":1,""2.14e+07"":1,""2.17e+07"":-1,""2.19e+07"":1,""2.20e+07"":1,""2793302"":-1,""37796"":1,""5647650"":1,""6340562"":1,""8893451"":1,""9695483"":1}"
manifestos_econ_ideology_1708,1130001101,We will not join the Euro.,Con,2005,Right,"{""1.57e+07"":1,""1.63e+07"":1,""1.68e+07"":1,""2.03e+07"":1}"
manifestos_econ_ideology_1709,1170002251,This seed funding could be raised from the sell-off of the student loan book or the Tote as the government has already proposed.,LD,2010,Left,"{""1.10e+07"":-1,""1.57e+07"":-1}"
manifestos_econ_ideology_1710,1080002691,Home rule and decentralisation will ensure that economic power and prosperity is spread through Britain.,LD,1992,Right,"{""1.10e+07"":1,""1.52e+07"":1,""3731467"":1}"
manifestos_econ_ideology_1711,1070005401,All councils will have to respond in public to criticism from auditors.,Con,1992,Left,"{""1.68e+07"":-1}"
manifestos_econ_ideology_1712,1100002221,The utility regulators must focus on competition and address the market dominance of incumbents which stand in the way of competition.,Con,2001,Right,"{""1.10e+07"":1,""1.30e+07"":1,""1.40e+07"":1,""1.57e+07"":1}"
manifestos_econ_ideology_1713,1140007911,"However, pollution can also be cut by reducing domestic waste and promoting recycling.",LD,2005,Left,"{""1.63e+07"":-1}"
manifestos_econ_ideology_1714,1100000031,"We will free entrepreneurs to build businesses and to create prosperity, free those who use public services to choose what is best for them and free those who work in our schools and hospitals and police service from endless political interference.",Con,2001,Right,"{""1.41e+07"":1,""1.51e+07"":1,""1.87e+07"":1,""2.03e+07"":1,""2.05e+07"":1}"
manifestos_econ_ideology_1715,1170007251,We believe a fair society is one where people can afford to work and live in the countryside with accessible public services.,LD,2010,Left,"{""1.10e+07"":-1,""1.52e+07"":-1}"
manifestos_econ_ideology_1716,30000261,All this and worse would come with a third term of Tory government.,Lab,1987,Left,"{""1.71e+07"":-1,""1.74e+07"":-1,""2.10e+07"":1,""2785872"":-1,""6161328"":-1}"
manifestos_econ_ideology_1717,40001451,High taxes and rates deter enterprise.,Con,1997,Right,"{""1.10e+07"":1,""1.17e+07"":1,""1.25e+07"":1,""1.32e+07"":1,""1.40e+07"":1,""1.41e+07"":1,""1.42e+07"":1,""1.43e+07"":1,""1.51e+07"":1,""1.52e+07"":1,""1.53e+07"":1,""1.57e+07"":1,""1.66e+07"":1,""1.68e+07"":1,""1.87e+07"":1,""1.89e+07"":1,""1.93e+07"":1,""1.98e+07"":1,""2.02e+07"":1,""2.05e+07"":-1,""2.06e+07"":-1,""2.08e+07"":1,""2.09e+07"":-1,""2.10e+07"":1,""2.11e+07"":1,""2.13e+07"":1,""2.14e+07"":1,""2.21e+07"":1,""2793302"":1,""37796"":1,""5112203"":1,""6336109"":-1,""6340562"":1,""6363491"":1,""714020"":1,""8382218"":1,""8798523"":1,""8968750"":1,""946983"":1}"
manifestos_econ_ideology_1718,1120002321,extend and increase paid maternity leave to £100 each week for six months ,Lab,2001,Left,"{""1.10e+07"":-1,""1.16e+07"":-1,""1.30e+07"":-1,""1.40e+07"":-1,""1.41e+07"":-1}"
manifestos_econ_ideology_1719,1070002361,"And in 1990, a Conservative Government joined the ERM.",Con,1992,Right,"{""1.52e+07"":1}"
manifestos_econ_ideology_1720,1180002521,"At the heart of our growth plan is the commitment to a new high-speed rail line, linking North and South.",Lab,2010,Right,"{""1.52e+07"":1}"
manifestos_econ_ideology_1721,1090000521,"If they can't get it right in 13 years, they never will.",Lab,1992,Left,"{""1.41e+07"":-1,""1.52e+07"":-1,""1.68e+07"":-1}"
manifestos_econ_ideology_1722,1120003901,"We plan to expand capacity to boost passenger levels by 50 per cent, and freight by more.",Lab,2001,Left,"{""1.10e+07"":-1,""1.40e+07"":-1,""1911075"":-1}"
manifestos_econ_ideology_1723,1180009371,"We are taking forward plans for a National Youth Community Service, with the goal that all young people contribute at least 50 hours to their communities by the age of 19, building on citizenship education and community engagement in schools.",Lab,2010,Left,"{""1.10e+07"":-1}"
manifestos_econ_ideology_1724,10006621,The other £4 billion has gone to help the unemployed.,Con,1987,Left,"{""1.01e+07"":-1,""1.09e+07"":0,""1.20e+07"":-1,""1.23e+07"":-1,""1.24e+07"":-1,""1.52e+07"":-1,""1.53e+07"":-1,""1.81e+07"":-1,""2.00e+07"":0,""2.06e+07"":-1,""2.09e+07"":-1,""2.10e+07"":-1,""2.12e+07"":-1,""2.13e+07"":-1,""37796"":-1,""8836799"":0,""8893451"":-1}"
manifestos_econ_ideology_1725,1180009081,"To give families access to good recreational facilities, we are investing £235 million to create new or refurbished play spaces and adventure playgrounds.",Lab,2010,Left,"{""1.10e+07"":-1,""1.57e+07"":-1}"
manifestos_econ_ideology_1726,1080004851,We will abolish student loans and restore student entitlement to housing benefit and income support.,LD,1992,Left,"{""1.10e+07"":-1,""1.52e+07"":-1,""1.53e+07"":-1,""1.82e+07"":-1,""1.86e+07"":-1,""2.01e+07"":-1,""2.08e+07"":-1,""2.09e+07"":-1}"
manifestos_econ_ideology_1727,1080001971,Making Britain Competitive. A climate of enterprise and competition is vital if British industry and products are to compete effectively in overseas markets.,LD,1992,Right,"{""1.10e+07"":1,""1.40e+07"":1,""1.52e+07"":1,""2.01e+07"":1,""2.05e+07"":1}"
manifestos_econ_ideology_1728,1180000541,"We nationalised Northern Rock, protected people's savings, cut VAT to stimulate our economy, put in place job guarantees to get people back to work, and stepped in to stop repossessions.",Lab,2010,Right,"{""1.10e+07"":1,""1.11e+07"":1,""1.40e+07"":1,""1.57e+07"":1}"
manifestos_econ_ideology_1729,1150007761,Government cannot shirk its responsibilities.,Lab,2005,Left,"{""1.57e+07"":-1}"
manifestos_econ_ideology_1730,1160003181,creating a level playing field for open source ICT in government procurement,Con,2010,Right,"{""1.10e+07"":1,""1.40e+07"":1}"
manifestos_econ_ideology_1731,10008271,We will now tackle the roots of the problem.,Con,1987,Right,"{""1.24e+07"":1,""1.89e+07"":1,""1131056"":1,""2.13e+07"":1,""2.14e+07"":1,""37796"":1,""8893451"":0}"
manifestos_econ_ideology_1732,1070001931,We will work for a successful outcome to the GATT negotiations.,Con,1992,Left,"{""1.57e+07"":-1,""1.68e+07"":-1}"
manifestos_econ_ideology_1733,10004621,"Following the success of gas privatisation, with the benefits it brought to employees and millions of consumers, we will bring forward proposals for privatising the electricity industry subject to proper regulation.",Con,1987,Right,"{""1.10e+07"":1,""1.11e+07"":1,""1.13e+07"":1,""1.18e+07"":1,""1.22e+07"":1,""1.30e+07"":1,""1.40e+07"":1,""1.43e+07"":-1,""1.45e+07"":1,""1.51e+07"":-1,""1.52e+07"":1,""1.53e+07"":1,""1.57e+07"":1,""1.58e+07"":1,""1.68e+07"":1,""1.74e+07"":1,""1.75e+07"":1,""1.81e+07"":1,""1.82e+07"":1,""1.84e+07"":1,""1.85e+07"":1,""1.86e+07"":1,""1.87e+07"":1,""1.90e+07"":1,""1.95e+07"":1,""1.98e+07"":1,""2.00e+07"":1,""2.02e+07"":1,""2.05e+07"":1,""2.06e+07"":1,""2.07e+07"":0,""2.08e+07"":1,""2.09e+07"":1,""2.10e+07"":1,""2.11e+07"":1,""2.12e+07"":1,""2.13e+07"":1,""2.14e+07"":1,""2.18e+07"":1,""2.20e+07"":-1,""2.21e+07"":1,""3307853"":1,""3773194"":1,""5270743"":1,""5452477"":-1,""6340793"":1,""6349089"":1,""7918256"":1,""8902985"":1,""9775837"":1}"
manifestos_econ_ideology_1734,1070007341,"To industry's relief, we shunned the job-destroying European Social Charter.",Con,1992,Right,"{""1.30e+07"":1,""1.52e+07"":1,""1.57e+07"":1,""1.93e+07"":1,""2.03e+07"":1,""6340562"":1}"
manifestos_econ_ideology_1735,1160008741,"A portion of this tariff will be kept by the neighbourhoods in which a given development takes place, providing clear incentives for communities which go for growth.",Con,2010,Left,"{""1.57e+07"":-1}"
manifestos_econ_ideology_1736,1150010361,"Public service broadcasting and the BBC. We support a strong, independent and world-class BBC with clearly defined public purposes at the heart of a healthy public broadcasting system.",Lab,2005,Right,"{""1.82e+07"":1}"
manifestos_econ_ideology_1737,1110007261,Waste incineration will no longer be classed as renewable energy.,LD,2001,Left,"{""1.30e+07"":-1,""1.63e+07"":-1}"
manifestos_econ_ideology_1738,1090002591,"Within our overall budget, we will tackle the shortage of intensive care beds with a special programme providing an additional £25 million to expand this life-saving service.",Lab,1992,Left,"{""1.10e+07"":-1,""1.68e+07"":-1}"
manifestos_econ_ideology_1739,1120002021,"10,000 more doctors, and access to a £500 million Performance Fund to spend on new patient services ",Lab,2001,Left,"{""1.10e+07"":-1,""1.30e+07"":-1}"
manifestos_econ_ideology_1740,1180003321,That means helping people to improve their skills.,Lab,2010,Right,"{""1.52e+07"":1}"
manifestos_econ_ideology_1741,1180002251,Championing an enterprise economy. At the heart of our approach to building a strong and fair Britain is a commitment to support enterprise.,Lab,2010,Right,"{""1.10e+07"":1,""1.57e+07"":1,""1.63e+07"":1,""1.84e+07"":1}"
manifestos_econ_ideology_1742,1170007891,Liberal Democrats will:  Scrap the Government Offices for the Regions and regional ministers.,LD,2010,Right,"{""1.57e+07"":1}"
manifestos_econ_ideology_1743,1080002861,Introduce Countryside Management Agreements for farmers and landowners who wish to take them up.,LD,1992,Left,"{""1.57e+07"":-1}"
manifestos_econ_ideology_1744,60006651,and taxes will have to rise to make provision for new privately funded pensions.,Lab,1997,Left,"{""1.13e+07"":-1,""1.19e+07"":-1,""1.24e+07"":-1,""1.51e+07"":-1,""1.52e+07"":-1,""1.58e+07"":-1,""1.98e+07"":-1,""2.01e+07"":1,""2.02e+07"":-1,""2.03e+07"":-1,""2.10e+07"":-1,""2.11e+07"":-1,""2.12e+07"":1,""2.13e+07"":-1,""2.14e+07"":-1,""568434"":-1,""6161328"":-1,""6591328"":-1,""8382218"":-1,""917392"":-1}"
manifestos_econ_ideology_1745,40001041,"Over the next parliament, our aim will be to achieve our target of a 20p basic rate of income tax, while maintaining a maximum tax rate of no more than 40p.",Con,1997,Right,"{""1.04e+07"":1,""1.10e+07"":1,""1.17e+07"":1,""1.24e+07"":1,""1.30e+07"":0,""1.40e+07"":1,""1.51e+07"":1,""1.52e+07"":1,""1.57e+07"":1,""1.63e+07"":1,""1.68e+07"":1,""1.82e+07"":1,""1837834"":1,""2.19e+07"":1,""2.20e+07"":1,""2.21e+07"":1,""2884040"":1,""313343"":1,""3307853"":1,""3559862"":1,""5108677"":1,""5112203"":1,""5751985"":1,""5768369"":1,""6355305"":1,""6376956"":1,""874567"":1,""8836799"":-1,""8893451"":1,""8968750"":1,""9004400"":1,""9015611"":1,""946983"":1,""961129"":-1}"
manifestos_econ_ideology_1746,1170002561,There is no room for complacency.,LD,2010,Left,"{""1.66e+07"":-1}"
manifestos_econ_ideology_1747,40001781,No Conservative government will sign up to the Social Chapter or introduce a national minimum wage.,Con,1997,Right,"{""1.10e+07"":-1,""1.11e+07"":1,""1.18e+07"":1,""1.30e+07"":1,""1.32e+07"":1,""1.45e+07"":-1,""1.49e+07"":1,""1.52e+07"":1,""1.53e+07"":1,""1.57e+07"":1,""1.58e+07"":1,""1.74e+07"":1,""1.84e+07"":0,""1.86e+07"":1,""1.93e+07"":1,""1.95e+07"":1,""1.96e+07"":1,""1.98e+07"":1,""2.00e+07"":1,""2.03e+07"":1,""2.05e+07"":1,""2.06e+07"":1,""2.08e+07"":1,""2.09e+07"":1,""2.10e+07"":1,""2.11e+07"":1,""2.12e+07"":1,""2.13e+07"":1,""2.14e+07"":1,""2056455"":1,""5452477"":1,""6355305"":1}"
manifestos_econ_ideology_1748,1120002291,"We will now: create an integrated Child Credit of cash support for children, built on the foundation of universal child benefit ",Lab,2001,Left,"{""1.10e+07"":-1,""1.51e+07"":-1,""1.52e+07"":-1,""1.63e+07"":-1}"
manifestos_econ_ideology_1749,1150002921,"Or go back to the bad old days of Tory cuts, insecurity and instability.",Lab,2005,Left,"{""1.68e+07"":-1}"
manifestos_econ_ideology_1750,10009991,"Labour's proposal of selective import controls would damage developing countries, open the door to protectionism and harm those poorest countries which most need our help.",Con,1987,Right,"{""1.19e+07"":1,""1.24e+07"":-1,""1.80e+07"":1,""1.81e+07"":1,""1.87e+07"":1,""1.93e+07"":1,""1.97e+07"":1,""2.11e+07"":1,""2.12e+07"":1,""2.13e+07"":1,""313343"":1,""5112203"":-1}"
manifestos_econ_ideology_1751,1070002101,free up the shipping and road transport markets so that British operators can carry freely within the EC,Con,1992,Right,"{""1.52e+07"":1,""1.57e+07"":1,""1.68e+07"":1,""5647650"":1}"
manifestos_econ_ideology_1752,1070015181,"People who enjoy the arts, sport, Britain's heritage and fine countryside could all benefit from the proceeds from a National Lottery.",Con,1992,Left,"{""1.30e+07"":-1,""1.47e+07"":-1}"
manifestos_econ_ideology_1753,40001461,Our low tax structure has been crucial to our industrial revival.,Con,1997,Right,"{""1.04e+07"":1,""1.06e+07"":1,""1.10e+07"":1,""1.16e+07"":1,""1.24e+07"":1,""1.27e+07"":-1,""1.40e+07"":1,""1.51e+07"":1,""1.52e+07"":1,""1.57e+07"":1,""1.68e+07"":1,""1.87e+07"":1,""1.93e+07"":1,""1037861"":1,""1837834"":1,""2.01e+07"":1,""2.05e+07"":1,""2.13e+07"":1,""3098571"":1,""3307853"":1,""37796"":1,""5112203"":1,""5768369"":1,""7105402"":-1,""7995027"":1,""9015611"":1,""946983"":1,""961129"":1}"
manifestos_econ_ideology_1754,1170000321,Paid for in full by closing loopholes that unfairly benefit the wealthy and polluters.,LD,2010,Left,"{""1.10e+07"":-1,""1.41e+07"":-1,""1.51e+07"":-1,""1.52e+07"":-1,""1.93e+07"":-1}"
manifestos_econ_ideology_1755,1130000761,"Third, we will lower taxes.",Con,2005,Right,"{""1.30e+07"":1,""1.51e+07"":1,""1.57e+07"":1,""1.63e+07"":1,""1.82e+07"":1}"
manifestos_econ_ideology_1756,1180013291,The BBC's independence upheld,Lab,2010,Right,"{""1.57e+07"":1}"
manifestos_econ_ideology_1757,10005491,"to give particular assistance to farmers in the Less Favoured Areas, recently extended, where farming is difficult",Con,1987,Left,"{""1.03e+07"":-1,""1.24e+07"":-1,""1.52e+07"":-1,""1.53e+07"":-1,""1.86e+07"":-1,""2.08e+07"":-1,""2.09e+07"":-1,""2.13e+07"":-1,""2.14e+07"":1,""2361265"":-1,""37796"":1,""8893451"":-1}"
manifestos_econ_ideology_1758,1150008301,parents put their children first and they deserve support from government.,Lab,2005,Left,"{""1.52e+07"":-1,""1.57e+07"":-1,""1.82e+07"":-1}"
manifestos_econ_ideology_1759,10003281,Lower Taxes. We are the only Party that believes in lower taxation.,Con,1987,Right,"{""1.01e+07"":1,""1.09e+07"":1,""1.10e+07"":1,""1.11e+07"":1,""1.13e+07"":-1,""1.14e+07"":1,""1.15e+07"":1,""1.16e+07"":1,""1.17e+07"":1,""1.18e+07"":1,""1.24e+07"":1,""1.25e+07"":1,""1.30e+07"":1,""1.45e+07"":1,""1.52e+07"":1,""1.57e+07"":1,""1.68e+07"":1,""1.79e+07"":1,""1.80e+07"":1,""1.81e+07"":1,""1.84e+07"":1,""1.88e+07"":1,""1.89e+07"":1,""1.93e+07"":1,""1.98e+07"":1,""132058"":1,""2.00e+07"":1,""2.02e+07"":1,""2.04e+07"":1,""2.05e+07"":1,""2.06e+07"":-1,""2.07e+07"":1,""2.09e+07"":1,""2.10e+07"":1,""2.11e+07"":1,""2.12e+07"":1,""2.13e+07"":1,""2.14e+07"":1,""2.17e+07"":1,""2.19e+07"":1,""2.21e+07"":1,""2361265"":1,""2647839"":1,""2737722"":1,""2793302"":1,""2849677"":1,""3097987"":1,""313343"":1,""3217794"":1,""3559862"":1,""37796"":1,""5112203"":1,""5372456"":1,""5501199"":1,""5537363"":1,""568434"":1,""5816451"":-1,""5983773"":1,""6066983"":1,""6161328"":1,""6320843"":1,""6430428"":1,""7918256"":1,""7954010"":1,""7995027"":1,""8450718"":1,""8836799"":1,""8968750"":1,""9054964"":1,""933218"":1,""9414315"":1,""946983"":1,""9703085"":-1,""9818159"":1,""9888671"":1}"
manifestos_econ_ideology_1760,1170000661,economic power has been hoarded by big businesses.,LD,2010,Left,"{""1.10e+07"":-1,""1.57e+07"":-1}"
manifestos_econ_ideology_1761,1180001981,The proposed Office of Fair Trading review into how City markets operate is welcome.,Lab,2010,Right,"{""1.52e+07"":1}"
manifestos_econ_ideology_1762,1070002381,"A man on average earnings, with a wife and two children, has an income today which after tax and inflation is 39 per cent higher than it was in Labour's last year.",Con,1992,Right,"{""1.40e+07"":1,""1.52e+07"":1,""1.66e+07"":1,""1.87e+07"":1,""1.93e+07"":1}"
manifestos_econ_ideology_1763,1120008981,"The Arts Council is undergoing substantial reform - creating a simpler structure which gives more power to the regions, cuts bureaucratic costs further, and which can deliver a better service to individual ar tists and arts organisations.",Lab,2001,Left,"{""1.10e+07"":-1}"
manifestos_econ_ideology_1764,1070017251,That prospect is within the grasp of us all.,Con,1992,Left,"{""1.87e+07"":-1}"
manifestos_econ_ideology_1765,1150010651,Polluters will have the opportunity to invest in environmental remediation or new local environmental projects rather than just pay fines.,Lab,2005,Left,"{""1.82e+07"":-1}"
manifestos_econ_ideology_1766,1170003171,"Axe the rigid National Curriculum, and replace it with a slimmed down 'Minimum Curriculum Entitlement' to be delivered by every state-funded school.",LD,2010,Left,"{""1.10e+07"":-1}"
manifestos_econ_ideology_1767,10000221,"That a minority Labour Government, staggering from crisis to crisis on borrowed money, was nonetheless maintained in power by the Liberal Party in return for the paper concession of a Lib-Lab pact?",Con,1987,Right,"{""1.45e+07"":1,""1.85e+07"":1,""1.87e+07"":1,""2.08e+07"":-1,""2.13e+07"":1,""313343"":1,""3559862"":1,""5751985"":1,""6591328"":1}"
manifestos_econ_ideology_1768,1070002981,An enterprise economy rewards the industrious and thrifty.,Con,1992,Right,"{""1.52e+07"":1,""1.57e+07"":1,""1.68e+07"":1,""1.95e+07"":1,""5647650"":1}"
manifestos_econ_ideology_1769,1110000461,"Liberal Democrats will:  Cut waiting times by recruiting 27,500 more nurses, 4,600 more doctors, and 10,250 more professionals allied to medicine.",LD,2001,Left,"{""1.82e+07"":-1}"
manifestos_econ_ideology_1770,1110000721,"This means an extra 3,750 training places on top of the measures that the government has proposed.",LD,2001,Left,"{""1.30e+07"":-1}"
manifestos_econ_ideology_1771,1150007681,"2010: Universal, affordable childcare for threeto 14-year-olds and a Sure Start Children's Centre in every community.",Lab,2005,Right,"{""1.87e+07"":1}"
manifestos_econ_ideology_1772,10004931,That is one reason why the Conservative Government attaches great value to maintaining an open multinational trading system.,Con,1987,Right,"{""1.12e+07"":1,""1.24e+07"":1,""1.53e+07"":1,""1.85e+07"":0,""1.89e+07"":1,""1.98e+07"":1,""2.00e+07"":1,""2.10e+07"":1,""2.11e+07"":1,""2.13e+07"":-1,""313343"":1}"
manifestos_econ_ideology_1773,1120009471,"New pension credit for lower- and middle-income pensioners, and the Winter Fuel Payment retained ",Lab,2001,Left,"{""1.30e+07"":-1,""1.40e+07"":-1,""1.52e+07"":-1,""1.57e+07"":-1,""1.68e+07"":-1,""1.93e+07"":-1}"
manifestos_econ_ideology_1774,1160001501,"2. Create a more balanced economy: We will create the conditions for higher exports, business investment and saving as a share of Gross Domestic Product (GDP).",Con,2010,Right,"{""2.06e+07"":1,""2.15e+07"":1,""2.19e+07"":1,""2.20e+07"":1,""2.21e+07"":-1}"
manifestos_econ_ideology_1775,1070015231,"The Millennium Fund could be used, for example: To restore the fabric of our nation: our great inheritance of buildings which symbolise and enrich our national life.",Con,1992,Left,"{""1.47e+07"":-1}"
manifestos_econ_ideology_1776,1160005571,"bring all funding for early intervention and parenting support into one budget, to be overseen by a single, newly-created Early Years Support Team",Con,2010,Left,"{""1.10e+07"":-1}"
manifestos_econ_ideology_1777,1170000241,"Only Liberal Democrats will break up the banks and start Britain building things again, creating a sustainable economy that no longer threatens our planet's future.",LD,2010,Left,"{""1.10e+07"":-1,""1.30e+07"":-1,""1.52e+07"":-1,""1.87e+07"":-1,""6340562"":-1}"
manifestos_econ_ideology_1778,1100003861,We intend to press for the single market to be completed and for competition laws to be stronger so that British businesses which play by the rules are not undercut by other companies that do not.,Con,2001,Right,"{""1.10e+07"":1,""1.52e+07"":1,""1.68e+07"":1}"
manifestos_econ_ideology_1779,1120008801,"The arts are crucial to national life, with a huge importance for the creative and tourist industries.",Lab,2001,Left,"{""1.52e+07"":-1,""1.85e+07"":-1}"
manifestos_econ_ideology_1780,1080003331,Double government spending on renewable energy research.,LD,1992,Left,"{""1.10e+07"":-1,""1.41e+07"":-1,""1.52e+07"":-1}"
manifestos_econ_ideology_1781,1140004271,"Liberal Democrats will give working families having their first child increased maternity pay for the first six months at the rate of the minimum wage - that's £170 a week instead of £102.80 at present, a lot more just when parents really need it.",LD,2005,Left,"{""1.30e+07"":-1,""1.40e+07"":-1,""1.42e+07"":-1,""1.52e+07"":-1,""1.82e+07"":-1}"
manifestos_econ_ideology_1782,1150007031,"As well as ending the founding principle of the health service, this would take more than £1 billion out of the system to subsidise those who can afford to pay.",Lab,2005,Left,"{""1.10e+07"":-1,""1.57e+07"":-1,""5013710"":-1}"
manifestos_econ_ideology_1783,1160000111,How will we deal with the debt crisis unless we understand that we are all in this together?,Con,2010,Right,"{""1.30e+07"":1,""1.52e+07"":1}"
manifestos_econ_ideology_1784,1070004391,Existing regulations which are outmoded and burdensome must be simplified or removed.,Con,1992,Right,"{""1.57e+07"":1,""5647650"":1}"
manifestos_econ_ideology_1785,1080006011,"We will, over the lifetime of a Parliament, phase out the differential in child benefit between the first child and subsequent children",LD,1992,Left,"{""1.52e+07"":-1,""3731467"":-1}"
manifestos_econ_ideology_1786,60009631,We will open up markets to competition;,Lab,1997,Right,"{""1.24e+07"":1,""1.75e+07"":1,""1.85e+07"":1,""1.87e+07"":1,""1.93e+07"":1,""1.98e+07"":1,""2.00e+07"":1,""2.11e+07"":1,""2.13e+07"":1,""2.14e+07"":1,""3098571"":-1,""5112203"":1,""8382218"":1,""8893451"":1}"
manifestos_econ_ideology_1787,60005081,The Tory attempt to use private money to build hospitals has failed to deliver.,Lab,1997,Left,"{""1.18e+07"":-1,""1.45e+07"":-1,""1.52e+07"":-1,""1.81e+07"":0,""1.83e+07"":0,""1.88e+07"":-1,""1.98e+07"":-1,""2.10e+07"":-1,""2.12e+07"":-1,""2.13e+07"":-1,""3307853"":1,""5270743"":-1,""6622539"":-1,""8197937"":-1}"
manifestos_econ_ideology_1788,1160002751,Improve skills and strengthen higher education. Developing economies are able to provide highly-skilled work at a fraction of the cost of British labour.,Con,2010,Left,"{""1.82e+07"":-1,""1.95e+07"":-1}"
manifestos_econ_ideology_1789,1160006331,"We believe heads are best placed to improve behaviour, which is why we will stop them being overruled by bureaucrats on exclusions.",Con,2010,Right,"{""1.95e+07"":1}"
manifestos_econ_ideology_1790,10008431,But in many of our inner cities the conditions for enterprise and pride of ownership have been systematically extinguished by Socialist councils.,Con,1987,Right,"{""1.02e+07"":-1,""1.10e+07"":1,""1.13e+07"":1,""1.19e+07"":1,""1.24e+07"":1,""1.26e+07"":1,""1.40e+07"":1,""1.51e+07"":1,""1.52e+07"":1,""1.57e+07"":1,""1.81e+07"":1,""1.84e+07"":1,""1.93e+07"":1,""1.96e+07"":1,""1.98e+07"":1,""1054502"":1,""2.00e+07"":1,""2.04e+07"":1,""2.05e+07"":-1,""2.07e+07"":1,""2.10e+07"":-1,""2.11e+07"":1,""2.14e+07"":1,""2.17e+07"":1,""2173664"":1,""3307853"":1,""3385164"":1,""4680678"":1,""5112203"":1,""5270743"":1,""5324079"":-1,""5647650"":1,""5768369"":1,""6002241"":1,""6066983"":1,""6161328"":1,""714020"":1,""7395284"":1,""7918256"":0,""7995027"":1,""8113176"":1,""8893451"":0,""946983"":-1,""9703593"":1}"
manifestos_econ_ideology_1791,1140002871,"Too many rules and tax complications, holding businesses back.",LD,2005,Right,"{""1.30e+07"":1,""1.40e+07"":1,""1.51e+07"":1,""1.52e+07"":1,""1.57e+07"":1}"
manifestos_econ_ideology_1792,1180008661,"We have begun a renaissance of competitive sport in our schools, investing as never before in our sporting facilities.",Lab,2010,Left,"{""1.10e+07"":-1,""1.57e+07"":-1}"
manifestos_econ_ideology_1793,1070015771,"BROADCASTING. We are proud of our record of extending choice, encouraging new producers and maintaining high standards in broadcasting.",Con,1992,Right,"{""1.57e+07"":1}"
manifestos_econ_ideology_1794,1160003451,"We will work closely with local government, and with the Scottish Parliament, Welsh Assembly and Northern Ireland Assembly, to achieve this goal.",Con,2010,Right,"{""1.45e+07"":1,""1.82e+07"":1}"
manifestos_econ_ideology_1795,1080006081,"On earnings above GBP 33,000, a combined rate of 42% will apply.",LD,1992,Left,"{""1.10e+07"":-1,""1.40e+07"":-1,""1.52e+07"":-1,""1.76e+07"":-1,""2.05e+07"":-1}"
manifestos_econ_ideology_1796,1110008111,"Improving Environmental Accountability. An Environmental Responsibility Act will set out reporting requirements and environmental standards for government and businesses, and introduce environmental audits across all government departments and local authorities where this is not already done.",LD,2001,Left,"{""1.42e+07"":-1}"
manifestos_econ_ideology_1797,10004201,Restart is a programme we have set up for interviewing and counselling the long-term unemployed to help them into a job or training.,Con,1987,Left,"{""1.24e+07"":-1,""1.52e+07"":-1,""2.00e+07"":1,""2.04e+07"":-1,""2.11e+07"":-1,""2.12e+07"":-1,""2.14e+07"":-1,""313343"":-1,""5112203"":-1,""8968750"":1,""946983"":-1}"
manifestos_econ_ideology_1798,1120000971,So we chose to break the suffocating centralisation of British government.,Lab,2001,Left,"{""1.10e+07"":-1}"
manifestos_econ_ideology_1799,1090000141,"Third, that for rights and responsibilities to be exercised fully and fairly, government in Britain as in other industrialised democracies, must work to build prosperity by properly supporting research, innovation, the improvement of skills, the infrastructure and long-term industrial development.",Lab,1992,Left,"{""1.10e+07"":-1,""1.52e+07"":-1,""1.68e+07"":-1}"
manifestos_econ_ideology_1800,1180002381,21st Century Infrastructure. The key to creating the industries of the future is renewing the national infrastructure on which firms rely.,Lab,2010,Right,"{""2.05e+07"":1}"
manifestos_econ_ideology_1801,1160008231,"The explosion of unaccountable quangos, public sector 'nonjobs' and costly bureaucracy is an indictment of Labour's reckless approach to spending other people's money.",Con,2010,Right,"{""1.52e+07"":1,""2.03e+07"":1}"
manifestos_econ_ideology_1802,1110010201,"All member states must comply fully with EU environmental standards, and the European Court of Justice should apply higher fines to those failing to comply.",LD,2001,Left,"{""1.42e+07"":-1}"
manifestos_econ_ideology_1803,40000611,"We have the lowest tax burden of any major European economy, with the government taking almost 8% less of national income than the European average.",Con,1997,Right,"{""1.52e+07"":1,""1.96e+07"":1,""1.98e+07"":1,""2.00e+07"":1,""2.04e+07"":1,""2.05e+07"":1,""2.09e+07"":1,""2.11e+07"":1,""2.12e+07"":1,""2.14e+07"":1,""4680678"":1,""5112203"":1,""7918256"":-1,""8382218"":1,""8968750"":0,""946983"":1}"
manifestos_econ_ideology_1804,20004731,FAMILIES IN WORK. We will add £5 per week to the family credit due to be introduced in April 1968 as a replacement to family income supplement.,LD,1987,Left,"{""1.10e+07"":-1,""1.15e+07"":-1,""1.19e+07"":-1,""1.40e+07"":-1,""1.41e+07"":-1,""1.45e+07"":-1,""1.52e+07"":-1,""1.53e+07"":-1,""1.57e+07"":-1,""1.59e+07"":-1,""1.68e+07"":-1,""1.82e+07"":-1,""1.88e+07"":-1,""1.93e+07"":-1,""1054502"":-1,""1837834"":1,""2.03e+07"":-1,""3246605"":-1,""3731467"":-1,""4660484"":-1,""5112203"":-1,""5270743"":-1,""5536796"":1,""5537363"":-1,""5983773"":-1,""6108007"":-1,""6622539"":-1,""7801795"":-1,""7918256"":-1,""8188780"":-1,""8836799"":-1,""8968750"":-1,""9054964"":-1,""946983"":-1,""9702218"":-1}"
manifestos_econ_ideology_1805,1100006641,Our policy will deliver fair and independent regulation of the BBC.,Con,2001,Right,"{""1.82e+07"":1,""1.95e+07"":1}"
manifestos_econ_ideology_1806,60001411,telling the truth;,Lab,1997,Right,"{""2.01e+07"":1}"
manifestos_econ_ideology_1807,1170007521,Party funding rules mean big donors have huge influence.,LD,2010,Left,"{""1.10e+07"":-1}"
manifestos_econ_ideology_1808,1110002141,The quality of the plans would be guaranteed through national value-added criteria.,LD,2001,Left,"{""1.10e+07"":-1,""1.82e+07"":-1}"
manifestos_econ_ideology_1809,1180008861,Our national cultural life and creative industries can prosper only by developing young artistic talent.,Lab,2010,Left,"{""1.10e+07"":-1}"
manifestos_econ_ideology_1810,1180011191,"Our goal is for much greater local flexibility and responsiveness, so that services are shaped around the personal needs of citizens, not the silos of government departments.",Lab,2010,Right,"{""1.40e+07"":1,""2.05e+07"":1}"
manifestos_econ_ideology_1811,1110011061,We will spearhead initiatives to increase the resources for basic education in developing countries.,LD,2001,Left,"{""1.42e+07"":-1,""1.57e+07"":-1}"
manifestos_econ_ideology_1812,1110010471,"Preventive diplomacy will be given a higher priority in the budgets of the Foreign and Commonwealth Office, Department for International Development and Ministry of Defence.",LD,2001,Left,"{""1.30e+07"":-1}"
manifestos_econ_ideology_1813,1170007281,"End the post office closure programme to keep post offices open in rural areas where they're the lynchpin of community life, improve access to banking and help secure the future of the Post Office through a PostBank.",LD,2010,Left,"{""1.40e+07"":-1,""1.42e+07"":-1,""1.52e+07"":-1,""1.57e+07"":-1,""1879426"":-1}"
manifestos_econ_ideology_1814,1150010751,"The choice for 2010. The Tories have always neglected the arts, seeing them as an easy target for cuts.",Lab,2005,Left,"{""1.82e+07"":-1}"
manifestos_econ_ideology_1815,10001211,We will target improvement grants to where they are most needed - to the least well-off.,Con,1987,Left,"{""1.24e+07"":-1,""1.53e+07"":-1,""1.74e+07"":-1,""1.86e+07"":-1,""1.96e+07"":-1,""2.01e+07"":-1,""2.05e+07"":-1,""2.08e+07"":-1,""2.09e+07"":-1,""313343"":-1,""3559862"":-1,""5112203"":-1,""5993386"":-1,""7918256"":-1,""886"":-1,""946983"":-1}"
manifestos_econ_ideology_1816,1070002411,Now we are pledged to cut tax rates again - and have made a start on the road to 20p Income Tax.,Con,1992,Right,"{""1.52e+07"":1,""1.57e+07"":1,""2.03e+07"":1,""2.05e+07"":1,""6342862"":1}"
manifestos_econ_ideology_1817,1070016801,"We will continue to pursue policies to encourage enterprise and bring new jobs - by contrast with Labour, whose plan for a national minimum wage would hit the Province particularly hard.",Con,1992,Right,"{""1.10e+07"":1,""1.52e+07"":1,""1.87e+07"":1,""1.93e+07"":1,""1171781"":1,""2.04e+07"":1,""2.08e+07"":-1,""5993386"":1}"
manifestos_econ_ideology_1818,40001521,We will continue to reduce the burden of capital gains tax and inheritance tax as it is prudent to do so.,Con,1997,Right,"{""1.10e+07"":-1,""1.15e+07"":1,""1.18e+07"":1,""1.25e+07"":1,""1.30e+07"":1,""1.40e+07"":1,""1.42e+07"":1,""1.45e+07"":1,""1.48e+07"":0,""1.51e+07"":1,""1.52e+07"":1,""1.53e+07"":1,""1.57e+07"":1,""1.59e+07"":1,""1.71e+07"":1,""1.74e+07"":1,""1.86e+07"":1,""1.87e+07"":1,""1.88e+07"":1,""1.93e+07"":1,""1.95e+07"":1,""1.96e+07"":1,""2.03e+07"":1,""2.05e+07"":1,""2.08e+07"":1,""2.09e+07"":1,""2.10e+07"":1,""2.11e+07"":1,""2.12e+07"":-1,""2.13e+07"":-1,""2.21e+07"":1,""6444018"":1,""7591372"":1,""8893451"":1}"
manifestos_econ_ideology_1819,1090001341,By promoting investment and improving skills we will tackle the underlying causes of inflation.,Lab,1992,Right,"{""1.10e+07"":1,""1.30e+07"":1,""1.52e+07"":1,""1.66e+07"":1,""1.95e+07"":1,""2.05e+07"":1,""2.09e+07"":1,""7918256"":1,""886"":-1}"
manifestos_econ_ideology_1820,1140000811,These three items will cost £4.9 billion and we will pay for them with one tax change.,LD,2005,Left,"{""1.40e+07"":-1,""1.42e+07"":-1,""1.52e+07"":-1,""1.82e+07"":-1,""1.93e+07"":-1}"
manifestos_econ_ideology_1821,60006931,We will establish a Royal Commission to work out a fair system for funding long-term care for the elderly.,Lab,1997,Left,"{""1.01e+07"":-1,""1.24e+07"":-1,""1.87e+07"":-1,""1.88e+07"":0,""1.98e+07"":-1,""2.00e+07"":-1,""2.06e+07"":-1,""2.08e+07"":-1,""2.11e+07"":-1,""2.12e+07"":-1,""2.13e+07"":-1,""2.14e+07"":-1,""2793302"":-1,""568434"":-1,""6320843"":-1}"
manifestos_econ_ideology_1822,1160003631,We will support sustainable travel initiatives that work best for local communities by: giving the concerns of cyclists much greater priority,Con,2010,Left,"{""1.82e+07"":-1}"
manifestos_econ_ideology_1823,1180008911,"We will maintain our commitment to free admissions, encouraging people of all ages and a wide range of backgrounds to visit.",Lab,2010,Left,"{""1.10e+07"":-1}"
manifestos_econ_ideology_1824,1130001021,We need to reward risk-taking and innovation so that Britain becomes the best place in the world to start and grow a business.,Con,2005,Right,"{""1.30e+07"":1,""1.42e+07"":1,""1.57e+07"":1,""1.88e+07"":1,""1.93e+07"":1}"
manifestos_econ_ideology_1825,1090002401,Recent pension fund scandals have shown how right Labour has been to call for stronger legal protection.,Lab,1992,Left,"{""1.10e+07"":-1,""1.42e+07"":-1,""1.52e+07"":-1,""1.68e+07"":-1}"
manifestos_econ_ideology_1826,1090003081,More and more parents are now being forced to pay for essentials in a system which should be free.,Lab,1992,Left,"{""1.10e+07"":-1,""1.57e+07"":-1,""1.68e+07"":-1,""2.03e+07"":-1}"
manifestos_econ_ideology_1827,1080002391,Banks which are responsive to their customers will be good for the economy.,LD,1992,Left,"{""1.10e+07"":-1,""1.52e+07"":-1,""1.57e+07"":-1,""1.82e+07"":-1}"
manifestos_econ_ideology_1828,1180002471,"second, making possible superfast broadband for the vast majority of Britain in partnership with private operators, with Government investing over £1 billion in the next seven years",Lab,2010,Right,"{""1.10e+07"":1,""1.51e+07"":1,""1.52e+07"":1}"
manifestos_econ_ideology_1829,1070003201,The Conservative Government has more than halved the top rate of tax.,Con,1992,Right,"{""1.10e+07"":-1,""1.40e+07"":1,""1.42e+07"":1,""1.53e+07"":1,""1.71e+07"":1,""1.74e+07"":1,""1.86e+07"":1,""1.87e+07"":1,""2.08e+07"":1,""2.09e+07"":1,""2.13e+07"":1,""6342862"":-1}"
manifestos_econ_ideology_1830,1150001211,In the future the countries that do best will be those with a shared purpose about the long-term changes and investments they need to make - and have the determination to equip their people for that future.,Lab,2005,Right,"{""1.10e+07"":1}"
manifestos_econ_ideology_1831,1150010741,"To obtain best value from different uses of our valuable marine resources, we must maintain and protect the ecosystems on which they depend.",Lab,2005,Right,"{""1.42e+07"":1}"
manifestos_econ_ideology_1832,1110007101,The review will follow the recommendations of the Low Pay Commission.,LD,2001,Left,"{""1.10e+07"":-1,""1.30e+07"":-1,""1.45e+07"":-1,""1.93e+07"":-1,""6355305"":-1}"
manifestos_econ_ideology_1833,1110004461,We will fund this by increasing the amount of VED charged on the most polluting vehicles.,LD,2001,Left,"{""1.13e+07"":-1,""1.57e+07"":-1,""6342862"":-1}"
manifestos_econ_ideology_1834,1090004531,"We will review sports taxation, reform the Sports Councils and make football grounds safe for spectators.",Lab,1992,Left,"{""1.10e+07"":-1,""1.42e+07"":-1}"
manifestos_econ_ideology_1835,1070004181,British Coal will be returned to the private sector.,Con,1992,Right,"{""1.40e+07"":1,""1.41e+07"":1,""1.51e+07"":1,""1.52e+07"":1,""1.53e+07"":1,""1.57e+07"":1,""1.74e+07"":1,""1.86e+07"":1,""2.08e+07"":1,""2.09e+07"":1,""2.13e+07"":1}"
manifestos_econ_ideology_1836,1140007941,Energy use is the main source of greenhouse gas emissions and hazardous waste.,LD,2005,Left,"{""1.84e+07"":-1}"
manifestos_econ_ideology_1837,1080002041,Break up monopolies.,LD,1992,Right,"{""1.10e+07"":1,""1.41e+07"":1,""1.51e+07"":1,""1.52e+07"":1,""1.68e+07"":1}"
manifestos_econ_ideology_1838,10003361,There is a strong moral case for reducing taxation.,Con,1987,Right,"{""1.04e+07"":1,""1.10e+07"":-1,""1.26e+07"":1,""1.30e+07"":1,""1.32e+07"":1,""1.40e+07"":1,""1.42e+07"":1,""1.45e+07"":1,""1.51e+07"":1,""1.52e+07"":1,""1.53e+07"":1,""1.54e+07"":1,""1.57e+07"":1,""1.68e+07"":-1,""1.71e+07"":1,""1.74e+07"":1,""1.79e+07"":1,""1.81e+07"":1,""1.82e+07"":1,""1.86e+07"":1,""1.87e+07"":1,""1.93e+07"":1,""1.95e+07"":1,""1.96e+07"":1,""2.00e+07"":1,""2.01e+07"":1,""2.05e+07"":1,""2.08e+07"":1,""2.09e+07"":1,""2.10e+07"":1,""2.11e+07"":1,""2.12e+07"":1,""2.13e+07"":1,""37796"":1,""6340793"":1,""6342862"":1,""8382218"":1,""8483290"":1,""8893451"":1}"
manifestos_econ_ideology_1839,1090000811,The programme which can be quickly and easily established will allow us to start bringing down unemployment immediately.,Lab,1992,Left,"{""1.10e+07"":-1,""1.42e+07"":-1,""1.52e+07"":-1,""1.93e+07"":-1}"
manifestos_econ_ideology_1840,1080001651,We see government's role as enabling firms and entrepreneurs to have the best possible chance.,LD,1992,Right,"{""1.10e+07"":1,""1.51e+07"":1,""1.52e+07"":1,""1.68e+07"":1}"
manifestos_econ_ideology_1841,1070005381,Here are a few examples from the programme for the next two years: The Audit Commission will be able to publish league tables of performance including each local council and health authority so that people can compare the quality of service.,Con,1992,Right,"{""1.57e+07"":1}"
manifestos_econ_ideology_1842,1110005951,Establish a minimum income standard after carrying out research to establish the appropriate amount.,LD,2001,Left,"{""1.10e+07"":-1,""1.30e+07"":-1,""1.42e+07"":-1,""1.63e+07"":-1,""6355305"":-1}"
manifestos_econ_ideology_1843,1120002971,We will guarantee a minimum family income of £225 for a 35-hour week,Lab,2001,Left,"{""1.10e+07"":-1,""1.30e+07"":-1,""1.51e+07"":-1,""1.93e+07"":-1,""2.03e+07"":-1}"
manifestos_econ_ideology_1844,1070016151,These benefits cannot be tossed away lightly.,Con,1992,Left,"{""1.68e+07"":-1}"
manifestos_econ_ideology_1845,1160003121,A Conservative government will introduce regulatory budgets: forcing any government body wanting to introduce a new regulation to reduce regulation elsewhere by a greater amount.,Con,2010,Right,"{""1.30e+07"":1,""1.52e+07"":1,""1.82e+07"":1,""1.93e+07"":1}"
manifestos_econ_ideology_1846,1160010241,"Help people go green. Rising energy costs hit families hard, so we will create a 'Green Deal', giving every home up to £6,500 worth of energy improvement measures - with more for hard-to-treat homes - paid for out of savings made on fuel bills over 25 years.",Con,2010,Left,"{""1.10e+07"":-1,""1.52e+07"":-1,""1.57e+07"":-1}"
manifestos_econ_ideology_1847,1160009781,This is a country which has become the world's first low carbon economy.,Con,2010,Left,"{""1.52e+07"":-1}"
manifestos_econ_ideology_1848,1120004461,Coal and nuclear energy currently play important roles in ensuring diversity in our sources of electricity generation.,Lab,2001,Right,"{""1.10e+07"":1,""1.53e+07"":1}"
manifestos_econ_ideology_1849,1110002291,Promote co-operation between state and private schools.,LD,2001,Right,"{""1.10e+07"":1,""1.95e+07"":1}"
manifestos_econ_ideology_1850,1100002901,"It doesn't make sense and, when affordable, we will abolish both taxes.",Con,2001,Right,"{""1.10e+07"":1,""1.53e+07"":1,""2.06e+07"":1,""6340562"":1}"
manifestos_econ_ideology_1851,60001111,What counts is what works.,Lab,1997,Right,"{""2.13e+07"":1}"
manifestos_econ_ideology_1852,1070014661,Last summer the Government launched an experiment in Countryside Stewardship'.,Con,1992,Right,"{""1.57e+07"":1}"
manifestos_econ_ideology_1853,1120007421,subsidise new PCs for teachers so that they have direct access to the latest technology.,Lab,2001,Left,"{""1.30e+07"":-1,""1.51e+07"":-1}"
manifestos_econ_ideology_1854,1170003991,A Liberal Democrat government will establish a working group involving patient groups to determine appropriate levels of financial assistance.,LD,2010,Left,"{""1.10e+07"":-1}"
manifestos_econ_ideology_1855,50005591,Create an effective and democratic upper house.,LD,1997,Right,"{""2.09e+07"":1}"
manifestos_econ_ideology_1856,1090005041,We will stop bus deregulation and privatisation of London Transport and promote efficient public transport.,Lab,1992,Left,"{""1.10e+07"":-1,""1.53e+07"":-1,""1.57e+07"":-1,""1.82e+07"":-1}"
manifestos_econ_ideology_1857,1080003761,"We will make available, grants and subsidies for environmentally friendly activities, such as home insulation, and to help individuals and industry adjust to our new stricter standards for pollution control. ",LD,1992,Left,"{""1.30e+07"":-1,""1.57e+07"":-1}"
manifestos_econ_ideology_1858,1080001931,We will increase immediately the government science budget to 0.35% of GDP and raise it steadily thereafter.,LD,1992,Left,"{""1.10e+07"":-1,""1.41e+07"":-1,""1.52e+07"":-1,""1.68e+07"":-1}"
manifestos_econ_ideology_1859,1120003821,"Yet our inheritance was massive under-investment, with British Rail broken into over a hundred privatised pieces, and bus services in decline.",Lab,2001,Left,"{""1.10e+07"":-1,""1.30e+07"":-1,""1.68e+07"":-1,""1.93e+07"":-1}"
manifestos_econ_ideology_1860,1100003061,Increase the basic state pension.,Con,2001,Left,"{""1.10e+07"":-1,""1.40e+07"":-1,""1.45e+07"":-1,""1.57e+07"":-1,""1.68e+07"":-1}"
manifestos_econ_ideology_1861,1090005411,"A regional tier of government in the English regions will take over many powers now exercised nationally, such as regional economic planning and transport.",Lab,1992,Left,"{""1.10e+07"":-1}"
manifestos_econ_ideology_1862,1070003461,"The Right To Own. Since 1979, wealth has been spread more widely through the community.",Con,1992,Right,"{""1.10e+07"":1,""1.40e+07"":1,""1.52e+07"":1,""1.68e+07"":1,""1.93e+07"":1}"
manifestos_econ_ideology_1863,1070013661,This represents a major step forward in unlocking the commercial potential of our inner cities and of breathing new life into areas which may have been derelict for many years.,Con,1992,Right,"{""1.51e+07"":1,""1.53e+07"":1,""1.63e+07"":1}"
manifestos_econ_ideology_1864,1180005741,"We all have a responsibility to look after our own health, supported by our family and our employer.",Lab,2010,Left,"{""1.10e+07"":-1,""1.57e+07"":-1}"
manifestos_econ_ideology_1865,1180004191,"Now, because of sustained investment and reform, it is just one in twelve, with standards rising fastest in disadvantaged areas.",Lab,2010,Left,"{""1.10e+07"":-1}"
manifestos_econ_ideology_1866,1120005581,"Traditional tourist resorts face special problems, so we have extended the assisted area map to include many seaside resorts and have negotiated an extension to the European Union regeneration funding so that seaside towns throughout the country can start rebuilding their economy.",Lab,2001,Left,"{""1.10e+07"":-1,""1.30e+07"":-1,""1.53e+07"":-1,""2.03e+07"":-1}"
manifestos_econ_ideology_1867,1120015121,We will look after the interests of Britain's veterans.,Lab,2001,Left,"{""1.10e+07"":-1}"
manifestos_econ_ideology_1868,1160002071,"reductions in discretionary spending, including travel, expenses, advertising, consultancy and office supplies",Con,2010,Right,"{""1.10e+07"":1,""1.30e+07"":1,""1.52e+07"":1,""1.57e+07"":1,""6340562"":1}"
manifestos_econ_ideology_1869,1170003531,Protecting and improving our NHS.   We are proud of the NHS - it's built on the basic British principle of fairness.,LD,2010,Right,"{""1.84e+07"":1}"
manifestos_econ_ideology_1870,1120016451,"It will decide whether we put our schools, hospitals and police officers first, or put them second after unaffordable tax cuts.",Lab,2001,Left,"{""1.30e+07"":-1,""1.93e+07"":-1}"
manifestos_econ_ideology_1871,1120002281,"Our ten-year goals are to achieve full employment in every region, to halve child poverty and tackle pensioner poverty.",Lab,2001,Left,"{""1.10e+07"":-1,""1.52e+07"":-1,""1.53e+07"":-1,""1.57e+07"":-1}"
manifestos_econ_ideology_1872,1160008141,We will put a limit on the number of special advisers and protect the impartiality of the civil service.,Con,2010,Left,"{""1.10e+07"":-1}"
manifestos_econ_ideology_1873,1170002381,Ensure that takeover rules serve the UK economy.,LD,2010,Left,"{""1.10e+07"":-1,""2.05e+07"":-1}"
manifestos_econ_ideology_1874,1120007011,"We are committed to expand Educational Maintenance Allowances so they cover 30 per cent of the country, and build upon them on the basis of the experience.",Lab,2001,Left,"{""1.10e+07"":-1,""1.57e+07"":-1,""1.68e+07"":-1}"
manifestos_econ_ideology_1875,1120008871,"We have invested in our orchestras, and put an extra £10 million a year into developing our regional museums and galleries.",Lab,2001,Left,"{""1.10e+07"":-1,""1.30e+07"":-1}"
manifestos_econ_ideology_1876,1120017291,A £1.6 billion strategy for farming and rural enterprise will redirect subsidies to promote growth and the environment.,Lab,2001,Left,"{""1.51e+07"":-1,""1.57e+07"":-1,""1.63e+07"":-1}"
manifestos_econ_ideology_1877,1170002141,"A work placement scheme with up to 800,000 places will ensure that young people have the opportunity to gain skills, qualifications and work experience even if they can't find a job.",LD,2010,Left,"{""1.10e+07"":-1,""1.57e+07"":-1}"
manifestos_econ_ideology_1878,1110009451,We will therefore collect data on price variations between regions so that measures can be effectively targeted.,LD,2001,Left,"{""1.10e+07"":-1,""1.30e+07"":-1,""1.57e+07"":-1}"
manifestos_econ_ideology_1879,1140006351,Save the UK's fish and marine environment.,LD,2005,Left,"{""1.61e+07"":-1}"
manifestos_econ_ideology_1880,1110009591,We will manage SSSIs to enhance their environmental value and impose a binding 'duty of care' on owners and tenants to avoid further significant damage or fragmentation.,LD,2001,Left,"{""1.52e+07"":-1}"
manifestos_econ_ideology_1881,1180009961,Clean energy. This Government is revolutionising Britain's energy policy.,Lab,2010,Left,"{""1.52e+07"":-1,""1.66e+07"":-1}"
manifestos_econ_ideology_1882,1180003451,Council Tax increases have fallen to their lowest ever rate and we expect them to stay low.,Lab,2010,Right,"{""1.18e+07"":1,""1.53e+07"":1,""1.57e+07"":1,""2.00e+07"":1,""2.20e+07"":1}"
manifestos_econ_ideology_1883,1110007891,"If local people vote for a regional assembly, the assembly would take on a set of core powers from Westminster and from current undemocratic regional quangos.",LD,2001,Left,"{""1.68e+07"":-1}"
manifestos_econ_ideology_1884,1090001381,We will increase child benefit to £9.95 a week for all children with the full value going to every family.,Lab,1992,Left,"{""1.10e+07"":-1,""1.40e+07"":-1,""1.68e+07"":-1,""1.93e+07"":-1}"
manifestos_econ_ideology_1885,10004701,"deregulated telecommunications, so that customers can now choose between suppliers when buying telephones and private exchanges, and business can choose between two alternative telecommunications networks",Con,1987,Right,"{""1.10e+07"":1,""1.11e+07"":1,""1.13e+07"":1,""1.23e+07"":1,""1.24e+07"":1,""1.25e+07"":1,""1.26e+07"":1,""1.27e+07"":1,""1.30e+07"":1,""1.40e+07"":1,""1.51e+07"":1,""1.52e+07"":1,""1.57e+07"":1,""1.68e+07"":1,""1.80e+07"":1,""1.83e+07"":1,""1.85e+07"":1,""1.86e+07"":1,""1.87e+07"":1,""1.88e+07"":1,""1.93e+07"":1,""1.97e+07"":1,""1.98e+07"":1,""1131056"":1,""2.00e+07"":1,""2.01e+07"":1,""2.02e+07"":1,""2.03e+07"":1,""2.05e+07"":1,""2.06e+07"":1,""2.10e+07"":1,""2.11e+07"":1,""2.12e+07"":1,""2.13e+07"":1,""2.15e+07"":1,""2.21e+07"":1,""2092631"":1,""2361265"":1,""2647839"":1,""3731467"":1,""37796"":1,""4342571"":1,""4652872"":-1,""4661297"":-1,""5112203"":1,""8594212"":1,""8836799"":-1,""8893451"":1,""9485888"":1}"
manifestos_econ_ideology_1886,1110004611,This would extend across the UK the scheme currently operating in London and those being developed in Wales.,LD,2001,Left,"{""1.42e+07"":-1}"
manifestos_econ_ideology_1887,1080005511,"If a home does not meet the minimum standard, the owner will be able to claim back all money spent within the first year after purchase on raising it to that level, though, for example, home insulation, up to the amount of stampt duty they paid when they bought the property (up to a maximum of GBP 1000).",LD,1992,Left,"{""1.10e+07"":-1,""1.52e+07"":-1,""1.63e+07"":-1}"
manifestos_econ_ideology_1888,1150008311,"Social housing. The increased supply and quality of social housing is central to Labour's belief in mixed, sustainable communities.",Lab,2005,Left,"{""1.10e+07"":-1,""1.52e+07"":-1,""1.57e+07"":-1}"
manifestos_econ_ideology_1889,1160001031,The journey we embarked on four and a half years ago was all about applying this Conservative approach to the progressive challenges of our age: making opportunity more equal,Con,2010,Right,"{""1.57e+07"":1}"
manifestos_econ_ideology_1890,1070015121,The British Museum was founded out of the proceeds of such a lottery.,Con,1992,Left,"{""1.47e+07"":-1}"
manifestos_econ_ideology_1891,1170004111,"We will change the way the National Lottery is taxed from a ticket tax to a gross profits tax, which is forecast to deliver more for good causes and the Exchequer.",LD,2010,Left,"{""1.10e+07"":-1,""1.30e+07"":-1,""1.42e+07"":-1,""1.52e+07"":-1}"
manifestos_econ_ideology_1892,1180010451,"Sustainable farming, healthy food. We want British farming to be profitable and competitive.",Lab,2010,Right,"{""1.10e+07"":1,""1.40e+07"":1,""1.52e+07"":1}"
manifestos_econ_ideology_1893,10003591,"In particular, we will cut income tax still further and reduce the basic rate to 25p in the £ as soon as we prudently can.",Con,1987,Right,"{""1.10e+07"":1,""1.11e+07"":1,""1.13e+07"":1,""1.24e+07"":1,""1.26e+07"":1,""1.30e+07"":1,""1.36e+07"":1,""1.40e+07"":1,""1.48e+07"":1,""1.49e+07"":1,""1.52e+07"":1,""1.57e+07"":1,""1.68e+07"":1,""1.73e+07"":1,""1.76e+07"":1,""1.81e+07"":1,""1.82e+07"":1,""1.83e+07"":1,""1.87e+07"":1,""1.88e+07"":1,""1.89e+07"":1,""1.93e+07"":1,""1.95e+07"":1,""1.98e+07"":1,""2.02e+07"":1,""2.06e+07"":1,""2.07e+07"":1,""2.10e+07"":1,""2.11e+07"":1,""2.12e+07"":1,""2.13e+07"":-1,""2.14e+07"":1,""2.20e+07"":0,""2092631"":0,""37796"":1,""5013710"":1,""5112203"":1,""6340793"":1,""6422255"":1,""6591328"":1,""8382218"":1,""8893451"":1}"
manifestos_econ_ideology_1894,20003501,"Trades unions are an essential element in the protection of the employees' interests, which is why we would return union recognition to GCHQ members.",LD,1987,Left,"{""1.01e+07"":-1,""1.10e+07"":-1,""1.26e+07"":-1,""1.30e+07"":-1,""1.32e+07"":-1,""1.40e+07"":-1,""1.41e+07"":-1,""1.42e+07"":-1,""1.45e+07"":-1,""1.51e+07"":-1,""1.52e+07"":-1,""1.53e+07"":-1,""1.57e+07"":-1,""1.59e+07"":-1,""1.68e+07"":-1,""1.81e+07"":-1,""1.86e+07"":1,""1.88e+07"":1,""1.89e+07"":-1,""1.93e+07"":-1,""1.98e+07"":-1,""2.00e+07"":-1,""2.03e+07"":-1,""2.05e+07"":-1,""2.06e+07"":-1,""2.08e+07"":0,""2.10e+07"":1,""2.11e+07"":-1,""2.12e+07"":-1,""2.13e+07"":-1,""2.14e+07"":-1,""2.18e+07"":-1,""6340793"":-1}"
manifestos_econ_ideology_1895,1110002071,"Increase funding for ICT and science equipment and purchase and maintenance, and ICT training for teachers within schools, over and above existing spending levels.",LD,2001,Left,"{""1.10e+07"":-1,""1.30e+07"":-1,""1.42e+07"":-1}"
manifestos_econ_ideology_1896,1090003701,People over 50 who missed earlier opportunities will be able to apply for a 'Return to Learn' grant towards further or higher education.,Lab,1992,Left,"{""1.45e+07"":-1}"
manifestos_econ_ideology_1897,1090003171,"We will raise standards in our schools. By investing in better teaching, smaller classes and modern books and equipment we will raise education standards.",Lab,1992,Left,"{""1.10e+07"":-1,""1.40e+07"":-1,""1.68e+07"":-1}"
manifestos_econ_ideology_1898,1080006031," increase the family premium for income support and family credit, and reform the system of cold-weather payments.",LD,1992,Left,"{""1.10e+07"":-1,""1.40e+07"":-1,""1.42e+07"":-1,""1.52e+07"":-1,""1.68e+07"":-1}"
manifestos_econ_ideology_1899,1120007441,"It is time for an historic commitment to open higher education to half of all young people before they are 30, combined with increased investment to maintain academic standards.",Lab,2001,Left,"{""1.10e+07"":-1,""1.30e+07"":-1}"
manifestos_econ_ideology_1900,1160008711,"We will abolish the entire bureaucratic and undemocratic tier of regional planning, including the Regional Spatial Strategies and building targets.",Con,2010,Right,"{""1.57e+07"":1}"
manifestos_econ_ideology_1901,1120014551,We have seen the alternative.,Lab,2001,Left,"{""1.10e+07"":-1}"
manifestos_econ_ideology_1902,1110006571,Labour has over-regulated in some areas and under-regulated in others.,LD,2001,Right,"{""1.10e+07"":1,""1.45e+07"":1}"
manifestos_econ_ideology_1903,1070004211,We will end British Rail's monopoly.,Con,1992,Right,"{""1.41e+07"":1,""1.52e+07"":1,""1.68e+07"":1,""2.03e+07"":1}"
manifestos_econ_ideology_1904,1180011911,Defence spending has increased by ten per cent in real terms since 1997.,Lab,2010,Right,"{""1.11e+07"":1,""1.68e+07"":1,""1.96e+07"":1}"
manifestos_econ_ideology_1905,50000851,Tackle the backlog of repairs.,LD,1997,Left,"{""1.24e+07"":0,""1.74e+07"":-1,""1.75e+07"":-1,""2.08e+07"":0,""2.12e+07"":-1,""2.13e+07"":-1,""5270743"":-1,""6161328"":-1}"
manifestos_econ_ideology_1906,60005201,We will raise spending on the NHS in real terms every year and put the money towards patient care.,Lab,1997,Left,"{""1.85e+07"":-1,""1.87e+07"":-1,""1054502"":-1,""1837834"":1,""2.00e+07"":0,""2.04e+07"":-1,""2.06e+07"":-1,""2.08e+07"":-1,""2.09e+07"":-1,""2.10e+07"":-1,""2.11e+07"":-1,""2.13e+07"":-1,""2.14e+07"":-1,""5270743"":-1,""7801795"":-1}"
manifestos_econ_ideology_1907,1100002471,It's not just about money.,Con,2001,Right,"{""1.42e+07"":1}"
manifestos_econ_ideology_1908,1120005051,We are ambitious for Britain's urban areas: we want to make them better places to live and better places to set up a business.,Lab,2001,Left,"{""1.10e+07"":-1,""1.30e+07"":-1,""2.03e+07"":-1}"
manifestos_econ_ideology_1909,1090001901,The recent privatisation of the Export Credit Guarantee Department can only do further damage.,Lab,1992,Left,"{""1.80e+07"":-1,""2.13e+07"":-1,""2.16e+07"":-1,""2.19e+07"":-1,""9289597"":-1}"
manifestos_econ_ideology_1910,1080006151,Liberal Democrats believe that a pension should be a right for everyone.,LD,1992,Left,"{""1.10e+07"":-1,""1.40e+07"":-1,""1.41e+07"":-1,""1.52e+07"":-1,""6340562"":-1}"
manifestos_econ_ideology_1911,1180010151,Labour is determined to end fuel poverty and create a fair energy system for all.,Lab,2010,Left,"{""1.52e+07"":-1,""1.57e+07"":-1,""1.66e+07"":-1}"
manifestos_econ_ideology_1912,1070003591,"We will do so through future privatisations, help for would-be home owners in council tenancies and further encouragement for the spread of personal pensions.",Con,1992,Right,"{""1.41e+07"":1,""1.52e+07"":1,""1.66e+07"":1,""1.87e+07"":1,""1.93e+07"":1}"
manifestos_econ_ideology_1913,1140005621,"New equipment continues to arrive late and over-budget, so we will make military procurement more open and competitive.",LD,2005,Right,"{""1.42e+07"":1}"
manifestos_econ_ideology_1914,1170001071,These policies are highlighted with green side tabs.,LD,2010,Right,"{""1.84e+07"":1,""2.05e+07"":1}"
manifestos_econ_ideology_1915,1180012161,"Fundamental reform of the EU budget remains necessary, with further changes to the Common Agricultural Policy on the way to ending export subsidies.",Lab,2010,Right,"{""1.63e+07"":1}"
manifestos_econ_ideology_1916,1180001451,The engine of growth is private enterprise: we will give business our full support in creating wealth and jobs.,Lab,2010,Right,"{""1.10e+07"":1,""1.52e+07"":1,""1.72e+07"":1,""1.93e+07"":1}"
manifestos_econ_ideology_1917,1170005321,"At the UN level, we will support the provision of UN Adaptation Funds for developing countries, financed from international emissions markets, such as a cap-and-trade system for international emissions from aviation and shipping.",LD,2010,Left,"{""1.10e+07"":-1}"
manifestos_econ_ideology_1918,1070013621,"Working in the urban areas, the URA will administer much of the Urban programme of the Department of the Environment.",Con,1992,Left,"{""1.30e+07"":-1}"
manifestos_econ_ideology_1919,30000831,We will provide pensioners on supplementary benefit and others on low incomes with a £5 winter premium to help with fuel bills.,Lab,1987,Left,"{""1.10e+07"":-1,""1.13e+07"":0,""1.17e+07"":-1,""1.19e+07"":-1,""1.24e+07"":-1,""1.25e+07"":-1,""1.27e+07"":-1,""1.40e+07"":-1,""1.45e+07"":-1,""1.51e+07"":1,""1.52e+07"":-1,""1.53e+07"":-1,""1.57e+07"":-1,""1.63e+07"":1,""1.82e+07"":-1,""1.87e+07"":-1,""1.88e+07"":1,""1.93e+07"":-1,""1.95e+07"":1,""1739"":-1,""3098571"":-1,""3307853"":-1,""3626598"":-1,""3731467"":-1,""3773194"":-1,""37796"":-1,""4174314"":-1,""5112203"":-1,""5270743"":-1,""5324079"":1,""5372456"":-1,""5653573"":-1,""6340562"":-1,""7918256"":-1,""7954010"":-1,""881561"":-1,""8836799"":-1,""8893451"":-1,""8902985"":-1,""9775837"":-1,""9958248"":-1}"
manifestos_econ_ideology_1920,1120009191,by giving the majority of young adults the opportunity to study in higher education ,Lab,2001,Left,"{""1.10e+07"":-1}"
manifestos_econ_ideology_1921,1110002391,Establish a budget to give additional training to nursery teachers.,LD,2001,Left,"{""1.10e+07"":-1,""1.82e+07"":-1,""1.95e+07"":-1}"
manifestos_econ_ideology_1922,10003331,Lower tax on earnings enables people to build up savings to give them financial security in later life.,Con,1987,Right,"{""1.01e+07"":1,""1.02e+07"":1,""1.10e+07"":1,""1.19e+07"":1,""1.24e+07"":1,""1.32e+07"":1,""1.40e+07"":1,""1.41e+07"":1,""1.42e+07"":1,""1.51e+07"":1,""1.52e+07"":1,""1.57e+07"":1,""1.59e+07"":1,""1.68e+07"":-1,""1.75e+07"":1,""1.81e+07"":1,""1.85e+07"":1,""1.86e+07"":1,""1.87e+07"":1,""1.93e+07"":1,""1.95e+07"":1,""1.97e+07"":-1,""1.98e+07"":1,""2.02e+07"":1,""2.04e+07"":1,""2.05e+07"":1,""2.06e+07"":1,""2.07e+07"":1,""2.08e+07"":1,""2.10e+07"":1,""2.11e+07"":-1,""2.12e+07"":1,""2.13e+07"":1,""2.14e+07"":1,""2.17e+07"":1,""2793302"":-1,""3626598"":1,""5501199"":1,""568434"":1,""6591328"":1,""787803"":1,""8273320"":1,""8382218"":1,""8893451"":1,""9414315"":1}"
manifestos_econ_ideology_1923,1120017241,"TV licence fees have been abolished for the over-75s, with free access to national museums and galleries for children and pensioners.",Lab,2001,Left,"{""1.10e+07"":-1,""1.30e+07"":-1,""1.52e+07"":-1}"
manifestos_econ_ideology_1924,1180008701,We will invest in a new national network of school sports coaches to increase the quality and quantity of coaching in some of the most deprived areas.,Lab,2010,Left,"{""1.57e+07"":-1}"
manifestos_econ_ideology_1925,1070017191,"Success has been won when we have given our people their head: when their natural skills, talents, energy",Con,1992,Right,"{""1.57e+07"":1}"
manifestos_econ_ideology_1926,10005101,"private sector financing, construction and operation of the Dartford Bridge and the Channel tunnel.",Con,1987,Right,"{""1.11e+07"":1,""1.53e+07"":1,""1.75e+07"":1,""1.77e+07"":1,""1.83e+07"":0,""1.98e+07"":1,""1.99e+07"":1,""2.04e+07"":1,""2.05e+07"":0,""2.06e+07"":1,""2.08e+07"":1,""2.09e+07"":1,""2.10e+07"":1,""2.11e+07"":1,""2.12e+07"":1,""2.13e+07"":1,""2.14e+07"":1,""8273320"":1,""8382218"":1}"
manifestos_econ_ideology_1927,30000281,Britain does not have to.,Lab,1987,Left,"{""1.98e+07"":-1}"
manifestos_econ_ideology_1928,1110006031,We will cut fuel bills and reduce pollution by requiring all new housing to meet improved energy and water efficiency standards through the use of environmentally friendly building materials and techniques.,LD,2001,Left,"{""1.30e+07"":-1}"
manifestos_econ_ideology_1929,1090001021,We transform unemployment claimants into employed contributors.,Lab,1992,Left,"{""1.10e+07"":-1,""1.16e+07"":-1,""1.52e+07"":-1,""1.93e+07"":-1}"
manifestos_econ_ideology_1930,1160008151,Rebuilding trust in politics means making our political system better reflect the people it is meant to represent.,Con,2010,Left,"{""1.57e+07"":-1,""1.61e+07"":-1}"
manifestos_econ_ideology_1931,1170002031,"Our green stimulus plan will create 100,000 jobs.",LD,2010,Left,"{""1.10e+07"":-1,""1.51e+07"":-1,""1.52e+07"":-1,""1.57e+07"":-1}"
manifestos_econ_ideology_1932,1180002311,widening support for training and apprenticeships,Lab,2010,Left,"{""2.20e+07"":-1,""2.21e+07"":-1}"
manifestos_econ_ideology_1933,1180010121,and we will enable seven million homes to have a fuller 'eco-upgrade'.,Lab,2010,Left,"{""1.10e+07"":-1,""1.52e+07"":-1,""1.57e+07"":-1}"
manifestos_econ_ideology_1934,1100006891,They will be able to become 'free councils'.,Con,2001,Right,"{""1.57e+07"":1,""1.80e+07"":1}"
manifestos_econ_ideology_1935,1150007221,"All pensioners have benefited from improved universal benefits like the state pension, the Winter Fuel Payment (now worth £300 per year for the over-80s), help with council tax and free TV licences for the over-75s.",Lab,2005,Left,"{""1.10e+07"":-1,""1.40e+07"":-1,""1.57e+07"":-1,""1.93e+07"":-1,""1.95e+07"":-1}"
manifestos_econ_ideology_1936,1110002681,"In the long term, our goal is to extend this further entitlement to every adult.",LD,2001,Left,"{""1.30e+07"":-1,""1.42e+07"":-1}"
manifestos_econ_ideology_1937,1120001991,"It is these frontline staff, operating in new ways, who will drive up standards in our key public services.",Lab,2001,Left,"{""1.10e+07"":-1}"
manifestos_econ_ideology_1938,1160008641,This is what we call collaborative democracy - people taking the kind of powers that until now have been exercised only by governments.,Con,2010,Right,"{""1.57e+07"":1}"
manifestos_econ_ideology_1939,1120003771,The governance of this fast-changing industry is out of date.,Lab,2001,Left,"{""1.10e+07"":-1}"
manifestos_econ_ideology_1940,1070004271,We will look for ways of bringing private sector skills into the management of Northern Ireland Railways.,Con,1992,Right,"{""1.52e+07"":1,""1.57e+07"":1,""1.66e+07"":1,""1.68e+07"":1,""1.87e+07"":1}"
manifestos_econ_ideology_1941,1140005091,We will reform the planning system to make sure that local authority development plans are sustainable.,LD,2005,Left,"{""1.42e+07"":-1,""1.82e+07"":-1}"
manifestos_econ_ideology_1942,1070004131,Companies which looked inwards to Whitehall are now listening to their customers and shareholders.,Con,1992,Right,"{""1.51e+07"":1,""9289597"":1}"
manifestos_econ_ideology_1943,1160008271,"And, because sunlight is the best disinfectant, we will bring the operation of government out into the open so that everyone can see whether we are delivering good value for money.",Con,2010,Left,"{""1.10e+07"":-1}"
manifestos_econ_ideology_1944,1150008741, and improve the focus and quality of EU aid so it better helps the poorest countries.,Lab,2005,Left,"{""1.41e+07"":-1}"
manifestos_econ_ideology_1945,1120005371,"We have minimised many regulatory burdens and improved the way food safety, environmental and animal health regulations are implemented.",Lab,2001,Right,"{""1.42e+07"":1,""1.66e+07"":1}"
manifestos_econ_ideology_1946,1120013591,"Electronic service delivery offers the prospect of greater convenience, access and quality, and we have set demanding targets for its use.",Lab,2001,Right,"{""1.42e+07"":1}"
manifestos_econ_ideology_1947,1140004541,In this way we will invest in cutting energy use and at the same time help pensioners and severely disabled people stay warm and save money.,LD,2005,Left,"{""1.42e+07"":-1,""1.52e+07"":-1,""1.57e+07"":-1}"
manifestos_econ_ideology_1948,40011361,"Our Vision for Britain:. 25 Pledges for the Nation. The Enterprise Centre of Europe. TAX AND SPENDING: keep tight control of public spending priorities, aiming for our target of a 20p basic rate of income tax over the next parliament.",Con,1997,Right,"{""1.01e+07"":1,""1.10e+07"":-1,""1.19e+07"":1,""1.24e+07"":1,""1.27e+07"":0,""1.30e+07"":1,""1.41e+07"":1,""1.51e+07"":1,""1.52e+07"":1,""1.57e+07"":1,""1.68e+07"":1,""1.80e+07"":1,""1.87e+07"":1,""1.93e+07"":1,""1054502"":1,""132058"":-1,""1837834"":1,""2.06e+07"":1,""2.16e+07"":1,""2.21e+07"":1,""2793302"":1,""3246605"":1,""37796"":1,""4660484"":1,""5270743"":-1,""5536796"":1,""5537363"":1,""568434"":1,""5983773"":1,""6622539"":1,""7801795"":1,""7918256"":1,""8968750"":-1,""917392"":1,""9299392"":1}"
manifestos_econ_ideology_1949,1180000991,"There will be greater protection for the local institutions people value, like local post offices and pubs.",Lab,2010,Left,"{""1.82e+07"":-1}"
manifestos_econ_ideology_1950,1110005351,Protect workers on low incomes by reviewing the minimum wage annually.,LD,2001,Left,"{""1.10e+07"":-1,""1.30e+07"":-1,""1.52e+07"":-1,""2.03e+07"":-1,""6355305"":-1}"
manifestos_econ_ideology_1951,10003061,Inflation has reached its lowest levels for almost 20 years.,Con,1987,Right,"{""1.24e+07"":1,""1.51e+07"":1,""1.52e+07"":1,""1.75e+07"":0,""1.98e+07"":0,""2.00e+07"":1,""2.02e+07"":1,""2.04e+07"":1,""2.10e+07"":1,""2.11e+07"":1,""2.13e+07"":1,""313343"":1,""8968750"":1,""946983"":0}"
manifestos_econ_ideology_1952,1120015711,"Labour has led internationally on debt relief, providing 100 per cent relief for countries committed to spending the proceeds on poverty-reduction.",Lab,2001,Right,"{""1.95e+07"":1}"
manifestos_econ_ideology_1953,1110006631,"They should not have to spend large amounts of their time acting as agents for the Government, coping with interminable regulations and filling in endless forms.",LD,2001,Right,"{""1.53e+07"":1,""1.57e+07"":1}"
manifestos_econ_ideology_1954,1170003431,We will immediately scrap fees for final year students.,LD,2010,Left,"{""1.10e+07"":-1,""1.57e+07"":-1,""1.68e+07"":-1}"
manifestos_econ_ideology_1955,1080003981,We will create more community forests near large towns.,LD,1992,Left,"{""1.57e+07"":-1}"
manifestos_econ_ideology_1956,1090003901,"The costs will in most cases be recovered from the deceased's estate, although small estates will be disregarded.",Lab,1992,Left,"{""1.10e+07"":-1,""1.40e+07"":-1,""1.42e+07"":-1,""1.68e+07"":-1,""1.93e+07"":-1}"
manifestos_econ_ideology_1957,1120006341,"20,000 schools are now connected to the internet",Lab,2001,Left,"{""1.30e+07"":-1}"
manifestos_econ_ideology_1958,30000741,We will extend the voluntary Job Release Scheme to men over 60 so that those who want to retire early vacate jobs for those who are currently unemployed.,Lab,1987,Left,"{""1.49e+07"":0,""1.52e+07"":-1,""1.75e+07"":0,""1.98e+07"":-1,""2.07e+07"":-1,""2.08e+07"":-1,""2.09e+07"":-1,""2.13e+07"":-1,""2.14e+07"":-1,""2785872"":-1,""3307853"":-1,""4680678"":-1,""5112203"":-1,""6066983"":-1,""787803"":1,""7918256"":-1,""946983"":-1}"
manifestos_econ_ideology_1959,1160012171,We will legislate in the first session of a new Parliament to lock in this level of spending for every year from 2013.,Con,2010,Right,"{""1.57e+07"":1}"
manifestos_econ_ideology_1960,1140004921,"We will increase grassroots sports funding, and support the UK's 2012 Olympic and Paralympic bid.",LD,2005,Left,"{""1.30e+07"":-1}"
manifestos_econ_ideology_1961,1110005721,"The minimum wage has proved an effective way of protecting workers on low incomes, without causing damage to business.",LD,2001,Left,"{""1.10e+07"":-1,""1.30e+07"":-1,""1.42e+07"":-1,""1.45e+07"":-1,""6355305"":-1}"
manifestos_econ_ideology_1962,1120015791,"This will complement our existing support for the development of basic healthcare systems, and our new tax credits to incentivise research by the drug companies into the diseases of poverty.",Lab,2001,Left,"{""1.42e+07"":-1,""1.57e+07"":-1,""2.03e+07"":-1}"
manifestos_econ_ideology_1963,1110009621,"We will also gradually increase the landfill tax to encourage alternative methods of disposal, backed up by an eventual ban on all but certain types of waste.",LD,2001,Left,"{""1.30e+07"":-1,""1.93e+07"":-1}"
manifestos_econ_ideology_1964,1110011081,Implement the OECD convention on bribery.,LD,2001,Left,"{""1.51e+07"":-1}"
manifestos_econ_ideology_1965,1090002501,"It may well take at least the lifetime of a Parliament to put things right, but Labour will start immediately.",Lab,1992,Left,"{""1.41e+07"":-1,""1.71e+07"":-1,""1.74e+07"":-1,""2.08e+07"":-1}"
manifestos_econ_ideology_1966,1070004011,We will back the regulators of the financial services industry in their efforts to achieve high standards while keeping the rule books down to manageable size.,Con,1992,Right,"{""1.41e+07"":1,""1.52e+07"":1,""1.68e+07"":1,""1.82e+07"":1,""2.03e+07"":1}"
manifestos_econ_ideology_1967,1090004301,"Our new Quality Commission, incorporating the work of the Audit Commission, will ensure councils provide high-quality, value-for-money services, with clear avenues for complaint and redress.",Lab,1992,Left,"{""1.10e+07"":-1,""1.68e+07"":-1}"
manifestos_econ_ideology_1968,1100007311,Time To Deliver. Conservatives have a vision of what our country can be when it is true to its own character.,Con,2001,Right,"{""1.95e+07"":1}"
manifestos_econ_ideology_1969,1100002911,We will stop politicians from interfering in clinical decisions and in the running of hospitals.,Con,2001,Right,"{""1.57e+07"":1,""1.66e+07"":1}"
manifestos_econ_ideology_1970,1070010141,We will make it easier for patients to find out what services are available from the NHS via a new national NHS information service.,Con,1992,Left,"{""1.82e+07"":-1}"
manifestos_econ_ideology_1971,1080002331,We will relaunch the Cooperative Development Agency.,LD,1992,Right,"{""1.51e+07"":1,""1.52e+07"":1,""1.88e+07"":1}"
manifestos_econ_ideology_1972,1070014051,We will convene a new private sector forum to promote London's position internationally.,Con,1992,Right,"{""1.10e+07"":1,""1.51e+07"":1}"
manifestos_econ_ideology_1973,1150009541,"But aid will not be successful without conflict prevention, good governance and zero tolerance of corruption.",Lab,2005,Left,"{""1.10e+07"":-1}"
manifestos_econ_ideology_1974,40001031,Achieving our public expenditure goals will mean we can sustain permanently low tax levels.,Con,1997,Right,"{""1.03e+07"":1,""1.10e+07"":1,""1.14e+07"":1,""1.24e+07"":1,""1.30e+07"":1,""1.40e+07"":1,""1.51e+07"":1,""1.52e+07"":1,""1.57e+07"":1,""1.68e+07"":1,""1.76e+07"":1,""1.82e+07"":1,""1.87e+07"":1,""1.88e+07"":1,""1.93e+07"":1,""1054502"":1,""2.01e+07"":1,""2.19e+07"":1,""2173664"":1,""3307853"":1,""37796"":1,""4680678"":1,""5112203"":1,""5536796"":1,""5768369"":1,""6066983"":1,""6161328"":1,""7395284"":1,""7918256"":1,""7995027"":1,""8893451"":1,""946983"":1,""9703593"":1}"
manifestos_econ_ideology_1975,1080001661,"That means encouraging competition, investing in skills, involving employees in the success of their companies, nurturing small businesses, playing a positive part in the construction of the new European economy and, above all, bringing greater stability to national economic management.",LD,1992,Right,"{""1.10e+07"":1,""1.52e+07"":1,""1.82e+07"":1,""1.88e+07"":1,""1.93e+07"":1}"
manifestos_econ_ideology_1976,1180013081,"Legally binding guarantees for patients including the right to cancer test results within one week of referral, and a maximum 18 weeks' wait for treatment or the offer of going private.",Lab,2010,Right,"{""1.10e+07"":1,""1.57e+07"":1}"
manifestos_econ_ideology_1977,1110005291,We will oppose further increases in weight limits for freight vehicles.,LD,2001,Left,"{""1.30e+07"":-1,""1.40e+07"":-1,""1.42e+07"":-1}"
manifestos_econ_ideology_1978,1110002691,"All those on these courses would be entitled to a student loan to cover maintenance, depending on their income.",LD,2001,Left,"{""1.10e+07"":-1,""1.30e+07"":-1,""1.63e+07"":-1,""6355305"":-1}"
manifestos_econ_ideology_1979,1170000871,The current system exists to block change.,LD,2010,Right,"{""1.65e+07"":1,""2.20e+07"":1}"
manifestos_econ_ideology_1980,1110009121,The main objective of fisheries policy must be to integrate the long-term conservation of the marine environment with the socio-economic interests of local communities.,LD,2001,Left,"{""1.42e+07"":-1}"
manifestos_econ_ideology_1981,1180000021,At the same time the world has been rocked by the first great crisis of the new global economic age.,Lab,2010,Left,"{""1.10e+07"":-1}"
manifestos_econ_ideology_1982,1090003711,The best future for families and communities. Britain's families deserve the support which families receive in other European countries.,Lab,1992,Left,"{""1.45e+07"":-1}"
manifestos_econ_ideology_1983,1110006321,"Guarantee the editorial independence of the BBC, abolishing the government appointed Board of Governors, and requiring OFCOM to recommend a new structure for running the BBC, but requiring financial accountability through the National Audit Office.",LD,2001,Left,"{""1.30e+07"":-1}"
manifestos_econ_ideology_1984,1100005541,We will remove Labour's threat and instead introduce a benefit card which will cut fraud and bring large efficiency gains while continuing to bring business into post offices.,Con,2001,Right,"{""1.63e+07"":1,""1.68e+07"":1,""1.82e+07"":1,""2.01e+07"":1}"
manifestos_econ_ideology_1985,1140007061,"I remember the remarkable record of great towns and counties in the past, and the pride local people felt in them.",LD,2005,Right,"{""1.40e+07"":1}"
manifestos_econ_ideology_1986,10008761,double the funding for Environmentally Sensitive Areas,Con,1987,Left,"{""1.53e+07"":-1,""1.80e+07"":0,""1.81e+07"":-1,""1.86e+07"":-1,""1.98e+07"":-1,""2.09e+07"":1,""2.12e+07"":-1,""2.13e+07"":-1,""2.14e+07"":-1,""313343"":-1,""5112203"":-1,""8968750"":-1,""946983"":-1}"
manifestos_econ_ideology_1987,1100005331,help for struggling tourism and other rural business and firm action to prevent infection entering Britain again.,Con,2001,Right,"{""1.10e+07"":1,""1.95e+07"":1}"
manifestos_econ_ideology_1988,1070006471,We intend to take all these initiatives further and offer parents more choice in the new Parliament.,Con,1992,Left,"{""1.82e+07"":-1}"
manifestos_econ_ideology_1989,1110004451,We will:  Reward motorists who drive less-polluting vehicles by reducing car tax (Vehicle Excise Duty) on more environmentally friendly cars and motorcycles - abolishing it altogether for the greenest vehicles.,LD,2001,Left,"{""1.10e+07"":-1,""1.30e+07"":-1,""6355305"":-1}"
manifestos_econ_ideology_1990,1110004781,"The STA will work to: upgrade safety, access and quality ",LD,2001,Right,"{""6340562"":1}"
manifestos_econ_ideology_1991,1130001231,We will also give extra support for workplace nurseries and provide a new network of clubs for older children.,Con,2005,Left,"{""1.66e+07"":-1}"
manifestos_econ_ideology_1992,1120011381,"Carers. Not only are the large majority of people who require care older, but also the majority of carers are older people.",Lab,2001,Left,"{""1.57e+07"":-1}"
manifestos_econ_ideology_1993,1120010381,one in five children were growing up in households without work,Lab,2001,Left,"{""1.10e+07"":-1,""1.42e+07"":-1,""1.63e+07"":-1,""1.93e+07"":-1}"
manifestos_econ_ideology_1994,1090001511,Labour's tax and benefit changes are self-financing.,Lab,1992,Left,"{""1.10e+07"":-1,""1.41e+07"":-1,""1.52e+07"":-1,""1.93e+07"":-1,""2.01e+07"":-1}"
manifestos_econ_ideology_1995,1090003951,"Abolition of the minimum 20 per cent contribution - which will be of particular help to young people - will be followed by an improved rebate system, with special help to retired people on low incomes living alone.",Lab,1992,Left,"{""1.10e+07"":-1,""1.40e+07"":-1,""1.68e+07"":-1}"
manifestos_econ_ideology_1996,1100003881,"If the EU reduced waste and abandoned ill-considered programmes, it could make significant reductions in the overall size of the European budget.",Con,2001,Right,"{""2.20e+07"":1}"
manifestos_econ_ideology_1997,1160008171,This will be funded from the existing budget of the Government Equalities Office.,Con,2010,Left,"{""1.10e+07"":-1,""1.57e+07"":-1}"
manifestos_econ_ideology_1998,1160009261,"Worse than that, it gives people false comfort that an infallible central state is looking after their best interests.",Con,2010,Right,"{""1.57e+07"":1}"
manifestos_econ_ideology_1999,1170000211,"When it's come to the big decisions - on the banks, on the environment, on the war in Iraq - we are the only party that has called it right, every time.",LD,2010,Right,"{""1.52e+07"":1}"
manifestos_econ_ideology_2000,1090001371,"To achieve these goals, we will reform the national insurance and income tax system.",Lab,1992,Left,"{""1.10e+07"":-1,""1.40e+07"":-1,""1.45e+07"":-1,""1.52e+07"":-1,""1.87e+07"":0}"
manifestos_econ_ideology_2001,20004711,CHILD BENEFIT. We will increase child benefit by £1 per child a week in the first year and by a further £1 per child a week in the second year.,LD,1987,Left,"{""1.04e+07"":-1,""1.10e+07"":-1,""1.11e+07"":1,""1.13e+07"":-1,""1.15e+07"":-1,""1.17e+07"":-1,""1.19e+07"":-1,""1.24e+07"":-1,""1.27e+07"":-1,""1.28e+07"":-1,""1.30e+07"":-1,""1.40e+07"":-1,""1.51e+07"":-1,""1.52e+07"":-1,""1.57e+07"":-1,""1.68e+07"":-1,""1.73e+07"":-1,""1.87e+07"":-1,""2.01e+07"":-1,""2.05e+07"":-1,""2.18e+07"":-1,""2.19e+07"":-1,""2.21e+07"":-1,""2884040"":-1,""313343"":-1,""3307853"":-1,""3559862"":-1,""3773194"":-1,""45694"":-1,""5112203"":-1,""5270743"":-1,""5324079"":1,""5751985"":-1,""5983773"":-1,""6002241"":-1,""6342862"":-1,""6362861"":-1,""6376956"":-1,""7918256"":-1,""7954010"":-1,""8836799"":-1,""8893451"":-1,""8968750"":-1,""946983"":-1,""9775837"":-1}"
manifestos_econ_ideology_2002,1180010851,"So while we are proud of our record of devolving power and reforming the constitution, we believe that further and more radical reform is imperative if we are to renew our democratic public life.",Lab,2010,Right,"{""1.40e+07"":1}"
manifestos_econ_ideology_2003,1170004131,Close loopholes that allow playing fields to be sold or built upon without going through the normal planning procedures.,LD,2010,Right,"{""1.57e+07"":1,""1.84e+07"":1}"
manifestos_econ_ideology_2004,1090000051,March 1992.,Lab,1992,Left,"{""1.68e+07"":-1}"
manifestos_econ_ideology_2005,1130001211,"During the next Parliament, we will ensure that all working families who qualify for the working tax credit will receive up to £50 a week for each child under the age of five, irrespective of the type of childcare they choose.",Con,2005,Left,"{""1.40e+07"":-1,""1.42e+07"":-1,""1.57e+07"":-1,""1.93e+07"":-1,""1.95e+07"":-1}"
manifestos_econ_ideology_2006,1120005911,"We have a ten-year vision for Britain's public services: record improvement to match record investment, so they deliver high standards to all the people, all the time, wherever they live.",Lab,2001,Left,"{""1.10e+07"":-1,""2.03e+07"":-1}"
manifestos_econ_ideology_2007,1080001801,We will encourage the expansion of airports outside the South East.,LD,1992,Left,"{""1.52e+07"":-1}"
manifestos_econ_ideology_2008,1080000201, a mature and inventive people who value tolerance and freedom.,LD,1992,Right,"{""1.57e+07"":1}"
manifestos_econ_ideology_2009,1180007041,more people will be looked after at home,Lab,2010,Left,"{""1.57e+07"":-1,""1.82e+07"":-1}"
manifestos_econ_ideology_2010,1070002951,"When or if other members of the EC move to a monetary union with a single currency, we will take our own unfettered decision on whether to join.",Con,1992,Right,"{""1.51e+07"":1}"
manifestos_econ_ideology_2011,40001661,Any extra burden on business will destroy jobs.,Con,1997,Right,"{""1.10e+07"":-1,""1.30e+07"":1,""1.40e+07"":1,""1.42e+07"":1,""1.47e+07"":1,""1.51e+07"":1,""1.52e+07"":1,""1.53e+07"":1,""1.57e+07"":1,""1.68e+07"":1,""1.93e+07"":1,""1.96e+07"":1,""2.04e+07"":1,""2.05e+07"":1,""2.09e+07"":1,""2.11e+07"":-1,""2.12e+07"":1,""2.16e+07"":1,""2.20e+07"":1,""2785872"":1,""37796"":1,""4652872"":-1,""4680678"":1,""5112203"":1,""5983773"":1,""8836799"":1,""8968750"":1,""9137449"":1,""9289597"":1,""946983"":1,""9666339"":1}"
manifestos_econ_ideology_2012,10004631,Competition. Competition forces the economy to respond to the needs of the consumer.,Con,1987,Right,"{""1.24e+07"":1,""1.49e+07"":1,""1.52e+07"":1,""1.75e+07"":1,""1.81e+07"":1,""1.85e+07"":1,""1.98e+07"":1,""2.01e+07"":1,""2.06e+07"":1,""2.08e+07"":0,""2.11e+07"":1,""2.13e+07"":1,""2.14e+07"":1,""313343"":1,""6341364"":1,""8968750"":1,""946983"":1}"
manifestos_econ_ideology_2013,1160002311,"working with the trade unions, businesses and others to address the growing disparity between public sector pensions and private sector pensions, while protecting accrued rights",Con,2010,Left,"{""1.10e+07"":-1,""1.45e+07"":-1,""1.82e+07"":-1}"
manifestos_econ_ideology_2014,1110009801,Liberal Democrats are determined that Britain should lead this reform.,LD,2001,Right,"{""1.40e+07"":1}"
manifestos_econ_ideology_2015,1070002281,Penal taxes blunted enterprise.,Con,1992,Right,"{""1.40e+07"":1,""1.51e+07"":1,""1.52e+07"":1,""1.57e+07"":1,""1.93e+07"":1}"
manifestos_econ_ideology_2016,60007621,"We opposed that, in favour of a public Post Office providing a comprehensive service.",Lab,1997,Left,"{""1.13e+07"":-1,""1.18e+07"":-1,""1.74e+07"":-1,""1.81e+07"":-1,""2.01e+07"":-1,""2.08e+07"":1,""2.12e+07"":-1,""2.13e+07"":-1,""568434"":-1,""9414315"":-1}"
manifestos_econ_ideology_2017,1160012281,"We will focus more on the poorest, paying particular attention to development within the Commonwealth.",Con,2010,Left,"{""1.10e+07"":-1}"
manifestos_econ_ideology_2018,30000911,We will extend the long-term supplementary benefit rate to the long-term unemployed.,Lab,1987,Left,"{""1.01e+07"":-1,""1.05e+07"":-1,""1.10e+07"":-1,""1.11e+07"":-1,""1.17e+07"":-1,""1.18e+07"":-1,""1.19e+07"":-1,""1.24e+07"":-1,""1.26e+07"":-1,""1.28e+07"":-1,""1.40e+07"":-1,""1.45e+07"":-1,""1.51e+07"":1,""1.52e+07"":-1,""1.53e+07"":-1,""1.57e+07"":-1,""1.61e+07"":0,""1.63e+07"":-1,""1.66e+07"":0,""1.68e+07"":-1,""1.82e+07"":-1,""1.89e+07"":-1,""1.93e+07"":-1,""1054502"":-1,""132058"":-1,""1707404"":-1,""1739"":-1,""2.19e+07"":-1,""2.20e+07"":-1,""2.21e+07"":-1,""2361265"":-1,""2793302"":-1,""2849677"":1,""313343"":-1,""3280015"":-1,""3559862"":-1,""3731467"":-1,""5112203"":-1,""568434"":-1,""5751985"":-1,""6002241"":-1,""6161328"":-1,""6320843"":1,""6376956"":-1,""7918256"":-1,""7954010"":-1,""7995027"":-1,""874567"":1,""8893451"":-1,""8968750"":-1,""917392"":-1,""933218"":-1,""946983"":-1,""9703085"":-1,""9888671"":1,""9958248"":-1}"
manifestos_econ_ideology_2019,1100003541,Knowing who we are. A world leader. Common sense means valuing what makes us distinctive as a nation.,Con,2001,Right,"{""1.57e+07"":1}"
manifestos_econ_ideology_2020,1180004471,"While the number of low-performing schools has decreased dramatically, we cannot tolerate any coasting or persistently poor schools.",Lab,2010,Left,"{""1.10e+07"":-1}"
manifestos_econ_ideology_2021,60007671,The total failure of the Conservatives to manage the BSE crisis effectively and to secure any raising of the ban on British beef has wreaked havoc on the beef and dairy industries.,Lab,1997,Left,"{""1.24e+07"":-1,""1.52e+07"":1,""1.53e+07"":-1,""1.75e+07"":-1,""1.87e+07"":-1,""2.07e+07"":-1,""2.10e+07"":-1,""2.11e+07"":-1,""2.13e+07"":-1,""2.14e+07"":0,""568434"":-1,""6002241"":-1,""6066983"":-1,""8836799"":1}"
manifestos_econ_ideology_2022,1120004211,"Park and ride schemes are increasing, and over 100 towns now have bus services linked to train stations, with cut-price fares.",Lab,2001,Left,"{""1.10e+07"":-1}"
manifestos_econ_ideology_2023,1160009861,"Instead of using rules and regulations to impose a centralised worldview, we will go with the grain of human nature, creating new incentives and market signals which reward people for doing the right thing.",Con,2010,Right,"{""1.57e+07"":1}"
manifestos_econ_ideology_2024,1150010861,The new Labour case. Widening access to power is as important as widening access to wealth and opportunity.,Lab,2005,Left,"{""1.82e+07"":-1}"
manifestos_econ_ideology_2025,1070010991,"Today we spend some £12,000 million a year on benefits for long-term sick and disabled people.",Con,1992,Left,"{""1.40e+07"":-1,""1.57e+07"":-1,""1.82e+07"":-1,""1.93e+07"":-1}"
manifestos_econ_ideology_2026,10003691,For the next Parliament: Our aim is to ensure that public expenditure takes a steadily smaller share of our national income.,Con,1987,Right,"{""1.01e+07"":1,""1.18e+07"":1,""1.20e+07"":1,""1.24e+07"":1,""1.45e+07"":1,""1.58e+07"":1,""1.81e+07"":1,""1.88e+07"":1,""2.01e+07"":1,""2.10e+07"":1,""2.12e+07"":1,""2.13e+07"":1,""313343"":1,""3559862"":1,""5112203"":-1,""946983"":1}"
manifestos_econ_ideology_2027,1150011011,Widening access to power is as important as widening access to wealth and opportunity.,Lab,2005,Right,"{""1.40e+07"":1,""1.57e+07"":1}"
manifestos_econ_ideology_2028,1120000161,"If you would like to find out more about our policies, join the Labour Party or make a donation to Labour's election fund, please call 08705 900 200 or visit our website at www.labour.org.uk.",Lab,2001,Left,"{""1.10e+07"":-1,""1.51e+07"":-1}"
manifestos_econ_ideology_2029,1150007081,2005: Minimum income for pensioners of £109 per week.,Lab,2005,Left,"{""1.40e+07"":-1,""1.52e+07"":-1,""1.57e+07"":-1,""1.68e+07"":-1,""1.93e+07"":-1}"
manifestos_econ_ideology_2030,1090000921,10. We will extend the exemption from tax which applies to workplace nurseries to all forms of employer assistance with childcare.,Lab,1992,Left,"{""1.10e+07"":-1,""1.52e+07"":-1,""1.66e+07"":-1,""1.68e+07"":-1}"
manifestos_econ_ideology_2031,1090000791,We will also establish a work programme combining three days a week work for the unemployed - paid at the proper rate - with two days' training and job seeking.,Lab,1992,Left,"{""1.10e+07"":-1,""1.52e+07"":-1,""1.53e+07"":-1,""1.68e+07"":-1,""1.86e+07"":-1,""1.95e+07"":0,""2.02e+07"":-1,""2.08e+07"":1,""2.09e+07"":-1,""2.13e+07"":-1}"
manifestos_econ_ideology_2032,40000241,That means a constant fight to keep tight control over public spending and enable Britain to remain the lowest taxed major economy in Europe.,Con,1997,Right,"{""1.45e+07"":0,""1.52e+07"":1,""1.53e+07"":1,""1.58e+07"":1,""1.75e+07"":1,""1.85e+07"":1,""1.86e+07"":1,""1.89e+07"":1,""1.98e+07"":1,""2.00e+07"":1,""2.01e+07"":1,""2.07e+07"":-1,""2.13e+07"":1,""4680678"":1,""5112203"":1,""8382218"":1,""8968750"":1,""946983"":1,""9703593"":1}"
manifestos_econ_ideology_2033,40002521,They know better than politicians how to spend it.,Con,1997,Right,"{""1.87e+07"":1,""1.98e+07"":1,""2.01e+07"":1,""2.10e+07"":1,""2.11e+07"":1,""2.12e+07"":1,""2.13e+07"":1,""4680678"":1,""7954010"":0,""8273320"":0,""8968750"":1}"
manifestos_econ_ideology_2034,1120016441,"This election will decide whether we continue the policies that have brought us economic stability, steady growth, investment in public services and targeted tax cuts for children and families, or whether we lurch back to boom and bust.",Lab,2001,Left,"{""1.40e+07"":-1,""1.42e+07"":-1,""1.51e+07"":-1}"
manifestos_econ_ideology_2035,1140007491,"We believe that people in those parts of the UK, rather than the government in London, should take the decisions on issues that affect them directly.",LD,2005,Right,"{""1.40e+07"":1}"
manifestos_econ_ideology_2036,1120005471,"There should be high standards of safety - regulation must be strict, to protect the environment and promote public health and consumer choice - but we must use science to establish the facts, the opportunities and the risks before taking final decisions in an open way.",Lab,2001,Left,"{""1.10e+07"":-1,""2.03e+07"":-1}"
manifestos_econ_ideology_2037,1150006131,With equal access to all and no charges for operations.,Lab,2005,Left,"{""1.57e+07"":-1,""5013710"":-1}"
manifestos_econ_ideology_2038,10003311,"It encourages people to work harder, to be inventive and to take risks.",Con,1987,Right,"{""1.24e+07"":1,""1.45e+07"":1,""1.52e+07"":1,""1.81e+07"":1,""1.85e+07"":1,""2.00e+07"":1,""2.10e+07"":1,""2.11e+07"":1,""2.13e+07"":1,""313343"":1,""5112203"":1,""8968750"":1}"
manifestos_econ_ideology_2039,1180004081,"Excellence in education: every child the chance to fulfil their potential. The challenge for Britain. To raise standards, promote excellence and narrow achievement gaps by giving the best school leaders and federations more schools to run, and by giving parents new rights and clear guarantees of high-quality teaching and support for every pupil — underpinned by increased spending.",Lab,2010,Left,"{""1.57e+07"":-1}"
manifestos_econ_ideology_2040,1110006551,The Conservatives have always posed as the champions of enterprise.,LD,2001,Right,"{""1.10e+07"":1,""1.30e+07"":1,""1.95e+07"":1}"
manifestos_econ_ideology_2041,1070014451,Many fishermen have done well in recent years but they now face great pressure on the fish stocks.,Con,1992,Right,"{""1.52e+07"":1}"
manifestos_econ_ideology_2042,1160010811,Use natural resources responsibly. We will introduce a Responsibility Deal on waste - a voluntary arrangement among producers to cut back on the production of waste and improve its disposal - as we move towards our goal of a zero-waste society.,Con,2010,Right,"{""1.84e+07"":1}"
manifestos_econ_ideology_2043,1180008411,"Creative Britain: active and flourishing communities. To build on the renaissance that British sport, culture and the arts have enjoyed in the last decade in the new climate of financial restraint.",Lab,2010,Left,"{""1.10e+07"":-1}"
manifestos_econ_ideology_2044,1160008241,"Once again, it undermines public trust in the political process.",Con,2010,Right,"{""1.42e+07"":1,""1.52e+07"":1}"
manifestos_econ_ideology_2045,1170000201,Liberal Democrats are different.,LD,2010,Left,"{""1.82e+07"":-1}"
manifestos_econ_ideology_2046,1090006431,The Labour government will aim to meet the United Nations aid target of 0.7 per cent of GNP within five years - the lifetime of a full Parliament.,Lab,1992,Left,"{""1.96e+07"":-1}"
manifestos_econ_ideology_2047,1130000621,Britain cannot continue indefinitely to spend more than she is earning without higher taxes or higher interest rates - either of which will harm our economic prospects.,Con,2005,Right,"{""1.30e+07"":1,""1.51e+07"":1,""1.57e+07"":1,""1.95e+07"":1,""2.00e+07"":1}"
manifestos_econ_ideology_2048,1110001211,Labour have not addressed these questions adequately.,LD,2001,Right,"{""1.10e+07"":1}"
manifestos_econ_ideology_2049,1150010581,Our Lottery Bill will give a duty and a power to every Lottery distributor to involve the public more radically in decision-making at every level.,Lab,2005,Left,"{""1.30e+07"":-1}"
manifestos_econ_ideology_2050,1070015221,"We therefore propose to introduce a National Lottery from 1994, which would help provide funds for a number of good causes in the artistic, sporting, heritage and charitable fields - and from which some funds would be put aside for a Millennium Fund.",Con,1992,Left,"{""1.10e+07"":-1}"
manifestos_econ_ideology_2051,1080001501,Older people deserve greater security.,LD,1992,Left,"{""1.10e+07"":-1,""1.41e+07"":-1,""1.52e+07"":-1,""1.68e+07"":-1}"
manifestos_econ_ideology_2052,60010401,The tragedy of the Conservative years has been the squandering of Britain's assets and the loss of Britain's influence.,Lab,1997,Left,"{""1.43e+07"":1,""1.59e+07"":-1,""1.74e+07"":-1,""2.06e+07"":-1,""2.10e+07"":-1,""2.12e+07"":-1}"
manifestos_econ_ideology_2053,1120013541,and to offer incentives for service improvement and innovation.,Lab,2001,Left,"{""2.15e+07"":-1}"
manifestos_econ_ideology_2054,1140003551,"The business people I meet don't want subsidies, they just want government off their backs.",LD,2005,Right,"{""1.40e+07"":1,""1.52e+07"":1,""1.57e+07"":1,""1.63e+07"":1}"
manifestos_econ_ideology_2055,1080006071,Our new tax rates will be as follows: About 80% of tax payers will pay 26% income tax plus 9% from National Insurance (a combined rate of 35%).,LD,1992,Left,"{""1.10e+07"":-1,""1.41e+07"":-1,""1.42e+07"":-1,""1.52e+07"":-1,""1.57e+07"":-1}"
manifestos_econ_ideology_2056,1070012281,A significant number of companies have already said that they want to introduce new railway services as soon as the monopoly is ended.,Con,1992,Right,"{""1.40e+07"":1,""1.51e+07"":1,""1.57e+07"":1,""1.68e+07"":1,""1.93e+07"":1}"
manifestos_econ_ideology_2057,10009701,We will continue to work for strict controls on the Community Budget.,Con,1987,Right,"{""1.24e+07"":1,""1.45e+07"":1,""1.87e+07"":1,""1.88e+07"":1,""1.98e+07"":1,""2.06e+07"":-1,""2.08e+07"":1,""2.09e+07"":-1,""2.10e+07"":1,""2.11e+07"":1,""2.12e+07"":1,""2.13e+07"":1,""313343"":1,""5112203"":1,""8968750"":1,""946983"":1}"
manifestos_econ_ideology_2058,1070000241,I do not believe the answer to every problem is simply for government to dig deeper in your pocket.,Con,1992,Right,"{""1.30e+07"":1,""1.53e+07"":1,""1.82e+07"":-1,""1.86e+07"":1,""1.93e+07"":1,""2.09e+07"":1,""2.10e+07"":1,""2.13e+07"":1}"
manifestos_econ_ideology_2059,1140001681,I want them to be able to choose high-quality apprenticeships and skill training - not as a second-best option but ranked alongside traditional academic pathways.,LD,2005,Right,"{""1.42e+07"":1}"
manifestos_econ_ideology_2060,1180010771,"Cleaning up politics. We acted swiftly to clean up politics by creating an Independent Parliamentary Standards Authority (IPSA) to set pay and pensions for MPs, as well as their allowances.",Lab,2010,Left,"{""1.10e+07"":-1}"
manifestos_econ_ideology_2061,10005071,We are also privatising the former British Airports Authority the world's leading international airports group.,Con,1987,Right,"{""1.03e+07"":1,""1.10e+07"":1,""1.11e+07"":-1,""1.14e+07"":-1,""1.22e+07"":1,""1.23e+07"":1,""1.24e+07"":1,""1.25e+07"":1,""1.26e+07"":1,""1.27e+07"":1,""1.28e+07"":1,""1.40e+07"":1,""1.45e+07"":1,""1.48e+07"":0,""1.51e+07"":1,""1.52e+07"":1,""1.53e+07"":1,""1.56e+07"":1,""1.57e+07"":1,""1.68e+07"":1,""1.80e+07"":1,""1.81e+07"":1,""1.85e+07"":1,""1.87e+07"":1,""1.93e+07"":1,""1.98e+07"":1,""1131056"":1,""2.00e+07"":1,""2.01e+07"":1,""2.04e+07"":-1,""2.10e+07"":1,""2.11e+07"":1,""2.12e+07"":-1,""2.13e+07"":1,""2.14e+07"":1,""2.20e+07"":1,""2092631"":1,""2361265"":1,""2647839"":1,""313343"":1,""3559862"":1,""37796"":1,""4342571"":1,""4652872"":-1,""4661297"":1,""5112203"":1,""5751985"":0,""6211982"":1,""6341364"":1,""6355305"":1,""6394076"":1,""6734899"":0,""7954010"":1,""8382218"":1,""8594212"":1,""8836799"":1,""8893451"":1,""8968750"":1,""946983"":1,""9818159"":1,""9888671"":1}"
manifestos_econ_ideology_2062,1080002461,"They will be usable to pay for child care in a range of places - workplace, local authority or private nurseries, play groups or by individual qualified carers.",LD,1992,Left,"{""1.41e+07"":-1,""1.52e+07"":-1,""1.68e+07"":-1}"
manifestos_econ_ideology_2063,1140002071,"We are committed to closing the funding gap between schools and colleges, starting by providing equal funding for equivalent courses, wherever they are taught.",LD,2005,Left,"{""1.30e+07"":-1,""1.42e+07"":-1}"
manifestos_econ_ideology_2064,10001411,We must attract new private investment into rented housing - both from large institutions such as building societies and housing associations as well as from small private landlords.,Con,1987,Right,"{""1.08e+07"":1,""1.10e+07"":1,""1.13e+07"":-1,""1.19e+07"":1,""1.25e+07"":1,""1.27e+07"":0,""1.30e+07"":1,""1.33e+07"":1,""1.40e+07"":1,""1.42e+07"":1,""1.45e+07"":1,""1.51e+07"":-1,""1.52e+07"":1,""1.53e+07"":1,""1.57e+07"":1,""1.59e+07"":1,""1.62e+07"":1,""1.63e+07"":1,""1.64e+07"":1,""1.68e+07"":1,""1.73e+07"":1,""1.81e+07"":1,""1.84e+07"":-1,""1.93e+07"":-1,""1.95e+07"":1,""1.96e+07"":1,""1.98e+07"":1,""1707404"":0,""2.00e+07"":1,""2.01e+07"":1,""2.03e+07"":1,""2.04e+07"":1,""2.05e+07"":1,""2.06e+07"":1,""2.07e+07"":1,""2.08e+07"":1,""2.09e+07"":1,""2.10e+07"":1,""2.11e+07"":1,""2.12e+07"":-1,""2.13e+07"":1,""2.14e+07"":1,""2056455"":1,""2361265"":1,""2849677"":1,""3280015"":1,""5372456"":-1,""6340793"":1,""6430428"":1,""6591328"":1,""7918256"":1,""7954010"":1,""7995027"":1,""933218"":1,""9703593"":-1}"
manifestos_econ_ideology_2065,40002691,16 million are gaining shares in their building societies thanks to our deregulation of them.,Con,1997,Right,"{""1.45e+07"":1,""1.49e+07"":1,""1.52e+07"":1,""1.98e+07"":1,""2.07e+07"":1,""2.08e+07"":1,""2.11e+07"":1,""2.13e+07"":1,""4680678"":1,""5280406"":1,""7954010"":1,""8382218"":1,""8968750"":1}"
manifestos_econ_ideology_2066,1100005761,We will give local councils power to declare extra areas of local Green Belt.,Con,2001,Left,"{""1.82e+07"":-1}"
manifestos_econ_ideology_2067,1110005461,Many elderly people are too proud to claim money which is due to them.,LD,2001,Left,"{""1.10e+07"":-1,""1.30e+07"":-1,""1.40e+07"":-1,""1.82e+07"":-1,""2.03e+07"":-1}"
manifestos_econ_ideology_2068,1120007781,So over time we will bring UK health spending up to the EU average.,Lab,2001,Left,"{""1.10e+07"":-1,""1.30e+07"":-1,""1.53e+07"":-1}"
manifestos_econ_ideology_2069,1180004651,"The statementing process will be improved to give more support to parents, and the supply of teachers with the specialist skills needed to teach pupils with severe learning disabilities in special schools will be increased.",Lab,2010,Left,"{""1.10e+07"":-1}"
manifestos_econ_ideology_2070,1180004581,We reject a return to the 11-plus or a free-for-all admission system.,Lab,2010,Left,"{""1.10e+07"":-1}"
manifestos_econ_ideology_2071,1180000351,"Today, with family-friendly working and better childcare it has at last begun to do so.",Lab,2010,Left,"{""1.16e+07"":-1}"
manifestos_econ_ideology_2072,1130000531,It provides higher living standards so that people can look to the future with optimism.,Con,2005,Right,"{""1.30e+07"":1,""1.63e+07"":1,""1.82e+07"":1,""1.88e+07"":1}"
manifestos_econ_ideology_2073,1170001561,This group would agree the timeframe and scale of a deficit reduction plan to set the framework (not the detail) for the CSR and seek to promote it externally and domestically.,LD,2010,Right,"{""1.57e+07"":1,""1.68e+07"":1}"
manifestos_econ_ideology_2074,1140005731,"Second, we believe that we all benefit from achievement of sustainable development in the poorest countries in the world.",LD,2005,Left,"{""1.42e+07"":-1}"
manifestos_econ_ideology_2075,1090000061,"Foreword by the Rt. Hon. Neil Kinnock. Leader of the Labour Party. This general election is a choice between a Conservative government paralysed by recession, and a Labour government determined to get on with building recovery.",Lab,1992,Left,"{""1.10e+07"":-1,""1.68e+07"":-1}"
manifestos_econ_ideology_2076,1090001911,Labour will create modern export services for the nation and the regions.,Lab,1992,Left,"{""1.10e+07"":-1,""2.03e+07"":-1}"
manifestos_econ_ideology_2077,1070004071,In 1984 we privatised British Telecom but only Mercury was given a licence to carry services over fixed links.,Con,1992,Right,"{""1.52e+07"":1,""1.57e+07"":1,""1.66e+07"":1,""1.68e+07"":1,""9289597"":1}"
manifestos_econ_ideology_2078,1150002841,We have reformed the Common Fisheries Policy and will continue to protect the marine environment and ensure fish stocks and their exploitation are set at sustainable levels.,Lab,2005,Left,"{""1.51e+07"":-1}"
manifestos_econ_ideology_2079,40011011,But fundamental changes which have not been fully thought through - such as opposition proposals on the House of Lords - would be extremely damaging.,Con,1997,Right,"{""1.36e+07"":1}"
manifestos_econ_ideology_2080,1070004321,"We will ensure that competitive tendering is extended to white collar local authority services, such as those offered by lawyers, accountants, architects and surveyors.",Con,1992,Right,"{""1.10e+07"":1,""1.41e+07"":1,""1.52e+07"":1,""1.68e+07"":1}"
manifestos_econ_ideology_2081,1120003711,"We will put all government services on-line by 2005, to improve access to services and spur business on-line.",Lab,2001,Right,"{""1.68e+07"":1}"
manifestos_econ_ideology_2082,1100002071,"Businesses they wouldn't dream of nationalising, they regulate.",Con,2001,Right,"{""1.10e+07"":1,""1.40e+07"":1,""1.51e+07"":1,""1.57e+07"":1,""1.68e+07"":1}"
manifestos_econ_ideology_2083,1180005001,"Learning from the best systems around the world, we will improve foster and residential care.",Lab,2010,Left,"{""1.45e+07"":-1}"
manifestos_econ_ideology_2084,1150002821,We will work to tackle diffuse water pollution through addressing impacts across water catchments without the costs falling on water customers.,Lab,2005,Left,"{""1.51e+07"":-1}"
manifestos_econ_ideology_2085,1150003271,"There will be a dedicated national schools budget set by central government, with a guaranteed per pupil increase for every school.",Lab,2005,Right,"{""1.51e+07"":1}"
manifestos_econ_ideology_2086,1160010681,We will negotiate for further reform of the Common Agricultural Policy (CAP) to deliver greater value for money while supporting the sustainability of British farming.,Con,2010,Right,"{""1.52e+07"":1}"
manifestos_econ_ideology_2087,50005241,"We will extend the Carer's Benefit, as resources allow, to those over retirement age and work to improve advice, information, training and counselling for carers.",LD,1997,Left,"{""1.58e+07"":-1,""2.00e+07"":0,""2.06e+07"":-1,""2.10e+07"":-1,""2.13e+07"":-1,""2.14e+07"":0,""5112203"":-1,""5983773"":-1,""6591328"":-1,""8273320"":-1,""8450718"":-1,""8968750"":0,""946983"":-1}"
manifestos_econ_ideology_2088,1180007211,"This will mean more NHS services available in the home, with greater use of tele-care and personal nursing",Lab,2010,Left,"{""1.57e+07"":-1}"
manifestos_econ_ideology_2089,1120001391,"We work with the private sector, drawing on its vitality.",Lab,2001,Right,"{""1.10e+07"":1,""1.30e+07"":1,""1.63e+07"":1,""1.88e+07"":1}"
manifestos_econ_ideology_2090,1140002961,"Second, I will insist on tough choices on public spending, cutting out low priorities in order to spend more on what matters most.",LD,2005,Right,"{""1.40e+07"":1,""1.52e+07"":1,""1.57e+07"":1,""1.63e+07"":1,""1.88e+07"":1}"
manifestos_econ_ideology_2091,1070005751,We believe that further benefits to consumers would flow from additional competition.,Con,1992,Right,"{""1.51e+07"":1,""1.63e+07"":1,""2.05e+07"":1}"
manifestos_econ_ideology_2092,1110007231,We will encourage Combined Heat and Power schemes to reduce the energy wasted in power generation.,LD,2001,Left,"{""1.30e+07"":-1,""1.42e+07"":-1}"
manifestos_econ_ideology_2093,1170007221,Crack down on waste from the water companies and introduce compulsory smart meters in areas of shortage.,LD,2010,Left,"{""1.82e+07"":-1}"
manifestos_econ_ideology_2094,1090004491,A concessionary fee will be introduced for all pensioners.,Lab,1992,Left,"{""1.10e+07"":-1,""1.41e+07"":-1,""1.52e+07"":-1,""1.68e+07"":-1,""1.93e+07"":-1}"
manifestos_econ_ideology_2095,1150002451,We are committed to using the UK's 2005 presidency of the European Union to promote the inclusion of aviation in the EU's emissions trading scheme.,Lab,2005,Left,"{""1.63e+07"":-1}"
manifestos_econ_ideology_2096,1100001741,We will cut taxes on people and businesses and cut government interference and regulation in order to match the competition in the global marketplace.,Con,2001,Right,"{""1.10e+07"":1,""1.40e+07"":1,""1.41e+07"":1,""1.57e+07"":1,""1.93e+07"":1}"
manifestos_econ_ideology_2097,1100006851,"But real communities are being weakened by too much government from Whitehall, and by the imposition of artificial new layers of government with which people don't identify.",Con,2001,Right,"{""1.57e+07"":1}"
manifestos_econ_ideology_2098,1180001491,"In these countries the role of government is not to stand aside, but to nurture private-sector dynamism, properly supporting infrastructure and the sectors of the future.",Lab,2010,Right,"{""1.40e+07"":1,""1.57e+07"":1}"
manifestos_econ_ideology_2099,1100000581,We will reform the Working Families Tax Credit so it is once more paid as a benefit direct to the caring parent.,Con,2001,Left,"{""1.10e+07"":-1,""1.41e+07"":-1,""1.82e+07"":-1,""1.93e+07"":-1}"
manifestos_econ_ideology_2100,1140005081,Planning for sustainability.,LD,2005,Left,"{""1.63e+07"":-1}"
manifestos_econ_ideology_2101,20004901,"Pensioners', Single Person's and Wife's Earned Income Allowances will continue to be uprated with inflation.",LD,1987,Left,"{""1.05e+07"":-1,""1.52e+07"":-1,""1.81e+07"":-1,""2.01e+07"":-1,""2.05e+07"":-1,""2.06e+07"":1,""2.10e+07"":-1,""2.11e+07"":-1,""2.12e+07"":1,""2.13e+07"":-1,""714020"":-1,""8968750"":-1}"
manifestos_econ_ideology_2102,1070007751,"In addition, we have relieved employees from paying income tax on the benefit of workplace nurseries.",Con,1992,Right,"{""1.10e+07"":-1,""1.52e+07"":1,""1.53e+07"":1,""1.87e+07"":1,""1.93e+07"":1,""2.05e+07"":1}"
manifestos_econ_ideology_2103,1120009091,We will ensure a fairer deal for them.,Lab,2001,Left,"{""1.40e+07"":-1,""1.63e+07"":-1}"
manifestos_econ_ideology_2104,1070016551,"A separate Manifesto, in both English and Welsh, sets out our full programme for building on these achievements for Wales.",Con,1992,Right,"{""1.53e+07"":1}"
manifestos_econ_ideology_2105,1110006521,Promote innovation and training in new technology.   ,LD,2001,Left,"{""1.10e+07"":-1,""1.30e+07"":-1}"
manifestos_econ_ideology_2106,1090001991,We will encourage enhanced recovery of oil from the North Sea and avoid becoming too dependent in on imported fuel.,Lab,1992,Left,"{""1.42e+07"":-1,""1.51e+07"":-1}"
manifestos_econ_ideology_2107,1070003971,We will continue to help them by simplifying rules and regulations on business and through the DTI Enterprise Initiative and a range of other schemes.,Con,1992,Right,"{""1.41e+07"":1,""1.51e+07"":1,""1.52e+07"":1,""1.57e+07"":1,""1.68e+07"":1,""1.96e+07"":1,""2.05e+07"":1,""2.08e+07"":1,""5993386"":1,""7918256"":0}"
manifestos_econ_ideology_2108,1070005931,This will make it easier to raise quality and efficiency in government and see that contracting-out and market-testing are energetically pursued.,Con,1992,Right,"{""1.51e+07"":0,""1.57e+07"":1,""1.74e+07"":1,""1.86e+07"":1,""1.98e+07"":1,""2.01e+07"":1,""2.08e+07"":1,""2.09e+07"":1,""2.12e+07"":1,""5647650"":1,""9289597"":1}"
manifestos_econ_ideology_2109,1110002081,"Widening Choice, Cutting Bureaucracy. Under the Conservatives and Labour, schools have been deluged with bureaucracy absorbing far too much of teachers' time to the detriment of their pupils.",LD,2001,Right,"{""1.95e+07"":1}"
manifestos_econ_ideology_2110,1110001041,"The Westminster Government ignored this key finding, though Liberal Democrats in Scotland are using their influence in the Scottish Executive to implement it.",LD,2001,Left,"{""1.10e+07"":-1}"
manifestos_econ_ideology_2111,1070004291,"We will require all government departments to report annually on their plans for market-testing, and progress in achieving it, in their own services and in those of their associated agencies.",Con,1992,Right,"{""1.13e+07"":1,""1.57e+07"":1}"
manifestos_econ_ideology_2112,1070012741,Privatising the remaining 39 local authority bus companies.,Con,1992,Right,"{""1.10e+07"":1,""1.41e+07"":1,""1.52e+07"":1,""1.68e+07"":1,""1.93e+07"":1}"
manifestos_econ_ideology_2113,1170002021,This programme will be a first step towards our target for a zero-carbon Britain by 2050.,LD,2010,Left,"{""2.20e+07"":-1}"
manifestos_econ_ideology_2114,1140003961,In my experience this combination is unique to the Liberal Democrats.,LD,2005,Right,"{""1.88e+07"":1}"
manifestos_econ_ideology_2115,1100001991,We will create a National Accounts Commission to set standards of transparency for the public accounts and stop politicians from meddling with them for their own ends.,Con,2001,Left,"{""1.68e+07"":-1}"
manifestos_econ_ideology_2116,1160001621,"This will not be easy, but we can overcome our problems if we all pull together.",Con,2010,Left,"{""1.10e+07"":-1}"
manifestos_econ_ideology_2117,1110002401,This would fund courses and extra supply teachers to cover for those undertaking training.,LD,2001,Left,"{""1.57e+07"":-1}"
manifestos_econ_ideology_2118,1180004761,"Together, these schemes will thoroughly test the case for universal free school meals, with the results available by autumn 2011.",Lab,2010,Left,"{""1.40e+07"":-1}"
manifestos_econ_ideology_2119,10009721,We will campaign for the opening of the market in financial and other services and the extension of cheaper air fares in Europe.,Con,1987,Right,"{""1.24e+07"":1,""1.45e+07"":1,""1.81e+07"":1,""1.85e+07"":1,""1.93e+07"":1,""1.98e+07"":1,""2.00e+07"":1,""2.06e+07"":1,""2.12e+07"":1,""2.13e+07"":1,""2.14e+07"":1,""313343"":1,""3559862"":-1,""5112203"":1,""946983"":0}"
manifestos_econ_ideology_2120,1080002061,We will permit access by private operators to the British Rail track network.,LD,1992,Right,"{""1.10e+07"":1,""1.52e+07"":1,""1.57e+07"":1,""6340562"":1}"
manifestos_econ_ideology_2121,1180007191,"The Commission will make recommendations in time for implementation of the third stage of reform after 2015, once these proposals have been put to the public at a general election.",Lab,2010,Left,"{""1.57e+07"":-1}"
manifestos_econ_ideology_2122,1160004151,Build a greener economy. We will reduce UK greenhouse gas emissions and increase our share of global markets for low carbon technologies.,Con,2010,Left,"{""1.10e+07"":-1}"
manifestos_econ_ideology_2123,1100006531,Conservatives recognise the role of the arts in developing the creative skills which are essential to Britain's future prosperity.,Con,2001,Right,"{""1.42e+07"":1}"
manifestos_econ_ideology_2124,1150006631,We will undertake a fundamental review of the scope and resourcing of NHS dentistry.,Lab,2005,Left,"{""1.82e+07"":-1}"
manifestos_econ_ideology_2125,1080006281,We will restore funding for public libraries to 1980 levels.,LD,1992,Left,"{""1.10e+07"":-1,""1.16e+07"":-1,""1.52e+07"":-1,""1.88e+07"":-1}"
manifestos_econ_ideology_2126,20002751,We will ensure that all public authorities and private contractors are equal opportunity employers and we will promote changes to enable those with domestic responsibilities to secure access to employment.,LD,1987,Left,"{""1.18e+07"":-1,""1.24e+07"":-1,""1.81e+07"":-1,""1.83e+07"":-1,""1.98e+07"":-1,""2.06e+07"":-1,""2.10e+07"":-1,""2.11e+07"":0,""2.12e+07"":-1,""2.13e+07"":-1,""313343"":-1,""3559862"":-1,""946983"":-1}"
manifestos_econ_ideology_2127,1070014001,A single Minister will be given responsibility for co-ordinating London's transport services.,Con,1992,Left,"{""1.47e+07"":-1}"
manifestos_econ_ideology_2128,1180001771,abolishing unnecessary arms-length-bodies,Lab,2010,Right,"{""1.63e+07"":1,""1.72e+07"":1}"
manifestos_econ_ideology_2129,1180011551,"So we will build on our network of UK Online centres and public libraries to spread free internet access points within the community, and develop new incentives for users to switch to online services.",Lab,2010,Right,"{""1.52e+07"":1,""1.57e+07"":1}"
manifestos_econ_ideology_2130,1180010551,Rural communities face unique challenges.,Lab,2010,Left,"{""1.10e+07"":-1,""1.63e+07"":-1}"
manifestos_econ_ideology_2131,1070012781,Changing the system under which motorway service areas are provided.,Con,1992,Right,"{""1.53e+07"":1,""1.57e+07"":1,""1.95e+07"":1}"
manifestos_econ_ideology_2132,60000601,I have no time for the politics of envy.,Lab,1997,Right,"{""1.74e+07"":1,""1.93e+07"":1,""2.09e+07"":1}"
manifestos_econ_ideology_2133,40002121,"Thanks to Conservative policies of liberalisation and privatisation we are strong in industries of the future such as telecommunications, financial services, and information technology.",Con,1997,Right,"{""1.24e+07"":1,""1.42e+07"":1,""1.51e+07"":1,""1.52e+07"":1,""1.54e+07"":1,""1.83e+07"":0,""2.01e+07"":1,""2.04e+07"":1,""2.08e+07"":0,""2.11e+07"":1,""2.12e+07"":0,""5280406"":1,""7918256"":1,""7954010"":1,""8968750"":1}"
manifestos_econ_ideology_2134,10003431,"If Labour's tax regime were still in force, the family man on average earnings would today be paying more than £500 per year in extra income tax: a headmaster married to a nurse would be paying more than £1,300 extra",Con,1987,Right,"{""1.24e+07"":1,""1.49e+07"":1,""1.53e+07"":1,""1.75e+07"":1,""1.80e+07"":1,""1.86e+07"":1,""2.01e+07"":1,""2.04e+07"":1,""2.06e+07"":1,""2.07e+07"":1,""2.10e+07"":1,""2.12e+07"":1,""2.13e+07"":1,""2.14e+07"":-1,""313343"":-1,""5112203"":1,""8893451"":0,""946983"":1}"
manifestos_econ_ideology_2135,1100000411,"Despite all the evidence that marriage provides the best environment for bringing up children, married couples do not fit into Labour's politically correct agenda.",Con,2001,Right,"{""1.93e+07"":1,""1.95e+07"":1}"
manifestos_econ_ideology_2136,1090001031,Labour's programme for national recovery will this year help bring Britain out of recession.,Lab,1992,Left,"{""1.10e+07"":-1,""1.42e+07"":-1,""1.52e+07"":-1,""1.68e+07"":-1,""2.03e+07"":-1}"
manifestos_econ_ideology_2137,1080003421,Since 1989 nearly a million summonses have been issued to people who could not pay their water bills.,LD,1992,Left,"{""1.10e+07"":-1,""1.52e+07"":-1,""1.57e+07"":-1,""1.76e+07"":-1,""1.82e+07"":-1}"
manifestos_econ_ideology_2138,1110006741,Invest in a knowledge-based economy through research.,LD,2001,Left,"{""1.10e+07"":-1,""1.82e+07"":-1}"
manifestos_econ_ideology_2139,1110001441,Green Action. Healthy Homes. We will improve health by requiring an energy efficiency audit to be completed on all homes before sale to promote high energy efficiency standards throughout the housing market.,LD,2001,Left,"{""1.53e+07"":-1,""2.17e+07"":-1,""2.20e+07"":-1}"
manifestos_econ_ideology_2140,10000941,But what this Conservative Government has done is to make it easier for people to acquire independence for themselves: by introducing the right to buy council houses,Con,1987,Right,"{""1.09e+07"":1,""1.10e+07"":1,""1.13e+07"":1,""1.15e+07"":1,""1.18e+07"":1,""1.24e+07"":1,""1.30e+07"":1,""1.36e+07"":1,""1.40e+07"":-1,""1.42e+07"":1,""1.52e+07"":1,""1.53e+07"":1,""1.54e+07"":1,""1.57e+07"":-1,""1.58e+07"":1,""1.59e+07"":1,""1.60e+07"":1,""1.63e+07"":1,""1.68e+07"":1,""1.71e+07"":1,""1.73e+07"":1,""1.74e+07"":1,""1.76e+07"":1,""1.82e+07"":1,""1.84e+07"":1,""1.86e+07"":1,""1.88e+07"":1,""1.89e+07"":1,""1.92e+07"":1,""1.93e+07"":1,""1.94e+07"":1,""1.95e+07"":1,""1.96e+07"":1,""1.97e+07"":1,""1.98e+07"":1,""2.00e+07"":1,""2.02e+07"":1,""2.03e+07"":1,""2.04e+07"":1,""2.05e+07"":1,""2.06e+07"":1,""2.07e+07"":1,""2.08e+07"":1,""2.09e+07"":1,""2.10e+07"":-1,""2.11e+07"":-1,""2.12e+07"":1,""2.13e+07"":1,""2.14e+07"":1,""2.15e+07"":1,""2.16e+07"":1,""37796"":1,""6355305"":0,""7424964"":1,""8382218"":1}"
manifestos_econ_ideology_2141,1130003241,"But under Labour, people's priorities have taken second place to centrally imposed targets and Whitehall inspection regimes.",Con,2005,Right,"{""1.11e+07"":1,""1.42e+07"":1}"
manifestos_econ_ideology_2142,1100006201,"Government policy towards the arts, sports and broadcasting has stumbled from fiasco to disaster in the last four years.",Con,2001,Right,"{""1.30e+07"":1}"
manifestos_econ_ideology_2143,1080007631,"Developing Global Prosperity. A secure, democratic and peaceful world can never be created while so much of the globe remains so desperately poor.",LD,1992,Left,"{""1.10e+07"":-1,""1.37e+07"":-1,""1.42e+07"":-1,""1.68e+07"":0,""2.07e+07"":-1,""2.08e+07"":-1,""5993386"":-1}"
manifestos_econ_ideology_2144,1070015521,We will continue to encourage private sector sponsorship of sport.,Con,1992,Right,"{""1.10e+07"":1,""1.47e+07"":1,""1.53e+07"":1,""1.74e+07"":1,""1.86e+07"":1,""1.87e+07"":1,""2.08e+07"":1,""2.09e+07"":1,""2.10e+07"":1,""2.12e+07"":1}"
manifestos_econ_ideology_2145,1140007051,"Local councils are controlled by centrally imposed rules and regulations, or by-passed by government-appointed boards and quangos.",LD,2005,Right,"{""1.40e+07"":1}"
manifestos_econ_ideology_2146,1110002341,"Better-off children, with greater stimulus from the home, pre-school playgroups or from nursery schools, have had a flying start at primary school over those who have not had these advantages.",LD,2001,Left,"{""1.10e+07"":-1,""1.57e+07"":-1}"
manifestos_econ_ideology_2147,1070007071,'Compacts' have resulted in many young people working to goals for attainment and attendance in school.,Con,1992,Right,"{""1.42e+07"":1}"
manifestos_econ_ideology_2148,10003491,"cut the small business corporation tax rate by more than a third, and extended it to many more small businesses",Con,1987,Right,"{""1.04e+07"":1,""1.10e+07"":1,""1.13e+07"":1,""1.18e+07"":1,""1.24e+07"":1,""1.30e+07"":1,""1.40e+07"":1,""1.41e+07"":1,""1.42e+07"":1,""1.45e+07"":1,""1.51e+07"":1,""1.52e+07"":1,""1.53e+07"":1,""1.56e+07"":1,""1.57e+07"":1,""1.59e+07"":1,""1.68e+07"":1,""1.77e+07"":1,""1.80e+07"":1,""1.81e+07"":1,""1.85e+07"":1,""1.86e+07"":1,""1.93e+07"":1,""1.96e+07"":1,""1.98e+07"":1,""2.02e+07"":1,""2.03e+07"":1,""2.04e+07"":1,""2.05e+07"":1,""2.06e+07"":1,""2.07e+07"":1,""2.09e+07"":1,""2.10e+07"":1,""2.11e+07"":1,""2.12e+07"":0,""2.13e+07"":1,""2.21e+07"":1,""3307853"":1,""37796"":1,""5112203"":1,""5372456"":1,""5768369"":1,""5983773"":1,""6355305"":1,""7604015"":1,""7995027"":1,""8273320"":1,""8382218"":1,""8836799"":1,""8893451"":1,""9299392"":1,""9666339"":1}"
manifestos_econ_ideology_2149,1090000181,Labour will be such a government.,Lab,1992,Left,"{""1.51e+07"":-1}"
manifestos_econ_ideology_2150,1160004601,"We will direct funding to those groups that strengthen communities in deprived areas, and we will introduce National Citizen Service, initially for 16 year olds, to help bring our country together.",Con,2010,Left,"{""1.10e+07"":-1,""1.42e+07"":-1,""1.57e+07"":-1}"
manifestos_econ_ideology_2151,1150007121,"Our priorities now are to build a national consensus for tomorrow's pensioners, combining public and private pension schemes to build security in retirement, and to extend the quality of life of older people.",Lab,2005,Left,"{""1.10e+07"":-1,""1.40e+07"":-1,""1.57e+07"":-1,""1.82e+07"":-1}"
manifestos_econ_ideology_2152,1080006961,"We will encourage further collaboration within the EC on major scientific projects and the development of new technologies such as telecommunications, information technology and environmentally sustainable innovations.",LD,1992,Left,"{""1.52e+07"":-1}"
manifestos_econ_ideology_2153,1110000961,Appoint a Minister of Public Health based in the Cabinet Office rather than the Department of Health to co-ordinate all aspects of public health policy across government departments.,LD,2001,Left,"{""1.10e+07"":-1}"
manifestos_econ_ideology_2154,1110004331,Railways are in chaos.,LD,2001,Left,"{""1.40e+07"":-1,""1.68e+07"":-1,""1.96e+07"":-1}"
manifestos_econ_ideology_2155,1150011091,"In a range of services the voluntary and community sector has shown itself to be innovative, efficient and effective.",Lab,2005,Left,"{""1.10e+07"":-1}"
manifestos_econ_ideology_2156,1090005901,A modern Parliament. Westminster must become more effective in protecting citizens and holding government to account.,Lab,1992,Right,"{""1.57e+07"":1,""2.05e+07"":1}"
manifestos_econ_ideology_2157,60008291,Our objective will be to ensure that over time party appointees as life peers more accurately reflect the proportion of votes cast at the previous general election.,Lab,1997,Left,"{""2.13e+07"":-1}"
manifestos_econ_ideology_2158,10001931,"After eight years of Conservative Government, Britain is now at the forefront of a world wide revolution in extending ownership.",Con,1987,Right,"{""1.18e+07"":1,""1.49e+07"":1,""1.59e+07"":1,""1.75e+07"":1,""1.81e+07"":1,""1.83e+07"":1,""1.88e+07"":1,""1.93e+07"":1,""1.98e+07"":1,""2.01e+07"":1,""2.08e+07"":1,""2.13e+07"":1,""2.14e+07"":1,""6564635"":1}"
manifestos_econ_ideology_2159,1070015621,We have created in the past decade English Heritage and the National Heritage Memorial Fund to give greater focus and drive to the Government's policies.,Con,1992,Left,"{""1.10e+07"":-1,""1.30e+07"":-1}"
manifestos_econ_ideology_2160,10003301,Lower taxation coupled with lower inflation makes everyone better off.,Con,1987,Right,"{""1.10e+07"":1,""1.12e+07"":-1,""1.24e+07"":1,""1.40e+07"":1,""1.42e+07"":1,""1.45e+07"":1,""1.51e+07"":1,""1.52e+07"":1,""1.53e+07"":1,""1.54e+07"":1,""1.57e+07"":1,""1.63e+07"":1,""1.68e+07"":-1,""1.76e+07"":1,""1.80e+07"":1,""1.81e+07"":1,""1.85e+07"":1,""1.90e+07"":1,""1.93e+07"":1,""1.95e+07"":1,""1.98e+07"":1,""1054502"":-1,""2.00e+07"":1,""2.03e+07"":1,""2.05e+07"":1,""2.08e+07"":-1,""2.09e+07"":1,""2.10e+07"":-1,""2.11e+07"":1,""2.12e+07"":1,""2.13e+07"":1,""2.14e+07"":1,""2.18e+07"":1,""3307853"":1,""37796"":1,""4680678"":1,""5112203"":1,""5372456"":1,""5536796"":1,""5768369"":1,""6066983"":1,""6161328"":1,""6223785"":1,""787803"":1,""7918256"":-1,""7995027"":1,""8382218"":1,""8836799"":1,""8893451"":1,""946983"":1,""9703593"":1}"
manifestos_econ_ideology_2161,1180006341,"And like every industrialised country across the world, we need to adjust to an ageing society - where demand for health provision will grow, and where the need for care will rise rapidly.",Lab,2010,Left,"{""1.53e+07"":-1}"
manifestos_econ_ideology_2162,1070004571,We will continue to encourage competition in energy markets.,Con,1992,Right,"{""1.10e+07"":1,""1.52e+07"":1,""1.66e+07"":1}"
manifestos_econ_ideology_2163,1090002911,increase early admissions from waiting lists.,Lab,1992,Left,"{""1.10e+07"":-1,""1.45e+07"":-1}"
manifestos_econ_ideology_2164,1150007851,"That is the rationale for universal child benefit and targeted tax credits, and why we have committed to increasing the Child Tax Credit at least in line with earnings up to and including 2007-08.",Lab,2005,Left,"{""1.10e+07"":-1,""1.42e+07"":-1,""1.52e+07"":-1,""1.57e+07"":-1}"
manifestos_econ_ideology_2165,1150010561,The Lottery Every single part of British life has been touched by the £15 billion generated for good causes by the Lottery. Labour has made the Lottery more inclusive and more in tune with people's priorities.,Lab,2005,Left,"{""1.82e+07"":-1}"
manifestos_econ_ideology_2166,1070005261,"Each will be revised regularly to check on progress, and raise standards higher.",Con,1992,Left,"{""1.57e+07"":-1}"
manifestos_econ_ideology_2167,1140006631,Small local changes can make a big difference.,LD,2005,Left,"{""1.63e+07"":-1}"
manifestos_econ_ideology_2168,1180010481,"In order to protect farmers and food suppliers from unfair and uncompetitive practices by major retailers, we will create a Supermarket Ombudsman.",Lab,2010,Right,"{""1.10e+07"":1,""1.52e+07"":1}"
manifestos_econ_ideology_2169,40001361,Small Businesses - Britain's Risk-takers. Governments do not create jobs.,Con,1997,Right,"{""1.49e+07"":1,""1.52e+07"":1,""1.98e+07"":1,""1171781"":1,""2.08e+07"":1,""2.09e+07"":1,""2.11e+07"":1,""2.13e+07"":1,""2.14e+07"":1,""2209950"":1,""4680678"":1,""5280406"":1,""5849168"":1,""5993386"":1,""7918256"":-1,""7954010"":1,""8968750"":1}"
manifestos_econ_ideology_2170,1080003771,"We will penalise activities which harm the environment or deplete stocks of raw materials through taxation, so that prices reflect the damage they do.",LD,1992,Left,"{""1.10e+07"":-1,""1.52e+07"":-1,""1.82e+07"":-1,""6340562"":-1}"
manifestos_econ_ideology_2171,1120006061,"In all our public services, the key is to devolve and decentralise power to give freedom to frontline staff who perform well, and to change things where there are problems.",Lab,2001,Left,"{""1.10e+07"":-1}"
manifestos_econ_ideology_2172,20004961,increase the income of people with disabilities who are dependent on benefits by £3.50 per week and provide additional financial support through our tax and benefit proposals,LD,1987,Left,"{""1.05e+07"":1,""1.06e+07"":1,""1.53e+07"":-1,""1.71e+07"":-1,""1.74e+07"":-1,""1.86e+07"":-1,""2.02e+07"":-1,""2.07e+07"":-1,""2.08e+07"":-1,""2.09e+07"":-1,""2.10e+07"":-1,""2.12e+07"":-1,""2.13e+07"":-1,""5112203"":-1,""714020"":1,""8968750"":-1}"
manifestos_econ_ideology_2173,1140005701,We will support the establishment of an International Arms Trade Treaty.,LD,2005,Left,"{""1.42e+07"":-1}"
manifestos_econ_ideology_2174,1070012431,But our aim will be to franchise out services in such a way as to reflect regional and local identity and make operating sense.,Con,1992,Right,"{""1.10e+07"":1,""2.05e+07"":1}"
manifestos_econ_ideology_2175,1180008971,We will promote greater public involvement in the way that National Lottery proceeds are spent on good causes.,Lab,2010,Left,"{""1.41e+07"":-1}"
manifestos_econ_ideology_2176,1120003611,We will develop the Small Business Service as an advocate for small business in government and a servant of small businesses around the country.,Lab,2001,Right,"{""1.10e+07"":1,""1.57e+07"":1,""1.68e+07"":1,""1.93e+07"":1}"
manifestos_econ_ideology_2177,1070006651,We will pay particular attention to raising educational standards in areas of deprivation in our cities.,Con,1992,Right,"{""2.05e+07"":1}"
manifestos_econ_ideology_2178,1150001851,Our pharmaceutical and biotechnology industries are world leaders.,Lab,2005,Left,"{""1.51e+07"":-1,""1.52e+07"":-1,""1.66e+07"":-1}"
manifestos_econ_ideology_2179,1150006821,We have already extended the provision of free fruit to all 4- to 6-year-olds at school.,Lab,2005,Left,"{""1.57e+07"":-1}"
manifestos_econ_ideology_2180,1160010251,We will increase consumers' control over their energy costs by ensuring that every energy bill provides information on how to move to the cheapest tariff offered by their supplier and how their energy usage compares to similar households.,Con,2010,Left,"{""1.10e+07"":-1,""1.52e+07"":-1}"
manifestos_econ_ideology_2181,20003231,We will encourage the setting up of a local venture capital funds to finance new enterprise.,LD,1987,Right,"{""1.01e+07"":1,""1.24e+07"":1,""1.52e+07"":1,""1.75e+07"":1,""1.81e+07"":1,""1.93e+07"":1,""2.03e+07"":1,""2.06e+07"":1,""2.07e+07"":1,""2.08e+07"":1,""2.12e+07"":1,""2.13e+07"":1,""5112203"":1,""714020"":1,""8968750"":1}"
manifestos_econ_ideology_2182,1180012561,We will lead an international campaign to get the Millennium Development Goals back on track.,Lab,2010,Left,"{""1.10e+07"":-1}"
manifestos_econ_ideology_2183,1160007581,from Whitehall to communities,Con,2010,Right,"{""1.57e+07"":1}"
manifestos_econ_ideology_2184,1090006481,We will restore funding for development education in the UK.,Lab,1992,Left,"{""1.10e+07"":-1,""1.57e+07"":-1}"
manifestos_econ_ideology_2185,30002651,We shall invest to ensure a continuing future for British Rail Engineering as a high-quality supplier both for British Rail and to world markets.,Lab,1987,Left,"{""1.53e+07"":-1,""1.58e+07"":-1,""1.98e+07"":-1,""2.08e+07"":-1,""2.09e+07"":-1,""2.10e+07"":-1,""2.13e+07"":-1,""4680678"":-1,""5112203"":-1,""8836799"":-1,""8968750"":-1,""946983"":-1}"
manifestos_econ_ideology_2186,1110002051,We would provide an average of £1250 per primary school and £4250 per secondary school per year.,LD,2001,Left,"{""1.10e+07"":-1,""1.68e+07"":-1}"
manifestos_econ_ideology_2187,1100000511,Mothers or fathers who stop working to care for children can sometimes find it difficult to get back into paid work afterwards.,Con,2001,Left,"{""1.10e+07"":-1,""1.40e+07"":-1,""1.51e+07"":-1}"
manifestos_econ_ideology_2188,1070016301,"To assist business further, we will complete the harmonisation of business rates in Scotland with those in the rest of the country.",Con,1992,Right,"{""1.63e+07"":1,""1.68e+07"":1,""1.93e+07"":1}"
manifestos_econ_ideology_2189,1070011891,"As part of those programmes, on which we are committed to spend a further £1,400 million over the next three years, we are demolishing or redesigning tower blocks and deck access estates, rebuilding on a more human scale.",Con,1992,Left,"{""1.10e+07"":-1,""1.30e+07"":-1,""1.41e+07"":-1,""1.52e+07"":-1,""1.57e+07"":-1}"
manifestos_econ_ideology_2190,30001051,"These will cost little to implement but produce significant improvement in the quality of administration, provision and response to the needs of ordinary citizens.",Lab,1987,Left,"{""1.45e+07"":-1,""1.52e+07"":-1,""1.54e+07"":-1,""1.89e+07"":-1,""1.98e+07"":-1,""2.04e+07"":-1,""2.06e+07"":-1,""2.09e+07"":-1,""2.11e+07"":0,""2.13e+07"":-1,""6066983"":-1,""6161328"":-1,""787803"":-1}"
manifestos_econ_ideology_2191,40006361,"Telephone waiting lists are unknown, and water, gas and electricity disconnections have fallen dramatically.",Con,1997,Right,"{""1.24e+07"":1,""1.25e+07"":1,""1.36e+07"":1,""1.93e+07"":1,""1.98e+07"":1,""2.06e+07"":1,""2.07e+07"":1,""2.08e+07"":1,""2.10e+07"":1,""2.13e+07"":1,""2.14e+07"":0,""2056455"":1,""37796"":1,""7918256"":1,""7954010"":1,""7995027"":1,""8836799"":-1}"
manifestos_econ_ideology_2192,1100005251,Foot and Mouth disease is but the latest in a series of blows inflicted on our farmers.,Con,2001,Right,"{""1.52e+07"":1}"
manifestos_econ_ideology_2193,1180005841,"And across the NHS we will extend the right for staff, particularly nurses, to request to run their own services in the not-for-profit sector.",Lab,2010,Right,"{""1.57e+07"":1}"
manifestos_econ_ideology_2194,1180008981,A proportion of Lottery funding is going to the Olympics.,Lab,2010,Left,"{""1.10e+07"":-1}"
manifestos_econ_ideology_2195,1100005891,Transport. Labour promised 'immediate benefits' in transport.,Con,2001,Left,"{""1.45e+07"":-1}"
manifestos_econ_ideology_2196,1110008901,We will:  Regenerate deprived communities wherever they are through a one-stop regeneration grant systems.,LD,2001,Left,"{""1.30e+07"":-1,""1.41e+07"":-1,""1.42e+07"":-1,""6355305"":-1}"
manifestos_econ_ideology_2197,10001861,"Third, we embarked on a major programme of privatisation, insisting that small investors and employees of the privatised companies should have a fair chance to join in the buying.",Con,1987,Right,"{""1.01e+07"":1,""1.10e+07"":1,""1.12e+07"":1,""1.24e+07"":1,""1.30e+07"":1,""1.36e+07"":1,""1.40e+07"":1,""1.51e+07"":1,""1.52e+07"":1,""1.57e+07"":1,""1.68e+07"":1,""1.73e+07"":1,""1.76e+07"":1,""1.86e+07"":1,""1.87e+07"":1,""1.88e+07"":1,""1.93e+07"":1,""1.97e+07"":1,""1.98e+07"":1,""180534"":1,""1886681"":1,""2.00e+07"":1,""2.01e+07"":1,""2.04e+07"":1,""2.05e+07"":1,""2.06e+07"":1,""2.08e+07"":1,""2.09e+07"":1,""2.10e+07"":1,""2.11e+07"":1,""2.13e+07"":1,""2.14e+07"":-1,""313343"":1,""3559862"":1,""3626598"":1,""5112203"":1,""5983773"":1,""6525777"":0,""6591328"":1,""6909651"":1,""8382218"":1,""8836799"":1,""8893451"":1,""8968750"":1,""9458742"":1,""946983"":1}"
manifestos_econ_ideology_2198,1180012661,"maintain our pledge to spend £6 billion on health between 2008 and 2015 and £1 billion through the Global Fund to support the fight against HIV/AIDS, TB and malaria",Lab,2010,Left,"{""1.10e+07"":-1,""1.57e+07"":-1}"
manifestos_econ_ideology_2199,1070005561,Civil servants dealing with the public will normally identify themselves by name.,Con,1992,Right,"{""1.57e+07"":1}"
manifestos_econ_ideology_2200,1070014071,We will give a single Transport Minister responsibility for services in London.,Con,1992,Right,"{""1.41e+07"":1}"
manifestos_econ_ideology_2201,1170008411,This group would agree the timeframe and scale of a deficit reduction plan to set the framework (though not the detail) for the Comprehensive Spending Review and seek to promote it externally and domestically.,LD,2010,Right,"{""1.40e+07"":1,""1.57e+07"":1}"
manifestos_econ_ideology_2202,1180001931,"Because the banking crisis demonstrated the global nature of financial instability, we will continue to work with our international partners to require all banks to hold more and better-quality capital, to ensure counter-cyclical protection, and to introduce a global levy on financial services so that banks across the world contribute fairly to the society in which they are based.",Lab,2010,Left,"{""1.10e+07"":-1,""1.51e+07"":-1,""1.82e+07"":-1}"
manifestos_econ_ideology_2203,1120011271,Labour's NHS Plan offers £1.4 billion of investment for older people to promote better health and support independence.,Lab,2001,Left,"{""1.10e+07"":-1,""1.57e+07"":-1,""1.68e+07"":-1}"
manifestos_econ_ideology_2204,1090004571,compensation for injury from dangerous products,Lab,1992,Left,"{""1.68e+07"":-1,""1.96e+07"":-1}"
manifestos_econ_ideology_2205,1080004081,"Liberal Democrats will invest in people to enable every individual to fulfil their potential, and, in so doing, build the nation's economic and social strength.",LD,1992,Left,"{""1.10e+07"":-1,""1.40e+07"":-1,""1.63e+07"":-1}"
manifestos_econ_ideology_2206,40000741,We should take pride in it.,Con,1997,Right,"{""1.45e+07"":1,""1.87e+07"":1,""2.06e+07"":1}"
manifestos_econ_ideology_2207,1160010771,"This will ensure that meat labelled as 'British' is born and bred in Britain, and raised to our high welfare standards.",Con,2010,Right,"{""1.52e+07"":1}"
manifestos_econ_ideology_2208,1150005881," already we have an extra 27,000 doctors in post or in training and 79,000 extra nurses",Lab,2005,Left,"{""5013710"":-1}"
manifestos_econ_ideology_2209,1180011801,"We have met every request for extra equipment for Afghanistan: in the last four years we have doubled the number of helicopters, and spent £1.7 billion on 1,800 new vehicles - including the Mastiff, brought into service in record time and saving lives with world-leading protection against mines and roadside bombs.",Lab,2010,Left,"{""1.10e+07"":-1}"
manifestos_econ_ideology_2210,1160011851,"We will stand for open markets, and a strong transatlantic relationship",Con,2010,Right,"{""1.57e+07"":1}"
manifestos_econ_ideology_2211,1140006051,Put Britain at the forefront of climate change negotiations.,LD,2005,Left,"{""1.42e+07"":-1}"
manifestos_econ_ideology_2212,1100003771,"At the same time, we are willing to support the principle of 'reinforced co-operation' in Europe, under which small groups of countries can become more closely integrated if they wish to do so, providing it does not damage Britain's national interest.",Con,2001,Right,"{""1.82e+07"":1}"
manifestos_econ_ideology_2213,1070003441,We will reduce the share of national income taken by the public sector.,Con,1992,Right,"{""1.40e+07"":1,""1.52e+07"":1,""1.57e+07"":1,""1.68e+07"":1}"
manifestos_econ_ideology_2214,1090004361,"The Conservatives' bonfire of planning controls has led to ill-thought out development, often against the wishes of local people.",Lab,1992,Left,"{""1.52e+07"":-1,""6340562"":-1}"
manifestos_econ_ideology_2215,1180012541,"The global poverty emergency: our moral duty, our common interest. Labour's international leadership on development has helped transform the lives of millions across the world.",Lab,2010,Left,"{""1.42e+07"":-1}"
manifestos_econ_ideology_2216,1180003391,Improving your living standards. Our aim is to put more wealth in the hands of the British people.,Lab,2010,Right,"{""1.40e+07"":1,""1.52e+07"":1,""1.57e+07"":1}"
manifestos_econ_ideology_2217,1110006651,We have published a list of 25 specific major regulations which we will scrap.,LD,2001,Right,"{""1.10e+07"":1,""1.42e+07"":1,""2.03e+07"":1}"
manifestos_econ_ideology_2218,1110002751,Tuition would be paid for and student loans would be available for maintenance.,LD,2001,Left,"{""1.10e+07"":-1,""1.30e+07"":-1}"
manifestos_econ_ideology_2219,1120006241,"Now we need to move on, empowering frontline staff.",Lab,2001,Left,"{""1.10e+07"":-1}"
manifestos_econ_ideology_2220,1180009941,From 2013 we will provide climate assistance additional to our commitment to provide 0.7 per cent of national income in overseas aid.,Lab,2010,Left,"{""1.42e+07"":-1,""1.57e+07"":-1,""1.66e+07"":-1}"
manifestos_econ_ideology_2221,1120014411,"We want to mobilise the international community to deliver the International Development Targets, generate growth and equity in developing countries, and help them benefit from global economic integration.",Lab,2001,Left,"{""1.10e+07"":-1}"
manifestos_econ_ideology_2222,1180010171,We have legislated for compulsory contributions from energy companies to protect the vulnerable.,Lab,2010,Left,"{""1.53e+07"":-1,""1.57e+07"":-1}"
manifestos_econ_ideology_2223,1120000541,"That means more change in a second term, not less - to extend opportunity for all.",Lab,2001,Left,"{""1.10e+07"":-1}"
manifestos_econ_ideology_2224,1180011451,"Citizens should be able to compare local services, demand improvements, choose between providers, and hold government to account.",Lab,2010,Left,"{""1.10e+07"":-1}"
manifestos_econ_ideology_2225,1130003931,We will ensure that Britain once again leads the fight for a deregulated Europe by negotiating the restoration of our opt-out from the Social Chapter.,Con,2005,Right,"{""1.30e+07"":1,""1.57e+07"":1}"
manifestos_econ_ideology_2226,20006491,nationalised industries and privatised monopolies such as British Telecom should be placed under stronger obligations to recognise rural needs,LD,1987,Left,"{""1.52e+07"":-1,""1.54e+07"":-1,""1.98e+07"":-1,""1054502"":-1,""1886681"":-1,""2.08e+07"":-1,""2.09e+07"":-1,""2.12e+07"":-1,""2.13e+07"":-1,""2.14e+07"":-1,""4680678"":-1,""5112203"":-1,""6066983"":-1,""6161328"":-1,""7918256"":-1,""946983"":-1}"
manifestos_econ_ideology_2227,1140006501,"Labour promised to get Britain moving again, but have only made things worse.",LD,2005,Right,"{""1.52e+07"":1,""1.66e+07"":1}"
manifestos_econ_ideology_2228,1090004431,"We will reform the system for allocating grants to local councils and introduce less centralised rules on capital spending, enabling councils to make prudent long-term investment.",Lab,1992,Right,"{""1.10e+07"":1,""1.16e+07"":1,""1.52e+07"":1}"
manifestos_econ_ideology_2229,1180010021,"We will make a decision early in the next Parliament on the feasibility of alternative options for a tidal energy project on the Severn, taking full account of the environmental impacts.",Lab,2010,Left,"{""1.42e+07"":-1,""1.57e+07"":-1}"
manifestos_econ_ideology_2230,1090001131,Every dav 200 families lose their homes.,Lab,1992,Left,"{""1.10e+07"":-1,""1.52e+07"":-1,""1.68e+07"":-1}"
manifestos_econ_ideology_2231,1160000571,"They are the building blocks of the change we want to see in every home, every street, every community, every business.",Con,2010,Left,"{""6342862"":-1}"
manifestos_econ_ideology_2232,1150010381,The licence fee will be guaranteed for the whole of the ten-year Royal Charter that will take effect on 1 January 2007.,Lab,2005,Left,"{""1.10e+07"":-1,""1.30e+07"":-1}"
manifestos_econ_ideology_2233,1170007131,We will equalise VAT on new build and repair on an overall revenue-neutral basis.,LD,2010,Left,"{""1.10e+07"":-1,""1.51e+07"":-1,""1.82e+07"":-1}"
manifestos_econ_ideology_2234,10006921,"Child benefit will continue to be paid as now, and direct to the mother.",Con,1987,Left,"{""1.03e+07"":-1,""1.24e+07"":-1,""1.26e+07"":-1,""1.49e+07"":-1,""1.53e+07"":-1,""1.59e+07"":1,""1.85e+07"":-1,""1.86e+07"":-1,""1.87e+07"":-1,""2.06e+07"":-1,""2.09e+07"":0,""2.10e+07"":-1,""2.13e+07"":-1,""37796"":-1,""8893451"":-1}"
manifestos_econ_ideology_2235,40001501,Investment and enterprise are deterred if the taxman takes too much of the capital that is built up by a successful business.,Con,1997,Right,"{""1.04e+07"":1,""1.10e+07"":1,""1.18e+07"":1,""1.24e+07"":1,""1.30e+07"":1,""1.40e+07"":1,""1.41e+07"":1,""1.51e+07"":1,""1.52e+07"":1,""1.57e+07"":1,""1.68e+07"":-1,""1.80e+07"":1,""1.87e+07"":1,""1.89e+07"":1,""1.93e+07"":1,""157833"":-1,""1911075"":1,""2.03e+07"":1,""2.05e+07"":1,""2.07e+07"":1,""2.19e+07"":0,""2785872"":1,""3307853"":1,""4680678"":1,""5108677"":1,""5112203"":1,""5372456"":1,""5768369"":1,""7591372"":1,""7994710"":1,""7995027"":1,""8836799"":-1,""8893451"":1,""8968750"":1,""946983"":1,""9723768"":1,""9813148"":1,""985028"":0}"
manifestos_econ_ideology_2236,10008371,Yet some local authorities steadfastly oppose private sector companies tendering for services even though they could provide them more cheaply and effectively.,Con,1987,Right,"{""1.24e+07"":1,""1.27e+07"":1,""1.32e+07"":1,""1.45e+07"":1,""1.98e+07"":1,""2.00e+07"":0,""2.05e+07"":1,""2.09e+07"":1,""2.11e+07"":1,""2.13e+07"":1,""2.14e+07"":1,""37796"":1,""4661297"":1,""5993386"":1,""7918256"":0,""886"":1,""8893451"":1}"
manifestos_econ_ideology_2237,1120008191,"By modernising all maternity units, increasing the number of midwives and giving women greater choice over childbirth, we will ensure that women receive the highest quality maternity care.",Lab,2001,Left,"{""1.10e+07"":-1}"
manifestos_econ_ideology_2238,1120008141,"We will use spare capacity in private-sector hospitals, treating NHS patients free of charge, where high standards and value for money are guaranteed.",Lab,2001,Right,"{""1.10e+07"":1}"
manifestos_econ_ideology_2239,1140003511,We will use 'sunset clauses' to prevent unnecessary regulations imposing a burden on business long after their usefulness has passed.,LD,2005,Right,"{""1.30e+07"":1,""1.41e+07"":1,""1.42e+07"":1,""1.52e+07"":1,""1.88e+07"":1}"
manifestos_econ_ideology_2240,1070009911,"As a result, new services are being offered at local surgeries and health centres.",Con,1992,Left,"{""1.82e+07"":-1}"
manifestos_econ_ideology_2241,1070012451,We will sell BR's freight operations outright.,Con,1992,Right,"{""1.51e+07"":1,""1.57e+07"":1,""1.87e+07"":1}"
manifestos_econ_ideology_2242,1140006161,"The Conservatives also saw UK fishermen as expendable when negotiating entry to the Common Fisheries Policy, which left both fish stocks and fishermen hopelessly under-protected.",LD,2005,Left,"{""1.30e+07"":-1,""1.52e+07"":-1,""1.57e+07"":-1}"
manifestos_econ_ideology_2243,1170000221,"Only Liberal Democrats have the big ideas for fundamental, structural changes in the way our country works to make it fair.",LD,2010,Left,"{""1.10e+07"":-1}"
manifestos_econ_ideology_2244,1170007111,We will create a third-party right of appeal in cases where planning decisions go against locally agreed plans.,LD,2010,Left,"{""1.63e+07"":-1}"
manifestos_econ_ideology_2245,60009601,The third is the path a new Labour government will take.,Lab,1997,Left,"{""2.13e+07"":-1}"
manifestos_econ_ideology_2246,1110002671,"We will fund those aged 16 to 24 up to Level 3 (equivalent to 2 A-Levels at grades A to E, an Advanced GNVQ or an Advanced Modern Apprenticeship).",LD,2001,Left,"{""1.30e+07"":-1}"
manifestos_econ_ideology_2247,1140005111,We will also use building regulations to improve the environmental quality of new buildings.,LD,2005,Right,"{""1.82e+07"":1}"
manifestos_econ_ideology_2248,1160009951,Strong rhetoric has not been matched by effective action - it took the longest and deepest recession for sixty years for Labour to achieve any significant reduction in the UK's carbon emissions.,Con,2010,Left,"{""6340562"":-1}"
manifestos_econ_ideology_2249,1180007091,"From 2011 we will protect more than 400,000 of those with the greatest needs from all charges for care in the home, and we will create a national physio support service helping people in every area of the country to regain their independence and confidence after a crisis or the first time they need care.",Lab,2010,Left,"{""1.10e+07"":-1,""1.84e+07"":-1}"
manifestos_econ_ideology_2250,1070002581,To continue to reduce taxes as fast as we prudently can.,Con,1992,Right,"{""1.30e+07"":1,""1.40e+07"":1,""1.41e+07"":1,""1.52e+07"":1,""1.87e+07"":1}"
manifestos_econ_ideology_2251,1120002251,allow successful NHS hospitals to take over failing ones.,Lab,2001,Right,"{""1.53e+07"":1}"
manifestos_econ_ideology_2252,1160009161,"Our plans to decentralise power will only work properly if there is a strong, independent and vibrant local media to hold local authorities to account.",Con,2010,Right,"{""1.57e+07"":1}"
manifestos_econ_ideology_2253,1090001241,Modern transport.,Lab,1992,Left,"{""1.42e+07"":-1,""1.52e+07"":-1}"
manifestos_econ_ideology_2254,1180010071,"In stimulating the sustainable use of resources, we will move towards a 'zero waste' Britain, banning recyclable and biodegradable materials from landfill and continuing the move towards universal water metering in areas of water stress.",Lab,2010,Left,"{""1.42e+07"":-1,""1.63e+07"":-1}"
manifestos_econ_ideology_2255,1070012411,The operating side of BR will continue to provide passenger services until they are franchised out to the private sector.,Con,1992,Right,"{""1.10e+07"":1,""1.30e+07"":1,""1.41e+07"":1,""1.68e+07"":1}"
manifestos_econ_ideology_2256,1180003221,It protects and sustains millions of low-paid workers.,Lab,2010,Left,"{""1.10e+07"":-1,""1.27e+07"":-1,""1.42e+07"":-1,""1.52e+07"":-1,""1.82e+07"":-1}"
manifestos_econ_ideology_2257,1150003541,"Every secondary school an independent specialist school. We want all secondary schools to be independent specialist schools with a strong ethos, high-quality leadership, good discipline (including school uniforms), setting by ability and high-quality facilities as the norm.",Lab,2005,Left,"{""1.82e+07"":-1}"
manifestos_econ_ideology_2258,40001631,Many businessmen suffer regulatory burdens imposed by local government and quangos.,Con,1997,Right,"{""1.03e+07"":1,""1.10e+07"":1,""1.13e+07"":1,""1.17e+07"":1,""1.24e+07"":1,""1.30e+07"":1,""1.40e+07"":1,""1.41e+07"":1,""1.42e+07"":1,""1.51e+07"":1,""1.52e+07"":1,""1.53e+07"":1,""1.57e+07"":1,""1.63e+07"":1,""1.68e+07"":1,""1.88e+07"":1,""1.93e+07"":1,""1.95e+07"":1,""1.98e+07"":1,""2.00e+07"":1,""2.02e+07"":-1,""2.04e+07"":1,""2.09e+07"":1,""2.18e+07"":1,""2.19e+07"":1,""2361265"":1,""3307853"":1,""37796"":1,""5112203"":1,""5537363"":-1,""5983773"":1,""7801795"":1,""7954010"":1,""7995027"":0,""8450718"":1,""874567"":-1,""8836799"":-1,""8893451"":1,""8968750"":1,""9054964"":1,""9299392"":1,""946983"":1}"
manifestos_econ_ideology_2259,1140002881,Inadequate action to contain the explosion of personal debt.,LD,2005,Right,"{""1.40e+07"":1,""1.52e+07"":1,""1.57e+07"":1,""1.66e+07"":1,""1.88e+07"":1}"
manifestos_econ_ideology_2260,1120007701,The biggest-ever hospital building programme is under way.,Lab,2001,Left,"{""1.30e+07"":-1,""1.68e+07"":-1}"
manifestos_econ_ideology_2261,1170007101,"Abolish the Infrastructure Planning Commission and return decision-making, including housing targets, to local people.",LD,2010,Right,"{""1.40e+07"":1,""1.57e+07"":1}"
manifestos_econ_ideology_2262,1160003721,"Spread prosperity. We want Britain to become a European hub for hi-tech, digital and creative industries - but this can only happen if we have the right infrastructure in place.",Con,2010,Left,"{""1.10e+07"":-1}"
manifestos_econ_ideology_2263,1150006101,"The NHS is being restored to good health: more doctors, more nurses, better facilities.",Lab,2005,Left,"{""1.82e+07"":-1}"
manifestos_econ_ideology_2264,1070012961,LONDON'S TRANSPORT. A major programme of renewal and modernisation is transforming public transport in London - including the biggest expansion of London's rail network since the 1930s.,Con,1992,Left,"{""1.10e+07"":-1}"
manifestos_econ_ideology_2265,1180009501,The BBC Trust should fully involve the public in decision-making.,Lab,2010,Right,"{""1.57e+07"":1}"
manifestos_econ_ideology_2266,1160003471,"But transport has been a low priority for Labour, and the hassle of getting around is bad for business, bad for families and bad for everyone's quality of life.",Con,2010,Right,"{""1.30e+07"":1,""1.52e+07"":1}"
manifestos_econ_ideology_2267,1070003981,"We will continue to reduce tax burdens on business, as we have done this year for the motor industry, whenever it is possible to do so.",Con,1992,Right,"{""1.10e+07"":1,""1.30e+07"":1,""1.40e+07"":1,""1.52e+07"":1,""1.93e+07"":1,""1.95e+07"":1,""2.04e+07"":1,""5647650"":1}"
manifestos_econ_ideology_2268,1150007941,"By 2010, we will create 3,500 Sure Start Children's Centres for children under five years - five in every constituency - a universal local service that brings together childcare and services for families.",Lab,2005,Left,"{""1.82e+07"":-1}"
manifestos_econ_ideology_2269,1150000091,We put Labour values into action.,Lab,2005,Left,"{""1.52e+07"":-1}"
manifestos_econ_ideology_2270,20004771,"FAMILIES OUT OF WORK. We will increase the family premium under the income support scheme by £5 per week and, in this first phase, we will increase the net amount per child received by income support families by £2 per child per week",LD,1987,Left,"{""1.10e+07"":-1,""1.14e+07"":-1,""1.17e+07"":0,""1.19e+07"":-1,""1.24e+07"":-1,""1.28e+07"":-1,""1.30e+07"":-1,""1.40e+07"":-1,""1.41e+07"":-1,""1.52e+07"":-1,""1.53e+07"":-1,""1.57e+07"":-1,""1.68e+07"":-1,""1.82e+07"":-1,""1.93e+07"":-1,""1037861"":1,""165814"":-1,""180534"":-1,""1837834"":-1,""2.02e+07"":-1,""2.06e+07"":-1,""2361265"":-1,""313343"":-1,""3307853"":-1,""3559862"":-1,""4660484"":-1,""5112203"":-1,""5270743"":-1,""5536796"":1,""5647650"":-1,""5751985"":-1,""5816451"":1,""5983773"":-1,""6355305"":-1,""6622539"":-1,""7801795"":-1,""7995027"":-1,""8450718"":-1,""874567"":1,""8836799"":-1,""8893451"":-1,""8968750"":-1,""9054964"":-1,""946983"":-1}"
manifestos_econ_ideology_2271,1120014781,"We support efforts being made across the EU to reform welfare states, modernise social partnership and advance social inclusion.",Lab,2001,Left,"{""2.03e+07"":-1}"
manifestos_econ_ideology_2272,1160004981,"Sports, heritage and the arts will each see their original allocations of 20 per cent of good cause money restored.",Con,2010,Left,"{""1.10e+07"":-1}"
manifestos_econ_ideology_2273,1120004441,"Energy. Labour is committed to a secure, diverse and sustainable supply of energy at competitive prices.",Lab,2001,Left,"{""1.30e+07"":-1,""1.68e+07"":-1,""2.03e+07"":-1}"
manifestos_econ_ideology_2274,1180010681,Their policies would result in a postcode lottery based on 'free-for-all' localism rather than genuine empowerment and a future fair for all.,Lab,2010,Right,"{""1.40e+07"":1}"
manifestos_econ_ideology_2275,1070014191,"But many farmers will need help to adapt to the new conditions, and we will continue to provide assistance.",Con,1992,Left,"{""1.41e+07"":-1}"
manifestos_econ_ideology_2276,1150005671,"Chapter 4 Our NHS: Free to all, personal to each. Forward to personalised healthcare for all of us, not back to two-tier healthcare. 1997: 12-hour waits in Accident and Emergency, and waiting more than 18 months for operations.",Lab,2005,Left,"{""1.82e+07"":-1}"
manifestos_econ_ideology_2277,30001821,"Labour will ensure that nurses get proper and justified pay increases by right and regularly, not exceptionally as pre-election sweeteners.",Lab,1987,Left,"{""1.45e+07"":-1,""1.53e+07"":-1,""1.58e+07"":-1,""1.87e+07"":-1,""1.98e+07"":-1,""2.11e+07"":-1,""2.12e+07"":0,""2.13e+07"":-1,""4680678"":-1,""5112203"":-1,""6349089"":-1,""8968750"":-1,""946983"":-1}"
manifestos_econ_ideology_2278,1110002321,We will extend charitable status to all schools and maintain the VAT exemption on school fees.,LD,2001,Left,"{""1.10e+07"":-1,""1.42e+07"":-1,""1.57e+07"":-1,""6355305"":-1}"
manifestos_econ_ideology_2279,1070012111,More competition on the roads and in the air has led to better services and more choice.,Con,1992,Right,"{""1.40e+07"":1,""1.41e+07"":1,""1.82e+07"":1,""1.93e+07"":1}"
manifestos_econ_ideology_2280,1170006261,"We will keep post offices open, and will protect and restore the natural environment.",LD,2010,Left,"{""1.51e+07"":-1}"
manifestos_econ_ideology_2281,1160001531,"5. Ensure the whole country shares in rising prosperity: We will increase the private sector's share of the economy in all regions of the country, especially outside London and the South East.",Con,2010,Right,"{""1.10e+07"":1,""1.52e+07"":1,""1.68e+07"":1,""1.82e+07"":1}"
manifestos_econ_ideology_2282,30003441, Improve statutory protection in respect of health and safety at work.,Lab,1987,Left,"{""1.52e+07"":-1,""1.75e+07"":-1,""2.06e+07"":-1,""2.09e+07"":-1,""2.11e+07"":-1,""2.13e+07"":-1,""4680678"":-1,""5112203"":-1,""5643547"":-1,""8968750"":-1,""946983"":-1}"
manifestos_econ_ideology_2283,40003671,This is our Family Benefits Guarantee.,Con,1997,Left,"{""1.24e+07"":-1,""1.27e+07"":-1,""1.52e+07"":-1,""1.98e+07"":-1,""2.00e+07"":0,""2.06e+07"":-1,""2.07e+07"":-1,""2.09e+07"":-1,""2.10e+07"":-1,""2.14e+07"":-1,""2793302"":-1,""37796"":1,""4680678"":-1,""5280406"":-1,""7954010"":-1,""8836799"":-1,""8893451"":-1,""8968750"":-1}"
manifestos_econ_ideology_2284,1080003261,We will: Support a Community-wide Energy Tax on all energy sources.,LD,1992,Left,"{""1.10e+07"":-1,""1.51e+07"":-1,""1.52e+07"":-1,""1.68e+07"":-1}"
manifestos_econ_ideology_2285,60008751,Local business concerns are critical to good local government.,Lab,1997,Right,"{""1.13e+07"":1,""1.18e+07"":1,""1.19e+07"":1,""1.24e+07"":0,""1.52e+07"":1,""1.75e+07"":0,""2.06e+07"":1,""2.07e+07"":1,""2.09e+07"":1,""2.11e+07"":1,""2.13e+07"":1,""2.14e+07"":1,""2793302"":1,""568434"":1}"
manifestos_econ_ideology_2286,20003041,We will work in partnership with industry and put industry first.,LD,1987,Right,"{""1.24e+07"":1,""1.42e+07"":1,""1.52e+07"":-1,""1.54e+07"":1,""2.01e+07"":1,""2.02e+07"":1,""2.04e+07"":1,""2.08e+07"":1,""2.11e+07"":1,""2.13e+07"":1,""2.14e+07"":1,""5112203"":1,""714020"":1,""8968750"":1}"
manifestos_econ_ideology_2287,30003501," Provide a statutory framework of measures to underpin the participative rights of union members, for example by laying down general principles for inclusion in union rule books.",Lab,1987,Left,"{""1.01e+07"":-1,""1.49e+07"":0,""1.52e+07"":-1,""1.75e+07"":-1,""1.93e+07"":-1,""2.06e+07"":-1,""2.11e+07"":-1,""2.13e+07"":-1,""2.14e+07"":0,""4652872"":-1,""4680678"":-1,""5112203"":-1,""8382218"":1,""8968750"":-1,""946983"":-1}"
manifestos_econ_ideology_2288,1080007341, we will press for contributions from all nations to the costs of joint forces such as NATO's proposed Rapid Reaction Force - of which Britain will provide almost half.,LD,1992,Right,"{""1.68e+07"":1}"
manifestos_econ_ideology_2289,1120007771,"Provided that as a country we maintain economic stability, we will, if elected, be able to sustain significant funding increases throughout the next Parliament.",Lab,2001,Left,"{""1.30e+07"":-1,""1.42e+07"":-1,""1.57e+07"":-1}"
manifestos_econ_ideology_2290,1150000021,Our case rests on one idea more than any other - that it is the duty of government to provide opportunity and security for all in a changing world.,Lab,2005,Left,"{""1.57e+07"":-1}"
manifestos_econ_ideology_2291,1140006121,A Fairer Deal for Rural Communities. Successive governments - it didn't just start with Labour - have failed rural Britain.,LD,2005,Right,"{""1.63e+07"":1}"
manifestos_econ_ideology_2292,1140006741,But they can be far less damaging to the environment when they use less fuel or alternative fuels.,LD,2005,Left,"{""1.63e+07"":-1}"
manifestos_econ_ideology_2293,1180009991,A major drive for energy efficiency will be enhanced by a 'smart grid' using new information technologies.,Lab,2010,Left,"{""1.52e+07"":-1,""1.63e+07"":-1}"
manifestos_econ_ideology_2294,1110002651,We will:  Give every adult an entitlement to publicly funded tuition.,LD,2001,Left,"{""1.10e+07"":-1,""1.30e+07"":-1,""1.42e+07"":-1}"
manifestos_econ_ideology_2295,1140003901,Liberal Democrats will not replace existing nuclear power stations as they come to the end of their safe and economic operating lives - instead we will use renewables and conserve energy.,LD,2005,Left,"{""1.30e+07"":-1,""1.42e+07"":-1}"
manifestos_econ_ideology_2296,1150001891,"We will continue to work with the environmental goods and services sector - which is already worth £25 billion to the economy to promote new green technologies and industries in the UK and internationally, and use the purchasing power of government to support environmental improvement.",Lab,2005,Left,"{""1.10e+07"":-1,""1.53e+07"":-1}"
manifestos_econ_ideology_2297,1090000221,Labour will implement and maintain those policies.,Lab,1992,Left,"{""1.51e+07"":-1,""1.52e+07"":-1,""1.68e+07"":-1}"
manifestos_econ_ideology_2298,1130001421,Schools will be liberated to set their own priorities and budgets.,Con,2005,Right,"{""1.57e+07"":1,""1.88e+07"":1}"
manifestos_econ_ideology_2299,1180002351,We will continue to simplify regulation and avoid unnecessary red tape.,Lab,2010,Right,"{""1.10e+07"":1,""1.52e+07"":1,""1.57e+07"":1,""1.82e+07"":1}"
manifestos_econ_ideology_2300,1070013011,Their new Charter will be published shortly.,Con,1992,Right,"{""1.42e+07"":1}"
manifestos_econ_ideology_2301,10000231,"And that Labour's much-vaunted pay pact with the unions collapsed in the industrial anarchy of the winter of discontent, n which the dead went unburied, rubbish piled up in the streets and the country was gripped by a creeping paralysis which Labour was powerless to cure?",Con,1987,Right,"{""1.13e+07"":1,""1.24e+07"":1,""1.30e+07"":1,""1.31e+07"":1,""1.34e+07"":1,""1.42e+07"":1,""1.47e+07"":1,""1.51e+07"":1,""1.52e+07"":1,""1.53e+07"":1,""1.54e+07"":-1,""1.57e+07"":1,""1.58e+07"":1,""1.59e+07"":1,""1.63e+07"":1,""1.68e+07"":1,""1.75e+07"":1,""1.76e+07"":-1,""1.77e+07"":1,""1.85e+07"":0,""1.87e+07"":1,""1.88e+07"":1,""1.90e+07"":1,""1.93e+07"":1,""1.96e+07"":0,""1.98e+07"":1,""2.00e+07"":1,""2.02e+07"":1,""2.03e+07"":1,""2.04e+07"":0,""2.05e+07"":1,""2.06e+07"":1,""2.07e+07"":0,""2.08e+07"":1,""2.09e+07"":0,""2.10e+07"":1,""2.11e+07"":1,""2.12e+07"":0,""2.13e+07"":1,""2.14e+07"":0,""2.15e+07"":1,""2.16e+07"":1,""2.19e+07"":1,""2.20e+07"":0,""5013710"":1,""5653573"":1,""5751985"":1,""6591328"":1,""6909651"":1,""7557336"":1,""8382218"":1,""8968750"":1,""946983"":1}"
manifestos_econ_ideology_2302,1170004021,Britain's culture and heritage play a vital role in attracting visitors to the UK and boosting the very important tourism industry.,LD,2010,Left,"{""3626598"":-1}"
manifestos_econ_ideology_2303,1070016161,"We will fight to preserve the Union, a promise which only the Conservatives can give at this election.",Con,1992,Left,"{""1.10e+07"":-1,""1.82e+07"":-1}"
manifestos_econ_ideology_2304,1140002981,"Third, I will introduce fairer taxes.",LD,2005,Right,"{""1.40e+07"":1,""1.52e+07"":1,""1.57e+07"":1,""1.66e+07"":1,""1.88e+07"":1}"
manifestos_econ_ideology_2305,1120000021,"Schools pledge. 2 10,000 extra teachers and higher standards in secondary schools.",Lab,2001,Left,"{""1.10e+07"":-1}"
manifestos_econ_ideology_2306,1180008531,Culture and the arts are vital to a modern economy.,Lab,2010,Left,"{""1.10e+07"":-1,""1.52e+07"":-1}"
manifestos_econ_ideology_2307,1120013691,These remain our aims.,Lab,2001,Left,"{""1.42e+07"":-1}"
manifestos_econ_ideology_2308,1150008331," installing 300,000 new kitchens, 220,000 new bathrooms and 720,000 new boilers and central heating systems into council homes.",Lab,2005,Left,"{""1.57e+07"":-1,""2.05e+07"":-1}"
manifestos_econ_ideology_2309,1110001961,We will also invest in training related to the use of new science equipment.,LD,2001,Left,"{""1.10e+07"":-1,""1.30e+07"":-1}"
manifestos_econ_ideology_2310,1180009611,"For the Tories the environment has been all about image — by failing to deliver on our renewable energy targets, reversing our planning reforms and giving up on our new industrial strategy, they would put Labour's low-carbon revolution in jeopardy.",Lab,2010,Left,"{""1.52e+07"":-1}"
manifestos_econ_ideology_2311,1140002741,Green Action. Tougher action to enforce high environmental standards.,LD,2005,Left,"{""1.42e+07"":-1}"
manifestos_econ_ideology_2312,1160006111,We will support older people to live independently at home and have access to the personal care they need.,Con,2010,Left,"{""1.10e+07"":-1,""1.57e+07"":-1}"
manifestos_econ_ideology_2313,1070014561,We will consult on our recently published draft planning policy guidance designed to provide a clear framework for decisions on developments to aid tourism.,Con,1992,Left,"{""1.53e+07"":-1}"
manifestos_econ_ideology_2314,1070015601,This is expected to raise £6 million in its first year to support local and youth sport.,Con,1992,Left,"{""1.10e+07"":-1,""1.57e+07"":-1}"
manifestos_econ_ideology_2315,1110009811,"We want a Europe where the interests of people, not bureaucrats, come first a Europe that seeks to empower people, not impose upon them and where European institutions concentrate on what they do best.",LD,2001,Right,"{""1.63e+07"":1}"
manifestos_econ_ideology_2316,40006901,We now want to draw in private investment to modernise London Underground and improve services to passengers.,Con,1997,Right,"{""1.19e+07"":1,""1.52e+07"":1,""1.53e+07"":-1,""1.71e+07"":1,""1.74e+07"":1,""1.86e+07"":1,""2.00e+07"":1,""2.04e+07"":1,""2.08e+07"":1,""2.09e+07"":1,""2.10e+07"":1,""2.13e+07"":1,""3280015"":1,""7918256"":1,""7954010"":1,""7995027"":1}"
manifestos_econ_ideology_2317,1070013371,It will be fair and will rightly reflect both the value of the property and the number of adults who live in it.,Con,1992,Right,"{""1.52e+07"":1}"
manifestos_econ_ideology_2318,1120007521,"Our new system of university finance ensures that 50 per cent of students pay no tuition fees at all, that no parents pay more than under the old system, and that students pay back loans progressively when they are earning.",Lab,2001,Left,"{""1.10e+07"":-1,""1.30e+07"":-1,""1.53e+07"":-1,""1.68e+07"":-1}"
manifestos_econ_ideology_2319,1120009361,"For those in retirement, security depends on partnership between state and funded provision.",Lab,2001,Left,"{""1.10e+07"":-1,""1.68e+07"":-1,""1.93e+07"":-1,""2.05e+07"":-1,""6355305"":-1}"
manifestos_econ_ideology_2320,1070016831,"We will complete the privatisation of Northern Ireland Electricity, transfer the water and sewage services to the private sector, and examine ways of bringing private sector skills into the management of Northern Ireland Railways.",Con,1992,Right,"{""1.10e+07"":1,""1.40e+07"":1,""1.52e+07"":1,""1.93e+07"":1,""2.01e+07"":1}"
manifestos_econ_ideology_2321,1110011391,"We would allow the Scottish Parliament, the National Assembly for Wales, the Northern Ireland Assembly, the English regions and local authorities to borrow for investment directly from the market, subject to rules similar to those already established for central government.",LD,2001,Left,"{""1.10e+07"":-1,""1.30e+07"":-1}"
manifestos_econ_ideology_2322,1150002131,"In the next term, we will ensure that our planning system continues to protect the sustainability of local and regional environments - and we will continue to develop a regime which is simpler, faster and more responsive to local and business needs including the need to create jobs and regenerate our cities.",Lab,2005,Left,"{""1.41e+07"":-1}"
manifestos_econ_ideology_2323,1090005991,Britain in a new world. We need a new government to grasp new opportunities.,Lab,1992,Left,"{""1.57e+07"":-1}"
manifestos_econ_ideology_2324,1120001081,"that without opportunity, responsibility was weak;",Lab,2001,Left,"{""1.30e+07"":-1}"
manifestos_econ_ideology_2325,1120005691,"The dangers of coastal and inland flooding are now widely appreciated, and we are committed to investment in preventative solutions, including more sensitive use of agricultural land.",Lab,2001,Left,"{""1.10e+07"":-1,""6355305"":-1}"
manifestos_econ_ideology_2326,1120006021,"In health, we will recruit 20,000 extra nurses and at least 10,000 extra doctors.",Lab,2001,Left,"{""1.53e+07"":-1}"
manifestos_econ_ideology_2327,1180000551,It is working.,Lab,2010,Left,"{""1.10e+07"":-1,""1.51e+07"":-1}"
manifestos_econ_ideology_2328,1120010621,The endowment will be locked until the child reaches adulthood.,Lab,2001,Left,"{""1.95e+07"":-1}"
manifestos_econ_ideology_2329,1160008671,"Put communities in charge of planning. The planning system is vital for a strong economy, for an attractive and sustainable environment, and for a successful democracy.",Con,2010,Right,"{""1.57e+07"":1}"
manifestos_econ_ideology_2330,1120014501,We face a very simple question.,Lab,2001,Right,"{""1.10e+07"":1}"
manifestos_econ_ideology_2331,1140003951,Red tape must be cut.,LD,2005,Right,"{""1.30e+07"":1,""1.42e+07"":1,""1.52e+07"":1,""1.88e+07"":1}"
manifestos_econ_ideology_2332,1120003831,Labour's priority is to improve and expand railway and road travel.,Lab,2001,Left,"{""1.30e+07"":-1}"
manifestos_econ_ideology_2333,1180010291,"Valuing nature for everyone. For millions of people the British countryside, and the parks and commons of our towns and cities, provide solace from the pressures of modern life.",Lab,2010,Right,"{""1.40e+07"":1}"
manifestos_econ_ideology_2334,1180011201,"Greater accountability - with public services built around users, scrutinised by democratically elected local councils, and with clear rights of redress for citizens - will strengthen support for collectively provided services, while driving efficiency and effectiveness in expenditure.",Lab,2010,Right,"{""1.40e+07"":1,""1.66e+07"":1}"
manifestos_econ_ideology_2335,1140003431,Before entering parliament in 1983 I worked in business.,LD,2005,Right,"{""1.40e+07"":1,""1.52e+07"":1}"
manifestos_econ_ideology_2336,1100004251,Britain has prospered when trade has been free.,Con,2001,Right,"{""1.40e+07"":1,""1.57e+07"":1,""1.68e+07"":1,""1.93e+07"":1}"
manifestos_econ_ideology_2337,1080004021,We will work with the EC to counter the dumping of stocks into the Community.,LD,1992,Right,"{""1.51e+07"":1}"
manifestos_econ_ideology_2338,1130003381,"Our plans to boost shared ownership schemes, and give social housing tenants the right to own a share of their home, will also benefit first-time buyers.",Con,2005,Right,"{""1.13e+07"":1,""1.30e+07"":1,""1.93e+07"":1,""1.95e+07"":1,""2.05e+07"":1}"
manifestos_econ_ideology_2339,1150007011,All this will be free at the point of need.,Lab,2005,Left,"{""1.42e+07"":-1,""1.95e+07"":-1}"
manifestos_econ_ideology_2340,1110005221,"In addition, we will ensure that there are clear rules governing future expansion of airports, strengthening consideration of environmental impacts and safety implications.",LD,2001,Left,"{""1.42e+07"":-1,""1.82e+07"":-1}"
manifestos_econ_ideology_2341,1100005121,Abolish housebuilding targets which threaten our green fields.,Con,2001,Right,"{""1.95e+07"":1}"
manifestos_econ_ideology_2342,1070005391,We will ensure that inspection reports are published and widely available.,Con,1992,Left,"{""1.68e+07"":-1}"
manifestos_econ_ideology_2343,1140005041,"Liberal Democrats will set a long-term goal of zero municipal waste, through waste minimisation, reuse and recycling.",LD,2005,Left,"{""1.42e+07"":-1}"
manifestos_econ_ideology_2344,1180009461,"We will support film festivals around the country, and establish a new biennial Festival of Britain, beginning in 2013, showcasing our major cultural achievements and young British talent across all of our creative industries.",Lab,2010,Right,"{""1.66e+07"":1}"
manifestos_econ_ideology_2345,1150001811, A strong partnership with trade unions to boost workplace training including a new TUC Academy and continued support for Union Learning Reps.,Lab,2005,Left,"{""1.40e+07"":-1,""1.51e+07"":-1,""1.52e+07"":-1,""1.57e+07"":-1,""1.68e+07"":-1}"
manifestos_econ_ideology_2346,1160001181,"And most importantly, we have faith in the people of Britain, because we know that if we all pull together, stick together, then this country can change its future.",Con,2010,Right,"{""1.52e+07"":1,""1.63e+07"":1,""2.01e+07"":1}"
manifestos_econ_ideology_2347,10005591,We will therefore: emphasise environmental protection and promotion of non-farming rural businesses in the planning system,Con,1987,Left,"{""1.24e+07"":-1,""1.52e+07"":-1,""1.98e+07"":-1,""2.08e+07"":-1,""2.09e+07"":-1,""2.11e+07"":-1,""2.13e+07"":-1,""2.15e+07"":-1,""2361265"":-1,""37796"":1}"
manifestos_econ_ideology_2348,1100002251,We will also review the future of nuclear energy and its role in contributing to reductions in CO2 emissions.,Con,2001,Right,"{""1.95e+07"":1}"
manifestos_econ_ideology_2349,1070006221,OPPORTUNITY FOR ALL. Conservatives believe that high standards in education and training are the key to personal opportunity and national success.,Con,1992,Left,"{""1.57e+07"":-1}"
manifestos_econ_ideology_2350,1090000651,"The new Labour government's National Recovery Programme will start to remove that fear with immediate action on investment, jobs and training.",Lab,1992,Left,"{""1.10e+07"":-1,""1.52e+07"":-1}"
manifestos_econ_ideology_2351,1120009651,"As unemployment falls, we need further reform to help people into work.",Lab,2001,Left,"{""1.10e+07"":-1,""1.68e+07"":-1,""1.95e+07"":-1}"
manifestos_econ_ideology_2352,1150010311,As we approach the Olympics we will continue to invest in elite athletes through the Talented Athlete Scholarship Scheme for young athletes.,Lab,2005,Left,"{""1.10e+07"":-1}"
manifestos_econ_ideology_2353,30004131,The Polaris system of nuclear delivery is ageing and will soon be obsolete.,Lab,1987,Left,"{""1.53e+07"":-1}"
manifestos_econ_ideology_2354,60007331,The Conservative plan for the wholesale privatisation of London Underground is not the answer.,Lab,1997,Left,"{""1.19e+07"":-1,""1.24e+07"":-1,""1.49e+07"":-1,""1.53e+07"":-1,""1.80e+07"":-1,""1.81e+07"":-1,""1.98e+07"":-1,""2.00e+07"":-1,""2.06e+07"":-1,""2.08e+07"":1,""2.12e+07"":1,""2.13e+07"":-1,""568434"":-1}"
manifestos_econ_ideology_2355,1090000851,Investment will be targeted particularly at areas of skill shortages and will give people who are now unskilled the chance to acquire basic skills.,Lab,1992,Left,"{""1.68e+07"":-1}"
manifestos_econ_ideology_2356,60007751,Angling is Britain's most popular sport.,Lab,1997,Left,"{""2.11e+07"":-1}"
manifestos_econ_ideology_2357,1180009091,"We will protect the Post Office network, so that it can fulfil its historic role as a trusted institution serving the community.",Lab,2010,Left,"{""1.10e+07"":-1,""1.40e+07"":-1,""1.52e+07"":-1,""1.66e+07"":-1}"
manifestos_econ_ideology_2358,1100002621,We will introduce a Patient's Guarantee instead.,Con,2001,Right,"{""1.57e+07"":1}"
manifestos_econ_ideology_2359,1120009671,The contract is simple: quality opportunities for real responsibility.,Lab,2001,Left,"{""2.05e+07"":-1}"
manifestos_econ_ideology_2360,1090004581,comprehensive guarantees,Lab,1992,Right,"{""1.42e+07"":1}"
manifestos_econ_ideology_2361,1130000611,"Today, government is spending too much, wasting too much and taxing too much.",Con,2005,Right,"{""1.30e+07"":1,""1.40e+07"":1,""1.57e+07"":1,""1.82e+07"":1,""1.95e+07"":1}"
manifestos_econ_ideology_2362,1150010661,Rather than `polluter pays' this new system would mean the `polluter improves'.,Lab,2005,Left,"{""1.82e+07"":-1}"
manifestos_econ_ideology_2363,1170002571,"In the current economic climate it is not possible to commit to growth in spending, but Liberal Democrats recognise the importance of science investment to the recovery and to the reshaping of the economy, making it less reliant on the City of London and creating new green industries instead.",LD,2010,Left,"{""1.10e+07"":-1,""1.52e+07"":-1}"
manifestos_econ_ideology_2364,1080004831,We will develop distance learning opportunities and extend the franchising of higher education courses so that courses can start at local colleges - helping people who wish or need to study from home.,LD,1992,Right,"{""1.10e+07"":1}"
manifestos_econ_ideology_2365,1150001361,"Labour believes tax policy should continue to be governed by the health of the public finances, the requirement for public investment and the needs of families, business and the environment.",Lab,2005,Left,"{""1.40e+07"":-1,""1.52e+07"":-1,""1.57e+07"":-1,""1.68e+07"":-1,""5647650"":-1}"
manifestos_econ_ideology_2366,1070004191,So will local authority bus companies.,Con,1992,Right,"{""1.51e+07"":1,""1.52e+07"":1,""1.57e+07"":1,""6340562"":1}"
manifestos_econ_ideology_2367,1080003641,"The expansion of airports outside the South East, while at the same time freezing further development at Heathrow, Gatwick and Stansted.",LD,1992,Left,"{""1.52e+07"":-1}"
manifestos_econ_ideology_2368,1150009491,We have more than doubled aid since 1997.,Lab,2005,Left,"{""1.82e+07"":-1}"
manifestos_econ_ideology_2369,30003481, Restore the right to belong to a trade union to every employee - including those at GCHQ.,Lab,1987,Left,"{""1.52e+07"":-1,""1.53e+07"":-1,""1.56e+07"":-1,""1.85e+07"":-1,""1.98e+07"":-1,""2.00e+07"":-1,""2.06e+07"":-1,""2.07e+07"":-1,""2.09e+07"":-1,""2.10e+07"":-1,""2.11e+07"":-1,""2.12e+07"":-1,""2.13e+07"":-1,""4680678"":-1,""8968750"":-1,""946983"":-1}"
manifestos_econ_ideology_2370,1170005311,Work for the adoption of 'quick win' measures that could be initiated within the next few years such as reducing the use of hydrofluorocarbons (HFCs).,LD,2010,Left,"{""1.42e+07"":-1,""1.57e+07"":-1}"
manifestos_econ_ideology_2371,1160012091,"We will push for a trade deal which brings growth to the poorest countries, helps those countries adapt to climate change, and puts in place the building blocks of wealth creation.",Con,2010,Left,"{""1.10e+07"":-1}"
manifestos_econ_ideology_2372,1180002841,The Tories have no plan for fairness,Lab,2010,Left,"{""1.10e+07"":-1,""1.52e+07"":-1,""1.66e+07"":-1}"
manifestos_econ_ideology_2373,1150005811,"But it also means fundamentally reforming the NHS to meet new challenges - a more demanding citizenr y with higher expectations, major advances in science and medical technology, changes in the composition and needs of the population.",Lab,2005,Left,"{""1.82e+07"":-1}"
manifestos_econ_ideology_2374,60003441,They are a recognition of Conservative mismanagement of the public finances.,Lab,1997,Left,"{""1.01e+07"":1,""1.09e+07"":-1,""1.18e+07"":-1,""1.20e+07"":-1,""1.45e+07"":-1,""1.76e+07"":0,""1.93e+07"":-1,""1.98e+07"":-1,""1837834"":-1,""2.00e+07"":-1,""2.11e+07"":-1,""2.12e+07"":-1,""2.13e+07"":-1,""4660484"":0,""5270743"":-1,""8968750"":-1}"
manifestos_econ_ideology_2375,1180006471,"Parents who are clear their relationship has broken down and cannot be restored need more help to reach agreement about future arrangements early on in the process, for the benefit of their children.",Lab,2010,Left,"{""1.52e+07"":-1}"
manifestos_econ_ideology_2376,1070000251,I believe it often lies in changing the way government works,Con,1992,Right,"{""1.57e+07"":1}"
manifestos_econ_ideology_2377,1140006321,We will press within the EU to speed up reform so that the public funding available is used to provide public benefits.,LD,2005,Left,"{""1.41e+07"":-1,""1.68e+07"":-1}"
manifestos_econ_ideology_2378,60007251,It has fragmented the network and now threatens services.,Lab,1997,Left,"{""1.18e+07"":-1,""1.21e+07"":0,""1.53e+07"":-1,""2.11e+07"":-1,""2.13e+07"":-1,""2.14e+07"":-1,""568434"":-1,""6394076"":-1}"
manifestos_econ_ideology_2379,1120013851,"The nations of the UK. Devolution has strengthened the UK, preserving the union on the basis of a fairer partnership.",Lab,2001,Left,"{""1.10e+07"":-1}"
manifestos_econ_ideology_2380,1110004031,We will:  Invest in education to offer young people more opportunities.,LD,2001,Left,"{""1.10e+07"":-1,""1.30e+07"":-1,""1.42e+07"":-1}"
manifestos_econ_ideology_2381,1120010611,"All newly born children will have an interest-bearing Child Trust Fund set up in their name with an initial endowment from the government, with more for poorer children.",Lab,2001,Left,"{""1.10e+07"":-1,""1.42e+07"":-1,""1.57e+07"":-1,""6444018"":-1}"
manifestos_econ_ideology_2382,1160008321,All data will be published in an open and standardised format.,Con,2010,Right,"{""1.42e+07"":1}"
manifestos_econ_ideology_2383,1110002611,"To succeed as a nation, we need a flexible workforce which is used to acquiring new skills.",LD,2001,Left,"{""6355305"":-1}"
manifestos_econ_ideology_2384,1120004341,"Photo Caption: Supertram schemes have eased congestion in Manchester (above), Birmingham, Croydon, Sheffield and Nottingham, with plans under way in three more cities.",Lab,2001,Left,"{""1.53e+07"":-1}"
manifestos_econ_ideology_2385,10004481,Privatisation. Over a third of the companies and industries which used to be owned by the State have been returned to free enterprise.,Con,1987,Right,"{""1.06e+07"":1,""1.10e+07"":1,""1.15e+07"":1,""1.30e+07"":1,""1.40e+07"":1,""1.41e+07"":1,""1.45e+07"":1,""1.47e+07"":1,""1.51e+07"":1,""1.52e+07"":1,""1.53e+07"":1,""1.57e+07"":1,""1.58e+07"":1,""1.63e+07"":1,""1.66e+07"":1,""1.68e+07"":1,""1.71e+07"":1,""1.74e+07"":1,""1.82e+07"":1,""1.84e+07"":1,""1.86e+07"":1,""1.87e+07"":1,""1.88e+07"":1,""1.93e+07"":1,""1.96e+07"":1,""2.00e+07"":1,""2.02e+07"":0,""2.05e+07"":1,""2.06e+07"":1,""2.08e+07"":1,""2.09e+07"":1,""2.10e+07"":1,""2.11e+07"":1,""2.12e+07"":1,""2.13e+07"":1,""2.14e+07"":1,""2.21e+07"":1,""2793302"":1,""37796"":1,""6340562"":1,""6340793"":1,""6355305"":1,""6363491"":1,""8382218"":1,""9289597"":1}"
manifestos_econ_ideology_2386,1160010211,"As a result, we will cut the number of quangos intervening in the energy market.",Con,2010,Right,"{""1.52e+07"":1}"
manifestos_econ_ideology_2387,1110005161,"We will:  Reject privatisation of National Air Traffic Services creating instead a not-for-profit, public body to protect safety in the air.",LD,2001,Left,"{""1.10e+07"":-1,""1.16e+07"":-1,""1.30e+07"":-1,""1.42e+07"":-1,""1.82e+07"":-1}"
manifestos_econ_ideology_2388,1070004021,"Privitisation. Competition and private ownership are the most powerful engines of economic efficiency, innovation and choice.",Con,1992,Right,"{""1.13e+07"":1,""1.41e+07"":1,""1.52e+07"":1,""1.68e+07"":1,""5647650"":1}"
manifestos_econ_ideology_2389,60003561,National minimum wage to tackle low pay ,Lab,1997,Left,"{""1.01e+07"":1,""1.04e+07"":1,""1.10e+07"":-1,""1.18e+07"":-1,""1.19e+07"":-1,""1.24e+07"":-1,""1.27e+07"":-1,""1.30e+07"":-1,""1.40e+07"":-1,""1.42e+07"":-1,""1.51e+07"":-1,""1.52e+07"":-1,""1.54e+07"":-1,""1.57e+07"":-1,""1.68e+07"":-1,""1.73e+07"":-1,""1.82e+07"":-1,""1.87e+07"":-1,""1.88e+07"":-1,""1.93e+07"":-1,""1.95e+07"":1,""157833"":1,""2.02e+07"":-1,""2.20e+07"":-1,""2737722"":-1,""2793302"":-1,""3280015"":-1,""3307853"":-1,""5108677"":-1,""5112203"":-1,""568434"":-1,""5768369"":1,""6002241"":-1,""6066983"":0,""6320843"":1,""6342862"":-1,""7918256"":1,""7954010"":1,""7995027"":0,""874567"":1,""8836799"":-1,""8893451"":-1,""8968750"":-1,""917392"":-1}"
manifestos_econ_ideology_2390,1180000521,Labour believes we must not put the recovery at risk by reckless cuts to public spending this year.,Lab,2010,Left,"{""1.10e+07"":-1,""1.40e+07"":-1,""1.51e+07"":-1,""1.82e+07"":-1,""1.93e+07"":-1}"
manifestos_econ_ideology_2391,1080002891,"We will decentralise planning decisions as much as possible, giving a key role to the local plan drawn up by the local authority.",LD,1992,Left,"{""1.86e+07"":-1}"
manifestos_econ_ideology_2392,1180002301,offering a one-year holiday on business rates for small businesses,Lab,2010,Right,"{""1.10e+07"":1,""1.40e+07"":1,""1.51e+07"":1,""1.57e+07"":1,""1.93e+07"":1}"
manifestos_econ_ideology_2393,1080003921,"Countryside Management Agreements, described above, will be a key feature in this shift of CAP resources from price support to environmental goals.",LD,1992,Right,"{""2.01e+07"":1}"
manifestos_econ_ideology_2394,1100006181,Simplify regulation of British broadcasting and communications.,Con,2001,Right,"{""1.52e+07"":1,""1.57e+07"":1}"
manifestos_econ_ideology_2395,1090001141,The Conservatives have created the longest recession for 60 years.,Lab,1992,Left,"{""1.10e+07"":-1,""1.42e+07"":-1,""1.68e+07"":-1,""1.86e+07"":-1,""2.02e+07"":-1,""2.03e+07"":0,""2.09e+07"":-1,""2.13e+07"":-1}"
manifestos_econ_ideology_2396,40011341,"Politicians whose own declared policies would burden the United Kingdom with new spending and taxation, new regulations, and new threats to the stability and sovereignty of the nation itself.",Con,1997,Right,"{""1.45e+07"":-1,""1.53e+07"":1,""1.74e+07"":1,""1.86e+07"":1,""1.90e+07"":-1,""1.98e+07"":1,""2.00e+07"":1,""2.01e+07"":1,""2.08e+07"":1,""2.09e+07"":1,""2.14e+07"":1,""3307853"":1,""5270743"":1,""7918256"":-1,""881561"":1}"
manifestos_econ_ideology_2397,1180006881,free TV licences for the over-75s,Lab,2010,Left,"{""1.52e+07"":-1,""1.82e+07"":-1,""1.86e+07"":-1}"
manifestos_econ_ideology_2398,1100002091,So a Conservative Government will cut the burden of regulation and free businesses to serve their customers rather than serving their regulators.,Con,2001,Right,"{""1.10e+07"":1,""1.30e+07"":1,""1.40e+07"":1,""1.57e+07"":1,""1.68e+07"":1}"
manifestos_econ_ideology_2399,1110011071,In return for financial support recipient countries should be obliged to reduce expenditure on arms.,LD,2001,Left,"{""1.10e+07"":-1,""1.30e+07"":-1,""1.53e+07"":-1}"
manifestos_econ_ideology_2400,1070002971,"The Route of Lower Taxes. Economic growth is created by people's hard work, ingenuity thrift and willingness to take risks.",Con,1992,Right,"{""1.40e+07"":1,""1.41e+07"":1,""1.52e+07"":1,""1.95e+07"":1,""5647650"":1}"
manifestos_econ_ideology_2401,1080005761,"We will work towards the eventual creation of a new 'Citizen's Income', payable to all irrespective of sex or status.",LD,1992,Left,"{""1.10e+07"":-1,""1.30e+07"":-1,""1.41e+07"":-1,""1.52e+07"":-1,""1.66e+07"":0,""1.86e+07"":-1,""2.05e+07"":-1,""2.09e+07"":-1,""7918256"":-1,""886"":-1}"
manifestos_econ_ideology_2402,1180005101,"But to ensure a new wave of social mobility, we are committed to an historic change: raising the education and training leaving age to 18.",Lab,2010,Left,"{""1.82e+07"":-1}"
manifestos_econ_ideology_2403,1100000541,Widows and widowers find supporting children particularly difficult.,Con,2001,Right,"{""1.57e+07"":1,""1.68e+07"":1}"
manifestos_econ_ideology_2404,1160004381,The achievement gap at school between the richest and poorest is growing.,Con,2010,Left,"{""1.57e+07"":-1}"
manifestos_econ_ideology_2405,30003491, Ensure that the law guarantees the essential legal freedom of workers and their unions to organise effective industrial action.,Lab,1987,Left,"{""1.01e+07"":-1,""1.52e+07"":-1,""1.53e+07"":1,""1.75e+07"":-1,""1.98e+07"":-1,""2.06e+07"":-1,""2.09e+07"":-1,""2.12e+07"":-1,""2.14e+07"":-1,""4680678"":-1,""8968750"":-1,""946983"":-1}"
manifestos_econ_ideology_2406,1130000841,We will change direction.,Con,2005,Right,"{""1.40e+07"":1,""1.51e+07"":1,""1.93e+07"":1}"
manifestos_econ_ideology_2407,1070016491,Spending on health has increased by 60 per cent in real terms since 1979.,Con,1992,Left,"{""1.10e+07"":-1,""1.16e+07"":-1,""1.68e+07"":-1}"
manifestos_econ_ideology_2408,1120011011,"Of this, £2 billion is going to the poorest third of pensioners.",Lab,2001,Left,"{""1.42e+07"":-1,""1.57e+07"":-1,""1.63e+07"":-1,""1.93e+07"":-1,""2.01e+07"":-1}"
manifestos_econ_ideology_2409,1110001631,"In schools, they have invested in paperwork rather than people, demoralising teachers and wasting resources by creating a mountain of extra bureaucracy.",LD,2001,Left,"{""1.10e+07"":-1}"
manifestos_econ_ideology_2410,1130001081,A Conservative Government will lock in economic stability.,Con,2005,Right,"{""1.30e+07"":1,""1.82e+07"":1,""1.93e+07"":1}"
manifestos_econ_ideology_2411,1160003421,Too many areas of the UK lack a vibrant private sector and are too dependent on public spending.,Con,2010,Right,"{""1.10e+07"":1,""1.30e+07"":1,""1.52e+07"":1,""1.82e+07"":1,""1.93e+07"":1}"
manifestos_econ_ideology_2412,1180001891,"The banking system must support domestic businesses, including start-ups and entrepreneurs, as well as mortgages.",Lab,2010,Left,"{""1.10e+07"":-1,""1.51e+07"":-1,""1.63e+07"":-1,""1.82e+07"":-1,""1911075"":-1}"
manifestos_econ_ideology_2413,10003291,"As the Party determined to achieve growing prosperity we recognise that it is people who create wealth, not governments.",Con,1987,Right,"{""1.10e+07"":1,""1.12e+07"":1,""1.19e+07"":1,""1.30e+07"":1,""1.40e+07"":1,""1.42e+07"":1,""1.45e+07"":1,""1.51e+07"":1,""1.52e+07"":1,""1.57e+07"":1,""1.72e+07"":1,""1.81e+07"":1,""1.82e+07"":1,""1.84e+07"":1,""1.86e+07"":1,""1.88e+07"":1,""1.93e+07"":1,""1.98e+07"":1,""1707404"":1,""1911075"":1,""2.00e+07"":1,""2.01e+07"":1,""2.02e+07"":1,""2.04e+07"":1,""2.06e+07"":1,""2.08e+07"":1,""2.09e+07"":1,""2.10e+07"":1,""2.11e+07"":1,""2.12e+07"":1,""2.13e+07"":1,""2.14e+07"":1,""2.18e+07"":1,""2.20e+07"":1,""2737722"":1,""3280015"":1,""7918256"":1,""7954010"":1,""7995027"":1,""8836799"":-1,""8893451"":1,""933218"":1,""9703593"":1}"
manifestos_econ_ideology_2414,1080003481,"We will encourage new schemes, using light railways and trams in cities.",LD,1992,Left,"{""1.10e+07"":-1,""1.52e+07"":-1}"
manifestos_econ_ideology_2415,1120009351,We will transform support for children to achieve it.,Lab,2001,Left,"{""1.30e+07"":-1,""1.45e+07"":-1}"
manifestos_econ_ideology_2416,1120005391,CAP reform is now more possible,Lab,2001,Left,"{""1.10e+07"":-1,""2.03e+07"":-1}"
manifestos_econ_ideology_2417,1170002431,Use the substantial purchasing power of government to expand the markets for green products and technologies.,LD,2010,Left,"{""1.52e+07"":-1,""1.57e+07"":-1,""2.02e+07"":-1}"
manifestos_econ_ideology_2418,1120004171,Buses.  Buses are vital to local journeys.,Lab,2001,Right,"{""1.85e+07"":1}"
manifestos_econ_ideology_2419,1160008781,"To give communities greater control over planning, we will: abolish the power of planning inspectors to rewrite local plans",Con,2010,Right,"{""1.57e+07"":1}"
manifestos_econ_ideology_2420,40001311,Never have such policies been so important.,Con,1997,Right,"{""1.27e+07"":1,""1.51e+07"":1,""1.75e+07"":1,""1.89e+07"":1,""1.98e+07"":1,""2.01e+07"":1,""2.10e+07"":1,""2.13e+07"":1,""7954010"":1,""8968750"":1}"
manifestos_econ_ideology_2421,1160010091,"creating four carbon capture and storage-equipped plants, taking coal - one of the most polluting fuels of all - and transforming it into a low carbon fuel of the future",Con,2010,Left,"{""2.15e+07"":-1}"
manifestos_econ_ideology_2422,1180008841,We have provided the first nationwide programme of free theatre to young people,Lab,2010,Left,"{""1.10e+07"":-1,""1.40e+07"":-1,""1.57e+07"":-1}"
manifestos_econ_ideology_2423,1070011501,"The Conservative commitment is both to the re-creation of our civic pride and also to the preservation and integrity of our rural heritage, founded on the core industry of agriculture.",Con,1992,Right,"{""1.95e+07"":1}"
manifestos_econ_ideology_2424,1120000261,That is the choice: to make progress or to dismantle the foundations laid.,Lab,2001,Right,"{""1.63e+07"":1}"
manifestos_econ_ideology_2425,1170007541,And Britain's hard-won civil liberties have been eaten away.,LD,2010,Right,"{""1.57e+07"":1}"
manifestos_econ_ideology_2426,1160010361,Labour have relied too much on regulation and top-down targets that have failed to halt biodiversity loss.,Con,2010,Right,"{""1.57e+07"":1}"
manifestos_econ_ideology_2427,1070013191,They would abolish the requirement on local authorities to seek value for money through competitive tendering.,Con,1992,Right,"{""1.10e+07"":1,""1.41e+07"":1,""1.87e+07"":1,""1.93e+07"":1}"
manifestos_econ_ideology_2428,1120014451,Reform in Europe. Europe is changing.,Lab,2001,Left,"{""1.10e+07"":-1}"
manifestos_econ_ideology_2429,1110010571,Ensure that the United Nations has the resources to act.,LD,2001,Left,"{""1.30e+07"":-1}"
manifestos_econ_ideology_2430,1150010721,"From April 2006, all new homes receiving government funding will meet the new Code for Sustainable Buildings and we will encourage local authorities to apply similar standards to private homes.",Lab,2005,Left,"{""1.10e+07"":-1,""1.30e+07"":-1,""1.52e+07"":-1,""1.57e+07"":-1}"
manifestos_econ_ideology_2431,1070006001,We also want to strengthen the links between the DTI and the highly successful Training and Enterprise Councils.,Con,1992,Left,"{""9289597"":-1}"
manifestos_econ_ideology_2432,30002571,"Making Travel Easier. Efficient, inexpensive public transport is essential in any society.",Lab,1987,Left,"{""1.01e+07"":-1,""1.74e+07"":-1,""1.81e+07"":-1,""1.88e+07"":0,""1.93e+07"":-1,""2.07e+07"":0,""2.10e+07"":-1,""2.12e+07"":-1,""2.13e+07"":-1,""4680678"":-1,""8968750"":-1,""946983"":-1}"
manifestos_econ_ideology_2433,1150006431,"To help create an even greater range of provision and further improve convenience, we will over the next five years develop a new generation of modern NHS community hospitals.",Lab,2005,Left,"{""1.82e+07"":-1}"
manifestos_econ_ideology_2434,1090006251,It's a new chance for a new Europe. The Labour government will promote Britain out of the European second division into which our country has been relegated by the Tories.,Lab,1992,Left,"{""1.10e+07"":-1,""1.98e+07"":-1}"
manifestos_econ_ideology_2435,1160009061,scrapping Labour's uncompleted plans to impose unwieldy and expensive unitary councils and to force the regionalisation of the fire service,Con,2010,Right,"{""1.57e+07"":1}"
manifestos_econ_ideology_2436,1100006561,But we are throwing away our head start.,Con,2001,Right,"{""1.95e+07"":1}"
manifestos_econ_ideology_2437,1070003581,"We intend to spread the ownership of shares, homes, pensions and savings.",Con,1992,Right,"{""1.52e+07"":1,""1.53e+07"":1,""1.86e+07"":1,""2.00e+07"":1,""2.06e+07"":1,""2.08e+07"":1,""2.09e+07"":1,""2.13e+07"":1,""6340562"":1}"
manifestos_econ_ideology_2438,1080002201,This will reduce the current tax penalties on investment in industry.,LD,1992,Right,"{""1.10e+07"":1,""1.40e+07"":1,""1.52e+07"":1,""1.93e+07"":1,""3731467"":1}"
manifestos_econ_ideology_2439,1180004011,"We will introduce a universal service obligation on retail banks, so that all consumers with a valid address have a legal right to a basic bank account, and a right to redress if this is refused.",Lab,2010,Left,"{""1.53e+07"":-1,""2.03e+07"":-1,""2.13e+07"":-1,""2.17e+07"":-1,""2.19e+07"":-1}"
manifestos_econ_ideology_2440,10001971,Owning a direct stake in industry not only enhances personal independence,Con,1987,Right,"{""1.10e+07"":-1,""1.40e+07"":1,""1.43e+07"":1,""1.45e+07"":1,""1.47e+07"":1,""1.51e+07"":-1,""1.52e+07"":1,""1.53e+07"":1,""1.57e+07"":-1,""1.68e+07"":1,""1.71e+07"":1,""1.74e+07"":1,""1.81e+07"":1,""1.82e+07"":1,""1.86e+07"":-1,""1.87e+07"":1,""1.93e+07"":1,""1.94e+07"":1,""1.98e+07"":1,""2.00e+07"":1,""2.01e+07"":1,""2.03e+07"":1,""2.04e+07"":1,""2.05e+07"":1,""2.06e+07"":1,""2.08e+07"":1,""2.09e+07"":1,""2.10e+07"":1,""2.11e+07"":1,""2.12e+07"":1,""2.13e+07"":1,""2.14e+07"":-1,""2361265"":1,""263290"":1,""5983773"":1,""6342862"":1,""6355305"":1,""7881274"":1,""8382218"":1}"
manifestos_econ_ideology_2441,1070003191,"In practice, they can bring in less.",Con,1992,Right,"{""1.41e+07"":1,""1.51e+07"":1,""1.52e+07"":1,""1.68e+07"":1}"
manifestos_econ_ideology_2442,1110005271,"Cleaner and More Efficient Vehicles. We will promote technologies which improve vehicle efficiency and the use of alternative fuel systems such as Liquefied Petroleum Gas, and, in the longer term, biofuels and zero emission vehicles.",LD,2001,Left,"{""1.30e+07"":-1,""1.42e+07"":-1}"
manifestos_econ_ideology_2443,1180005551,"The resulting failures were visible to all: long waits, outdated buildings, too few doctors and nurses.",Lab,2010,Left,"{""1.82e+07"":-1}"
manifestos_econ_ideology_2444,1090004411,"Councillors must get proper support, to ensure that they are drawn from all parts of the community and are not financially disadvantaged.",Lab,1992,Left,"{""1.10e+07"":-1,""1.68e+07"":-1}"
manifestos_econ_ideology_2445,1110006581,Neither party has really backed new enterprise and new ideas.,LD,2001,Right,"{""2.05e+07"":1}"
manifestos_econ_ideology_2446,1180011541,Digital government also demands digital inclusion.,Lab,2010,Right,"{""1.52e+07"":1}"
manifestos_econ_ideology_2447,1120013471,Local authorities are responsible for the effective delivery of over £90 billion of public services a year.,Lab,2001,Left,"{""1.68e+07"":-1}"
manifestos_econ_ideology_2448,1180009701,Britain is a transition economy: from high carbon to low carbon.,Lab,2010,Left,"{""1.10e+07"":-1,""1.52e+07"":-1}"
manifestos_econ_ideology_2449,1080003311,"We will give grants for home insulation and the installation of solar panels, and introduce energy audits of buildings.",LD,1992,Left,"{""1.57e+07"":-1}"
manifestos_econ_ideology_2450,1140005691,We will require arms brokers to register under a code of conduct and revoke the licences of those who break the code.,LD,2005,Left,"{""1.42e+07"":-1}"
manifestos_econ_ideology_2451,20003291,"We will introduce a Bill to enable business to charge interest on overdue payment of bills, if they so wish.",LD,1987,Right,"{""1.20e+07"":1,""1.52e+07"":1,""1.59e+07"":1,""1.81e+07"":0,""1.83e+07"":0,""1.93e+07"":1,""1.98e+07"":1,""2.01e+07"":1,""2.11e+07"":1,""2.12e+07"":1,""5112203"":-1,""6591328"":1,""714020"":1,""8798523"":1,""8836799"":1,""8968750"":1,""9458742"":1}"
manifestos_econ_ideology_2452,1170002291,"We need to ensure a strong competitive environment by providing a level playing field for all businesses, encouraging a diverse, sustainable economy for the long term.",LD,2010,Right,"{""1.10e+07"":1,""1.52e+07"":1,""1.57e+07"":1,""1.98e+07"":1}"
manifestos_econ_ideology_2453,1120009601,"The New Deal leads to real jobs, a lower benefits bill and higher tax receipts.",Lab,2001,Left,"{""1.10e+07"":-1,""1.93e+07"":-1,""2.03e+07"":-1,""2.05e+07"":-1,""6355305"":-1}"
manifestos_econ_ideology_2454,40009761,We have taken the lead in alleviating the burden of debt for the world's poorest countries.,Con,1997,Left,"{""1.01e+07"":-1,""1.19e+07"":-1,""1.81e+07"":1,""1954947"":-1,""2.06e+07"":-1,""2.10e+07"":-1,""2.13e+07"":-1,""2.14e+07"":-1,""5270743"":-1,""7918256"":-1,""8836799"":-1,""9775837"":-1}"
manifestos_econ_ideology_2455,1110008041,We will also define a minimum standard of service for local councils across the country.,LD,2001,Right,"{""1.42e+07"":1}"
manifestos_econ_ideology_2456,1070003351,Yet lower taxes clearly create a more productive economy.,Con,1992,Right,"{""1.10e+07"":1,""1.40e+07"":1,""1.52e+07"":1,""1.66e+07"":1,""1.93e+07"":1}"
manifestos_econ_ideology_2457,1170004531,"Liberal Democrats will increase the inadequate basic state pension and ensure fair treatment for everyone from government, public services and business alike.",LD,2010,Left,"{""1.10e+07"":-1,""1.51e+07"":-1,""1.52e+07"":-1,""1.57e+07"":-1,""1.87e+07"":-1}"
manifestos_econ_ideology_2458,1140003131,"We believe that in order to concentrate resources on currently under-funded areas such as pensions, policing and early years education, funding should be switched from lower priority areas.",LD,2005,Left,"{""1.30e+07"":-1,""1.52e+07"":-1,""1.82e+07"":-1,""1911075"":-1}"
manifestos_econ_ideology_2459,1100007021,"Because Labour do not understand how the history and stability of our democratic structures have underpinned our national life, they have altered them in a crude, unthinking way, often for narrow party advantage.",Con,2001,Right,"{""1.95e+07"":1}"
manifestos_econ_ideology_2460,1110001801,Teachers are also burdened with more and more unnecessary bureaucracy.,LD,2001,Right,"{""1.57e+07"":1,""1.95e+07"":1}"
manifestos_econ_ideology_2461,1120000121,"17,000 extra nurses now in the NHS.",Lab,2001,Left,"{""1.10e+07"":-1}"
manifestos_econ_ideology_2462,1090000551,"It will mean action to help families, fair taxation, incentives for enterprise and support for essential community services.",Lab,1992,Left,"{""1.10e+07"":-1,""1.42e+07"":-1,""1.52e+07"":-1,""1.68e+07"":-1,""1.87e+07"":-1}"
