id,sentenceid,text,party,year,ground_truth,original_annotations
manifestos_social_ideology_0,10007851,They require effective and sympathetic attention from the police and we have ensured that increasingly they receive it.,Con,1987,Liberal,"{""1.24e+07"":-1,""1.52e+07"":-1,""1.53e+07"":-1,""1.58e+07"":1,""1.87e+07"":-1,""1.89e+07"":-1,""2.00e+07"":-1,""2.01e+07"":-1,""2.06e+07"":-1,""2.09e+07"":-1,""2.10e+07"":-1,""2.11e+07"":-1,""2.12e+07"":-1,""2.13e+07"":-1,""37796"":1,""5112203"":-1,""8273320"":-1,""8382218"":1,""8893451"":-1}"
manifestos_social_ideology_1,1100001101,Increase police numbers.,Con,2001,Conservative,"{""1.10e+07"":1,""1.51e+07"":1,""1.57e+07"":1,""1.68e+07"":1,""1.93e+07"":1}"
manifestos_social_ideology_2,1090005801,Contract compliance laws will be the first step towards guaranteeing the black and Asian British their fair share of jobs.,Lab,1992,Liberal,"{""1.10e+07"":-1,""1.57e+07"":-1,""1.68e+07"":-1,""1.93e+07"":-1,""1.98e+07"":-1,""2.05e+07"":-1,""2.09e+07"":-1,""5993386"":-1,""7918256"":-1,""886"":-1}"
manifestos_social_ideology_3,1070000271,Government should look outwards.,Con,1992,Liberal,"{""1.63e+07"":-1}"
manifestos_social_ideology_4,1140001501,We will also provide more cycle routes and reform planning rules to make sure that key services are more easily accessible by foot or bicycle.,LD,2005,Liberal,"{""1.42e+07"":-1,""1.73e+07"":-1}"
manifestos_social_ideology_5,1150003431,Ofsted will be given new powers to respond to parental complaints and where necessary to close failing schools or replace failing management.,Lab,2005,Conservative,"{""2.02e+07"":1}"
manifestos_social_ideology_6,1120014201,We want to take further radical steps to ensure the civil ser vice has the skills base necessary to meet the challenges set out in this manifesto.,Lab,2001,Liberal,"{""1.51e+07"":-1}"
manifestos_social_ideology_7,1120010721,The level of educational attainment of children in care will be significantly increased.,Lab,2001,Liberal,"{""1.16e+07"":-1}"
manifestos_social_ideology_8,1160007271,So we will introduce a system where the courts can specify minimum and maximum sentences for certain offenders.,Con,2010,Conservative,"{""1.10e+07"":1,""1.52e+07"":1,""1.57e+07"":1,""1.68e+07"":1,""1.87e+07"":1}"
manifestos_social_ideology_9,1070009431,A number of public services and voluntary bodies are engaged in fighting drug misuse at local level.,Con,1992,Conservative,"{""1.10e+07"":1,""1.82e+07"":1,""2.01e+07"":1}"
manifestos_social_ideology_10,1150004981,Making sure crime does not pay. Those who commit crimes should not profit from them.,Lab,2005,Conservative,"{""1.40e+07"":1,""1.52e+07"":1,""1.57e+07"":1,""1.66e+07"":1,""1.68e+07"":1}"
manifestos_social_ideology_11,60009081,"The incorporation of the European Convention will establish a floor, not a ceiling, for human rights.",Lab,1997,Liberal,"{""1.01e+07"":1,""1.18e+07"":-1,""1.19e+07"":0,""1.20e+07"":-1,""1.24e+07"":-1,""1.32e+07"":-1,""1.52e+07"":-1,""1.88e+07"":0,""2.09e+07"":-1,""2.11e+07"":-1,""2.12e+07"":-1,""2.13e+07"":-1,""2793302"":-1,""568434"":-1}"
manifestos_social_ideology_12,1070001841,"British proposals helped to shape the key provisions of the Treaty including those strengthening the enforcement of Community law defence, subsidiarity and law and order.",Con,1992,Conservative,"{""1.10e+07"":1}"
manifestos_social_ideology_13,1130001571,"Our schools should be places where children also learn other skills for life, such as healthy living, being part of a team and respecting others.",Con,2005,Conservative,"{""2.00e+07"":1}"
manifestos_social_ideology_14,1130003861,So we believe that Britain must remain committed to rebuilding Iraq and allowing democracy to take hold.,Con,2005,Conservative,"{""2.00e+07"":1}"
manifestos_social_ideology_15,20001081,The Commission would be able to initiate action in the courts.,LD,1987,Liberal,"{""1.24e+07"":-1,""1.45e+07"":-1,""1.49e+07"":-1,""1.76e+07"":0,""1.98e+07"":-1,""2.04e+07"":-1,""2.06e+07"":-1,""2.08e+07"":-1,""2.11e+07"":-1,""2.13e+07"":-1,""2.14e+07"":-1,""313343"":0,""946983"":-1}"
manifestos_social_ideology_16,40011231,We will accordingly continue to pursue a policy of dialogue and negotiation with and between the democratic Northern Ireland parties.,Con,1997,Conservative,"{""2.00e+07"":1}"
manifestos_social_ideology_17,1070009061,"Every year, about 300,000 people - mostly women - request advice and assistance in dealing with obscene or malicious phone calls.",Con,1992,Conservative,"{""1.40e+07"":1,""1.57e+07"":1,""1.68e+07"":1,""1.95e+07"":1,""2.08e+07"":1,""2209950"":1,""3574338"":-1,""5849168"":1}"
manifestos_social_ideology_18,20008711,"If other parties seek to cheat the electorate of that right, we shall seek to bring the matter back before the voters as soon as possible.",LD,1987,Conservative,"{""1.94e+07"":1}"
manifestos_social_ideology_19,1070008921,The principles of the Citizen's Charter are being applied to our legal system.,Con,1992,Conservative,"{""1.87e+07"":1}"
manifestos_social_ideology_20,1070009151,"COMMUNITY RELATIONS. Racial harmony demands restraint on all sides, and a tolerant understanding of the legitimate views of others.",Con,1992,Liberal,"{""1.13e+07"":-1,""1.68e+07"":-1,""2.03e+07"":-1,""2.05e+07"":-1,""9289597"":-1}"
manifestos_social_ideology_21,1080003041,Government monitoring stations measure levels of pollutants such as nitrogen oxides or low-level ozone but fail to publicise them widely.,LD,1992,Liberal,"{""1.51e+07"":-1}"
manifestos_social_ideology_22,1070007281,The CBI's training targets envisage 80 per cent of young people reaching NVQ level 2 by the end of the Parliament.,Con,1992,Liberal,"{""1.51e+07"":-1,""1.96e+07"":-1}"
manifestos_social_ideology_23,40007921,"We will introduce minimum sentences for violent and persistent criminals to help protect the public more effectively, reversing Labour's wrecking amendments to our tough Crime Bill.",Con,1997,Conservative,"{""1.10e+07"":-1,""1.11e+07"":1,""1.18e+07"":1,""1.19e+07"":1,""1.21e+07"":1,""1.24e+07"":1,""1.30e+07"":1,""1.37e+07"":1,""1.40e+07"":1,""1.41e+07"":1,""1.42e+07"":1,""1.45e+07"":1,""1.52e+07"":1,""1.53e+07"":1,""1.57e+07"":1,""1.60e+07"":1,""1.66e+07"":1,""1.68e+07"":1,""1.74e+07"":1,""1.75e+07"":1,""1.80e+07"":1,""1.81e+07"":1,""1.82e+07"":1,""1.83e+07"":0,""1.84e+07"":1,""1.85e+07"":-1,""1.87e+07"":-1,""1.88e+07"":1,""1.90e+07"":1,""1.93e+07"":1,""1.94e+07"":1,""1.95e+07"":-1,""1.97e+07"":1,""1.98e+07"":1,""2.00e+07"":1,""2.01e+07"":1,""2.02e+07"":1,""2.03e+07"":1,""2.04e+07"":1,""2.05e+07"":-1,""2.06e+07"":1,""2.07e+07"":1,""2.08e+07"":-1,""2.09e+07"":1,""2.11e+07"":1,""2.12e+07"":1,""2.13e+07"":1,""2.14e+07"":1,""2.20e+07"":1,""2.21e+07"":1,""3720860"":1,""37796"":1,""5993386"":1,""7918256"":1,""7990814"":1,""8382218"":1,""886"":1,""9458742"":1}"
manifestos_social_ideology_24,1170000701,The Liberal Democrat philosophy is built on a simple ambition: to distribute power fairly among people.,LD,2010,Liberal,"{""1.41e+07"":-1}"
manifestos_social_ideology_25,1070006491,We will make it easier for small schools to enjoy the benefits of GM status by grouping together.,Con,1992,Liberal,"{""1.53e+07"":-1}"
manifestos_social_ideology_26,50007051,"Diversity, pluralism and a multicultural society are sources of strength for Britain.",LD,1997,Liberal,"{""1.10e+07"":-1,""1.11e+07"":-1,""1.13e+07"":-1,""1.16e+07"":-1,""1.17e+07"":-1,""1.18e+07"":-1,""1.19e+07"":-1,""1.24e+07"":-1,""1.30e+07"":0,""1.40e+07"":-1,""1.42e+07"":-1,""1.45e+07"":-1,""1.51e+07"":-1,""1.52e+07"":-1,""1.53e+07"":-1,""1.57e+07"":-1,""1.73e+07"":-1,""1.80e+07"":0,""1.81e+07"":-1,""1.84e+07"":-1,""1.85e+07"":-1,""1.86e+07"":-1,""1.87e+07"":-1,""1.93e+07"":-1,""1.98e+07"":-1,""2.02e+07"":-1,""2.03e+07"":-1,""2.05e+07"":-1,""2.06e+07"":-1,""2.08e+07"":-1,""2.09e+07"":-1,""2.10e+07"":-1,""2.11e+07"":-1,""2.12e+07"":-1,""2.13e+07"":-1,""2.14e+07"":-1,""2.15e+07"":0,""2.20e+07"":-1,""2793302"":-1,""2884040"":-1,""313343"":-1,""3559862"":-1,""5112203"":-1,""568434"":-1,""5751985"":-1,""6002241"":-1,""6161328"":-1,""6320843"":-1,""6355305"":-1,""7557336"":-1,""787803"":-1,""8893451"":-1,""8968750"":-1,""9137449"":-1,""9414315"":0,""946983"":-1}"
manifestos_social_ideology_27,1170003941,Make it illegal for a Local Health Board to allow a doctor to work in the UK without passing robust language and competence tests.,LD,2010,Conservative,"{""1.51e+07"":1,""1.63e+07"":1}"
manifestos_social_ideology_28,20007451,A civilised society treats animals with care and compassion.,LD,1987,Liberal,"{""1.19e+07"":-1,""1.53e+07"":-1,""1.80e+07"":0,""1.87e+07"":-1,""1.93e+07"":-1,""2.08e+07"":1,""2.11e+07"":-1,""2.13e+07"":-1,""2056455"":-1}"
manifestos_social_ideology_29,1170004361,Helping families stay strong. Every child deserves a happy life free from poverty and free from fear.,LD,2010,Liberal,"{""3626598"":-1}"
manifestos_social_ideology_30,60007201,"They extend from commitments at local level to give communities enhanced control over their environments, to initiatives at international level to ensure that all countries are contributing to the protection of the environment.",Lab,1997,Liberal,"{""1.13e+07"":-1,""1.81e+07"":-1,""2.10e+07"":-1,""2.12e+07"":-1,""2.13e+07"":0,""2.14e+07"":-1}"
manifestos_social_ideology_31,1140007111,Yet the Government does not have a popular majority for what it is doing.,LD,2005,Conservative,"{""1.57e+07"":1}"
manifestos_social_ideology_32,1150006811,Healthy choices for children. We will start the drive for better health early - at school.,Lab,2005,Liberal,"{""2.01e+07"":-1}"
manifestos_social_ideology_33,1160006621,They will be beacons of excellence in areas where school standards are unacceptably low.,Con,2010,Conservative,"{""2.01e+07"":1}"
manifestos_social_ideology_34,50007041,"Ethnic minorities. Despite progress over recent years, members of ethnic minorities are too often denied equal opportunities and have to face racism and discrimination on a daily basis.",LD,1997,Liberal,"{""1.10e+07"":-1,""1.18e+07"":-1,""1.20e+07"":-1,""1.24e+07"":-1,""1.40e+07"":-1,""1.41e+07"":-1,""1.42e+07"":-1,""1.45e+07"":-1,""1.51e+07"":-1,""1.52e+07"":-1,""1.53e+07"":-1,""1.57e+07"":-1,""1.68e+07"":-1,""1.71e+07"":-1,""1.74e+07"":-1,""1.82e+07"":-1,""1.83e+07"":-1,""1.86e+07"":-1,""1.87e+07"":-1,""1.88e+07"":-1,""1.90e+07"":0,""1.93e+07"":-1,""1.94e+07"":-1,""1.95e+07"":-1,""2.00e+07"":-1,""2.01e+07"":-1,""2.02e+07"":-1,""2.03e+07"":-1,""2.04e+07"":-1,""2.07e+07"":-1,""2.08e+07"":-1,""2.09e+07"":-1,""2.10e+07"":-1,""2.11e+07"":-1,""2.12e+07"":-1,""2.13e+07"":-1,""2.14e+07"":-1,""2.20e+07"":0,""2.21e+07"":-1,""2647839"":-1,""37796"":-1,""9458742"":-1,""946983"":-1}"
manifestos_social_ideology_35,1080006521,Strengthen the rights of women.,LD,1992,Liberal,"{""1.10e+07"":-1,""1.51e+07"":-1,""1.52e+07"":-1,""1.66e+07"":-1,""1.68e+07"":-1}"
manifestos_social_ideology_36,1070006711,"As a first step in the reform of teacher training, postgraduate students will spend much more time in school classrooms, learning their skills under the practised eye of senior teachers.",Con,1992,Liberal,"{""1.51e+07"":-1}"
manifestos_social_ideology_37,1130002431,"Our society needs more respect, discipline and decent values.",Con,2005,Conservative,"{""1.30e+07"":1,""1.88e+07"":1,""1.93e+07"":1,""2.05e+07"":1}"
manifestos_social_ideology_38,10009761,Firm Against Terrorism and Aggression. Britain has stood at the forefront in the fight against international terrorism.,Con,1987,Conservative,"{""5112203"":1}"
manifestos_social_ideology_39,20001111,We will secure equal representation of women on all appointed public bodies within a decade.,LD,1987,Liberal,"{""1.24e+07"":-1,""1.45e+07"":-1,""1.74e+07"":-1,""1.86e+07"":-1,""1.88e+07"":-1,""1.97e+07"":-1,""1.98e+07"":-1,""2.04e+07"":-1,""2.08e+07"":0,""2.12e+07"":-1,""2.13e+07"":-1,""313343"":-1,""8968750"":-1,""946983"":-1}"
manifestos_social_ideology_40,1120006401,"Our task now is to achieve a similar transformation in secondary education, liberating the particular talent of every child.",Lab,2001,Liberal,"{""6355305"":-1}"
manifestos_social_ideology_41,1080005661,"We will create the post of Public Defender, equivalent in status to the DPP and responsible for investigating alleged miscarriages of justice.",LD,1992,Liberal,"{""1.10e+07"":-1,""1.52e+07"":-1,""1.68e+07"":-1,""2.01e+07"":-1}"
manifestos_social_ideology_42,1140001801,Expert opinion confirms what common sense tells us: children well taught and well-cared-for in their early years have a better opportunity to lead successful and rewarding lives.,LD,2005,Liberal,"{""1.42e+07"":-1}"
manifestos_social_ideology_43,1140005881,Meet Britain's promise on aid.,LD,2005,Liberal,"{""2.00e+07"":-1}"
manifestos_social_ideology_44,40010451,Our armed forces are the most professional in the world.,Con,1997,Conservative,"{""1.32e+07"":1,""2.14e+07"":1}"
manifestos_social_ideology_45,1110008661,"Protecting Animals. Although we support firm action against violent protests by animal rights activists, we are committed to strengthening animal welfare.",LD,2001,Liberal,"{""1.30e+07"":-1,""1.42e+07"":-1,""1.57e+07"":-1}"
manifestos_social_ideology_46,1080008801,Our aim will be the creation of stable government for a whole Parliament and a more democratic basis for future elections.,LD,1992,Conservative,"{""2.20e+07"":1}"
manifestos_social_ideology_47,1120009891,We will support the commitment of community and voluntary groups to build up a diverse range of childcare from Early Excellence Centres to neighbourhood nurseries and informal care (see 'World-class public services').,Lab,2001,Liberal,"{""1.30e+07"":-1,""1.42e+07"":-1}"
manifestos_social_ideology_48,1140001631,"Each new education minister had to make their mark by changing the curriculum, increasing red tape, interfering in the classroom and pretending education could be micro-managed from London.",LD,2005,Liberal,"{""1.73e+07"":-1}"
manifestos_social_ideology_49,1150005471,We will:  Fast-track all unfounded asylum seekers with electronic tagging where necessar y and more use of detention as we expand the number of detention places available.,Lab,2005,Conservative,"{""1.41e+07"":1,""1.52e+07"":1,""1.57e+07"":1,""1.82e+07"":1}"
manifestos_social_ideology_50,1180012321,We will continue to press for stronger international action against terrorism and learn the lessons of recent experience to prevent and defuse conflict and build stability and the rule of law in places that would otherwise shelter terrorist networks.,Lab,2010,Conservative,"{""1.10e+07"":1}"
manifestos_social_ideology_51,1180007811,"Local authorities and other agencies will be required to give people a named case worker who will report back on progress, and escalate action if the problem persists.",Lab,2010,Conservative,"{""1.52e+07"":1,""1.82e+07"":1}"
manifestos_social_ideology_52,50005381,"Renew Britain's democracy, by creating a fair voting system, reforming Parliament and setting higher standards for politicians' conduct.",LD,1997,Liberal,"{""1.20e+07"":-1,""2.12e+07"":-1}"
manifestos_social_ideology_53,1070000291,It should put you in the know not keep you in the dark.,Con,1992,Liberal,"{""1.87e+07"":-1}"
manifestos_social_ideology_54,60010101,"Leadership in the international community. A new Labour government will use Britain's permanent seat on the Security Council to press for substantial reform of the United Nations, including an early resolution of its funding crisis, and a more effective role in peacekeeping, conflict prevention, the protection of human rights and safeguarding the global environment.",Lab,1997,Liberal,"{""1.34e+07"":-1,""2.13e+07"":-1}"
manifestos_social_ideology_55,1070005881,Many of the functions of government have been devolved from Whitehall.,Con,1992,Conservative,"{""1.30e+07"":1}"
manifestos_social_ideology_56,1140007091,The blizzard of orders and directives is relentless.,LD,2005,Conservative,"{""1.73e+07"":1}"
manifestos_social_ideology_57,1170008151,Ensure that everyone has the same protections under the law by protecting the Human Rights Act.,LD,2010,Liberal,"{""1.10e+07"":-1,""1.40e+07"":-1,""1.72e+07"":-1}"
manifestos_social_ideology_58,1100001421,"And, in sentencing drug-pushers, judges will be allowed to take into account, as an aggravating factor, any dealing done in the vicinity of schools.",Con,2001,Conservative,"{""1.10e+07"":1,""1.57e+07"":1,""1.68e+07"":1,""1.87e+07"":1,""1.93e+07"":1}"
manifestos_social_ideology_59,1160006701,"We will ensure that the schools inspectorate Ofsted adopts a more rigorous and targeted inspection regime, reporting on performance only in the core areas related to teaching and learning.",Con,2010,Liberal,"{""1.51e+07"":-1}"
manifestos_social_ideology_60,1160006431,"We will ensure that the primary curriculum is organised around subjects like Maths, Science and History.",Con,2010,Liberal,"{""1.51e+07"":-1}"
manifestos_social_ideology_61,1120011511,"Now we have a new approach improving the quality of mainstream services, preventing people falling between the cracks, and reintegrating them into society if things go wrong.",Lab,2001,Liberal,"{""1.30e+07"":-1,""1.42e+07"":-1,""1.63e+07"":-1}"
manifestos_social_ideology_62,1140005521,"We are therefore clear in our support for the constitution, which we believe is in Britain's interest - but ratification must be subject to a referendum of the British people.",LD,2005,Conservative,"{""1.38e+07"":1}"
manifestos_social_ideology_63,1120012271,We will ensure that specialist detective expertise is built up using outside experts where necessary.,Lab,2001,Liberal,"{""1.51e+07"":-1,""1.68e+07"":-1}"
manifestos_social_ideology_64,1090005221,Anglers will benefit from and contribute to our plans for improved river quality.,Lab,1992,Liberal,"{""1.57e+07"":-1}"
manifestos_social_ideology_65,60009021,"In time we will introduce legislation to allow the people, region by region, to decide in a referendum whether they want directly elected regional government.",Lab,1997,Liberal,"{""1.89e+07"":-1,""2.12e+07"":-1,""2.14e+07"":-1,""6349089"":-1}"
manifestos_social_ideology_66,1080000111,Our environment will go on deteriorating.,LD,1992,Liberal,"{""1.53e+07"":-1,""1.86e+07"":-1,""2.09e+07"":-1}"
manifestos_social_ideology_67,1080000241,"Above all, Liberal Democrats will trust our fellow citizens with the truth.",LD,1992,Liberal,"{""1.47e+07"":-1}"
manifestos_social_ideology_68,1080007411,Instigate a comprehensive review of UK defence policy which will be dictated by a rigorous analysis of defence needs rather than by fixed monetary targets.,LD,1992,Conservative,"{""2.01e+07"":1}"
manifestos_social_ideology_69,1140002321,"I want my children to grow up in a safe community, while keeping intact the basic freedoms for which the British people have fought so hard across the centuries.",LD,2005,Conservative,"{""1.30e+07"":1,""1.42e+07"":1,""1.52e+07"":1,""1.57e+07"":1,""1.88e+07"":1}"
manifestos_social_ideology_70,1090003271,Children with special needs or special abilities will receive the extra attention they deserve.,Lab,1992,Liberal,"{""1.45e+07"":-1}"
manifestos_social_ideology_71,1100004361,"A Conservative government will be outward-looking, using our influence to the full.",Con,2001,Conservative,"{""1.57e+07"":1,""5647650"":1}"
manifestos_social_ideology_72,40011611,"JUVENILE CRIME: Give the courts power to impose speedy sanctions on youngsters, including an element of reparation to the victim",Con,1997,Conservative,"{""1.03e+07"":1,""1.10e+07"":-1,""1.13e+07"":1,""1.24e+07"":1,""1.30e+07"":1,""1.36e+07"":1,""1.40e+07"":1,""1.42e+07"":1,""1.51e+07"":1,""1.52e+07"":1,""1.53e+07"":1,""1.57e+07"":-1,""1.63e+07"":1,""1.68e+07"":1,""1.80e+07"":1,""1.82e+07"":1,""1.86e+07"":1,""1.87e+07"":1,""1.93e+07"":1,""1.98e+07"":1,""1037861"":1,""2.00e+07"":1,""2.01e+07"":1,""2.03e+07"":1,""2.04e+07"":1,""2.06e+07"":1,""2.07e+07"":1,""2.08e+07"":1,""2.09e+07"":1,""2.10e+07"":1,""2.11e+07"":1,""2.12e+07"":1,""2.13e+07"":1,""2.14e+07"":-1,""2.20e+07"":1,""2361265"":1,""313343"":1,""3559862"":1,""37796"":1,""4652872"":-1,""4680678"":1,""5112203"":-1,""5172864"":1,""5751985"":1,""5983773"":1,""6337523"":-1,""6591328"":1,""7634905"":1,""7881274"":1,""8382218"":1,""8836799"":1,""8893451"":1,""8968750"":1,""946983"":1,""9485888"":1,""9703593"":-1}"
manifestos_social_ideology_73,1150005511,"By the end of 2005, our aim is for removals of failed asylum seekers to exceed new unfounded claims.",Lab,2005,Conservative,"{""1.40e+07"":1,""1.41e+07"":1,""1.52e+07"":1,""1.66e+07"":1,""1.68e+07"":1}"
manifestos_social_ideology_74,50003561,"We will encourage the use of community sentences, as an alternative to prison, where the result is likely to be less reoffending, and use prison sentences where they are essential to public protection or to make punishment effective.",LD,1997,Liberal,"{""1.01e+07"":1,""1.02e+07"":-1,""1.06e+07"":-1,""1.10e+07"":1,""1.13e+07"":-1,""1.15e+07"":-1,""1.18e+07"":-1,""1.24e+07"":-1,""1.27e+07"":-1,""1.30e+07"":-1,""1.32e+07"":-1,""1.36e+07"":-1,""1.40e+07"":-1,""1.41e+07"":-1,""1.42e+07"":-1,""1.45e+07"":-1,""1.49e+07"":-1,""1.51e+07"":-1,""1.52e+07"":-1,""1.53e+07"":-1,""1.57e+07"":-1,""1.58e+07"":-1,""1.63e+07"":-1,""1.68e+07"":-1,""1.75e+07"":-1,""1.81e+07"":1,""1.82e+07"":-1,""1.86e+07"":-1,""1.90e+07"":0,""1.93e+07"":-1,""1.98e+07"":-1,""2.00e+07"":-1,""2.04e+07"":-1,""2.06e+07"":-1,""2.07e+07"":-1,""2.08e+07"":-1,""2.09e+07"":-1,""2.10e+07"":-1,""2.11e+07"":-1,""2.12e+07"":-1,""2.13e+07"":-1,""2.14e+07"":-1,""280059"":-1,""3307853"":1,""3385164"":-1,""3773194"":-1,""5270743"":-1,""5324079"":-1,""7918256"":-1,""7954010"":-1,""8113176"":1,""8382218"":-1,""8836799"":-1,""8968750"":-1,""9990764"":-1}"
manifestos_social_ideology_75,1150010961, New powers for parish councils to deal with anti-social behaviour.,Lab,2005,Conservative,"{""1.10e+07"":1,""1.30e+07"":1,""1.52e+07"":1,""1.57e+07"":1,""1.93e+07"":1}"
manifestos_social_ideology_76,1080005701,We will create women's units in prisons where feasible.,LD,1992,Liberal,"{""1.10e+07"":-1,""1.52e+07"":-1,""1.68e+07"":-1}"
manifestos_social_ideology_77,50007781,We will: Maintain a strong defence at home and enable the UK to play a leading role in keeping international peace.,LD,1997,Conservative,"{""1.53e+07"":1,""1.99e+07"":1,""2.08e+07"":-1,""2.09e+07"":1,""2.10e+07"":1,""2.11e+07"":1,""2.13e+07"":1}"
manifestos_social_ideology_78,60005261,We will be tough on crime and tough on the causes of crime. Fast-track punishment for persistent young offenders ,Lab,1997,Conservative,"{""1.01e+07"":1,""1.24e+07"":-1,""1.53e+07"":1,""1.86e+07"":1,""1.93e+07"":1,""1.98e+07"":1,""2.08e+07"":1,""2.09e+07"":1,""2.10e+07"":1,""2.13e+07"":1,""2.14e+07"":1,""2793302"":1,""5537363"":-1,""568434"":1}"
manifestos_social_ideology_79,1070006451,Creating a number of highly popular City Technology Colleges.,Con,1992,Liberal,"{""1.51e+07"":-1}"
manifestos_social_ideology_80,1110009541,"Boost Conservation Schemes. We will protect the environment and create 'green jobs' in urban, rural and marine habitats, for example, through more organic farming, increasing green spaces in urban areas, and woodland management.",LD,2001,Liberal,"{""1.42e+07"":-1}"
manifestos_social_ideology_81,1070007661,We are also committed to breaking down artificial barriers to women's advancement based on prejudice or lack of imagination.,Con,1992,Liberal,"{""1.10e+07"":-1,""1.40e+07"":-1,""2.01e+07"":-1}"
manifestos_social_ideology_82,1150011171,We will publish plans to reform provision in order to ensure that all young people have access to a wider set of activities after the school day such as sport and the arts.,Lab,2005,Liberal,"{""1.30e+07"":-1}"
manifestos_social_ideology_83,1160010071,"To limit harmful emissions from UK power stations, we will take steps to encourage new low carbon energy production, including: introducing an Emissions Performance Standard to limit the levels of greenhouse gases our power stations produce",Con,2010,Liberal,"{""1.51e+07"":-1}"
manifestos_social_ideology_84,1070001311,Within the former Soviet Union there remains a huge military force.,Con,1992,Conservative,"{""1.40e+07"":1}"
manifestos_social_ideology_85,1110008841,"In much of urban Britain, arrogant and complacent Labour councils are out of touch with local people.",LD,2001,Conservative,"{""1.30e+07"":1}"
manifestos_social_ideology_86,50005981,Give women greater opportunities to play a full role in work and in society.,LD,1997,Liberal,"{""1.18e+07"":-1,""1.34e+07"":-1,""1.53e+07"":-1,""1.75e+07"":-1,""1.85e+07"":-1,""1.86e+07"":-1,""2.06e+07"":-1,""2.09e+07"":-1,""2.10e+07"":0,""2.13e+07"":-1,""2.14e+07"":-1,""2785872"":-1,""3307853"":-1,""5112203"":-1,""6363491"":1,""8273320"":-1,""8382218"":-1}"
manifestos_social_ideology_87,20007521,"The huge public support for famine relief, the vigorous public debates on peace and defence and the public compassion for those suffering from oppression in many parts of the world refute the narrow-minded view that world affairs are not an election issue in Britain.",LD,1987,Liberal,"{""1.99e+07"":-1,""2.14e+07"":-1}"
manifestos_social_ideology_88,1120002111,diversify state schools with new City Academies and more church schools ,Lab,2001,Liberal,"{""1.53e+07"":-1}"
manifestos_social_ideology_89,1090004741,"We will develop a national waste strategy promoting waste minimisation, re-use and recycling.",Lab,1992,Liberal,"{""6376956"":-1}"
manifestos_social_ideology_90,40008471,The area of green belt has doubled since 1979.,Con,1997,Liberal,"{""2.12e+07"":-1}"
manifestos_social_ideology_91,1140004631,"Ministers and officials in Whitehall take all the key decisions now, over the heads of local doctors, police chiefs or head teachers - without ever visiting the schools, hospitals or police stations that are so precious to their communities.",LD,2005,Conservative,"{""1.10e+07"":1}"
manifestos_social_ideology_92,20000291,Politicians would be forced to listen to each other and work together.,LD,1987,Liberal,"{""5537363"":-1}"
manifestos_social_ideology_93,1090004261,"Prison must offer training for employment, not for crime.",Lab,1992,Liberal,"{""1.10e+07"":-1,""1.45e+07"":-1,""1.68e+07"":-1,""1.87e+07"":-1,""1.93e+07"":-1}"
manifestos_social_ideology_94,1100004721,"We will establish a new Office of Civil Society to give families, faith communities and voluntary groups a voice at the heart of Government.",Con,2001,Liberal,"{""1.30e+07"":-1}"
manifestos_social_ideology_95,1140004871,"Art, heritage and sport. Liberal Democrats have a proud tradition of championing the arts, culture and heritage, which successive governments have undervalued.",LD,2005,Liberal,"{""1.30e+07"":-1,""2.00e+07"":-1}"
manifestos_social_ideology_96,1070011291,"The Wildlife and Countryside Act 1981 provides special protection for 304 species of birds and animals, as well as protecting our heritage of wild plants.",Con,1992,Liberal,"{""1.21e+07"":-1,""1.82e+07"":-1}"
manifestos_social_ideology_97,1170004431,Enhance child protection.,LD,2010,Liberal,"{""1.24e+07"":-1,""1.42e+07"":-1,""1.52e+07"":-1,""1.93e+07"":-1,""6340562"":-1}"
manifestos_social_ideology_98,1120009861,By 2004 our target is to have childcare places for 1.6 million children.,Lab,2001,Liberal,"{""1.42e+07"":-1,""2.01e+07"":-1}"
manifestos_social_ideology_99,1110001551,Recruit 5000 extra secondary school teachers to reduce class sizes for 11-16 year-olds.,LD,2001,Liberal,"{""1.42e+07"":-1}"
manifestos_social_ideology_100,1120008491,This is a vision worth fighting for.,Lab,2001,Liberal,"{""1.51e+07"":-1}"
manifestos_social_ideology_101,1100000861,More parents will get their first choice of school for their children.,Con,2001,Liberal,"{""1.51e+07"":-1}"
manifestos_social_ideology_102,1130002881,Refusing to set a limit on new migrants is irresponsible politics.,Con,2005,Conservative,"{""1.13e+07"":1,""1.30e+07"":1,""1.82e+07"":1,""1.88e+07"":1,""2.00e+07"":1}"
manifestos_social_ideology_103,1150003581,Their results are improving faster than those of non-specialist schools.,Lab,2005,Liberal,"{""1.16e+07"":-1}"
manifestos_social_ideology_104,1140004601,"When local democracy works, the people taking decisions are people who actually use their local schools or hospitals, and care about them.",LD,2005,Conservative,"{""1.30e+07"":1}"
manifestos_social_ideology_105,1070009851,Good nursing is the essential complement to good medicine.,Con,1992,Liberal,"{""1.51e+07"":-1}"
manifestos_social_ideology_106,1070001291,We cannot drop our guard.,Con,1992,Conservative,"{""1.40e+07"":1}"
manifestos_social_ideology_107,1120007301,We want teaching to be a career of choice for the best graduates and attractive to people making career changes.,Lab,2001,Liberal,"{""1.51e+07"":-1}"
manifestos_social_ideology_108,1150004661,We are giving the police and local councils the power to tackle anti-social behaviour,Lab,2005,Conservative,"{""1.10e+07"":1,""1.57e+07"":1,""1.93e+07"":1,""2.05e+07"":1,""5013710"":1}"
manifestos_social_ideology_109,60000501,"Our MPs are all now selected by ordinary party members, not small committees or pressure groups.",Lab,1997,Liberal,"{""2.14e+07"":-1}"
manifestos_social_ideology_110,1160010511,Protect habitats. The natural world faces great pressure from development and climate change.,Con,2010,Liberal,"{""1.51e+07"":-1}"
manifestos_social_ideology_111,1070008691,"Since 1985, 14 new prisons have been opened 7 more will open over the next two years.",Con,1992,Conservative,"{""1.30e+07"":1,""1.40e+07"":0,""1.51e+07"":1,""1.53e+07"":1,""1.86e+07"":1,""1.93e+07"":1,""2.08e+07"":1,""2.09e+07"":1,""2.13e+07"":1,""5993386"":1,""7918256"":1,""886"":1}"
manifestos_social_ideology_112,60010451,Britain deserves better and the following five election pledges will be the first steps towards a better Britain.,Lab,1997,Liberal,"{""2.10e+07"":-1}"
manifestos_social_ideology_113,1120002181,The NHS needs radical reform if it is to be designed around the needs of patients.,Lab,2001,Liberal,"{""1.53e+07"":-1}"
manifestos_social_ideology_114,1150009721,Our armed forces will continue to be the best in the world.,Lab,2005,Conservative,"{""1.40e+07"":1}"
manifestos_social_ideology_115,1140001431,"Pollution in the air, in water and in the food chain causes or aggravates many illnesses as well as destroying the environment.",LD,2005,Liberal,"{""1.51e+07"":-1}"
manifestos_social_ideology_116,1180011081,We will take forward the proposals of the recent Speaker's Conference so that the House of Commons properly reflects the diversity of modern Britain.,Lab,2010,Liberal,"{""1.52e+07"":-1,""1.82e+07"":-1}"
manifestos_social_ideology_117,1070008051,Since 1979 we have increased spending on the police by 74 per cent in real terms.,Con,1992,Conservative,"{""1.40e+07"":1,""1.41e+07"":1,""1.63e+07"":1,""1.68e+07"":1,""2.05e+07"":1}"
manifestos_social_ideology_118,1180005701,"Patients requiring elective care will have the right, in law, to choose from any provider who meets NHS standards of quality at NHS costs.",Lab,2010,Liberal,"{""1.53e+07"":-1}"
manifestos_social_ideology_119,1120003261,The world's first University for Industry now offers over 400 skills courses.,Lab,2001,Liberal,"{""1.51e+07"":-1}"
manifestos_social_ideology_120,20002351,but many of these offenders are more appropriately dealt with by rehabilitation or medical treatment.,LD,1987,Liberal,"{""1.10e+07"":-1,""1.11e+07"":-1,""1.14e+07"":-1,""1.16e+07"":-1,""1.17e+07"":-1,""1.19e+07"":-1,""1.20e+07"":-1,""1.27e+07"":-1,""1.30e+07"":0,""1.40e+07"":-1,""1.45e+07"":-1,""1.47e+07"":-1,""1.51e+07"":-1,""1.52e+07"":-1,""1.53e+07"":-1,""1.57e+07"":-1,""1.65e+07"":-1,""1.68e+07"":-1,""1.74e+07"":-1,""1.75e+07"":-1,""1.80e+07"":-1,""1.81e+07"":-1,""1.84e+07"":1,""1.85e+07"":-1,""1.86e+07"":-1,""1.88e+07"":-1,""1.93e+07"":-1,""1.97e+07"":-1,""1.98e+07"":-1,""2.00e+07"":-1,""2.02e+07"":-1,""2.04e+07"":-1,""2.05e+07"":-1,""2.06e+07"":-1,""2.07e+07"":-1,""2.08e+07"":-1,""2.09e+07"":-1,""2.10e+07"":1,""2.11e+07"":-1,""2.12e+07"":1,""2.13e+07"":-1,""2.14e+07"":-1,""2.21e+07"":-1,""2737722"":-1,""3280015"":-1,""37796"":-1,""5372456"":-1,""6066983"":-1,""7424964"":-1,""7918256"":-1,""7995027"":-1,""8893451"":-1,""933218"":-1}"
manifestos_social_ideology_121,40007681,"We are piloting a tough new regime, with a heavy emphasis on discipline, at a young offenders institution and at the military prison in Colchester.",Con,1997,Conservative,"{""1.19e+07"":1,""1.52e+07"":1,""1.54e+07"":1,""1.75e+07"":1,""1.81e+07"":1,""1.85e+07"":1,""1.93e+07"":1,""2.00e+07"":1,""2.04e+07"":1,""2.06e+07"":1,""2.13e+07"":1,""2.14e+07"":-1,""7918256"":1,""7995027"":1,""8968750"":1}"
manifestos_social_ideology_122,1150003341,"We will allow more flexibility in the structure of governing bodies, including the ability to have smaller governing bodies, of ten members or less, to streamline management while strengthening the position of parents.",Lab,2005,Liberal,"{""2.02e+07"":-1}"
manifestos_social_ideology_123,1150005521,Tough action to combat international terrorism. We know that there are people already in the country and who seek to enter the United Kingdom who want to attack our way of life.,Lab,2005,Conservative,"{""1.52e+07"":1,""1.66e+07"":1,""1.68e+07"":1,""1.95e+07"":1}"
manifestos_social_ideology_124,20007891,In the meantime Britain should itself ban nuclear weapons testing and should encourage the US to do likewise.,LD,1987,Liberal,"{""1.22e+07"":-1,""1.53e+07"":-1}"
manifestos_social_ideology_125,1080003841,"We will encourage environmental audits for companies, showing the environmental impact of their activities.",LD,1992,Liberal,"{""1.63e+07"":-1}"
manifestos_social_ideology_126,1070000041,That's what Conservatism stands for.,Con,1992,Conservative,"{""2.13e+07"":1}"
manifestos_social_ideology_127,60006601,"In work, they should not be discriminated against because of their age.",Lab,1997,Liberal,"{""1.01e+07"":-1,""1.24e+07"":-1,""1.53e+07"":-1,""1.71e+07"":-1,""1.74e+07"":-1,""1.86e+07"":-1,""2.05e+07"":-1,""2.07e+07"":-1,""2.08e+07"":0,""2.09e+07"":-1,""2.10e+07"":-1,""2.12e+07"":-1,""568434"":-1,""5993386"":-1,""6320843"":-1,""7918256"":-1,""886"":-1}"
manifestos_social_ideology_128,20001101,"Today, fewer than one in five of Government appointees on public bodies are women.",LD,1987,Liberal,"{""1.24e+07"":0,""1.45e+07"":-1,""1.52e+07"":-1,""1.89e+07"":-1,""1.98e+07"":-1,""2.04e+07"":-1,""2.09e+07"":-1,""2.11e+07"":-1,""2.13e+07"":-1,""313343"":-1,""3559862"":-1,""8382218"":-1,""946983"":-1}"
manifestos_social_ideology_129,1120006571,By 2004 we will have 100 Early Excellence Centres as beacons of good practice providing care and education for children from 0-5,Lab,2001,Liberal,"{""1.30e+07"":-1,""1.53e+07"":-1}"
manifestos_social_ideology_130,60004641,End waiting for cancer surgery ,Lab,1997,Liberal,"{""1.86e+07"":-1,""1.90e+07"":-1,""2.01e+07"":-1,""2.13e+07"":1,""5270743"":-1,""6622539"":-1,""7801795"":-1}"
manifestos_social_ideology_131,1070000921,We are co-operating with our partners to provide urgent help to the former Soviet Union and Eastern Europe to upgrade the safety of their nuclear power stations.,Con,1992,Liberal,"{""1.82e+07"":-1}"
manifestos_social_ideology_132,1110009421,Require mobile phone companies to obtain local planning permission for all new mobile phone mast installations.,LD,2001,Liberal,"{""1.42e+07"":-1}"
manifestos_social_ideology_133,1150003171,We want to see every pupil mastering the basics.,Lab,2005,Liberal,"{""1.16e+07"":-1}"
manifestos_social_ideology_134,50007221,We will: Ensure equality before the law for lesbians and gay men through our new Human Rights Commission and the Bill of Rights.,LD,1997,Liberal,"{""1.01e+07"":-1,""1.04e+07"":-1,""1.10e+07"":-1,""1.11e+07"":-1,""1.19e+07"":-1,""1.24e+07"":-1,""1.25e+07"":-1,""1.27e+07"":-1,""1.30e+07"":-1,""1.40e+07"":-1,""1.42e+07"":-1,""1.51e+07"":-1,""1.52e+07"":-1,""1.53e+07"":-1,""1.57e+07"":-1,""1.59e+07"":-1,""1.63e+07"":-1,""1.68e+07"":-1,""1.73e+07"":-1,""1.81e+07"":-1,""1.83e+07"":-1,""1.84e+07"":-1,""1.85e+07"":-1,""1.86e+07"":-1,""1.93e+07"":-1,""1.95e+07"":-1,""1037861"":-1,""2.00e+07"":-1,""2.03e+07"":0,""2.06e+07"":-1,""2.07e+07"":-1,""2.09e+07"":-1,""2.10e+07"":-1,""2.11e+07"":-1,""2.12e+07"":-1,""2.13e+07"":-1,""2.14e+07"":-1,""2.20e+07"":-1,""280059"":-1,""3307853"":-1,""3385164"":-1,""3773194"":-1,""4174314"":-1,""4652872"":-1,""4680678"":-1,""5112203"":-1,""5324079"":-1,""5537363"":-1,""5816451"":1,""5983773"":-1,""6116202"":-1,""6161328"":-1,""6340562"":-1,""6342862"":-1,""7918256"":-1,""7995027"":-1,""8188780"":-1,""8382218"":-1,""881561"":-1,""8836799"":-1,""8968750"":-1,""9054964"":-1,""946983"":-1,""9703593"":1}"
manifestos_social_ideology_135,40009671,in Cyprus,Con,1997,Conservative,"{""1.32e+07"":1}"
manifestos_social_ideology_136,1080007161,"The Parliament must have the power to confirm or deny the Council's nominee as President of the Commission, and then to approve or not the President's choice of Commissioners - and subsequently to sack them if necessary.",LD,1992,Conservative,"{""1.82e+07"":1}"
manifestos_social_ideology_137,1080005691,"Radically reforming conditions inside prisons, reducing overcrowding, improving prison officers' morale and punishing offenders where possible within the community.",LD,1992,Liberal,"{""1.10e+07"":-1,""1.41e+07"":-1,""1.51e+07"":-1,""1.52e+07"":-1,""1.93e+07"":-1}"
manifestos_social_ideology_138,1080005021,We especially oppose the two-tier Health Service which the Government is creating.,LD,1992,Conservative,"{""1.51e+07"":1,""3731467"":1}"
manifestos_social_ideology_139,1160004921,That is why we will introduce National Citizen Service.,Con,2010,Liberal,"{""6342862"":-1}"
manifestos_social_ideology_140,60005481,Conviction and sentencing. The job of the Crown Prosecution Service is to prosecute criminals effectively.,Lab,1997,Conservative,"{""1.11e+07"":1,""1.18e+07"":1,""1.24e+07"":0,""1.59e+07"":1,""1.81e+07"":1,""1.86e+07"":1,""1.87e+07"":1,""1.98e+07"":0,""2.04e+07"":1,""2.11e+07"":1,""2.12e+07"":1,""2.13e+07"":1,""2.14e+07"":1,""2793302"":1,""5537363"":-1,""568434"":1,""8382218"":1}"
manifestos_social_ideology_141,1110003031,"At the same time, this will assist in reducing congestion and pollution during peak times of the day by reducing car use.",LD,2001,Liberal,"{""1.13e+07"":-1}"
manifestos_social_ideology_142,1070012621,"This will eliminate virtually all harmful exhaust gases, except for the emission of CO2.",Con,1992,Liberal,"{""2.09e+07"":-1,""2.20e+07"":-1}"
manifestos_social_ideology_143,1140002611,We will admit evidence from communications interception.,LD,2005,Conservative,"{""1.52e+07"":1,""2.01e+07"":1}"
manifestos_social_ideology_144,40007911,"We will provide another 8,500 prison places by the year 2000.",Con,1997,Conservative,"{""1.10e+07"":1,""1.18e+07"":1,""1.19e+07"":1,""1.21e+07"":1,""1.24e+07"":1,""1.30e+07"":1,""1.40e+07"":1,""1.41e+07"":1,""1.42e+07"":1,""1.49e+07"":1,""1.51e+07"":1,""1.52e+07"":1,""1.53e+07"":1,""1.57e+07"":1,""1.58e+07"":1,""1.63e+07"":1,""1.68e+07"":1,""1.69e+07"":1,""1.80e+07"":1,""1.81e+07"":1,""1.83e+07"":1,""1.84e+07"":1,""1.86e+07"":1,""1.89e+07"":1,""1.90e+07"":1,""1.93e+07"":1,""1.98e+07"":1,""2.00e+07"":1,""2.01e+07"":1,""2.02e+07"":1,""2.04e+07"":1,""2.05e+07"":1,""2.06e+07"":1,""2.07e+07"":1,""2.08e+07"":1,""2.10e+07"":1,""2.11e+07"":1,""2.12e+07"":1,""2.13e+07"":1,""2.14e+07"":-1,""2.21e+07"":1,""2793302"":1,""3097987"":1,""568434"":1,""5983773"":1,""6320843"":1,""8382218"":1,""8757469"":1,""8769423"":1,""9414315"":1,""9485888"":1,""9666339"":1,""9888671"":1}"
manifestos_social_ideology_145,1150007921,We will also ensure that services are designed to meet the additional needs of disabled children and their families.,Lab,2005,Liberal,"{""1.84e+07"":-1}"
manifestos_social_ideology_146,40010051,"We will not accept other changes to the Treaty that would further centralise decision-making, reduce national sovereignty, or remove our right to permanent opt-outs.",Con,1997,Liberal,"{""2.12e+07"":-1}"
manifestos_social_ideology_147,1120000041,"Health pledge. 3 20,000 extra nurses and 10,000 extra doctors in a reformed NHS.",Lab,2001,Liberal,"{""1.51e+07"":-1}"
manifestos_social_ideology_148,1150001561,The majority of claimants with more manageable conditions will be required to engage in both work-focused interviews and in activity to help them prepare for a return to work.,Lab,2005,Liberal,"{""1.10e+07"":-1,""1.40e+07"":-1,""1.53e+07"":-1,""1.68e+07"":-1}"
manifestos_social_ideology_149,1150003831,"We will encourage more dedicated provision for disruptive and excluded pupils, including by charities and voluntary groups with expertise in this area, and no school will become a dumping ground for such pupils.",Lab,2005,Liberal,"{""1.42e+07"":-1,""1.53e+07"":-1,""1.82e+07"":-1}"
manifestos_social_ideology_150,1150003991,"We believe that every 16- to 19-year-old should have dedicated supervision and support, including in the further education sector.",Lab,2005,Liberal,"{""1.63e+07"":-1}"
manifestos_social_ideology_151,1150004741,"We will increase, by at least a half, programmes targeted at young people most at risk of offending and will expand drug-treatment services for young people.",Lab,2005,Liberal,"{""1.10e+07"":-1,""1.40e+07"":-1,""1.53e+07"":-1,""1.68e+07"":-1}"
manifestos_social_ideology_152,1170006681,"Prioritise deportation efforts on criminals, people-traffickers and other high-priority cases.",LD,2010,Conservative,"{""1.10e+07"":1,""1.51e+07"":1,""1.57e+07"":1,""1.82e+07"":1,""1.93e+07"":1}"
manifestos_social_ideology_153,40007401,This is what we will do.,Con,1997,Conservative,"{""1.18e+07"":1,""1.19e+07"":0,""1.45e+07"":1,""2.06e+07"":1,""2.12e+07"":1,""2.13e+07"":1,""3280015"":1,""7954010"":1,""7995027"":1}"
manifestos_social_ideology_154,1070014031,"And we will support the vigorous cultural life of the capital, which has seen new galleries, theatres and museums opening over the last decade.",Con,1992,Liberal,"{""1.42e+07"":-1,""1.57e+07"":-1}"
manifestos_social_ideology_155,20008131,The Alliance is therefore different.,LD,1987,Liberal,"{""2.10e+07"":-1}"
manifestos_social_ideology_156,1080005581,Putting more policy officers on the beat.,LD,1992,Liberal,"{""1.10e+07"":-1,""1.41e+07"":-1,""1.52e+07"":-1}"
manifestos_social_ideology_157,1150006681,"We will develop our policy of community matrons for those with severe conditions, helping to keep people out of hospital by providing better care at home.",Lab,2005,Liberal,"{""1.30e+07"":-1,""1.68e+07"":-1,""1.69e+07"":-1,""1.82e+07"":-1}"
manifestos_social_ideology_158,1150010891,"Our political institutions - including our own party - must engage a population overloaded with information, diverse in its values and lifestyles, and sceptical of power.",Lab,2005,Liberal,"{""1.82e+07"":-1}"
manifestos_social_ideology_159,50007151,We will restore benefit rights to asylum seekers and ensure that asylum claims are dealt with swiftly.,LD,1997,Liberal,"{""1.10e+07"":-1,""1.27e+07"":-1,""1.30e+07"":-1,""1.40e+07"":-1,""1.42e+07"":-1,""1.43e+07"":-1,""1.47e+07"":-1,""1.51e+07"":-1,""1.52e+07"":-1,""1.53e+07"":-1,""1.57e+07"":-1,""1.61e+07"":-1,""1.68e+07"":-1,""1.71e+07"":-1,""1.74e+07"":-1,""1.76e+07"":-1,""1.81e+07"":-1,""1.82e+07"":-1,""1.84e+07"":-1,""1.86e+07"":-1,""1.93e+07"":-1,""1.98e+07"":-1,""2.00e+07"":-1,""2.01e+07"":-1,""2.04e+07"":-1,""2.07e+07"":-1,""2.08e+07"":-1,""2.09e+07"":-1,""2.10e+07"":-1,""2.11e+07"":-1,""2.12e+07"":-1,""2.13e+07"":-1,""2.14e+07"":-1,""2.18e+07"":-1,""2.19e+07"":-1,""2793302"":-1,""37796"":-1,""6355305"":-1,""8382218"":-1,""8893451"":-1}"
manifestos_social_ideology_160,20001051,Hundreds of British people find out every year that these protections are inadequate and they have to go to Strasbourg to seek protection from the European Convention on Human Rights.,LD,1987,Liberal,"{""1.24e+07"":-1,""1.45e+07"":-1,""1.52e+07"":-1,""1.54e+07"":-1,""1.95e+07"":-1,""2.08e+07"":-1,""2.09e+07"":-1,""2.11e+07"":1,""2.13e+07"":-1,""5993386"":-1,""886"":-1,""946983"":-1}"
manifestos_social_ideology_161,1070015951,We will publish a discussion paper on the future of the BBC recognising its special responsibilities for providing public service broadcasting.,Con,1992,Liberal,"{""1.53e+07"":-1,""1.86e+07"":-1,""2.05e+07"":-1,""2.09e+07"":-1,""5993386"":-1}"
manifestos_social_ideology_162,50006891,Enhance the role of women in public life. ,LD,1997,Liberal,"{""1.02e+07"":0,""1.04e+07"":-1,""1.09e+07"":-1,""1.10e+07"":-1,""1.22e+07"":-1,""1.24e+07"":-1,""1.25e+07"":-1,""1.27e+07"":-1,""1.40e+07"":-1,""1.42e+07"":-1,""1.45e+07"":-1,""1.49e+07"":-1,""1.51e+07"":-1,""1.53e+07"":-1,""1.57e+07"":-1,""1.68e+07"":-1,""1.80e+07"":-1,""1.81e+07"":-1,""1.82e+07"":-1,""1.83e+07"":-1,""1.84e+07"":-1,""1.87e+07"":-1,""1.93e+07"":-1,""1.98e+07"":-1,""1886681"":-1,""2.01e+07"":-1,""2.02e+07"":-1,""2.04e+07"":-1,""2.10e+07"":-1,""2.11e+07"":-1,""2.12e+07"":-1,""2.13e+07"":0,""2.14e+07"":-1,""2.21e+07"":0,""3307853"":-1,""3385164"":-1,""3773194"":0,""37796"":-1,""5270743"":-1,""5983773"":-1,""6002241"":-1,""6355305"":-1,""7918256"":-1,""8382218"":-1,""8769423"":-1,""8836799"":-1,""9775837"":-1}"
manifestos_social_ideology_163,1150006111,Waiting times are coming down and the survival rates are for the biggest killers are improving.,Lab,2005,Liberal,"{""1.42e+07"":-1}"
manifestos_social_ideology_164,1150003951,We will review progress on the development of the 14-19 curriculum in 2008.,Lab,2005,Liberal,"{""1.73e+07"":-1}"
manifestos_social_ideology_165,40007491,In this parliament we have given the police power to seize alcohol from under-18s caught drinking in public.,Con,1997,Conservative,"{""1.19e+07"":1,""1.25e+07"":1,""1.47e+07"":1,""1.53e+07"":1,""1.86e+07"":1,""2.11e+07"":1,""2.12e+07"":1,""2.13e+07"":1,""7918256"":1,""7995027"":1,""9458742"":1,""9703085"":-1}"
manifestos_social_ideology_166,1110001291,"Children, frail elderly people and those with learning difficulties would particularly benefit.",LD,2001,Liberal,"{""6355305"":-1}"
manifestos_social_ideology_167,1110000171,But we do not want government always telling people how to develop those assets.,LD,2001,Liberal,"{""1.45e+07"":-1}"
manifestos_social_ideology_168,1150009831,We must combine the broadest base of participation with the ability for the most talented to progress to the very top.,Lab,2005,Conservative,"{""1.86e+07"":1}"
manifestos_social_ideology_169,1120007901,Improving health. Our job is not just to improve the nation's health service.,Lab,2001,Liberal,"{""1.51e+07"":-1}"
manifestos_social_ideology_170,1070014781,"We will introduce a Hedgerow Incentive Scheme to help preserve hedgerows of particular historic, landscape or wildlife importance.",Con,1992,Liberal,"{""1.53e+07"":-1}"
manifestos_social_ideology_171,1130003811,We will save warships Mr Blair would scrap.,Con,2005,Conservative,"{""2.00e+07"":1}"
manifestos_social_ideology_172,1150006581, By 2009 all women will have choice over where and how they have their baby and what pain relief to use.,Lab,2005,Liberal,"{""1.41e+07"":-1,""1.82e+07"":-1,""1.84e+07"":-1}"
manifestos_social_ideology_173,1150004721,We will continue to overhaul our youth justice system and improve Young Offender Institutions.,Lab,2005,Liberal,"{""1.40e+07"":-1,""1.52e+07"":-1,""1.68e+07"":-1,""1.84e+07"":-1,""2.05e+07"":-1}"
manifestos_social_ideology_174,1070014731,"Under the Rural Environmental Action Scheme, grants of up to £2,000 per project will be available to support local environmental action.",Con,1992,Liberal,"{""1.43e+07"":-1}"
manifestos_social_ideology_175,1070016131,"Our constitution is flexible, fair and tolerant.",Con,1992,Liberal,"{""1.57e+07"":-1,""1.96e+07"":-1}"
manifestos_social_ideology_176,1150004631,Local people will be able to take on `neighbours from hell' by triggering action by councils and the police.,Lab,2005,Conservative,"{""1.40e+07"":1,""1.52e+07"":1,""1.57e+07"":1,""1.82e+07"":1,""2.03e+07"":1}"
manifestos_social_ideology_177,1130003801,We should support our Armed Forces and our foreign policy should serve the British national interest.,Con,2005,Conservative,"{""1.40e+07"":1}"
manifestos_social_ideology_178,1070008221,"There will be 1,000 extra police officers this year.",Con,1992,Conservative,"{""1.10e+07"":1,""1.40e+07"":1,""1.52e+07"":1,""1.53e+07"":1,""1.86e+07"":1,""1.93e+07"":1,""2.08e+07"":1,""2.09e+07"":1,""2.13e+07"":1}"
manifestos_social_ideology_179,1180004841,"We will review the qualifications system in 2013, with any changes taking place in the Parliament after next.",Lab,2010,Conservative,"{""1.42e+07"":1,""2.01e+07"":1}"
manifestos_social_ideology_180,1180004931,Alternative education for excluded pupils will be transformed.,Lab,2010,Liberal,"{""1.84e+07"":-1}"
manifestos_social_ideology_181,1180012671,"fight for universal access to prevention, treatment and care for HIV/AIDS by 2010",Lab,2010,Liberal,"{""1.63e+07"":-1}"
manifestos_social_ideology_182,1150002641,"We have extended legislation to protect people from discrimination at work to cover not only gender, disability, race and ethnicity but also religion and sexual orientation and - from 2006 - age.",Lab,2005,Liberal,"{""1.40e+07"":-1,""1.52e+07"":-1,""1.57e+07"":-1,""1.87e+07"":-1,""2.05e+07"":-1}"
manifestos_social_ideology_183,1170006471,the focus instead should be on getting addicts the treatment they need.,LD,2010,Liberal,"{""1.42e+07"":-1,""1.45e+07"":-1,""1.68e+07"":-1}"
manifestos_social_ideology_184,1170006421,We will:  Make hospitals share non-confidential information with the police so they know where gun and knife crime is happening and can target stop-and-search in gun and knife crime hot spots.,LD,2010,Conservative,"{""1.10e+07"":1,""1.57e+07"":1,""2.01e+07"":1}"
manifestos_social_ideology_185,1180007281,and favour political police chiefs over real reform.,Lab,2010,Conservative,"{""1.10e+07"":1,""1.40e+07"":1,""1.52e+07"":1}"
manifestos_social_ideology_186,1150003181,"If they are not mastered by 11, there will be extra time in the secondary curriculum to get them right: schools will be judged on how pupils do in English and maths at the ages of 11, 14 and 16.",Lab,2005,Liberal,"{""1.84e+07"":-1}"
manifestos_social_ideology_187,1160011191,"In Northern Ireland, we will continue to give our fullest support to the police and other agencies in their efforts to combat the threat from dissident republican and other terrorist organisations.",Con,2010,Conservative,"{""1.61e+07"":1}"
manifestos_social_ideology_188,1160006561,allow schools and colleges to offer workplace training,Con,2010,Liberal,"{""1.51e+07"":-1}"
manifestos_social_ideology_189,1160006811,Labour's obsession with bureaucratic targets and box-ticking is hindering the fight against crime.,Con,2010,Conservative,"{""1.10e+07"":1,""1.52e+07"":1,""1.57e+07"":1,""1.93e+07"":1,""2.05e+07"":1}"
manifestos_social_ideology_190,1170003761,"More control over the health care you need.   Liberal Democrats believe that one important way to improve the NHS is to make care flexible, designed to suit what patients need, not what managers want.",LD,2010,Liberal,"{""1.51e+07"":-1}"
manifestos_social_ideology_191,1170006231,Liberal Democrats will put thousands more police on the beat and make them work more effectively to cut crime.,LD,2010,Conservative,"{""1.10e+07"":1,""1.40e+07"":1,""1.57e+07"":1,""1.93e+07"":1}"
manifestos_social_ideology_192,1130002811,Our objective is a system where we take a fixed number of refugees from the UNHCR rather than simply accepting those who are smuggled to our shores.,Con,2005,Conservative,"{""1.30e+07"":1,""1.57e+07"":1,""1.82e+07"":1}"
manifestos_social_ideology_193,1100000701,Conservatives will introduce Free Schools.,Con,2001,Conservative,"{""1.96e+07"":1}"
manifestos_social_ideology_194,1160004581,a country where opportunity is more equal.,Con,2010,Liberal,"{""1.10e+07"":-1,""1.30e+07"":-1,""1.52e+07"":-1,""1.57e+07"":-1}"
manifestos_social_ideology_195,1150003161,The goal is clear: ever y pupil with extra support in their weakest subjects and extra opportunities in their strongest.,Lab,2005,Liberal,"{""1.16e+07"":-1,""1.51e+07"":-1}"
manifestos_social_ideology_196,1070015711,to maintain buildings of importance to the character of towns and cities,Con,1992,Liberal,"{""1.30e+07"":-1}"
manifestos_social_ideology_197,1150003791,"Violent behaviour, including the use of knives will not be tolerated.",Lab,2005,Conservative,"{""1.40e+07"":1,""1.52e+07"":1,""1.57e+07"":1,""1.63e+07"":1}"
manifestos_social_ideology_198,1090003201,Higher quality training will be followed by proper support for newly-qualified teachers.,Lab,1992,Liberal,"{""1.42e+07"":-1}"
manifestos_social_ideology_199,30001981,"We must see that it is democratic and just, that it is creative and compassionate, and that it is one in which they can fully exploit the advantages of science and technology with confidence and in safety.",Lab,1987,Liberal,"{""1.89e+07"":-1,""2.09e+07"":-1,""2.13e+07"":-1,""2.14e+07"":-1,""4652872"":-1,""8968750"":-1}"
manifestos_social_ideology_200,1130002321,Crime can be cut.,Con,2005,Conservative,"{""1.82e+07"":1,""1.93e+07"":1,""2.00e+07"":1,""2.05e+07"":1}"
manifestos_social_ideology_201,20002341,"Where punishment is appropriate, it should normally be community service rather than prison",LD,1987,Liberal,"{""1.01e+07"":-1,""1.02e+07"":-1,""1.09e+07"":-1,""1.10e+07"":-1,""1.11e+07"":1,""1.13e+07"":-1,""1.17e+07"":-1,""1.20e+07"":-1,""1.23e+07"":-1,""1.25e+07"":-1,""1.30e+07"":-1,""1.32e+07"":-1,""1.40e+07"":-1,""1.43e+07"":-1,""1.45e+07"":-1,""1.47e+07"":-1,""1.49e+07"":-1,""1.51e+07"":-1,""1.52e+07"":-1,""1.53e+07"":-1,""1.54e+07"":-1,""1.57e+07"":-1,""1.66e+07"":-1,""1.68e+07"":-1,""1.75e+07"":-1,""1.81e+07"":-1,""1.82e+07"":-1,""1.83e+07"":-1,""1.86e+07"":-1,""1.87e+07"":-1,""1.88e+07"":-1,""1.90e+07"":-1,""1.93e+07"":-1,""1.94e+07"":-1,""1.98e+07"":-1,""1.99e+07"":-1,""2.00e+07"":-1,""2.01e+07"":-1,""2.02e+07"":-1,""2.03e+07"":-1,""2.04e+07"":1,""2.06e+07"":-1,""2.07e+07"":-1,""2.08e+07"":-1,""2.09e+07"":-1,""2.10e+07"":-1,""2.11e+07"":-1,""2.12e+07"":-1,""2.13e+07"":-1,""2.14e+07"":-1,""3096372"":-1,""3307853"":-1,""37796"":-1,""4660484"":-1,""5270743"":-1,""5536796"":1,""5643547"":-1,""5647650"":-1,""6349089"":-1,""6460048"":1,""6622539"":-1,""7321782"":-1,""8382218"":-1,""8769423"":-1,""8968750"":-1}"
manifestos_social_ideology_202,1170003901,"Quality care for all patients. We all need to be assured that, if we become unwell, the care we get will be of good quality.",LD,2010,Liberal,"{""1.84e+07"":-1}"
manifestos_social_ideology_203,1070006601,The Technology Schools Initiative will be expanded across the country.,Con,1992,Liberal,"{""1.53e+07"":-1}"
manifestos_social_ideology_204,1070008821,We have introduced new powers for the Court of Appeal to increase sentences for crime.,Con,1992,Conservative,"{""1.13e+07"":1,""1.40e+07"":1,""1.68e+07"":1,""1.93e+07"":1,""6355305"":1}"
manifestos_social_ideology_205,1070009581,THE NHS - PRESENT AND FUTURE. The Conservative Party is totally committed to the National Health Service.,Con,1992,Liberal,"{""1.24e+07"":-1}"
manifestos_social_ideology_206,1090002631,"Our Health Initiative will set targets for better health, backed by effective action.",Lab,1992,Liberal,"{""1.42e+07"":-1}"
manifestos_social_ideology_207,1180000111,"Over the next ten years we will confront major challenges - intensive global competition, climate change, an ageing society, and bringing stability to Afghanistan.",Lab,2010,Liberal,"{""1.51e+07"":-1}"
manifestos_social_ideology_208,40007901,Those sent to prison are less likely to re-offend on release than those given a community punishment.,Con,1997,Conservative,"{""1.01e+07"":-1,""1.05e+07"":1,""1.10e+07"":1,""1.11e+07"":1,""1.18e+07"":1,""1.24e+07"":1,""1.30e+07"":1,""1.38e+07"":1,""1.40e+07"":1,""1.42e+07"":-1,""1.45e+07"":1,""1.51e+07"":1,""1.52e+07"":1,""1.57e+07"":-1,""1.58e+07"":1,""1.59e+07"":-1,""1.68e+07"":1,""1.72e+07"":1,""1.75e+07"":1,""1.80e+07"":1,""1.81e+07"":1,""1.86e+07"":1,""1.88e+07"":1,""1.93e+07"":1,""1.98e+07"":1,""2.00e+07"":1,""2.01e+07"":1,""2.02e+07"":-1,""2.03e+07"":-1,""2.04e+07"":1,""2.05e+07"":1,""2.06e+07"":1,""2.07e+07"":1,""2.08e+07"":1,""2.09e+07"":1,""2.10e+07"":1,""2.11e+07"":1,""2.12e+07"":-1,""2.13e+07"":1,""2.14e+07"":1,""2.20e+07"":1,""2.21e+07"":1,""2785872"":1,""37796"":1,""4680678"":1,""5112203"":-1,""6363491"":-1,""7039094"":1,""714020"":1,""8382218"":1,""8836799"":-1,""8968750"":1,""9027102"":1,""9293624"":-1,""946983"":1,""985028"":1}"
manifestos_social_ideology_209,1150004691,The new Licensing Act will make it easier for the police and councils to deal with pubs and clubs that cause problems.,Lab,2005,Conservative,"{""1.52e+07"":1,""1.57e+07"":1,""1.66e+07"":1,""1.68e+07"":1,""1.87e+07"":1}"
manifestos_social_ideology_210,1120016791,"23 Strong, effective and responsive armed forces",Lab,2001,Conservative,"{""1.57e+07"":1}"
manifestos_social_ideology_211,1120006301,Education - Labour's number one priority. Education remains Labour's top priority.,Lab,2001,Liberal,"{""1.51e+07"":-1}"
manifestos_social_ideology_212,1180005681,"Where changes are needed, we will be fair to NHS services and staff and give them a chance to improve, but where they fail to do so we will look to alternative provision.",Lab,2010,Liberal,"{""1.24e+07"":-1}"
manifestos_social_ideology_213,10007431,The great majority of those who commit serious crimes of violence are brought to book.,Con,1987,Conservative,"{""1.06e+07"":1,""1.09e+07"":0,""1.10e+07"":1,""1.14e+07"":1,""1.18e+07"":1,""1.19e+07"":-1,""1.24e+07"":0,""1.27e+07"":1,""1.30e+07"":0,""1.36e+07"":1,""1.40e+07"":1,""1.43e+07"":1,""1.45e+07"":1,""1.47e+07"":1,""1.49e+07"":1,""1.51e+07"":1,""1.52e+07"":1,""1.53e+07"":1,""1.54e+07"":1,""1.57e+07"":1,""1.58e+07"":1,""1.59e+07"":1,""1.60e+07"":1,""1.66e+07"":1,""1.68e+07"":1,""1.75e+07"":0,""1.76e+07"":0,""1.78e+07"":0,""1.80e+07"":1,""1.81e+07"":1,""1.82e+07"":1,""1.84e+07"":1,""1.85e+07"":0,""1.87e+07"":1,""1.89e+07"":1,""1.92e+07"":1,""1.93e+07"":1,""1.95e+07"":1,""1.96e+07"":1,""1.98e+07"":1,""132058"":1,""2.00e+07"":0,""2.02e+07"":1,""2.03e+07"":0,""2.04e+07"":1,""2.05e+07"":1,""2.06e+07"":1,""2.07e+07"":1,""2.08e+07"":1,""2.09e+07"":1,""2.10e+07"":1,""2.11e+07"":1,""2.12e+07"":1,""2.13e+07"":1,""2.14e+07"":1,""2.15e+07"":1,""2793302"":1,""4680678"":1,""5280406"":1,""568434"":1,""6066983"":0,""6320843"":0,""6460048"":1,""7918256"":1,""7954010"":1,""8382218"":1,""874567"":0,""8769423"":1,""881561"":1,""8968750"":1,""9280918"":1,""946983"":1,""9888671"":1}"
manifestos_social_ideology_214,1170003061,We will improve training for existing teachers over the course of their careers to keep them up to date with best practice.,LD,2010,Liberal,"{""1.51e+07"":-1}"
manifestos_social_ideology_215,1160010911,"This country possesses great assets and advantages - a permanent seat on the UN Security Council, a leading role in NATO, a strong relationship with the United States, a major role in the affairs of the EU, and Armed Forces that are the envy of the world.",Con,2010,Conservative,"{""1.82e+07"":1}"
manifestos_social_ideology_216,40010501,We will continue to ensure the Services have the modern weapons they need to guarantee their superiority against potential aggressors.,Con,1997,Conservative,"{""2.13e+07"":1,""2.14e+07"":1}"
manifestos_social_ideology_217,1170002691,Women are still paid less than men.,LD,2010,Liberal,"{""1.10e+07"":-1,""1.57e+07"":-1,""1.84e+07"":-1,""1.87e+07"":-1,""2.05e+07"":-1}"
manifestos_social_ideology_218,1080000011,This manifesto does not promise good times just around the corner.,LD,1992,Liberal,"{""2.15e+07"":-1}"
manifestos_social_ideology_219,1170006751,Push for a co-ordinated EU-wide asylum system to ensure that the responsibility is fairly shared between member states.,LD,2010,Liberal,"{""1.10e+07"":-1,""1.52e+07"":-1,""1.82e+07"":-1,""1.93e+07"":-1}"
manifestos_social_ideology_220,1140006001,"We will devote resources to protecting biodiversity in developing countries, where many species of rare plants and wildlife are seriously endangered.",LD,2005,Liberal,"{""1.42e+07"":-1,""1.82e+07"":-1,""2.00e+07"":-1}"
manifestos_social_ideology_221,1170003041,"Guarantee Special Educational Needs (SEN) diagnostic assessments for all 5-year-olds, improve SEN provision and improve SEN training for teachers.",LD,2010,Liberal,"{""1.57e+07"":-1,""1.96e+07"":-1,""6340562"":-1}"
manifestos_social_ideology_222,1170008161,Scrap the intrusive ContactPoint database which is intended to hold the details of every child in England.,LD,2010,Liberal,"{""1.63e+07"":-1,""1.72e+07"":-1}"
manifestos_social_ideology_223,40010921,It will give select committees more time to take evidence and report.,Con,1997,Conservative,"{""1.32e+07"":1}"
manifestos_social_ideology_224,1170000551,We believe that the future must be built on a different foundation: fairness.,LD,2010,Liberal,"{""1.42e+07"":-1}"
manifestos_social_ideology_225,50007251,"We will outlaw incitement to hatred and discrimination in housing and employment, including the armed forces, on grounds of sexual orientation.",LD,1997,Liberal,"{""1.04e+07"":-1,""1.10e+07"":-1,""1.18e+07"":-1,""1.19e+07"":-1,""1.20e+07"":-1,""1.24e+07"":-1,""1.30e+07"":-1,""1.40e+07"":-1,""1.51e+07"":-1,""1.52e+07"":-1,""1.57e+07"":-1,""1.68e+07"":-1,""1.72e+07"":-1,""1.76e+07"":-1,""1.84e+07"":-1,""1.87e+07"":-1,""1.93e+07"":-1,""1837834"":1,""2.00e+07"":-1,""2.04e+07"":-1,""2.05e+07"":-1,""2.06e+07"":-1,""2.08e+07"":-1,""2.09e+07"":-1,""2.10e+07"":-1,""2.11e+07"":-1,""2.12e+07"":-1,""2.13e+07"":-1,""2.18e+07"":-1,""2.20e+07"":-1,""3307853"":-1,""3731467"":-1,""37796"":-1,""5112203"":-1,""5768369"":-1,""5983773"":-1,""6355305"":-1,""6394076"":-1,""7995027"":-1,""8382218"":1,""8836799"":-1,""9299392"":-1}"
manifestos_social_ideology_226,1160011551,Promote our enlightened national interest. A Conservative government will champion a distinctive British foreign policy.,Con,2010,Conservative,"{""1.82e+07"":1}"
manifestos_social_ideology_227,40011081,"For the first time, Welsh members of parliament can ask their questions to Ministers in Welsh in Wales.",Con,1997,Liberal,"{""2.06e+07"":-1}"
manifestos_social_ideology_228,60002281,Teachers will be entitled to positive support from parents to promote good attendance and sound discipline.,Lab,1997,Conservative,"{""1.99e+07"":1,""2.12e+07"":1}"
manifestos_social_ideology_229,1110003221,Labour too often proposes simplistic solutions.,LD,2001,Liberal,"{""1.10e+07"":-1}"
manifestos_social_ideology_230,1150010291,Now we are supporting the bid to bring the Olympics to London in 2012.,Lab,2005,Liberal,"{""1.57e+07"":-1}"
manifestos_social_ideology_231,40009711,"And we will support the aspirations of the Poles, Czechs, Hungarians and others to join the European Union and NATO.",Con,1997,Liberal,"{""2.05e+07"":-1,""2.06e+07"":-1,""2.13e+07"":-1,""6564635"":-1}"
manifestos_social_ideology_232,1140002541,We will increase police resources to improve the detection and investigation of crime.,LD,2005,Conservative,"{""1.40e+07"":1,""1.42e+07"":1,""1.52e+07"":1,""1.82e+07"":1,""1.84e+07"":1}"
manifestos_social_ideology_233,1140007571,"Liberal Democrats will scrap the current government-appointed Board of Governors, and introduce a new, independent external regulator appointed by parliament, to make sure that all public service broadcasters live up to their obligations to the public.",LD,2005,Liberal,"{""1.68e+07"":-1,""1.82e+07"":-1}"
manifestos_social_ideology_234,1110005131,This will reduce vehicle speeds and make communities safer by giving greater priority to pedestrians and cyclists.,LD,2001,Liberal,"{""1.30e+07"":-1,""1.42e+07"":-1}"
manifestos_social_ideology_235,1090006091,"We will actively support the peace-making role of the UN - for example, in Cambodia and Somalia - and work for a permanent United Nations peace-keeping force.",Lab,1992,Liberal,"{""2.20e+07"":-1}"
manifestos_social_ideology_236,1180004131,"and in secondary school, every pupil with a personal tutor and a choice of good qualifications.",Lab,2010,Liberal,"{""1.84e+07"":-1}"
manifestos_social_ideology_237,1150005721,Free choice of hospital.,Lab,2005,Liberal,"{""1.41e+07"":-1,""1.84e+07"":-1}"
manifestos_social_ideology_238,1110008141,Liberal Democrats will:  Pass an Equality Act to outlaw all forms of discrimination.,LD,2001,Liberal,"{""1.40e+07"":-1,""1.57e+07"":-1,""1.68e+07"":-1,""1.93e+07"":-1}"
manifestos_social_ideology_239,1160010041,Promote low carbon energy production. The way our energy is produced and transmitted is stuck in the last century.,Con,2010,Liberal,"{""1.51e+07"":-1}"
manifestos_social_ideology_240,1070009121,British domestic controls on pornography will remain in place even after the completion of the Single European Market.,Con,1992,Conservative,"{""1.10e+07"":1,""1.41e+07"":1,""1.51e+07"":1}"
manifestos_social_ideology_241,1130002721,First of all we will take proper control of our borders.,Con,2005,Conservative,"{""1.30e+07"":1,""1.51e+07"":1,""1.61e+07"":1,""1.82e+07"":1}"
manifestos_social_ideology_242,1150011721,"We will continue to promote civil rights for disabled people, ensuring full implementation of the new positive duty on the public sector to promote equality of opportunity for disabled people.",Lab,2005,Liberal,"{""1.53e+07"":-1,""1.80e+07"":-1,""1.87e+07"":-1,""2.18e+07"":-1}"
manifestos_social_ideology_243,1110000241,The sick waited longer for operations.,LD,2001,Liberal,"{""1.42e+07"":-1}"
manifestos_social_ideology_244,1110010261,"Liberal Democrats will:  Promote a foreign policy based on democracy, human rights and good governance.",LD,2001,Liberal,"{""2.20e+07"":-1}"
manifestos_social_ideology_245,1120006141,"Our next steps. Every secondary school with a distinct ethos, mission and centre of excellence ",Lab,2001,Liberal,"{""1.53e+07"":-1}"
manifestos_social_ideology_246,1150005261,Building a strong and diverse country. For centuries Britain has been a home for people from the rest of Europe and further afield.,Lab,2005,Liberal,"{""1.84e+07"":-1,""2.05e+07"":-1}"
manifestos_social_ideology_247,1140006461,"I am passionate about the beauty of our landscape, and the communities who live within it.",LD,2005,Liberal,"{""1.88e+07"":-1}"
manifestos_social_ideology_248,1070008061,"Uniformed manpower has increased by 16,000 and civilian manpower by 12,000.",Con,1992,Conservative,"{""1.40e+07"":1,""1.68e+07"":1,""1.84e+07"":1,""1.86e+07"":1,""2.08e+07"":1,""2.09e+07"":1,""6342862"":1}"
manifestos_social_ideology_249,1080008481,Take tougher action against discrimination.,LD,1992,Liberal,"{""1.10e+07"":-1,""1.41e+07"":-1,""1.52e+07"":-1}"
manifestos_social_ideology_250,1110006051,The arts and sport make a huge contribution to our society.,LD,2001,Liberal,"{""1.42e+07"":-1}"
manifestos_social_ideology_251,1140000371,"This manifesto is built on these principles - principles that we believe must underpin the government of this country, but which are too often lacking in public life today.",LD,2005,Liberal,"{""1.13e+07"":-1,""2.20e+07"":-1}"
manifestos_social_ideology_252,1110009701,Our priorities in Europe are:  Enlargement of the EU to include the emerging democracies of central and eastern Europe.,LD,2001,Liberal,"{""1.10e+07"":-1}"
manifestos_social_ideology_253,1100006941,Alongside this policy of granting greater freedom to the best councils must come some protection from abuses by the worst.,Con,2001,Liberal,"{""1.10e+07"":-1}"
manifestos_social_ideology_254,1080004481,Educating the Individual. Liberal Democrats will ensure that every individual can receive high-quality education and training throughout their life from before school to retirement.,LD,1992,Liberal,"{""1.30e+07"":-1}"
manifestos_social_ideology_255,1110007741,Introduce a Civil Service Act to maintain the independence of the civil service.,LD,2001,Liberal,"{""1.13e+07"":-1,""6342862"":-1}"
manifestos_social_ideology_256,1110003061,We will work in partnership with the Further and Higher Education sectors to develop a similar scheme that covers all educational establishments.,LD,2001,Liberal,"{""1.51e+07"":-1}"
manifestos_social_ideology_257,1110010361,"We must not turn a blind eye to injustice, nor support authoritarian regimes which oppress their people and threaten world stability.",LD,2001,Liberal,"{""1.10e+07"":-1,""1.51e+07"":-1}"
manifestos_social_ideology_258,20007911,We believe that NATO relies too heavily on nuclear weapons at all levels for deterrence.,LD,1987,Liberal,"{""1.10e+07"":-1}"
manifestos_social_ideology_259,1150005541,"Police and other law enforcement agencies now have the powers they need to ban terrorist organisations, to clampdown on their fundraising and to hold suspects for extended questioning while charges are brought.",Lab,2005,Conservative,"{""1.10e+07"":1,""1.40e+07"":1,""1.52e+07"":1,""1.57e+07"":1,""1.82e+07"":1}"
manifestos_social_ideology_260,1070006661,TEACHING. We are determined to reinforce the professionalism of teachers and the esteem in which they are held.,Con,1992,Liberal,"{""1.63e+07"":-1}"
manifestos_social_ideology_261,50005821,"We will introduce a fair and proportional voting system for all elections, and reform and strengthen local government in the province.",LD,1997,Liberal,"{""2.09e+07"":-1,""2.10e+07"":-1,""2.13e+07"":-1}"
manifestos_social_ideology_262,1170003121,The restrictive National Curriculum and the arbitrary split between academic and vocational qualifications isn't working.,LD,2010,Conservative,"{""3626598"":1}"
manifestos_social_ideology_263,1170000961,In formulating our policies we have been driven by our one abiding concern: fairness.,LD,2010,Liberal,"{""3626598"":-1}"
manifestos_social_ideology_264,1130003791,A Conservative Government will preserve the regiments Labour would abolish and improve the supply and procurement of weaponry.,Con,2005,Conservative,"{""1.88e+07"":1,""2.00e+07"":1}"
manifestos_social_ideology_265,20007821,"Britain cannot defend itself or the values of western democracy alone, just as it cannot achieve international disarmament solely by its own actions: both the other Parties have chosen in different ways to ignore the reality that our defence and disarmament efforts are interdependent with those of other countries.",LD,1987,Liberal,"{""1.32e+07"":-1}"
manifestos_social_ideology_266,1100003821,We also propose to amend our domestic law to include 'reserved powers'.,Con,2001,Conservative,"{""2.05e+07"":1}"
manifestos_social_ideology_267,1120006581,we will set up 500 Sure Start Centres in disadvantaged areas to support children's early development,Lab,2001,Liberal,"{""1.30e+07"":-1}"
manifestos_social_ideology_268,1120003171,"set up a network of 6,000 IT learning centres around the country ",Lab,2001,Liberal,"{""1.51e+07"":-1,""1.53e+07"":-1}"
manifestos_social_ideology_269,1160011171,Terrorism remains a major threat to our country and some of the biggest threats to our security do not come from abroad - they are home grown.,Con,2010,Conservative,"{""1.10e+07"":1,""1.52e+07"":1,""1.84e+07"":1}"
manifestos_social_ideology_270,1140001351,"According to the NHS report, Securing our Future Health, the Government's failure to tackle the unnecessary causes of ill-health will cost the NHS an extra £30 billion a year by 2022.",LD,2005,Liberal,"{""1.51e+07"":-1}"
manifestos_social_ideology_271,1150005701,2008: No one waiting more than 18 weeks from referral to treatment.,Lab,2005,Liberal,"{""1.84e+07"":-1}"
manifestos_social_ideology_272,1070014971,We have promised to provide new and additional resources to help the developing countries to tackle their environmental problems.,Con,1992,Liberal,"{""1.47e+07"":-1}"
manifestos_social_ideology_273,1180004591,Our commitment to fair admissions is essential to liberating the potential of every child.,Lab,2010,Liberal,"{""1.53e+07"":-1}"
manifestos_social_ideology_274,1120003271,"For skill shortages in information technology, we will open two Technology Institutes in every region to meet the rising demand for high-level technical skills.",Lab,2001,Liberal,"{""1.51e+07"":-1}"
manifestos_social_ideology_275,1080000121,"Our public services, already second rate, will become even worse.",LD,1992,Conservative,"{""1.51e+07"":1}"
manifestos_social_ideology_276,1140000441,"Trust - because to deliver freedom and fairness, we need to give citizens the power to hold government to account.",LD,2005,Liberal,"{""1.13e+07"":-1}"
manifestos_social_ideology_277,1130001671,We will pay particular attention to children with special needs.,Con,2005,Liberal,"{""1.82e+07"":-1}"
manifestos_social_ideology_278,1130003521,A Conservative Government will guarantee the security and sustainability of Britain's energy supplies.,Con,2005,Conservative,"{""2.00e+07"":1}"
manifestos_social_ideology_279,1140006011,Take effective action to protect the global environment.,LD,2005,Liberal,"{""1.42e+07"":-1}"
manifestos_social_ideology_280,1120003181,"extend Individual Learning Accounts, which have already been opened by over a million people ",Lab,2001,Liberal,"{""1.63e+07"":-1,""1.82e+07"":-1}"
manifestos_social_ideology_281,1170002651,We will:  Safeguard academic freedom and the independence of scientific advisers by amending the Ministerial Code to prevent government from bullying or mistreating advisers and distorting evidence or statistics.,LD,2010,Liberal,"{""1.52e+07"":-1,""1.84e+07"":-1}"
manifestos_social_ideology_282,1170008101,"Scrap intrusive Identity Cards and have more police instead, and also scrap plans for expensive, unnecessary new passports with additional biometric data.",LD,2010,Conservative,"{""1.51e+07"":1,""1.57e+07"":1,""1.82e+07"":1}"
manifestos_social_ideology_283,50006901,We will tackle the under-representation of women on public bodies by setting a target that within a decade at least one-third of all those on all public bodies should be women.,LD,1997,Liberal,"{""1.10e+07"":-1,""1.11e+07"":-1,""1.24e+07"":0,""1.30e+07"":0,""1.32e+07"":-1,""1.40e+07"":-1,""1.42e+07"":-1,""1.43e+07"":-1,""1.45e+07"":-1,""1.51e+07"":-1,""1.52e+07"":-1,""1.57e+07"":-1,""1.58e+07"":-1,""1.63e+07"":-1,""1.68e+07"":-1,""1.74e+07"":-1,""1.79e+07"":-1,""1.81e+07"":-1,""1.82e+07"":-1,""1.84e+07"":-1,""1.86e+07"":-1,""1.87e+07"":-1,""1.93e+07"":-1,""2.00e+07"":-1,""2.01e+07"":-1,""2.03e+07"":-1,""2.04e+07"":-1,""2.05e+07"":-1,""2.06e+07"":-1,""2.07e+07"":-1,""2.08e+07"":-1,""2.09e+07"":-1,""2.10e+07"":-1,""2.11e+07"":-1,""2.12e+07"":-1,""2.13e+07"":-1,""2.14e+07"":-1,""2.20e+07"":-1,""5452477"":-1,""5993386"":-1,""6336109"":-1,""6349089"":-1,""6362861"":-1,""7918256"":-1,""8382218"":-1,""886"":-1,""9458742"":1}"
manifestos_social_ideology_284,1120000251,We need the second term to do all this.,Lab,2001,Liberal,"{""1.10e+07"":-1}"
manifestos_social_ideology_285,1150006621,"By October 2005 we will have recruited more than 1,000 new NHS dentists and will have increased the number of dental school places by 25 per cent.",Lab,2005,Liberal,"{""1.51e+07"":-1}"
manifestos_social_ideology_286,1110001331,"While some are awarded excessive multi-million pound payouts, the length and cost of the process of going to court leaves others with nothing.",LD,2001,Liberal,"{""1.52e+07"":-1}"
manifestos_social_ideology_287,1070009271,But an increasing number of would-be immigrants from Eastern Europe and other parts of the world seek to abuse our openness to genuine refugees.,Con,1992,Conservative,"{""1.40e+07"":1,""1.68e+07"":1,""1.93e+07"":1,""1.95e+07"":1,""2.05e+07"":1,""2.07e+07"":1,""7918256"":-1,""886"":1}"
manifestos_social_ideology_288,1180004671,"Every primary school now offers whole-class teaching of English using phonics, and we are introducing specialist teachers to achieve a similar step-change in Maths.",Lab,2010,Liberal,"{""1.51e+07"":-1}"
manifestos_social_ideology_289,1180012261,"To symbolise its commitment to global peace and justice, and energise its young people, we propose a European Peace Corps.",Lab,2010,Conservative,"{""1.42e+07"":1}"
manifestos_social_ideology_290,1110007601,"We will extend the right to vote by post and investigate internet voting, while ensuring that votes remain secure.",LD,2001,Liberal,"{""1.13e+07"":-1,""1.57e+07"":-1}"
manifestos_social_ideology_291,1100002821,"That way, many patients will get expert opinions and care by doctors they know, without the need to go to hospital.",Con,2001,Liberal,"{""1.53e+07"":-1}"
manifestos_social_ideology_292,1120006681,"We will provide primary pupils with wider opportunities to learn sports, musical instruments and a foreign language.",Lab,2001,Liberal,"{""1.85e+07"":-1}"
manifestos_social_ideology_293,50006881,We will seek to improve the provision of refuge places for victims of domestic violence.,LD,1997,Liberal,"{""1.24e+07"":-1,""1.81e+07"":-1,""1.85e+07"":-1,""1.87e+07"":-1,""1.93e+07"":-1,""157833"":1,""2.02e+07"":-1,""2.06e+07"":-1,""2.07e+07"":-1,""2.08e+07"":-1,""2.12e+07"":-1,""2.13e+07"":0,""2.14e+07"":-1,""3307853"":-1,""5112203"":-1,""9015611"":-1}"
manifestos_social_ideology_294,1090000261,"We will get on with fulfilling that commitment from the moment of our election - by strengthening and modernising the NHS, by extending care in the community and by establishing the National Health Initiative to prevent illness.",Lab,1992,Liberal,"{""1.42e+07"":-1}"
manifestos_social_ideology_295,1120013161,"But an inclusive, tolerant, open society, where people rise on their merits, depends on culture and action as well as law.",Lab,2001,Liberal,"{""1.42e+07"":-1,""1.51e+07"":-1,""1.57e+07"":-1,""1.95e+07"":-1}"
manifestos_social_ideology_296,20000701,"We will repeal Section Two of the Official Secrets Act and introduce a Freedom of Information Act so that the public have access to government information to give people access to their personal files, including medical files, held about them by public bodies and to build on the foundation laid by the Access to Personal Files Act, which was introduced as a private members bill by a Liberal MP.",LD,1987,Liberal,"{""1.81e+07"":-1,""1.86e+07"":-1,""2.00e+07"":-1,""2.11e+07"":-1,""2.12e+07"":-1,""2.13e+07"":-1,""5112203"":1,""946983"":-1}"
manifestos_social_ideology_297,1070006111,"committed ourselves to a public right of access to information about the environment, including water supply, air quality dumping at sea and radioactive substances",Con,1992,Liberal,"{""2.05e+07"":-1,""2.09e+07"":-1,""7918256"":-1}"
manifestos_social_ideology_298,1110000581,Our starting point is that prevention is better than cure.,LD,2001,Liberal,"{""6355305"":-1}"
manifestos_social_ideology_299,1120011361,"by boosting police numbers and cutting overall crime, and crimes like burglary that affect senior citizens the most ",Lab,2001,Conservative,"{""1.10e+07"":1,""1.40e+07"":1,""1.42e+07"":1,""1.57e+07"":1,""1.93e+07"":1}"
manifestos_social_ideology_300,1120014041,"Parliamentary reform. The House of Commons is now more representative than ever before, yet only one in five MPs is a woman.",Lab,2001,Liberal,"{""1.10e+07"":-1}"
manifestos_social_ideology_301,1090005771,The black and ethnic minority communities. We are determined to ensure that women and men from ethnic minority groups are full and equal members of the community.,Lab,1992,Liberal,"{""1.10e+07"":-1,""1.30e+07"":-1,""1.45e+07"":-1,""1.95e+07"":-1,""2.05e+07"":-1,""2.08e+07"":-1,""5993386"":-1,""6376956"":-1,""7918256"":-1,""886"":-1}"
manifestos_social_ideology_302,1110008231,We will:Strengthen the fight against discrimination with an Equality Act.,LD,2001,Liberal,"{""1.10e+07"":-1,""1.30e+07"":-1,""1.42e+07"":-1,""1.45e+07"":-1,""6355305"":-1}"
manifestos_social_ideology_303,60000141,"I want a Britain that does not shuffle into the new millennium afraid of the future, but strides into it with confidence.",Lab,1997,Liberal,"{""1.81e+07"":-1}"
manifestos_social_ideology_304,1150000971,"New powers to tackle anti-social behaviour have been introduced, with nearly 4,000 Anti-Social Behaviour Orders issued so far and nearly 66,000 fixed penalty notices.",Lab,2005,Conservative,"{""1.40e+07"":1,""1.52e+07"":1,""1.57e+07"":1,""1.68e+07"":1,""1.87e+07"":1}"
manifestos_social_ideology_305,60009431,an advocate of human rights and democracy the world over;,Lab,1997,Liberal,"{""1.24e+07"":-1,""2.10e+07"":-1,""2.11e+07"":-1,""2.12e+07"":-1,""2.13e+07"":-1,""3098571"":-1}"
manifestos_social_ideology_306,1180005111,"All young people will stay on in learning until 18, Education Maintenance Allowances will be retained and there will be an entitlement to an apprenticeship place in 2013 for all suitably qualified 16-18 year olds.",Lab,2010,Liberal,"{""1.51e+07"":-1}"
manifestos_social_ideology_307,1170006651,Secure Britain's borders by giving a National Border Force police powers.,LD,2010,Conservative,"{""1.10e+07"":1,""1.82e+07"":1}"
manifestos_social_ideology_308,1120000341,The challenge for Britain. I am honoured to be Prime Minister.,Lab,2001,Liberal,"{""2.15e+07"":-1}"
manifestos_social_ideology_309,1160004651,"a society where the leading force for progress is social responsibility, not state control.",Con,2010,Conservative,"{""1.82e+07"":1}"
manifestos_social_ideology_310,10007661,We have more than doubled the number of customs specialist drug investigators.,Con,1987,Conservative,"{""1.24e+07"":1,""1.26e+07"":1,""1.45e+07"":0,""1.58e+07"":1,""1.80e+07"":1,""1.81e+07"":1,""1.90e+07"":1,""1.93e+07"":1,""1.98e+07"":1,""2.00e+07"":1,""2.07e+07"":1,""2.10e+07"":1,""2.12e+07"":1,""2.14e+07"":1,""37796"":1,""5112203"":1,""8382218"":1,""8893451"":1}"
manifestos_social_ideology_311,1120014891,The Conservatives have said they will insist on trying to renegotiate Europe's treaties at the first summit after the election.,Lab,2001,Conservative,"{""1.30e+07"":1}"
manifestos_social_ideology_312,40007701,We have given the courts the freedom to allow the publication of the names of convicted juveniles.,Con,1997,Conservative,"{""1.26e+07"":1,""1.45e+07"":-1,""1.54e+07"":1,""1.81e+07"":1,""1.88e+07"":1,""1.98e+07"":1,""2.00e+07"":1,""2.06e+07"":1,""2.09e+07"":1,""2.12e+07"":0,""2.13e+07"":1,""2361265"":1,""6066983"":1,""6340793"":1,""7918256"":1,""7995027"":1}"
manifestos_social_ideology_313,10009591,"All the Opposition parties - Labour, Liberals and SDP - voted against deployment in the House of Commons.",Con,1987,Conservative,"{""1.97e+07"":1}"
manifestos_social_ideology_314,40004651,We will allow for on independent inspection of education authorities and intervene directly to raise standards where education authorities are letting children down.,Con,1997,Conservative,"{""1.75e+07"":1,""2.00e+07"":1,""2.07e+07"":1,""2.10e+07"":-1,""2.11e+07"":1,""2.14e+07"":1}"
manifestos_social_ideology_315,1090003551,"Open to art-time and full-time students of any age, it will include 'credits' which can be transferred between different institutions.",Lab,1992,Conservative,"{""1.42e+07"":1}"
manifestos_social_ideology_316,1120003281,We need a step-change in workplace learning - particularly in small and medium-sized firms.,Lab,2001,Liberal,"{""1.53e+07"":-1}"
manifestos_social_ideology_317,1090005981,"Although an early election will sometimes be necessary, we will introduce as a general rule a fixed parliamentary term.",Lab,1992,Conservative,"{""2.11e+07"":1}"
manifestos_social_ideology_318,1110001281,Give patients access to independent advocates.,LD,2001,Liberal,"{""1.30e+07"":-1}"
manifestos_social_ideology_319,1120012441,Our proposals are based on a simple principle: stay straight or you will stay supervised or go back inside.,Lab,2001,Conservative,"{""1.10e+07"":1,""1.42e+07"":1,""1.57e+07"":1,""1.93e+07"":1,""2.03e+07"":1}"
manifestos_social_ideology_320,1070016751,"Under the Conservatives, the strength of the RUC has been increased, while the Emergency Provisions Act 1991 contains new powers to combat terrorist funding.",Con,1992,Conservative,"{""1.10e+07"":1,""2.01e+07"":1}"
manifestos_social_ideology_321,60010441,We have promised only what we know we can deliver.,Lab,1997,Liberal,"{""2.13e+07"":-1}"
manifestos_social_ideology_322,20001121,our social and tax policies aim to give women equal rights and freedom to choose their way of life.,LD,1987,Liberal,"{""1.01e+07"":-1,""1.09e+07"":-1,""1.20e+07"":-1,""1.24e+07"":-1,""1.52e+07"":-1,""1.58e+07"":-1,""1.85e+07"":-1,""1.86e+07"":-1,""2.00e+07"":-1,""2.06e+07"":-1,""2.11e+07"":-1,""2.12e+07"":-1,""2.13e+07"":-1,""3559862"":-1,""6340793"":-1,""8968750"":-1}"
manifestos_social_ideology_323,1110001881,"We will provide 40,000 extra classroom assistants, including 25,000 for 5-7 year olds, compared to the government' plan to spread 20,000 across all age groups.",LD,2001,Liberal,"{""1.42e+07"":-1}"
manifestos_social_ideology_324,1160007401,"In government we will go further, by cutting the size of Parliament, cutting the scope of Whitehall, and cutting the cost of politics.",Con,2010,Liberal,"{""1.10e+07"":-1}"
manifestos_social_ideology_325,60001171,"We understand that after 18 years of one-party rule, people want change, believe that it is necessary for the country and for democracy, but require faith to make the change.",Lab,1997,Liberal,"{""2.08e+07"":-1,""2.12e+07"":-1,""5013710"":-1}"
manifestos_social_ideology_326,1070013851,We will continue to seek opportunities to open new CTCs in deprived inner city areas.,Con,1992,Conservative,"{""1.96e+07"":1}"
manifestos_social_ideology_327,60006101,"Equally, our attitudes to race, sex and sexuality have changed fundamentally.",Lab,1997,Liberal,"{""1.10e+07"":-1,""1.16e+07"":0,""1.24e+07"":-1,""1.25e+07"":-1,""1.30e+07"":-1,""1.40e+07"":-1,""1.42e+07"":1,""1.45e+07"":-1,""1.51e+07"":-1,""1.52e+07"":-1,""1.57e+07"":-1,""1.61e+07"":-1,""1.68e+07"":0,""1.81e+07"":-1,""1.82e+07"":-1,""1.84e+07"":-1,""1.86e+07"":-1,""1.87e+07"":-1,""1.90e+07"":-1,""1.93e+07"":-1,""2.00e+07"":-1,""2.02e+07"":-1,""2.03e+07"":0,""2.05e+07"":-1,""2.06e+07"":-1,""2.09e+07"":0,""2.10e+07"":-1,""2.11e+07"":-1,""2.12e+07"":-1,""2.13e+07"":0,""2.14e+07"":-1,""313343"":-1,""37796"":-1,""5751985"":-1,""5983773"":-1,""6223785"":-1,""6376956"":0,""6430428"":-1,""7604015"":-1,""8483290"":-1,""8836799"":-1,""8968750"":-1,""9458742"":-1,""946983"":0,""961129"":-1}"
manifestos_social_ideology_328,1090002651,strengthen screening by restoring the free eye test,Lab,1992,Liberal,"{""2.01e+07"":-1}"
manifestos_social_ideology_329,1080008671,"The case for fair voting for all elections, to bring together communities and encourage cooperation, and for a Bill of Rights to protect individuals, is even more pressing in Northern Ireland than it is in the rest of the UK.",LD,1992,Liberal,"{""1.10e+07"":-1}"
manifestos_social_ideology_330,1150006871,We will encourage secondary schools to keep pupils on the premises to ensure that they have a healthy meal.,Lab,2005,Liberal,"{""1.51e+07"":-1}"
manifestos_social_ideology_331,1150009221,But we also know that modern demands on our armed forces are changing.,Lab,2005,Conservative,"{""2.01e+07"":1}"
manifestos_social_ideology_332,1150000531,No going back to `no such thing as society'.,Lab,2005,Liberal,"{""1.16e+07"":-1}"
manifestos_social_ideology_333,1110008131,They are essential to a liberal society in which people are enabled to fulfil their potential and make informed choices about their lives.,LD,2001,Liberal,"{""1.30e+07"":-1,""1.42e+07"":-1,""1.88e+07"":-1,""2.05e+07"":-1}"
manifestos_social_ideology_334,60001721,It divides children into successes and failures at far too early an age.,Lab,1997,Liberal,"{""1.89e+07"":-1,""2.08e+07"":1,""2.10e+07"":-1,""2.13e+07"":-1,""2.14e+07"":-1,""2647839"":-1}"
manifestos_social_ideology_335,40011281,A Choice of Two Futures. At this election the British people face a stark choice.,Con,1997,Conservative,"{""2.14e+07"":1}"
manifestos_social_ideology_336,1080006801,Liberal Democrats want Britain to play a full role in creating a dynamic and democratic Europe.,LD,1992,Conservative,"{""2.10e+07"":1}"
manifestos_social_ideology_337,1130000131,"Parents worry about their children not learning to read and write properly in classrooms which are unruly, not disciplined.",Con,2005,Liberal,"{""1.51e+07"":-1}"
manifestos_social_ideology_338,1140001311,We will end inappropriate age discrimination within the NHS,LD,2005,Liberal,"{""1.51e+07"":-1,""1.73e+07"":-1}"
manifestos_social_ideology_339,1120009851,"We have already created 300,000 extra childcare places.",Lab,2001,Liberal,"{""1.42e+07"":-1,""1.51e+07"":-1}"
manifestos_social_ideology_340,10007531,"Building on Strength. We will continue to put a high priority on the fight against crime, so that the citizen can feel safe on the street or in his home.",Con,1987,Conservative,"{""1.03e+07"":1,""1.06e+07"":1,""1.10e+07"":1,""1.11e+07"":1,""1.12e+07"":1,""1.15e+07"":1,""1.18e+07"":1,""1.25e+07"":1,""1.40e+07"":1,""1.41e+07"":1,""1.42e+07"":1,""1.45e+07"":1,""1.49e+07"":1,""1.51e+07"":1,""1.52e+07"":1,""1.57e+07"":1,""1.58e+07"":1,""1.63e+07"":1,""1.68e+07"":1,""1.81e+07"":1,""1.82e+07"":0,""1.85e+07"":-1,""1.86e+07"":1,""1.87e+07"":1,""1.88e+07"":1,""1.89e+07"":1,""1.93e+07"":1,""1.96e+07"":1,""1.98e+07"":1,""1.99e+07"":1,""2.00e+07"":1,""2.02e+07"":1,""2.03e+07"":1,""2.04e+07"":1,""2.05e+07"":-1,""2.06e+07"":1,""2.07e+07"":1,""2.08e+07"":1,""2.09e+07"":1,""2.10e+07"":1,""2.11e+07"":1,""2.12e+07"":1,""2.13e+07"":1,""2.14e+07"":-1,""2.20e+07"":1,""3720860"":1,""5112203"":1,""5537363"":-1,""6112471"":1,""7801795"":1,""7995027"":1,""8188780"":0,""8382218"":1,""881561"":1,""8968750"":1,""9054964"":1,""9280918"":1,""9702218"":1}"
manifestos_social_ideology_341,1130001951,"We will bring back matron, who will have the power to close wards for cleaning.",Con,2005,Liberal,"{""1.51e+07"":-1}"
manifestos_social_ideology_342,1170006641,We will:  Immediately reintroduce exit checks at all ports and airports.,LD,2010,Conservative,"{""1.57e+07"":1,""1.93e+07"":1,""2.01e+07"":1}"
manifestos_social_ideology_343,1120010311,The government supports marriage.,Lab,2001,Conservative,"{""1.42e+07"":1,""1.93e+07"":1}"
manifestos_social_ideology_344,1170003311,They will be expected to intervene where school leadership or performance is weak.,LD,2010,Liberal,"{""2.02e+07"":-1}"
manifestos_social_ideology_345,1090002621,We will set new targets to cut the inequalities in health between social classes and ethnic groups.,Lab,1992,Liberal,"{""1.10e+07"":-1,""1.52e+07"":-1,""1.68e+07"":-1,""2.01e+07"":-1}"
manifestos_social_ideology_346,1180005031,Early intervention programmes with a proven impact will be promoted.,Lab,2010,Liberal,"{""1.51e+07"":-1,""2.03e+07"":-1}"
manifestos_social_ideology_347,1100004711,"Instead we will work with volunteers, charities and local institutions to bring new life to our communities.",Con,2001,Liberal,"{""1.61e+07"":-1}"
manifestos_social_ideology_348,1130003781,We will make the Army stronger.,Con,2005,Conservative,"{""1.88e+07"":1,""2.00e+07"":1}"
manifestos_social_ideology_349,1140002441,Many towns and cities are becoming no-go areas at the weekend.,LD,2005,Conservative,"{""1.52e+07"":1,""1.57e+07"":1,""1.88e+07"":1}"
manifestos_social_ideology_350,1110001851,This will bring pupil:teacher ratios back to around 1997 levels and start to improve on them.,LD,2001,Liberal,"{""1.42e+07"":-1}"
manifestos_social_ideology_351,1140006451,At the same time we will introduce measures to promote organic farming.,LD,2005,Liberal,"{""1.51e+07"":-1}"
manifestos_social_ideology_352,1120015941,We must make substantial changes in the way we work and live to safeguard all our futures.,Lab,2001,Liberal,"{""1.51e+07"":-1}"
manifestos_social_ideology_353,1070011091,We have a great tradition of voluntary work at home and overseas.,Con,1992,Conservative,"{""1.42e+07"":1}"
manifestos_social_ideology_354,50003081,Protect wild animals.,LD,1997,Liberal,"{""1.42e+07"":-1,""1.53e+07"":-1,""1.74e+07"":-1,""1.86e+07"":-1,""2.08e+07"":0,""2.09e+07"":-1,""2.12e+07"":-1}"
manifestos_social_ideology_355,1070000481,We can all make our own contribution to the success of the United Kingdom,Con,1992,Liberal,"{""1.57e+07"":-1}"
manifestos_social_ideology_356,1160010021,"As part of our commitment to move towards a low carbon future, we can confirm our aim of reducing carbon emissions by 80 per cent by 2050.",Con,2010,Liberal,"{""1.51e+07"":-1}"
manifestos_social_ideology_357,1160011371,change the rules so that service personnel are not locked out of the voting system by rules that Labour have introduced,Con,2010,Liberal,"{""1.84e+07"":-1}"
manifestos_social_ideology_358,1120004851,We are committed to tackling the causes of this inequality.,Lab,2001,Liberal,"{""1.10e+07"":-1,""1.41e+07"":-1,""1.45e+07"":-1,""1.68e+07"":-1}"
manifestos_social_ideology_359,1090004271,We will promote ion-custodial sentences for non-violent rimes and take steps to eradicate the discrimination in sentencing policy which particularly affects women and ethnic minority offenders. ,Lab,1992,Liberal,"{""1.04e+07"":-1,""1.40e+07"":-1,""1.42e+07"":-1,""1.53e+07"":-1}"
manifestos_social_ideology_360,10007681,Traffickers can now be sentenced to life imprisonment.,Con,1987,Conservative,"{""1.01e+07"":0,""1.10e+07"":1,""1.15e+07"":1,""1.16e+07"":1,""1.22e+07"":1,""1.24e+07"":1,""1.25e+07"":0,""1.30e+07"":1,""1.40e+07"":1,""1.45e+07"":1,""1.51e+07"":1,""1.52e+07"":-1,""1.53e+07"":1,""1.54e+07"":1,""1.57e+07"":1,""1.59e+07"":1,""1.68e+07"":1,""1.75e+07"":1,""1.83e+07"":1,""1.85e+07"":1,""1.86e+07"":1,""1.87e+07"":1,""1.89e+07"":1,""1.93e+07"":1,""1.94e+07"":1,""1.98e+07"":1,""1037861"":-1,""1054502"":1,""1837834"":-1,""2.00e+07"":1,""2.01e+07"":1,""2.02e+07"":-1,""2.04e+07"":1,""2.05e+07"":1,""2.06e+07"":1,""2.08e+07"":1,""2.09e+07"":1,""2.11e+07"":1,""2.12e+07"":1,""2.13e+07"":1,""2.14e+07"":1,""2.20e+07"":1,""3307853"":1,""5112203"":1,""5537363"":-1,""5983773"":1,""6394076"":-1,""7881274"":1,""8382218"":1,""874567"":-1,""8968750"":1,""9054964"":1,""9289597"":1,""9299392"":1,""9458742"":-1,""946983"":1,""9723768"":1,""9958248"":-1}"
manifestos_social_ideology_361,1140002011,Special schools will act as resource centres to support local schools with their specialist provision.,LD,2005,Conservative,"{""1.42e+07"":1}"
manifestos_social_ideology_362,20001361,Reform the House of Lords.,LD,1987,Liberal,"{""1.76e+07"":-1,""2173664"":-1,""5537363"":-1,""6066983"":-1,""6161328"":-1,""7395284"":-1,""9888671"":1}"
manifestos_social_ideology_363,1130003851,It is nevertheless the case that a democratic Iraq would be a powerful beacon of hope in a troubled part of the world.,Con,2005,Conservative,"{""2.00e+07"":1}"
manifestos_social_ideology_364,10008011,We propose to extend this eligibility.,Con,1987,Liberal,"{""1.24e+07"":-1,""1.89e+07"":-1,""1.98e+07"":-1,""1131056"":-1,""2.13e+07"":-1,""2.14e+07"":-1,""8893451"":-1}"
manifestos_social_ideology_365,1140002331,"Justice and Crime. 10,000 more police on the streets - cut crime and the fear of crime.",LD,2005,Conservative,"{""1.38e+07"":0,""1.42e+07"":1,""1.52e+07"":1,""1.73e+07"":1,""1.82e+07"":1,""1.85e+07"":1}"
manifestos_social_ideology_366,1080004471,Local authorities - particularly community councils where they exist - will help to provide the administrative support needed to manage such open access.,LD,1992,Liberal,"{""1.53e+07"":-1,""1.80e+07"":-1,""2.20e+07"":-1}"
manifestos_social_ideology_367,1080006391,We will encourage local authorities to transform football grounds into multi-sport venues.,LD,1992,Liberal,"{""1.86e+07"":-1}"
manifestos_social_ideology_368,1070006721,It is vital that the education system should attract back women who have taken a career break to raise a family.,Con,1992,Liberal,"{""1.13e+07"":-1,""1.57e+07"":-1,""1.68e+07"":-1}"
manifestos_social_ideology_369,30004531,"We urge the people to use their power in their own interests, their families' interests, their country's interests.",Lab,1987,Liberal,"{""2.12e+07"":-1}"
manifestos_social_ideology_370,40007771,"We are providing chief constables with the resources to recruit 5,000 extra police constables in the three years to 1999.",Con,1997,Conservative,"{""1.19e+07"":1,""1.52e+07"":1,""1.53e+07"":1,""1.86e+07"":1,""1.93e+07"":1,""2.00e+07"":0,""2.08e+07"":1,""2.09e+07"":1,""2.12e+07"":1,""2.14e+07"":1,""3280015"":1,""7918256"":1,""7995027"":1,""8893451"":1}"
manifestos_social_ideology_371,1110002221,Reduce testing of the youngest school children.,LD,2001,Conservative,"{""1.43e+07"":1}"
manifestos_social_ideology_372,1100000921,Conservatives will give parents the right to call for a special Ofsted inspection if they fear that their child's school is failing.,Con,2001,Conservative,"{""1.51e+07"":1}"
manifestos_social_ideology_373,60007101,"The Department of National Heritage will develop a strategic vision that matches the real power and energy of British arts, media and cultural industries.",Lab,1997,Liberal,"{""2.13e+07"":-1,""2.14e+07"":0,""2793302"":-1,""568434"":-1,""6591328"":-1,""8273320"":-1}"
manifestos_social_ideology_374,1110011111,"Green Action. Global Climate Change. We will place Britain at the forefront of climate change negotiations, pressing other nations to ratify and implement the 1997 Kyoto Protocol by the Rio+10 world summit in mid 2002.",LD,2001,Liberal,"{""1.51e+07"":-1}"
manifestos_social_ideology_375,50006961,Give disabled people more independence.,LD,1997,Liberal,"{""1.13e+07"":-1,""1.18e+07"":-1,""1.81e+07"":-1,""1.83e+07"":-1,""1.98e+07"":0,""2.01e+07"":-1,""2.06e+07"":-1,""2.11e+07"":1,""2.12e+07"":-1,""2.13e+07"":-1,""2785872"":-1,""3307853"":-1,""5112203"":-1,""9015611"":-1}"
manifestos_social_ideology_376,1130003541,We also recognise that energy efficiency must play an increasingly important role in our energy policy.,Con,2005,Conservative,"{""2.00e+07"":1}"
manifestos_social_ideology_377,1070008771,"We will reorganise prisoners' education, training and work opportunities.",Con,1992,Liberal,"{""1.30e+07"":-1,""1.41e+07"":-1,""1.68e+07"":-1,""1.82e+07"":-1,""1.93e+07"":-1}"
manifestos_social_ideology_378,1180011861,"It requires stronger local administration and less corruption, combined with a way back for former fighters who are prepared to renounce links to Al Qaeda and abide by the Afghan constitution.",Lab,2010,Liberal,"{""1.63e+07"":-1}"
manifestos_social_ideology_379,40007621,All too often it is not.,Con,1997,Conservative,"{""1.19e+07"":0,""1.45e+07"":1,""1.52e+07"":1,""1.89e+07"":1,""1.98e+07"":1,""2.04e+07"":1,""2.08e+07"":1,""2.09e+07"":0,""3280015"":1,""5993386"":1,""7918256"":1,""7995027"":1,""8893451"":1}"
manifestos_social_ideology_380,1140001491,"Liberal Democrats will encourage and promote nationally what many Liberal Democrat councils already do locally, such as 'Safe Routes to School' with calmed traffic, safe pavements, good lighting and adults on hand to conduct 'walking buses'.",LD,2005,Liberal,"{""1.73e+07"":-1}"
manifestos_social_ideology_381,60009941,We will ensure that they remain strong to defend Britain.,Lab,1997,Conservative,"{""1.53e+07"":1,""2.09e+07"":1}"
manifestos_social_ideology_382,1110007471,Public bodies are not sufficiently accountable.,LD,2001,Conservative,"{""1.63e+07"":1}"
manifestos_social_ideology_383,1140007881,2.Cleaner transport and environment.,LD,2005,Liberal,"{""1.42e+07"":-1,""1.53e+07"":-1}"
manifestos_social_ideology_384,40008371,It is tough on criminals and vigilant at our ports.,Con,1997,Conservative,"{""1.24e+07"":1,""1.51e+07"":1,""1.52e+07"":1,""1.83e+07"":1,""2.00e+07"":1,""2.01e+07"":1,""2.08e+07"":1,""2.10e+07"":1,""2.11e+07"":1,""3307853"":1,""3720860"":1,""3773194"":1,""5270743"":1,""7918256"":1,""7954010"":1}"
manifestos_social_ideology_385,1150005281,We want to keep it that way.,Lab,2005,Liberal,"{""1.41e+07"":-1,""1.52e+07"":-1,""1.93e+07"":-1}"
manifestos_social_ideology_386,1180009361,"All young people should be active and engaged in their communities, so that it becomes a normal part of growing up to undertake service in the community.",Lab,2010,Liberal,"{""1.53e+07"":-1}"
manifestos_social_ideology_387,60000571,"Our values are the same: the equal worth of all, with no one cast aside fairness and justice within strong communities.",Lab,1997,Liberal,"{""1.11e+07"":-1,""1.24e+07"":-1,""1.53e+07"":-1,""1.75e+07"":-1,""2.02e+07"":-1,""2.13e+07"":-1,""2.14e+07"":-1,""3307853"":1,""8273320"":0,""8836799"":-1}"
manifestos_social_ideology_388,1150004581,Empowering communities against anti-social behavior. People want communities where the decent law-abiding majority are in charge.,Lab,2005,Conservative,"{""1.40e+07"":1,""1.52e+07"":1,""1.57e+07"":1,""1.68e+07"":1,""2.05e+07"":1}"
manifestos_social_ideology_389,1120011391,Labour will tackle the problems faced by people requiring care and the problems of carers themselves.,Lab,2001,Liberal,"{""1.42e+07"":-1,""1.51e+07"":-1}"
manifestos_social_ideology_390,1070006511,"Regular and straightforward tests will be in place for all 7, 11 and 14 year-olds by 1994.",Con,1992,Liberal,"{""1.51e+07"":-1}"
manifestos_social_ideology_391,1180005321,"In the coming years, priority in the expansion of student places will be given to Foundation Degrees and part-time study, and to science, technology, engineering and mathematics degrees, as well as applied study in key economic growth sectors.",Lab,2010,Liberal,"{""1.42e+07"":-1,""1.53e+07"":-1,""6342862"":-1}"
manifestos_social_ideology_392,1160004871,"To stimulate social action further, we will: transform the civil service into a 'civic service' by making sure that participation in social action is recognised in civil servants' appraisals",Con,2010,Conservative,"{""2.05e+07"":1}"
manifestos_social_ideology_393,20000501,"It is the business of Government to act fairly in the pursuit of a united society, not to identify itself solely with any one section of society or region of the country.",LD,1987,Liberal,"{""1.20e+07"":-1,""1.24e+07"":-1,""1.51e+07"":-1,""2.02e+07"":-1,""2.07e+07"":-1,""2.11e+07"":-1,""2.12e+07"":-1,""2.13e+07"":-1,""2.14e+07"":-1,""313343"":0,""5112203"":-1,""5751985"":-1,""7557336"":-1}"
manifestos_social_ideology_394,1160004711,our reform plans require a social response in order to be successful.,Con,2010,Liberal,"{""1.87e+07"":-1,""2.21e+07"":-1}"
manifestos_social_ideology_395,1150000431,"And as much as the pursuit of this consensus represents an unprecedented opportunity for progressive politics, so it will be bitterly opposed by those who seek to take us back to the divisions of the past.",Lab,2005,Liberal,"{""1.16e+07"":-1}"
manifestos_social_ideology_396,1150009851,Creative cities. Art and culture are valuable for their own sake,Lab,2005,Liberal,"{""1.42e+07"":-1}"
manifestos_social_ideology_397,20001161,"We will combat prejudice against and misunderstanding of people with disabilities, to improve their quality of life, and to extend educational opportunities for disabled young people.",LD,1987,Liberal,"{""1.11e+07"":-1,""1.24e+07"":-1,""1.45e+07"":-1,""1.52e+07"":-1,""1.74e+07"":-1,""1.81e+07"":-1,""1.87e+07"":-1,""1.88e+07"":0,""1.93e+07"":-1,""1.98e+07"":-1,""2.06e+07"":-1,""2.09e+07"":-1,""2.12e+07"":-1,""2.13e+07"":-1,""313343"":-1,""3559862"":-1,""5112203"":-1,""946983"":-1}"
manifestos_social_ideology_398,1120003231,We have created the Learning and Skills Council for all post-school learning outside higher education.,Lab,2001,Liberal,"{""1.51e+07"":-1}"
manifestos_social_ideology_399,30004391,"We will set up a Department of Overseas Development and Co-operation, headed by a Cabinet Minister.",Lab,1987,Liberal,"{""2.13e+07"":-1,""2.14e+07"":-1,""4652872"":-1,""4680678"":-1,""5112203"":-1,""8968750"":-1}"
manifestos_social_ideology_400,1080005131,"We will require health authorities to publish a Charter of Services, defining basic entitlements, and provide redress where these are not satisfied.",LD,1992,Liberal,"{""2.01e+07"":-1}"
manifestos_social_ideology_401,1070009321,This will include a workable appeal system for applicants under which those with manifestly unfounded claims will be returned quickly to their own country or to the country they came from.,Con,1992,Conservative,"{""1.57e+07"":1,""1.87e+07"":1,""2.19e+07"":1,""2.21e+07"":1}"
manifestos_social_ideology_402,1150004371,Each needs a very different approach.,Lab,2005,Conservative,"{""1.13e+07"":1,""1.86e+07"":1,""1.87e+07"":1}"
manifestos_social_ideology_403,1110002371,"We will guarantee quality nursery education, which makes a real contribution to intellectual, emotional and social development at this all-important stage in life.",LD,2001,Liberal,"{""6355305"":-1}"
manifestos_social_ideology_404,1100006221,This incompetence has been accompanied by a disdain for British traditions and a modish contempt for our heritage.,Con,2001,Conservative,"{""1.30e+07"":1}"
manifestos_social_ideology_405,1110008441,We will reform current immigration laws so that families are not divided.,LD,2001,Liberal,"{""1.10e+07"":-1,""1.30e+07"":-1,""1.52e+07"":-1}"
manifestos_social_ideology_406,1100000621,That failure is no accident.,Con,2001,Conservative,"{""1.17e+07"":1}"
manifestos_social_ideology_407,1120007251,"Where LEAs cannot effectively support school improvement, alternative provision will be made.",Lab,2001,Liberal,"{""1.85e+07"":-1}"
manifestos_social_ideology_408,1150010101,By 2008 our aim is that almost everyone will be within 20 minutes of a good multi-sport facility.,Lab,2005,Liberal,"{""1.42e+07"":-1}"
manifestos_social_ideology_409,1140000241,We will not pander to fear and prejudice.,LD,2005,Liberal,"{""1.51e+07"":-1,""1.52e+07"":-1,""1.73e+07"":-1,""1.88e+07"":-1}"
manifestos_social_ideology_410,10009431,The Liberals and Social Democrats would allow it to wither on the vine.,Con,1987,Conservative,"{""2.09e+07"":1,""2.14e+07"":1}"
manifestos_social_ideology_411,1150003031, sufficient quality and quantity in higher education.,Lab,2005,Liberal,"{""1.51e+07"":-1,""2.02e+07"":-1}"
manifestos_social_ideology_412,1160006231,Improving our school system is the most important thing we can do to make opportunity more equal and address our declining social mobility.,Con,2010,Liberal,"{""1.51e+07"":-1}"
manifestos_social_ideology_413,50006841,We will promote equal treatment of the sexes within the Health Service.,LD,1997,Liberal,"{""1.01e+07"":-1,""1.04e+07"":0,""1.09e+07"":-1,""1.11e+07"":-1,""1.13e+07"":-1,""1.30e+07"":-1,""1.40e+07"":-1,""1.41e+07"":-1,""1.42e+07"":-1,""1.45e+07"":-1,""1.46e+07"":-1,""1.51e+07"":-1,""1.52e+07"":-1,""1.53e+07"":-1,""1.54e+07"":0,""1.57e+07"":-1,""1.63e+07"":-1,""1.68e+07"":-1,""1.75e+07"":-1,""1.81e+07"":-1,""1.84e+07"":0,""1.85e+07"":-1,""1.87e+07"":-1,""1.88e+07"":0,""1.93e+07"":-1,""1.96e+07"":-1,""1.97e+07"":-1,""1.98e+07"":-1,""1.99e+07"":-1,""1037861"":-1,""2.00e+07"":-1,""2.01e+07"":-1,""2.03e+07"":-1,""2.05e+07"":-1,""2.06e+07"":-1,""2.09e+07"":-1,""2.10e+07"":1,""2.11e+07"":-1,""2.12e+07"":-1,""2.13e+07"":-1,""2.14e+07"":-1,""4680678"":-1,""5112203"":-1,""6340793"":-1,""6341364"":-1,""6355305"":-1,""6444018"":-1,""8273320"":-1,""8382218"":-1,""8836799"":-1,""8968750"":-1,""946983"":-1,""9703593"":1}"
manifestos_social_ideology_414,1180005291,"We will guarantee mentoring and support for higher education applications to all low-income pupils with the potential for university study, with extra summer schools and help with UCAS applications",Lab,2010,Liberal,"{""1.42e+07"":-1,""1.84e+07"":-1}"
manifestos_social_ideology_415,20001281,We support a common system for all member states.,LD,1987,Liberal,"{""1.25e+07"":-1,""1.68e+07"":-1,""2.10e+07"":-1,""2.12e+07"":-1,""2.18e+07"":1,""9137449"":-1}"
manifestos_social_ideology_416,40007811,"Once caught, criminals must be convicted and then properly punished.",Con,1997,Conservative,"{""1.09e+07"":1,""1.10e+07"":1,""1.11e+07"":1,""1.13e+07"":1,""1.26e+07"":1,""1.30e+07"":1,""1.40e+07"":1,""1.46e+07"":1,""1.49e+07"":1,""1.51e+07"":1,""1.52e+07"":1,""1.57e+07"":1,""1.68e+07"":1,""1.75e+07"":1,""1.77e+07"":1,""1.79e+07"":1,""1.81e+07"":1,""1.89e+07"":1,""1.93e+07"":1,""1.95e+07"":1,""1.97e+07"":1,""1.98e+07"":1,""1.99e+07"":1,""2.00e+07"":1,""2.01e+07"":1,""2.02e+07"":1,""2.04e+07"":1,""2.05e+07"":1,""2.06e+07"":1,""2.07e+07"":1,""2.08e+07"":1,""2.09e+07"":1,""2.11e+07"":-1,""2.12e+07"":1,""2.13e+07"":1,""2.14e+07"":1,""2209950"":1,""3574338"":1,""3603786"":1,""5452477"":1,""6112471"":0,""7918256"":1,""8382218"":1,""8836799"":1,""886"":1,""9293624"":1,""9458742"":1,""9666339"":1}"
manifestos_social_ideology_417,1180009661,maintain the Green Belt,Lab,2010,Liberal,"{""1.63e+07"":-1}"
manifestos_social_ideology_418,1130001611,We will encourage learning outside the classroom and provide protection for teachers worried about school trips.,Con,2005,Liberal,"{""1.51e+07"":-1}"
manifestos_social_ideology_419,1150011771,"We are proud to have brought in the Human Rights Act, enabling British citizens to take action in British courts rather than having to wait years to seek redress in Strasbourg.",Lab,2005,Liberal,"{""1.10e+07"":-1,""1.52e+07"":-1,""2.05e+07"":-1}"
manifestos_social_ideology_420,60009111,"For example, we support comprehensive, enforceable civil rights for disabled people against discrimination in society or at work, developed in partnership with all interested parties.",Lab,1997,Liberal,"{""1.10e+07"":-1,""1.11e+07"":-1,""1.14e+07"":-1,""1.17e+07"":-1,""1.19e+07"":-1,""1.20e+07"":-1,""1.22e+07"":-1,""1.25e+07"":-1,""1.40e+07"":-1,""1.42e+07"":-1,""1.47e+07"":-1,""1.51e+07"":-1,""1.52e+07"":-1,""1.54e+07"":-1,""1.57e+07"":-1,""1.58e+07"":-1,""1.63e+07"":-1,""1.75e+07"":-1,""1.76e+07"":-1,""1.81e+07"":-1,""1.82e+07"":-1,""1.83e+07"":-1,""1.85e+07"":-1,""1.86e+07"":-1,""1.87e+07"":-1,""1.88e+07"":0,""1.93e+07"":-1,""1.98e+07"":-1,""2.00e+07"":-1,""2.01e+07"":-1,""2.03e+07"":-1,""2.05e+07"":-1,""2.06e+07"":-1,""2.07e+07"":-1,""2.08e+07"":-1,""2.09e+07"":-1,""2.10e+07"":-1,""2.11e+07"":-1,""2.12e+07"":-1,""2.13e+07"":-1,""2.14e+07"":-1,""2.20e+07"":-1,""2361265"":-1,""5112203"":-1,""5372456"":1,""6066983"":-1,""6342862"":-1,""7918256"":-1,""7995027"":-1,""8382218"":-1,""8893451"":-1,""9270508"":-1,""9703085"":-1,""9703593"":1,""9888671"":1}"
manifestos_social_ideology_421,1110000231,"Under eighteen years of Conservative government, these freedoms steadily diminished.",LD,2001,Conservative,"{""1.30e+07"":1}"
manifestos_social_ideology_422,1150011731,"We will also introduce a similar duty to promote equality of opportunity between women and men, and will further extend protection against discrimination on the grounds of religion and belief.",Lab,2005,Liberal,"{""1.04e+07"":-1,""1.10e+07"":-1,""1.30e+07"":-1,""1.52e+07"":-1,""1.57e+07"":-1,""1.95e+07"":-1}"
manifestos_social_ideology_423,1140001861,The teacher recruitment crisis means that thousands of children are being taught key subjects by staff who are not trained specialists in that subject.,LD,2005,Conservative,"{""1.42e+07"":1}"
manifestos_social_ideology_424,1170003201,"Give 14-19 year-olds the right to take up a course at college, rather than at school, if it suits them better.",LD,2010,Liberal,"{""1.51e+07"":-1,""1.84e+07"":-1}"
manifestos_social_ideology_425,60008141,Freedom of information and guaranteed human rights,Lab,1997,Liberal,"{""1.11e+07"":-1,""1.19e+07"":0,""1.24e+07"":-1,""1.45e+07"":-1,""1.81e+07"":-1,""1.83e+07"":-1,""1.88e+07"":0,""1.97e+07"":-1,""2.01e+07"":-1,""2.06e+07"":-1,""2.09e+07"":-1,""2.12e+07"":-1,""2.13e+07"":-1,""2793302"":-1,""568434"":-1,""8757469"":1}"
manifestos_social_ideology_426,1070014801,"We will continue to support the development and redevelopment of our canals, as well as enhancing the environmental standards of our waterways.",Con,1992,Liberal,"{""1.53e+07"":-1}"
manifestos_social_ideology_427,1110005121,"We will implement a National Programme of Home Zones for residential areas, and Quiet Lanes in rural areas.",LD,2001,Liberal,"{""1.30e+07"":-1,""1.42e+07"":-1}"
manifestos_social_ideology_428,10007861,Progress towards better community relations must be on a basis of equality.,Con,1987,Liberal,"{""1.23e+07"":-1,""1.24e+07"":-1,""1.32e+07"":-1,""1.45e+07"":-1,""1.52e+07"":-1,""1.98e+07"":-1,""2.00e+07"":-1,""2.05e+07"":-1,""2.06e+07"":-1,""2.09e+07"":-1,""2.11e+07"":0,""2.13e+07"":-1,""2361265"":-1,""37796"":1,""5993386"":-1,""7918256"":-1,""886"":1,""8893451"":-1}"
manifestos_social_ideology_429,1120011461,We want to see carers given access to the cash and services appropriate to their service to their relatives and the community.,Lab,2001,Liberal,"{""1.51e+07"":-1,""1.95e+07"":-1}"
manifestos_social_ideology_430,1150008501,It means fighting terrorism and stopping the spread of weapons of mass destruction.,Lab,2005,Conservative,"{""1.95e+07"":1}"
manifestos_social_ideology_431,1150006971,In membership clubs the members will be free to choose whether to allow smoking or to be smoke-free.,Lab,2005,Liberal,"{""1.41e+07"":-1,""1.82e+07"":-1}"
manifestos_social_ideology_432,1140000391,"So we want to build a society which gives individual men and women opportunities to pursue their aims, develop their talents and shape their successes.",LD,2005,Liberal,"{""1.13e+07"":-1,""1.57e+07"":-1,""1.73e+07"":-1}"
manifestos_social_ideology_433,1110003571,We will:  Focus resources on crime prevention rather than prison building.,LD,2001,Liberal,"{""1.10e+07"":-1,""1.42e+07"":-1,""1.82e+07"":-1,""2.03e+07"":-1}"
manifestos_social_ideology_434,1090005071,We will establish a new independent transport safety inspectorate within the health and safety legislation to improve the safety environment which has led to the terrible tragedies of recent years.,Lab,1992,Liberal,"{""1.51e+07"":-1}"
manifestos_social_ideology_435,1110010641,"Defence. We are proud of Britain's record of defending democracy and to remember those who have given their lives, we will make the day after Remembrance Sunday a public holiday.",LD,2001,Liberal,"{""1.10e+07"":-1}"
manifestos_social_ideology_436,1160007141,"People want to know that the police are listening to them, and the police want to be able to focus on community priorities, not ticking boxes.",Con,2010,Conservative,"{""1.10e+07"":1,""1.51e+07"":1,""1.52e+07"":1,""1.57e+07"":1,""1.87e+07"":1}"
manifestos_social_ideology_437,1150010881,But the best way to tackle exclusion is to give choice and power to those left behind.,Lab,2005,Liberal,"{""1.82e+07"":-1}"
manifestos_social_ideology_438,1150011751,It remains our firm and clear intention to give people of all faiths the same protection against incitement to hatred on the basis of their religion.,Lab,2005,Liberal,"{""1.10e+07"":-1,""1.30e+07"":-1,""1.52e+07"":-1,""1.57e+07"":-1}"
manifestos_social_ideology_439,1110011021,We will increase backing for the development of an AIDS vaccine.,LD,2001,Liberal,"{""1.30e+07"":-1,""1.51e+07"":-1}"
manifestos_social_ideology_440,1150005011,And we will develop new proposals to ensure that criminals are not able to profit from publishing books about their crimes.,Lab,2005,Conservative,"{""1.10e+07"":1,""1.40e+07"":1,""1.57e+07"":1,""1.82e+07"":1,""1.93e+07"":1}"
manifestos_social_ideology_441,1160000181,Improve our schools.,Con,2010,Liberal,"{""1.51e+07"":-1}"
manifestos_social_ideology_442,60000161,I want to do it by making a limited set of important promises and achieving them.,Lab,1997,Conservative,"{""2.13e+07"":1}"
manifestos_social_ideology_443,10009361,They would cancel Trident and they have no clear idea of what to put in its place.,Con,1987,Conservative,"{""2.12e+07"":1,""3559862"":1}"
manifestos_social_ideology_444,1180005431,We will always put the NHS first.,Lab,2010,Liberal,"{""1.84e+07"":-1}"
manifestos_social_ideology_445,1150006141,We have tightened the rules on NHS operations so that `health tourists' now have to pay for treatment.,Lab,2005,Conservative,"{""1.57e+07"":1}"
manifestos_social_ideology_446,40003901,Opportunities for Women. Women are succeeding in Britain.,Con,1997,Liberal,"{""1.17e+07"":-1,""1.52e+07"":-1,""1.98e+07"":-1,""2.00e+07"":-1,""2.09e+07"":-1,""2.12e+07"":-1,""2.14e+07"":-1,""37796"":-1,""4680678"":-1,""5280406"":0,""5983773"":0,""7918256"":-1,""8382218"":-1,""8893451"":-1,""8968750"":0}"
manifestos_social_ideology_447,50006941,We will ban discrimination on the grounds of disability and pass comprehensive legislation securing the civil rights of disabled people.,LD,1997,Liberal,"{""1.10e+07"":-1,""1.15e+07"":-1,""1.22e+07"":-1,""1.24e+07"":-1,""1.25e+07"":-1,""1.27e+07"":-1,""1.30e+07"":0,""1.40e+07"":-1,""1.42e+07"":-1,""1.51e+07"":-1,""1.52e+07"":-1,""1.57e+07"":-1,""1.58e+07"":-1,""1.68e+07"":-1,""1.83e+07"":-1,""1.85e+07"":-1,""1.97e+07"":0,""2.00e+07"":-1,""2.02e+07"":-1,""2.05e+07"":-1,""2.06e+07"":-1,""2.10e+07"":-1,""2.11e+07"":-1,""2.12e+07"":-1,""2.13e+07"":-1,""2.14e+07"":-1,""2.15e+07"":-1,""2.21e+07"":-1,""2785872"":-1,""280059"":-1,""3307853"":-1,""3385164"":-1,""3773194"":-1,""4652872"":-1,""4680678"":-1,""5112203"":-1,""5270743"":-1,""5324079"":-1,""5372456"":1,""6342862"":-1,""7039094"":1,""7424964"":-1,""7881274"":-1,""7918256"":-1,""8382218"":-1,""8769423"":-1,""881561"":-1,""8968750"":-1,""946983"":-1}"
manifestos_social_ideology_448,1070014741,"The Government is keen to promote the fullest possible use of inland waterways for leisure, recreation and amenity, in the regeneration of inner cities and for freight transport where appropriate.",Con,1992,Liberal,"{""1.51e+07"":-1}"
manifestos_social_ideology_449,1090000431,"We shall, therefore ensure that our country has the defence capacity, the strength of alliance and the peace-making commitment necessary to safeguard the United Kingdom, to participate in international negotiations for disarmament, to deter aggression and to contribute to constructing a New World Order, now feasible through the strengthened United Nations.",Lab,1992,Conservative,"{""2.01e+07"":1}"
manifestos_social_ideology_450,60000661,how we tackle the division and inequality in our society;,Lab,1997,Liberal,"{""1.01e+07"":-1,""1.52e+07"":-1,""1.60e+07"":-1,""1.81e+07"":-1,""1.85e+07"":0,""2.00e+07"":-1,""2.09e+07"":-1,""2.10e+07"":-1,""2.11e+07"":-1,""2.13e+07"":-1,""3307853"":-1,""5108677"":-1,""5768369"":1}"
manifestos_social_ideology_451,20001871,"For the criminals, sentences become more of a lottery than a deterring force.",LD,1987,Conservative,"{""1.09e+07"":1,""1.24e+07"":1,""1.45e+07"":1,""1.52e+07"":1,""1.98e+07"":1,""2.00e+07"":0,""2.04e+07"":1,""2.09e+07"":1,""2.10e+07"":1,""2.12e+07"":1,""2.13e+07"":1,""2.14e+07"":1,""313343"":-1,""946983"":1}"
manifestos_social_ideology_452,1080007091,"We will work for a clear definition of the rights of the European citizen, and insist that these are common to all Community nationals.",LD,1992,Liberal,"{""1.88e+07"":-1}"
manifestos_social_ideology_453,1150009791,We will work to improve the quality of life of every community in Britain.,Lab,2005,Liberal,"{""1.40e+07"":-1}"
manifestos_social_ideology_454,1090004291,"Local communities will help design services to meet their needs, with voluntary groups playing a key role in delivering services.",Lab,1992,Liberal,"{""1.10e+07"":-1,""1.42e+07"":1,""1.53e+07"":-1,""1.71e+07"":0,""1.74e+07"":-1,""1.86e+07"":-1,""2.01e+07"":-1,""2.08e+07"":-1,""2.09e+07"":-1,""2.10e+07"":-1,""2.13e+07"":-1}"
manifestos_social_ideology_455,1070008481,"Even where 'joy-riding' is not involved, causing death through dangerous or drink driving is a very serious offence.",Con,1992,Conservative,"{""1.42e+07"":1,""1.68e+07"":1,""2.01e+07"":1,""2.05e+07"":1}"
manifestos_social_ideology_456,40011631,PERSISTENT CRIMINALS: Ensure persistent house burglars and dealers in hard drugs receive mandatory minimum prison sentences.,Con,1997,Conservative,"{""1.10e+07"":1,""1.15e+07"":1,""1.18e+07"":1,""1.19e+07"":1,""1.20e+07"":1,""1.24e+07"":1,""1.25e+07"":1,""1.26e+07"":1,""1.27e+07"":1,""1.30e+07"":1,""1.40e+07"":1,""1.45e+07"":1,""1.51e+07"":-1,""1.52e+07"":1,""1.57e+07"":1,""1.66e+07"":0,""1.68e+07"":1,""1.75e+07"":1,""1.76e+07"":-1,""1.81e+07"":1,""1.82e+07"":1,""1.83e+07"":1,""1.85e+07"":1,""1.86e+07"":1,""1.88e+07"":-1,""1.93e+07"":1,""1.98e+07"":1,""2.00e+07"":1,""2.01e+07"":1,""2.03e+07"":1,""2.05e+07"":1,""2.06e+07"":1,""2.07e+07"":1,""2.08e+07"":1,""2.09e+07"":1,""2.10e+07"":1,""2.12e+07"":1,""2.13e+07"":1,""2.14e+07"":1,""2.20e+07"":1,""2793302"":1,""2803291"":1,""3720860"":1,""4680678"":1,""5013710"":1,""5112203"":1,""5280406"":1,""5372456"":-1,""6002241"":1,""7918256"":1,""7954010"":1,""7995027"":1,""8188780"":1,""8382218"":1,""8530175"":1,""8836799"":1,""8968750"":1,""9054964"":1,""9280918"":1,""946983"":1,""9818159"":1}"
manifestos_social_ideology_457,1100000731,They will be able to choose how to reward excellence amongst their teachers.,Con,2001,Conservative,"{""1.51e+07"":1}"
manifestos_social_ideology_458,1170007771,"They have worked together to block reform, even voting against a proposal to give people the right to sack corrupt MPs.",LD,2010,Liberal,"{""1.82e+07"":-1}"
manifestos_social_ideology_459,1170008121,Every department in Whitehall would have to convince this unit of the need for a new offence.,LD,2010,Conservative,"{""1.10e+07"":1,""1.82e+07"":1}"
manifestos_social_ideology_460,1180009581,"We are extending broadband access to every business and home, ensuring universal access within a decade to high-speed broadband across the country.",Lab,2010,Liberal,"{""6342862"":-1}"
manifestos_social_ideology_461,60001121,The objectives are radical.,Lab,1997,Liberal,"{""2.05e+07"":-1,""2.11e+07"":-1}"
manifestos_social_ideology_462,1170008061,"We will regulate CCTV, stop councils from spying on people, stop unfair extradition to the US, defend trial by jury, and stop children being fingerprinted at school without their parents' permission.",LD,2010,Liberal,"{""1.17e+07"":-1,""1.45e+07"":-1,""1.68e+07"":-1,""1.82e+07"":-1}"
manifestos_social_ideology_463,1120009221,by expanding sports facilities in schools and in the community ,Lab,2001,Liberal,"{""1.53e+07"":-1}"
manifestos_social_ideology_464,1160006821,Their string of broken promises has undermined people's trust.,Con,2010,Conservative,"{""1.51e+07"":1,""1.52e+07"":1,""1.87e+07"":1}"
manifestos_social_ideology_465,40007421,The police are rightly now vigorously tackling problems such as graffiti vandalism and drunkenness.,Con,1997,Conservative,"{""1.19e+07"":0,""1.52e+07"":1,""1.53e+07"":1,""1.71e+07"":1,""1.74e+07"":1,""1.86e+07"":1,""1.93e+07"":1,""1.98e+07"":1,""2.08e+07"":1,""2.09e+07"":1,""2.13e+07"":1,""6066983"":1,""7918256"":1,""7995027"":1,""8893451"":1,""9458742"":1}"
manifestos_social_ideology_466,1120006971,We will allow greater involvement in schools by outside organisations with a serious contribution to make to raising standards.,Lab,2001,Conservative,"{""6355305"":1}"
manifestos_social_ideology_467,1070015011,We support the establishment of a European Environment Agency to provide a Europe-wide environmental database.,Con,1992,Liberal,"{""1.53e+07"":-1,""1.86e+07"":-1,""2.08e+07"":-1,""2.09e+07"":-1,""2.11e+07"":-1,""2.13e+07"":-1}"
manifestos_social_ideology_468,1070011491,"A BRIGHTER BRITAIN. Making Britain a brighter and better place in which to live requires a high quality physical environment - including housing, transport and reinvigorated urban areas.",Con,1992,Conservative,"{""1.42e+07"":1}"
manifestos_social_ideology_469,1180009531,We are committed to maintaining plurality in regional news provision.,Lab,2010,Liberal,"{""1.57e+07"":-1}"
manifestos_social_ideology_470,50006911,We will reform the procedures and facilities of the House of Commons to make them more accommodating to women and families.,LD,1997,Liberal,"{""1.01e+07"":-1,""1.13e+07"":-1,""1.17e+07"":-1,""1.21e+07"":-1,""1.25e+07"":-1,""1.26e+07"":-1,""1.30e+07"":-1,""1.32e+07"":-1,""1.40e+07"":-1,""1.45e+07"":-1,""1.53e+07"":-1,""1.57e+07"":-1,""1.65e+07"":-1,""1.68e+07"":-1,""1.81e+07"":-1,""1.85e+07"":-1,""1.86e+07"":-1,""1.87e+07"":-1,""1.90e+07"":-1,""1.93e+07"":-1,""1.98e+07"":-1,""2.00e+07"":-1,""2.02e+07"":-1,""2.03e+07"":-1,""2.05e+07"":-1,""2.06e+07"":1,""2.07e+07"":-1,""2.08e+07"":-1,""2.09e+07"":-1,""2.10e+07"":-1,""2.11e+07"":-1,""2.12e+07"":-1,""2.13e+07"":1,""2.14e+07"":-1,""2785872"":-1,""37796"":-1,""4680678"":-1,""5112203"":-1,""6338504"":-1,""6342862"":-1,""8968750"":-1,""946983"":-1}"
manifestos_social_ideology_471,1140002121," we will promote 'Safe Routes to School', with calmed traffic, safe pavements, good lighting and adults on hand to conduct 'walking buses'.",LD,2005,Liberal,"{""1.73e+07"":-1}"
manifestos_social_ideology_472,1100000751,We will abolish the nonsensical rules that make it difficult for Heads to exclude disruptive pupils - we will not allow a few unruly pupils to damage the education of everyone else.,Con,2001,Conservative,"{""1.30e+07"":1,""1.42e+07"":1}"
manifestos_social_ideology_473,1180008201,Strong borders and immigration controls. We are committed to an immigration system that promotes and protects British values.,Lab,2010,Conservative,"{""1.57e+07"":1,""2.09e+07"":1,""2.21e+07"":1}"
manifestos_social_ideology_474,1180010281,We will work with community organisations to make it easier to find and use sites for 'grow your own' schemes.,Lab,2010,Liberal,"{""1.42e+07"":-1,""1.53e+07"":-1,""1.57e+07"":-1,""1.63e+07"":-1,""6342862"":-1}"
manifestos_social_ideology_475,1150004481,In a third term we will make the contract of rights and responsibilities an enduring foundation of community life.,Lab,2005,Conservative,"{""1.40e+07"":1,""1.52e+07"":1,""1.57e+07"":1,""1.66e+07"":1,""2.05e+07"":1}"
manifestos_social_ideology_476,1160005631,"This includes independent, voluntary and community sector providers.",Con,2010,Conservative,"{""2.01e+07"":1}"
manifestos_social_ideology_477,1130002891,"Only the Conservatives take this issue seriously enough to insist on a limit, and will introduce the policies necessary to police it.",Con,2005,Conservative,"{""2.19e+07"":1,""2.20e+07"":1,""2.21e+07"":1}"
manifestos_social_ideology_478,1170004901,"We believe in freedom, justice, prosperity and human rights for all and will do all we can to work towards a world where these hopes become reality.",LD,2010,Liberal,"{""1.10e+07"":-1,""1.51e+07"":-1,""1.57e+07"":-1}"
manifestos_social_ideology_479,50007141,We will reform current immigration laws so as to enable genuine family reunions.,LD,1997,Liberal,"{""1.01e+07"":-1,""1.10e+07"":-1,""1.11e+07"":-1,""1.12e+07"":-1,""1.21e+07"":1,""1.24e+07"":-1,""1.27e+07"":-1,""1.30e+07"":-1,""1.40e+07"":-1,""1.42e+07"":-1,""1.51e+07"":-1,""1.52e+07"":-1,""1.53e+07"":-1,""1.54e+07"":-1,""1.57e+07"":-1,""1.68e+07"":-1,""1.69e+07"":-1,""1.71e+07"":-1,""1.74e+07"":-1,""1.81e+07"":-1,""1.82e+07"":-1,""1.83e+07"":-1,""1.85e+07"":-1,""1.86e+07"":-1,""1.88e+07"":-1,""1.93e+07"":-1,""1.95e+07"":-1,""1.96e+07"":-1,""2.04e+07"":-1,""2.05e+07"":-1,""2.07e+07"":-1,""2.08e+07"":-1,""2.09e+07"":-1,""2.10e+07"":-1,""2.11e+07"":-1,""2.12e+07"":-1,""2.13e+07"":-1,""2.14e+07"":-1,""2647839"":-1,""6340562"":-1,""8382218"":-1}"
manifestos_social_ideology_480,1140007181,"Up to now, that kind of behaviour only happened in tyrannies like Pinochet's Chile, or Verwoerd's South Africa.",LD,2005,Liberal,"{""1.82e+07"":-1,""1.96e+07"":-1}"
manifestos_social_ideology_481,1070005141,The Citizen's Charter: widens popular choice,Con,1992,Liberal,"{""1.51e+07"":-1,""1.87e+07"":-1}"
manifestos_social_ideology_482,1070016661,"We will publish a White Paper on local government reform this autumn with a view to establishing unitary authorities, based on the historic counties and county boroughs.",Con,1992,Conservative,"{""1.47e+07"":1}"
manifestos_social_ideology_483,1120002151,"ensure primary schools offer more chance to learn languages, music and sport, as well as higher standards in the basics ",Lab,2001,Liberal,"{""1.51e+07"":-1,""1.63e+07"":-1}"
manifestos_social_ideology_484,40004791,Schools also have an important role to play in spiritual and moral education.,Con,1997,Conservative,"{""1.19e+07"":1,""1.86e+07"":1,""1.93e+07"":1,""2.02e+07"":1,""2.05e+07"":1,""2.09e+07"":1,""2.12e+07"":1,""2793302"":1,""37796"":1,""4568230"":1,""5983773"":1,""5993386"":1,""7918256"":1,""7995027"":1,""933218"":0,""9666339"":1}"
manifestos_social_ideology_485,1160005861,But infections like MR SA now kill more than three times as many people as are killed on the roads each year.,Con,2010,Conservative,"{""2.01e+07"":1}"
manifestos_social_ideology_486,1090005721,She will ensure that women's voices are heard at the highest level.,Lab,1992,Liberal,"{""1.10e+07"":-1,""1.53e+07"":-1,""1.57e+07"":-1,""1.68e+07"":-1,""1.71e+07"":-1,""1.74e+07"":-1,""1.86e+07"":-1,""1.95e+07"":0,""2.08e+07"":-1,""2.09e+07"":-1,""2.10e+07"":-1,""2.11e+07"":-1,""2.13e+07"":-1}"
manifestos_social_ideology_487,1170003081,"Confront bullying, including homophobic bullying, and include bullying prevention in teacher training.",LD,2010,Liberal,"{""1.52e+07"":-1,""3626598"":-1}"
manifestos_social_ideology_488,1160005971,"So we will introduce a new dentistry contract that will focus on achieving good dental health, not simply the number of treatments achieved.",Con,2010,Liberal,"{""1.51e+07"":-1}"
manifestos_social_ideology_489,1150002801,"We will continue to improve the environmental performance of agriculture, rewarding every farmer in England for environmental protection and enhancement work through our new Stewardship schemes.",Lab,2005,Liberal,"{""1.51e+07"":-1}"
manifestos_social_ideology_490,20008111,"A third element, which has ensured that the strength of the Alliance is infinitely greater than the sum of its parts, is the support of those who have never before been members of a political party, because no party seemed to offer them the chance to realise their aims.",LD,1987,Liberal,"{""1.24e+07"":-1,""2.14e+07"":-1}"
manifestos_social_ideology_491,1070006211,"We will propose appropriate Parliamentary reforms to ensure that the House of Commons conducts its business more efficiently and effectively, taking into account the benefits of modern technology, the increasing constituency demands upon Members of Parliament and the need to attract more women to stand for election.",Con,1992,Liberal,"{""1.57e+07"":-1}"
manifestos_social_ideology_492,1130003771,"They deserve decent homes, good schools for their children, and the chance to spend as much time as possible with their families.",Con,2005,Conservative,"{""1.88e+07"":1,""2.00e+07"":1}"
manifestos_social_ideology_493,1160000091,Yes it is optimistic.,Con,2010,Liberal,"{""9270508"":-1}"
manifestos_social_ideology_494,60008151,The Conservatives seem opposed to the very idea of democracy.,Lab,1997,Liberal,"{""2.06e+07"":-1,""2.12e+07"":-1,""2.13e+07"":-1}"
manifestos_social_ideology_495,1090003211,A national in-service training programme will ensure that all teachers are fully qualified in the subject they are teaching.,Lab,1992,Liberal,"{""1.42e+07"":-1}"
manifestos_social_ideology_496,1180008681,We are providing more resources to give every child the opportunity to do at least five hours' sport per week.,Lab,2010,Liberal,"{""1.63e+07"":-1}"
manifestos_social_ideology_497,10009201,Defending the Nation. The first duty of government is the defence of the realm and the preservation of peace.,Con,1987,Conservative,"{""1.18e+07"":1,""2.10e+07"":1,""5112203"":1}"
manifestos_social_ideology_498,1070006081,"Under the Citizen's Charter, a great deal more information is now being made available on the services provided by government.",Con,1992,Liberal,"{""1.10e+07"":-1,""1.30e+07"":-1,""1.66e+07"":-1,""1.86e+07"":-1,""1.98e+07"":-1,""2.09e+07"":-1,""2.10e+07"":-1,""2.12e+07"":-1}"
manifestos_social_ideology_499,1160007981,Having a single vote every four or five years is not good enough - we need to give people real control over how they are governed.,Con,2010,Conservative,"{""1.57e+07"":1}"
manifestos_social_ideology_500,1070014111,"We want to protect our most beautiful landscapes, conserve the abundance and variety of our wildlife and habitats, promote access and public enjoyment of the countryside, and encourage public participation in caring for the countryside.",Con,1992,Liberal,"{""1.42e+07"":-1,""1.57e+07"":-1}"
manifestos_social_ideology_501,50007761,Britain must maintain an effective security capability.,LD,1997,Conservative,"{""1.99e+07"":1,""2.05e+07"":1,""2.06e+07"":1,""2.13e+07"":0}"
manifestos_social_ideology_502,1120011921,"And, because crime is changing, crime fighting has to change too - to tackle repeat offending, drug-related crime and organised crime.",Lab,2001,Conservative,"{""1.10e+07"":1,""1.42e+07"":1,""1.51e+07"":1,""1.93e+07"":1,""2.05e+07"":1}"
manifestos_social_ideology_503,60008561,"As soon as possible after the election, we will enact legislation to allow the people of Scotland and Wales to vote in separate referendums on our proposals, which will be set out in white papers.",Lab,1997,Liberal,"{""2.13e+07"":-1,""568434"":-1}"
manifestos_social_ideology_504,40007651,"We will give the courts the power to impose speedy sanctions on youngsters, involving wherever possible an element of reparation to the victim.",Con,1997,Conservative,"{""1.19e+07"":1,""1.34e+07"":1,""1.45e+07"":1,""1.58e+07"":1,""1.83e+07"":1,""2.01e+07"":1,""2.06e+07"":1,""2.08e+07"":1,""2.10e+07"":1,""2.11e+07"":1,""2.13e+07"":1,""2.14e+07"":1,""2737722"":1,""5112203"":-1,""7918256"":1,""7995027"":1,""8382218"":1,""9458742"":1}"
manifestos_social_ideology_505,1070017291,A Conservative Government will help you to achieve the very best.,Con,1992,Conservative,"{""2.10e+07"":1,""2.13e+07"":1}"
manifestos_social_ideology_506,1130001371,A Conservative Government will put the right values at the heart of our education system.,Con,2005,Conservative,"{""1.42e+07"":1,""2.00e+07"":1}"
manifestos_social_ideology_507,1080006711,We will create a common age of consent regardless of gender or secual orientation.,LD,1992,Liberal,"{""1.10e+07"":-1,""1.52e+07"":-1,""1.68e+07"":-1,""1.88e+07"":-1}"
manifestos_social_ideology_508,1160011881,We believe Britain's interests are best served by membership of a European Union that is an association of its Member States.,Con,2010,Liberal,"{""3626598"":-1}"
manifestos_social_ideology_509,50007231,We will create a common age of consent regardless of gender or sexual orientation.,LD,1997,Liberal,"{""1.02e+07"":0,""1.10e+07"":-1,""1.11e+07"":-1,""1.13e+07"":-1,""1.20e+07"":-1,""1.24e+07"":-1,""1.30e+07"":0,""1.40e+07"":-1,""1.42e+07"":-1,""1.45e+07"":-1,""1.51e+07"":-1,""1.52e+07"":-1,""1.53e+07"":-1,""1.57e+07"":-1,""1.68e+07"":-1,""1.76e+07"":-1,""1.81e+07"":-1,""1.82e+07"":1,""1.87e+07"":-1,""1.88e+07"":-1,""2.02e+07"":-1,""2.05e+07"":-1,""2.07e+07"":1,""2.08e+07"":0,""2.09e+07"":-1,""2.10e+07"":-1,""2.11e+07"":-1,""2.12e+07"":0,""2.13e+07"":-1,""2.14e+07"":-1,""2.19e+07"":-1,""3307853"":-1,""3385164"":0,""3773194"":-1,""5270743"":0,""5324079"":-1,""6116202"":-1,""714020"":1,""7918256"":-1,""7954010"":-1,""8836799"":-1,""9485888"":-1}"
manifestos_social_ideology_510,1170006711,This route to citizenship will not apply to people arriving after 2010.,LD,2010,Conservative,"{""1.52e+07"":1}"
manifestos_social_ideology_511,1130001701,Labour have ignored the further education sector.,Con,2005,Conservative,"{""1.42e+07"":1}"
manifestos_social_ideology_512,50000231,that conformity quickly becomes the enemy of diversity.,LD,1997,Liberal,"{""1.18e+07"":-1,""1.32e+07"":-1,""1.52e+07"":-1,""1.81e+07"":-1,""2.01e+07"":-1,""2.06e+07"":-1,""2.10e+07"":-1,""2.12e+07"":-1,""2.13e+07"":-1,""3307853"":-1,""5270743"":-1,""6116202"":-1,""7918256"":1}"
manifestos_social_ideology_513,1150003891,Parents should have access to the special education appropriate for their child.,Lab,2005,Conservative,"{""1.10e+07"":1}"
manifestos_social_ideology_514,1180005801,"Over the next Parliament more than 8,000 new therapists will ensure access to psychological therapy for all who need it as we seek to change our society's attitudes to mental illness.",Lab,2010,Liberal,"{""1.68e+07"":-1,""6342862"":-1}"
manifestos_social_ideology_515,1160007111,return charging discretion to the police for minor offences,Con,2010,Conservative,"{""1.10e+07"":1,""1.52e+07"":1,""1.57e+07"":1,""1.87e+07"":1}"
manifestos_social_ideology_516,1120013391,"We have tightened controls against traffickers, and introduced a civil penalty for lorr y drivers who bring in illegal immigrants.",Lab,2001,Conservative,"{""1.42e+07"":1,""1.57e+07"":1,""1.63e+07"":1,""1.68e+07"":1,""1.95e+07"":1}"
manifestos_social_ideology_517,1150003421,Ofsted now actively seeks the views of parents when undertaking inspections.,Lab,2005,Liberal,"{""1.84e+07"":-1}"
manifestos_social_ideology_518,1070010211,We will add new health objectives as the strategy develops.,Con,1992,Liberal,"{""1.10e+07"":-1,""1.51e+07"":-1}"
manifestos_social_ideology_519,1150006061," By the end of 2008, no NHS patient will have to wait longer than a maximum of 18 weeks from the time they are referred for a hospital operation by their GP until the time they have that operation.",Lab,2005,Liberal,"{""6342862"":-1}"
manifestos_social_ideology_520,1110010211,"We will support the initiative started at the Cardiff summit to integrate environmental objectives into all EU activities - particularly in the area of trade policy, where the Commission has sole competence to negotiate on the EU' behalf.",LD,2001,Liberal,"{""1.82e+07"":-1}"
manifestos_social_ideology_521,1120006411,"Our pledge to parents is clear: children should be on track to achieve their best, or receiving extra expert help to catch up.",Lab,2001,Liberal,"{""1.51e+07"":-1}"
manifestos_social_ideology_522,1180005071,"Social work training will be radically overhauled, raising the status and standards of the profession, and we will establish a National College of Social Work.",Lab,2010,Conservative,"{""1.57e+07"":1}"
manifestos_social_ideology_523,1070016331,We will press ahead with the reform of the current burdensome system of local government by introducing single tier councils throughout Scotland.,Con,1992,Liberal,"{""1.51e+07"":-1}"
manifestos_social_ideology_524,1160007081,"Any search will still be recorded but by an officer radioing in, rather than filling in paperwork.",Con,2010,Conservative,"{""1.52e+07"":1,""1.57e+07"":1,""1.87e+07"":1}"
manifestos_social_ideology_525,1180005081,"We will publish detailed Serious Case Review summaries that explain the facts, but keep full reports out of the public domain in order to protect children's identities.",Lab,2010,Conservative,"{""1.82e+07"":1}"
manifestos_social_ideology_526,1090000161,"Guided by them, we will make our country more competitive, creative, and just more secure against crime, aggression and environmental danger.",Lab,1992,Liberal,"{""1.53e+07"":-1}"
manifestos_social_ideology_527,1110003711,"In the long term, our goal is to:  Improve the successful resettlement of released prisoners.",LD,2001,Liberal,"{""1.13e+07"":-1,""1.42e+07"":-1,""1.51e+07"":-1,""1.68e+07"":-1,""1.87e+07"":-1}"
manifestos_social_ideology_528,1110006411,"Setting You Free. Streamline government involvement in the arts by abolishing QUEST (Quality, Efficiency and Standards Team).",LD,2001,Conservative,"{""1.30e+07"":1}"
manifestos_social_ideology_529,1110008551,"At the moment, the security services are overseen by a committee reporting to the Prime Minister.",LD,2001,Liberal,"{""1.13e+07"":-1,""1.53e+07"":-1}"
manifestos_social_ideology_530,1120002091,Our ten-year goal is 50 per cent of young adults entering higher education.,Lab,2001,Liberal,"{""1.53e+07"":-1}"
manifestos_social_ideology_531,1090002811,"These agreements will set local targets which reflect local priorities, for instance, to cut waiting lists or switch mental health services into the community.",Lab,1992,Conservative,"{""1.42e+07"":1}"
manifestos_social_ideology_532,1160005461,We will: prevent any marketing or advertising company found to be in serious breach of rules governing marketing to children from bidding for government advertising contracts for three years,Con,2010,Conservative,"{""1.57e+07"":1}"
manifestos_social_ideology_533,1120013751,"We support the introduction of elected mayors for our cities, which is why every local council now has the power to ballot citizens for a mayor.",Lab,2001,Liberal,"{""1.51e+07"":-1}"
manifestos_social_ideology_534,1140000451,"So we want to see government brought closer to the people it is meant to serve - which is why we are committed to curtail the personal power and patronage of the Prime Minister, strengthen British democracy, and hand many powers back from central government to local neighbourhoods, with real democratic control over those who wield power.",LD,2005,Liberal,"{""2.20e+07"":-1}"
manifestos_social_ideology_535,1170002711,"People from Black, Asian and Minority Ethnic communities are still more likely to suffer discrimination.",LD,2010,Liberal,"{""1.40e+07"":-1,""1.42e+07"":-1,""1.53e+07"":-1,""1.93e+07"":-1,""2.01e+07"":-1}"
manifestos_social_ideology_536,60002231,An independent standing committee will continue to advise us on the implementation of our plans in government.,Lab,1997,Liberal,"{""2.12e+07"":-1}"
manifestos_social_ideology_537,1180006991,"The National Care Service and an age-friendly NHS. The cornerstone of a fair future is ensuring everyone who needs care and support, whether through old age or disability, is properly looked after.",Lab,2010,Liberal,"{""1.53e+07"":-1,""1.84e+07"":-1}"
manifestos_social_ideology_538,1130000341,"That is why a Conservative Government will be focused on cleaner hospitals, school discipline, more police, controlled immigration and lower taxes.",Con,2005,Conservative,"{""1.41e+07"":1,""1.88e+07"":1}"
manifestos_social_ideology_539,1150011001,"Good parish councils engage communities and make a real difference, so we will extend the right to establish parish councils to communities in London.",Lab,2005,Liberal,"{""2.03e+07"":-1}"
manifestos_social_ideology_540,1180007001,We will establish a new National Care Service and forge a new settlement for our country as enduring as that which the Labour Government built after 1945.,Lab,2010,Liberal,"{""1.53e+07"":-1,""6340562"":-1}"
manifestos_social_ideology_541,1100006731,Britain's democracy has always been one of our greatest strengths.,Con,2001,Conservative,"{""6355305"":1}"
manifestos_social_ideology_542,1140006541,One which accepts both that transport needs to work and that it must live within its environmental means.,LD,2005,Liberal,"{""1.42e+07"":-1,""1.57e+07"":-1}"
manifestos_social_ideology_543,1120006761,Too many pupils fall back and become disillusioned in the first two years of secondary school.,Lab,2001,Liberal,"{""1.51e+07"":-1}"
manifestos_social_ideology_544,1070009521,We have set up in New Scotland Yard arrangements to co-ordinate the activities of all our police forces in the fight against terrorism.,Con,1992,Conservative,"{""1.68e+07"":1,""1.93e+07"":1,""1.95e+07"":1}"
manifestos_social_ideology_545,1110004691,and improving the ease with which passengers are able to transfer between different modes of transport.,LD,2001,Liberal,"{""1.53e+07"":-1,""1.68e+07"":-1}"
manifestos_social_ideology_546,50007171,We will encourage the recruitment of ethnic minorities into the police force and require action to be taken against discrimination within the force.,LD,1997,Liberal,"{""1.10e+07"":-1,""1.22e+07"":-1,""1.24e+07"":-1,""1.26e+07"":-1,""1.30e+07"":-1,""1.40e+07"":-1,""1.42e+07"":-1,""1.51e+07"":-1,""1.52e+07"":-1,""1.53e+07"":-1,""1.57e+07"":-1,""1.63e+07"":-1,""1.68e+07"":-1,""1.69e+07"":-1,""1.71e+07"":-1,""1.74e+07"":-1,""1.81e+07"":-1,""1.82e+07"":-1,""1.83e+07"":-1,""1.86e+07"":-1,""1.87e+07"":-1,""1.88e+07"":1,""1.93e+07"":-1,""1.95e+07"":-1,""1.98e+07"":-1,""2.00e+07"":0,""2.05e+07"":-1,""2.06e+07"":-1,""2.08e+07"":-1,""2.09e+07"":-1,""2.10e+07"":-1,""2.11e+07"":-1,""2.12e+07"":1,""2.13e+07"":-1,""2.14e+07"":-1,""2.20e+07"":-1,""6339908"":-1,""6422255"":-1,""8113176"":0,""8836799"":-1}"
manifestos_social_ideology_547,1100005431,We will improve animal protection and welfare by building on the successes of the last Conservative Government to raise animal welfare standards in Europe.,Con,2001,Conservative,"{""1.82e+07"":1}"
manifestos_social_ideology_548,1110008911,"This would streamline existing regeneration measures, including Regional Selective Assistance, English Partnerships and the New Deal for Communities.",LD,2001,Liberal,"{""1.30e+07"":-1,""2.05e+07"":-1}"
manifestos_social_ideology_549,1110006361,"Participation in sport raises levels of fitness and health, and helps to foster local and national pride.",LD,2001,Liberal,"{""1.57e+07"":-1}"
manifestos_social_ideology_550,1160006391,A rigorous curriculum and exam system. Every child who is capable of reading should be doing so after two years in primary school.,Con,2010,Liberal,"{""1.51e+07"":-1}"
manifestos_social_ideology_551,1140001461,Promote walking and cycling.,LD,2005,Liberal,"{""1.42e+07"":-1}"
manifestos_social_ideology_552,60000151,I want to renew our country's faith in the ability of its government and politics to deliver this new Britain.,Lab,1997,Conservative,"{""2.06e+07"":1}"
manifestos_social_ideology_553,60008311,No one political party should seek a majority in the House of Lords.,Lab,1997,Liberal,"{""2.10e+07"":-1}"
manifestos_social_ideology_554,1150004001,We will support sixth-form colleges and expect FE colleges to have dedicated centres for 16- to 19-year-olds.,Lab,2005,Liberal,"{""1.57e+07"":-1}"
manifestos_social_ideology_555,50006501,Expand local youth services.,LD,1997,Liberal,"{""1.53e+07"":-1,""1.71e+07"":-1,""1.74e+07"":-1,""1.86e+07"":-1,""1.89e+07"":-1,""2.08e+07"":-1,""2.09e+07"":-1,""2.10e+07"":-1,""2.12e+07"":-1,""2.14e+07"":-1,""2647839"":-1,""3307853"":-1,""5112203"":-1,""7995027"":-1,""874567"":-1}"
manifestos_social_ideology_556,1080008351,We will introduce across the country an initative pioneered by Liberal Democrat-run councils such as South Somerset and Richmond.,LD,1992,Liberal,"{""1.51e+07"":-1}"
manifestos_social_ideology_557,1110003591,There are many more cost-effective ways of reducing crime than ever-longer sentences.,LD,2001,Liberal,"{""1.04e+07"":0,""1.10e+07"":-1,""1.53e+07"":-1,""1.68e+07"":-1,""1.82e+07"":-1,""1.87e+07"":-1}"
manifestos_social_ideology_558,1120000311,"Britain stands more prosperous, more equal, more respected.",Lab,2001,Liberal,"{""1.51e+07"":-1}"
manifestos_social_ideology_559,30003051,Labour will examine the structure of local government to ensure that it is democratic and effective.,Lab,1987,Liberal,"{""1.35e+07"":-1,""1.90e+07"":-1,""2.09e+07"":-1,""2.12e+07"":-1,""4652872"":-1,""4680678"":-1,""8968750"":-1}"
manifestos_social_ideology_560,1140005311,"We can fashion a new relationship with the United States: a partnership of influence, not one of uncritical subordination.",LD,2005,Liberal,"{""1.73e+07"":-1}"
manifestos_social_ideology_561,10000871,to exercise strong leadership where government needs to be strong in protecting the nation against potential aggression and the citizen against lawlessness.,Con,1987,Conservative,"{""1.11e+07"":1,""1.24e+07"":1,""1.49e+07"":1,""1.81e+07"":1,""1.93e+07"":1,""1.98e+07"":1,""2.01e+07"":1,""2.06e+07"":1,""2.13e+07"":1,""2.14e+07"":1,""313343"":1,""5112203"":1,""9458742"":1,""946983"":1}"
manifestos_social_ideology_562,1140000281,It is a privilege at this election to be leading the most socially progressive party in British politics.,LD,2005,Liberal,"{""1.93e+07"":-1}"
manifestos_social_ideology_563,50008701,And with your support we believe we can make a difference too.,LD,1997,Liberal,"{""1.32e+07"":-1,""2.10e+07"":-1}"
manifestos_social_ideology_564,1150005781,"The new Labour case. Healthcare is too precious to be left to chance, too central to life chances to be left to your wealth.",Lab,2005,Liberal,"{""1.30e+07"":-1,""1.87e+07"":-1}"
manifestos_social_ideology_565,50000051,The choice you make will shape Britain's future for the next 50 years.,LD,1997,Liberal,"{""6349089"":-1}"
manifestos_social_ideology_566,60005541,The attorney general's power to appeal unduly lenient sentences will be extended.,Lab,1997,Conservative,"{""1.24e+07"":1,""1.53e+07"":1,""1.86e+07"":1,""1.98e+07"":1,""2.00e+07"":1,""2.03e+07"":1,""2.08e+07"":1,""2.09e+07"":1,""2.14e+07"":1,""2793302"":1,""568434"":-1,""787803"":1}"
manifestos_social_ideology_567,1090005741,The Ministry will also initiate legislation for women.,Lab,1992,Liberal,"{""1.42e+07"":-1,""1.53e+07"":-1,""1.82e+07"":-1}"
manifestos_social_ideology_568,1070000981,We will support the UN's efforts to secure a fair and lasting solution.,Con,1992,Liberal,"{""2793302"":-1}"
manifestos_social_ideology_569,50003181,"Our commitment: Liberal Democrats will pursue practical measures to rebuild Britain's communities, tackle the causes of crime, reduce homelessness and make people safer in their homes and on the streets.",LD,1997,Liberal,"{""1.15e+07"":-1,""1.42e+07"":-1,""1.45e+07"":-1,""1.52e+07"":-1,""1.68e+07"":-1,""1.85e+07"":-1,""1.93e+07"":0,""2.00e+07"":0,""2.01e+07"":-1,""2.10e+07"":-1,""2.13e+07"":-1,""5112203"":-1,""8968750"":-1,""946983"":-1}"
manifestos_social_ideology_570,40010711,"We have published information on the workings of government previously held secret -including the composition of cabinet committees, and the structure of the security and intelligence services.",Con,1997,Liberal,"{""1.81e+07"":-1,""1.98e+07"":-1,""2.06e+07"":1,""2.12e+07"":-1,""2.13e+07"":-1,""3307853"":-1}"
manifestos_social_ideology_571,1080004041,Tougher action on food safety. We will transfer responsibility for food standards from the Ministry of Agriculture to a new Food and Drugs Commission.,LD,1992,Liberal,"{""1.53e+07"":-1,""1.86e+07"":-1,""2.09e+07"":-1,""2.11e+07"":-1,""2.13e+07"":1}"
manifestos_social_ideology_572,1070016821,"We will always give the security forces our full backing within the rule of the law, and - against Labour opposition - ensure that they have the special powers they need to protect the whole community from violence.",Con,1992,Conservative,"{""1.10e+07"":1,""1.52e+07"":1,""1.63e+07"":1,""1.68e+07"":1,""1.93e+07"":1}"
manifestos_social_ideology_573,1080006551,"Proportional representation for elections and modernising Parliamentary procedures will help to end the discrimination against women on elected bodies and in government at European, national and local levels.",LD,1992,Liberal,"{""1.10e+07"":-1,""1.52e+07"":-1,""1.68e+07"":-1,""3731467"":-1}"
manifestos_social_ideology_574,1150003841,Parents have a duty to get their children to attend school.,Lab,2005,Liberal,"{""1.57e+07"":-1,""1.93e+07"":-1,""2.04e+07"":-1}"
manifestos_social_ideology_575,60009161,Every country must have firm control over immigration and Britain is no exception.,Lab,1997,Conservative,"{""1.24e+07"":1,""1.49e+07"":1,""1.81e+07"":1,""1.85e+07"":0,""1.89e+07"":1,""1.93e+07"":1,""2.03e+07"":1,""2.04e+07"":0,""2.09e+07"":1,""2.10e+07"":1,""2.13e+07"":1,""2.14e+07"":1,""946983"":1,""9958248"":1}"
manifestos_social_ideology_576,50003451,"Within one year, we will give police authorities the resources to put an extra 3,000 police officers on the beat.",LD,1997,Conservative,"{""1.52e+07"":1,""1.54e+07"":1,""1.98e+07"":1,""2.00e+07"":1,""2.06e+07"":1,""2.08e+07"":1,""2.10e+07"":1,""2.12e+07"":1,""2.13e+07"":1,""3307853"":1,""5983773"":1,""8450718"":1,""8968750"":1}"
manifestos_social_ideology_577,1100001531,Victims first. Too often criminals seem to enjoy more rights than their victims.,Con,2001,Conservative,"{""1.10e+07"":1,""1.51e+07"":1,""1.57e+07"":1,""1.68e+07"":1,""1.93e+07"":1}"
manifestos_social_ideology_578,40011001,We have demonstrated we are not against change where it is practical and beneficial.,Con,1997,Liberal,"{""2.10e+07"":-1}"
manifestos_social_ideology_579,60009101,We will seek to end unjustifiable discrimination wherever it exists.,Lab,1997,Liberal,"{""1.18e+07"":-1,""1.20e+07"":-1,""1.24e+07"":-1,""1.52e+07"":-1,""1.58e+07"":-1,""1.83e+07"":-1,""1.89e+07"":-1,""2.00e+07"":0,""2.03e+07"":-1,""2.04e+07"":-1,""2.10e+07"":-1,""2.13e+07"":-1,""2.14e+07"":-1,""2.15e+07"":-1,""568434"":-1}"
manifestos_social_ideology_580,1160009901,Combat climate change. We will reduce carbon emissions in line with our international commitments.,Con,2010,Liberal,"{""1.51e+07"":-1}"
manifestos_social_ideology_581,1140002311,"Both the Conservatives and Labour like to talk tough, but have failed to deliver.",LD,2005,Conservative,"{""1.40e+07"":1,""1.52e+07"":1}"
manifestos_social_ideology_582,50007081,"We will give statutory force to the Commission for Racial Equality's Code of Practice in employment, and ensure that Britain plays a leading role in strengthening anti-discrimination legislation throughout the European Union.",LD,1997,Liberal,"{""1.10e+07"":-1,""1.18e+07"":-1,""1.24e+07"":-1,""1.26e+07"":-1,""1.30e+07"":-1,""1.40e+07"":-1,""1.42e+07"":-1,""1.45e+07"":-1,""1.51e+07"":-1,""1.52e+07"":-1,""1.57e+07"":-1,""1.58e+07"":-1,""1.81e+07"":-1,""1.82e+07"":-1,""1.86e+07"":-1,""1.87e+07"":-1,""1.93e+07"":-1,""1.96e+07"":-1,""1.98e+07"":-1,""1837834"":1,""2.00e+07"":0,""2.01e+07"":-1,""2.03e+07"":-1,""2.04e+07"":-1,""2.06e+07"":-1,""2.07e+07"":-1,""2.08e+07"":-1,""2.09e+07"":-1,""2.10e+07"":-1,""2.11e+07"":-1,""2.12e+07"":-1,""2.13e+07"":-1,""2.14e+07"":-1,""2785872"":-1,""3307853"":-1,""5108677"":-1,""5112203"":-1,""5768369"":-1,""6340562"":-1,""6342862"":-1,""7591372"":-1,""7994710"":-1,""7995027"":-1,""9015611"":-1,""9270508"":-1,""9289597"":-1}"
manifestos_social_ideology_583,1170000951,"It is a full programme for a Liberal Democrat government, setting out our approach to all public services, to fiscal discipline, and to Britain's place in the changing world.",LD,2010,Liberal,"{""3626598"":-1}"
manifestos_social_ideology_584,1080004511,We will guarantee every child access to two years' preschool education with a choice of preschool provision.,LD,1992,Liberal,"{""1.51e+07"":-1,""1.53e+07"":-1,""1.57e+07"":-1}"
manifestos_social_ideology_585,60010381,Labour has traditionally been the party of internationalism.,Lab,1997,Liberal,"{""1.36e+07"":-1,""6336109"":-1}"
manifestos_social_ideology_586,1180005831,"We will expand the role of NHS nurses, particularly in primary care, in line with the best clinical evidence.",Lab,2010,Liberal,"{""1.84e+07"":-1}"
manifestos_social_ideology_587,1080000281,"And we are clear that if we want to make a modern Britain, we must first change Britain.",LD,1992,Liberal,"{""1.40e+07"":-1,""1.57e+07"":-1}"
manifestos_social_ideology_588,1150006591,We want every woman to be supported by the same midwife throughout her pregnancy.,Lab,2005,Liberal,"{""1.57e+07"":-1}"
manifestos_social_ideology_589,1160012101,The global downturn has shaken up rich and poor countries alike.,Con,2010,Liberal,"{""2.02e+07"":-1}"
manifestos_social_ideology_590,1090006021,"We shall seek to involve the four former Soviet nuclear republics, together with France and China.",Lab,1992,Conservative,"{""1.53e+07"":1}"
manifestos_social_ideology_591,1120006621,"The figures are now 75 per cent and 72 per cent respectively, well on the way to meeting our targets of 80 per cent in English and 75 per cent in maths by 2002.",Lab,2001,Liberal,"{""1.51e+07"":-1}"
manifestos_social_ideology_592,1150008991,"There have been major strides forward in recent years: in Indonesia, Afghanistan and many parts of Africa and Latin America, democracy is being extended.",Lab,2005,Liberal,"{""1.82e+07"":-1}"
manifestos_social_ideology_593,1070008661,"We will mount a drive against school truancy, and set up a Task Force to find the best ways of co-ordinating the work of local agencies helping young people at risk of becoming offenders.",Con,1992,Liberal,"{""1.30e+07"":-1,""1.41e+07"":-1,""1.51e+07"":-1,""1.68e+07"":-1}"
manifestos_social_ideology_594,1140000011,"That means that policies in those nations are increasingly different from those in England - reflecting different choices, priorities and circumstances, and often the influence of Liberal Democrats in government.",LD,2005,Liberal,"{""2.20e+07"":-1}"
manifestos_social_ideology_595,1110005061,"We are committed to improving the quality of the existing network, with the safety benefits that this would bring.",LD,2001,Liberal,"{""6342862"":-1}"
manifestos_social_ideology_596,40007281,500 people were charged with that offence in 1995 alone.,Con,1997,Conservative,"{""1.20e+07"":0,""1.25e+07"":1,""2.10e+07"":1,""2.11e+07"":1,""2.12e+07"":1,""2.13e+07"":1,""3280015"":1,""6340793"":1,""7918256"":1,""7954010"":1,""7995027"":1}"
manifestos_social_ideology_597,40003961,Some women still face barriers to doing well.,Con,1997,Liberal,"{""1.24e+07"":0,""1.45e+07"":-1,""1.52e+07"":-1,""1.98e+07"":-1,""2.00e+07"":-1,""2.04e+07"":-1,""2.11e+07"":-1,""2.12e+07"":-1,""2.13e+07"":0,""37796"":-1,""5983773"":0,""7918256"":-1,""8382218"":-1,""8836799"":-1,""8893451"":-1,""8968750"":-1,""946983"":-1}"
manifestos_social_ideology_598,1080004551,Reduce class sizes.,LD,1992,Liberal,"{""1.51e+07"":-1}"
manifestos_social_ideology_599,1170005231,"We believe that such an agreement must be based on reducing emissions overall, while equalising emissions between the developed and developing worlds - the principle of contraction and convergence.",LD,2010,Liberal,"{""1.51e+07"":-1}"
manifestos_social_ideology_600,1180005991,More services will be available from GPs and through local pharmacists.,Lab,2010,Liberal,"{""1.53e+07"":-1}"
manifestos_social_ideology_601,1160007231,"We are determined that early release will not be introduced again, so we will redevelop the prison estate and increase capacity as necessary to stop it.",Con,2010,Conservative,"{""1.10e+07"":1,""1.52e+07"":1,""1.57e+07"":1,""1.87e+07"":1}"
manifestos_social_ideology_602,1110008281,Support recent European anti-discrimination legislation.,LD,2001,Liberal,"{""1.10e+07"":-1,""1.30e+07"":-1,""1.42e+07"":-1,""1.82e+07"":-1,""1.88e+07"":-1}"
manifestos_social_ideology_603,1090003581,"Sixteen year olds not in full-time education will be entitled to a new traineeship lasting for up to two years, with an option of a further two years.",Lab,1992,Liberal,"{""1.42e+07"":-1,""1.53e+07"":-1,""1.68e+07"":-1}"
manifestos_social_ideology_604,50003441,"We will: Put 3,000 more police officers on the beat.",LD,1997,Conservative,"{""1.20e+07"":1,""1.25e+07"":1,""1.51e+07"":1,""1.52e+07"":1,""1.58e+07"":1,""1.83e+07"":1,""1.98e+07"":1,""1886681"":1,""2.01e+07"":1,""2.02e+07"":1,""2.10e+07"":1,""2.11e+07"":1,""2.13e+07"":1,""2.14e+07"":1,""3307853"":1,""5112203"":1,""8382218"":1,""874567"":-1,""8968750"":1}"
manifestos_social_ideology_605,1150010811,"1997-2005: Power devolved to Scotland, Wales, London.",Lab,2005,Conservative,"{""1.82e+07"":1}"
manifestos_social_ideology_606,1180004631,We have high expectations for children with special educational needs and schools will be held to account for how well they meet the needs of these pupils.,Lab,2010,Liberal,"{""1.84e+07"":-1}"
manifestos_social_ideology_607,1140006221,"But I do not believe that you need to have been born and brought up in a rural way of life to recognise that the Conservatives represent a countryside for the privileged few, whilst Labour are completely out of touch with rural needs and way of life.",LD,2005,Liberal,"{""1.51e+07"":-1}"
manifestos_social_ideology_608,60005441,replace widespread repeat cautions with a single final warning;,Lab,1997,Conservative,"{""1.10e+07"":1,""1.11e+07"":1,""1.20e+07"":1,""1.30e+07"":0,""1.40e+07"":1,""1.47e+07"":1,""1.51e+07"":1,""1.52e+07"":1,""1.53e+07"":1,""1.57e+07"":1,""1.63e+07"":1,""1.68e+07"":1,""1.71e+07"":1,""1.73e+07"":-1,""1.74e+07"":1,""1.79e+07"":1,""1.81e+07"":1,""1.82e+07"":1,""1.85e+07"":1,""1.86e+07"":1,""1.87e+07"":1,""1.89e+07"":1,""1.93e+07"":1,""1954947"":1,""2.00e+07"":0,""2.02e+07"":1,""2.04e+07"":1,""2.06e+07"":1,""2.07e+07"":1,""2.08e+07"":1,""2.09e+07"":1,""2.10e+07"":1,""2.12e+07"":1,""2.13e+07"":1,""2.14e+07"":-1,""4917076"":-1,""7557336"":1,""9137449"":1}"
manifestos_social_ideology_609,40008651,"We also must make sure that everyone, wherever they live, has the support of a strong, tolerant and civilised community.",Con,1997,Liberal,"{""1.53e+07"":-1,""1.74e+07"":-1,""1.86e+07"":-1,""1.98e+07"":-1,""2.01e+07"":-1,""2.03e+07"":-1,""2.09e+07"":-1,""2.12e+07"":-1,""3773194"":0,""5270743"":-1,""7918256"":-1}"
manifestos_social_ideology_610,1070015361,"Our aim is to make the performing arts, museums and our heritage accessible to all.",Con,1992,Liberal,"{""1.53e+07"":-1}"
manifestos_social_ideology_611,1100001171,Labour have talked tough on law and order but they have failed to deliver.,Con,2001,Conservative,"{""1.13e+07"":1,""1.40e+07"":1,""6342862"":1}"
manifestos_social_ideology_612,1170005551,Support a global fund for social protection to help developing countries build viable welfare systems.,LD,2010,Liberal,"{""1.51e+07"":-1}"
manifestos_social_ideology_613,1160006721,"To give parents better access to a good school, we will: give parents the power to save local schools threatened by closure, allowing communities the chance to take over and run good small schools",Con,2010,Liberal,"{""1.51e+07"":-1,""5647650"":-1}"
manifestos_social_ideology_614,1070008471,"This places the responsibility for dangerous driving, damage, injury or death following from the taking of a vehicle squarely on the shoulders of those in it.",Con,1992,Conservative,"{""1.17e+07"":0,""1.53e+07"":1,""1.63e+07"":1,""1.74e+07"":1,""1.82e+07"":1,""1.86e+07"":1,""2.08e+07"":1,""2.09e+07"":1,""2.10e+07"":1,""2.11e+07"":1,""2.13e+07"":1}"
manifestos_social_ideology_615,50007831,We will press for the conclusion of a verifiable Comprehensive Test Ban Treaty.,LD,1997,Liberal,"{""2.14e+07"":-1}"
manifestos_social_ideology_616,1090006071,We will in addition work for a global ban on chemical and biological weapons and stronger controls to prevent proliferation of ballistic missiles.,Lab,1992,Liberal,"{""1.82e+07"":-1}"
manifestos_social_ideology_617,1120016631,"7 Recruit an extra 10,000 teachers",Lab,2001,Liberal,"{""1.42e+07"":-1,""1.51e+07"":-1}"
manifestos_social_ideology_618,1120007911,It is to improve the nation's health.,Lab,2001,Liberal,"{""1.16e+07"":-1}"
manifestos_social_ideology_619,1080006731,"We will implement the 1986 Disabled Persons Act in full, giving priority to the development of advocacy schemes.",LD,1992,Liberal,"{""1.42e+07"":-1,""1.45e+07"":-1,""1.52e+07"":-1,""1.53e+07"":-1,""1.74e+07"":-1,""1.86e+07"":-1,""1.96e+07"":0,""2.08e+07"":-1,""2.09e+07"":-1,""2.12e+07"":-1}"
manifestos_social_ideology_620,10007451,Those who commit serious crimes can now expect much tougher punishment.,Con,1987,Conservative,"{""1.04e+07"":1,""1.10e+07"":1,""1.11e+07"":1,""1.14e+07"":1,""1.17e+07"":1,""1.18e+07"":1,""1.20e+07"":1,""1.22e+07"":1,""1.23e+07"":1,""1.32e+07"":1,""1.34e+07"":1,""1.40e+07"":1,""1.41e+07"":1,""1.42e+07"":1,""1.43e+07"":1,""1.45e+07"":1,""1.49e+07"":1,""1.51e+07"":1,""1.52e+07"":1,""1.53e+07"":1,""1.54e+07"":1,""1.57e+07"":1,""1.58e+07"":1,""1.68e+07"":1,""1.73e+07"":0,""1.74e+07"":1,""1.75e+07"":1,""1.76e+07"":1,""1.81e+07"":1,""1.83e+07"":1,""1.84e+07"":1,""1.85e+07"":1,""1.87e+07"":1,""1.88e+07"":1,""1.90e+07"":1,""1.93e+07"":1,""1.95e+07"":-1,""1.98e+07"":1,""2.00e+07"":1,""2.01e+07"":1,""2.02e+07"":1,""2.03e+07"":1,""2.04e+07"":1,""2.05e+07"":1,""2.06e+07"":1,""2.07e+07"":1,""2.08e+07"":1,""2.09e+07"":1,""2.10e+07"":1,""2.11e+07"":1,""2.12e+07"":1,""2.13e+07"":1,""2.14e+07"":1,""2.18e+07"":1,""2.20e+07"":1,""2.21e+07"":1,""2785872"":1,""3307853"":1,""5112203"":1,""5372456"":-1,""5768369"":1,""6340793"":1,""7995027"":-1,""8382218"":1,""8893451"":1,""9458742"":1,""9492762"":1,""9695483"":1,""9778413"":1,""9958248"":1}"
manifestos_social_ideology_621,1170006051,Support the establishment of an International Arms Trade Treaty to limit the sale of arms to dangerous regimes and work for a full international ban on cluster munitions.,LD,2010,Liberal,"{""1.82e+07"":-1}"
manifestos_social_ideology_622,1110007781,We will support the disestablishment of the Church of England to end political interference in the Church.,LD,2001,Liberal,"{""1.42e+07"":-1,""1.57e+07"":-1}"
manifestos_social_ideology_623,1150009901,"And the transformation of our great cities is, in great part, a story of culture-led regeneration.",Lab,2005,Liberal,"{""1.42e+07"":-1}"
manifestos_social_ideology_624,1160010471,"We will promote responsible pet ownership by introducing effective codes of practice under the Animal Welfare Act, and target irresponsible owners of dangerous dogs.",Con,2010,Liberal,"{""2.02e+07"":-1}"
manifestos_social_ideology_625,1070011421,We have tightened controls on the import of wild birds and will press the EC to do the same.,Con,1992,Liberal,"{""1.51e+07"":-1,""1.82e+07"":-1}"
manifestos_social_ideology_626,1090004781,"Every government policy will be subjected to environmental appraisal, co-ordinated by a Cabinet Minister for Environmental Protection.",Lab,1992,Liberal,"{""1.51e+07"":-1,""2.05e+07"":-1,""6376956"":-1}"
manifestos_social_ideology_627,1110010631,We will press opponents of the court to recognise its authority.,LD,2001,Liberal,"{""1.10e+07"":-1,""1.51e+07"":-1}"
manifestos_social_ideology_628,1070006121,made available more reports on matters of public concern such as food safety and industrial risks.,Con,1992,Liberal,"{""1.51e+07"":-1,""1.57e+07"":-1,""5647650"":-1}"
manifestos_social_ideology_629,1110002991,"Green Action. Learning for a Green Future. We will increase environmental awareness amongst young people, by encouraging local environmental projects and by teaching sustainability in schools.",LD,2001,Liberal,"{""1.30e+07"":-1}"
manifestos_social_ideology_630,40007711,We will give the courts the power to detain persistent 12-14 year old offenders in secure training centres once the places become available.,Con,1997,Conservative,"{""1.19e+07"":1,""1.52e+07"":1,""2.03e+07"":1,""2.07e+07"":-1,""2.09e+07"":1,""2.10e+07"":1,""2.12e+07"":1,""2.13e+07"":1,""3280015"":1,""7424964"":1,""7918256"":1,""7954010"":1,""7995027"":1}"
manifestos_social_ideology_631,1150000211,"I have met youngsters in Blackpool and London whose lives have been transformed by the New Deal - once written off, they are now full of confidence and ambition.",Lab,2005,Liberal,"{""1.16e+07"":-1}"
manifestos_social_ideology_632,1130002381,"We will recruit 5,000 new police officers each year, radically cut paperwork and introduce genuine local accountability, through elected police commissioners.",Con,2005,Conservative,"{""1.13e+07"":1,""1.30e+07"":1,""1.73e+07"":1,""1.95e+07"":1,""2.00e+07"":1}"
manifestos_social_ideology_633,1120013491,The best of local government is an inspiring example of what government can achieve.,Lab,2001,Liberal,"{""2.03e+07"":-1}"
manifestos_social_ideology_634,1140002111,"For those who live nearer school, there still need to be safe alternatives to the car",LD,2005,Liberal,"{""1.42e+07"":-1,""1.53e+07"":-1,""1.68e+07"":-1}"
manifestos_social_ideology_635,1160009721,"We will protect our precious habitats and natural resources, and promote a sustainable farming industry.",Con,2010,Conservative,"{""1.82e+07"":1}"
manifestos_social_ideology_636,1070015041,"We will establish a new Environment Agency which will bring together the functions of the National Rivers Authority, Her Majesty's Inspectorate of Pollution and the waste regulation functions of local authorities.",Con,1992,Liberal,"{""1.51e+07"":-1}"
manifestos_social_ideology_637,1140005451,"Britain must work through the United Nations, as a committed member of the EU, and with the US to promote international law, democracy and respect for human rights.",LD,2005,Liberal,"{""1.13e+07"":-1,""1.73e+07"":-1}"
manifestos_social_ideology_638,1150002951,Education is still our number one priority.,Lab,2005,Liberal,"{""1.68e+07"":-1}"
manifestos_social_ideology_639,1160006461,We will ensure that our exam system is measured against the most rigorous systems in the world.,Con,2010,Liberal,"{""1.51e+07"":-1}"
manifestos_social_ideology_640,1140005071,"We will not allow new incinerators for municipal waste unless they can be shown to be the best environmental option after considering all alternatives, including new technologies where waste reduction and reuse are not possible.",LD,2005,Liberal,"{""1.10e+07"":-1,""1.73e+07"":-1}"
manifestos_social_ideology_641,1090004851,"Clean water, healthy food. We will ensure that our drinking water, beaches and rivers meet the highest European standards and end the dumping of industrial waste at sea.",Lab,1992,Liberal,"{""1.51e+07"":-1}"
manifestos_social_ideology_642,1140007361,"So we will strengthen local democracy, taking power down from Whitehall and reducing central interference and the burden of inspection.",LD,2005,Liberal,"{""1.63e+07"":-1}"
manifestos_social_ideology_643,10009331,"It would strike at our relations with our most important ally, weakening the American commitment to Europe's defences.",Con,1987,Conservative,"{""2.12e+07"":1,""2.13e+07"":1}"
manifestos_social_ideology_644,1160010001,"Ambitious goals for reducing emissions. Climate change is a global phenomenon, and that means the world must work together to reduce harmful emissions.",Con,2010,Liberal,"{""1.51e+07"":-1}"
manifestos_social_ideology_645,50003471,Tackle youth crime.,LD,1997,Conservative,"{""1.18e+07"":1,""1.74e+07"":1,""1.75e+07"":1,""1.87e+07"":1,""1.88e+07"":1,""2.06e+07"":1,""2.08e+07"":1,""2.09e+07"":1,""2.12e+07"":1,""2.13e+07"":1,""5112203"":-1,""5816451"":1,""5983773"":1,""8968750"":-1,""9054964"":1}"
manifestos_social_ideology_646,1140002711,"We will establish hate-crimes investigation units in each police force to co-ordinate information and action against racism, homophobia and other hate crimes.",LD,2005,Liberal,"{""1.42e+07"":-1,""1.52e+07"":-1,""1.82e+07"":-1,""2.00e+07"":-1}"
manifestos_social_ideology_647,20002371,The Home Office should consider extending the period of automatic remission for less serious offences.,LD,1987,Liberal,"{""1.24e+07"":-1,""1.49e+07"":-1,""1.51e+07"":-1,""1.52e+07"":-1,""1.81e+07"":-1,""1.85e+07"":-1,""1.97e+07"":-1,""1.98e+07"":-1,""2.12e+07"":-1,""2.13e+07"":-1,""2.14e+07"":-1,""313343"":-1,""3559862"":-1,""5112203"":-1,""6340793"":-1,""8968750"":1}"
manifestos_social_ideology_648,1140001361,"If the causes of ill-health aren't tackled, the NHS of the future won't be able to cope - so we will give people the information and opportunities to make healthy choices, for example through clearer food and alcohol labelling.",LD,2005,Liberal,"{""1.38e+07"":-1,""1.73e+07"":-1}"
manifestos_social_ideology_649,1100001431,Conservatives will end the nonsense whereby criminals know full well they will serve only a fraction of the prison sentence handed down by a judge.,Con,2001,Conservative,"{""1.10e+07"":1,""1.40e+07"":1,""1.51e+07"":1,""1.57e+07"":1,""1.93e+07"":1}"
manifestos_social_ideology_650,1120001341,"We will engage fully in Europe, help enlarge the European Union and make it more effective, and insist that the British people have the final say on any proposal to join the Euro.",Lab,2001,Liberal,"{""1.10e+07"":-1}"
manifestos_social_ideology_651,20006271,The Alliance is determined to protect and improve the quality of life in both.,LD,1987,Liberal,"{""1.35e+07"":-1,""1.53e+07"":-1,""1.89e+07"":-1,""2.10e+07"":-1,""2.12e+07"":-1,""2.13e+07"":-1,""5013710"":-1}"
manifestos_social_ideology_652,1090005731,She will monitor the work of all other departments and co-ordinate action for equal opportunities across government.,Lab,1992,Liberal,"{""1.10e+07"":-1,""1.51e+07"":-1,""1.57e+07"":-1}"
manifestos_social_ideology_653,1070007791,This addition to our already extensive legal provision will give a right to at least 14 weeks' maternity leave and protection against dismissal on grounds of pregnancy.,Con,1992,Liberal,"{""1.10e+07"":-1,""1.30e+07"":-1,""1.51e+07"":-1,""1.68e+07"":-1}"
manifestos_social_ideology_654,1180012361,"We will continue to drive reform of the humanitarian agencies at the UN and work to build an international consensus on 'responsibility to protect', while supporting the International Criminal Court in bringing previously untouchable criminals to justice.",Lab,2010,Conservative,"{""1.10e+07"":1}"
manifestos_social_ideology_655,1140001601,"I taught some of the most disadvantaged children in the country, and I saw at first hand the power of a high-quality education.",LD,2005,Liberal,"{""1.73e+07"":-1}"
manifestos_social_ideology_656,1100006241,It's time for common sense.,Con,2001,Conservative,"{""2.18e+07"":1}"
manifestos_social_ideology_657,1140001031,Your chances of surviving life-threatening and debilitating illnesses improve the swifter the diagnosis.,LD,2005,Liberal,"{""1.73e+07"":-1}"
manifestos_social_ideology_658,1160006281,Better teachers and tougher discipline. The single most important thing for a good education is for every child to have access to a good teacher.,Con,2010,Liberal,"{""1.51e+07"":-1}"
manifestos_social_ideology_659,1120012401,"In time, all offenders will have their own plan for return to lawful life, star ting in custody with drug treatment or literacy training.",Lab,2001,Liberal,"{""1.42e+07"":-1,""1.51e+07"":-1,""1.57e+07"":-1,""1.82e+07"":-1,""1.93e+07"":-1}"
manifestos_social_ideology_660,1160010501,"and, promote new green spaces and wildlife corridors to help animals adapt and thrive in the face of climate change.",Con,2010,Liberal,"{""1.51e+07"":-1}"
manifestos_social_ideology_661,1160010301,"Conserve and enhance the natural environment. We will protect and improve the UK's natural environment, and pioneer new schemes to improve conservation.",Con,2010,Liberal,"{""1.51e+07"":-1}"
manifestos_social_ideology_662,1080007851,"We believe in citizenship, not subjecthood - in the ability of all individuals to exercise power over the institutions that govern their lives.",LD,1992,Liberal,"{""1.90e+07"":-1,""2.18e+07"":-1}"
manifestos_social_ideology_663,1130003571,"A Conservative Government will therefore introduce a Bill, and offer Parliament a free vote, to overturn the Government's ban on hunting with dogs.",Con,2005,Conservative,"{""1.82e+07"":1,""2.00e+07"":1}"
manifestos_social_ideology_664,20001151,"We will combat discrimination against black people in housing and employment and take positive steps through such measures as contract compliance to secure equal opportunities for racial minorities, and we will devote more police resources to dealing with racial harassment.",LD,1987,Liberal,"{""1.11e+07"":-1,""1.24e+07"":-1,""1.75e+07"":-1,""1.81e+07"":-1,""1.88e+07"":0,""1.98e+07"":-1,""2.01e+07"":-1,""2.06e+07"":-1,""2.08e+07"":-1,""2.09e+07"":-1,""2.10e+07"":-1,""2.12e+07"":-1,""2.13e+07"":-1,""313343"":-1,""5112203"":-1,""8968750"":-1,""946983"":-1}"
manifestos_social_ideology_665,1140000421,"So we want government to provide the essential requirements that everyone needs to make real choices in their lives - a good education, a decent pension, a clean environment, effective policing and high quality healthcare.",LD,2005,Liberal,"{""1.13e+07"":-1,""1.73e+07"":-1}"
manifestos_social_ideology_666,1130002601,"We all gain from the social diversity, economic vibrancy and cultural richness that immigration brings.",Con,2005,Liberal,"{""1.30e+07"":-1,""1.40e+07"":-1,""1.51e+07"":-1,""1.57e+07"":-1,""1.82e+07"":-1}"
manifestos_social_ideology_667,1120016641,8 More power to frontline staff,Lab,2001,Liberal,"{""1.42e+07"":-1,""1.51e+07"":-1}"
manifestos_social_ideology_668,1130003231,Local councils should be accountable to voters.,Con,2005,Conservative,"{""1.30e+07"":1}"
manifestos_social_ideology_669,1070006551,"For the first time, over 50 per cent of three and four year olds have places either in nursery or primary schools.",Con,1992,Liberal,"{""1.10e+07"":-1,""1.51e+07"":-1}"
manifestos_social_ideology_670,1170004051,We will give people from all backgrounds and generations the opportunity to participate in sports.,LD,2010,Liberal,"{""1.57e+07"":-1}"
manifestos_social_ideology_671,1070008041,POLICE AND THE COMMUNITY. We Conservatives can be proud of our record in supporting the police.,Con,1992,Conservative,"{""1.10e+07"":1,""1.51e+07"":1,""1.88e+07"":1,""1.93e+07"":1,""1.95e+07"":1,""1.96e+07"":1,""120118"":1,""2.04e+07"":1,""2.07e+07"":1}"
manifestos_social_ideology_672,1170006081,Support action by the international community to stop Iran obtaining nuclear weapons.,LD,2010,Liberal,"{""1.82e+07"":-1}"
manifestos_social_ideology_673,1110000201,Its task is not to curb but to stimulate.,LD,2001,Liberal,"{""1.13e+07"":-1,""1.57e+07"":-1,""6342862"":-1}"
manifestos_social_ideology_674,1180013131,"Provide the funding to maintain police and PCSO numbers with neighbourhood police teams in every area, spending 80 per cent of their time on the beat visible in their neighbourhood",Lab,2010,Conservative,"{""1.10e+07"":1,""1.40e+07"":1,""1.52e+07"":1,""1.57e+07"":1,""1.88e+07"":1}"
manifestos_social_ideology_675,1170008211,Make it easier to prosecute and convict terrorists by allowing intercept evidence in court and by making greater use of post-charge questioning.,LD,2010,Conservative,"{""1.45e+07"":1,""1.68e+07"":1,""2.05e+07"":1}"
manifestos_social_ideology_676,1180004661,Primary schools: no child left behind. More children than ever leave primary school secure in the basics.,Lab,2010,Liberal,"{""1.51e+07"":-1}"
manifestos_social_ideology_677,1110008691,"We will end the use of animals in the development and testing of weapons and household goods, and end unnecessary repetitive tests.",LD,2001,Liberal,"{""1.42e+07"":-1}"
manifestos_social_ideology_678,50007091,Ensure equal opportunities for all.,LD,1997,Liberal,"{""1.10e+07"":-1,""1.19e+07"":-1,""1.24e+07"":-1,""1.30e+07"":0,""1.40e+07"":-1,""1.41e+07"":-1,""1.42e+07"":-1,""1.49e+07"":-1,""1.51e+07"":-1,""1.52e+07"":-1,""1.57e+07"":-1,""1.62e+07"":0,""1.69e+07"":-1,""1.81e+07"":-1,""1.82e+07"":-1,""1.83e+07"":-1,""1.84e+07"":-1,""1.91e+07"":-1,""1.93e+07"":-1,""1.95e+07"":-1,""1.98e+07"":-1,""2.00e+07"":-1,""2.02e+07"":-1,""2.05e+07"":-1,""2.06e+07"":-1,""2.07e+07"":0,""2.08e+07"":-1,""2.09e+07"":-1,""2.12e+07"":-1,""2.13e+07"":-1,""2.14e+07"":-1,""2361265"":-1,""2785872"":-1,""3307853"":-1,""37796"":-1,""4680678"":-1,""5112203"":-1,""5536796"":-1,""5537363"":-1,""6066983"":-1,""6161328"":-1,""6338504"":-1,""7395284"":-1,""7918256"":-1,""7995027"":-1,""8273320"":-1,""8382218"":-1,""8836799"":-1,""8893451"":-1,""9137449"":-1,""9703593"":1}"
manifestos_social_ideology_679,1110006371,We will:  Promote Community Sports Plans.,LD,2001,Liberal,"{""1.30e+07"":-1,""1.42e+07"":-1,""6355305"":-1}"
manifestos_social_ideology_680,60008461,The Scott Report on arms to Iraq revealed Conservative abuses of power.,Lab,1997,Liberal,"{""1.32e+07"":-1,""2.09e+07"":-1,""2.14e+07"":-1,""568434"":-1}"
manifestos_social_ideology_681,1100006501,We will also give further protection to playing fields.,Con,2001,Conservative,"{""1.42e+07"":1}"
manifestos_social_ideology_682,1180011891,"We have trebled investment in counter-terrorism at home, combined with multilateral action against terrorism and extremism abroad, not just in the Afghan-Pakistan border areas - still the main source of the threat - but also in Yemen and Somalia.",Lab,2010,Conservative,"{""1.10e+07"":1,""1.40e+07"":1}"
manifestos_social_ideology_683,1120006561,Photo Caption: Nursery places available for all three-year-olds by 2004.,Lab,2001,Liberal,"{""1.42e+07"":-1,""1.57e+07"":-1}"
manifestos_social_ideology_684,1120014281,"Strong, effective and responsive armed forces.",Lab,2001,Conservative,"{""1.40e+07"":1}"
manifestos_social_ideology_685,50007071,"We will create a new Human Rights Commission, combining the Commission for Racial Equality and the Equal Opportunities Commission.",LD,1997,Liberal,"{""1.04e+07"":1,""1.10e+07"":-1,""1.18e+07"":-1,""1.19e+07"":-1,""1.20e+07"":-1,""1.24e+07"":-1,""1.30e+07"":-1,""1.38e+07"":-1,""1.40e+07"":-1,""1.51e+07"":-1,""1.52e+07"":-1,""1.57e+07"":-1,""1.75e+07"":-1,""1.76e+07"":0,""1.80e+07"":-1,""1.82e+07"":-1,""1.87e+07"":-1,""1.93e+07"":-1,""1054502"":-1,""1837834"":1,""2.01e+07"":-1,""2.06e+07"":-1,""2.08e+07"":-1,""2.09e+07"":-1,""2.10e+07"":-1,""2.11e+07"":-1,""2.12e+07"":-1,""2.13e+07"":-1,""2.14e+07"":-1,""2173664"":-1,""2785872"":-1,""3307853"":-1,""4680678"":-1,""5112203"":-1,""5372456"":-1,""5536796"":-1,""5768369"":1,""6161328"":-1,""6349089"":0,""7395284"":-1,""7502519"":-1,""7918256"":-1,""7995027"":-1,""946983"":-1,""9703593"":1}"
manifestos_social_ideology_686,40009351,"Britain - A Tolerant Country. Tolerance, civility and respect have always been hallmarks of our nation.",Con,1997,Liberal,"{""1.49e+07"":0,""1.80e+07"":0,""1.89e+07"":-1,""1.98e+07"":-1,""2.09e+07"":-1,""2.10e+07"":-1,""2.12e+07"":-1,""2.13e+07"":-1,""2647839"":-1,""3307853"":-1,""5270743"":-1,""7918256"":-1,""7954010"":-1}"
manifestos_social_ideology_687,1170003181,"Scale back Key Stage 2 tests at age 11, and use teacher assessment, with external checking, to improve the quality of marking.",LD,2010,Conservative,"{""1.51e+07"":1}"
manifestos_social_ideology_688,1120011881,"We have a ten-year vision: a new social contract where everyone has a stake based on equal rights, where they pay their dues by exercising responsibility in return, and where local communities shape their own futures.",Lab,2001,Liberal,"{""1.10e+07"":-1,""1.42e+07"":-1,""1.57e+07"":-1,""2.01e+07"":-1}"
manifestos_social_ideology_689,1130003641,And we will promote legislation to strengthen and update animal welfare.,Con,2005,Liberal,"{""1.82e+07"":-1}"
manifestos_social_ideology_690,1150009241,"A reduction in the number of infantry battalions, made possible because of the improved security situation in Northern Ireland, has allowed extra resources for the vital support services such as signals, engineers, intelligence and logistics units - the parts of the army most under pressure.",Lab,2005,Liberal,"{""1.82e+07"":-1}"
manifestos_social_ideology_691,1170004841,End testing of household products on animals.,LD,2010,Liberal,"{""1.82e+07"":-1}"
manifestos_social_ideology_692,1150006191,We were the first government to publish statistics on the problem.,Lab,2005,Liberal,"{""1.82e+07"":-1}"
manifestos_social_ideology_693,30003551,"Our policies for employment, education, housing, health care, local government and much else will clearly be of benefit to people of the ethnic minorities as they will be to the whole community.",Lab,1987,Liberal,"{""1.00e+07"":-1,""1.32e+07"":-1,""1.53e+07"":-1,""1.81e+07"":-1,""2.00e+07"":-1,""2.05e+07"":-1,""2.10e+07"":-1,""2.12e+07"":-1,""2.13e+07"":0,""4680678"":-1,""5112203"":-1,""6340793"":-1,""8968750"":-1,""946983"":-1}"
manifestos_social_ideology_694,1140002651,"In turn, refugees have enriched the UK's culture and wealth immeasurably.",LD,2005,Liberal,"{""1.30e+07"":-1,""1.42e+07"":-1,""1.52e+07"":-1,""1.82e+07"":-1}"
manifestos_social_ideology_695,1130004111,"Within the first day, we will set out plans to give head teachers the power to expel disruptive pupils.",Con,2005,Conservative,"{""1.42e+07"":1}"
manifestos_social_ideology_696,1110007391,"Liberal Democrats want to make government the true servant of the people, and we will develop a political process in which all voices can be heard.",LD,2001,Liberal,"{""1.30e+07"":-1,""6355305"":-1}"
manifestos_social_ideology_697,1080006511,We will set up a Commission on Human Rights to assist individuals to take legal action in cases of discrimination or other breaches of the rights guaranteed in the Convention.,LD,1992,Liberal,"{""1.10e+07"":-1,""1.52e+07"":-1,""1.57e+07"":-1,""1.76e+07"":-1}"
manifestos_social_ideology_698,1150010921,Our third term will build upon our unprecedented programme of constitutional reform embedding a culture of devolved government at the centre and self-government in our communities.,Lab,2005,Conservative,"{""1.82e+07"":1}"
manifestos_social_ideology_699,1110007721,"Introduce more family friendly and efficient working practices for Parliament to bring a wider range of people, particularly women, into Parliament.",LD,2001,Liberal,"{""1.53e+07"":-1,""1.57e+07"":-1,""1.82e+07"":-1}"
manifestos_social_ideology_700,1070013811,"Under the Citizen's Charter, we shall soon be able to identify much more precisely than ever before those schools which are delivering unacceptably low standards.",Con,1992,Liberal,"{""6342862"":-1}"
manifestos_social_ideology_701,1070010001,We will complete the implementation of Project 2000 training for nurses.,Con,1992,Liberal,"{""1.51e+07"":-1}"
manifestos_social_ideology_702,1160004501,They will be accountable to the people they serve and the results they achieve will be made transparent.,Con,2010,Liberal,"{""6342862"":-1}"
manifestos_social_ideology_703,1080006681,"We will encourage changes to the education system which place a positive value on a pluralist, diverse and multicultural society.",LD,1992,Liberal,"{""1.41e+07"":-1,""1.52e+07"":-1,""1.66e+07"":-1}"
manifestos_social_ideology_704,1160006651,"Education's real power lies in its ability to transform life chances, but we can't go on giving the poorest children the worst education.",Con,2010,Liberal,"{""1.51e+07"":-1}"
manifestos_social_ideology_705,1120015881,"We will also redouble our efforts to prevent and resolve violent conflicts in Africa, using our new Africa conflict fund to provide help for security sector reform, demilitarisation programmes and tighter controls over small arms.",Lab,2001,Liberal,"{""2.00e+07"":-1}"
manifestos_social_ideology_706,1110007731,Carry out a Social Justice Audit of all bills to ensure that government legislation tackles inequality as a priority.,LD,2001,Liberal,"{""1.10e+07"":-1,""1.42e+07"":-1,""2.05e+07"":-1,""6355305"":-1}"
manifestos_social_ideology_707,1140005991,"This means, in particular, targeting aid on renewable energy, clean water and sustainable agriculture, and increasing market access for green products from the developing world.",LD,2005,Liberal,"{""1.42e+07"":-1}"
manifestos_social_ideology_708,1140002341,"By getting rid of Labour's expensive, illiberal and ineffective ID card scheme, we will pay for 10,000 police on top of Labour's plans.",LD,2005,Conservative,"{""1.40e+07"":1,""1.42e+07"":1,""1.52e+07"":1,""1.57e+07"":1}"
manifestos_social_ideology_709,1080008401,Citizens must have rights of access to information about decisions taken by public authorities in their name.,LD,1992,Liberal,"{""1.51e+07"":-1,""1.66e+07"":-1}"
manifestos_social_ideology_710,40003451,We have introduced the Disability Discrimination Act.,Con,1997,Liberal,"{""1.53e+07"":-1,""1.71e+07"":-1,""1.74e+07"":-1,""1.86e+07"":-1,""2.08e+07"":-1,""2.09e+07"":-1,""2.10e+07"":0,""2.11e+07"":-1,""2.13e+07"":-1,""2793302"":-1,""37796"":-1,""5983773"":-1,""7918256"":-1,""7954010"":0,""8893451"":-1,""8968750"":0}"
manifestos_social_ideology_711,1150000521,In our third term we will cement a new social contract with rights matched by responsibilities.,Lab,2005,Liberal,"{""1.63e+07"":-1}"
manifestos_social_ideology_712,50005541,We will enable referendums to be held on specific local issues where there is public demand.,LD,1997,Liberal,"{""1.13e+07"":-1,""1.81e+07"":-1,""2.12e+07"":-1,""2.13e+07"":-1,""3307853"":-1,""5108677"":-1,""5112203"":-1}"
manifestos_social_ideology_713,1160005741,That is why we will scrap the politically-motivated targets that have no clinical justification.,Con,2010,Conservative,"{""1.98e+07"":1}"
manifestos_social_ideology_714,1150000411,I believe that in our third term we can embed a new progressive consensus.,Lab,2005,Liberal,"{""2.20e+07"":-1,""2.21e+07"":-1}"
manifestos_social_ideology_715,1080003021,We will issue factories and power stations with licences setting a ceiling on permitted emissions of pollutants.,LD,1992,Liberal,"{""1.51e+07"":-1}"
manifestos_social_ideology_716,1070015861,The European Community regulates standards in satellite broadcasts originating from each Member State.,Con,1992,Conservative,"{""1.57e+07"":1,""1.63e+07"":1}"
manifestos_social_ideology_717,1160006401,"To make this happen, we will promote the teaching of systematic synthetic phonics and ensure that teachers are properly trained to teach using this method.",Con,2010,Liberal,"{""2.15e+07"":-1}"
manifestos_social_ideology_718,1110003011,"Healthy and Safe Journeys to School. We will promote the development of Safe Routes to School, to encourage parents to allow their children to walk or cycle to school in safety rather than driving them.",LD,2001,Liberal,"{""1.30e+07"":-1,""6355305"":-1}"
manifestos_social_ideology_719,1160006731,make sure Academies have the freedoms that helped to make them so successful in the first place,Con,2010,Liberal,"{""1.51e+07"":-1}"
manifestos_social_ideology_720,1130002731,"We will ensure 24-hour surveillance at our ports, and restore full embarkation controls.",Con,2005,Conservative,"{""1.41e+07"":1,""9270508"":1}"
manifestos_social_ideology_721,1160004521,"In this way, we will create opportunities for people to take power and control over their lives.",Con,2010,Conservative,"{""1.42e+07"":1,""1.57e+07"":1}"
manifestos_social_ideology_722,1150006751,We shall also strengthen the system for protecting the public from offenders who have served their sentence but may still pose a threat because they have a serious psychopathic disorder.,Lab,2005,Conservative,"{""1.10e+07"":1,""1.57e+07"":1,""1.82e+07"":1,""1.93e+07"":1,""1.95e+07"":1}"
manifestos_social_ideology_723,1180000251,"It is our belief that it is active, reforming government, not absent government, that helps make people powerful.",Lab,2010,Conservative,"{""1.72e+07"":1}"
manifestos_social_ideology_724,1160008101,"and, making the use of the Royal Prerogative subject to greater democratic control so that Parliament is properly involved in all big national decisions.",Con,2010,Liberal,"{""1.82e+07"":-1}"
manifestos_social_ideology_725,10009261,A strong defence policy has proved to be the most effective peace policy.,Con,1987,Conservative,"{""1.19e+07"":1,""2.09e+07"":1,""2.14e+07"":1,""5112203"":1}"
manifestos_social_ideology_726,1140002601,"Effective action against terrorism is vital, and our priority will be to extend the criminal law to enable terrorist suspects to be prosecuted in the mainstream courts.",LD,2005,Conservative,"{""1.04e+07"":1,""1.13e+07"":1,""1.68e+07"":1,""1.82e+07"":1}"
manifestos_social_ideology_727,1130002311,It doesn't have to be that way.,Con,2005,Conservative,"{""1.88e+07"":1,""2.05e+07"":1}"
manifestos_social_ideology_728,1150009781,They are important in their own right - as nourishment for our imagination or a source of plain enjoyment and our local environment should be a source of pride.,Lab,2005,Liberal,"{""1.84e+07"":-1}"
manifestos_social_ideology_729,1130002871,And the best way to secure continuing support for future migration is by showing that government has control of our borders.,Con,2005,Conservative,"{""1.30e+07"":1,""1.63e+07"":1,""1.88e+07"":1,""1.93e+07"":1}"
manifestos_social_ideology_730,1070016731,The security forces in Northern Ireland perform their duties with courage and professionalism.,Con,1992,Conservative,"{""1.68e+07"":1}"
manifestos_social_ideology_731,1180013341,Link together new protected areas of habitat,Lab,2010,Liberal,"{""1.42e+07"":-1}"
manifestos_social_ideology_732,1110002451,Higher Education. Britain's universities have traditionally had a high international reputation.,LD,2001,Liberal,"{""1.42e+07"":-1}"
manifestos_social_ideology_733,1150003771, no teacher should be subject to abuse or disrespect.,Lab,2005,Conservative,"{""5647650"":1}"
manifestos_social_ideology_734,1160005501,A new approach to early intervention. The Conservative Party is committed to keeping Sure Start because the network of Children's Centres is of enormous value to parents across the country.,Con,2010,Conservative,"{""1.51e+07"":1}"
manifestos_social_ideology_735,1150004941, we will increase the use of electronic tagging,Lab,2005,Conservative,"{""1.40e+07"":1,""1.52e+07"":1,""1.57e+07"":1,""1.82e+07"":1}"
manifestos_social_ideology_736,1070007091,"This year, two million students will participate in the Technical and Vocational Education Initiative.",Con,1992,Liberal,"{""1.96e+07"":-1}"
manifestos_social_ideology_737,1140002641,For centuries Britain has had a proud record of granting safe refuge to those fleeing persecution.,LD,2005,Liberal,"{""1.41e+07"":-1,""1.42e+07"":-1,""1.52e+07"":-1,""1.84e+07"":-1}"
manifestos_social_ideology_738,50003621,We will give the Police and Customs and Excise the support they need to stop drugs coming into Britain.,LD,1997,Conservative,"{""1.52e+07"":1,""1.83e+07"":0,""2.00e+07"":0,""2.01e+07"":1,""2.04e+07"":1,""2.11e+07"":1,""2.13e+07"":1,""2.14e+07"":1,""3307853"":1,""5112203"":1,""8382218"":1,""8968750"":1,""9054964"":0,""946983"":1}"
manifestos_social_ideology_739,1180004701,"We will create a specialist Mandarin teacher training qualification, so that many more primary schools have access to a qualified primary teacher able to teach Mandarin.",Lab,2010,Liberal,"{""1.53e+07"":-1}"
manifestos_social_ideology_740,60001381,We have modernised the Labour Party and we will modernise Britain.,Lab,1997,Liberal,"{""2.10e+07"":-1}"
manifestos_social_ideology_741,1120012641,People in prison for drug-related offences will have to kick the habit before they are free from supervision on the outside.,Lab,2001,Conservative,"{""1.10e+07"":1,""1.42e+07"":1,""1.68e+07"":1,""1.93e+07"":1,""1.95e+07"":1}"
manifestos_social_ideology_742,40010041,We will argue for a flexible Europe which fully accommodates the interests and aspirations of all its member states and where any new proposals have to be open to all and agreed by all.,Con,1997,Liberal,"{""3307853"":-1}"
manifestos_social_ideology_743,1070009501,THE THREAT OF TERRORISM. Tragic and dangerous events remind us only too frequently of the need for the special measures provided by the Prevention of Terrorism Act.,Con,1992,Conservative,"{""1.40e+07"":1,""1.68e+07"":1,""1.82e+07"":1,""1.95e+07"":1}"
manifestos_social_ideology_744,1180005601,The reforms of recent years will allow us to do more than ever to release savings by cutting red tape and directing resources to where they matter most.,Lab,2010,Liberal,"{""1.84e+07"":-1}"
manifestos_social_ideology_745,1170000941,Our values: change that works for you. This manifesto is not limited to these four structural changes.,LD,2010,Liberal,"{""3626598"":-1}"
manifestos_social_ideology_746,40007871,We will extend electronically monitored curfew orders nationwide for those aged 16 and over.,Con,1997,Conservative,"{""1.01e+07"":1,""1.06e+07"":1,""1.10e+07"":1,""1.13e+07"":0,""1.14e+07"":1,""1.19e+07"":1,""1.20e+07"":1,""1.30e+07"":1,""1.42e+07"":1,""1.45e+07"":1,""1.49e+07"":1,""1.51e+07"":-1,""1.52e+07"":1,""1.53e+07"":1,""1.54e+07"":1,""1.57e+07"":0,""1.63e+07"":1,""1.72e+07"":1,""1.74e+07"":1,""1.75e+07"":1,""1.76e+07"":1,""1.81e+07"":1,""1.83e+07"":1,""1.85e+07"":1,""1.88e+07"":1,""1.90e+07"":1,""1.93e+07"":1,""1.98e+07"":1,""157833"":-1,""2.00e+07"":1,""2.01e+07"":1,""2.04e+07"":1,""2.05e+07"":1,""2.06e+07"":1,""2.07e+07"":1,""2.08e+07"":1,""2.09e+07"":1,""2.10e+07"":1,""2.11e+07"":1,""2.12e+07"":-1,""2.13e+07"":1,""2.14e+07"":1,""2.20e+07"":1,""3307853"":1,""5112203"":1,""5172864"":1,""5768369"":1,""6363491"":1,""6460048"":1,""6564635"":1,""8113176"":0,""874567"":-1,""9015611"":1,""9299392"":1,""9695483"":1}"
manifestos_social_ideology_747,1150005771,"That means new types of health provision, more say for patients in how, where and when they are treated, and tackling ill-health at source.",Lab,2005,Liberal,"{""1.42e+07"":-1}"
manifestos_social_ideology_748,1080007831,"6.Britain's Democracy: Electoral and Constitutional Reform. Liberal Democrats, alone in British politics, recognise that unless we change Britain's system of government, we cannot change Britain's future.",LD,1992,Liberal,"{""2.09e+07"":-1}"
manifestos_social_ideology_749,1180002851,their decisions would make our society more unequal and unjust.,Lab,2010,Liberal,"{""1.57e+07"":-1,""6342862"":-1}"
manifestos_social_ideology_750,1150011481,The period of transition is over.,Lab,2005,Conservative,"{""1.10e+07"":1}"
manifestos_social_ideology_751,1150002401,"We are committed to reducing child deaths and serious injuries on the road by 50 per cent, and we will continue to work to reduce dangerous driving, especially drink driving and uninsured driving.",Lab,2005,Conservative,"{""1.16e+07"":1,""1.52e+07"":1}"
manifestos_social_ideology_752,20000411,They are our guide-book for government:  ,LD,1987,Liberal,"{""1.13e+07"":-1,""1.36e+07"":-1,""2.09e+07"":-1,""2.11e+07"":-1,""2.12e+07"":0,""37796"":-1}"
manifestos_social_ideology_753,1080003051,"When levels exceed World Health Organisation guidelines, the result is described as 'good' - in other countries it would be called 'poor'.",LD,1992,Liberal,"{""6340562"":-1}"
manifestos_social_ideology_754,1160003361,A Conservative government will strengthen the system of granting student visas so that it is less open to abuse.,Con,2010,Conservative,"{""1.30e+07"":1}"
manifestos_social_ideology_755,1180005571,"A generation of new hospitals has been built, entirely new services created, and long waits eliminated.",Lab,2010,Liberal,"{""1.84e+07"":-1}"
manifestos_social_ideology_756,1180005151,"To complement vocational learning for 14-19 year olds in schools and colleges, we will pioneer University Technical Colleges and new Studio Schools that offer innovative curricula involving practical learning and paid work.",Lab,2010,Conservative,"{""1.42e+07"":1}"
manifestos_social_ideology_757,1160007121,"and, process criminals more quickly by video-linking custody cells and courts.",Con,2010,Conservative,"{""1.10e+07"":1,""1.51e+07"":1,""1.52e+07"":1,""1.57e+07"":1}"
manifestos_social_ideology_758,60002101,"To attack under-achievement in urban areas, we have developed a new scheme with the Premier League.",Lab,1997,Liberal,"{""1.18e+07"":-1,""2.10e+07"":-1,""2.13e+07"":-1,""5270743"":-1,""6340793"":1,""6622539"":-1,""7321782"":-1}"
manifestos_social_ideology_759,1070007951,"And the challenge for the 1990s is to step up the fight against lawlessness and violence, so that our citizens can live free from fear.",Con,1992,Conservative,"{""1.40e+07"":1,""1.57e+07"":1,""1.68e+07"":1,""1.96e+07"":1,""6342862"":1}"
manifestos_social_ideology_760,1180008921,Every child will have lifetime library membership from birth.,Lab,2010,Liberal,"{""1.51e+07"":-1}"
manifestos_social_ideology_761,1150005411,Over the next five years we will implement a new electronic borders system that will track visitors entering or leaving the UK.,Lab,2005,Conservative,"{""1.41e+07"":1,""1.52e+07"":1,""1.68e+07"":1,""1.82e+07"":1,""1.93e+07"":1}"
manifestos_social_ideology_762,1160005681,Patients will be able to rate hospitals and doctors according to the quality of care they received.,Con,2010,Liberal,"{""1.51e+07"":-1}"
manifestos_social_ideology_763,1080008441,Security services and intelligence agencies should be accountable to a committee of senior Privy Councillors.,LD,1992,Conservative,"{""1.68e+07"":1}"
manifestos_social_ideology_764,1150003931,"Beyond the age of 14, GCSEs and A-levels will be the foundation of the system in which high-quality vocational programmes will be available to every pupil.",Lab,2005,Liberal,"{""1.16e+07"":-1}"
manifestos_social_ideology_765,1110007901,"Regions will normally be based on existing Regional Development Agency boundaries, but with scope for smaller areas where local identity, geography and preferences make that appropriate.",LD,2001,Conservative,"{""1.30e+07"":1}"
manifestos_social_ideology_766,1120002381,We will now: overhaul sentencing so that persistent offending results in more severe punishment ,Lab,2001,Conservative,"{""1.10e+07"":1,""1.30e+07"":1,""1.51e+07"":1,""1.53e+07"":1,""2.03e+07"":1}"
manifestos_social_ideology_767,1180002201,We will develop a new gateway for the export of NHS intellectual property and cutting-edge services.,Lab,2010,Liberal,"{""1.51e+07"":-1}"
manifestos_social_ideology_768,20007871,"The Alliance would withdraw UK support for President Reagan's Strategic Defence Initiative, which clearly involves breaching the ABM Treaty, is destabilising and is likely to lead to further escalation.",LD,1987,Liberal,"{""2.10e+07"":-1,""2.13e+07"":-1}"
manifestos_social_ideology_769,1160009271,"But the many scandals of lost data, leaked documents and database failures have put millions at risk.",Con,2010,Liberal,"{""1.13e+07"":-1}"
manifestos_social_ideology_770,1080006741,We will fight discrimination by incorporating the European Convention on Human Rights into UK law and then extending it into a full UK Bill of Rights.,LD,1992,Liberal,"{""1.10e+07"":-1,""1.51e+07"":-1,""1.52e+07"":-1,""1.88e+07"":-1,""2.05e+07"":-1}"
manifestos_social_ideology_771,1100007381,time for a war on crime,Con,2001,Conservative,"{""1.10e+07"":1,""1.30e+07"":1,""1.42e+07"":1,""1.68e+07"":1,""6355305"":1}"
manifestos_social_ideology_772,1090000171,We want government to serve the whole nation - using its power to realise this vision.,Lab,1992,Conservative,"{""2.05e+07"":1}"
manifestos_social_ideology_773,1070008581,"'Joy-riders' will now face prison sentences of up to 5 years, unlimited fines and unlimited driving bans.",Con,1992,Conservative,"{""1.10e+07"":1,""1.57e+07"":1,""1.93e+07"":1,""1.95e+07"":1,""6342862"":1}"
manifestos_social_ideology_774,1130001391,We will not allow a minority to ruin the education of the majority.,Con,2005,Conservative,"{""1.30e+07"":1,""1.42e+07"":1,""1.82e+07"":1}"
manifestos_social_ideology_775,1070008211,We are continuing to increase police numbers.,Con,1992,Conservative,"{""1.41e+07"":1,""1.51e+07"":1,""1.63e+07"":1,""1.82e+07"":1,""1.93e+07"":1}"
manifestos_social_ideology_776,20001391,"We will strengthen the rights of women at work through equal pay for work of equal value, equal treatment, ensuring that all public authorities and private contractors are equal opportunity employers.",LD,1987,Liberal,"{""1.24e+07"":-1,""1.34e+07"":-1,""1.45e+07"":-1,""1.52e+07"":-1,""1.58e+07"":-1,""1.75e+07"":-1,""1.77e+07"":-1,""1.83e+07"":-1,""1.87e+07"":-1,""1.93e+07"":-1,""2.06e+07"":-1,""2.09e+07"":-1,""2.13e+07"":-1,""313343"":-1,""3559862"":-1,""5112203"":-1,""6591328"":-1,""9458742"":-1,""946983"":-1}"
manifestos_social_ideology_777,1150011821,"Arch centralisers when in office, they now claim to be localists.",Lab,2005,Liberal,"{""1.10e+07"":-1}"
manifestos_social_ideology_778,1120015521,"Labour has played a leading role in bringing war criminals, notably from former Yugoslavia, to justice, and in establishing a permanent court to tr y war crimes.",Lab,2001,Conservative,"{""1.57e+07"":1}"
manifestos_social_ideology_779,1170003021,This will allow an average primary school to cut classes to 20 and an average secondary school to introduce catch-up classes for 160 pupils.,LD,2010,Liberal,"{""1.51e+07"":-1,""3626598"":-1}"
manifestos_social_ideology_780,60006091,More equal relationships between men and women have transformed our lives.,Lab,1997,Liberal,"{""1.06e+07"":-1,""1.13e+07"":-1,""1.22e+07"":0,""1.24e+07"":-1,""1.30e+07"":-1,""1.40e+07"":-1,""1.51e+07"":-1,""1.52e+07"":-1,""1.57e+07"":-1,""1.58e+07"":-1,""1.68e+07"":-1,""1.73e+07"":-1,""1.75e+07"":-1,""1.81e+07"":-1,""1.82e+07"":-1,""1.83e+07"":0,""1.84e+07"":-1,""1.86e+07"":-1,""1.87e+07"":-1,""1.89e+07"":-1,""1.93e+07"":-1,""1.98e+07"":-1,""2.00e+07"":0,""2.03e+07"":0,""2.04e+07"":-1,""2.06e+07"":-1,""2.09e+07"":-1,""2.10e+07"":-1,""2.11e+07"":1,""2.12e+07"":-1,""2.13e+07"":-1,""2.14e+07"":-1,""2.17e+07"":-1,""2.20e+07"":-1,""2785872"":-1,""37796"":-1,""5112203"":-1,""6430428"":-1,""714020"":1,""8382218"":-1,""8836799"":-1,""8893451"":0,""8968750"":-1,""946983"":-1}"
manifestos_social_ideology_781,1150009051,British troops should remain in Iraq under a United Nations mandate as long as the democratically elected government there wants them.,Lab,2005,Liberal,"{""1.82e+07"":-1}"
manifestos_social_ideology_782,1170006311,That is why more police are needed on the streets - to provide a longer arm for the law.,LD,2010,Conservative,"{""1.40e+07"":1,""1.57e+07"":1,""1.86e+07"":1,""1.93e+07"":1,""6342862"":1}"
manifestos_social_ideology_783,20001451,Changing the electoral system to a form of proportional representation will increase the opportunities for women to be elected to Parliament.,LD,1987,Liberal,"{""1.24e+07"":-1,""1.32e+07"":-1,""1.52e+07"":-1,""1.88e+07"":0,""1.96e+07"":0,""1.98e+07"":-1,""2.05e+07"":-1,""2.11e+07"":-1,""2.14e+07"":-1,""5112203"":-1,""5751985"":-1,""5993386"":-1,""7918256"":-1,""946983"":-1}"
manifestos_social_ideology_784,1180011071,Labour already has a higher proportion of female and black and ethnic minority MPs than any other party.,Lab,2010,Liberal,"{""1.10e+07"":-1,""1.40e+07"":-1,""1.57e+07"":-1,""1.93e+07"":-1}"
manifestos_social_ideology_785,1080005231,A health service for all.,LD,1992,Liberal,"{""1.51e+07"":-1}"
manifestos_social_ideology_786,1090003631,"Second, within five years, we want four out of five 16 to 18 year olds to be able to achieve at least five GCSEs at grades A, B or C, or their equivalent.",Lab,1992,Liberal,"{""1.42e+07"":-1,""1.51e+07"":-1}"
manifestos_social_ideology_787,50007531,"We support the use of the double majority', especially on matters such as foreign and security policy. ",LD,1997,Liberal,"{""2.12e+07"":-1,""2.13e+07"":-1}"
manifestos_social_ideology_788,10007211,by providing a tough legal framework for sentencing,Con,1987,Conservative,"{""1.09e+07"":1,""1.10e+07"":1,""1.11e+07"":1,""1.13e+07"":1,""1.17e+07"":-1,""1.20e+07"":1,""1.22e+07"":1,""1.24e+07"":1,""1.26e+07"":1,""1.32e+07"":1,""1.40e+07"":1,""1.42e+07"":1,""1.47e+07"":1,""1.51e+07"":1,""1.52e+07"":1,""1.53e+07"":1,""1.54e+07"":1,""1.57e+07"":1,""1.58e+07"":1,""1.59e+07"":1,""1.68e+07"":1,""1.71e+07"":1,""1.73e+07"":1,""1.75e+07"":1,""1.80e+07"":1,""1.81e+07"":1,""1.85e+07"":0,""1.87e+07"":1,""1.88e+07"":1,""1.90e+07"":1,""1.92e+07"":1,""1.93e+07"":1,""1.96e+07"":1,""1.98e+07"":1,""2.00e+07"":1,""2.01e+07"":1,""2.02e+07"":1,""2.03e+07"":1,""2.04e+07"":1,""2.05e+07"":1,""2.06e+07"":1,""2.07e+07"":1,""2.08e+07"":1,""2.09e+07"":1,""2.10e+07"":1,""2.11e+07"":1,""2.12e+07"":1,""2.13e+07"":1,""2.14e+07"":-1,""2.15e+07"":1,""2.16e+07"":0,""2.20e+07"":1,""2056455"":1,""313343"":1,""3559862"":1,""5112203"":1,""5452477"":1,""5751985"":0,""6336109"":1,""6342862"":1,""6564635"":1,""6591328"":1,""8382218"":1,""8450718"":1,""8811111"":1,""8836799"":1,""8893451"":1,""8968750"":1,""9054964"":1,""946983"":1}"
manifestos_social_ideology_789,1140005721,"First, we believe that this country has the wealth to help those much poorer than ourselves, and should do so.",LD,2005,Liberal,"{""1.42e+07"":-1}"
manifestos_social_ideology_790,1110008221,Discrimination. We will combat discrimination on the grounds of race and in all its other forms.,LD,2001,Liberal,"{""1.10e+07"":-1,""1.30e+07"":-1,""1.41e+07"":-1,""1.45e+07"":-1,""1.88e+07"":-1}"
manifestos_social_ideology_791,1150003141,The remodelling of the school workforce is benefiting staff and helping to tailor provision to pupil need.,Lab,2005,Liberal,"{""2.02e+07"":-1}"
manifestos_social_ideology_792,40000431,"At the same time we must maintain the security that a stable nation provides in an uncertain, fast-changing world.",Con,1997,Conservative,"{""1.01e+07"":1,""1.53e+07"":1,""2.09e+07"":0,""2.10e+07"":1,""2.12e+07"":1,""2.14e+07"":1}"
manifestos_social_ideology_793,1140002001,We will make sure that all teachers and teaching assistants working with children with special educational needs are appropriately trained.,LD,2005,Conservative,"{""1.42e+07"":1}"
manifestos_social_ideology_794,1070002131,"We will press for progress on the environment, including the Fifth Environment Action Programme.",Con,1992,Liberal,"{""5647650"":-1}"
manifestos_social_ideology_795,1070006901,"By the year 2000, one in three young people will follow full-time higher education courses.",Con,1992,Liberal,"{""1.51e+07"":-1}"
manifestos_social_ideology_796,1170006171,"We want every community to be safe and fair, and offer opportunities to people of every background.",LD,2010,Liberal,"{""1.52e+07"":-1,""1.72e+07"":-1}"
manifestos_social_ideology_797,50005621,"We will introduce proportional representation for all elections, to put more power in the hands of voters and make government more representative.",LD,1997,Liberal,"{""2.06e+07"":-1,""2.09e+07"":-1,""2.10e+07"":-1,""2.11e+07"":-1,""2.13e+07"":-1,""2.14e+07"":-1,""6349089"":-1}"
manifestos_social_ideology_798,1110010791,Put in place a moratorium on the use of Depleted Uranium Shells until there is clear evidence regarding the health risks involved.,LD,2001,Liberal,"{""1.51e+07"":-1}"
manifestos_social_ideology_799,20001611,"We believe that the membership of the EEC offers not only practical help to Northern Ireland, but also prospects for the long-term development of a confederal relationship between UK and the Republic of Ireland which could offer a solution to a problem which has claimed over 2,500 lives in the last 18 years.",LD,1987,Liberal,"{""1.53e+07"":-1,""1.99e+07"":-1,""2.09e+07"":-1,""2.12e+07"":-1,""2.14e+07"":1}"
manifestos_social_ideology_800,1140007421,"Liberal Democrats in government in Scotland are already bringing in the single transferable vote (STV) system for local elections, so that local councillors will genuinely represent their community.",LD,2005,Liberal,"{""1.84e+07"":-1}"
manifestos_social_ideology_801,1120001311,"We will reform the criminal justice system at every level so that criminals are caught, punished and rehabilitated.",Lab,2001,Conservative,"{""1.10e+07"":1,""1.30e+07"":1,""1.41e+07"":1,""1.63e+07"":1,""2.03e+07"":1}"
manifestos_social_ideology_802,1100000681,And teachers are leaving the profession in droves because of all the pointless paperwork.,Con,2001,Liberal,"{""1.51e+07"":-1}"
manifestos_social_ideology_803,1110003041,Greener School Buildings. We will fund a 'Schools 2010' programme to tackle the backlog of school building repairs.,LD,2001,Liberal,"{""1.42e+07"":-1,""1.68e+07"":-1,""2.01e+07"":-1,""6342862"":-1}"
manifestos_social_ideology_804,1160011461,"Liberal, because Britain must be open and engaged with the world, supporting human rights and championing the cause of democracy and the rule of law at every opportunity.",Con,2010,Liberal,"{""1.10e+07"":-1,""1.84e+07"":-1,""3626598"":-1}"
manifestos_social_ideology_805,1110002761,"This would help, for example, women with children who have to study part-time.",LD,2001,Liberal,"{""1.10e+07"":-1}"
manifestos_social_ideology_806,1110009611,We will seek to recycle 60% of household waste within 10 years.,LD,2001,Liberal,"{""1.51e+07"":-1}"
manifestos_social_ideology_807,1120006321,Our goal is to develop education to harness the individual talents of every pupil.,Lab,2001,Liberal,"{""1.53e+07"":-1}"
manifestos_social_ideology_808,1120010941,"We have always supported the principle underlying the work of the Child Support Agency (CSA), but the Conservatives bungled its introduction.",Lab,2001,Liberal,"{""1.53e+07"":-1,""1.57e+07"":-1,""2.01e+07"":-1}"
manifestos_social_ideology_809,1160012021,"Additionally, the use of a major 'ratchet clause' which amounted to the transfer of an area of power to the EU would be subject to a referendum.",Con,2010,Conservative,"{""1.57e+07"":1,""6342862"":1}"
manifestos_social_ideology_810,1160007201,"That is why we will create a dedicated Border Police Force, as part of a refocused Serious Organised Crime Agency, to enhance national security, improve immigration controls, and crack down on the trafficking of people, weapons and drugs.",Con,2010,Conservative,"{""1.10e+07"":1,""1.51e+07"":1,""1.52e+07"":1,""1.57e+07"":1,""1.87e+07"":1}"
manifestos_social_ideology_811,50007461,We will give the House of Commons a more effective role in scrutinising European policy.,LD,1997,Conservative,"{""2.08e+07"":1}"
manifestos_social_ideology_812,1120015741,Education has a special place for Labour.,Lab,2001,Liberal,"{""1.73e+07"":-1,""2.00e+07"":-1}"
manifestos_social_ideology_813,1070001171,The BBC World Service has unrivalled standing around the globe.,Con,1992,Liberal,"{""5993386"":-1}"
manifestos_social_ideology_814,1120006551,We will continue to provide services which integrate early years education with childcare.,Lab,2001,Liberal,"{""1.30e+07"":-1}"
manifestos_social_ideology_815,1120000111,The best ever results in primary schools.,Lab,2001,Liberal,"{""1.42e+07"":-1}"
manifestos_social_ideology_816,1160011241,Our Strategic Defence and Security Review will ensure that resources for our Armed Forces are matched to our foreign policy requirements.,Con,2010,Conservative,"{""2.01e+07"":1}"
manifestos_social_ideology_817,60000331,PeopleÊareÊcynical about politics and distrustful of political promises.,Lab,1997,Liberal,"{""1.32e+07"":-1,""2.10e+07"":-1}"
manifestos_social_ideology_818,1140001561,Nothing sets a child free more than this.,LD,2005,Liberal,"{""6340562"":-1}"
manifestos_social_ideology_819,40005841,We will continue to develop a full range of services - including 24-hour nursed hostels and secure units - that can care for them in a way which is most appropriate to them and the interests of the wider community.,Con,1997,Liberal,"{""1.53e+07"":-1,""1.71e+07"":-1,""1.74e+07"":-1,""1.86e+07"":-1,""2.08e+07"":-1,""2.09e+07"":-1,""2.12e+07"":-1,""3280015"":-1,""37796"":1,""5983773"":-1,""7918256"":-1,""8893451"":-1}"
manifestos_social_ideology_820,1140001401,"Because second-hand smoke kills, we will ban smoking in all enclosed public places.",LD,2005,Conservative,"{""1.13e+07"":1}"
manifestos_social_ideology_821,1100004001,"We will exempt the armed forces from the European Convention on Human Rights, just as France, Spain, Portugal and others have done.",Con,2001,Liberal,"{""1.10e+07"":-1}"
manifestos_social_ideology_822,1110008621,"This gives legal sanction to discrimination, preventing schools taking effective measures against bullying and hampering responsible sex education.",LD,2001,Liberal,"{""1.10e+07"":-1,""1.30e+07"":-1,""2.03e+07"":-1,""6355305"":-1}"
manifestos_social_ideology_823,20001601,"We would encourage those who are working for reconciliation in Northern Ireland and who are seeking to eliminate sectarianism and discrimination in religious life, education, housing and politics.",LD,1987,Liberal,"{""1.24e+07"":-1,""1.53e+07"":-1,""2.01e+07"":-1,""2.08e+07"":-1,""2.11e+07"":-1,""2.13e+07"":-1,""5751985"":-1}"
manifestos_social_ideology_824,1150003321,Local authorities have a vital role in championing the parent interest and providing support services.,Lab,2005,Liberal,"{""1.51e+07"":-1}"
manifestos_social_ideology_825,1180008001,There are more criminals in prison - not because crime is rising but because violent and serious offenders are going to prison for longer.,Lab,2010,Conservative,"{""1.10e+07"":1,""1.52e+07"":1,""1.63e+07"":1,""1.88e+07"":1,""1.93e+07"":1}"
manifestos_social_ideology_826,1070005331,"KNOWLEDGE, STANDARDS, CHOICE. The next Conservative Government will carry the Charter still further.",Con,1992,Conservative,"{""2.13e+07"":1}"
manifestos_social_ideology_827,1090004111,We will eliminate racial discrimination in housing allocation and improve safety on estates.,Lab,1992,Liberal,"{""1.10e+07"":-1,""1.16e+07"":-1,""1.57e+07"":-1,""1.68e+07"":-1,""1.93e+07"":-1}"
manifestos_social_ideology_828,1150003591,We want every secondary school to become a specialist school and existing specialist schools will be able to take on a second specialism.,Lab,2005,Liberal,"{""1.53e+07"":-1,""1.68e+07"":-1}"
manifestos_social_ideology_829,1180000361,These changes happened because we applied our values to the world as it was then.,Lab,2010,Liberal,"{""1.57e+07"":-1}"
manifestos_social_ideology_830,20000121,We live in a country that is patently unfair to many of its citizens.,LD,1987,Liberal,"{""1.19e+07"":-1,""1.24e+07"":-1,""1.80e+07"":-1,""1.86e+07"":-1,""2.11e+07"":-1,""2.13e+07"":0,""313343"":-1,""5112203"":-1}"
manifestos_social_ideology_831,1150006881,We will ensure that all school children have access to a school nurse.,Lab,2005,Liberal,"{""1.42e+07"":-1}"
manifestos_social_ideology_832,1080004351,Strategic responsibility for adult and further education will remain with the LEA.,LD,1992,Liberal,"{""1.51e+07"":-1,""2.01e+07"":-1}"
manifestos_social_ideology_833,1150009861, they are also crucial to our national prosperity.,Lab,2005,Liberal,"{""1.84e+07"":-1}"
manifestos_social_ideology_834,1080005641,Reforming the criminal justice system.,LD,1992,Liberal,"{""1.10e+07"":-1,""1.51e+07"":-1,""1.52e+07"":-1,""1.66e+07"":-1,""1.88e+07"":-1}"
manifestos_social_ideology_835,40008631,Our nation's history is an anchor in a sea of change.,Con,1997,Conservative,"{""2.13e+07"":1,""5270743"":1}"
manifestos_social_ideology_836,20007601,"The British Prime Minister should disavow such ventures as the bombing of Libya and support for the Contras, as so many Americans do, rather than allying with the most conservative forces in the White House.",LD,1987,Liberal,"{""2.14e+07"":-1}"
manifestos_social_ideology_837,1180011481,"We will now publish a Domesday Book of all non-personal datasets held by government and its agencies, with a default assumption that these will be made public.",Lab,2010,Liberal,"{""1.66e+07"":-1}"
manifestos_social_ideology_838,1150002941,"2010: Every 16-year-old offered school, college, training or apprenticeship  ",Lab,2005,Liberal,"{""5647650"":-1}"
manifestos_social_ideology_839,1160006981,"We will introduce mobile knife scanners on streets and public transport, and extend the length of custodial sentences that can be awarded in a Magistrates' Court from six to twelve months.",Con,2010,Conservative,"{""1.10e+07"":1,""1.52e+07"":1,""1.57e+07"":1,""1.87e+07"":1,""1.95e+07"":1}"
manifestos_social_ideology_840,40004781,"We will give teachers greater power to set detentions, to exclude disruptive pupils and to use reasonable physical restraint where necessary.",Con,1997,Conservative,"{""2.14e+07"":1,""2361265"":1,""2793302"":1,""37796"":1,""5983773"":1,""7918256"":1,""7995027"":1,""8893451"":-1}"
manifestos_social_ideology_841,1160005641,"We will make patients' choices meaningful by: putting patients in charge of making decisions about their care, including control of their health records",Con,2010,Liberal,"{""1.51e+07"":-1}"
manifestos_social_ideology_842,1070014981,"Within Britain, and ahead of other European countries, we have introduced the concept of integrated pollution control.",Con,1992,Liberal,"{""1.96e+07"":-1}"
manifestos_social_ideology_843,1100002811,"And we will encourage GPs to specialise, so that GP teams will be increasingly able to offer expert diagnosis and treatment to their patients.",Con,2001,Liberal,"{""1.51e+07"":-1}"
manifestos_social_ideology_844,1170006701,"We will allow people who have been in Britain without the correct papers for ten years, but speak English, have a clean record and want to live here long-term to earn their citizenship.",LD,2010,Liberal,"{""1.10e+07"":-1,""1.57e+07"":-1,""1.82e+07"":-1,""1.93e+07"":-1}"
manifestos_social_ideology_845,10007511,build on our previous measures stripping drug traffickers of the proceeds of their crimes and extend the same approach to other serious crimes.,Con,1987,Conservative,"{""1.10e+07"":1,""1.11e+07"":1,""1.13e+07"":-1,""1.19e+07"":-1,""1.24e+07"":1,""1.27e+07"":1,""1.30e+07"":1,""1.32e+07"":1,""1.36e+07"":1,""1.40e+07"":1,""1.42e+07"":1,""1.45e+07"":1,""1.47e+07"":1,""1.49e+07"":1,""1.51e+07"":-1,""1.52e+07"":1,""1.53e+07"":1,""1.57e+07"":1,""1.68e+07"":1,""1.75e+07"":1,""1.85e+07"":1,""1.87e+07"":1,""1.89e+07"":1,""1.93e+07"":1,""1.95e+07"":1,""1.98e+07"":1,""1.99e+07"":1,""1054502"":1,""2.03e+07"":1,""2.05e+07"":1,""2.08e+07"":1,""2.09e+07"":1,""2.10e+07"":-1,""2.11e+07"":1,""2.12e+07"":1,""2.13e+07"":1,""2.14e+07"":1,""2.18e+07"":1,""3307853"":1,""4680678"":0,""5013710"":1,""5112203"":1,""5270743"":1,""5452477"":1,""5536796"":1,""5768369"":1,""6112471"":0,""6161328"":1,""6622539"":-1,""7395284"":1,""7918256"":1,""8382218"":1,""8836799"":-1,""8893451"":1,""946983"":1,""9703593"":1,""9958248"":-1}"
manifestos_social_ideology_846,60010291,Human rights. Labour wants Britain to be respected in the world for the integrity with which it conducts its foreign relations.,Lab,1997,Liberal,"{""1.09e+07"":-1,""1.24e+07"":-1,""1.32e+07"":-1,""1054502"":-1,""2.00e+07"":-1,""2.09e+07"":0,""2.10e+07"":-1,""2.13e+07"":-1}"
manifestos_social_ideology_847,1140005511,"It also more clearly defines and limits the powers of the EU, reflecting diversity and preventing over-centralisation.",LD,2005,Conservative,"{""1.84e+07"":1}"
manifestos_social_ideology_848,50005461,We oppose the introduction of Identity Cards.,LD,1997,Liberal,"{""1.01e+07"":-1,""1.09e+07"":-1,""1.45e+07"":-1,""1.68e+07"":1,""2.00e+07"":-1,""2.10e+07"":-1,""2.13e+07"":-1,""3307853"":-1,""5112203"":-1,""7995027"":-1,""9015611"":-1}"
manifestos_social_ideology_849,1160003301,"To help achieve this goal, we will introduce a number of measures, such as: setting an annual limit on the number of non- EU economic migrants admitted into the UK to live and work",Con,2010,Conservative,"{""1.53e+07"":1,""1.57e+07"":1,""1.82e+07"":1,""6342862"":1}"
manifestos_social_ideology_850,60010481,fast-track punishment for persistent young offenders by halving the time from arrest to sentencing ,Lab,1997,Conservative,"{""1.24e+07"":-1,""1.52e+07"":1,""1.53e+07"":1,""1.71e+07"":1,""1.74e+07"":1,""1.86e+07"":1,""1.93e+07"":1,""2.01e+07"":1,""2.08e+07"":-1,""2.09e+07"":1,""2.12e+07"":1,""8893451"":1}"
manifestos_social_ideology_851,1150007751,Yet fear of seeming to `nanny' has in the past meant British law and culture have not supported parents and children.,Lab,2005,Conservative,"{""1.42e+07"":1}"
manifestos_social_ideology_852,1100005611,As long as people leave the cities to occupy new houses built on green fields there can be no prospect of an urban revival.,Con,2001,Conservative,"{""1.42e+07"":1}"
manifestos_social_ideology_853,1080005121,"We will introduce an effeict Patient's Charter, including rights to hospital treatment within a specified time, a choice of GP, guaranteed access to health records, and a comprehensive no-fault compensation scheme.",LD,1992,Liberal,"{""1.51e+07"":-1}"
manifestos_social_ideology_854,10007901,They will suffer permanent disadvantage if they remain in linguistic and cultural ghettos.,Con,1987,Liberal,"{""1.24e+07"":-1,""1.53e+07"":-1,""1.80e+07"":0,""1.81e+07"":-1,""1.86e+07"":-1,""1.98e+07"":-1,""1131056"":-1,""2.06e+07"":-1,""2.11e+07"":-1,""2.13e+07"":-1,""2.14e+07"":1,""37796"":1,""8893451"":-1}"
manifestos_social_ideology_855,1160000811,That is why in this manifesto we set ourselves an ambitious goal: to make Britain the most family-friendly country in Europe.,Con,2010,Liberal,"{""1.30e+07"":-1}"
manifestos_social_ideology_856,1080007961,It will lead to a better choice of candidates and ensure that more women and candidates from minority ethnic communities are elected.,LD,1992,Liberal,"{""1.10e+07"":-1,""1.42e+07"":-1,""1.51e+07"":-1,""1.68e+07"":-1}"
manifestos_social_ideology_857,1120014161,Whitehall. Our civil ser vice is world-renowned for its independence.,Lab,2001,Liberal,"{""1.51e+07"":-1}"
manifestos_social_ideology_858,40007941,Persistent house burglars and dealers in hard drugs will receive mandatory minimum prison sentences of 3 and 7 years respectively.,Con,1997,Conservative,"{""1.10e+07"":-1,""1.18e+07"":1,""1.22e+07"":1,""1.24e+07"":1,""1.30e+07"":1,""1.32e+07"":1,""1.40e+07"":1,""1.41e+07"":1,""1.42e+07"":1,""1.49e+07"":1,""1.52e+07"":1,""1.57e+07"":1,""1.58e+07"":1,""1.74e+07"":1,""1.75e+07"":1,""1.80e+07"":1,""1.85e+07"":1,""1.88e+07"":1,""1.89e+07"":1,""1.93e+07"":1,""1.98e+07"":1,""1.99e+07"":1,""2.00e+07"":1,""2.01e+07"":1,""2.03e+07"":1,""2.05e+07"":1,""2.06e+07"":1,""2.07e+07"":1,""2.08e+07"":1,""2.09e+07"":1,""2.10e+07"":1,""2.11e+07"":1,""2.12e+07"":1,""2.13e+07"":1,""2.14e+07"":1,""2.17e+07"":1,""2.18e+07"":1,""2.20e+07"":1,""37796"":1,""5112203"":1,""5643547"":1,""5983773"":1,""5993386"":1,""5995438"":1,""6223785"":1,""714020"":1,""7918256"":1,""8382218"":1,""886"":1,""8968750"":1,""9458742"":1}"
manifestos_social_ideology_859,1170003781,The NHS often feels too remote and complex.,LD,2010,Liberal,"{""1.51e+07"":-1,""3626598"":-1}"
manifestos_social_ideology_860,1130003881,"Conservatives support the cause of reform in Europe and we will co-operate with all those who wish to see the EU evolve in a more flexible, liberal and decentralised direction.",Con,2005,Conservative,"{""2.00e+07"":1}"
manifestos_social_ideology_861,1110002151,Maintain the key role of Local Education Authorities in providing education and guaranteeing standards and in co-ordinating vital services such as the provision of Special Educational Needs.,LD,2001,Conservative,"{""1.30e+07"":1}"
manifestos_social_ideology_862,50007451,Make EU institutions more democratic and accountable.,LD,1997,Liberal,"{""2.10e+07"":-1,""2.13e+07"":-1}"
manifestos_social_ideology_863,1070010181,Good health requires more than good NHS care when people are sick.,Con,1992,Liberal,"{""1.42e+07"":-1}"
manifestos_social_ideology_864,1120012771,"By 2004, Labour pledges 300 new prosecutors, including specialists in areas like serious and organised crime, paid on a level playing field with the defence.",Lab,2001,Conservative,"{""1.10e+07"":1,""1.42e+07"":1,""1.93e+07"":1,""2.05e+07"":1}"
manifestos_social_ideology_865,1080006671,We will push for the extension of EC race discrimination legislation and ensure that the rights of black and Asian British citizens are respected throughout the EC.,LD,1992,Liberal,"{""1.53e+07"":-1,""1.82e+07"":-1,""1.93e+07"":-1,""6342862"":-1}"
manifestos_social_ideology_866,1120011501,"Before 1997, social exclusion was ignored.",Lab,2001,Liberal,"{""1.42e+07"":-1,""1.51e+07"":-1,""1.68e+07"":-1}"
manifestos_social_ideology_867,1130001401,"Instead of disrupting the education of others, difficult pupils will be given the chance to get their lives back on track in special Turnaround Schools.",Con,2005,Liberal,"{""1.30e+07"":-1,""1.51e+07"":-1}"
manifestos_social_ideology_868,60000071,The means will be modern'.,Lab,1997,Liberal,"{""1.32e+07"":-1}"
manifestos_social_ideology_869,1080003031,"Air Pollution Index. Air pollution threatens the health of millions of people - particularly children, elderly people and anyone with a respiratory problem such as asthma.",LD,1992,Liberal,"{""1.42e+07"":-1}"
manifestos_social_ideology_870,30003541,"Equality for Ethnic Minorities. All the people of this country - whatever their race, colour or religion - must enjoy the full rights of citizenship.",Lab,1987,Liberal,"{""1.49e+07"":-1,""1.52e+07"":-1,""1.93e+07"":-1,""1.98e+07"":-1,""2.00e+07"":-1,""2.08e+07"":-1,""2.09e+07"":-1,""2.11e+07"":-1,""2.12e+07"":-1,""2.13e+07"":-1,""2.14e+07"":-1,""4680678"":-1,""5112203"":-1,""8382218"":-1,""8836799"":-1,""8968750"":-1,""946983"":-1}"
manifestos_social_ideology_871,1130001941,"In response to local demand, hospitals will have the flexibility to increase the number of individual rooms and invest in infection control teams.",Con,2005,Liberal,"{""1.88e+07"":-1}"
manifestos_social_ideology_872,60001511,Nursery places for all four year-olds ,Lab,1997,Liberal,"{""1.58e+07"":-1,""1.90e+07"":-1,""2.02e+07"":-1,""2.07e+07"":-1,""2.10e+07"":-1,""2.12e+07"":-1,""2.14e+07"":-1,""5112203"":-1,""6422255"":0,""9015611"":-1}"
manifestos_social_ideology_873,20001441,The Alliance wants to see more women in Westminster.,LD,1987,Liberal,"{""1.24e+07"":-1,""1.52e+07"":-1,""1.98e+07"":-1,""2.09e+07"":-1,""2.11e+07"":-1,""2.13e+07"":-1,""2.14e+07"":-1,""313343"":-1,""5112203"":-1,""8968750"":0,""946983"":-1}"
manifestos_social_ideology_874,1160005431,"Protect childhood. Children should be allowed to grow up at their own pace, without excessive pressure placed on them by businesses.",Con,2010,Liberal,"{""1.51e+07"":-1}"
manifestos_social_ideology_875,10009551,a 50 per cent cut in strategic nuclear missiles,Con,1987,Liberal,"{""1.53e+07"":-1,""2.09e+07"":-1,""5112203"":-1}"
manifestos_social_ideology_876,1070006151,We will seek to provide greater access to personal records held by government.,Con,1992,Liberal,"{""1.53e+07"":-1,""1.86e+07"":-1,""2.09e+07"":-1,""9289597"":-1}"
manifestos_social_ideology_877,30003911,We uphold the principle that it is wrong for one country to dominate or threaten another.,Lab,1987,Liberal,"{""1.09e+07"":-1,""1.85e+07"":-1,""2.10e+07"":-1}"
manifestos_social_ideology_878,1110008321,"This will give two unrelated adults who wish to register a settled personal relationship legal rights, such as next-of-kin arrangements, which are at present only available to married couples.",LD,2001,Liberal,"{""1.10e+07"":-1,""1.30e+07"":-1,""1.41e+07"":-1,""1.93e+07"":-1,""1.95e+07"":-1}"
manifestos_social_ideology_879,1120006701,We reject a return to the 11-plus.,Lab,2001,Conservative,"{""2.04e+07"":1}"
manifestos_social_ideology_880,1130002171,That is why a Conservative Government will take action to tackle sexually transmitted infections (STIs).,Con,2005,Conservative,"{""1.51e+07"":1}"
manifestos_social_ideology_881,1180005011,We will expand specialised foster care for the most vulnerable children and the Care2Work programme for all care leavers.,Lab,2010,Liberal,"{""1.53e+07"":-1}"
manifestos_social_ideology_882,1150005431,From next year we are introducing biometric `ePassports'.,Lab,2005,Conservative,"{""1.41e+07"":1,""1.57e+07"":1}"
manifestos_social_ideology_883,1180004281,"The early years. Good play-based early learning gets children off to a flying start, so that they begin school ready to learn and achieve.",Lab,2010,Liberal,"{""1.84e+07"":-1}"
manifestos_social_ideology_884,1100001391,Conservatives will give the police new powers to crack down on drug dealers.,Con,2001,Conservative,"{""1.10e+07"":1,""1.41e+07"":1,""1.51e+07"":1,""1.57e+07"":1,""1.68e+07"":1}"
manifestos_social_ideology_885,1070007831,We will encourage them to participate in the Opportunity 2000 initiative.,Con,1992,Liberal,"{""1.40e+07"":-1,""1.52e+07"":-1}"
manifestos_social_ideology_886,1170004391,Children are also the main victims of family breakdown.,LD,2010,Liberal,"{""1.86e+07"":-1,""9492762"":-1}"
manifestos_social_ideology_887,40007111,"2,360 more constables have been recruited since the last election and the Government is giving Chief Officers the resources to recruit 5,000 police constables over the 3 years to 1999.",Con,1997,Conservative,"{""1.01e+07"":1,""1.09e+07"":1,""1.52e+07"":1,""1.59e+07"":1,""1.86e+07"":1,""1.93e+07"":1,""2.06e+07"":1,""2.13e+07"":1,""2.14e+07"":1,""5372456"":1,""6066983"":1,""7918256"":1,""7954010"":1,""7995027"":1}"
manifestos_social_ideology_888,1120007341,"We will build on its findings significantly to improve support for teachers in the classroom and in administrative tasks, so they can concentrate on their job.",Lab,2001,Liberal,"{""1.51e+07"":-1,""1.53e+07"":-1}"
manifestos_social_ideology_889,1170003841,"Empowering local communities to improve health services through elected Local Health Boards, which will take over the role of Primary Care Trust boards in commissioning care for local people, working in co-operation with local councils.",LD,2010,Liberal,"{""1.51e+07"":-1}"
manifestos_social_ideology_890,1110001751,"In secondary schools, classes are larger than they have been for twenty years.",LD,2001,Liberal,"{""1.42e+07"":-1}"
manifestos_social_ideology_891,40007101,"There are now about 16,000 more police officers than when we took office.",Con,1997,Conservative,"{""1.01e+07"":1,""1.09e+07"":1,""1.45e+07"":1,""1.52e+07"":1,""1.53e+07"":1,""1.58e+07"":1,""1.76e+07"":1,""1.81e+07"":1,""1.93e+07"":1,""2.00e+07"":1,""2.11e+07"":1,""2.12e+07"":1,""2.13e+07"":1,""3280015"":0,""5112203"":1,""7918256"":1,""7995027"":1,""8893451"":1}"
manifestos_social_ideology_892,1170001041,We must hand  on to our children a planet worth living on.,LD,2010,Liberal,"{""1.51e+07"":-1}"
manifestos_social_ideology_893,1140007171,"Only the opposition parties in the House of Lords, and some independent cross- benchers, saved the country from a regime of detention without trial, determined not by judges but by ministers.",LD,2005,Liberal,"{""1.63e+07"":-1,""1.68e+07"":-1}"
manifestos_social_ideology_894,1160006411,"To provide parents with the reassurance they need that their child is making progress, we will establish a simple reading test at the age of six.",Con,2010,Liberal,"{""1.51e+07"":-1}"
manifestos_social_ideology_895,1070008761,A reconstruction programme will end the degrading need for 'slopping out' by the end of 1994.,Con,1992,Liberal,"{""1.68e+07"":-1}"
manifestos_social_ideology_896,60000211,Some things the Conservatives got right.,Lab,1997,Liberal,"{""2.06e+07"":-1,""2.10e+07"":-1}"
manifestos_social_ideology_897,1150003381,"And parents should be central to the process of assessing school performance and driving improvement, as well as their vital role in promoting good behaviour and raising the quality of school meals (see chapter 4).",Lab,2005,Liberal,"{""1.51e+07"":-1}"
manifestos_social_ideology_898,1180011661,We believe that there is a case for reform of the laws concerning marriage to Roman Catholics and the primacy of male members of the Royal family.,Lab,2010,Liberal,"{""1.10e+07"":-1,""1.30e+07"":-1,""1.42e+07"":-1}"
manifestos_social_ideology_899,1170003301,"Local authorities will not run schools, but will have a central strategic role, including responsibility for oversight of school performance and fair admissions.",LD,2010,Conservative,"{""3626598"":1}"
manifestos_social_ideology_900,60007121,"No one can escape unhealthy water, polluted air or adverse climate change.",Lab,1997,Liberal,"{""1.20e+07"":-1,""2.05e+07"":-1,""2.11e+07"":-1,""2.14e+07"":-1,""6591328"":0,""7918256"":-1}"
manifestos_social_ideology_901,1150007421,In particular it must address the disadvantages faced by women.,Lab,2005,Liberal,"{""1.10e+07"":-1,""1.40e+07"":-1,""1.57e+07"":-1,""1.82e+07"":-1,""1.93e+07"":-1}"
manifestos_social_ideology_902,1120006051,"The job of government is also about ensuring that the enjoyment, excitement and inspiration of arts and sport come alive for everyone.",Lab,2001,Liberal,"{""1.30e+07"":-1}"
manifestos_social_ideology_903,1070016111,The Union has brought us strength both economically and politically.,Con,1992,Liberal,"{""1.88e+07"":-1}"
manifestos_social_ideology_904,1160006861,"And we will reform the police, giving them back their professional discretion - getting them out of police stations and onto the street, fighting and preventing crime - in return for making them truly accountable to the people they serve.",Con,2010,Conservative,"{""1.10e+07"":1,""1.51e+07"":1,""1.52e+07"":1,""1.87e+07"":1,""1.95e+07"":1}"
manifestos_social_ideology_905,40010651,"To preserve that stability in future - and the freedoms and rights of our citizens - we need to continue a process of evolution, not revolution.",Con,1997,Liberal,"{""1.45e+07"":1,""2.05e+07"":-1,""2.06e+07"":-1,""2.12e+07"":-1,""2.13e+07"":-1}"
manifestos_social_ideology_906,1110010371,Britain' influence should be used to fight for human rights and equitable and peaceful relationships between nations.,LD,2001,Liberal,"{""1.42e+07"":-1}"
manifestos_social_ideology_907,1090005651,We will offer everyone a the fair chance. Stronger sex and race discrimination laws will ensure that organisations awarded government contracts take positive steps to promote equal treatment.,Lab,1992,Liberal,"{""1.10e+07"":-1,""1.51e+07"":-1,""1.68e+07"":-1,""1.87e+07"":-1,""1.93e+07"":-1}"
manifestos_social_ideology_908,1160007371,"engage with specialist organisations to provide education, mentoring and drug rehabilitation programmes to help young offenders go straight",Con,2010,Liberal,"{""1.52e+07"":-1,""1.57e+07"":-1,""1.87e+07"":-1,""2.03e+07"":-1}"
manifestos_social_ideology_909,1150005741,Waiting times are coming down and the survival rates for the biggest killers are improving.,Lab,2005,Liberal,"{""1.84e+07"":-1}"
manifestos_social_ideology_910,50007111,"We will expand access to mother-tongue teaching, for both adults and children, where this takes place through self-help and community groups.",LD,1997,Liberal,"{""1.09e+07"":-1,""1.16e+07"":-1,""1.17e+07"":0,""1.18e+07"":-1,""1.19e+07"":-1,""1.20e+07"":-1,""1.21e+07"":0,""1.24e+07"":-1,""1.30e+07"":-1,""1.34e+07"":-1,""1.42e+07"":-1,""1.45e+07"":-1,""1.46e+07"":-1,""1.49e+07"":-1,""1.51e+07"":-1,""1.52e+07"":-1,""1.53e+07"":-1,""1.57e+07"":-1,""1.58e+07"":-1,""1.63e+07"":-1,""1.66e+07"":-1,""1.68e+07"":-1,""1.74e+07"":-1,""1.80e+07"":-1,""1.81e+07"":-1,""1.83e+07"":-1,""1.87e+07"":-1,""1.88e+07"":-1,""1.93e+07"":-1,""1.95e+07"":0,""1.97e+07"":-1,""1.98e+07"":-1,""2.00e+07"":-1,""2.01e+07"":-1,""2.02e+07"":-1,""2.03e+07"":-1,""2.04e+07"":-1,""2.05e+07"":-1,""2.06e+07"":-1,""2.07e+07"":-1,""2.08e+07"":1,""2.09e+07"":-1,""2.10e+07"":-1,""2.11e+07"":-1,""2.12e+07"":-1,""2.13e+07"":-1,""2.14e+07"":-1,""2.20e+07"":-1,""5993386"":-1,""6340793"":-1,""6341364"":-1,""6349089"":-1,""6394076"":-1,""7918256"":-1,""8769423"":-1,""886"":-1}"
manifestos_social_ideology_911,1070000461,"We can encourage diversity, not division",Con,1992,Liberal,"{""1.40e+07"":-1,""1.52e+07"":-1,""1.57e+07"":-1}"
manifestos_social_ideology_912,1180007951,"The new biometric ID scheme which already covers foreign nationals will be offered to an increasing number of British citizens, but will not be compulsory for them.",Lab,2010,Conservative,"{""1.10e+07"":1,""1.40e+07"":1,""1.52e+07"":1,""1.57e+07"":1}"
manifestos_social_ideology_913,30002001,We will make nursery education available for all three- and four-year-olds whose parents want this opportunity.,Lab,1987,Liberal,"{""1.58e+07"":-1,""2.01e+07"":-1,""2.02e+07"":-1,""2.05e+07"":-1,""2.11e+07"":-1,""2.13e+07"":-1,""2.15e+07"":0,""4652872"":-1,""4680678"":-1,""5112203"":-1,""8968750"":-1}"
manifestos_social_ideology_914,50007061,We will: Strengthen action against discrimination.,LD,1997,Liberal,"{""1.09e+07"":-1,""1.10e+07"":-1,""1.13e+07"":-1,""1.19e+07"":-1,""1.24e+07"":-1,""1.42e+07"":-1,""1.45e+07"":-1,""1.51e+07"":-1,""1.52e+07"":-1,""1.53e+07"":-1,""1.57e+07"":-1,""1.68e+07"":-1,""1.73e+07"":-1,""1.80e+07"":0,""1.82e+07"":-1,""1.84e+07"":-1,""1.85e+07"":1,""1.87e+07"":-1,""1.88e+07"":-1,""1.89e+07"":0,""1.90e+07"":-1,""1.93e+07"":-1,""1.95e+07"":-1,""1.98e+07"":-1,""1879426"":1,""2.00e+07"":-1,""2.01e+07"":-1,""2.02e+07"":1,""2.03e+07"":-1,""2.04e+07"":-1,""2.05e+07"":-1,""2.06e+07"":1,""2.09e+07"":-1,""2.11e+07"":-1,""2.12e+07"":-1,""2.13e+07"":-1,""2.14e+07"":-1,""2.20e+07"":-1,""313343"":-1,""3559862"":-1,""3731467"":-1,""37796"":-1,""4917076"":-1,""5112203"":-1,""5751985"":-1,""6211982"":-1,""6342862"":-1,""8382218"":-1,""8836799"":-1,""8893451"":-1,""8968750"":-1,""946983"":-1,""961129"":-1}"
manifestos_social_ideology_915,1070000051,That principle underlies all the policies in this Manifesto.,Con,1992,Conservative,"{""1.63e+07"":1}"
manifestos_social_ideology_916,1080004691,The service will be monitored by specialists in the local inspection team and in HMI.,LD,1992,Liberal,"{""1.51e+07"":-1}"
manifestos_social_ideology_917,1120000871,So we chose to introduce a new system for teaching the basics in primary schools.,Lab,2001,Liberal,"{""1.80e+07"":-1,""2.20e+07"":-1}"
manifestos_social_ideology_918,60005291,Crackdown on petty crimes and neighbourhood disorder ,Lab,1997,Conservative,"{""1.10e+07"":1,""1.14e+07"":1,""1.18e+07"":1,""1.24e+07"":1,""1.26e+07"":1,""1.27e+07"":-1,""1.30e+07"":1,""1.34e+07"":1,""1.40e+07"":1,""1.42e+07"":1,""1.47e+07"":-1,""1.49e+07"":1,""1.51e+07"":1,""1.52e+07"":1,""1.53e+07"":1,""1.54e+07"":1,""1.57e+07"":1,""1.68e+07"":1,""1.81e+07"":1,""1.84e+07"":0,""1.86e+07"":-1,""1.87e+07"":0,""1.88e+07"":1,""1.91e+07"":1,""1.93e+07"":1,""1.98e+07"":1,""1054502"":1,""1131056"":1,""1837834"":-1,""2.02e+07"":1,""2.03e+07"":1,""2.04e+07"":1,""2.09e+07"":1,""2.10e+07"":-1,""2.11e+07"":1,""2.12e+07"":1,""2.13e+07"":1,""2.14e+07"":1,""2.16e+07"":1,""2.17e+07"":1,""2.20e+07"":1,""2361265"":1,""2785872"":1,""2793302"":1,""3246605"":1,""3307853"":1,""37796"":-1,""5108677"":1,""5112203"":1,""5270743"":1,""5536796"":1,""5537363"":-1,""5768369"":1,""6108007"":1,""6622539"":1,""7801795"":1,""7918256"":1,""8382218"":1,""874567"":-1,""8836799"":-1,""8893451"":1,""8968750"":1,""9723768"":1}"
manifestos_social_ideology_919,1070011281,"English Nature, which advises the Government on wildlife issues, has embarked on an ambitious programme to restore endangered species.",Con,1992,Liberal,"{""1.82e+07"":-1}"
manifestos_social_ideology_920,1160010551,"In addition, we will: review the governance arrangements for National Parks and AONB s to ensure that they are more accountable to local communities",Con,2010,Liberal,"{""1.51e+07"":-1}"
manifestos_social_ideology_921,1170000431,"This must be a moment of great change, so that we emerge from the recession as a fairer, greener, stronger and more united society.",LD,2010,Liberal,"{""3626598"":-1}"
manifestos_social_ideology_922,1090006471,Labour will promote environmentally sustainable development and encourage new approaches to reduce Third World debt.,Lab,1992,Liberal,"{""1.51e+07"":-1}"
manifestos_social_ideology_923,40007251,Mandatory drug testing has been introduced throughout the Prison Service.,Con,1997,Conservative,"{""1.19e+07"":0,""1.49e+07"":1,""1.52e+07"":1,""1.58e+07"":1,""1.75e+07"":1,""1.93e+07"":1,""2.09e+07"":1,""2.11e+07"":1,""2.12e+07"":-1,""2.13e+07"":1,""3280015"":1,""7918256"":1,""7995027"":1,""8382218"":1,""8893451"":-1}"
manifestos_social_ideology_924,1150000911,And public servants - from nurses to police officers - are better rewarded for their work.,Lab,2005,Liberal,"{""1.51e+07"":-1}"
manifestos_social_ideology_925,1080000331,We must change our political system to give the citizen more power and the government less,LD,1992,Liberal,"{""1.41e+07"":-1}"
manifestos_social_ideology_926,1110005041,But there has been too much focus on building new ones and not enough attention paid to the roads that already exist.,LD,2001,Liberal,"{""1.42e+07"":-1}"
manifestos_social_ideology_927,1130001521,We will end the snobbery that has damaged vocational education.,Con,2005,Liberal,"{""1.51e+07"":-1,""2.00e+07"":-1}"
manifestos_social_ideology_928,1120006781,The dramatic advances at primary level mean pupils will increasingly arrive at secondary school demanding the best.,Lab,2001,Liberal,"{""1.51e+07"":-1,""1.53e+07"":-1}"
manifestos_social_ideology_929,1090005811,Fair citizenship law. We will introduce fair immigration and citizenship laws which restore the right to British citizenship for every child born in Britain.,Lab,1992,Liberal,"{""1.10e+07"":-1,""1.51e+07"":-1,""1.52e+07"":-1}"
manifestos_social_ideology_930,1170000711,From that goal of fairness spring the four priorities which form the backbone of this manifesto.,LD,2010,Liberal,"{""1.42e+07"":-1,""1.82e+07"":-1}"
manifestos_social_ideology_931,1180004371,"Some voluntary and third-sector organisations already run networks of Centres, and we will now pioneer mutual federations running groups of local Children's Centres in the community interest.",Lab,2010,Liberal,"{""1.84e+07"":-1}"
manifestos_social_ideology_932,1090004231,The sale of replica guns will be banned.,Lab,1992,Conservative,"{""1.42e+07"":1,""1.68e+07"":1}"
manifestos_social_ideology_933,1120008951,"From 2002, Culture On-line will offer children and adults alike tailored access to our national collections and cultural activity over the internet.",Lab,2001,Liberal,"{""1.51e+07"":-1}"
manifestos_social_ideology_934,50006861,Make the legal system fairer to women.,LD,1997,Liberal,"{""1.09e+07"":-1,""1.10e+07"":-1,""1.11e+07"":-1,""1.13e+07"":-1,""1.19e+07"":-1,""1.24e+07"":-1,""1.30e+07"":-1,""1.37e+07"":-1,""1.40e+07"":-1,""1.42e+07"":-1,""1.44e+07"":-1,""1.45e+07"":-1,""1.49e+07"":-1,""1.51e+07"":-1,""1.52e+07"":-1,""1.53e+07"":-1,""1.55e+07"":0,""1.57e+07"":-1,""1.59e+07"":-1,""1.68e+07"":-1,""1.81e+07"":-1,""1.84e+07"":-1,""1.86e+07"":-1,""1.87e+07"":-1,""1.89e+07"":-1,""1.93e+07"":-1,""1.95e+07"":-1,""120118"":-1,""2.00e+07"":-1,""2.01e+07"":-1,""2.03e+07"":0,""2.05e+07"":-1,""2.06e+07"":-1,""2.07e+07"":-1,""2.08e+07"":-1,""2.09e+07"":-1,""2.10e+07"":-1,""2.11e+07"":-1,""2.12e+07"":1,""2.13e+07"":-1,""2.14e+07"":-1,""2.20e+07"":-1,""247085"":-1,""2793302"":-1,""5647650"":-1,""5993386"":-1,""6331196"":-1,""6339908"":-1,""6340562"":-1,""6355305"":-1,""7881274"":-1,""7918256"":-1,""8382218"":-1,""886"":-1,""9614934"":-1}"
manifestos_social_ideology_935,1110010611,Support the International Criminal Court.,LD,2001,Liberal,"{""1.10e+07"":-1}"
manifestos_social_ideology_936,1070006041,We are determined to ensure that women in the work-force realise their full potential.,Con,1992,Liberal,"{""1.52e+07"":-1,""1.57e+07"":-1,""1.68e+07"":-1,""2.03e+07"":-1}"
manifestos_social_ideology_937,1140002151,"By putting the two together, children and students can learn about caring for the environment by seeing green projects in real action in their own school or college.",LD,2005,Liberal,"{""1.17e+07"":-1,""1.68e+07"":-1}"
manifestos_social_ideology_938,1130000071,Conservatives know that governments don't have all the answers.,Con,2005,Conservative,"{""1.80e+07"":1}"
manifestos_social_ideology_939,1110000191,Government works best as an enabler.,LD,2001,Conservative,"{""1.82e+07"":1}"
manifestos_social_ideology_940,60005651,We will create a new offence of racial harassment and a new crime of racially motivated violence to protect ethnic minorities from intimidation.,Lab,1997,Liberal,"{""1.01e+07"":-1,""1.19e+07"":-1,""1.24e+07"":-1,""1.45e+07"":-1,""1.49e+07"":-1,""1.54e+07"":-1,""1.81e+07"":-1,""1.85e+07"":1,""1.86e+07"":-1,""2.00e+07"":-1,""2.07e+07"":-1,""2.10e+07"":1,""2.11e+07"":-1,""2.14e+07"":-1,""568434"":-1,""6066983"":-1,""6211982"":-1,""6591328"":-1,""8382218"":-1}"
manifestos_social_ideology_941,1090005561,Convictions will no longer be possible on uncorroborated confession evidence.,Lab,1992,Liberal,"{""1.10e+07"":-1,""1.51e+07"":-1,""1.53e+07"":-1,""1.57e+07"":-1,""1.68e+07"":-1,""1.71e+07"":-1,""1.74e+07"":-1,""1.82e+07"":-1,""1.86e+07"":-1,""2.08e+07"":-1,""2.09e+07"":-1,""2.11e+07"":-1,""2.13e+07"":-1}"
manifestos_social_ideology_942,1120012031,Anti-social behaviour was unchecked.,Lab,2001,Conservative,"{""1.42e+07"":1,""1.51e+07"":1,""1.57e+07"":1,""1.93e+07"":1}"
manifestos_social_ideology_943,20004981,tackle discrimination against disabled people through our proposed new Bill of Rights and the Human Rights Commission,LD,1987,Liberal,"{""1.11e+07"":-1,""1.13e+07"":-1,""1.58e+07"":-1,""1.81e+07"":-1,""1.83e+07"":-1,""1.88e+07"":0,""1.98e+07"":-1,""2.01e+07"":-1,""2.06e+07"":-1,""2.09e+07"":-1,""2.10e+07"":-1,""2.13e+07"":-1,""5112203"":-1,""714020"":1,""8836799"":-1,""8968750"":-1}"
manifestos_social_ideology_944,20008381,We aim to join the nations which lead the field in environmental protection instead of trailing amongst the last.,LD,1987,Liberal,"{""1.09e+07"":-1,""1.32e+07"":-1,""1.55e+07"":-1,""2.00e+07"":-1,""2.10e+07"":1,""2.13e+07"":-1}"
manifestos_social_ideology_945,1100000911,The people who are most likely to realise that a school has problems are not officials in a distant bureaucracy but the parents of children at the school.,Con,2001,Liberal,"{""1.51e+07"":-1}"
manifestos_social_ideology_946,1180004221,The quality of teaching is the best ever and teachers have the status and respect they deserve.,Lab,2010,Liberal,"{""1.42e+07"":-1}"
manifestos_social_ideology_947,1100006231,Labour even promoted a bogus new culture - 'Cool Britannia' - in an attempt to supplant the culture and identity which has shaped us.,Con,2001,Conservative,"{""1.30e+07"":1}"
manifestos_social_ideology_948,1120013411,"Asylum seekers and their dependants whose claims are rejected will be removed from Britain with the aim of more than 30,000 in 2003-04.",Lab,2001,Conservative,"{""1.42e+07"":1,""1.57e+07"":1,""1.63e+07"":1,""1.68e+07"":1,""1.93e+07"":1}"
manifestos_social_ideology_949,1110007771,Separate Church and State.,LD,2001,Liberal,"{""1.30e+07"":-1,""1.42e+07"":-1}"
manifestos_social_ideology_950,60001201,They are real.,Lab,1997,Conservative,"{""1.90e+07"":1}"
manifestos_social_ideology_951,1160006371,give teachers the strongest possible protection from false accusations,Con,2010,Liberal,"{""1.84e+07"":-1}"
manifestos_social_ideology_952,1080005721,Amend the provision of the Asylum Bill.,LD,1992,Liberal,"{""1.10e+07"":-1,""1.51e+07"":-1,""1.52e+07"":-1,""1.68e+07"":-1,""1.71e+07"":-1,""1.74e+07"":-1,""1.93e+07"":-1,""2.08e+07"":-1,""2.11e+07"":0,""2.13e+07"":-1}"
manifestos_social_ideology_953,1150009811,Our towns and cities are being energised by sports and culture and as they are regenerated the quality of life for all is transformed.,Lab,2005,Liberal,"{""1.82e+07"":-1}"
manifestos_social_ideology_954,1150004601,We are ready to go further.,Lab,2005,Conservative,"{""1.40e+07"":1,""1.52e+07"":1,""2.05e+07"":1}"
manifestos_social_ideology_955,1120007131,"Local education authorities will focus on supporting school improvement, especially weak and failing schools, and delivering services that cannot be provided by individual schools.",Lab,2001,Liberal,"{""1.53e+07"":-1}"
manifestos_social_ideology_956,40007891,"Prison works - not only as a deterrent, but in keeping these criminals off the street.",Con,1997,Conservative,"{""1.05e+07"":1,""1.06e+07"":1,""1.10e+07"":1,""1.13e+07"":1,""1.15e+07"":1,""1.19e+07"":1,""1.21e+07"":1,""1.24e+07"":1,""1.26e+07"":1,""1.27e+07"":1,""1.30e+07"":1,""1.33e+07"":0,""1.40e+07"":1,""1.42e+07"":1,""1.45e+07"":1,""1.47e+07"":1,""1.52e+07"":1,""1.53e+07"":1,""1.57e+07"":1,""1.63e+07"":1,""1.68e+07"":1,""1.75e+07"":1,""1.76e+07"":1,""1.80e+07"":1,""1.81e+07"":1,""1.82e+07"":1,""1.84e+07"":1,""1.87e+07"":1,""1.88e+07"":1,""1.93e+07"":1,""1.98e+07"":1,""157833"":-1,""1707404"":1,""1837834"":1,""1954947"":1,""2.00e+07"":1,""2.03e+07"":1,""2.04e+07"":1,""2.05e+07"":1,""2.06e+07"":1,""2.07e+07"":1,""2.08e+07"":-1,""2.09e+07"":1,""2.10e+07"":1,""2.11e+07"":1,""2.12e+07"":1,""2.13e+07"":-1,""2.14e+07"":1,""2361265"":1,""2785872"":1,""2793302"":1,""2849677"":-1,""3280015"":1,""3307853"":1,""5108677"":1,""5112203"":-1,""5372456"":1,""5501199"":1,""5537363"":-1,""5647650"":1,""568434"":1,""5768369"":1,""6002241"":1,""6066983"":1,""6112471"":1,""6342862"":1,""714020"":1,""787803"":1,""7918256"":1,""7995027"":1,""8382218"":1,""8757469"":1,""8893451"":1,""8968750"":1,""9299392"":1,""9703085"":-1,""9703593"":1,""9888671"":1}"
manifestos_social_ideology_957,1110010601,"Work with Britain' partners in the Commonwealth to make it more effective in promoting conflict resolution, good governance and democratic values.",LD,2001,Liberal,"{""1.95e+07"":-1}"
manifestos_social_ideology_958,30002961,We will replace present strip-searching practice with more effective and acceptable security measures.,Lab,1987,Liberal,"{""1.11e+07"":-1,""1.74e+07"":0,""1.81e+07"":-1,""1.98e+07"":-1,""2.01e+07"":-1,""2.06e+07"":-1,""2.12e+07"":1,""2.13e+07"":-1,""4680678"":-1,""5112203"":-1,""8968750"":-1,""946983"":-1,""9703593"":-1}"
manifestos_social_ideology_959,1150004361, and anti-social behaviour.,Lab,2005,Conservative,"{""1.40e+07"":1,""1.52e+07"":1,""1.68e+07"":1,""1.87e+07"":1}"
manifestos_social_ideology_960,1150000401,This is the foundation stone of new Labour.,Lab,2005,Liberal,"{""1.84e+07"":-1}"
manifestos_social_ideology_961,1120008171,"By the end of 2005 every hospital appointment will be booked for the convenience of the patient, making it easier for patients and their GP to choose the hospital and consultant that best suits their needs.",Lab,2001,Liberal,"{""1.73e+07"":-1}"
manifestos_social_ideology_962,1160005981,This will tie newly-qualified dentists into the NHS for five years and allow dentists to fine people who consistently miss appointments.,Con,2010,Liberal,"{""1.51e+07"":-1}"
manifestos_social_ideology_963,1120011581,By 2004 we are pledged to reduce teenage pregnancy by 15 per cent.,Lab,2001,Liberal,"{""1.10e+07"":-1,""1.42e+07"":-1,""2.01e+07"":-1}"
manifestos_social_ideology_964,1110008271,We will also create a separate Human Rights Commission to safeguard human rights.,LD,2001,Liberal,"{""1.10e+07"":-1,""1.30e+07"":-1,""1.82e+07"":-1,""2.03e+07"":-1,""6355305"":-1}"
manifestos_social_ideology_965,1150003871,For some this will be in mainstream schools,Lab,2005,Liberal,"{""1.63e+07"":-1}"
manifestos_social_ideology_966,1080007151,Make the Commission more accountable.,LD,1992,Liberal,"{""1.63e+07"":-1}"
manifestos_social_ideology_967,1140000931,"When you have a heart attack or a serious accident, and are rushed to hospital, no one wants to know that if they could have had the choice there's a hospital fifty miles away with better funding and better equipment.",LD,2005,Liberal,"{""1.42e+07"":-1}"
manifestos_social_ideology_968,1120013821,"However, in other parts of the country there may be a stronger sense of regional identity and a desire for a regional political voice.",Lab,2001,Conservative,"{""1.95e+07"":1}"
manifestos_social_ideology_969,1160010321,We will promote high animal welfare standards and ensure that government procures locally-produced food wherever possible.,Con,2010,Liberal,"{""1.51e+07"":-1}"
manifestos_social_ideology_970,1110008501,Protect privacy.,LD,2001,Liberal,"{""1.86e+07"":-1,""6342862"":-1}"
manifestos_social_ideology_971,1150005681,2005: Less than four hours in A&E for 97 per cent of patients.,Lab,2005,Liberal,"{""1.84e+07"":-1}"
manifestos_social_ideology_972,10007291,The maximum penalties for trafficking in hard drugs and for attempted rape have been raised to life imprisonment.,Con,1987,Conservative,"{""1.06e+07"":1,""1.10e+07"":1,""1.11e+07"":1,""1.12e+07"":1,""1.13e+07"":1,""1.18e+07"":1,""1.27e+07"":1,""1.30e+07"":1,""1.32e+07"":1,""1.40e+07"":1,""1.42e+07"":1,""1.43e+07"":1,""1.47e+07"":1,""1.49e+07"":1,""1.52e+07"":1,""1.53e+07"":1,""1.54e+07"":1,""1.57e+07"":1,""1.58e+07"":1,""1.68e+07"":1,""1.73e+07"":1,""1.74e+07"":1,""1.75e+07"":1,""1.76e+07"":-1,""1.81e+07"":1,""1.82e+07"":1,""1.83e+07"":1,""1.85e+07"":1,""1.86e+07"":1,""1.87e+07"":1,""1.88e+07"":1,""1.89e+07"":1,""1.93e+07"":1,""1.94e+07"":1,""1.95e+07"":1,""1.97e+07"":1,""1.98e+07"":1,""1.99e+07"":1,""1054502"":1,""1951712"":1,""2.00e+07"":1,""2.01e+07"":1,""2.02e+07"":1,""2.03e+07"":1,""2.04e+07"":1,""2.05e+07"":1,""2.06e+07"":1,""2.07e+07"":1,""2.08e+07"":1,""2.09e+07"":1,""2.10e+07"":1,""2.11e+07"":1,""2.12e+07"":1,""2.13e+07"":1,""2.14e+07"":1,""2361265"":1,""2785872"":1,""3307853"":1,""4140173"":1,""4174314"":0,""4680678"":1,""5112203"":1,""5536796"":1,""5537363"":-1,""5768369"":1,""6066983"":1,""6161328"":1,""6340562"":1,""714020"":1,""7395284"":1,""7918256"":1,""8382218"":1,""8811111"":1,""8836799"":1,""8968750"":1,""946983"":1,""9492762"":1}"
manifestos_social_ideology_973,1160011141,"In addition, we will: create a National Security Adviser and a new National Resilience Team for Homeland Security",Con,2010,Conservative,"{""1.63e+07"":1}"
manifestos_social_ideology_974,1170005341,more than 60 per cent of the basic ecosystems that support life on Earth are being degraded or used unsustainably.,LD,2010,Liberal,"{""1.51e+07"":-1}"
manifestos_social_ideology_975,50005411,We cannot rebuild trust in politics without making government more open and accountable.,LD,1997,Liberal,"{""1.94e+07"":-1,""2.02e+07"":-1,""2.06e+07"":-1,""2.09e+07"":-1,""2.10e+07"":1,""2.12e+07"":-1,""5112203"":-1,""8836799"":-1}"
manifestos_social_ideology_976,1090005781,"As well as strengthening the race discrimination laws and extending the powers of the Commission for Racial Equality, we will press for similar laws throughout the European Community.",Lab,1992,Liberal,"{""1.10e+07"":-1,""1.40e+07"":-1,""1.52e+07"":-1,""1.57e+07"":-1}"
manifestos_social_ideology_977,1180005771,GPs will be encouraged to keep their patients healthy through exercise and healthy eating advice.,Lab,2010,Liberal,"{""1.53e+07"":-1}"
manifestos_social_ideology_978,50006321,We will legislate against discrimination on the grounds of age.,LD,1997,Liberal,"{""1.49e+07"":-1,""1.52e+07"":-1,""1.53e+07"":-1,""1.74e+07"":-1,""1.86e+07"":-1,""1.98e+07"":-1,""2.08e+07"":-1,""2.09e+07"":-1,""2.10e+07"":-1,""2.12e+07"":-1,""2785872"":-1,""5112203"":-1,""874567"":1}"
manifestos_social_ideology_979,1110002211,We will also promote school councils to give pupils a greater say in how their school is run.,LD,2001,Liberal,"{""1.42e+07"":-1}"
manifestos_social_ideology_980,1090002131,A critical task is to upgrade the skills of people in work.,Lab,1992,Liberal,"{""1.42e+07"":-1}"
manifestos_social_ideology_981,1080002901,"Clean up the cities. We will improve public transport, reduce traffic congestion, and encourage pedestrianisation and cycling schemes.",LD,1992,Liberal,"{""3731467"":-1}"
manifestos_social_ideology_982,1120012871,Rules of evidence. Our rules of evidence fail to trust the good sense of judges and jurors.,Lab,2001,Liberal,"{""1.51e+07"":-1,""1.57e+07"":-1}"
manifestos_social_ideology_983,1130002351,"It requires active community policing and a relentless focus on catching, convicting and punishing criminals.",Con,2005,Conservative,"{""1.30e+07"":1,""1.42e+07"":1,""1.73e+07"":1,""1.82e+07"":1,""1.93e+07"":1}"
manifestos_social_ideology_984,20008731,"Alongside this Programme for Government the Alliance is publishing manifestos for Scotland and Wales, setting out our policies on those issues which we believe should be dealt with by devolved power.",LD,1987,Liberal,"{""2.05e+07"":-1,""2.13e+07"":-1}"
manifestos_social_ideology_985,1180010241,We have made it far easier for everyone to recycle.,Lab,2010,Liberal,"{""1.84e+07"":-1}"
manifestos_social_ideology_986,1100001041,Freeing our universities. Our universities used to be the best in the world.,Con,2001,Liberal,"{""1.51e+07"":-1}"
manifestos_social_ideology_987,50007241,Stop discrimination.,LD,1997,Liberal,"{""1.04e+07"":-1,""1.10e+07"":-1,""1.14e+07"":-1,""1.18e+07"":-1,""1.19e+07"":-1,""1.26e+07"":0,""1.40e+07"":-1,""1.49e+07"":-1,""1.51e+07"":-1,""1.52e+07"":-1,""1.53e+07"":-1,""1.57e+07"":-1,""1.59e+07"":-1,""1.60e+07"":1,""1.61e+07"":-1,""1.63e+07"":-1,""1.68e+07"":-1,""1.74e+07"":-1,""1.82e+07"":-1,""1.86e+07"":-1,""1.87e+07"":-1,""1.93e+07"":-1,""1.98e+07"":-1,""1954947"":-1,""2.00e+07"":-1,""2.01e+07"":-1,""2.03e+07"":-1,""2.06e+07"":-1,""2.07e+07"":-1,""2.08e+07"":-1,""2.09e+07"":-1,""2.10e+07"":-1,""2.12e+07"":-1,""2.13e+07"":-1,""2.17e+07"":-1,""2.18e+07"":-1,""2.20e+07"":-1,""2793302"":-1,""37906"":-1,""6341364"":-1,""8382218"":-1,""9932120"":-1}"
manifestos_social_ideology_988,1120011441,"We are proud that, with Labour, care by qualified nurses will be made free to all, wherever it is received.",Lab,2001,Liberal,"{""1.42e+07"":-1,""1.51e+07"":-1}"
manifestos_social_ideology_989,1130004081,"Within the first month, we will start the recruitment of an extra 5,000 police officers each year.",Con,2005,Conservative,"{""1.40e+07"":1,""1.52e+07"":1,""1.57e+07"":1,""1.73e+07"":1,""1.93e+07"":1}"
manifestos_social_ideology_990,1160007541,"Instead of giving people more power over their lives, we have a government intent on taking it away.",Con,2010,Liberal,"{""1.87e+07"":-1}"
manifestos_social_ideology_991,1180005371,"The next stage of national renewal. Legally binding guarantees for patients including the right to cancer test results within one week of referral, and a maximum 18 weeks' wait for treatment or the offer of going private.",Lab,2010,Liberal,"{""1.84e+07"":-1,""6340562"":-1}"
manifestos_social_ideology_992,1150000201,"I have heard teachers in Bexley, Middlesbrough and Sheffield tell me  how they no longer have to work in crumbling classrooms without books and computers - and pupils show me, with pride, round their sparkling new school.",Lab,2005,Liberal,"{""1.16e+07"":-1}"
manifestos_social_ideology_993,1180005761,"Wherever necessary, we will act to protect children's health from tobacco, alcohol and sunbeds.",Lab,2010,Liberal,"{""1.53e+07"":-1,""1.82e+07"":-1}"
manifestos_social_ideology_994,1080006581,"We will place a statutory obligation on local authorities to provide a comprehensive youth service in partnership with the voluntary sector, and we will invest in leisure and recreation facilities.",LD,1992,Liberal,"{""1.93e+07"":-1}"
manifestos_social_ideology_995,1140005301,We can make sure that British arms exports neither encourage conflict nor assist repression.,LD,2005,Liberal,"{""1.85e+07"":-1}"
manifestos_social_ideology_996,40007951,We will restore honesty in sentencing by abolishing automatic early release.,Con,1997,Conservative,"{""1.10e+07"":1,""1.15e+07"":1,""1.27e+07"":1,""1.30e+07"":1,""1.40e+07"":1,""1.42e+07"":1,""1.49e+07"":1,""1.51e+07"":1,""1.52e+07"":1,""1.53e+07"":1,""1.54e+07"":1,""1.57e+07"":1,""1.59e+07"":1,""1.63e+07"":1,""1.68e+07"":1,""1.71e+07"":1,""1.74e+07"":1,""1.82e+07"":1,""1.83e+07"":0,""1.84e+07"":-1,""1.85e+07"":1,""1.86e+07"":1,""1.87e+07"":-1,""1.88e+07"":1,""1.93e+07"":1,""1.94e+07"":1,""1.98e+07"":1,""2.00e+07"":1,""2.01e+07"":1,""2.02e+07"":1,""2.04e+07"":1,""2.05e+07"":1,""2.06e+07"":1,""2.07e+07"":1,""2.08e+07"":1,""2.09e+07"":1,""2.10e+07"":1,""2.11e+07"":1,""2.12e+07"":1,""2.13e+07"":1,""2.14e+07"":1,""2793302"":1,""6422255"":1,""8382218"":1,""8836799"":1,""8893451"":1,""9932120"":1}"
manifestos_social_ideology_997,1120006711,The principles of inclusion and equality of opportunity remain central to our commitment to liberate the potential of every child.,Lab,2001,Liberal,"{""1.30e+07"":-1,""1.52e+07"":-1,""1.57e+07"":-1,""1.82e+07"":-1,""1.93e+07"":-1,""6342862"":-1}"
manifestos_social_ideology_998,1120007191,An Academy for Talented Youth will be established in partnership with a leading university to pioneer summer and other dedicated provision for those with special talents.,Lab,2001,Liberal,"{""1.51e+07"":-1}"
manifestos_social_ideology_999,1140000491,"Throughout this manifesto, we show how we can help achieve these aims through Britain playing a leading role in Europe and on the wider international stage, building effective global institutions and acting in accordance with international laws - because in an ever more globalised and interdependent world, isolation is in none of our interests.",LD,2005,Liberal,"{""1.73e+07"":-1}"
manifestos_social_ideology_1000,30004321,"We naturally, therefore, want to assist that process in every way possible.",Lab,1987,Liberal,"{""2.14e+07"":-1}"
manifestos_social_ideology_1001,1130002801,"So we will take back powers from Brussels to ensure national control of asylum policy, withdraw from the 1951 Geneva Convention, and work for modernised international agreements on migration.",Con,2005,Conservative,"{""1.87e+07"":1,""1.96e+07"":1}"
manifestos_social_ideology_1002,1130003741,A Conservative Government will strengthen our Armed Forces within NATO by spending £2.7 billion more than Labour on the front line by 2007-08.,Con,2005,Conservative,"{""1.57e+07"":1,""1.63e+07"":1,""1.88e+07"":1}"
manifestos_social_ideology_1003,1140002451,We will tackle excessive drinking by cracking down on licensees who serve people when clearly drunk or under-age.,LD,2005,Conservative,"{""1.40e+07"":1,""1.42e+07"":1,""1.52e+07"":1,""1.57e+07"":1}"
manifestos_social_ideology_1004,1100003631,Labour have lost confidence in our ability to govern ourselves.,Con,2001,Liberal,"{""1.13e+07"":-1}"
manifestos_social_ideology_1005,1100000931,"If the inspectors confirm their view, the school's management will have to be changed.",Con,2001,Conservative,"{""1.96e+07"":1}"
manifestos_social_ideology_1006,1080003201,We will set up an independent and powerful Environmental Protection Agency to work with the new European Environment Agency.,LD,1992,Liberal,"{""2.05e+07"":-1,""2.09e+07"":-1}"
manifestos_social_ideology_1007,1070008321,Police officers are entitled to the protection of the community they serve.,Con,1992,Conservative,"{""1.40e+07"":1,""1.51e+07"":1,""1.53e+07"":1,""1.68e+07"":1}"
manifestos_social_ideology_1008,1150003851,We have introduced parenting orders and fines and will continue to advocate truancy sweeps.,Lab,2005,Liberal,"{""1.73e+07"":-1}"
manifestos_social_ideology_1009,1180013141,improve police performance through online report cards and ensure failing forces are taken over by the best.,Lab,2010,Conservative,"{""1.10e+07"":1,""1.40e+07"":1,""1.52e+07"":1,""1.57e+07"":1}"
manifestos_social_ideology_1010,1070015841,"We attach great importance to the work of the Broadcasting Standards Council, which we set up under the 1990 Act.",Con,1992,Conservative,"{""1.57e+07"":1}"
manifestos_social_ideology_1011,40007671,Persistent juvenile offenders need to be properly punished.,Con,1997,Conservative,"{""1.19e+07"":1,""1.52e+07"":1,""1.53e+07"":1,""1.85e+07"":1,""1.98e+07"":1,""2.01e+07"":1,""2.02e+07"":1,""2.07e+07"":1,""2.08e+07"":1,""2.11e+07"":1,""2.12e+07"":1,""2.13e+07"":1,""2.14e+07"":1,""3280015"":1,""7918256"":1,""7995027"":1,""8382218"":1,""8769423"":1,""8968750"":1}"
manifestos_social_ideology_1012,1160006951,"We will introduce a series of early intervention measures, including grounding orders, to allow the police to use instant sanctions to deal with anti-social behaviour without criminalising young people unnecessarily.",Con,2010,Conservative,"{""1.10e+07"":1,""1.52e+07"":1,""1.61e+07"":1,""1.93e+07"":1,""5647650"":1}"
manifestos_social_ideology_1013,1180005061,The new Vetting and Barring system will protect children without being unduly burdensome or interfering in private family arrangements.,Lab,2010,Conservative,"{""1.57e+07"":1}"
manifestos_social_ideology_1014,1110003631,"Previous governments have concentrated a great deal on sending people to prison, but not nearly enough on what goes on once they are there.",LD,2001,Liberal,"{""1.10e+07"":-1,""1.30e+07"":-1,""1.40e+07"":-1,""1.41e+07"":-1,""1.42e+07"":-1}"
manifestos_social_ideology_1015,60009071,We will by statute incorporate the European Convention on Human Rights into UK law to bring these rights home and allow our people access to them in their national courts.,Lab,1997,Liberal,"{""1.18e+07"":-1,""1.24e+07"":-1,""1.52e+07"":-1,""1.83e+07"":0,""1.88e+07"":-1,""1.89e+07"":-1,""2.04e+07"":-1,""2.06e+07"":-1,""2.10e+07"":0,""2.13e+07"":-1,""568434"":-1}"
manifestos_social_ideology_1016,1150003921,We are determined to raise the status and quality of vocational education.,Lab,2005,Liberal,"{""1.13e+07"":-1,""1.53e+07"":-1,""6342862"":-1}"
manifestos_social_ideology_1017,20002251,"If not prosecuted within that period, they would be released.",LD,1987,Liberal,"{""1.10e+07"":-1,""1.11e+07"":-1,""1.13e+07"":0,""1.24e+07"":-1,""1.25e+07"":-1,""1.30e+07"":1,""1.32e+07"":-1,""1.35e+07"":-1,""1.42e+07"":-1,""1.45e+07"":-1,""1.47e+07"":-1,""1.51e+07"":-1,""1.52e+07"":-1,""1.57e+07"":-1,""1.63e+07"":-1,""1.68e+07"":0,""1.71e+07"":-1,""1.72e+07"":-1,""1.75e+07"":-1,""1.77e+07"":1,""1.81e+07"":-1,""1.82e+07"":-1,""1.83e+07"":-1,""1.89e+07"":-1,""1.93e+07"":-1,""1.95e+07"":0,""1.97e+07"":-1,""1.98e+07"":1,""1911075"":0,""2.00e+07"":-1,""2.02e+07"":-1,""2.04e+07"":-1,""2.05e+07"":-1,""2.06e+07"":1,""2.07e+07"":1,""2.08e+07"":0,""2.09e+07"":-1,""2.10e+07"":-1,""2.11e+07"":-1,""2.12e+07"":-1,""2.13e+07"":-1,""2.14e+07"":-1,""2.16e+07"":-1,""3307853"":-1,""3385164"":-1,""37796"":1,""5270743"":-1,""5452477"":-1,""6340562"":-1,""7918256"":-1,""7954010"":-1,""8382218"":-1,""8769423"":-1,""8968750"":-1}"
manifestos_social_ideology_1018,1070001021,"Last October in Harare, the Commonwealth took on a new role as a promoter of democracy the rule of law, and respect for individual freedoms.",Con,1992,Liberal,"{""1.41e+07"":-1}"
manifestos_social_ideology_1019,1070009451,We will not legalise any banned drugs.,Con,1992,Conservative,"{""1.41e+07"":1,""1.57e+07"":1,""1.68e+07"":1,""1.95e+07"":1}"
manifestos_social_ideology_1020,30003961,We support the human rights movement throughout the world.,Lab,1987,Liberal,"{""1.49e+07"":-1,""2.00e+07"":0,""2.06e+07"":-1,""2.12e+07"":-1,""4680678"":-1,""5112203"":-1,""8968750"":-1,""946983"":-1}"
manifestos_social_ideology_1021,60009921,Our armed forces are among the most effective in the world.,Lab,1997,Conservative,"{""2.05e+07"":1,""2.13e+07"":1}"
manifestos_social_ideology_1022,1110001741,The parents whose children were five in 1997 now see their nine year-olds suffering the consequences of this sleight of hand.,LD,2001,Liberal,"{""6355305"":-1}"
manifestos_social_ideology_1023,1170006721,A safe haven for those fleeing persecution. Britain has a responsibility to welcome refugees fleeing wars and persecution around the world.,LD,2010,Liberal,"{""1.10e+07"":-1,""1.82e+07"":-1,""1.93e+07"":-1,""1911075"":-1}"
manifestos_social_ideology_1024,1070006411,And we have always valued the important contribution made by the churches to our children's education.,Con,1992,Conservative,"{""1.51e+07"":1}"
manifestos_social_ideology_1025,1070009541,RESPONSIBILITY FOR OTHERS. Conservatives believe we have responsibility one for another.,Con,1992,Conservative,"{""1.40e+07"":1,""1.95e+07"":1}"
manifestos_social_ideology_1026,60007741,"We have advocated new measures to promote animal welfare, including a free vote in Parliament on whether hunting with hounds should be banned by legislation.",Lab,1997,Liberal,"{""1.18e+07"":-1,""1.53e+07"":-1,""1.86e+07"":-1,""2.08e+07"":0,""2.09e+07"":-1,""2.11e+07"":-1,""2.13e+07"":-1}"
manifestos_social_ideology_1027,1070013901,We will double the number of Safer Cities Schemes to cover 40 urban areas.,Con,1992,Conservative,"{""1.93e+07"":1}"
manifestos_social_ideology_1028,1160011561,"We will renew and reinforce our engagement with the rest of the world and build up British influence by deepening our alliances beyond Europe and the United States, not only diplomatically but in culture, education, commerce and security.",Con,2010,Liberal,"{""1.96e+07"":-1,""9289597"":-1}"
manifestos_social_ideology_1029,1170004821,Enhanced protection for animals. Liberal Democrats believe that ownership and use of animals is a responsibility that should not be abused.,LD,2010,Liberal,"{""1.42e+07"":-1,""6340562"":-1}"
manifestos_social_ideology_1030,1090006131,"Labour will work in the United Nations, the Commonwealth, the European Community and NATO to help bring about the peaceful reunification of Cyprus, on the federal basis advocated by the sovereign government of Cyprus.",Lab,1992,Liberal,"{""1.96e+07"":-1}"
manifestos_social_ideology_1031,1180000091,This programme for further national renewal meets the big challenges of the age.,Lab,2010,Liberal,"{""2.21e+07"":-1}"
manifestos_social_ideology_1032,1110008531,We will not introduce compulsory national identity cards.,LD,2001,Conservative,"{""1.30e+07"":1}"
manifestos_social_ideology_1033,1120007351,"We will: recruit 10,000 extra teachers and improve the adult:pupil ratio ",Lab,2001,Liberal,"{""1.93e+07"":-1,""6342862"":-1}"
manifestos_social_ideology_1034,1080004941,"Our aim is to ensure that individuals of all backgrounds and means can live free of the fear of sickness, poverty and crime.",LD,1992,Liberal,"{""1.57e+07"":-1,""1.82e+07"":-1,""1.86e+07"":-1}"
manifestos_social_ideology_1035,1150006921,We therefore intend to shift the balance significantly in their favour.,Lab,2005,Liberal,"{""1.84e+07"":-1}"
manifestos_social_ideology_1036,30003231,"Enhancing Rights, Increasing Freedom. Under the Conservatives, Britain has become a harsher place.",Lab,1987,Liberal,"{""1.13e+07"":-1,""1.58e+07"":-1,""1.75e+07"":-1,""1.83e+07"":-1,""1.87e+07"":-1,""1.98e+07"":-1,""2.01e+07"":-1,""2.13e+07"":-1,""2.14e+07"":-1,""4652872"":-1,""4680678"":-1,""5112203"":-1,""8273320"":-1,""8382218"":-1,""8968750"":-1,""946983"":-1}"
manifestos_social_ideology_1037,1160009941,Labour's failure on climate change has been stark.,Con,2010,Liberal,"{""1.51e+07"":-1}"
manifestos_social_ideology_1038,60009951,"But the security of Britain is best served in a secure world, so we should be willing to contribute to wider international peace and security both through the alliances to which we belong, in particular NATO and the Western European Union, and through other international organisations such as the UN and the Organisation for Security and Co-operation in Europe.",Lab,1997,Conservative,"{""1.69e+07"":1,""2.07e+07"":1,""2.09e+07"":1,""2.11e+07"":1,""2.14e+07"":1,""2.20e+07"":1,""6376956"":1}"
manifestos_social_ideology_1039,1090005581,We will encourage the expansion of voluntary advice centres and invest in better support for victims.,Lab,1992,Liberal,"{""1.40e+07"":-1,""1.57e+07"":-1}"
manifestos_social_ideology_1040,1080000031,"It simply tells the truth, the truth about what Liberal Democrats believe has to be done in order for Britain to succeed.",LD,1992,Liberal,"{""1.57e+07"":-1}"
manifestos_social_ideology_1041,1180007251,"Strengthening our communities, securing our borders. The challenge for Britain. To reduce the fear of crime by protecting frontline policing while making the police more responsive and accountable, and taking faster action on anti-social behaviour.",Lab,2010,Conservative,"{""1.10e+07"":1,""1.40e+07"":1,""1.52e+07"":1,""1.88e+07"":1,""1.93e+07"":1}"
manifestos_social_ideology_1042,60008341,An effective House of Commons. We believe the House of Commons is in need of modernisation and we will ask the House to establish a special Select Committee to review its procedures.,Lab,1997,Liberal,"{""2.13e+07"":-1}"
manifestos_social_ideology_1043,20001641,"People, particularly elderly people, live in fear in their homes and in the streets and women feel increasingly unable to go out at night.",LD,1987,Conservative,"{""1.24e+07"":1,""1.45e+07"":1,""1.53e+07"":1,""1.74e+07"":1,""1.86e+07"":1,""1.87e+07"":1,""2.00e+07"":1,""2.07e+07"":1,""2.08e+07"":0,""2.09e+07"":1,""2.12e+07"":1,""2.13e+07"":-1,""2.14e+07"":1,""313343"":1,""946983"":1}"
manifestos_social_ideology_1044,1180009481,We support an independent and world-class BBC at the heart of a vibrant public broadcasting system.,Lab,2010,Liberal,"{""1.42e+07"":-1,""1.86e+07"":-1}"
manifestos_social_ideology_1045,30000951,We will work with the police to get more police on the beat.,Lab,1987,Conservative,"{""1.45e+07"":-1,""1.52e+07"":-1,""1.98e+07"":1,""1054502"":1,""2.04e+07"":1,""2.08e+07"":0,""2.09e+07"":1,""2.12e+07"":1,""2.13e+07"":1,""2.14e+07"":1,""2785872"":1,""5536796"":1,""6066983"":-1,""7918256"":1,""7995027"":1,""8382218"":1,""946983"":1}"
manifestos_social_ideology_1046,1140001901,To deal with more persistent disruption schools will agree externally- monitored 'positive behaviour plans' with parents and pupils.,LD,2005,Conservative,"{""1.42e+07"":1,""1.53e+07"":1,""1.82e+07"":1,""2.01e+07"":1}"
manifestos_social_ideology_1047,1140002721,"Liberal Democrats led the call for an amendment to the laws on incitement to racial hatred, to criminalise those who use religious words as a pretext for race hate.",LD,2005,Liberal,"{""1.30e+07"":-1,""1.42e+07"":-1,""1.52e+07"":-1,""1.82e+07"":-1}"
manifestos_social_ideology_1048,1140005561,"But we need to make Europe work more effectively - through more democracy, more openness, less waste, and less bureaucracy.",LD,2005,Liberal,"{""1.82e+07"":-1,""2.00e+07"":-1}"
manifestos_social_ideology_1049,1150006781,"The killer diseases of the heart and the many forms of cancer are often the product of poor diet, lack of exercise and above all smoking.",Lab,2005,Liberal,"{""2.02e+07"":-1}"
manifestos_social_ideology_1050,1080008131,"Reform and strengthen local government, removing unnecessary tiers, restoring councils' independence and ensuring theyr are accountable to the people through a fair voting system.",LD,1992,Conservative,"{""1.88e+07"":1}"
manifestos_social_ideology_1051,1120014221,Labour offers opportunity with responsibility - the right combination for Britain in the 21st century.,Lab,2001,Conservative,"{""1.40e+07"":1}"
manifestos_social_ideology_1052,1180007761,"To tackle the binge drinking which can leave people reluctant to venture into town centres at night, we have banned irresponsible promotions and strengthened police and council powers to close down rowdy pubs and clubs, cracking down on under-age and public drinking.",Lab,2010,Conservative,"{""1.40e+07"":1,""1.42e+07"":1,""1.93e+07"":1,""2.01e+07"":1,""2.05e+07"":1}"
manifestos_social_ideology_1053,1140007011,It has got worse since Tony Blair became Prime Minister.,LD,2005,Conservative,"{""1.82e+07"":1}"
manifestos_social_ideology_1054,1110001351,Promote better access to services.,LD,2001,Liberal,"{""1.42e+07"":-1,""1.53e+07"":-1,""6342862"":-1}"
manifestos_social_ideology_1055,1150005591,"New control orders will enable police and security agencies to keep track on those they suspect of planning terrorist outrages including bans on who they can contact or meet, electronic tagging and curfew orders, and for those who present the highest risk, a requirement to stay permanently at home.",Lab,2005,Conservative,"{""1.41e+07"":1,""1.52e+07"":1,""1.82e+07"":1,""1.87e+07"":1,""2.05e+07"":1}"
manifestos_social_ideology_1056,1140002551,"We will create a co-ordinated UK Border Force to strengthen the country's borders against terrorism, people-trafficking and drug smuggling.",LD,2005,Conservative,"{""1.40e+07"":1,""1.42e+07"":1,""1.52e+07"":1,""1.73e+07"":1}"
manifestos_social_ideology_1057,60005511,We will implement an effective sentencing system for all the main offences to ensure greater consistency and stricter punishment for serious repeat offenders.,Lab,1997,Conservative,"{""1.18e+07"":1,""1.24e+07"":1,""1.35e+07"":1,""1.53e+07"":1,""1.87e+07"":1,""1.97e+07"":0,""1.98e+07"":1,""2.06e+07"":1,""2.07e+07"":1,""2.10e+07"":1,""2.11e+07"":1,""2.12e+07"":1,""2.13e+07"":1,""2793302"":1,""568434"":1,""6341364"":1,""8382218"":1}"
manifestos_social_ideology_1058,50007811,We will restrict the number of nuclear warheads on Trident to the same number as previously deployed on Polaris.,LD,1997,Conservative,"{""2.07e+07"":1}"
manifestos_social_ideology_1059,1120016021,"The Royal Commission on Environmental Pollution has said the UK will need to cut CO2 production by 60 per cent by 2050, so we need to press ahead with a radical agenda for the development of low carbon economic growth, embodied in our £700 million commitment to renewable energy.",Lab,2001,Liberal,"{""1.51e+07"":-1}"
manifestos_social_ideology_1060,1170004081,Cut red tape for putting on live music.,LD,2010,Liberal,"{""1.57e+07"":-1}"
manifestos_social_ideology_1061,1110000661,"Under the Conservatives, too many left and too few were trained and recruited.",LD,2001,Liberal,"{""1.53e+07"":-1,""1.80e+07"":-1}"
manifestos_social_ideology_1062,1090003721,We will create a new sense of community and social cohesion.,Lab,1992,Conservative,"{""2.05e+07"":1}"
manifestos_social_ideology_1063,1120013281,Immigration. People from abroad make a positive contribution to British society.,Lab,2001,Liberal,"{""1.42e+07"":-1,""1.57e+07"":-1,""1.93e+07"":-1,""1.95e+07"":-1}"
manifestos_social_ideology_1064,50007511,We therefore favour the wider application of majority voting.,LD,1997,Conservative,"{""6342862"":1}"
manifestos_social_ideology_1065,1150009281,Veterans. Labour has always recognised the sacrifice and bravery of our servicemen and women.,Lab,2005,Liberal,"{""1.57e+07"":-1}"
manifestos_social_ideology_1066,10007321,We have embarked on the biggest prison building and modernisation programme this century and increased staff numbers by almost a fifth.,Con,1987,Conservative,"{""1.03e+07"":1,""1.09e+07"":1,""1.10e+07"":1,""1.11e+07"":1,""1.27e+07"":1,""1.30e+07"":0,""1.31e+07"":1,""1.32e+07"":1,""1.40e+07"":1,""1.42e+07"":1,""1.45e+07"":1,""1.49e+07"":1,""1.51e+07"":1,""1.52e+07"":1,""1.53e+07"":1,""1.54e+07"":1,""1.57e+07"":1,""1.58e+07"":1,""1.68e+07"":1,""1.71e+07"":0,""1.74e+07"":0,""1.75e+07"":0,""1.76e+07"":1,""1.78e+07"":0,""1.80e+07"":1,""1.81e+07"":1,""1.82e+07"":1,""1.83e+07"":1,""1.86e+07"":1,""1.87e+07"":1,""1.90e+07"":1,""1.93e+07"":1,""1.95e+07"":0,""1.98e+07"":1,""1.99e+07"":1,""1171781"":1,""2.00e+07"":1,""2.01e+07"":1,""2.02e+07"":1,""2.03e+07"":1,""2.04e+07"":1,""2.05e+07"":-1,""2.06e+07"":1,""2.07e+07"":1,""2.08e+07"":1,""2.09e+07"":1,""2.10e+07"":-1,""2.11e+07"":1,""2.12e+07"":1,""2.13e+07"":1,""2.14e+07"":1,""2.20e+07"":1,""3307853"":1,""3393883"":1,""5993386"":1,""7918256"":1,""8382218"":1,""8811111"":1,""886"":1,""9458742"":1,""9932120"":1}"
manifestos_social_ideology_1067,1100007221,"Improvements to the overall security situation will inevitably bring about changes, but reductions in security will only be made on the basis of the prevailing terrorist threat.",Con,2001,Conservative,"{""1.10e+07"":1,""1.68e+07"":1,""1.95e+07"":1}"
manifestos_social_ideology_1068,40003991,We will ensure women have equal opportunities in education and the workplace.,Con,1997,Liberal,"{""1.03e+07"":-1,""1.15e+07"":-1,""1.21e+07"":-1,""1.24e+07"":-1,""1.86e+07"":-1,""2.02e+07"":-1,""2.09e+07"":0,""2.12e+07"":-1,""37796"":-1,""4568230"":0,""5983773"":-1,""7918256"":-1,""8968750"":-1,""946983"":-1,""9666339"":-1}"
manifestos_social_ideology_1069,40011621,and continue our war against drugs.,Con,1997,Conservative,"{""1.52e+07"":1,""1.53e+07"":1,""1.87e+07"":1,""2.00e+07"":0,""2.06e+07"":1,""2.10e+07"":1,""2.11e+07"":1,""2.13e+07"":1,""2.14e+07"":1,""3307853"":1,""3773194"":1,""5270743"":1,""7918256"":1,""7954010"":1,""8382218"":1}"
manifestos_social_ideology_1070,1130002561,A Conservative Government will place the highest possible priority on combating the threat from terrorism.,Con,2005,Conservative,"{""1.13e+07"":1,""1.30e+07"":1,""1.88e+07"":1,""2.00e+07"":1}"
manifestos_social_ideology_1071,1180005261,"Our aim is to continue the expansion of higher education, widening access still further, while ensuring that universities and colleges have a secure, long-term funding base that protects world-class standards in teaching and research.",Lab,2010,Liberal,"{""1.84e+07"":-1}"
manifestos_social_ideology_1072,1110000131,"So there is an environmental section in every chapter, a green thread binding together all our thinking.",LD,2001,Liberal,"{""1.42e+07"":-1}"
manifestos_social_ideology_1073,40011601,"A Safe and Civil Society. PUBLIC SAFETY: Support local police schemes to crack down on petty crime, and continue our funding for the installation of TV security cameras in town centres and public places that want them throughout the next parliament.",Con,1997,Conservative,"{""1.11e+07"":1,""1.27e+07"":-1,""1.53e+07"":1,""1.77e+07"":1,""1.93e+07"":1,""2.06e+07"":1,""2.12e+07"":1,""2.13e+07"":1,""2.14e+07"":1,""5270743"":-1,""6591328"":1,""7918256"":1,""7954010"":1,""7995027"":1,""8382218"":1,""9458742"":1}"
manifestos_social_ideology_1074,1100001091,Living safely. Common sense means having enough police to keep our streets safe and a criminal justice system that reflects our values rather than undermines them.,Con,2001,Conservative,"{""1.10e+07"":1,""1.40e+07"":1,""1.45e+07"":1,""1.57e+07"":1,""2.05e+07"":1}"
manifestos_social_ideology_1075,30002891,A separate Arts Council for Wales will be established and the development of the use and choice of the Welsh language will be encouraged.,Lab,1987,Liberal,"{""1954947"":-1,""2.06e+07"":-1,""2.10e+07"":-1,""2.11e+07"":-1,""2.14e+07"":-1,""4680678"":-1,""5112203"":-1,""8968750"":1}"
manifestos_social_ideology_1076,50007201,"Lesbians and gay men. In a free and tolerant society, discrimination on any grounds is unacceptable.",LD,1997,Liberal,"{""1.10e+07"":-1,""1.24e+07"":-1,""1.26e+07"":-1,""1.30e+07"":-1,""1.35e+07"":-1,""1.40e+07"":-1,""1.42e+07"":-1,""1.51e+07"":-1,""1.52e+07"":-1,""1.53e+07"":-1,""1.57e+07"":-1,""1.62e+07"":-1,""1.63e+07"":-1,""1.65e+07"":-1,""1.68e+07"":-1,""1.80e+07"":-1,""1.81e+07"":-1,""1.83e+07"":-1,""1.87e+07"":-1,""1.93e+07"":-1,""2.01e+07"":-1,""2.04e+07"":0,""2.05e+07"":-1,""2.09e+07"":-1,""2.10e+07"":0,""2.11e+07"":-1,""2.12e+07"":-1,""2.13e+07"":-1,""2.14e+07"":-1,""2.18e+07"":-1,""2.20e+07"":-1,""313343"":-1,""3559862"":-1,""3731467"":-1,""5112203"":-1,""5751985"":-1,""6340562"":-1,""6909651"":1,""7557336"":-1,""8382218"":-1,""8893451"":-1,""8968750"":-1,""9458742"":-1,""946983"":-1}"
manifestos_social_ideology_1077,1150009201," but when they are committed they will have the investment, strategy, training and preparation they need.",Lab,2005,Conservative,"{""1.40e+07"":1}"
manifestos_social_ideology_1078,1130003591,We will introduce a Bill to ensure honest labelling of food and stem the flow of expensive new regulation.,Con,2005,Conservative,"{""2.00e+07"":1}"
manifestos_social_ideology_1079,1130000081,"But if they govern with the right values, they can make a real difference.",Con,2005,Conservative,"{""2.00e+07"":1}"
manifestos_social_ideology_1080,1070010021,"We will ensure that, following maternity leave or a career break, all women working in the NHS, including those returning to nursing on a part-time or job-sharing basis, are able to return to work of a similar status or level to that which they left.",Con,1992,Liberal,"{""1.68e+07"":-1}"
manifestos_social_ideology_1081,30002951,We will promote discussions aimed at encouraging mutual confidence and eliminating conflict whilst ensuring that the respective identities and basic rights of both communities will be protected.,Lab,1987,Liberal,"{""2.08e+07"":-1,""2.11e+07"":-1,""2.12e+07"":-1,""2.14e+07"":-1,""4680678"":-1,""5112203"":-1,""8968750"":-1}"
manifestos_social_ideology_1082,1170002831,"They are the cornerstone of a fair society, opening up opportunities and providing support and help when needed.",LD,2010,Liberal,"{""3626598"":-1}"
manifestos_social_ideology_1083,1070008901,We are committed to enabling people with limited means to have access to legal services.,Con,1992,Liberal,"{""1.41e+07"":-1,""1.51e+07"":-1,""1.82e+07"":-1}"
manifestos_social_ideology_1084,40009251,Britain's Environment. Britain has an enviable track record in protecting our environment.,Con,1997,Liberal,"{""1.53e+07"":-1,""2.05e+07"":-1}"
manifestos_social_ideology_1085,1080008031,"We will maintain a second chamber as a Senate, primarily elected by the citizens of the nations and regions of the United Kingdom.",LD,1992,Conservative,"{""2.13e+07"":1}"
manifestos_social_ideology_1086,1160012301,"We will focus particularly on the rights of women, children and disabled people to access these services.",Con,2010,Liberal,"{""1.10e+07"":-1,""1.40e+07"":-1,""1.52e+07"":-1,""1.57e+07"":-1}"
manifestos_social_ideology_1087,50007371,Give Britain a leading role in reforming and strengthening the UN and other international institutions.,LD,1997,Conservative,"{""2.10e+07"":1}"
manifestos_social_ideology_1088,1140000511,Freedom.,LD,2005,Liberal,"{""1.73e+07"":-1,""1.88e+07"":-1}"
manifestos_social_ideology_1089,1130000371,For me the heart of politics is all about people - their hopes and aspirations.,Con,2005,Liberal,"{""1.13e+07"":-1}"
manifestos_social_ideology_1090,1080007381,Develop a pan-European security framework.,LD,1992,Conservative,"{""1.68e+07"":1}"
manifestos_social_ideology_1091,1100001121,Take persistent young offenders off our streets.,Con,2001,Conservative,"{""1.10e+07"":1,""1.30e+07"":1,""1.40e+07"":1,""1.52e+07"":1,""1.63e+07"":1,""1.93e+07"":1}"
manifestos_social_ideology_1092,40007641,This sends all the wrong signals to youngsters - particularly first time offenders - who then feel they can get away with crime.,Con,1997,Conservative,"{""1.19e+07"":1,""1.53e+07"":1,""1.74e+07"":1,""1.86e+07"":1,""1.96e+07"":1,""1.98e+07"":1,""2.01e+07"":1,""2.03e+07"":1,""2.08e+07"":-1,""2.09e+07"":1,""2.11e+07"":1,""3280015"":1,""7918256"":1,""7995027"":1,""9888671"":1,""9932120"":1}"
manifestos_social_ideology_1093,1070013101,"Conservatives councils in shires, districts and cities have been at the forefront of these reforms.",Con,1992,Conservative,"{""1.47e+07"":1}"
manifestos_social_ideology_1094,1110003341,This scheme will help to meet our aim of creating a network of named local police officers for every community.,LD,2001,Conservative,"{""1.53e+07"":1,""1.82e+07"":1,""2.01e+07"":1,""6342862"":1}"
manifestos_social_ideology_1095,1070007901,individuals to peace of mind,Con,1992,Conservative,"{""2.01e+07"":1,""2.05e+07"":1}"
manifestos_social_ideology_1096,1170007491,"We want to see a fair and open political system, with power devolved to all the nations, communities, neighbourhoods and peoples of Britain.",LD,2010,Liberal,"{""1.84e+07"":-1}"
manifestos_social_ideology_1097,1120016201,"The key is to use our strengths of history and geography to engage with other countries, not retreat.",Lab,2001,Liberal,"{""2.00e+07"":-1}"
manifestos_social_ideology_1098,1170006101,Hold a full judicial inquiry into allegations of British complicity in torture and state kidnapping as part of a process to restore Britain's reputation for decency and fairness.,LD,2010,Liberal,"{""1.82e+07"":-1,""1.93e+07"":-1,""1.96e+07"":-1}"
manifestos_social_ideology_1099,10004871,The Conservative Party is the party of law and order.,Con,1987,Conservative,"{""1.24e+07"":1,""1.45e+07"":1,""1.52e+07"":1,""1.88e+07"":1,""2.06e+07"":1,""2.09e+07"":1,""2.11e+07"":1,""2.12e+07"":1,""2.13e+07"":1,""313343"":1,""3559862"":1,""946983"":1}"
manifestos_social_ideology_1100,1130002151,And anyone settling permanently here from outside the EU will have to demonstrate that they have an acceptable standard of health and that they are unlikely to impose significant costs or demands on Britain's health system.,Con,2005,Conservative,"{""1.68e+07"":1,""2.14e+07"":1,""2.20e+07"":1}"
manifestos_social_ideology_1101,1070006141,We will review the 80 or so statutory restrictions which exist on the disclosure of information - retaining only those needed to protect privacy and essential confidentiality.,Con,1992,Liberal,"{""1.13e+07"":-1,""1.68e+07"":-1,""5647650"":-1}"
manifestos_social_ideology_1102,10007201,"But Government must give a lead: by backing, not attacking the police",Con,1987,Conservative,"{""1.05e+07"":1,""1.10e+07"":1,""1.11e+07"":1,""1.12e+07"":-1,""1.13e+07"":-1,""1.14e+07"":1,""1.18e+07"":1,""1.40e+07"":1,""1.42e+07"":1,""1.43e+07"":1,""1.45e+07"":1,""1.46e+07"":1,""1.49e+07"":1,""1.52e+07"":-1,""1.53e+07"":1,""1.54e+07"":1,""1.55e+07"":-1,""1.57e+07"":1,""1.58e+07"":1,""1.59e+07"":1,""1.74e+07"":0,""1.75e+07"":1,""1.76e+07"":1,""1.80e+07"":1,""1.81e+07"":1,""1.83e+07"":0,""1.84e+07"":-1,""1.85e+07"":1,""1.87e+07"":1,""1.88e+07"":1,""1.93e+07"":1,""1.94e+07"":0,""1.96e+07"":1,""1.98e+07"":1,""1.99e+07"":1,""1886681"":1,""1951712"":1,""2.00e+07"":1,""2.01e+07"":1,""2.02e+07"":1,""2.03e+07"":1,""2.04e+07"":0,""2.05e+07"":1,""2.06e+07"":-1,""2.07e+07"":1,""2.08e+07"":1,""2.09e+07"":0,""2.10e+07"":1,""2.11e+07"":-1,""2.12e+07"":-1,""2.13e+07"":1,""2.14e+07"":1,""2.15e+07"":1,""2.16e+07"":1,""2.18e+07"":1,""2.19e+07"":1,""37796"":1,""4917076"":1,""5013710"":1,""5643547"":1,""5993386"":1,""6340562"":1,""6342862"":1,""6460048"":1,""7918256"":1,""8382218"":1,""886"":1,""9778413"":1,""9818159"":1}"
manifestos_social_ideology_1103,1180012531,"Human rights and democracy are a central feature of our foreign policy for a simple reason - we believe human rights are universal, and it is the job of strong and mature democracies to support the development of free societies everywhere - while upholding our own legal and moral obligations.",Lab,2010,Liberal,"{""1.10e+07"":-1,""1.57e+07"":-1,""1.84e+07"":-1}"
manifestos_social_ideology_1104,1070009421,We now have the toughest sanctions in Western Europe against drug traffickers.,Con,1992,Conservative,"{""1.10e+07"":1,""1.21e+07"":1,""1.40e+07"":1,""1.57e+07"":1,""1.68e+07"":1}"
manifestos_social_ideology_1105,40009441,"British music, films, television, fashion, art and food are winning plaudits the world oven.",Con,1997,Liberal,"{""2.11e+07"":-1}"
manifestos_social_ideology_1106,1120001071,We learnt in the 1980s that looking after number one was not enough;,Lab,2001,Liberal,"{""1.51e+07"":-1}"
manifestos_social_ideology_1107,1070009211,Racial and sexual discrimination have no place in our society.,Con,1992,Liberal,"{""1.10e+07"":-1,""1.41e+07"":-1,""1.82e+07"":-1,""2.01e+07"":-1}"
manifestos_social_ideology_1108,40010641,Radical changes that alter the whole character of our constitutional balance could unravel what generations of our predecessors have created.,Con,1997,Conservative,"{""2.02e+07"":1,""2.09e+07"":1}"
manifestos_social_ideology_1109,1100007231,Conservatives will not countenance any measure that weakens the ability of the police and army to uphold the rule of law and protect the people of Northern Ireland against terrorism.,Con,2001,Conservative,"{""1.10e+07"":1,""1.30e+07"":1,""1.68e+07"":1,""1.88e+07"":1,""1.95e+07"":1}"
manifestos_social_ideology_1110,1130003041,The House of Commons needs to be made more capable of standing up to the executive.,Con,2005,Liberal,"{""1.13e+07"":-1,""1.43e+07"":-1}"
manifestos_social_ideology_1111,1130001501,"We will slim down and improve the National Curriculum, root out political correctness, restore rigour and give teachers the scope once again to be creative and imaginative.",Con,2005,Liberal,"{""1.51e+07"":-1}"
manifestos_social_ideology_1112,1120010761,Children who need new families will be placed within 12 months by 2004.,Lab,2001,Liberal,"{""1.42e+07"":-1}"
manifestos_social_ideology_1113,1100000971,We will provide choice and high standards in schools.,Con,2001,Conservative,"{""1.51e+07"":1}"
manifestos_social_ideology_1114,1150003601,"Over time all specialist schools will become extended schools, with full programmes of after-school activities.",Lab,2005,Conservative,"{""1.42e+07"":1}"
manifestos_social_ideology_1115,1180006101,We will ensure all leading drugs available internationally are assessed by NICE and those which are deemed effective will be available within six months of referral.,Lab,2010,Liberal,"{""1.53e+07"":-1}"
manifestos_social_ideology_1116,50003611,Wage war on drug abuse.,LD,1997,Conservative,"{""1.15e+07"":1,""1.19e+07"":-1,""1.80e+07"":1,""1.81e+07"":1,""1.98e+07"":1,""2.00e+07"":1,""2.11e+07"":1,""2.12e+07"":1,""2.13e+07"":1,""2.15e+07"":1,""5112203"":-1,""8273320"":1,""8968750"":1,""9054964"":1,""946983"":1}"
manifestos_social_ideology_1117,1080004701,Enable education for life.,LD,1992,Liberal,"{""1.51e+07"":-1}"
manifestos_social_ideology_1118,1130002401,When criminals are caught they should be punished properly.,Con,2005,Conservative,"{""1.30e+07"":1,""1.51e+07"":1,""1.57e+07"":1,""1.93e+07"":1,""1.95e+07"":1}"
manifestos_social_ideology_1119,50007131,We will ensure that immigration policy is non-discriminatory in its application.,LD,1997,Liberal,"{""1.01e+07"":-1,""1.10e+07"":-1,""1.15e+07"":-1,""1.19e+07"":-1,""1.22e+07"":-1,""1.24e+07"":-1,""1.26e+07"":-1,""1.30e+07"":-1,""1.32e+07"":-1,""1.35e+07"":-1,""1.40e+07"":-1,""1.42e+07"":-1,""1.51e+07"":-1,""1.52e+07"":-1,""1.57e+07"":-1,""1.58e+07"":-1,""1.65e+07"":-1,""1.68e+07"":-1,""1.76e+07"":-1,""1.81e+07"":-1,""1.82e+07"":-1,""1.83e+07"":-1,""1.86e+07"":-1,""1.87e+07"":-1,""1.88e+07"":-1,""1.93e+07"":-1,""1.95e+07"":-1,""1.97e+07"":-1,""1037861"":-1,""132058"":-1,""2.01e+07"":-1,""2.02e+07"":-1,""2.06e+07"":-1,""2.09e+07"":-1,""2.11e+07"":-1,""2.12e+07"":-1,""2.13e+07"":-1,""2.14e+07"":-1,""2793302"":-1,""4680678"":-1,""5112203"":-1,""568434"":-1,""6002241"":-1,""6320843"":-1,""6340793"":-1,""7801795"":1,""8188780"":-1,""8382218"":-1,""874567"":-1,""881561"":-1,""8836799"":-1,""8968750"":-1,""9054964"":-1,""9414315"":1,""946983"":-1}"
manifestos_social_ideology_1120,1080006501,"This will reinforce existing protection in British courts against discrimination on the grounds of sex, race, age, disability, religion or secual orientation.",LD,1992,Liberal,"{""1.10e+07"":-1,""1.41e+07"":-1,""1.52e+07"":-1,""1.76e+07"":-1,""2.01e+07"":-1}"
manifestos_social_ideology_1121,1150006941,The legislation will ensure that all restaurants will be smoke-free,Lab,2005,Liberal,"{""1.82e+07"":-1,""1.84e+07"":-1}"
manifestos_social_ideology_1122,60010301,We will make the protection and promotion of human rights a central part of our foreign policy.,Lab,1997,Liberal,"{""1.19e+07"":-1,""1.53e+07"":-1,""1.75e+07"":-1,""1054502"":1,""2.03e+07"":-1,""2.08e+07"":-1,""2.10e+07"":-1,""2.11e+07"":-1,""2.13e+07"":-1,""3098571"":-1,""9958248"":-1}"
manifestos_social_ideology_1123,1070015451,We have given strong support to the Sports Council and its efforts to raise participation in sport.,Con,1992,Liberal,"{""1.42e+07"":-1}"
manifestos_social_ideology_1124,1180011781,Our Armed Forces are serving with incredible courage and skill alongside representatives of more than 40 other nations.,Lab,2010,Conservative,"{""1.10e+07"":1}"
manifestos_social_ideology_1125,1080000381,"We believe that people are at their best as members of communities, where they care about each other and for those less fortunate than themselves.",LD,1992,Liberal,"{""1.18e+07"":-1,""1.47e+07"":-1,""1.53e+07"":-1,""1.74e+07"":-1,""1.86e+07"":-1,""2.09e+07"":-1,""2.13e+07"":-1}"
manifestos_social_ideology_1126,1140006831,"Cut lorry traffic, reduce pollution, and make towns and villages safer.",LD,2005,Liberal,"{""1.57e+07"":-1,""2.20e+07"":-1,""2.21e+07"":-1}"
manifestos_social_ideology_1127,1120013611,The TUPE regulations protect the rights of any transferred employees.,Lab,2001,Liberal,"{""1.10e+07"":-1,""1.42e+07"":-1,""1.53e+07"":-1}"
manifestos_social_ideology_1128,40009361,It is thanks to them that we have an excellent record in race relations.,Con,1997,Liberal,"{""1.24e+07"":-1,""1.52e+07"":-1,""2.08e+07"":-1,""2.11e+07"":-1,""2.13e+07"":-1,""5270743"":0,""6161328"":-1,""7918256"":-1}"
manifestos_social_ideology_1129,1120013051,"Our diverse nation. Labour believes that Britain can be a model of a multicultural, multi-racial society.",Lab,2001,Liberal,"{""1.51e+07"":-1,""1.52e+07"":-1,""1.57e+07"":-1,""1.68e+07"":-1,""1.93e+07"":-1}"
manifestos_social_ideology_1130,1140005031,Green Action. Tackle waste.,LD,2005,Liberal,"{""1.42e+07"":-1}"
manifestos_social_ideology_1131,1120011821,"Our next steps. An extra 6,000 police recruits raising police numbers to their highest ever level",Lab,2001,Conservative,"{""1.42e+07"":1,""1.51e+07"":1,""1.57e+07"":1,""1.68e+07"":1,""1.93e+07"":1}"
manifestos_social_ideology_1132,20001071,"We will establish a Human Rights Commission, which will take over the work of the Equal Opportunities and Racial Equality Commissions, and counter all discrimination on grounds of race, sex, creed, class, disability or sexual orientation.",LD,1987,Liberal,"{""1.24e+07"":-1,""1.45e+07"":-1,""1.47e+07"":-1,""1.49e+07"":-1,""1.58e+07"":-1,""1.59e+07"":-1,""1.80e+07"":-1,""1.81e+07"":-1,""1.98e+07"":-1,""2.01e+07"":-1,""2.06e+07"":-1,""2.11e+07"":-1,""2.14e+07"":-1,""313343"":0,""5112203"":-1,""5751985"":-1,""8382218"":-1,""946983"":-1}"
manifestos_social_ideology_1133,10007671,We have strengthened the effectiveness of the police in the fight against drug abuse.,Con,1987,Conservative,"{""1.01e+07"":1,""1.05e+07"":1,""1.10e+07"":1,""1.20e+07"":1,""1.21e+07"":1,""1.22e+07"":1,""1.24e+07"":1,""1.30e+07"":1,""1.31e+07"":1,""1.37e+07"":1,""1.40e+07"":1,""1.41e+07"":1,""1.42e+07"":1,""1.45e+07"":1,""1.49e+07"":1,""1.51e+07"":-1,""1.52e+07"":1,""1.54e+07"":1,""1.56e+07"":1,""1.57e+07"":1,""1.68e+07"":1,""1.73e+07"":1,""1.74e+07"":1,""1.75e+07"":1,""1.76e+07"":1,""1.81e+07"":1,""1.82e+07"":1,""1.88e+07"":1,""1.89e+07"":1,""1.90e+07"":1,""1.91e+07"":1,""1.93e+07"":1,""1.95e+07"":1,""1.98e+07"":1,""1.99e+07"":1,""1886681"":1,""2.00e+07"":1,""2.01e+07"":1,""2.02e+07"":1,""2.03e+07"":1,""2.04e+07"":1,""2.05e+07"":1,""2.06e+07"":1,""2.07e+07"":1,""2.08e+07"":1,""2.09e+07"":1,""2.11e+07"":1,""2.12e+07"":1,""2.13e+07"":1,""2.14e+07"":1,""2.17e+07"":1,""2.21e+07"":1,""3626598"":1,""4568230"":0,""5993386"":1,""7918256"":1,""8014024"":0,""8382218"":1,""886"":1}"
manifestos_social_ideology_1134,30003271,"In addition, we will take steps to ensure that homosexuals are not discriminated against.",Lab,1987,Liberal,"{""1.01e+07"":-1,""1.06e+07"":-1,""1.10e+07"":-1,""1.11e+07"":-1,""1.12e+07"":-1,""1.13e+07"":-1,""1.21e+07"":-1,""1.30e+07"":-1,""1.31e+07"":-1,""1.40e+07"":-1,""1.43e+07"":-1,""1.45e+07"":-1,""1.48e+07"":-1,""1.51e+07"":-1,""1.52e+07"":-1,""1.54e+07"":-1,""1.57e+07"":-1,""1.58e+07"":-1,""1.65e+07"":-1,""1.68e+07"":-1,""1.74e+07"":-1,""1.75e+07"":-1,""1.76e+07"":-1,""1.79e+07"":-1,""1.81e+07"":-1,""1.82e+07"":-1,""1.83e+07"":-1,""1.86e+07"":-1,""1.88e+07"":0,""1.93e+07"":-1,""1.95e+07"":-1,""1.96e+07"":-1,""1.97e+07"":-1,""1.98e+07"":-1,""1.99e+07"":-1,""120118"":-1,""2.00e+07"":-1,""2.01e+07"":-1,""2.02e+07"":-1,""2.04e+07"":-1,""2.05e+07"":-1,""2.06e+07"":-1,""2.07e+07"":-1,""2.08e+07"":-1,""2.09e+07"":-1,""2.10e+07"":-1,""2.11e+07"":-1,""2.12e+07"":-1,""2.13e+07"":-1,""2.14e+07"":-1,""2.19e+07"":-1,""2647839"":-1,""6341364"":-1,""6564635"":-1,""7918256"":-1,""8382218"":-1,""886"":-1}"
manifestos_social_ideology_1135,1070009131,We will increase the maximum penalties for making obscene or malicious phone calls.,Con,1992,Conservative,"{""1.10e+07"":1,""1.68e+07"":1,""1.95e+07"":1}"
manifestos_social_ideology_1136,1090005791,"We will not tolerate the present level of racial harassment and attacks, and will ensure that more effective protection is given to vulnerable groups.",Lab,1992,Liberal,"{""1.10e+07"":-1,""1.41e+07"":-1,""1.57e+07"":-1,""1.68e+07"":-1,""1.87e+07"":-1}"
manifestos_social_ideology_1137,1120013151,The UK now has the most comprehensive anti-discrimination legislation in Europe.,Lab,2001,Liberal,"{""1.42e+07"":-1,""1.57e+07"":-1,""1.68e+07"":-1}"
manifestos_social_ideology_1138,20001501,Acceptance that Northern Ireland should not cease to be a part of the UK unless a majority of the people of Northern Ireland so wish.,LD,1987,Liberal,"{""1.35e+07"":-1}"
manifestos_social_ideology_1139,1140005051,"As a first step, we will make sure that within seven years 60 per cent of all household waste is recycled and we will aim to offer every household regular kerbside recycling.",LD,2005,Liberal,"{""1.42e+07"":-1}"
manifestos_social_ideology_1140,1140001891,Our smaller class sizes will help reduce discipline problems.,LD,2005,Conservative,"{""1.42e+07"":1}"
manifestos_social_ideology_1141,1120008721,We are committed to finding ways to support the amateur sports clubs to which 5.6 million people now belong.,Lab,2001,Liberal,"{""1.30e+07"":-1}"
manifestos_social_ideology_1142,1170006741,"We will:  Take responsibility for asylum away from the Home Office and give it to a wholly independent agency, as has been successful in Canada.",LD,2010,Conservative,"{""1.10e+07"":1,""1.30e+07"":1,""1.42e+07"":1,""1.52e+07"":1,""1.87e+07"":0,""6340562"":1}"
manifestos_social_ideology_1143,1170008141,"Remove innocent people from the police DNA database and stop storing DNA from innocent people and children in the future, too.",LD,2010,Liberal,"{""1.30e+07"":-1,""1.40e+07"":-1,""1.42e+07"":-1,""1.53e+07"":-1,""1.93e+07"":-1}"
manifestos_social_ideology_1144,1140007841,Liberal Democrat plans will make sure that Britain achieves its targets from the Kyoto Protocol (the international agreement on the pollution that causes climate change) well before the deadline.,LD,2005,Liberal,"{""1.63e+07"":-1}"
manifestos_social_ideology_1145,1120014421,We are convinced of the science of global warming.,Lab,2001,Liberal,"{""1.51e+07"":-1}"
manifestos_social_ideology_1146,60002081,by supporting voluntary mentoring schemes to provide one-to-one support for disadvantaged pupils;,Lab,1997,Liberal,"{""1.27e+07"":-1,""1.53e+07"":-1,""1.86e+07"":-1,""1.89e+07"":-1,""1837834"":1,""2.08e+07"":1,""2.09e+07"":-1,""2.11e+07"":-1,""2.13e+07"":-1,""2.14e+07"":-1,""4660484"":-1,""6622539"":-1,""7801795"":-1}"
manifestos_social_ideology_1147,1160006151,We will turn the Department of Health into a Department for Public Health so that the promotion of good health and prevention of illness get the attention they need.,Con,2010,Liberal,"{""2.02e+07"":-1}"
manifestos_social_ideology_1148,1120015661,"Our aid is an investment to help countries put in place policies to raise the growth rate with greater equity, crack down on corruption, promote human rights, including for women and girls, and develop effective governance and democracy.",Lab,2001,Liberal,"{""1.30e+07"":-1,""1.40e+07"":-1,""1.57e+07"":-1}"
manifestos_social_ideology_1149,1110009561,We will also aim to preserve and increase the area of greenfield sites in the UK.,LD,2001,Liberal,"{""1.51e+07"":-1}"
manifestos_social_ideology_1150,1110009791,Europe needs a new agenda for reform.,LD,2001,Conservative,"{""2.20e+07"":1}"
manifestos_social_ideology_1151,1130002701,That is why a Conservative Government will bring immigration back under control.,Con,2005,Conservative,"{""1.30e+07"":1,""1.40e+07"":1,""1.51e+07"":1,""1.57e+07"":1,""1.82e+07"":1}"
manifestos_social_ideology_1152,1140006381,"This would establish conservation zones for highly sensitive areas and strengthen protection of commercial fish stocks, dolphins, porpoises and other endangered marine wildlife.",LD,2005,Liberal,"{""1.63e+07"":-1,""1.98e+07"":-1}"
manifestos_social_ideology_1153,1120008791,Arts. Thirty million people enjoy arts activities each year.,Lab,2001,Liberal,"{""1.98e+07"":-1}"
manifestos_social_ideology_1154,1080004961,"But we believe that people can realise their potential best not as isolated individuals, but as members of thriving and responsible communities.",LD,1992,Liberal,"{""1.76e+07"":-1,""1.86e+07"":-1}"
manifestos_social_ideology_1155,60002131,"We support the greatest possible integration into mainstream education of pupils with special educational needs, while recognising that specialist facilities are essential to meet particular needs.",Lab,1997,Liberal,"{""1.01e+07"":-1,""1.09e+07"":-1,""1.18e+07"":-1,""1.81e+07"":-1,""1.86e+07"":-1,""1.93e+07"":-1,""2.01e+07"":-1,""2.07e+07"":-1,""2.08e+07"":-1,""2.10e+07"":-1,""2.13e+07"":-1,""6340793"":-1}"
manifestos_social_ideology_1156,20001311,Incorporate the European Convention on Human Rights and its protocols into British law in a Bill of Rights.,LD,1987,Liberal,"{""1.24e+07"":-1,""1.75e+07"":-1,""1.89e+07"":1,""2.00e+07"":0,""2.10e+07"":-1,""2.11e+07"":-1,""2.13e+07"":-1,""2.14e+07"":-1,""313343"":-1,""5112203"":-1,""946983"":-1}"
manifestos_social_ideology_1157,10007801,"We now require visas for visitors from the Indian sub-continent, Nigeria and Ghana, both to protect genuine travellers and to guard against bogus visitors seeking to settle here illegally.",Con,1987,Conservative,"{""1.24e+07"":1,""1.49e+07"":1,""1.93e+07"":1,""2.08e+07"":-1,""2.14e+07"":1,""2361265"":1,""37796"":1,""5112203"":1,""8893451"":1}"
manifestos_social_ideology_1158,1150004271, teachers knowing that quality will be supported and rewarded,Lab,2005,Liberal,"{""1.84e+07"":-1}"
manifestos_social_ideology_1159,1070008631,We will introduce a new police power to make an arrest for breach of police bail.,Con,1992,Conservative,"{""1.41e+07"":1,""1.68e+07"":1,""1.93e+07"":1,""1.96e+07"":1,""2.03e+07"":1}"
manifestos_social_ideology_1160,1180003821,"Our regeneration policies have transformed previously neglected communities, and our great cities are among the best in the world.",Lab,2010,Conservative,"{""1.42e+07"":1}"
manifestos_social_ideology_1161,20000271,Issues would be judged on their merits.,LD,1987,Liberal,"{""1.43e+07"":1,""1.53e+07"":-1,""1.90e+07"":-1,""2.01e+07"":-1,""5536796"":-1,""6337523"":-1}"
manifestos_social_ideology_1162,1080004091,"We aim to create a first-class education system for all, not just by providing adequate publid funding, but also through reforms which increase choice and opportunities for each citizen.",LD,1992,Liberal,"{""2.01e+07"":-1}"
manifestos_social_ideology_1163,50006931,We will: Guarantee the rights of disabled people.,LD,1997,Liberal,"{""1.04e+07"":-1,""1.52e+07"":-1,""1.58e+07"":-1,""1.86e+07"":-1,""1.87e+07"":-1,""1.93e+07"":-1,""1.98e+07"":-1,""2.09e+07"":-1,""2.11e+07"":-1,""2.12e+07"":-1,""2.13e+07"":-1,""2.14e+07"":-1,""3307853"":-1,""5112203"":-1,""5768369"":1,""8382218"":-1,""9015611"":-1}"
manifestos_social_ideology_1164,1080007641,"Britain must play its part in developing prosperity, protecting the world environment, eradicating poverty, famine and disease, and promoting human rights and international cooperation.",LD,1992,Liberal,"{""1.65e+07"":-1,""2.20e+07"":-1}"
manifestos_social_ideology_1165,1080001061,"The number of teachers in nursery and primary education grew from 176,228 in 1986 to 193,516 in 1991.",LD,1992,Liberal,"{""2.01e+07"":-1}"
manifestos_social_ideology_1166,10007261,"The manpower available to the police has been increased by 16,500 since 1979.",Con,1987,Conservative,"{""1.24e+07"":1,""1.51e+07"":1,""1.52e+07"":1,""1.54e+07"":1,""1.59e+07"":1,""1.83e+07"":0,""1.87e+07"":1,""1.98e+07"":1,""2.01e+07"":1,""2.02e+07"":1,""2.03e+07"":1,""2.10e+07"":1,""2.12e+07"":1,""2.13e+07"":1,""37796"":1,""4342571"":1,""8382218"":1}"
manifestos_social_ideology_1167,1090005671,"In order to safeguard the rights of people with disabilities, we will appoint a Minister for the Disabled and extend anti-discrimination laws to cover this group.",Lab,1992,Liberal,"{""1.10e+07"":-1,""1.87e+07"":-1,""1.93e+07"":-1,""2.03e+07"":-1,""2.05e+07"":-1}"
manifestos_social_ideology_1168,1110011001,Step up the fight against HIV/AIDS.,LD,2001,Liberal,"{""1.10e+07"":-1,""1.30e+07"":-1,""1.82e+07"":-1}"
manifestos_social_ideology_1169,50007881,"Working for peace, security and sustainability. In an increasingly inter-dependent world, the security of a medium sized nation like Britain is best preserved within a framework of international law that is effective and enforceable.",LD,1997,Liberal,"{""1.53e+07"":-1,""2.09e+07"":-1}"
manifestos_social_ideology_1170,10009531,We strive with our allies to achieve balanced and verifiable agreements for: the elimination of medium-range nuclear missiles in Europe and preferably world-wide,Con,1987,Liberal,"{""1.35e+07"":-1}"
manifestos_social_ideology_1171,1150005841,In our third term we will make the NHS safe for a generation.,Lab,2005,Liberal,"{""1.84e+07"":-1}"
manifestos_social_ideology_1172,20005961,We will reduce the age of candidature to eighteen to enable young people to take a full part in local and central government.,LD,1987,Liberal,"{""1.05e+07"":-1,""1.53e+07"":-1,""1.59e+07"":-1,""1.89e+07"":-1,""1.98e+07"":-1,""2.07e+07"":-1,""2.10e+07"":-1,""2.13e+07"":-1,""2.14e+07"":-1,""5112203"":-1,""714020"":1}"
manifestos_social_ideology_1173,60000421,But there is another.,Lab,1997,Liberal,"{""2.13e+07"":-1}"
manifestos_social_ideology_1174,1120002161,provide a good-quality nursery place for every three-year-old ,Lab,2001,Liberal,"{""1.30e+07"":-1,""1.51e+07"":-1,""1.53e+07"":-1}"
manifestos_social_ideology_1175,40010061,We will retain Britain's veto and oppose further extension of qualified majority voting in order to ensure we can prevent policies that would be harmful to the national interest.,Con,1997,Conservative,"{""1.20e+07"":1,""1.81e+07"":1,""1.83e+07"":1,""2.12e+07"":1,""2.13e+07"":1,""5324079"":1}"
manifestos_social_ideology_1176,40007931,"Anyone convicted of a second serious sexual or violent crime, like rape or armed robbery, will get an automatic life sentence.",Con,1997,Conservative,"{""1.10e+07"":1,""1.17e+07"":1,""1.19e+07"":1,""1.30e+07"":1,""1.40e+07"":1,""1.41e+07"":1,""1.42e+07"":1,""1.45e+07"":1,""1.51e+07"":1,""1.52e+07"":1,""1.57e+07"":1,""1.59e+07"":1,""1.63e+07"":1,""1.68e+07"":1,""1.75e+07"":1,""1.76e+07"":1,""1.77e+07"":1,""1.80e+07"":1,""1.81e+07"":1,""1.87e+07"":1,""1.93e+07"":1,""1.94e+07"":1,""1.95e+07"":1,""1.97e+07"":1,""1.98e+07"":1,""1054502"":1,""2.01e+07"":1,""2.04e+07"":1,""2.06e+07"":1,""2.07e+07"":1,""2.08e+07"":1,""2.09e+07"":1,""2.10e+07"":1,""2.11e+07"":1,""2.12e+07"":1,""2.13e+07"":1,""2.14e+07"":1,""2.18e+07"":1,""2785872"":1,""3307853"":1,""37796"":1,""4140173"":1,""45190"":-1,""4680678"":1,""5112203"":1,""5536796"":1,""5537363"":-1,""5768369"":-1,""6066983"":1,""6161328"":1,""7395284"":1,""7424964"":1,""7918256"":1,""8382218"":1,""946983"":1,""9492762"":1,""9703593"":-1,""9932120"":1}"
manifestos_social_ideology_1177,1120008071,"Major conditions like cancer and heart disease will have priority, with all patients treated according to clinical urgency.",Lab,2001,Liberal,"{""1.51e+07"":-1}"
manifestos_social_ideology_1178,1140000271,We are by far the greenest of the three main UK political parties and this manifesto again confirms that fact.,LD,2005,Liberal,"{""1.51e+07"":-1}"
manifestos_social_ideology_1179,1120014061,"We are committed, through legislation, to allow each party to make positive moves to increase the representation of women.",Lab,2001,Liberal,"{""1.40e+07"":-1,""1.51e+07"":-1,""1.53e+07"":-1,""1.87e+07"":-1}"
manifestos_social_ideology_1180,1090005231,We will protect animals. We will reduce cruelty to animals within Britain and Europe.,Lab,1992,Liberal,"{""1.53e+07"":-1}"
manifestos_social_ideology_1181,1120005601,The rural school closure programme has been ended,Lab,2001,Liberal,"{""2.03e+07"":-1}"
manifestos_social_ideology_1182,1130000191,At this election there is a chance for us to be optimistic about our future again.,Con,2005,Liberal,"{""1.81e+07"":-1}"
manifestos_social_ideology_1183,1140007201,"Liberties, once lost, are rarely restored.",LD,2005,Liberal,"{""1.41e+07"":-1}"
manifestos_social_ideology_1184,1160002901,"To enable this to happen, we will: delay the implementation of the Research Excellence Framework so that it can be reviewed - because of doubts about whether there is a robust and acceptable way of measuring the impact of all research",Con,2010,Liberal,"{""1.51e+07"":-1}"
manifestos_social_ideology_1185,1160009831,"This is a Conservative vision for our future, and it is based on Conservative values.",Con,2010,Conservative,"{""1.57e+07"":1,""1.82e+07"":1,""1.87e+07"":1}"
manifestos_social_ideology_1186,1070008591,We will extend the maximum sentence for causing death through dangerous or drink driving.,Con,1992,Conservative,"{""1.40e+07"":1,""1.52e+07"":1,""1.53e+07"":1,""1.68e+07"":1,""1.71e+07"":1,""1.74e+07"":1,""1.86e+07"":1,""2.02e+07"":1,""2.03e+07"":1,""2.08e+07"":1,""2.09e+07"":1,""2.13e+07"":1}"
manifestos_social_ideology_1187,40009701,Britain will continue to deploy our outstanding Armed Forces as peacekeepers under the United Nations.,Con,1997,Conservative,"{""1.19e+07"":1,""2.14e+07"":1}"
manifestos_social_ideology_1188,1080004401,"Independent schools. We recognise the contribution to excellence which the best of these schools make, and the right of those who wish to pay for private education to do so, but this should not be subsidised from public resources.",LD,1992,Conservative,"{""2.01e+07"":1}"
manifestos_social_ideology_1189,1150007551,We will make the most of the opportunities of an older population by creating a new programme for older people to be mentors and coaches to gifted and talented young people.,Lab,2005,Liberal,"{""1.82e+07"":-1}"
manifestos_social_ideology_1190,1070008941,We are overhauling the way in which family matters are handled in our courts.,Con,1992,Liberal,"{""1.52e+07"":-1,""1.82e+07"":-1,""1.95e+07"":-1,""2.03e+07"":-1}"
manifestos_social_ideology_1191,1150007671,"2005: Universal, free, part-time nursery education for all three- and four-year-olds.",Lab,2005,Liberal,"{""1.51e+07"":-1}"
manifestos_social_ideology_1192,1070016211,"Scotland enjoys a rich and distinct tradition and her own institutions, which we have preserved and strengthened.",Con,1992,Liberal,"{""1.96e+07"":-1,""2.05e+07"":-1}"
manifestos_social_ideology_1193,1130002391,Giving local people a say over police priorities will lead to genuine neighbourhood policing with officers based in the locality clearly focused on zero tolerance.,Con,2005,Conservative,"{""1.30e+07"":1,""1.42e+07"":1,""1.93e+07"":1,""1.95e+07"":1,""2.00e+07"":1}"
manifestos_social_ideology_1194,1120002101,We will now: ensure every secondary school develops a distinctive mission including the expansion of specialist schools ,Lab,2001,Liberal,"{""1.53e+07"":-1}"
manifestos_social_ideology_1195,1170004961,And the battle for human rights remains to be fought in many countries.,LD,2010,Liberal,"{""1.10e+07"":-1,""1.51e+07"":-1}"
manifestos_social_ideology_1196,20000511,Government should take positive steps to ensure equal opportunities for women - who make up 52% of the population - and for minority groups such as the ethnic communities.,LD,1987,Liberal,"{""1.24e+07"":-1,""1.34e+07"":-1,""1.81e+07"":-1,""1.86e+07"":-1,""1.98e+07"":-1,""2.00e+07"":-1,""2.01e+07"":-1,""2.06e+07"":-1,""2.13e+07"":-1,""2.14e+07"":-1,""313343"":-1,""5112203"":-1,""5751985"":-1,""6591328"":-1,""7424964"":-1,""8273320"":-1,""8382218"":-1,""8968750"":-1}"
manifestos_social_ideology_1197,1170005651,"We will:  Hold an immediate Strategic Security and Defence Review (SSDR) to ensure that Britain deploys its resources to face the most serious threats to its citizens' security and well-being, including non-military challenges such as climate change.",LD,2010,Liberal,"{""1.82e+07"":-1}"
manifestos_social_ideology_1198,20001911,It would also limit the ever-increasing upward trend in sentencing.,LD,1987,Liberal,"{""1.06e+07"":-1,""1.09e+07"":-1,""1.10e+07"":1,""1.13e+07"":-1,""1.14e+07"":-1,""1.24e+07"":-1,""1.27e+07"":-1,""1.28e+07"":-1,""1.30e+07"":0,""1.40e+07"":1,""1.41e+07"":-1,""1.42e+07"":-1,""1.51e+07"":0,""1.52e+07"":1,""1.53e+07"":0,""1.57e+07"":-1,""1.68e+07"":1,""1.73e+07"":-1,""1.76e+07"":-1,""1.90e+07"":-1,""1.93e+07"":-1,""1.98e+07"":-1,""2.00e+07"":-1,""2.01e+07"":1,""2.03e+07"":-1,""2.06e+07"":-1,""2.07e+07"":-1,""2.08e+07"":-1,""2.09e+07"":-1,""2.11e+07"":-1,""2.13e+07"":1,""2.14e+07"":-1,""2884040"":-1,""313343"":-1,""3559862"":-1,""4680678"":-1,""5112203"":-1,""5280406"":-1,""6340562"":-1,""6909651"":1,""7918256"":-1,""7954010"":-1,""8382218"":-1,""8893451"":-1,""8968750"":-1,""946983"":-1}"
manifestos_social_ideology_1199,1080004991, to provide health care free at the point of delivery and regardless of ability to pay.,LD,1992,Liberal,"{""1.53e+07"":-1,""1.68e+07"":-1,""6342862"":-1}"
manifestos_social_ideology_1200,50005341,The problem: People know that British politics isn't working.,LD,1997,Liberal,"{""2.14e+07"":-1}"
manifestos_social_ideology_1201,1160004831,These policies will give new powers and rights to neighbourhood groups: the 'little platoons' of civil society - and the institutional building blocks of the Big Society.,Con,2010,Liberal,"{""1.51e+07"":-1}"
manifestos_social_ideology_1202,60001401,being clear-headed about the country's future;,Lab,1997,Liberal,"{""1.32e+07"":-1}"
manifestos_social_ideology_1203,1170003481,Start discussions with universities and schools about the design of a trial scheme whereby the best students from the lowest achieving schools are guaranteed a place in Higher Education.,LD,2010,Liberal,"{""1.10e+07"":-1}"
manifestos_social_ideology_1204,1120016661,10 Free access to national museums and galleries,Lab,2001,Liberal,"{""1.42e+07"":-1}"
manifestos_social_ideology_1205,1100001131,Criminals to serve the sentence given by the court.,Con,2001,Conservative,"{""1.10e+07"":1,""1.40e+07"":1,""1.51e+07"":1,""1.57e+07"":1,""1.68e+07"":1}"
manifestos_social_ideology_1206,1120012921,"In the light of the Auld report, we will consider whether the defence should do so too.",Lab,2001,Conservative,"{""1.10e+07"":1,""1.42e+07"":1}"
manifestos_social_ideology_1207,1150000031,"Every chapter relates back to that goal: breaking down the barriers that stop people fulfilling their talent, extending opportunity to every corner of the United Kingdom, building communities strong and safe for those who play by the rules.",Lab,2005,Liberal,"{""1.57e+07"":-1,""1.84e+07"":-1}"
manifestos_social_ideology_1208,20007481,The Commission will include fair representation from animal welfare organisations as well as users.,LD,1987,Liberal,"{""1.42e+07"":-1,""1.59e+07"":-1,""1.86e+07"":-1,""1.93e+07"":-1,""2.06e+07"":-1,""2.13e+07"":-1,""2.14e+07"":-1,""8382218"":1}"
manifestos_social_ideology_1209,10009301,"That policy would abandon the defence policy followed by every British government, Labour or Conservative, since the Second World War.",Con,1987,Conservative,"{""2.08e+07"":1}"
manifestos_social_ideology_1210,20008351,Our aim is a society in which values other than the purely economic are recognised and valued.,LD,1987,Liberal,"{""2.04e+07"":0,""2.05e+07"":-1,""2.11e+07"":-1,""2.13e+07"":-1,""2.14e+07"":-1,""2056455"":-1,""3307853"":-1,""5536796"":-1,""5537363"":1,""6772245"":-1,""7918256"":-1}"
manifestos_social_ideology_1211,40007781,We support police initiatives to target the hard core of persistent criminals.,Con,1997,Conservative,"{""1.27e+07"":1,""1.47e+07"":1,""1.59e+07"":1,""1.80e+07"":1,""1.81e+07"":1,""1.85e+07"":1,""1.98e+07"":1,""2.00e+07"":1,""2.02e+07"":1,""2.06e+07"":1,""2.12e+07"":-1,""2.13e+07"":1,""2.14e+07"":1,""5372456"":-1,""7918256"":1,""7995027"":1,""8382218"":1,""8893451"":1}"
manifestos_social_ideology_1212,10009771,"No democracy has a better record than Britain in standing up to the terrorists, who threaten the most basic values of civilised life.",Con,1987,Conservative,"{""1.20e+07"":1,""1.49e+07"":1,""2.10e+07"":1,""2.13e+07"":1,""2.14e+07"":1,""3720860"":1,""5112203"":1}"
manifestos_social_ideology_1213,1070009341,THE DANGER OF DRUGS. Illegal drug abuse poses a major threat to the fabric of our society.,Con,1992,Conservative,"{""1.68e+07"":1,""1.95e+07"":1,""2.05e+07"":1}"
manifestos_social_ideology_1214,20001091,We will open up opportunities for women at work and in public life.,LD,1987,Liberal,"{""1.24e+07"":-1,""1.49e+07"":-1,""1.52e+07"":-1,""1.81e+07"":-1,""1.98e+07"":-1,""2.00e+07"":-1,""2.06e+07"":1,""2.10e+07"":-1,""2.12e+07"":-1,""2.13e+07"":-1,""2.14e+07"":-1,""313343"":-1,""5112203"":-1,""6340793"":-1,""6591328"":-1,""8382218"":-1,""8968750"":-1,""946983"":-1}"
manifestos_social_ideology_1215,1150004421,The new Labour case. The modern world offers freedoms and opportunities unheralded a generation ago.,Lab,2005,Liberal,"{""1.41e+07"":-1}"
manifestos_social_ideology_1216,1150010481, A new National Internet Safety Unit to make Britain the safest place in the world to access the internet.,Lab,2005,Liberal,"{""1.82e+07"":-1}"
manifestos_social_ideology_1217,40007291,"We have stepped up the fight against drugs and organised crime, giving the Security Service powers to support the police and Customs and Excise in tracking down the serious criminals.",Con,1997,Conservative,"{""1.45e+07"":1,""1.49e+07"":1,""1.80e+07"":1,""1.81e+07"":1,""1.87e+07"":0,""1.98e+07"":1,""2.00e+07"":0,""2.06e+07"":1,""2.10e+07"":1,""2.13e+07"":1,""2.14e+07"":1,""7918256"":1,""7954010"":1,""7995027"":1,""8382218"":1,""9888671"":1}"
manifestos_social_ideology_1218,30002131,We will ensure that more adults have access to higher education to give them the 'second chance' of personal development.,Lab,1987,Liberal,"{""1.53e+07"":-1,""1.71e+07"":-1,""1.74e+07"":-1,""1.86e+07"":-1,""2.08e+07"":-1,""2.09e+07"":-1,""2.10e+07"":-1,""2.11e+07"":-1,""2.13e+07"":0,""4680678"":-1,""5112203"":-1,""8968750"":-1,""9458742"":1,""9703593"":-1}"
manifestos_social_ideology_1219,1100007241,"Restoring faith in politics. At a time when the Government has interfered as never before in everyone's lives, they have abandoned any pretence of accountability.",Con,2001,Conservative,"{""1.30e+07"":1}"
manifestos_social_ideology_1220,1090005501,Individuals must be able to control personal information about themselves.,Lab,1992,Liberal,"{""1.68e+07"":-1}"
manifestos_social_ideology_1221,30001061,"They will include: A Minister for Women, with a place in the Cabinet.",Lab,1987,Liberal,"{""1.32e+07"":-1,""1.75e+07"":-1,""1.87e+07"":-1,""2.00e+07"":-1,""2.07e+07"":-1,""2.08e+07"":-1,""2.10e+07"":-1,""2.11e+07"":-1,""2.13e+07"":-1,""2785872"":-1}"
manifestos_social_ideology_1222,20001381,We will open up opportunities for women in public life by securing equal representation of women on all appointed bodies within a decade.,LD,1987,Liberal,"{""1.01e+07"":-1,""1.24e+07"":-1,""1.52e+07"":-1,""1.85e+07"":-1,""1.93e+07"":-1,""2.00e+07"":-1,""2.06e+07"":-1,""2.09e+07"":0,""2.12e+07"":-1,""2.13e+07"":-1,""2.14e+07"":-1,""313343"":-1,""3559862"":-1,""5112203"":-1,""8382218"":-1,""946983"":-1}"
manifestos_social_ideology_1223,1150006001, from cancer by 12 per cent.,Lab,2005,Liberal,"{""1.42e+07"":-1}"
manifestos_social_ideology_1224,1150010041,"Creative Sparks. Our aim is that everyone should have the opportunity to participate in cultural life, and we want that involvement to start as early as possible.",Lab,2005,Liberal,"{""1.42e+07"":-1}"
manifestos_social_ideology_1225,1070009181,"That requires openness on the part of the majority and, on the part of the ethnic minorities themselves, a determination to participate fully in the life of the wider community.",Con,1992,Liberal,"{""1.10e+07"":-1,""1.45e+07"":-1,""1.57e+07"":-1,""1.82e+07"":-1}"
manifestos_social_ideology_1226,1170008021,"Restoring your freedoms. Liberal Democrats believe it is an individual's right to live their lives as they see fit, without discrimination, with personal privacy, and with equal rights before the law.",LD,2010,Liberal,"{""1.10e+07"":-1,""1.52e+07"":-1,""1.57e+07"":-1}"
manifestos_social_ideology_1227,1110007611,"We will also promote public involvement in decision-making, through Citizens' Juries, Citizens' Initiative Referenda and electronic consultation.",LD,2001,Conservative,"{""1.30e+07"":1}"
manifestos_social_ideology_1228,40002021,This will give the public much wider access to information services in the years ahead.,Con,1997,Liberal,"{""1.81e+07"":-1,""1.83e+07"":-1,""2.01e+07"":-1,""2.12e+07"":-1,""2.13e+07"":-1,""4680678"":-1,""5280406"":-1,""7918256"":-1,""8968750"":0}"
manifestos_social_ideology_1229,40010961,"Whilst this may be a necessary check in other countries which depend upon more formalised written constitutions, we do not believe it is appropriate to the UK.",Con,1997,Conservative,"{""1.01e+07"":1,""1.09e+07"":1,""2.10e+07"":1}"
manifestos_social_ideology_1230,1070001301,"Under the Conservatives, Britain will never do so.",Con,1992,Conservative,"{""1.40e+07"":1,""1.95e+07"":1}"
manifestos_social_ideology_1231,1120015281,Nuclear arms reductions and proliferation controls remain an important part of defence and security policy.,Lab,2001,Liberal,"{""1.95e+07"":-1}"
manifestos_social_ideology_1232,1100001521,We will also introduce new laws to protect children from paedophiles who use internet chat rooms.,Con,2001,Conservative,"{""1.42e+07"":1,""1.53e+07"":1,""1.68e+07"":1}"
manifestos_social_ideology_1233,1130002461,We will introduce honesty in sentencing so that criminals serve the full sentence handed down by the court.,Con,2005,Conservative,"{""1.30e+07"":1,""1.57e+07"":1,""1.73e+07"":1,""1.82e+07"":1,""2.00e+07"":1}"
manifestos_social_ideology_1234,20002271,Probation authorities should be required to provide bail hostels adequate to accommodate their own needs.,LD,1987,Liberal,"{""1.18e+07"":-1,""1.20e+07"":-1,""1.49e+07"":0,""1.51e+07"":-1,""1.52e+07"":-1,""1.54e+07"":-1,""1.89e+07"":-1,""1.93e+07"":-1,""2.01e+07"":-1,""2.02e+07"":-1,""2.08e+07"":-1,""2.10e+07"":-1,""2.13e+07"":-1,""2.14e+07"":-1,""7557336"":-1}"
manifestos_social_ideology_1235,1090005711,"Labour's Ministry for Women. Following the successful example of France, Germany and many other countries, Labour will appoint a Cabinet Minister for Women.",Lab,1992,Liberal,"{""1.51e+07"":-1,""1.57e+07"":-1}"
manifestos_social_ideology_1236,1080008491,"Our Bill of Rights will guarantee effective protection against discrimination on the grounds of sex, race, age, disability, religion or sexual orientation.",LD,1992,Liberal,"{""1.10e+07"":-1,""1.52e+07"":-1,""1.68e+07"":-1,""1.93e+07"":-1,""3731467"":-1}"
manifestos_social_ideology_1237,1140000331,Our Principles. Freedom.,LD,2005,Liberal,"{""1.10e+07"":-1}"
manifestos_social_ideology_1238,20002411,They should be more widely used.,LD,1987,Liberal,"{""1.24e+07"":-1,""1.52e+07"":-1,""2.04e+07"":-1,""2.11e+07"":1,""2.14e+07"":-1,""313343"":0,""3559862"":-1,""5751985"":-1,""7557336"":-1}"
manifestos_social_ideology_1239,1070000401,We are concerned for the quality of our environment.,Con,1992,Liberal,"{""1.51e+07"":-1}"
manifestos_social_ideology_1240,20001171,We will restore the principle that anyone born in Britain is entitled to British citizenship.,LD,1987,Liberal,"{""1.24e+07"":-1,""1.37e+07"":-1,""1.52e+07"":-1,""1.98e+07"":-1,""1171781"":-1,""2.00e+07"":0,""2.04e+07"":-1,""2.06e+07"":-1,""2.07e+07"":-1,""2.08e+07"":-1,""2.11e+07"":-1,""2.13e+07"":-1,""2.14e+07"":-1,""2209950"":-1,""3559862"":-1,""5112203"":-1}"
manifestos_social_ideology_1241,1170006301,What does deter them is increasing the chances of being caught.,LD,2010,Conservative,"{""1.68e+07"":1,""2.01e+07"":1,""2.05e+07"":1}"
manifestos_social_ideology_1242,1180007701,"Homicides are at the lowest level for a decade - gun murders are at their lowest for 20 years, and our gun laws are among the toughest in the world.",Lab,2010,Conservative,"{""1.10e+07"":1,""1.40e+07"":1,""1.42e+07"":1,""1.52e+07"":1,""1.57e+07"":1}"
manifestos_social_ideology_1243,1120014151,We will put the independent Appointments Commission on a statutory footing.,Lab,2001,Liberal,"{""1.51e+07"":-1}"
manifestos_social_ideology_1244,1110001391,Legislate against discrimination on the grounds of age in health and social care.,LD,2001,Liberal,"{""1.10e+07"":-1,""1.30e+07"":-1,""1.45e+07"":-1,""6355305"":-1}"
manifestos_social_ideology_1245,1160011761,"and, play our part in efforts to make the world safer from the dangers of nuclear weapons and nuclear proliferation.",Con,2010,Liberal,"{""3626598"":-1}"
manifestos_social_ideology_1246,1160009731,We will fulfil our responsibility to hand on a richer and more sustainable natural environment to future generations.,Con,2010,Liberal,"{""1.53e+07"":-1}"
manifestos_social_ideology_1247,1160006421,We will reform the National Curriculum so that it is more challenging and based on evidence about what knowledge can be mastered by children at different ages.,Con,2010,Liberal,"{""1.51e+07"":-1}"
manifestos_social_ideology_1248,1090003031,We want every child to get qualifications that count.,Lab,1992,Liberal,"{""1.53e+07"":-1,""1.71e+07"":-1,""1.74e+07"":-1,""1.86e+07"":-1,""2.02e+07"":-1,""2.08e+07"":0}"
manifestos_social_ideology_1249,1110007811,We will take steps towards the creation of a federal United Kingdom where services are delivered at the lowest level possible.,LD,2001,Conservative,"{""1.30e+07"":1}"
manifestos_social_ideology_1250,60007501,Our concern is that they would prove dangerous and damaging to the environment.,Lab,1997,Liberal,"{""1.20e+07"":-1,""1.32e+07"":-1,""1.99e+07"":-1,""2.02e+07"":-1,""2.04e+07"":-1,""2.09e+07"":-1,""2.11e+07"":-1,""2.13e+07"":-1,""7557336"":-1}"
manifestos_social_ideology_1251,40009981,We must also ensure that any developments which only include some members do not work to the disadvantage of others.,Con,1997,Liberal,"{""1.20e+07"":-1,""1.81e+07"":-1}"
manifestos_social_ideology_1252,1150007521,We will give older people greater choice over their care.,Lab,2005,Liberal,"{""1.41e+07"":-1}"
manifestos_social_ideology_1253,50002221,This cannot go on.,LD,1997,Liberal,"{""1.86e+07"":-1}"
manifestos_social_ideology_1254,1150011571,"Parliamentar y reform. Labour has already taken steps to make the House of Commons more representative, through all-women shortlists.",Lab,2005,Liberal,"{""1.53e+07"":-1}"
manifestos_social_ideology_1255,20007851,"The Alliance welcomed the outline agreement discussed at Reykjavik to remove all intermediate nuclear weapons from Europe, and Mr Gorbachev's later acceptance that such a deal should not be linked to the future of the US Strategic Defence Initiative",LD,1987,Liberal,"{""1.32e+07"":-1,""1.98e+07"":-1,""2.13e+07"":-1}"
manifestos_social_ideology_1256,1160005851,"When patients are forced to go to hospital, they expect the highest standards of cleanliness.",Con,2010,Liberal,"{""2.01e+07"":-1}"
manifestos_social_ideology_1257,1080005551,Liberal Democrats will reverse this trend by: Creating safe and secure communities.,LD,1992,Liberal,"{""1.52e+07"":-1,""1.68e+07"":-1}"
manifestos_social_ideology_1258,40010981,"A system of proportional representation would be more likely to produce unstable, coalition governments that are unable to provide effective leadership - with crucial decisions being dependent on compromise deals hammered out behind closed doors.",Con,1997,Conservative,"{""2.13e+07"":1}"
manifestos_social_ideology_1259,1150004861,Head teachers will have legal rights to search pupils for knives or guns.,Lab,2005,Conservative,"{""1.10e+07"":1,""1.42e+07"":1,""1.93e+07"":1}"
manifestos_social_ideology_1260,1180013161,"Guarantee fast and effective action to deal with anti-social behaviour, including a right to legal injunctions for repeat victims, funded by the police or council who let them down.",Lab,2010,Conservative,"{""1.10e+07"":1,""1.40e+07"":1,""1.57e+07"":1,""1.66e+07"":1,""1.88e+07"":1}"
manifestos_social_ideology_1261,20002111,Local police stations re-opened.,LD,1987,Conservative,"{""1.01e+07"":1,""1.10e+07"":1,""1.24e+07"":1,""1.30e+07"":1,""1.31e+07"":-1,""1.32e+07"":1,""1.40e+07"":1,""1.41e+07"":1,""1.49e+07"":1,""1.51e+07"":1,""1.52e+07"":-1,""1.57e+07"":1,""1.61e+07"":1,""1.68e+07"":1,""1.75e+07"":0,""1.82e+07"":1,""1.83e+07"":0,""1.85e+07"":0,""1.86e+07"":1,""1.87e+07"":1,""1.89e+07"":1,""1.93e+07"":1,""1.95e+07"":1,""1.98e+07"":1,""1054502"":1,""2.00e+07"":1,""2.02e+07"":0,""2.04e+07"":1,""2.06e+07"":1,""2.08e+07"":1,""2.09e+07"":1,""2.10e+07"":0,""2.11e+07"":1,""2.12e+07"":1,""2.13e+07"":1,""2.14e+07"":1,""2785872"":1,""2793302"":0,""3307853"":1,""4680678"":1,""5112203"":0,""5280406"":1,""5536796"":-1,""6066983"":1,""6161328"":1,""6223785"":0,""7039094"":-1,""7395284"":1,""7502519"":1,""787803"":1,""7918256"":1,""7954010"":1,""8382218"":1,""8769423"":1,""8836799"":-1,""8968750"":1,""946983"":1,""9703593"":1,""9888671"":1}"
manifestos_social_ideology_1262,10008041,We are determined that terrorism will not succeed,Con,1987,Conservative,"{""1.24e+07"":1,""2.00e+07"":1,""2.05e+07"":1,""2.09e+07"":-1,""2.10e+07"":1,""2.14e+07"":1,""4342571"":1}"
manifestos_social_ideology_1263,1170005911,Liberal Democrats therefore remain committed to an in/out referendum the next time a British government signs up for fundamental change in the relationship between the UK and the EU.,LD,2010,Liberal,"{""1.51e+07"":-1}"
manifestos_social_ideology_1264,1160009701,"Protect the environment. Vote blue, go green. A Conservative government will cut carbon emissions and rebuild our energy security.",Con,2010,Liberal,"{""1.51e+07"":-1}"
manifestos_social_ideology_1265,1070001321,Democracy and the rule of law are yet to be firmly established.,Con,1992,Liberal,"{""1.41e+07"":-1}"
manifestos_social_ideology_1266,1080007501,"We will ensure that the total number of warheads on the four-boat Trident system is limited to no more than that currently deployed on the Polaris system, and our Defence Review will also examine the possibilities of future European cooperatino in the provision of a deterrent force.",LD,1992,Liberal,"{""2.19e+07"":-1}"
manifestos_social_ideology_1267,1140000891,"Instead of doctors and nurses being freed up to give their best to patients, Labour ministers try to pull the strings with pointless targets and endless bureaucracy.",LD,2005,Conservative,"{""1.42e+07"":1}"
manifestos_social_ideology_1268,1150008941,"The threat of terrorism and the danger to British citizens is proven, not just by September 11th but by repeated attacks in Europe and around the world.",Lab,2005,Conservative,"{""1.40e+07"":1}"
manifestos_social_ideology_1269,10000091,Our people have the protection of a stronger defence and more police.,Con,1987,Conservative,"{""1.11e+07"":1,""1.24e+07"":1,""1.81e+07"":1,""2.00e+07"":1,""2.01e+07"":1,""2.05e+07"":-1,""2.06e+07"":0,""2.10e+07"":1,""2.12e+07"":1,""2.13e+07"":1,""313343"":1,""3559862"":1,""5112203"":1,""946983"":1}"
manifestos_social_ideology_1270,1140007981,We will use renewables and save energy instead.,LD,2005,Liberal,"{""1.73e+07"":-1}"
manifestos_social_ideology_1271,1120006131,"Maximum waiting time of three months for any stage of treatment, as we become a healthier nation with fast, high-quality treatment free at the point of use.",Lab,2001,Liberal,"{""1.53e+07"":-1}"
manifestos_social_ideology_1272,1120006521,"By 2004 every three-year-old will be entitled to a free nursery place in the private, voluntary or statutory sector.",Lab,2001,Liberal,"{""1.30e+07"":-1,""1.51e+07"":-1,""1.53e+07"":-1}"
manifestos_social_ideology_1273,1130003181,"In the absence of devolved government, we will make direct rule more accountable.",Con,2005,Conservative,"{""1.82e+07"":1}"
manifestos_social_ideology_1274,20001421,We will ensure that girls and women have equal opportunities in education and training.,LD,1987,Liberal,"{""1.09e+07"":-1,""1.14e+07"":-1,""1.24e+07"":-1,""1.49e+07"":-1,""1.81e+07"":-1,""1.89e+07"":-1,""1.97e+07"":-1,""1.98e+07"":-1,""2.03e+07"":-1,""2.07e+07"":-1,""2.12e+07"":1,""2.13e+07"":-1,""313343"":-1,""5112203"":-1,""5751985"":-1,""8382218"":-1,""946983"":-1}"
manifestos_social_ideology_1275,1140002101,School transport. We will maintain the right of children to free school transport when they live more than two miles from their designated primary school and three miles from their secondary school - a right which is being taken away by the Labour Government.,LD,2005,Liberal,"{""1.42e+07"":-1}"
manifestos_social_ideology_1276,1080005621,Multicultural and anti-racism training will also increase confidence in the police among minority ethnic communities.,LD,1992,Liberal,"{""1.10e+07"":-1,""1.41e+07"":-1,""1.52e+07"":-1,""1.53e+07"":-1,""1.68e+07"":-1,""1.74e+07"":0,""1.86e+07"":-1,""1.93e+07"":-1,""1.96e+07"":-1,""2.01e+07"":-1,""2.08e+07"":-1,""2.09e+07"":-1}"
manifestos_social_ideology_1277,1150004811,"We believe in being tough on crime and its causes so we will expand drugs testing and treatment, and tackle the conditions -from lack of youth provision to irresponsible drinking- that foster crime and anti-social behaviour.",Lab,2005,Conservative,"{""1.40e+07"":1,""1.52e+07"":1,""1.66e+07"":1,""1.82e+07"":1,""2.05e+07"":1}"
manifestos_social_ideology_1278,1110010781,The system currently being proposed by the USA represents a threat to international stability and arms control agreements.,LD,2001,Liberal,"{""2.09e+07"":-1}"
manifestos_social_ideology_1279,1090003491,We will modernise the curriculum. Labour will modernise the national curriculum and apply it in all schools.,Lab,1992,Liberal,"{""1.51e+07"":-1}"
manifestos_social_ideology_1280,1150010951,"That is why we will offer neighbourhoods a range of powers from which they can choose, including: ",Lab,2005,Conservative,"{""1.53e+07"":1,""1.63e+07"":1}"
manifestos_social_ideology_1281,1140001451,This will mean that information becomes available to the public on the consequences of exposure to all chemicals in daily use and that those of high concern are replaced by safer alternatives.,LD,2005,Liberal,"{""1.73e+07"":-1}"
manifestos_social_ideology_1282,1160000971,And we will give the people who work in our public services much greater responsibility.,Con,2010,Conservative,"{""1.30e+07"":1}"
manifestos_social_ideology_1283,1150006311,And extending patient power and choice is crucial to achieving this.,Lab,2005,Liberal,"{""1.82e+07"":-1}"
manifestos_social_ideology_1284,60008451,Open government. Unnecessary secrecy in government leads to arrogance in government and defective policy decisions.,Lab,1997,Liberal,"{""1.75e+07"":-1,""2.05e+07"":-1,""2.08e+07"":-1,""2.09e+07"":-1,""2.13e+07"":-1,""2.14e+07"":-1,""568434"":-1}"
manifestos_social_ideology_1285,1170001011,"That is what the Liberal Democrats offer, which no other party can at this election.",LD,2010,Liberal,"{""2.02e+07"":-1}"
manifestos_social_ideology_1286,1170004941,"New security threats are emerging, for which Britain's armed forces are not yet fully equipped, whilst terrorists and organised criminals exploit international networks.",LD,2010,Conservative,"{""1.10e+07"":1}"
manifestos_social_ideology_1287,1140005351,"There were no weapons of mass destruction, there was no serious and current threat, and inspectors were denied the time they needed to finish their job.",LD,2005,Liberal,"{""1.73e+07"":-1}"
manifestos_social_ideology_1288,20004931,The Alliance therefore supports measures which reduce the physical and attitudinal obstacles faced by those with disabilities and which enable all to enjoy as many as possible of the opportunities which are often taken for granted by the able-bodied.,LD,1987,Liberal,"{""1.53e+07"":-1,""1.71e+07"":-1,""1.74e+07"":-1,""1.86e+07"":-1,""1.93e+07"":-1,""2.08e+07"":0,""2.09e+07"":-1,""2.10e+07"":-1,""2.12e+07"":-1,""714020"":1,""8968750"":-1}"
manifestos_social_ideology_1289,1080006411,"Maintain Britain's leading role in the fight against drug abuse in sport, ensuring adequate funding for testing programmes and education campaigns directed at participants.",LD,1992,Liberal,"{""1.10e+07"":-1}"
manifestos_social_ideology_1290,1150010701,To enhance our children's understanding of the environment we will give every school student the opportunity to experience outof-classroom learning in the natural environment.,Lab,2005,Liberal,"{""2.09e+07"":-1,""2.13e+07"":-1,""2.21e+07"":-1}"
manifestos_social_ideology_1291,1100000171,I trust their common sense.,Con,2001,Conservative,"{""1.80e+07"":1,""2.20e+07"":1}"
manifestos_social_ideology_1292,1120015411,"In the Commonwealth, where we will work to promote human rights and bridge the digital divide.",Lab,2001,Liberal,"{""1.10e+07"":-1,""1.51e+07"":-1}"
manifestos_social_ideology_1293,20000641,"This system also gives the voters the chance to show which candidates they prefer and would increase the opportunities for women to be elected to Parliament, and make the election of representatives of ethnic minorities more likely.",LD,1987,Liberal,"{""1.10e+07"":-1,""1.24e+07"":-1,""1.45e+07"":-1,""1.51e+07"":0,""1.52e+07"":-1,""1.57e+07"":-1,""1.60e+07"":-1,""1.65e+07"":-1,""1.68e+07"":-1,""1.81e+07"":-1,""1.82e+07"":-1,""1.87e+07"":-1,""1.98e+07"":-1,""2.01e+07"":-1,""2.04e+07"":-1,""2.06e+07"":-1,""2.09e+07"":-1,""2.10e+07"":-1,""2.12e+07"":-1,""2.13e+07"":-1,""2.18e+07"":-1,""2.20e+07"":-1,""5112203"":-1,""6331196"":-1}"
manifestos_social_ideology_1294,1100001221,It also means tougher sentences for some crimes and more honest sentencing for all crimes.,Con,2001,Conservative,"{""1.10e+07"":1,""1.30e+07"":1,""1.40e+07"":1,""1.57e+07"":1,""6376956"":1}"
manifestos_social_ideology_1295,1140006101,It is vital that we include the US and Australia but we also need to work with developing countries.,LD,2005,Liberal,"{""2.00e+07"":-1}"
manifestos_social_ideology_1296,1120016731,17 Double the amount of assets seized from drug traffickers and other major criminals,Lab,2001,Conservative,"{""1.10e+07"":0,""1.40e+07"":1,""1.42e+07"":1,""1.52e+07"":1,""1.57e+07"":1,""6342862"":1}"
manifestos_social_ideology_1297,40009201,We are determined that standards should continue to rise and that all EU countries should have to meet them.,Con,1997,Liberal,"{""2.10e+07"":-1,""2.13e+07"":-1}"
manifestos_social_ideology_1298,30003281,Women's Rights. More than half of Britain's people - the women of our country - are still denied many essential rights.,Lab,1987,Liberal,"{""1.10e+07"":-1,""1.11e+07"":-1,""1.14e+07"":-1,""1.25e+07"":-1,""1.30e+07"":-1,""1.32e+07"":-1,""1.40e+07"":-1,""1.43e+07"":-1,""1.44e+07"":-1,""1.45e+07"":-1,""1.51e+07"":-1,""1.52e+07"":-1,""1.53e+07"":-1,""1.57e+07"":-1,""1.58e+07"":-1,""1.61e+07"":-1,""1.62e+07"":-1,""1.69e+07"":-1,""1.71e+07"":-1,""1.74e+07"":-1,""1.82e+07"":-1,""1.84e+07"":0,""1.85e+07"":-1,""1.86e+07"":-1,""1.87e+07"":-1,""1.89e+07"":-1,""1.93e+07"":-1,""1.94e+07"":-1,""1.95e+07"":-1,""1.98e+07"":-1,""2.00e+07"":-1,""2.01e+07"":-1,""2.03e+07"":-1,""2.04e+07"":-1,""2.05e+07"":-1,""2.06e+07"":-1,""2.07e+07"":-1,""2.08e+07"":-1,""2.09e+07"":1,""2.10e+07"":-1,""2.11e+07"":-1,""2.12e+07"":-1,""2.13e+07"":-1,""2.14e+07"":-1,""2.21e+07"":-1,""37796"":-1,""37906"":-1,""6340562"":-1,""8382218"":-1}"
manifestos_social_ideology_1299,1120003251,"We will encourage dedicated colleges for under-19s and specialist adult provision to meet local skills needs, with half of all colleges to be recognised as centres of vocational excellence by 2003-04.",Lab,2001,Liberal,"{""1.53e+07"":-1}"
manifestos_social_ideology_1300,60005471,New parental responsibility orders will make parents face up to their responsibility for their children's misbehaviour.,Lab,1997,Conservative,"{""1.01e+07"":1,""1.10e+07"":1,""1.30e+07"":1,""1.52e+07"":1,""1.53e+07"":1,""1.57e+07"":1,""1.58e+07"":1,""1.63e+07"":1,""1.68e+07"":1,""1.71e+07"":1,""1.73e+07"":1,""1.74e+07"":1,""1.75e+07"":1,""1.86e+07"":1,""1.87e+07"":1,""1.89e+07"":1,""1.90e+07"":1,""1.93e+07"":-1,""1.95e+07"":1,""1.98e+07"":1,""2.03e+07"":1,""2.04e+07"":1,""2.05e+07"":1,""2.07e+07"":1,""2.08e+07"":1,""2.09e+07"":1,""2.10e+07"":-1,""2.11e+07"":1,""2.12e+07"":1,""2.13e+07"":1,""2.14e+07"":1,""2.17e+07"":1,""2647839"":1,""37796"":1,""6342862"":1,""7604015"":-1,""8836799"":-1,""9932120"":1}"
manifestos_social_ideology_1301,1160010641,"To promote sustainable farming practices further, we will: support the Campaign for the Farmed Environment and seek to create a more effective system of environmental stewardship",Con,2010,Liberal,"{""1.51e+07"":-1}"
manifestos_social_ideology_1302,1120007991,"tough targets to close the health gap to cut deaths in poorer communities and among poorer children improving mental health services, and a new emphasis on prevention, with more screening services including for conditions like sickle cell disease, cystic fibrosis and newborn hearing problems ",Lab,2001,Liberal,"{""1.42e+07"":-1,""6355305"":-1}"
manifestos_social_ideology_1303,1180000221,This Manifesto is my pledge of a future fair for all.,Lab,2010,Liberal,"{""3626598"":-1}"
manifestos_social_ideology_1304,1150006661,"Empowering patients: long-term conditions and social care. We will promote the integration of health and social care at local level, so that older people and those with long-term conditions can retain their independence.",Lab,2005,Liberal,"{""1.42e+07"":-1}"
manifestos_social_ideology_1305,1130000411,They want the opportunity provided by a good education and a thriving economy.,Con,2005,Liberal,"{""1.13e+07"":-1,""1.57e+07"":-1,""6342862"":-1}"
manifestos_social_ideology_1306,1120017131,"6. We will be tough on crime and tough on the causes of crime, and halve the time it takes persistent juvenile offenders to come to court.",Lab,2001,Conservative,"{""1.30e+07"":1,""1.51e+07"":1,""1.57e+07"":1,""1.63e+07"":1,""1.95e+07"":1}"
manifestos_social_ideology_1307,1160005651,"spreading the use of the NHS tariff, so funding follows patients' choices",Con,2010,Liberal,"{""1.51e+07"":-1}"
manifestos_social_ideology_1308,1140001191,"Scrapping unnecessary centralised targets will mean that your local hospital will have the time and flexibility to put patients first, providing personalised care and cleaner hospitals and treating the sickest the quickest.",LD,2005,Liberal,"{""1.73e+07"":-1}"
manifestos_social_ideology_1309,10007281,We have encouraged tougher sentences for violent criminals.,Con,1987,Conservative,"{""1.09e+07"":1,""1.10e+07"":1,""1.13e+07"":1,""1.14e+07"":1,""1.16e+07"":1,""1.17e+07"":1,""1.19e+07"":1,""1.36e+07"":1,""1.40e+07"":1,""1.42e+07"":1,""1.45e+07"":1,""1.47e+07"":1,""1.51e+07"":1,""1.52e+07"":1,""1.53e+07"":1,""1.54e+07"":1,""1.57e+07"":1,""1.58e+07"":1,""1.59e+07"":1,""1.63e+07"":1,""1.68e+07"":1,""1.73e+07"":1,""1.74e+07"":1,""1.75e+07"":1,""1.76e+07"":1,""1.81e+07"":1,""1.82e+07"":1,""1.83e+07"":1,""1.84e+07"":-1,""1.87e+07"":1,""1.88e+07"":1,""1.89e+07"":1,""1.90e+07"":1,""1.93e+07"":1,""1.94e+07"":1,""1.95e+07"":1,""1.98e+07"":1,""1.99e+07"":1,""153565"":1,""1837834"":-1,""1854715"":1,""2.00e+07"":1,""2.02e+07"":1,""2.03e+07"":1,""2.04e+07"":1,""2.05e+07"":1,""2.06e+07"":1,""2.07e+07"":1,""2.08e+07"":1,""2.09e+07"":1,""2.10e+07"":0,""2.11e+07"":1,""2.12e+07"":1,""2.13e+07"":1,""2.14e+07"":1,""2.17e+07"":1,""38397"":1,""4660484"":1,""5270743"":1,""6460048"":1,""6622539"":1,""7801795"":1,""7918256"":1,""8382218"":1,""9169061"":1}"
manifestos_social_ideology_1310,1070001631,"We insist that our forces have the modern, effective equipment that they need.",Con,1992,Conservative,"{""1.40e+07"":1,""1.53e+07"":1,""2.09e+07"":1}"
manifestos_social_ideology_1311,1080006831, widening the Community's membership,LD,1992,Conservative,"{""1.11e+07"":1}"
manifestos_social_ideology_1312,40011261,We seek peace.,Con,1997,Liberal,"{""1.53e+07"":-1,""2.09e+07"":-1}"
manifestos_social_ideology_1313,1100005711,We will also tackle the problem of 'neighbours from hell'.,Con,2001,Conservative,"{""1.30e+07"":1,""1.93e+07"":1,""1.95e+07"":1}"
manifestos_social_ideology_1314,60007731,We will ensure greater protection for wildlife.,Lab,1997,Liberal,"{""1.54e+07"":-1,""1.95e+07"":1,""2.08e+07"":-1,""2.09e+07"":-1,""2.13e+07"":-1}"
manifestos_social_ideology_1315,1160006451,"Under Labour, the exam system has become devalued.",Con,2010,Conservative,"{""1.42e+07"":1,""1.57e+07"":1}"
manifestos_social_ideology_1316,1110000551,The NHS still lacks the capacity to give patients the first-class treatment which they deserve.,LD,2001,Liberal,"{""2.20e+07"":-1,""2.21e+07"":-1}"
manifestos_social_ideology_1317,1110001771,The Conservatives under-valued and demoralised the profession.,LD,2001,Liberal,"{""1.42e+07"":-1}"
manifestos_social_ideology_1318,1160011491,We are sceptical about grand utopian schemes to remake the world.,Con,2010,Conservative,"{""3626598"":1}"
manifestos_social_ideology_1319,1130003451,A commitment to safeguarding our environment lies deep in Conservative thinking.,Con,2005,Liberal,"{""5647650"":-1}"
manifestos_social_ideology_1320,1070005941,"We intend to create a new department, under a Cabinet Minister, with responsibility for broadcasting, arts, sport, tourism, the national heritage and the film industry.",Con,1992,Liberal,"{""1.05e+07"":-1,""1.13e+07"":-1,""2.05e+07"":-1,""2.09e+07"":-1,""8014024"":-1}"
manifestos_social_ideology_1321,1150005801,This means defeating those who would dismantle the NHS.,Lab,2005,Liberal,"{""1.84e+07"":-1}"
manifestos_social_ideology_1322,1160011451,A Conservative government's approach to foreign affairs will be based on liberal Conservative principles.,Con,2010,Conservative,"{""1.82e+07"":1}"
manifestos_social_ideology_1323,1120010291,Children and families. Strong and stable family life offers the best possible start to children.,Lab,2001,Conservative,"{""1.42e+07"":1,""1.63e+07"":1,""1.93e+07"":1}"
manifestos_social_ideology_1324,1110004061,"These will help reduce anti-social behaviour in communities by young people, without resorting to blanket curfews or immediate use of heavy-handed court action through Anti-Social Behaviour Orders.",LD,2001,Liberal,"{""1.10e+07"":-1,""1.16e+07"":-1,""1.30e+07"":-1,""1.42e+07"":-1}"
manifestos_social_ideology_1325,1070007851,We will encourage all TECs to adopt plans to help women trainees have equal access to training opportunities.,Con,1992,Liberal,"{""1.57e+07"":-1,""1.81e+07"":-1,""2.06e+07"":-1,""2.13e+07"":-1,""2.21e+07"":-1}"
manifestos_social_ideology_1326,1080008511,End the bias against women's participation in the present political system.,LD,1992,Liberal,"{""1.10e+07"":-1,""1.41e+07"":-1,""1.51e+07"":-1,""1.52e+07"":-1}"
manifestos_social_ideology_1327,1180004911,"Every parent will agree to adhere to the school's behaviour rules, signing contracts each year facing real consequences if they fail to live up to them, including the option of a court-imposed parenting order.",Lab,2010,Conservative,"{""1.10e+07"":1,""6340562"":1}"
manifestos_social_ideology_1328,1100004191,We will appoint an Envoy for Religious Freedom.,Con,2001,Liberal,"{""1.10e+07"":-1,""1.41e+07"":-1}"
manifestos_social_ideology_1329,1080008421,"We will reverse the present Government's encroachments on freedom of speech and association, such as the banning of trade unions at GCHQ.",LD,1992,Liberal,"{""1.82e+07"":-1,""6342862"":-1}"
manifestos_social_ideology_1330,1070009161,"Everybody, regardless of ethnic background, religious or personal belief, has the right to go about his or her life free from the threat of intimidation and assault.",Con,1992,Liberal,"{""1.52e+07"":-1,""1.68e+07"":-1,""9270508"":-1}"
manifestos_social_ideology_1331,1120012651,Drug dealers will be required to register with the police after leaving prison.,Lab,2001,Conservative,"{""1.10e+07"":1,""1.93e+07"":1,""1.95e+07"":1,""2.03e+07"":1,""2.05e+07"":1}"
manifestos_social_ideology_1332,1080006631,Protect the rights of ethnic minorities.,LD,1992,Liberal,"{""1.10e+07"":-1,""1.52e+07"":-1,""1.68e+07"":-1,""1.93e+07"":-1,""3731467"":-1}"
manifestos_social_ideology_1333,1150001861,We have created one of the world's best environments for stem-cell research.,Lab,2005,Liberal,"{""1.73e+07"":-1}"
manifestos_social_ideology_1334,1180000891,In education it means that if the local school is underperforming it will be taken over,Lab,2010,Liberal,"{""1.51e+07"":-1}"
manifestos_social_ideology_1335,1120008131,Specially built surgical units Ð managed by the NHS or the private sector - will guarantee shorter waiting times.,Lab,2001,Liberal,"{""1.53e+07"":-1}"
manifestos_social_ideology_1336,1110009971,Make sure that European Union bodies are more open.,LD,2001,Liberal,"{""1.88e+07"":-1}"
manifestos_social_ideology_1337,60005461,and streamline the system of youth courts to make it far more effective.,Lab,1997,Conservative,"{""1.24e+07"":1,""1.45e+07"":1,""1.52e+07"":1,""1.76e+07"":0,""1.83e+07"":1,""2.03e+07"":-1,""2.06e+07"":-1,""2.09e+07"":1,""2.11e+07"":1,""2.13e+07"":1,""568434"":1,""6591328"":1,""8757469"":1,""9414315"":1}"
manifestos_social_ideology_1338,1080005001,The Government's 'reforms' mean that patients are made to follow the money,LD,1992,Liberal,"{""1.51e+07"":-1}"
manifestos_social_ideology_1339,1170006781,"Alternative systems such as electronic tagging, stringent reporting requirements and residence restrictions can be used for adults in families considered high flight risks.",LD,2010,Conservative,"{""1.41e+07"":1,""1.68e+07"":1,""6342862"":1}"
manifestos_social_ideology_1340,60001331,"6. We will be tough on crime and tough on the causes of crime, and halve the time it takes persistent juvenile offenders to come to court ",Lab,1997,Conservative,"{""1.04e+07"":1,""1.09e+07"":-1,""1.52e+07"":1,""1.75e+07"":1,""1.85e+07"":1,""2.08e+07"":1,""2.09e+07"":1,""2.12e+07"":1,""2.13e+07"":-1,""2.14e+07"":1,""3307853"":1,""5108677"":1,""5112203"":1,""5768369"":1,""8382218"":1,""9458742"":1}"
manifestos_social_ideology_1341,1110005261,Less Road Building. We will reverse plans for new road building in environmentally sensitive areas.,LD,2001,Liberal,"{""1.51e+07"":-1}"
manifestos_social_ideology_1342,1090004591,"a fast, simple remedy if things go wrong.",Lab,1992,Liberal,"{""1.18e+07"":-1,""2.01e+07"":-1}"
manifestos_social_ideology_1343,1080008461,We will create a Commission of human rights to help people bring proceedings under the Bill and to recommend changes in existing law and practice.,LD,1992,Liberal,"{""1.10e+07"":-1,""1.51e+07"":-1,""1.52e+07"":-1}"
manifestos_social_ideology_1344,1110010271,"Seek to make international institutions more able to address global security, trade and environmental issues.",LD,2001,Liberal,"{""1.82e+07"":-1}"
manifestos_social_ideology_1345,1110006071,Liberal Democrats will:  Place the arts at the heart of school education.,LD,2001,Liberal,"{""1.30e+07"":-1}"
manifestos_social_ideology_1346,1150009131,"Action on drugs, terrorism, people trafficking, AIDS, climate change, poverty, migration and trade all require us to work with other countries and through international organisations.",Lab,2005,Liberal,"{""1.42e+07"":-1}"
manifestos_social_ideology_1347,1180007401,"We are committed to tackling these problems, not talking them up to run Britain down.",Lab,2010,Conservative,"{""1.40e+07"":1,""1.52e+07"":1,""1.66e+07"":1}"
manifestos_social_ideology_1348,1170004461,Help protect children and young people from developing negative body images by regulating airbrushing in adverts.,LD,2010,Liberal,"{""1.10e+07"":-1,""1.51e+07"":-1,""1.84e+07"":-1}"
manifestos_social_ideology_1349,1150009061,They will continue to train Iraqi security forces to take responsibility for their own future.,Lab,2005,Conservative,"{""1.82e+07"":1}"
manifestos_social_ideology_1350,1130003411,A Conservative Government will end Labour's war on the motorist.,Con,2005,Conservative,"{""1.88e+07"":1}"
manifestos_social_ideology_1351,1140006061,Catastrophic climate change is the major environmental threat to the planet.,LD,2005,Liberal,"{""1.73e+07"":-1}"
manifestos_social_ideology_1352,1150006471,"Whenever NHS patients need new capacity for their healthcare, we will ensure that it is provided from whatever source.",Lab,2005,Liberal,"{""6340562"":-1}"
manifestos_social_ideology_1353,1160006881,"We will overhaul the Licensing Act to give local authorities and the police much stronger powers to remove licences from, or refuse to grant licences to, any premises that are causing problems.",Con,2010,Conservative,"{""1.40e+07"":1,""2.01e+07"":1,""6342862"":1}"
manifestos_social_ideology_1354,1120016071,"We will support hybrid and fuel cell vehicles, which already offer a halving of fuel consumption and CO2 emissions, with cheaper motoring to match - and for cleaner fuels and biofuels.",Lab,2001,Liberal,"{""1.51e+07"":-1}"
manifestos_social_ideology_1355,1160010991,"That response cannot just come from how we conduct our foreign affairs, or organise our defence and internal security - it must cut across energy, education, community cohesion, health, technology, international development and the environment too.",Con,2010,Liberal,"{""1.57e+07"":-1}"
manifestos_social_ideology_1356,1160012031,The steady and unaccountable intrusion of the European Union into almost every aspect of our lives has gone too far.,Con,2010,Conservative,"{""3626598"":1}"
manifestos_social_ideology_1357,1120014431,"We pledge to meet tough national targets for environmental protection, and we will work at international level to halt and reverse climate change.",Lab,2001,Conservative,"{""1.86e+07"":1}"
manifestos_social_ideology_1358,1100006191,"Support youth, grass roots and elite sport.",Con,2001,Liberal,"{""1.30e+07"":-1,""6355305"":-1}"
manifestos_social_ideology_1359,20001371,Opportunities for Women. The Alliance is committed to the principle that women should have equal opportunities and in government we will take positive steps to ensure this ideal becomes a reality.,LD,1987,Liberal,"{""1.32e+07"":-1,""1.45e+07"":-1,""1.52e+07"":-1,""1.58e+07"":-1,""1.87e+07"":-1,""1.98e+07"":-1,""2.04e+07"":-1,""2.09e+07"":-1,""2.11e+07"":-1,""2.13e+07"":-1,""2.14e+07"":-1,""8382218"":-1}"
manifestos_social_ideology_1360,1120010751,We will make adoption faster and fairer.,Lab,2001,Liberal,"{""1.42e+07"":-1,""1.51e+07"":-1}"
manifestos_social_ideology_1361,1090005911,"We will therefore improve the procedures and facilities of the House of Commons, strengthen scrutiny of EC legislation, and end ministerial misuse of the Royal Prerogative.",Lab,1992,Conservative,"{""2.02e+07"":1}"
manifestos_social_ideology_1362,1140001531,"More doctors, nurses and health professionals on the front line, free to take professional decisions on the basis of patient need, speedier diagnosis, and effective treatment.",LD,2005,Liberal,"{""1.73e+07"":-1}"
manifestos_social_ideology_1363,1080005141,We will establish a new National Inspectorate for Health to guarantee a quality service.,LD,1992,Liberal,"{""1.63e+07"":-1}"
manifestos_social_ideology_1364,1150009711,"We will fight for a new global agreement on climate change, an arms trade treaty, and a trade deal that makes trade work for the many, not just the few.",Lab,2005,Liberal,"{""1.82e+07"":-1}"
manifestos_social_ideology_1365,20000331,All you have to do to make it happen is to vote Alliance on June 17th.,LD,1987,Conservative,"{""1915941"":1,""5816451"":1}"
manifestos_social_ideology_1366,30001081, Parliamentary scrutiny of the Security Services.,Lab,1987,Liberal,"{""2.02e+07"":-1,""2.08e+07"":-1,""2.13e+07"":-1,""6161328"":-1}"
manifestos_social_ideology_1367,1120007961,The number of cardiologists will increase by around half and cancer specialists by nearly a third by 2005 compared to 1999-2000.,Lab,2001,Liberal,"{""1.57e+07"":-1}"
manifestos_social_ideology_1368,1110002231,"We will scrap testing ('SATs') at age 7, while keeping it for older pupils.",LD,2001,Liberal,"{""1.17e+07"":-1,""1.53e+07"":-1}"
manifestos_social_ideology_1369,1160010411,We will tackle the smuggling and illegal trade in wildlife through our new Border Police Force.,Con,2010,Conservative,"{""1.10e+07"":1,""1.52e+07"":1,""1.87e+07"":1}"
manifestos_social_ideology_1370,1090006381,There will be an annual report to Parliament.,Lab,1992,Conservative,"{""1.82e+07"":1}"
manifestos_social_ideology_1371,1120013211,Voluntary and community organisations are key to Labour's vision for Britain.,Lab,2001,Liberal,"{""1.30e+07"":-1,""1.57e+07"":-1,""1.63e+07"":-1}"
manifestos_social_ideology_1372,1070007911,the guardians of that peace to our whole-hearted support.,Con,1992,Conservative,"{""1.68e+07"":1,""2.01e+07"":1}"
manifestos_social_ideology_1373,1170005211,"We will set a 30 per cent energy efficiency improvement target for 2020, and will commit the government to the goals of the 10:10 campaign as a first step.",LD,2010,Liberal,"{""1.51e+07"":-1}"
manifestos_social_ideology_1374,60000311,To accomplish this means more than just a change of government.,Lab,1997,Liberal,"{""2.13e+07"":-1}"
manifestos_social_ideology_1375,60007141,No responsible government can afford to take risks with the future: the cost is too high.,Lab,1997,Liberal,"{""2.13e+07"":-1,""2.14e+07"":-1}"
manifestos_social_ideology_1376,1110009481,Put local priorities first in planning regeneration schemes so that communities develop according to the aspirations of those that live there.,LD,2001,Conservative,"{""1.30e+07"":1,""1.42e+07"":1}"
manifestos_social_ideology_1377,1100007031,"As Conservatives have demonstrated in our constructive participation in the Scottish Parliament and Welsh Assembly, we will work to ensure devolution is a success.",Con,2001,Conservative,"{""1.82e+07"":1}"
manifestos_social_ideology_1378,1100000301,And they fear that passing our values on from one generation to the next is harder than ever.,Con,2001,Liberal,"{""1.51e+07"":-1}"
manifestos_social_ideology_1379,1180009011,"We are happier, more engaged and better able to enjoy family life where there are safe and welcoming public spaces, good local amenities and buildings in which we can take pride.",Lab,2010,Liberal,"{""1.63e+07"":-1}"
manifestos_social_ideology_1380,1070006381,We believe all parents have the right to choice in education - not only those who can afford school fees.,Con,1992,Liberal,"{""1.51e+07"":-1,""6342862"":-1}"
manifestos_social_ideology_1381,1150005661,"We will introduce ID cards, including biometric data like fingerprints, backed up by a national register and rolling out initially on a voluntary basis as people renew their passports.",Lab,2005,Conservative,"{""1.42e+07"":1,""1.57e+07"":1}"
manifestos_social_ideology_1382,1150004681,Excessive alcohol consumption fuels anti-social behaviour and violence.,Lab,2005,Conservative,"{""1.42e+07"":1,""1.52e+07"":1,""1.57e+07"":1,""1.68e+07"":1}"
manifestos_social_ideology_1383,1150002701,We will take forward the Strategy for Race Equality to ensure that we combat discrimination on the grounds of race and ethnicity across a range of services.,Lab,2005,Liberal,"{""1.40e+07"":-1,""1.52e+07"":-1,""1.57e+07"":-1,""1.63e+07"":-1,""1.68e+07"":-1}"
manifestos_social_ideology_1384,1080004521,Introduce a National Record of Achievement.,LD,1992,Liberal,"{""1.82e+07"":-1}"
manifestos_social_ideology_1385,40004301,We must do more.,Con,1997,Liberal,"{""2.13e+07"":-1}"
manifestos_social_ideology_1386,1120008311,By 2004 all local healthcare will be organised by primary care trusts (PCTs) run by frontline doctors and nurses.,Lab,2001,Conservative,"{""1.42e+07"":1}"
manifestos_social_ideology_1387,10009011,We have enhanced police powers to stop and search at football grounds and we have encouraged tougher sentencing of hooligans.,Con,1987,Conservative,"{""1.01e+07"":1,""1.24e+07"":1,""1.45e+07"":0,""1.52e+07"":1,""1.85e+07"":1,""1.90e+07"":1,""2.04e+07"":1,""2.09e+07"":1,""2.10e+07"":1,""2.13e+07"":1,""2.14e+07"":1,""313343"":1,""3559862"":1,""8382218"":1,""946983"":1}"
manifestos_social_ideology_1388,1080007291,New initiatives for disarmament and for sharing security burdens will enable further reductions in levels of armaments to be made without endangering security.,LD,1992,Conservative,"{""1.68e+07"":1}"
manifestos_social_ideology_1389,20001801,The Alliance supports a fully independent system for investigating complaints against the police.,LD,1987,Liberal,"{""1.24e+07"":-1,""1.75e+07"":0,""1.85e+07"":-1,""1.87e+07"":-1,""1.89e+07"":-1,""2.07e+07"":-1,""2.08e+07"":-1,""2.09e+07"":-1,""2.11e+07"":-1,""2.13e+07"":-1,""2.14e+07"":-1,""313343"":-1,""8769423"":-1,""8893451"":1,""946983"":-1}"
manifestos_social_ideology_1390,40002411,It offers security and stability in a fast-changing world.,Con,1997,Conservative,"{""1.34e+07"":1,""1.45e+07"":-1,""2.01e+07"":1,""2.10e+07"":1,""2.13e+07"":1,""8968750"":1}"
manifestos_social_ideology_1391,1120012891,"If there is any remaining doubt, we will consider legislation to reinforce the judgment.",Lab,2001,Conservative,"{""1.30e+07"":1,""1.42e+07"":1,""1.68e+07"":1}"
manifestos_social_ideology_1392,1100004731,The Office will cut through the bureaucracy that stops the good neighbours of Britain from helping those in need.,Con,2001,Liberal,"{""6355305"":-1}"
manifestos_social_ideology_1393,1140006071,Urgent action is needed.,LD,2005,Liberal,"{""1.73e+07"":-1}"
manifestos_social_ideology_1394,1180007381,"violent crime is down by over 40 per cent, and the risk of being a victim of crime is the lowest since 1981.",Lab,2010,Conservative,"{""1.10e+07"":1,""1.40e+07"":1,""1.52e+07"":1,""1.88e+07"":1,""1911075"":1}"
manifestos_social_ideology_1395,1120004831,We will examine reforms that promote efficiency and fairness.,Lab,2001,Liberal,"{""1.68e+07"":-1,""1.82e+07"":-1,""2.05e+07"":-1}"
manifestos_social_ideology_1396,1120008631,Sport. The performance of British athletes at the Sydney Olympics and Paralympics thrilled everyone.,Lab,2001,Liberal,"{""1.42e+07"":-1}"
manifestos_social_ideology_1397,1130003191,"Communities, Transport and the Environment. Britain draws great strength from its diversity.",Con,2005,Liberal,"{""1.63e+07"":-1}"
manifestos_social_ideology_1398,1150005271,Immigration has been good for Britain.,Lab,2005,Liberal,"{""1.40e+07"":-1,""1.52e+07"":-1,""1.57e+07"":-1,""1.68e+07"":-1,""1.84e+07"":-1}"
manifestos_social_ideology_1399,1140000231,"In addition, we remain proud of a Britain which is enriched precisely because it is a multi- racial, multi-ethnic society.",LD,2005,Liberal,"{""1.40e+07"":-1,""1.51e+07"":-1,""1.52e+07"":-1,""1.73e+07"":-1,""1.88e+07"":-1}"
manifestos_social_ideology_1400,1070008081,"Over the next few years we want to see a major reform which will help provide what the public wants and needs: a visible, local police presence.",Con,1992,Conservative,"{""1.51e+07"":1,""1.68e+07"":1,""1.87e+07"":1,""1.95e+07"":1,""1.96e+07"":1}"
manifestos_social_ideology_1401,1070007821,We will ensure that all parts of government adopt a strategic approach to the employment and development of women staff.,Con,1992,Liberal,"{""1.52e+07"":-1,""1.68e+07"":-1,""1.87e+07"":-1}"
manifestos_social_ideology_1402,1140006411,"We will introduce a new Animal Welfare Act to guarantee high standards of animal welfare across the board for farm livestock, working animals and domestic pets, and will close the loophole in existing legislation which allows people who have been banned from keeping animals still to own them if someone else has 'custody'.",LD,2005,Liberal,"{""1.63e+07"":-1}"
manifestos_social_ideology_1403,1160005871,"We will increase the number of single rooms in hospitals, as resources allow, helping the battle against infection and providing safety and privacy.",Con,2010,Liberal,"{""1.93e+07"":-1}"
manifestos_social_ideology_1404,50008621,We do not duck the choices that have to be faced in this election.,LD,1997,Conservative,"{""1.89e+07"":1,""1.95e+07"":1}"
manifestos_social_ideology_1405,1120011831,Double the amount of assets seized from drug traffickers and other major criminals ,Lab,2001,Conservative,"{""1.42e+07"":1,""1.57e+07"":1,""1.63e+07"":1,""1.68e+07"":1,""2.05e+07"":1}"
manifestos_social_ideology_1406,10007811,We are tackling the problem of those who fraudulently pose as refugees and who seek to exploit Britain's long tradition of giving refuse to the victims of persecution.,Con,1987,Conservative,"{""1.24e+07"":1,""1.53e+07"":1,""1.86e+07"":1,""1.93e+07"":1,""1.98e+07"":1,""1131056"":1,""2.08e+07"":1,""2.09e+07"":1,""2.13e+07"":-1,""2.14e+07"":1,""37796"":1}"
manifestos_social_ideology_1407,1120013311,A right of appeal for family visitors has been introduced.,Lab,2001,Liberal,"{""1.52e+07"":-1,""1.57e+07"":-1,""2.20e+07"":-1}"
manifestos_social_ideology_1408,1140002751,The courts have struggled to enforce the rules in environmental cases that are often highly technical and specialised.,LD,2005,Liberal,"{""1.38e+07"":-1}"
manifestos_social_ideology_1409,1170008171,"We believe that the best way to combat terrorism is to prosecute terrorists, not give away hard-won British freedoms.",LD,2010,Conservative,"{""1.42e+07"":1,""1.68e+07"":1,""2.01e+07"":1}"
manifestos_social_ideology_1410,1110003231,Many are impractical or irrelevant.,LD,2001,Conservative,"{""1.87e+07"":1}"
manifestos_social_ideology_1411,40003951,But we know our job is not yet done.,Con,1997,Liberal,"{""1.24e+07"":-1,""1.52e+07"":-1,""1.98e+07"":-1,""2.09e+07"":-1,""2.13e+07"":0,""37796"":-1}"
manifestos_social_ideology_1412,1180012251,"We will strengthen co-operation with our EU partners in fighting crime and international terrorism, and support practical European co-operation on defence, in partnership with NATO.",Lab,2010,Conservative,"{""1.10e+07"":1}"
manifestos_social_ideology_1413,1120012421,Those who break their bail can expect to go straight into custody for the remainder of their remand period.,Lab,2001,Conservative,"{""1.10e+07"":1,""1.42e+07"":1,""1.51e+07"":1,""1.93e+07"":1,""1.95e+07"":1}"
manifestos_social_ideology_1414,1120016091,It is imperative that we use natural resources more efficiently and recycle more.,Lab,2001,Liberal,"{""2.00e+07"":-1}"
manifestos_social_ideology_1415,1150002811,"We will also promote biomass, bio-fuels and non-food crops.",Lab,2005,Liberal,"{""1.51e+07"":-1}"
manifestos_social_ideology_1416,1110001171,They should know how well the NHS is performing and who is responsible when things go wrong.,LD,2001,Liberal,"{""1.10e+07"":-1}"
manifestos_social_ideology_1417,1070007001,THE TRAINING REVOLUTION. A training revolution is under way in Britain.,Con,1992,Liberal,"{""1.51e+07"":-1,""2.01e+07"":-1}"
manifestos_social_ideology_1418,1110003861,"We will establish police hate crime investigation units to coordinate information and action against racist, homophobic and other hate crimes.",LD,2001,Liberal,"{""1.10e+07"":-1,""1.30e+07"":-1,""1.41e+07"":-1,""1.42e+07"":-1,""1.82e+07"":-1}"
manifestos_social_ideology_1419,1120005651,Labour is determined to protect Britain's landscapes and wildlife.,Lab,2001,Liberal,"{""1.42e+07"":-1,""1.53e+07"":-1,""1.87e+07"":-1}"
manifestos_social_ideology_1420,1110010051,There should be no substantial initiatives for European legislation in the Council of Ministers which have not been scrutinised by the UK Parliament.,LD,2001,Conservative,"{""1.82e+07"":1}"
manifestos_social_ideology_1421,1070014891,We will continue to publish annual progress reports.,Con,1992,Conservative,"{""2.21e+07"":1}"
manifestos_social_ideology_1422,1090000401,"These policies, like many others, manifest our practical commitment to freedom.",Lab,1992,Liberal,"{""1.10e+07"":-1,""1.51e+07"":-1,""1.74e+07"":-1,""1.86e+07"":-1,""2.08e+07"":-1,""2.09e+07"":-1,""2.13e+07"":-1}"
manifestos_social_ideology_1423,1080004601,"Pupils from the age of 14 will study a balanced curriculum around a core of maths, English, science and a foreign language, adding specialisms in academic, vocational or technical courses, some delivered by employers in the workplace.",LD,1992,Liberal,"{""1.51e+07"":-1}"
manifestos_social_ideology_1424,40009941,Some others would like to build a federal Europe.,Con,1997,Conservative,"{""2.04e+07"":1}"
manifestos_social_ideology_1425,1080008431,"We will legislate to give individuals the right to access to their personal files, except in matters relating to national security, whether held by public or private bodies.",LD,1992,Liberal,"{""1.41e+07"":-1,""2.05e+07"":-1}"
manifestos_social_ideology_1426,1180013031,"An expansion of free nursery places for two year olds and 15 hours a week of flexible, free nursery education for three and four year olds.",Lab,2010,Liberal,"{""1.84e+07"":-1}"
manifestos_social_ideology_1427,1160006641,"So all existing schools will have the chance to achieve Academy status, with 'outstanding' schools pre-approved, and we will extend the Academy programme to primary schools.",Con,2010,Liberal,"{""1.51e+07"":-1}"
manifestos_social_ideology_1428,1120008641,Labour is committed to a radical extension of sporting opportunities and facilities.,Lab,2001,Liberal,"{""1.30e+07"":-1,""1.53e+07"":-1}"
manifestos_social_ideology_1429,1180008551,"Promoting well-being means sustaining the community institutions that we most cherish, and protecting those areas of our public life that embody the common good.   ",Lab,2010,Liberal,"{""6340562"":-1}"
manifestos_social_ideology_1430,1150003801,We are also working with schools and teacher organisations to implement a zero tolerance approach to lower-level disruption.,Lab,2005,Conservative,"{""1.63e+07"":1}"
manifestos_social_ideology_1431,1180007031,unfair postcode lotteries removed,Lab,2010,Liberal,"{""1.84e+07"":-1}"
manifestos_social_ideology_1432,1110002261,"We will require inspectors to offer advice on improvement, not merely criticism, and require Ofsted to take account of a school's self-evaluation.",LD,2001,Conservative,"{""1.82e+07"":1}"
manifestos_social_ideology_1433,1120013071,now is the time to build the inclusive society in tune with British values.,Lab,2001,Liberal,"{""1.30e+07"":-1,""1.51e+07"":-1}"
manifestos_social_ideology_1434,1120001231,We will build on our success in primary schools to overhaul secondary schools,Lab,2001,Liberal,"{""1.51e+07"":-1}"
manifestos_social_ideology_1435,20007361,"ARTS, BROADCASTING AND RECREATION. We will ensure that people have the opportunity to enjoy the arts and physical recreation and to develop their own potential through these activities.",LD,1987,Liberal,"{""1.53e+07"":-1,""1.74e+07"":-1,""1.86e+07"":-1,""2.08e+07"":-1,""2.09e+07"":-1,""2.11e+07"":0,""2.12e+07"":-1,""2.13e+07"":-1}"
manifestos_social_ideology_1436,1150010171,Every child should have the chance to compete at school.,Lab,2005,Conservative,"{""1.42e+07"":1}"
manifestos_social_ideology_1437,1070011371,We insisted that we should retain our power to stop the export of live horses.,Con,1992,Conservative,"{""1.57e+07"":1}"
manifestos_social_ideology_1438,1120010051,The New Deal for Disabled People pioneers new ways of helping people with disabilities into jobs.,Lab,2001,Liberal,"{""1.13e+07"":-1,""1.30e+07"":-1,""1.42e+07"":-1,""1.52e+07"":-1,""6342862"":-1}"
manifestos_social_ideology_1439,1120010771,"We aim to ensure that at least 1,000 more children a year are adopted, with improved post-adoption support for parents.",Lab,2001,Liberal,"{""1.51e+07"":-1}"
manifestos_social_ideology_1440,1100006661,"We will ensure that religious broadcasters have fair and equal access to future competitions for local, national, digital and programme service licences.",Con,2001,Liberal,"{""1.95e+07"":-1}"
manifestos_social_ideology_1441,1110003471,"This will regularly report to government and parliament, advising on the resources required to provide an effective police presence in every community, and the management of police stations and technology.",LD,2001,Conservative,"{""1.10e+07"":1,""1.30e+07"":1,""1.40e+07"":1,""1.42e+07"":1,""1.47e+07"":1}"
manifestos_social_ideology_1442,1110010951,Tied aid is a form of protectionism which inhibits development.,LD,2001,Liberal,"{""1.82e+07"":-1}"
manifestos_social_ideology_1443,1150004831,"We have banned all handguns, introduced five-year minimum sentences for those caught with an unlawful firearm and raised the age limit for owning an air gun.",Lab,2005,Conservative,"{""1.40e+07"":1,""1.41e+07"":1,""1.52e+07"":1,""1.57e+07"":1,""1.68e+07"":1}"
manifestos_social_ideology_1444,1170004371,Children face too many difficulties in today's Britain,LD,2010,Liberal,"{""1.51e+07"":-1,""1.84e+07"":-1}"
manifestos_social_ideology_1445,1150004671,we will develop neighbourhood policing for ever y community ,Lab,2005,Conservative,"{""1.10e+07"":1,""1.57e+07"":1,""1.82e+07"":1,""1.93e+07"":1,""5013710"":1}"
manifestos_social_ideology_1446,1100005981,It will aim to take through traffic out of towns and villages and minimise the environmental effects of roads.,Con,2001,Liberal,"{""1.82e+07"":-1}"
manifestos_social_ideology_1447,1160009891,This is how we will live up to our responsibility to be the greenest government in our history.,Con,2010,Liberal,"{""1.51e+07"":-1}"
manifestos_social_ideology_1448,1180008941,"We will review the structures that oversee English Heritage, putting mutual principles at the heart of its governance so that people can have a direct say over the protection and maintenance of Britain's built historical legacy.",Lab,2010,Liberal,"{""1.53e+07"":-1}"
manifestos_social_ideology_1449,1100001181,"Police numbers have fallen, and violent crime is on the rise.",Con,2001,Conservative,"{""1.10e+07"":1,""1.57e+07"":1,""1.68e+07"":1,""1.93e+07"":1,""1.95e+07"":1}"
manifestos_social_ideology_1450,1140002191,"This time, I hope you'll help us deliver the same for all of Britain. ",LD,2005,Liberal,"{""1.66e+07"":-1,""1.82e+07"":-1}"
manifestos_social_ideology_1451,1080008451,Enact a Bill of Rights by immediately incorporating the European Convention on Human Rights and its protocols into UK law.,LD,1992,Liberal,"{""1.10e+07"":-1,""1.51e+07"":-1,""1.52e+07"":-1,""1.68e+07"":-1,""1.88e+07"":-1}"
manifestos_social_ideology_1452,1080007621,"Because of the need to assign British forces to this and to European policing and disaster roles (on top of their present commitments), more general purpose infantry battalions will be required than the number currently planned by the Conservative Government.",LD,1992,Conservative,"{""1.40e+07"":1}"
manifestos_social_ideology_1453,1070005241,"In less than a year since the White Paper, 18 detailed Charters have been published.",Con,1992,Liberal,"{""1.87e+07"":-1}"
manifestos_social_ideology_1454,50000021,And one of its most important.,LD,1997,Liberal,"{""2.13e+07"":-1}"
manifestos_social_ideology_1455,20001181,We are adamantly opposed to discrimination and we will repeal the sexist and racist aspects of the British Nationality Act 1981.,LD,1987,Liberal,"{""1.10e+07"":-1,""1.16e+07"":-1,""1.27e+07"":1,""1.30e+07"":-1,""1.32e+07"":-1,""1.40e+07"":-1,""1.42e+07"":-1,""1.45e+07"":-1,""1.51e+07"":-1,""1.52e+07"":-1,""1.53e+07"":-1,""1.57e+07"":-1,""1.59e+07"":-1,""1.69e+07"":-1,""1.74e+07"":-1,""1.78e+07"":-1,""1.82e+07"":-1,""1.86e+07"":-1,""1.87e+07"":-1,""1.90e+07"":-1,""1.93e+07"":-1,""1.94e+07"":-1,""1.95e+07"":-1,""1.98e+07"":-1,""1879426"":0,""2.00e+07"":-1,""2.01e+07"":-1,""2.02e+07"":-1,""2.04e+07"":-1,""2.05e+07"":-1,""2.06e+07"":-1,""2.07e+07"":1,""2.08e+07"":-1,""2.09e+07"":-1,""2.10e+07"":-1,""2.11e+07"":-1,""2.12e+07"":-1,""2.13e+07"":-1,""2.14e+07"":-1,""2.20e+07"":-1,""5013710"":-1,""6336109"":-1,""6340562"":0,""6349089"":-1,""7486569"":-1,""8382218"":-1,""9458742"":-1}"
manifestos_social_ideology_1456,1160007971,Give citizens more power. People have been shut out of Westminster politics for too long.,Con,2010,Liberal,"{""1.87e+07"":-1}"
manifestos_social_ideology_1457,1070001271,Today the threat of a massive surprise attack from Eastern Europe has gone.,Con,1992,Conservative,"{""1.63e+07"":1}"
manifestos_social_ideology_1458,60008161,"They support hereditary peers, unaccountable quangos and secretive government.",Lab,1997,Liberal,"{""1.01e+07"":-1,""1.98e+07"":-1,""2.06e+07"":1,""2.10e+07"":-1,""2.13e+07"":-1,""2.14e+07"":-1}"
manifestos_social_ideology_1459,40005221,Every young person should have the opportunity to continue in education or training.,Con,1997,Liberal,"{""1.53e+07"":-1,""1.74e+07"":-1,""1.86e+07"":-1,""2.09e+07"":-1,""2.10e+07"":-1,""2.12e+07"":-1,""2.13e+07"":-1,""2361265"":-1,""2793302"":-1,""3280015"":0,""37796"":-1,""5112203"":-1,""7918256"":-1,""7995027"":-1,""8893451"":-1}"
manifestos_social_ideology_1460,1110010621,"If it is powerful and well resourced, the Court will enhance the cause of human rights.",LD,2001,Liberal,"{""1.10e+07"":-1,""1.88e+07"":-1}"
manifestos_social_ideology_1461,1170002921,Too many children are still leaving school without the knowledge and skills to be successful.,LD,2010,Liberal,"{""1.51e+07"":-1,""1.84e+07"":-1}"
manifestos_social_ideology_1462,1150002991,"That means music, art, sport and languages as well as English and maths in primary school",Lab,2005,Liberal,"{""1.84e+07"":-1}"
manifestos_social_ideology_1463,1150007911,"We are supporting local authorities in the radical reform of children's ser vices, above all to ensure there is one professional with lead responsibility for each vulnerable child.",Lab,2005,Liberal,"{""1.84e+07"":-1}"
manifestos_social_ideology_1464,1150000381,"That progress, first as a party then in government began with the insight that the only way to advance decent progressive values was to develop a new policy agenda.",Lab,2005,Liberal,"{""1.63e+07"":-1}"
manifestos_social_ideology_1465,1070015461,We actively support Manchester's bid to bring the Olympic Games to Britain.,Con,1992,Liberal,"{""1.30e+07"":-1}"
manifestos_social_ideology_1466,20000601,"First, we insist that the voting system should be reformed so that no minority - which is what Mrs. Thatcher's Party was at the last election - is given an inflated Parliamentary majority.",LD,1987,Liberal,"{""1.53e+07"":-1,""1054502"":-1,""2.01e+07"":-1,""3246605"":-1,""5270743"":-1,""5537363"":-1,""8197937"":-1}"
manifestos_social_ideology_1467,1130002281,Criminals have a better chance of getting away with breaking the law today than at any time in the last 25 years.,Con,2005,Conservative,"{""1.45e+07"":1,""1.57e+07"":1,""1.95e+07"":1,""2.00e+07"":1}"
manifestos_social_ideology_1468,1100004651,"A strong society is built on respect for all people - whatever their race, religion, gender or sexual orientation.",Con,2001,Liberal,"{""1.10e+07"":-1,""1.45e+07"":-1,""1.57e+07"":-1,""1.95e+07"":-1,""6355305"":-1}"
manifestos_social_ideology_1469,1150006391," high-street drop-in centres for chiropody, physiotherapy and check-ups.",Lab,2005,Liberal,"{""1.13e+07"":-1,""1.51e+07"":-1,""1.53e+07"":-1,""6342862"":-1}"
manifestos_social_ideology_1470,1180006031,All cancer patients will be offered one-to-one dedicated nursing for the duration of their care and we will work with Marie Curie Cancer Care and other providers to guarantee everyone who wants it the opportunity to receive palliative care in their own home at the end of their lives.,Lab,2010,Liberal,"{""1.84e+07"":-1}"
manifestos_social_ideology_1471,50004981,Put health promotion at the heart of government policy.,LD,1997,Liberal,"{""1.53e+07"":-1,""1.86e+07"":-1,""2.02e+07"":-1,""2.07e+07"":-1,""2.08e+07"":-1,""2.09e+07"":-1,""2.13e+07"":-1,""2.14e+07"":-1}"
manifestos_social_ideology_1472,1140001851,"Every child taught English, Maths, Science, Modern Languages, plus Information and Communication Technology, by suitably qualified teachers.",LD,2005,Conservative,"{""1.10e+07"":1}"
manifestos_social_ideology_1473,10008801,"support scientifically justified, international action to protect the atmosphere and the sea from damage from pollutants",Con,1987,Liberal,"{""1.18e+07"":-1,""1.20e+07"":-1,""1.32e+07"":-1,""2.00e+07"":-1,""3559862"":-1,""6340793"":-1}"
manifestos_social_ideology_1474,1160011581,"Torture is unacceptable and abhorrent, and we will never condone it.",Con,2010,Liberal,"{""1.41e+07"":-1,""1.86e+07"":-1,""3626598"":-1}"
manifestos_social_ideology_1475,1080004781,"As well as more young people, we will particularly encourage the participation of women, people from minority ethnic and poorer backgrounds, and people with disabilities.",LD,1992,Liberal,"{""1.10e+07"":-1,""1.41e+07"":-1,""1.52e+07"":-1,""1.68e+07"":-1,""1.93e+07"":-1}"
manifestos_social_ideology_1476,1170006901,We want to improve the experience for the traveller and cut carbon emissions.,LD,2010,Liberal,"{""1.51e+07"":-1}"
manifestos_social_ideology_1477,1150004651,But with rights must go responsibilities so we have provided tough new powers for councils and the police to tackle the problem of unauthorised sites.,Lab,2005,Conservative,"{""1.24e+07"":1,""1.40e+07"":1,""1.42e+07"":1,""6342862"":1}"
manifestos_social_ideology_1478,1110007001,We will ensure that sub-post offices continue to offer the services which their customers need.,LD,2001,Conservative,"{""1.30e+07"":1}"
manifestos_social_ideology_1479,1160000031,But these problems can be overcome if we pull together and work together.,Con,2010,Liberal,"{""2.20e+07"":-1}"
manifestos_social_ideology_1480,1080008501,Our Commission of Human Rights will help individuals take legal action in cases of discrimination.,LD,1992,Liberal,"{""1.10e+07"":-1,""1.41e+07"":-1,""1.51e+07"":-1,""1.68e+07"":-1,""1.93e+07"":-1}"
manifestos_social_ideology_1481,40007611,Appearing before a youth court should be a daunting experience for the juvenile concerned.,Con,1997,Conservative,"{""1.19e+07"":1,""1.25e+07"":1,""1.47e+07"":1,""1.53e+07"":1,""1.71e+07"":1,""1.74e+07"":1,""1.86e+07"":1,""1.98e+07"":1,""2.00e+07"":1,""2.08e+07"":1,""2.09e+07"":1,""2.12e+07"":1,""2.13e+07"":1,""2.14e+07"":1,""7918256"":1,""7995027"":1,""9458742"":1}"
manifestos_social_ideology_1482,1110001461,"This will tackle the damp and cold which affect the health of millions of people, and reduce winter deaths caused by fuel poverty.",LD,2001,Liberal,"{""1.30e+07"":-1,""6355305"":-1}"
manifestos_social_ideology_1483,1070005311,Conservatives such as these should not have been denied to the public.,Con,1992,Liberal,"{""1.41e+07"":-1,""1.57e+07"":-1}"
manifestos_social_ideology_1484,1140002431,Get tough on anti-social behaviour.,LD,2005,Conservative,"{""1.52e+07"":1,""1.57e+07"":1,""1.88e+07"":1}"
manifestos_social_ideology_1485,1080005611,We will encourage recruitment campaigns and training for promotional to increase the number of women and ethnic minority officers in the police force and especially in the higher ranks.,LD,1992,Liberal,"{""1.10e+07"":-1,""1.41e+07"":-1,""1.51e+07"":-1,""1.52e+07"":-1,""1.68e+07"":-1,""2.05e+07"":-1,""2.09e+07"":-1,""2.11e+07"":1,""7918256"":-1,""886"":-1}"
manifestos_social_ideology_1486,1090002861,Women will have the right to be seen by a woman GP and we will encourage the development of well women clinics.,Lab,1992,Liberal,"{""1.10e+07"":-1,""1.57e+07"":-1,""1.68e+07"":-1}"
manifestos_social_ideology_1487,1170007161,Create a new designation - similar to Site of Special Scientific Interest status - to protect green areas of particular importance or value to the community.,LD,2010,Liberal,"{""1.82e+07"":-1}"
manifestos_social_ideology_1488,1170006431,Bring in stop-on-request for night buses.,LD,2010,Liberal,"{""1.57e+07"":-1}"
manifestos_social_ideology_1489,1080008381,Ensuring Citizens' Rights and Opportunities. No citizen is truly free unless all are.,LD,1992,Liberal,"{""1.10e+07"":-1,""1.51e+07"":-1,""1.53e+07"":-1,""1.74e+07"":-1,""1.86e+07"":-1,""2.09e+07"":0,""2.12e+07"":-1,""2.13e+07"":-1}"
manifestos_social_ideology_1490,1160007001,"So that the public can be confident their views are accounted for in deciding sentences, we will examine the case for greater Parliamentary scrutiny of sentencing guidelines.",Con,2010,Conservative,"{""1.10e+07"":1,""1.52e+07"":1,""1.57e+07"":1,""1.87e+07"":1}"
manifestos_social_ideology_1491,1140001971,"Special educational needs. Children with special educational needs should be schooled in an environment appropriate to their needs - usually in local schools with appropriate support, or in specialist schools for those who need them.",LD,2005,Liberal,"{""1.51e+07"":-1}"
manifestos_social_ideology_1492,60009091,"Parliament will remain free to enhance these rights, for example by a Freedom of Information Act.",Lab,1997,Liberal,"{""1.01e+07"":-1,""1.09e+07"":-1,""1.85e+07"":-1,""1.86e+07"":-1,""1.98e+07"":-1,""2.06e+07"":-1,""2.11e+07"":-1,""2.12e+07"":1,""2.13e+07"":-1,""568434"":-1}"
manifestos_social_ideology_1493,1120005701,We have increased the number of protected nature sites.,Lab,2001,Liberal,"{""1.53e+07"":-1,""1.82e+07"":-1}"
manifestos_social_ideology_1494,1090006551,"Labour believes that this unique inter-racial and inter-hemispheric organization can play a central role in fighting racism, hunger and human rights violations.",Lab,1992,Liberal,"{""1.51e+07"":-1,""1.57e+07"":-1,""1.87e+07"":-1,""2.05e+07"":-1}"
manifestos_social_ideology_1495,1150006721, Almost a third of people attending GP surgeries have mental health problems and mental health occupies approximately one third of a GP's time.,Lab,2005,Liberal,"{""1.84e+07"":-1}"
manifestos_social_ideology_1496,1080000071,"We can stay much as we are, in the same old muddle, with difficult decisions postponed.",LD,1992,Liberal,"{""1.57e+07"":-1,""1.96e+07"":-1,""2.13e+07"":-1}"
manifestos_social_ideology_1497,20007721,Extend the common rights of citizenship in Europe.,LD,1987,Liberal,"{""1.36e+07"":1,""1.89e+07"":-1,""2.11e+07"":-1,""2056455"":-1,""3307853"":-1,""4680678"":-1,""6161328"":-1,""7995027"":-1}"
manifestos_social_ideology_1498,60009471,We oppose a European federal superstate.,Lab,1997,Conservative,"{""2.08e+07"":1}"
manifestos_social_ideology_1499,1180008401,"We will continue to emphasise the value we place on citizenship, and the responsibilities as well as rights it brings, through the citizenship pledge and ceremony, and by strengthening the test of British values and traditions.",Lab,2010,Conservative,"{""1.52e+07"":1,""1911075"":1}"
manifestos_social_ideology_1500,1110006061,They play an important role in both education and the economy and are a means of promoting social inclusion.,LD,2001,Liberal,"{""1.57e+07"":-1,""2.14e+07"":-1,""9289597"":-1}"
manifestos_social_ideology_1501,1070016231,"its own education system which continues to excel, with more pupils leaving school better qualified and more going on to further and higher education",Con,1992,Liberal,"{""1.51e+07"":-1}"
manifestos_social_ideology_1502,1180008821,"Every child and young person should be entitled to five hours of art, music and culture per week, through learning to play a musical instrument, visiting local museums and joining film clubs, or taking part in local theatre.",Lab,2010,Liberal,"{""1.63e+07"":-1}"
manifestos_social_ideology_1503,20001691,Some Labour-controlled boroughs refuse to co-operate with the police in combating crime.,LD,1987,Conservative,"{""1.18e+07"":1,""1.24e+07"":1,""1.81e+07"":1,""1.88e+07"":1,""1.98e+07"":0,""2.00e+07"":1,""2.01e+07"":1,""2.06e+07"":1,""2.12e+07"":1,""2.13e+07"":1,""313343"":1,""8893451"":1,""946983"":1}"
manifestos_social_ideology_1504,1100001141,More rights for victim.,Con,2001,Conservative,"{""1.40e+07"":1,""1.42e+07"":1,""1.82e+07"":1,""1.93e+07"":1,""2.01e+07"":1}"
manifestos_social_ideology_1505,1150008961,"It is right that we do everything in our power to disrupt terrorist networks, and to challenge the conditions that help terrorism to breed.",Lab,2005,Liberal,"{""1.82e+07"":-1}"
manifestos_social_ideology_1506,1180008751,Protecting the integrity of professional sport is vital: we will toughen measures to combat cheating and the use of illegal substances in sport.,Lab,2010,Conservative,"{""1.51e+07"":1}"
manifestos_social_ideology_1507,1090002111,"We will also help the people often left out of good training opportunities, including the disabled, women returning after caring for children, and those with special educational needs.",Lab,1992,Liberal,"{""1.10e+07"":-1,""1.42e+07"":-1,""1.68e+07"":-1,""2.01e+07"":-1}"
manifestos_social_ideology_1508,1070007801,We will take forward our public appointments initiative.,Con,1992,Liberal,"{""1.30e+07"":-1,""1.40e+07"":-1,""1.57e+07"":-1}"
manifestos_social_ideology_1509,1130001351,"Last year a third of children left primary school unable to write properly and more than 40,000 teenagers left school without a single GCSE.",Con,2005,Conservative,"{""1.42e+07"":1,""2.00e+07"":1}"
manifestos_social_ideology_1510,1130003211,It is both inefficient and insensitive to local communities to impose uniform control from Whitehall.,Con,2005,Liberal,"{""1.42e+07"":-1}"
manifestos_social_ideology_1511,10007301,The courts have been empowered to strip drug traffickers of their profits.,Con,1987,Conservative,"{""1.24e+07"":1,""1.26e+07"":1,""1.53e+07"":1,""1.86e+07"":1,""2.04e+07"":1,""2.08e+07"":0,""2.09e+07"":1,""2.13e+07"":1,""2.14e+07"":1,""2361265"":1,""37796"":1,""8893451"":1}"
manifestos_social_ideology_1512,60008241,A modern House of Lords. The House of Lords must be reformed.,Lab,1997,Liberal,"{""2.02e+07"":-1,""2.11e+07"":-1,""2.12e+07"":-1}"
manifestos_social_ideology_1513,50005441,We will set up a Human Rights Commission to strengthen the protection of individual rights.,LD,1997,Liberal,"{""1.52e+07"":-1,""1.87e+07"":-1,""1.93e+07"":-1,""2.08e+07"":-1,""2.11e+07"":-1,""2.13e+07"":-1,""2.14e+07"":-1,""3307853"":-1,""5108677"":-1,""5112203"":-1,""5768369"":1,""8382218"":-1,""8836799"":-1}"
manifestos_social_ideology_1514,1120001251,and we will seek to extend the very best in culture and sport to all.,Lab,2001,Liberal,"{""1.30e+07"":-1,""1.51e+07"":-1}"
manifestos_social_ideology_1515,1120011931,We are investing to raise police numbers to their highest level ever.,Lab,2001,Conservative,"{""1.40e+07"":1,""1.63e+07"":1,""1.68e+07"":1,""1.93e+07"":1,""2.03e+07"":1}"
manifestos_social_ideology_1516,1140005241,The work of rebuilding trust and confidence should begin immediately.,LD,2005,Liberal,"{""1.73e+07"":-1}"
manifestos_social_ideology_1517,1170003211,"This will enable all children to choose to study, for example, separate sciences or modern languages at GCSE, or a vocational subject.",LD,2010,Liberal,"{""1.51e+07"":-1}"
manifestos_social_ideology_1518,1140005671,"We will press for a new round of multilateral arms reduction talks, retaining the UK's current minimum nuclear deterrent for the foreseeable future, until sufficient progress has been made towards the global elimination of such weapons.",LD,2005,Liberal,"{""1.96e+07"":-1}"
manifestos_social_ideology_1519,1080006491,Liberal Democrats will: Fight discrimination by incorporating the European Convention on Human Rights into UK law and then extending it into a full UK Bill of Rights.,LD,1992,Liberal,"{""1.10e+07"":-1,""1.52e+07"":-1,""1.53e+07"":-1,""1.71e+07"":-1,""1.74e+07"":-1,""1.86e+07"":-1,""1.93e+07"":-1,""2.01e+07"":-1,""2.08e+07"":-1,""2.09e+07"":-1,""2.11e+07"":-1,""2.13e+07"":-1}"
manifestos_social_ideology_1520,1160006601,Our schools revolution will create a new generation of good small schools with smaller class sizes and high standards of discipline.,Con,2010,Conservative,"{""2.01e+07"":1}"
manifestos_social_ideology_1521,1180005911,The cancer guarantee will ensure that all patients see a cancer specialist within two weeks of GP referral and that all cancer tests will be completed and the results received within just one week - helping save tens of thousands of lives over the next ten years.,Lab,2010,Liberal,"{""6340562"":-1}"
manifestos_social_ideology_1522,1080006481,Yet in today's Britain many groups of individuals are systematically discriminated against by a society which fails to recognise their right to equality of opportunity.,LD,1992,Liberal,"{""1.10e+07"":-1,""1.51e+07"":-1,""1.52e+07"":-1,""1.63e+07"":-1}"
manifestos_social_ideology_1523,1100001201,Conservatives will trust the instincts of the mainstream majority on law and order.,Con,2001,Conservative,"{""1.40e+07"":1,""1.68e+07"":1,""1.82e+07"":1,""1.96e+07"":1}"
manifestos_social_ideology_1524,1150000741,My call is a passionate one: let's together make irreversible the positive changes that are happening in our country.,Lab,2005,Liberal,"{""1.41e+07"":-1}"
manifestos_social_ideology_1525,30004341,We would then become the ninth - of the sixteen NATO members - which do not have US nuclear weapons on their territory.,Lab,1987,Liberal,"{""2.02e+07"":-1}"
manifestos_social_ideology_1526,1100007041,But we will restore balance to our vandalised democracy.,Con,2001,Conservative,"{""1.82e+07"":1}"
manifestos_social_ideology_1527,1160000431,"In a simple phrase, the change we offer is from big government to Big Society.",Con,2010,Conservative,"{""1.30e+07"":1}"
manifestos_social_ideology_1528,40011291,A choice of two futures.,Con,1997,Liberal,"{""2.08e+07"":-1}"
manifestos_social_ideology_1529,50007861,"We support the extension of the security guarantees, from which western Europe has benefited, to the new democracies of central and eastern Europe.",LD,1997,Liberal,"{""2.10e+07"":-1}"
manifestos_social_ideology_1530,1180006121,Safety and cleanliness   We will ensure all hospitals are clean and safe for both patients and staff.,Lab,2010,Liberal,"{""1.53e+07"":-1}"
manifestos_social_ideology_1531,1110010551,Too many UN Conventions and Security Council resolutions are flouted and ignored.,LD,2001,Liberal,"{""1.10e+07"":-1}"
manifestos_social_ideology_1532,1070008271,"We will continue to increase the Special Constabulary, which has seen a rise in recruitment this year of 10 per cent.",Con,1992,Conservative,"{""1.42e+07"":-1,""1.53e+07"":1,""1.71e+07"":1,""1.74e+07"":1,""1.82e+07"":1,""1.86e+07"":1,""2.08e+07"":1,""2.09e+07"":1,""2.11e+07"":0,""2.13e+07"":1}"
manifestos_social_ideology_1533,1140000071,We have stuck to our principles: from our opposition to the war in Iraq to our defence of fundamental civil liberties over control orders.,LD,2005,Liberal,"{""1.42e+07"":-1,""1.82e+07"":-1}"
manifestos_social_ideology_1534,1110008731,We believe that the issue of hunting with hounds should be settled by MPs on a free vote.,LD,2001,Liberal,"{""1.57e+07"":-1}"
manifestos_social_ideology_1535,1090003421,Opted-out schools will be freed from central government control and brought together with City Technology Colleges into the mainstream of the local school system.,Lab,1992,Liberal,"{""1.16e+07"":-1}"
manifestos_social_ideology_1536,1170008131,End plans to store your email and internet records without good cause.,LD,2010,Liberal,"{""1.87e+07"":-1,""2.13e+07"":-1}"
manifestos_social_ideology_1537,1090002871,Ethnic minorities will have the right to obtain the diet required by their religious beliefs.,Lab,1992,Liberal,"{""1.10e+07"":-1,""1.93e+07"":-1,""2.05e+07"":-1}"
manifestos_social_ideology_1538,1120015861,Labour is committed to strengthening our partnership for development with Africa.,Lab,2001,Liberal,"{""1.57e+07"":-1}"
manifestos_social_ideology_1539,1120012801,"Courts. The current system, split between magistrates and crown courts, needs reform.",Lab,2001,Conservative,"{""1.42e+07"":1,""2.03e+07"":1}"
manifestos_social_ideology_1540,1150005581,But we also need to disrupt and prevent terrorist activity.,Lab,2005,Conservative,"{""1.40e+07"":1,""1.52e+07"":1,""1.68e+07"":1,""1.82e+07"":1}"
manifestos_social_ideology_1541,1120006961,"We will establish more City Academies, and promote greater innovation in the supply of new schools with local consultation.",Lab,2001,Conservative,"{""6355305"":1}"
manifestos_social_ideology_1542,1070008501,Squatting is nothing less than the seizure of another's property without consent.,Con,1992,Conservative,"{""1.68e+07"":1,""2.01e+07"":1,""2.05e+07"":1,""6342862"":1}"
manifestos_social_ideology_1543,10007571,continue our present prison building programme and achieve more professional and efficient working practices in the prison service,Con,1987,Conservative,"{""1.24e+07"":1,""1.32e+07"":1,""1.83e+07"":1,""1.93e+07"":1,""2.04e+07"":-1,""2.06e+07"":1,""2.08e+07"":1,""2.09e+07"":1,""2.11e+07"":1,""2.12e+07"":1,""2.13e+07"":1,""37796"":-1,""4342571"":1,""8893451"":-1}"
manifestos_social_ideology_1544,60001251,"I pledge to Britain a government which shares their hopes, which understands their fears, and which will work as partners with and for all our people, not just the privileged few.",Lab,1997,Liberal,"{""1.53e+07"":-1,""1.86e+07"":-1,""1.98e+07"":-1,""2.09e+07"":-1,""2.10e+07"":-1,""3307853"":-1,""5112203"":-1}"
manifestos_social_ideology_1545,1130001361,Examinations have been devalued so that it is possible to secure a ‘C' Grade at GCSE maths with just 16 per cent.,Con,2005,Conservative,"{""2.00e+07"":1}"
manifestos_social_ideology_1546,1130002681,Only two out of every ten asylum seekers are found to have a genuine claim.,Con,2005,Conservative,"{""1.13e+07"":1,""1.30e+07"":1,""1.73e+07"":1,""2.00e+07"":1}"
manifestos_social_ideology_1547,1160010371,"We need to act now to enhance biodiversity, protect our countryside and marine environment, and secure the vital eco-systems that sustain life on land, in our rivers and in our seas.",Con,2010,Liberal,"{""1.51e+07"":-1}"
manifestos_social_ideology_1548,60000041,'New Labour is a party of ideas and ideals but not of outdated ideology.,Lab,1997,Liberal,"{""2.14e+07"":-1}"
manifestos_social_ideology_1549,1070000061,I believe in a responsible society Government's duties are clear: to protect Britain in a dangerous world,Con,1992,Conservative,"{""1.57e+07"":1}"
manifestos_social_ideology_1550,1070006251,We will continue to expand higher education and training.,Con,1992,Liberal,"{""5647650"":-1}"
manifestos_social_ideology_1551,40008361,"The Conservative Government has a comprehensive strategy, launched in 1995, committed to fighting drugs in communities and in schools.",Con,1997,Conservative,"{""1.01e+07"":1,""1.09e+07"":1,""1.19e+07"":1,""1.45e+07"":1,""1.81e+07"":1,""1.85e+07"":-1,""2.00e+07"":1,""2.05e+07"":-1,""2.10e+07"":1,""2.13e+07"":1,""3307853"":1,""3385164"":1,""5270743"":1,""7918256"":1}"
manifestos_social_ideology_1552,1110000811,We will introduce a scorecard system that takes account not just of clinical need but also of the needs of the patient.,LD,2001,Liberal,"{""1.42e+07"":-1,""6355305"":-1}"
manifestos_social_ideology_1553,1120014001,And the number of murders has been drastically reduced.,Lab,2001,Conservative,"{""1.10e+07"":1,""1.51e+07"":1,""1.93e+07"":1}"
manifestos_social_ideology_1554,1170003361,"We will ensure that all faith schools develop an inclusive admissions policy and end unfair discrimination on grounds of faith when recruiting staff, except for those principally responsible for optional religious instruction.",LD,2010,Liberal,"{""1.10e+07"":-1,""1.57e+07"":-1,""1.87e+07"":-1,""2.05e+07"":-1}"
manifestos_social_ideology_1555,1110008671,We will establish an Animal Protection Commission to strengthen animal welfare protection.,LD,2001,Liberal,"{""1.42e+07"":-1,""1.82e+07"":-1}"
manifestos_social_ideology_1556,1110004051,Encourage the use of Acceptable Behaviour Contracts (ABCs).,LD,2001,Liberal,"{""1.30e+07"":-1,""1.66e+07"":-1,""1.87e+07"":-1}"
manifestos_social_ideology_1557,20002101,They will have: More police on the streets,LD,1987,Conservative,"{""1.09e+07"":1,""1.10e+07"":1,""1.13e+07"":1,""1.21e+07"":1,""1.30e+07"":0,""1.32e+07"":1,""1.40e+07"":1,""1.42e+07"":1,""1.45e+07"":0,""1.49e+07"":1,""1.51e+07"":0,""1.52e+07"":-1,""1.57e+07"":1,""1.58e+07"":1,""1.68e+07"":1,""1.71e+07"":1,""1.76e+07"":1,""1.85e+07"":0,""1.87e+07"":1,""1.89e+07"":1,""1.93e+07"":1,""1.94e+07"":1,""1.96e+07"":1,""1.98e+07"":1,""1054502"":1,""1886681"":1,""2.00e+07"":1,""2.01e+07"":1,""2.02e+07"":0,""2.04e+07"":1,""2.06e+07"":1,""2.07e+07"":-1,""2.08e+07"":1,""2.09e+07"":1,""2.10e+07"":1,""2.11e+07"":1,""2.12e+07"":1,""2.13e+07"":1,""2.14e+07"":1,""2.19e+07"":1,""2.20e+07"":1,""2.21e+07"":1,""2785872"":1,""4680678"":1,""5112203"":-1,""5536796"":-1,""6161328"":1,""7395284"":1,""7502519"":1,""7557336"":1,""787803"":1,""7918256"":1,""8273320"":1,""8382218"":1,""946983"":1}"
manifestos_social_ideology_1558,1110008591,We believe that there should be a presumption in favour of an individual's freedom from intrusion into their private life and that it should be up to the Government to prove the need for it.,LD,2001,Liberal,"{""1.04e+07"":-1,""1.13e+07"":-1,""1.53e+07"":-1,""1.57e+07"":-1}"
manifestos_social_ideology_1559,1120002031,"10,000 more teachers.",Lab,2001,Liberal,"{""1.51e+07"":-1,""1.53e+07"":-1}"
manifestos_social_ideology_1560,1120004541,"The government insists it maintains the highest health, safety and environmental standards.",Lab,2001,Liberal,"{""1.51e+07"":-1,""1.53e+07"":-1}"
manifestos_social_ideology_1561,1160006591,"Give every parent access to a good school. Drawing on the experience of the Swedish school reforms and the charter school movement in the United States, we will break down barriers to entry so that any good education provider can set up a new Academy school.",Con,2010,Liberal,"{""1.51e+07"":-1}"
manifestos_social_ideology_1562,1130002471,"They will be told, in open court, the minimum time that they will serve behind bars.",Con,2005,Conservative,"{""1.10e+07"":1,""1.30e+07"":1,""1.82e+07"":1,""1.88e+07"":1,""2.00e+07"":1}"
manifestos_social_ideology_1563,1080006591,Young people will have the right to confidential medical advice and treatment.,LD,1992,Liberal,"{""1.51e+07"":-1,""1.53e+07"":-1,""1.86e+07"":-1,""2.09e+07"":-1,""2.13e+07"":-1}"
manifestos_social_ideology_1564,1170006391,"Reform the police, with a full review of the very restrictive terms and conditions for police officer employment.",LD,2010,Conservative,"{""1.10e+07"":1,""1.52e+07"":1,""1.57e+07"":1,""1.82e+07"":1}"
manifestos_social_ideology_1565,1110008201,Labour has made a start but has fallen short of building the truly open society we want to see.,LD,2001,Liberal,"{""1.42e+07"":-1,""1.82e+07"":-1}"
manifestos_social_ideology_1566,1140006091,Britain and the EU must take the lead on negotiations for the next set of targets for greenhouse gas emissions.,LD,2005,Liberal,"{""2.00e+07"":-1}"
manifestos_social_ideology_1567,30003851,Labour will play a full part in the United Nations Organisation and the Commonwealth.,Lab,1987,Liberal,"{""2.14e+07"":-1}"
manifestos_social_ideology_1568,1120006011,"By 2010, we want a majority of Britain's young people entering higher education.",Lab,2001,Liberal,"{""1.42e+07"":-1,""1.57e+07"":-1,""6342862"":-1}"
manifestos_social_ideology_1569,1170003801,"People often struggle to get convenient access to GP services, and poorer areas are less well served by the NHS, contributing to widening health inequalities.",LD,2010,Liberal,"{""1.51e+07"":-1}"
manifestos_social_ideology_1570,1180013451,"Use our international reach to build security and stability - combating terrorism and extremism, curbing proliferation, preventing and resolving conflict, and tackling climate change.",Lab,2010,Conservative,"{""1.10e+07"":1,""1.40e+07"":1}"
manifestos_social_ideology_1571,1090005171,The work of the Rural Development Commission and the Development Board for Rural Wales will be boosted.,Lab,1992,Liberal,"{""1.51e+07"":-1,""6376956"":-1}"
manifestos_social_ideology_1572,1070014081,He will chair a new Transport Working Group which will bring together public transport operators from both public and private sectors - to discuss transport issues in London.,Con,1992,Conservative,"{""1.47e+07"":1}"
manifestos_social_ideology_1573,1140007101,Today we have the nanny state with a vengeance.,LD,2005,Conservative,"{""1.88e+07"":1}"
manifestos_social_ideology_1574,1080006701,We will repeal Section 28 of the 1988 Local Government Act.,LD,1992,Liberal,"{""1.51e+07"":-1,""1.52e+07"":-1,""1.68e+07"":-1}"
manifestos_social_ideology_1575,1120013181,This applies in the public and private sectors.,Lab,2001,Liberal,"{""1.42e+07"":-1,""1.68e+07"":-1}"
manifestos_social_ideology_1576,1130002221,"Crime blights lives and ruins communities: it should not be excused, but condemned and punished.",Con,2005,Conservative,"{""1.42e+07"":1,""1.51e+07"":1,""1.57e+07"":1,""1.63e+07"":1,""2.03e+07"":1}"
manifestos_social_ideology_1577,1160009361,curtailing the surveillance powers that allow some councils to use anti-terrorism laws to spy on people making trivial mistakes or minor breaches of the rules,Con,2010,Liberal,"{""1.10e+07"":-1,""1.57e+07"":-1,""2.02e+07"":-1,""5647650"":-1}"
manifestos_social_ideology_1578,1120016651,"9 More health service workers Ð 20,000 more nurses, and at least 10,000 more doctors",Lab,2001,Liberal,"{""1.42e+07"":-1}"
manifestos_social_ideology_1579,1070006771,"We are giving further education colleges and sixth form colleges in England and Wales autonomy, free from council control.",Con,1992,Liberal,"{""1.51e+07"":-1,""6342862"":-1}"
manifestos_social_ideology_1580,1070010151,We will ensure that comparative information about the health standards achieved by health authorities is available to the public.,Con,1992,Conservative,"{""1.57e+07"":1,""2.04e+07"":1}"
manifestos_social_ideology_1581,1120007981,"Our ambition is to prevent 300,000 avoidable deaths over the next decade ",Lab,2001,Liberal,"{""1.42e+07"":-1}"
manifestos_social_ideology_1582,1120006741,Strong school leadership and better teaching have turned around 700 failing schools.,Lab,2001,Liberal,"{""1.51e+07"":-1,""1.53e+07"":-1}"
manifestos_social_ideology_1583,1090005621,"We will work with the legal profession to open up new opportunities to women and to black and ethnic minority groups, and create an independent judicial appointments commission.",Lab,1992,Liberal,"{""1.10e+07"":-1,""1.41e+07"":-1,""1.57e+07"":-1,""1.93e+07"":-1,""2.03e+07"":-1}"
manifestos_social_ideology_1584,1070008201,At least five police forces are already leading the way with charters setting out their targets.,Con,1992,Conservative,"{""1.10e+07"":1,""1.40e+07"":1,""1.42e+07"":1,""1.63e+07"":1}"
manifestos_social_ideology_1585,1080003191,"Create a new Department of Natural Resources will sole responsibility for environmental protection, leaving the Department of the Environment to cover local government and housing.",LD,1992,Liberal,"{""1.51e+07"":-1}"
manifestos_social_ideology_1586,1150006851,We will legislate for tougher standards of nutrition for school meals and will encourage schools to teach more about healthy eating.,Lab,2005,Liberal,"{""1.42e+07"":-1}"
manifestos_social_ideology_1587,1170006111,Remain committed to the search for a peaceful resolution of the Israeli-Palestinian conflict.,LD,2010,Liberal,"{""1.82e+07"":-1}"
manifestos_social_ideology_1588,1160010391,"Conserve wildlife. Too many animals remain at risk of extinction, and climate change will put even more pressure on endangered species and precious habitats.",Con,2010,Liberal,"{""1.51e+07"":-1}"
manifestos_social_ideology_1589,1120008481,"We will take action to protect NHS staff from violence and abuse, and reform the clinical negligence system.",Lab,2001,Liberal,"{""1.10e+07"":-1}"
manifestos_social_ideology_1590,1090005181,The ecological richness of our countryside must be protected.,Lab,1992,Liberal,"{""1.51e+07"":-1}"
manifestos_social_ideology_1591,20007831,"The Alliance is committed to NATO, and we accept the obligations of NATO, including the presence of Allied bases and nuclear weapons on British soil on the basis of clear arrangements for a British veto over their operations including where appropriate, dual-key systems",LD,1987,Conservative,"{""1.18e+07"":1,""2.10e+07"":1}"
manifestos_social_ideology_1592,1150000711,"It is our social contract: we help you, you help yourself",Lab,2005,Liberal,"{""1.40e+07"":-1}"
manifestos_social_ideology_1593,1080008661,Strengthen the constitutional rights of individual within Northern Ireland.,LD,1992,Liberal,"{""1.68e+07"":-1}"
manifestos_social_ideology_1594,1170005591,"Alongside fighting conventional wars, they seek to protect us from the threats of terrorism, maintain the peace, undertake conflict prevention and help facilitate development in poorer nations.",LD,2010,Conservative,"{""1.82e+07"":1,""2.01e+07"":1,""6342862"":1}"
manifestos_social_ideology_1595,1120002201,"Labour's ten-year goal is a maximum waiting time of three months as we become a healthier nation with fast, high-quality treatment, free at the point of use.",Lab,2001,Liberal,"{""1.51e+07"":-1,""1.53e+07"":-1}"
manifestos_social_ideology_1596,1100000661,"These reforms will lead to schools of the sort parents want - schools with high standards, schools which have their own traditions, a distinct ethos and which wear their school uniform with pride.",Con,2001,Liberal,"{""1.51e+07"":-1}"
manifestos_social_ideology_1597,20007881,We will seek to revive negotiations on a Comprehensive Test Ban.,LD,1987,Liberal,"{""2.02e+07"":-1}"
manifestos_social_ideology_1598,1080004571,Reward academic and vocational achievements.,LD,1992,Liberal,"{""1.51e+07"":-1}"
manifestos_social_ideology_1599,1180008371,we will build on this to ensure that all employees who have contact with the public possess an appropriate level of English language competence.,Lab,2010,Conservative,"{""1.40e+07"":1,""1.42e+07"":1,""1.52e+07"":1}"
manifestos_social_ideology_1600,1080003351,We will complete the study on the construction of a Severn Barrage.,LD,1992,Liberal,"{""1.51e+07"":-1}"
manifestos_social_ideology_1601,60005271,Reform Crown Prosecution Service to convict more criminals ,Lab,1997,Conservative,"{""1.01e+07"":1,""1.10e+07"":1,""1.11e+07"":0,""1.12e+07"":0,""1.13e+07"":1,""1.18e+07"":1,""1.30e+07"":1,""1.32e+07"":1,""1.35e+07"":1,""1.40e+07"":1,""1.41e+07"":1,""1.43e+07"":1,""1.51e+07"":1,""1.52e+07"":1,""1.53e+07"":1,""1.54e+07"":1,""1.57e+07"":1,""1.59e+07"":1,""1.66e+07"":-1,""1.68e+07"":1,""1.74e+07"":1,""1.75e+07"":1,""1.77e+07"":1,""1.81e+07"":1,""1.82e+07"":1,""1.83e+07"":1,""1.84e+07"":1,""1.86e+07"":1,""1.87e+07"":1,""1.93e+07"":1,""1.95e+07"":-1,""153565"":1,""2.00e+07"":1,""2.01e+07"":1,""2.02e+07"":1,""2.03e+07"":1,""2.05e+07"":1,""2.06e+07"":1,""2.07e+07"":1,""2.08e+07"":-1,""2.09e+07"":1,""2.10e+07"":1,""2.11e+07"":-1,""2.12e+07"":1,""2.13e+07"":1,""2.14e+07"":1,""2.21e+07"":1,""4073093"":1,""4174314"":1,""7990814"":1,""9169061"":1}"
manifestos_social_ideology_1602,50002391,The Prime Minister will report to Parliament each year on the country's success in meeting these environmental targets.,LD,1997,Liberal,"{""1.53e+07"":-1,""1.86e+07"":-1,""1.95e+07"":-1,""2.08e+07"":-1,""2.09e+07"":-1,""2.11e+07"":-1,""2.13e+07"":-1}"
manifestos_social_ideology_1603,1080004561,We aim to reduce maximum class sizes so that no registration class in the coutnry need have more than 30 pupils.,LD,1992,Liberal,"{""1.51e+07"":-1}"
manifestos_social_ideology_1604,1110002351,Often children deprived in these early years never catch up.,LD,2001,Liberal,"{""1.42e+07"":-1,""6355305"":-1}"
manifestos_social_ideology_1605,1090006271,"We shall use that presidency to end the Tories' opt-out from the Social Chapter, so that the British people can benefit from European safeguards.",Lab,1992,Liberal,"{""2.00e+07"":-1,""2.09e+07"":-1,""2.13e+07"":-1}"
manifestos_social_ideology_1606,1100003921,The last four years have seen our armed forces come under increased pressure.,Con,2001,Conservative,"{""2.20e+07"":1}"
manifestos_social_ideology_1607,10009461,We will retain our independent nuclear deterrent and modernise it with Trident.,Con,1987,Conservative,"{""5112203"":1}"
manifestos_social_ideology_1608,1140001271,Tens of thousands of patients die in the NHS every year without access to specialised care and pain management.,LD,2005,Liberal,"{""6340562"":-1}"
manifestos_social_ideology_1609,1160011591,"We will support humanitarian intervention when it is practical and necessary, while working with other countries to prevent conflict arising.",Con,2010,Conservative,"{""6340562"":1}"
manifestos_social_ideology_1610,1110007921,Build on the work of the Northern Ireland peace process.,LD,2001,Liberal,"{""1.82e+07"":-1}"
manifestos_social_ideology_1611,1100005081,Some of these numbers are fraudulent and we will clean them up.,Con,2001,Conservative,"{""2.20e+07"":1}"
manifestos_social_ideology_1612,1090003621,"First, a nursery education for all three and four year olds whose parents wish by the year 2000.",Lab,1992,Liberal,"{""1.51e+07"":-1}"
manifestos_social_ideology_1613,1120013371,The key is to hear cases swiftly as well as fairly.,Lab,2001,Liberal,"{""1.42e+07"":-1,""1.93e+07"":-1}"
manifestos_social_ideology_1614,1120007171,We will build on the success of more than 40 study centres based in leading football clubs by extending community involvement to other sports.,Lab,2001,Liberal,"{""2.03e+07"":-1}"
manifestos_social_ideology_1615,10007111,"Freedom, Law and Responsibility. Conservatives have always believed that a fundamental purpose of government is to protect the security of the citizen under the rule of law.",Con,1987,Conservative,"{""1.10e+07"":-1,""1.11e+07"":1,""1.13e+07"":1,""1.27e+07"":1,""1.30e+07"":1,""1.32e+07"":1,""1.37e+07"":1,""1.40e+07"":1,""1.41e+07"":1,""1.42e+07"":-1,""1.45e+07"":1,""1.51e+07"":-1,""1.52e+07"":1,""1.53e+07"":1,""1.54e+07"":1,""1.57e+07"":1,""1.58e+07"":1,""1.63e+07"":1,""1.65e+07"":1,""1.68e+07"":1,""1.74e+07"":0,""1.75e+07"":-1,""1.76e+07"":0,""1.81e+07"":0,""1.82e+07"":-1,""1.85e+07"":0,""1.86e+07"":1,""1.88e+07"":1,""1.93e+07"":1,""1.94e+07"":1,""1.95e+07"":1,""1.96e+07"":1,""1.98e+07"":1,""2.00e+07"":1,""2.01e+07"":1,""2.02e+07"":1,""2.03e+07"":1,""2.04e+07"":-1,""2.05e+07"":1,""2.06e+07"":-1,""2.07e+07"":1,""2.08e+07"":1,""2.09e+07"":1,""2.10e+07"":1,""2.11e+07"":1,""2.12e+07"":1,""2.13e+07"":1,""2.14e+07"":1,""2.15e+07"":1,""2.18e+07"":1,""3574338"":1,""37796"":1,""5643547"":1,""5983773"":1,""5993386"":0,""5995438"":1,""6336109"":1,""6340562"":1,""7918256"":1,""8382218"":1,""886"":1}"
manifestos_social_ideology_1616,1180005021,"Through Children's Trusts, children and youth services will work closely with schools and colleges, increasingly co-locating wider children's services with schools.",Lab,2010,Liberal,"{""1.84e+07"":-1}"
manifestos_social_ideology_1617,1170000891,"We will reinvigorate our democracy by dispersing power, breaking open Westminster and Whitehall and embracing fair votes for every level of election.",LD,2010,Liberal,"{""1.53e+07"":-1,""2.07e+07"":-1}"
manifestos_social_ideology_1618,50000011,Liberal Democrat Constitution. INTRODUCTION.  This will be the last election of this century.,LD,1997,Liberal,"{""2.11e+07"":-1}"
manifestos_social_ideology_1619,1150011801,"In the next Parliament we will establish a Commission on Equality and Human Rights to promote equality for all and, tackle discrimination, and introduce a Single Equality Act to modernise and simplify equality legislation.",Lab,2005,Liberal,"{""1.10e+07"":-1,""1.41e+07"":-1,""1.52e+07"":-1,""1.82e+07"":-1,""1.93e+07"":-1}"
manifestos_social_ideology_1620,1180000951,But it is changing fast.,Lab,2010,Liberal,"{""1.10e+07"":-1}"
manifestos_social_ideology_1621,1070001211,We will promote the development of multi- party systems through the new Westminster Foundation for Democracy.,Con,1992,Liberal,"{""1.41e+07"":-1}"
manifestos_social_ideology_1622,1110008421,Free immigration laws from discrimination.,LD,2001,Liberal,"{""1.10e+07"":-1,""1.41e+07"":-1,""1.63e+07"":-1,""1.88e+07"":-1,""1.95e+07"":-1}"
manifestos_social_ideology_1623,1120002141,"introduce new vocational options from 14 onwards, with expanded apprenticeship opportunities ",Lab,2001,Liberal,"{""1.51e+07"":-1}"
manifestos_social_ideology_1624,1100000821,Britain has some excellent schools.,Con,2001,Liberal,"{""1.51e+07"":-1}"
manifestos_social_ideology_1625,1170006291,"Labour and the Conservatives posture on penalties, which do not deter criminals.",LD,2010,Conservative,"{""1.10e+07"":1,""1.57e+07"":1}"
manifestos_social_ideology_1626,50006951,We will draw up a Charter of Rights setting out what our new Bill of Rights means for disabled people.,LD,1997,Liberal,"{""1.10e+07"":-1,""1.13e+07"":-1,""1.15e+07"":-1,""1.20e+07"":-1,""1.24e+07"":-1,""1.25e+07"":0,""1.30e+07"":-1,""1.40e+07"":-1,""1.42e+07"":-1,""1.45e+07"":-1,""1.49e+07"":-1,""1.52e+07"":-1,""1.53e+07"":-1,""1.57e+07"":-1,""1.63e+07"":1,""1.68e+07"":-1,""1.81e+07"":-1,""1.87e+07"":-1,""1.88e+07"":-1,""1.95e+07"":-1,""2.01e+07"":-1,""2.03e+07"":-1,""2.04e+07"":-1,""2.06e+07"":-1,""2.10e+07"":-1,""2.11e+07"":-1,""2.12e+07"":1,""2.13e+07"":-1,""2.14e+07"":-1,""2.20e+07"":-1,""313343"":-1,""3307853"":-1,""3385164"":-1,""3559862"":-1,""3773194"":-1,""5112203"":-1,""5270743"":-1,""5324079"":-1,""5751985"":-1,""6116202"":-1,""6430428"":-1,""6909651"":1,""7557336"":-1,""7918256"":-1,""7954010"":-1,""7995027"":-1,""8113176"":1,""8836799"":-1,""8902985"":-1,""946983"":-1}"
manifestos_social_ideology_1627,1140000911,Labour and Conservative politicians talk about 'choice' - but health care isn't like choosing a supermarket or a pair of shoes.,LD,2005,Liberal,"{""1.42e+07"":-1}"
manifestos_social_ideology_1628,1150011161,A better alternative for young people. We know that parents and young people think that there should be more things to do and places to go for teenagers.,Lab,2005,Liberal,"{""1.42e+07"":-1,""1.57e+07"":-1,""6342862"":-1}"
manifestos_social_ideology_1629,50007121,Free immigration laws from racial discrimination.,LD,1997,Liberal,"{""1.10e+07"":-1,""1.20e+07"":-1,""1.24e+07"":-1,""1.35e+07"":-1,""1.40e+07"":-1,""1.41e+07"":-1,""1.42e+07"":-1,""1.45e+07"":-1,""1.51e+07"":-1,""1.52e+07"":-1,""1.53e+07"":-1,""1.57e+07"":-1,""1.59e+07"":-1,""1.66e+07"":-1,""1.68e+07"":-1,""1.71e+07"":-1,""1.74e+07"":-1,""1.79e+07"":-1,""1.82e+07"":-1,""1.83e+07"":-1,""1.84e+07"":-1,""1.86e+07"":-1,""1.87e+07"":-1,""1.88e+07"":-1,""1.89e+07"":-1,""1.91e+07"":-1,""1.93e+07"":-1,""1.95e+07"":-1,""2.01e+07"":-1,""2.02e+07"":1,""2.04e+07"":-1,""2.06e+07"":1,""2.08e+07"":-1,""2.09e+07"":-1,""2.10e+07"":-1,""2.11e+07"":-1,""2.12e+07"":-1,""2.13e+07"":-1,""2.14e+07"":-1,""2.18e+07"":-1,""2.20e+07"":-1,""7557336"":-1,""7881274"":-1,""8382218"":1,""8893451"":-1,""9169061"":-1}"
manifestos_social_ideology_1630,30003561,"In addition, Labour will take firm action to promote racial equality, to attack racial discrimination and to encourage contract compliance and other positive means of ensuring equity for all citizens.",Lab,1987,Liberal,"{""1.45e+07"":-1,""1.83e+07"":-1,""1.86e+07"":-1,""1.87e+07"":-1,""1.88e+07"":-1,""1.93e+07"":-1,""1.98e+07"":-1,""2.06e+07"":-1,""2.09e+07"":-1,""2.10e+07"":-1,""2.13e+07"":-1,""4680678"":-1,""5112203"":-1,""8968750"":-1,""946983"":-1,""9703593"":-1}"
manifestos_social_ideology_1631,1120008261,We will give every citizen a personal smartcard containing key medical data giving access to their medical records.,Lab,2001,Liberal,"{""6355305"":-1}"
manifestos_social_ideology_1632,1120013191,"There are too few black and Asian staff in key public services and, in almost all organisations, far too few in middle and senior grades.",Lab,2001,Liberal,"{""1.51e+07"":-1,""1.57e+07"":-1,""1.68e+07"":-1,""2.01e+07"":-1}"
manifestos_social_ideology_1633,1070013441,"from Cardiff to Newcastle, historic buildings have been restored and areas which had been run down have been transformed.",Con,1992,Liberal,"{""1.53e+07"":-1}"
manifestos_social_ideology_1634,10009611,"We can look forward to an agreement this year which will, for the first time, reduce the numbers of nuclear weapons.",Con,1987,Liberal,"{""1.32e+07"":-1,""1.99e+07"":-1}"
manifestos_social_ideology_1635,1150010931, Building from the neighbourhood up. People want a sense of control over their own neighbourhood.,Lab,2005,Conservative,"{""1.30e+07"":1}"
manifestos_social_ideology_1636,1080008341,Consulting Local Citizens. Local Democrats want local councils to be as responsive and accountable to their local citizens as possible.,LD,1992,Liberal,"{""1.42e+07"":-1}"
manifestos_social_ideology_1637,1100000711,We will free every school in the country from bureaucratic control and allow them to shape their own character.,Con,2001,Liberal,"{""1.51e+07"":-1}"
manifestos_social_ideology_1638,1140001391, and we will require food and drink sold in vending machines on school premises to meet minimum health and nutrition standards.,LD,2005,Liberal,"{""1.73e+07"":-1}"
manifestos_social_ideology_1639,1120006631,The lowest-scoring Local Education Authorities (LEAs) are now achieving better results than the national average in 1996.,Lab,2001,Liberal,"{""1.68e+07"":-1}"
manifestos_social_ideology_1640,1120010021,we have legislated so those with special needs or disabilities have equal access to education.,Lab,2001,Liberal,"{""1.51e+07"":-1}"
manifestos_social_ideology_1641,1070006171,"For example, when the Committees of the Cabinet are reconstituted after the election we will, for the first time, set out their names and membership.",Con,1992,Liberal,"{""2.18e+07"":-1}"
manifestos_social_ideology_1642,1110006171,Encourage artists and artistic diversity.,LD,2001,Liberal,"{""1.30e+07"":-1,""1.42e+07"":-1}"
manifestos_social_ideology_1643,1080004541,"Supplemented by individual diagnostic testing, this will replace the current Standard Assessment Tasks in order to raise standards.",LD,1992,Liberal,"{""1.94e+07"":-1}"
manifestos_social_ideology_1644,60008321,A committee of both Houses of Parliament will be appointed to undertake a wide-ranging review of possible further change and then to bring forward proposals for reform.,Lab,1997,Liberal,"{""2.09e+07"":-1}"
manifestos_social_ideology_1645,1070008091,"We will be encouraging police forces to develop local Community Policing, to link the police more closely with the communities they protect.",Con,1992,Conservative,"{""1.41e+07"":1,""1.57e+07"":1,""1.82e+07"":1,""1.93e+07"":1,""1.96e+07"":1}"
manifestos_social_ideology_1646,50007211,Diversity is a source of strength.,LD,1997,Liberal,"{""1.10e+07"":-1,""1.20e+07"":-1,""1.30e+07"":-1,""1.51e+07"":-1,""1.52e+07"":-1,""1.57e+07"":-1,""1.59e+07"":-1,""1.63e+07"":-1,""1.65e+07"":-1,""1.74e+07"":-1,""1.75e+07"":-1,""1.78e+07"":-1,""1.79e+07"":-1,""1.81e+07"":-1,""1.86e+07"":-1,""1.90e+07"":-1,""1.93e+07"":-1,""1.95e+07"":-1,""1.98e+07"":-1,""1171781"":-1,""2.01e+07"":1,""2.02e+07"":1,""2.03e+07"":-1,""2.04e+07"":-1,""2.05e+07"":-1,""2.06e+07"":1,""2.07e+07"":-1,""2.09e+07"":-1,""2.10e+07"":-1,""2.11e+07"":-1,""2.12e+07"":-1,""2.13e+07"":-1,""2.14e+07"":-1,""2.20e+07"":-1,""247085"":-1,""37796"":-1,""5993386"":-1,""6337523"":-1,""7918256"":-1,""8382218"":-1,""886"":-1,""9666339"":-1}"
manifestos_social_ideology_1647,10007521,We have already signed an extradition treaty with the United States which will make it more difficult for terrorists to escape British justice: now we will reform our own law on extradition so as to make still more effective the international war against crime.,Con,1987,Conservative,"{""1.01e+07"":1,""1.03e+07"":1,""1.09e+07"":1,""1.18e+07"":1,""1.20e+07"":1,""1.53e+07"":1,""1.76e+07"":1,""2.13e+07"":1,""37796"":1,""5112203"":1,""6340793"":1,""8893451"":1}"
manifestos_social_ideology_1648,1080006221,We will: Create a new Ministry of Arts and Communications headed by a minister in the Cabinet.,LD,1992,Liberal,"{""1.51e+07"":-1}"
manifestos_social_ideology_1649,10008771,introduce new laws giving extra protection to the landscape of our National Parks,Con,1987,Liberal,"{""1.53e+07"":-1,""1.86e+07"":-1,""1.89e+07"":1,""2.08e+07"":-1,""2.09e+07"":-1,""2.12e+07"":-1,""2.13e+07"":-1,""3559862"":0,""5112203"":-1,""946983"":-1}"
manifestos_social_ideology_1650,1110000141,"Without steps to preserve our planet for future generations, none of our other policies would have much purpose.",LD,2001,Liberal,"{""1.42e+07"":-1}"
manifestos_social_ideology_1651,1170005351,Co-ordinated international action and effective global institutions are necessary to help create a sustainable future and improve the quality of life of all the world's citizens.,LD,2010,Liberal,"{""1.82e+07"":-1}"
manifestos_social_ideology_1652,1100000221,Freedom for headteachers and governors to run their own schools.,Con,2001,Liberal,"{""1.51e+07"":-1}"
manifestos_social_ideology_1653,1170006621,"No-one has any idea how many people are here illegally, and there aren't even exit checks at all ports and airports to ensure that people here on temporary visas go home on time.",LD,2010,Conservative,"{""1.52e+07"":1,""1.57e+07"":1,""1.82e+07"":1}"
manifestos_social_ideology_1654,60008541,A sovereign Westminster Parliament will devolve power to Scotland and Wales.,Lab,1997,Conservative,"{""1.96e+07"":1,""568434"":1}"
manifestos_social_ideology_1655,1110001541,Liberal Democrats will:  Cut class sizes to 25 on average for 5-11 year-olds.,LD,2001,Liberal,"{""1.30e+07"":-1,""6355305"":-1}"
manifestos_social_ideology_1656,1070009141,We propose to allow judges to settle the level of damages in libel cases where the defendant offers to pay to make amends.,Con,1992,Liberal,"{""1.52e+07"":-1,""1.68e+07"":-1,""1.82e+07"":-1}"
manifestos_social_ideology_1657,1090002661,cut cancer by banning tobacco advertising,Lab,1992,Liberal,"{""2.01e+07"":-1}"
manifestos_social_ideology_1658,1180008241,"Asylum claims are back down to early 1990s levels, and the cost of asylum support to the taxpayer has been cut by half in the last six years.",Lab,2010,Conservative,"{""1.53e+07"":1,""1.57e+07"":1,""1.66e+07"":1}"
manifestos_social_ideology_1659,1120001031,"Today, Europe is moving in a direction that is good for Britain and good for Europe.",Lab,2001,Liberal,"{""1.63e+07"":-1}"
manifestos_social_ideology_1660,1120012551,"Crime prevention requires that those most at risk of falling into a life of crime - children excluded from school, teenagers leaving care - are given real help and opportunity.",Lab,2001,Liberal,"{""1.10e+07"":-1,""1.42e+07"":-1,""1.45e+07"":-1,""1.93e+07"":-1,""1.95e+07"":-1}"
manifestos_social_ideology_1661,40010731,"We are pledged to legislate on the commitments in our 1993 White Paper on Open Government, including a statutory right of access by citizens to personal records held about them by the government and other public authorities.",Con,1997,Liberal,"{""1.24e+07"":-1,""1.56e+07"":-1,""2.01e+07"":-1,""2.04e+07"":0,""2.09e+07"":-1,""2.10e+07"":-1,""2.12e+07"":-1,""2.13e+07"":-1}"
manifestos_social_ideology_1662,1140002401,"Liberal Democrats will make more non-violent criminals, such as fine defaulters, shoplifters and petty vandals, do tough community work as an alternative to jail.",LD,2005,Liberal,"{""1.30e+07"":-1,""1.42e+07"":-1,""1.52e+07"":-1,""1.82e+07"":-1,""1.88e+07"":-1}"
manifestos_social_ideology_1663,1120007181,Over time we want to develop safe places for children to play outside school hours and every pupil to have access to a summer school programme.,Lab,2001,Liberal,"{""1.51e+07"":-1,""6355305"":-1}"
manifestos_social_ideology_1664,1090004681,"We will create a cleaner, safer environment. The greatest challenge we face is the responsibility to ensure the survival of the planet.",Lab,1992,Liberal,"{""1.53e+07"":-1,""5647650"":-1}"
manifestos_social_ideology_1665,1170003131,We will:  Establish a fully independent Educational Standards Authority (ESA) with real powers to stand up to ministers and restore confidence in standards.,LD,2010,Liberal,"{""1.51e+07"":-1}"
manifestos_social_ideology_1666,1070006851,"We intend to allow school sixth forms to open their doors if they wish to older students, and to accept training credits or fees from them.",Con,1992,Liberal,"{""1.51e+07"":-1}"
manifestos_social_ideology_1667,30003871,"Labour will stand up for freedom wherever it is oppressed - whether in Eastern Europe, Latin America, Asia or Africa.",Lab,1987,Liberal,"{""1.75e+07"":-1,""2.06e+07"":-1,""2.08e+07"":-1,""2.09e+07"":-1,""2.14e+07"":-1}"
manifestos_social_ideology_1668,1150010211,Spor t in the community. To make it easier to get access to sports in your local area we will establish Sport Direct - a single point of access for sports in the UK.,Lab,2005,Liberal,"{""1.42e+07"":-1}"
manifestos_social_ideology_1669,1110004261,Our policies place special emphasis on reducing problems from pollution and congestion.,LD,2001,Liberal,"{""1.42e+07"":-1}"
manifestos_social_ideology_1670,1100001341,"They offend again and again, laughing at the law and making their neighbours' lives a misery.",Con,2001,Conservative,"{""1.10e+07"":1,""1.57e+07"":1,""1.63e+07"":1,""1.93e+07"":1,""6376956"":1}"
manifestos_social_ideology_1671,1130002621,This Government has lost effective control of our borders.,Con,2005,Conservative,"{""1.30e+07"":1,""1.40e+07"":1,""1.82e+07"":1}"
manifestos_social_ideology_1672,1080002651,"We will renounce the Conservatives' Maastricht 'opt-out' clause, accept the timetabled approach to EMU, and renegotiate the Social Chapter with a positive British input.",LD,1992,Liberal,"{""1.41e+07"":-1,""1.51e+07"":-1}"
manifestos_social_ideology_1673,1080006341,"Encouraging a Fit, Active and Healthy Society. Sport is important for the economic, social and health benefits which it can bring and for its ability to enhance community identity.",LD,1992,Liberal,"{""1.51e+07"":-1}"
manifestos_social_ideology_1674,1150011541,The best way to tackle exclusion is to give choice and power to those left behind.,Lab,2005,Liberal,"{""6342862"":-1}"
manifestos_social_ideology_1675,1070011381,At Maastricht we secured a landmark in animal welfare: our partners' agreement to a declaration that the welfare of animals should be taken into account in the framing of EC legislation.,Con,1992,Liberal,"{""1.66e+07"":-1,""6340562"":-1}"
manifestos_social_ideology_1676,1070011271,"We have also taken action at home and abroad to improve conservation, and will continue to do so.",Con,1992,Conservative,"{""1.41e+07"":1}"
manifestos_social_ideology_1677,10007491,"tackle, by providing for reference to the Court of Appeal, the problem of lenient sentences which undermine public confidence in the criminal justice system",Con,1987,Conservative,"{""1.09e+07"":1,""1.10e+07"":-1,""1.13e+07"":1,""1.15e+07"":1,""1.16e+07"":1,""1.24e+07"":1,""1.32e+07"":1,""1.33e+07"":1,""1.38e+07"":-1,""1.40e+07"":-1,""1.45e+07"":1,""1.49e+07"":1,""1.51e+07"":-1,""1.52e+07"":1,""1.53e+07"":1,""1.54e+07"":1,""1.57e+07"":1,""1.58e+07"":1,""1.63e+07"":1,""1.68e+07"":1,""1.87e+07"":1,""1.88e+07"":1,""1.89e+07"":1,""1.93e+07"":1,""1.95e+07"":-1,""1.97e+07"":1,""1.98e+07"":1,""1837834"":-1,""1911075"":0,""2.00e+07"":1,""2.01e+07"":1,""2.02e+07"":1,""2.03e+07"":1,""2.05e+07"":1,""2.06e+07"":1,""2.08e+07"":0,""2.09e+07"":-1,""2.10e+07"":1,""2.11e+07"":-1,""2.12e+07"":-1,""2.13e+07"":1,""2.14e+07"":1,""2.19e+07"":1,""2.20e+07"":1,""313343"":1,""3307853"":1,""3393883"":1,""3559862"":1,""37796"":1,""5112203"":1,""5816451"":1,""5983773"":1,""6002241"":1,""6349089"":1,""7801795"":1,""7995027"":1,""8450718"":1,""874567"":-1,""8968750"":1,""9054964"":1,""946983"":1}"
manifestos_social_ideology_1678,20008701,We would insist that the views of the substantial section of the electorate who had voted for us went into the process by which the programme of a new government was decided.,LD,1987,Liberal,"{""2.13e+07"":-1,""2.14e+07"":-1}"
manifestos_social_ideology_1679,1130004121,"Within the first month, we will set in train 24-hour surveillance at ports of entry.",Con,2005,Conservative,"{""1.42e+07"":1,""1.52e+07"":1,""1.82e+07"":1}"
manifestos_social_ideology_1680,1130001381,We will ensure proper discipline in schools by giving heads and governors full control over admissions and expulsions.,Con,2005,Conservative,"{""2.00e+07"":1}"
manifestos_social_ideology_1681,1180011881,"We have created Britain's first ever National Security Strategy to strengthen our response to fast-moving and interconnected threats, from terrorism and nuclear proliferation to new challenges like cybersecurity.",Lab,2010,Conservative,"{""1.10e+07"":1,""1.40e+07"":1}"
manifestos_social_ideology_1682,1110001991,Teachers will have the opportunity to take a series of in-service training courses.,LD,2001,Liberal,"{""1.42e+07"":-1}"
manifestos_social_ideology_1683,1110007481,Voters do not have a strong enough voice or enough choice.,LD,2001,Liberal,"{""2.20e+07"":-1}"
manifestos_social_ideology_1684,40011181,We will continue to fight for the strength and diversity that benefits all of us as a proud union of nations.,Con,1997,Liberal,"{""1.45e+07"":-1,""1.77e+07"":-1,""1.83e+07"":-1,""2.08e+07"":-1,""2.09e+07"":-1,""2.12e+07"":-1,""8273320"":-1}"
manifestos_social_ideology_1685,40007601,Parents who breached these conditions - in defiance of the court - would face a range of possible sanctions.,Con,1997,Conservative,"{""1.19e+07"":1,""1.53e+07"":1,""1.71e+07"":1,""1.74e+07"":1,""1.86e+07"":1,""2.03e+07"":1,""2.08e+07"":1,""2.09e+07"":1,""2.11e+07"":1,""2.13e+07"":1,""2.14e+07"":1,""3280015"":1,""7918256"":1,""7995027"":1,""8968750"":1}"
manifestos_social_ideology_1686,1120007921,Deaths from cancer and heart disease are too high.,Lab,2001,Liberal,"{""2.01e+07"":-1}"
manifestos_social_ideology_1687,1110008121,Civil Liberties. Setting all people free. Civil liberties are the basis of a genuinely free society.,LD,2001,Liberal,"{""1.30e+07"":-1,""1.88e+07"":-1,""1.95e+07"":-1,""6355305"":-1}"
manifestos_social_ideology_1688,1080006661,"We will repeal the 1981 Nationality Act, reform immigration legislation to make it free from racial discrimination and restore the right of entry to British passport holders.",LD,1992,Liberal,"{""1.42e+07"":-1,""1.45e+07"":-1,""1.91e+07"":-1,""6340562"":-1}"
manifestos_social_ideology_1689,1160007761,"We promise a total overhaul of our system of government, so that power is passed from the politicians at Westminster back to the people of Britain.",Con,2010,Conservative,"{""1.57e+07"":1}"
manifestos_social_ideology_1690,1070016371,We will extend our reforms to improve NHS patient care in Scotland.,Con,1992,Liberal,"{""6340562"":-1}"
manifestos_social_ideology_1691,40007181,The Government has increased the maximum penalty for taking a gun to a crime and for attempted rape to life imprisonment.,Con,1997,Conservative,"{""1.04e+07"":1,""1.05e+07"":1,""1.10e+07"":1,""1.16e+07"":1,""1.18e+07"":1,""1.19e+07"":1,""1.24e+07"":1,""1.30e+07"":1,""1.32e+07"":1,""1.40e+07"":1,""1.42e+07"":1,""1.45e+07"":1,""1.47e+07"":1,""1.51e+07"":-1,""1.52e+07"":1,""1.53e+07"":1,""1.57e+07"":1,""1.59e+07"":1,""1.63e+07"":0,""1.65e+07"":1,""1.66e+07"":1,""1.68e+07"":1,""1.75e+07"":0,""1.77e+07"":1,""1.82e+07"":1,""1.83e+07"":1,""1.87e+07"":1,""1.93e+07"":1,""1.95e+07"":1,""1.97e+07"":0,""1.98e+07"":1,""1.99e+07"":1,""1915941"":1,""1951712"":1,""1954947"":1,""2.00e+07"":1,""2.02e+07"":1,""2.03e+07"":1,""2.04e+07"":1,""2.05e+07"":1,""2.06e+07"":1,""2.08e+07"":1,""2.09e+07"":1,""2.10e+07"":1,""2.11e+07"":1,""2.12e+07"":1,""2.13e+07"":1,""2.14e+07"":1,""2.21e+07"":-1,""2785872"":1,""2793302"":1,""5112203"":1,""5452477"":1,""568434"":1,""6320843"":1,""6342862"":1,""714020"":1,""8273320"":1,""8382218"":1,""874567"":0,""8757469"":1,""8968750"":1,""917392"":1,""946983"":1}"
manifestos_social_ideology_1692,50006921,Disabled people. Progress in equal opportunities for disabled people remains patchy and unacceptably slow.,LD,1997,Liberal,"{""1.52e+07"":-1,""1.56e+07"":-1,""1.87e+07"":-1,""1.98e+07"":-1,""2.10e+07"":-1,""2.11e+07"":-1,""2.13e+07"":-1,""2.14e+07"":0,""2785872"":-1,""3307853"":-1,""5112203"":-1,""6341364"":-1,""8382218"":-1,""9015611"":-1,""9958248"":-1}"
manifestos_social_ideology_1693,1070007761,After-school childcare is an area of particular importance to many working mothers.,Con,1992,Liberal,"{""1.87e+07"":-1,""2.20e+07"":-1,""6340562"":-1}"
manifestos_social_ideology_1694,1160011181,"A Conservative government will ban any organisations which advocate hate or the violent overthrow of our society, such as Hizb-ut-Tahrir, and close down organisations which attempt to fund terrorism from the UK.",Con,2010,Conservative,"{""1.52e+07"":1,""1.57e+07"":1}"
manifestos_social_ideology_1695,1160011621,seek closer engagement with China while standing firm on human rights,Con,2010,Liberal,"{""1.10e+07"":-1}"
manifestos_social_ideology_1696,1160008821,give local planning authorities and other public authorities a duty to co-operate with one another,Con,2010,Liberal,"{""1.51e+07"":-1}"
manifestos_social_ideology_1697,1180002021,"Because of substantial investment since 1997, the UK has an excellent research base and is already strong in some world-leading sectors.",Lab,2010,Liberal,"{""1.51e+07"":-1}"
manifestos_social_ideology_1698,1070008331,"Those who indulge in the shameful practice of 'ambushing', or seeking to frustrate the work of the emergency services, deserve to face severe penalties.",Con,1992,Conservative,"{""1.40e+07"":1,""6342862"":1}"
manifestos_social_ideology_1699,1140001911,"If necessary, local education authorities' Behavioural Support Units will tackle exceptional problems in particular schools.",LD,2005,Conservative,"{""1.42e+07"":1}"
manifestos_social_ideology_1700,1120001701,now we focus on secondary schools,Lab,2001,Liberal,"{""1.51e+07"":-1}"
manifestos_social_ideology_1701,1070006401,"We have always fought to maintain diversity in education, protecting the right of local people to preserve their grammar schools, and defending independent schools against mindless Labour attacks.",Con,1992,Liberal,"{""1.13e+07"":-1,""1.96e+07"":-1}"
manifestos_social_ideology_1702,30004311,"It would mean the removal of America's Cruise missiles here in Britain and in the rest of Europe, as well as Pershing IIs in Germany and the Soviet SS20s and other shorter-range missiles.",Lab,1987,Liberal,"{""1.19e+07"":-1,""2.08e+07"":-1}"
manifestos_social_ideology_1703,1120015561,"Britain is playing a leading world role on debt relief, education, HIV/AIDS, and in responding to humanitarian disasters.",Lab,2001,Liberal,"{""1.88e+07"":-1}"
manifestos_social_ideology_1704,1120012351,Persistent offending should lead to increased punishment.,Lab,2001,Conservative,"{""1.10e+07"":1,""1.42e+07"":1,""1.57e+07"":1,""1.68e+07"":1,""1.93e+07"":1}"
manifestos_social_ideology_1705,10007481,raise to life imprisonment the penalty for carrying firearms while committing a crime,Con,1987,Conservative,"{""1.01e+07"":1,""1.02e+07"":1,""1.05e+07"":1,""1.10e+07"":1,""1.14e+07"":1,""1.15e+07"":1,""1.17e+07"":1,""1.25e+07"":1,""1.30e+07"":-1,""1.32e+07"":1,""1.38e+07"":1,""1.40e+07"":1,""1.42e+07"":1,""1.44e+07"":0,""1.45e+07"":0,""1.49e+07"":1,""1.52e+07"":1,""1.53e+07"":0,""1.55e+07"":1,""1.57e+07"":1,""1.59e+07"":1,""1.65e+07"":1,""1.68e+07"":1,""1.74e+07"":1,""1.75e+07"":1,""1.76e+07"":1,""1.81e+07"":1,""1.82e+07"":1,""1.84e+07"":1,""1.85e+07"":1,""1.87e+07"":-1,""1.88e+07"":1,""1.89e+07"":1,""1.90e+07"":1,""1.93e+07"":1,""1.95e+07"":1,""1.97e+07"":1,""1.98e+07"":1,""1837834"":-1,""1915941"":1,""2.00e+07"":1,""2.01e+07"":1,""2.02e+07"":1,""2.04e+07"":1,""2.05e+07"":1,""2.06e+07"":1,""2.07e+07"":1,""2.08e+07"":1,""2.09e+07"":1,""2.10e+07"":1,""2.11e+07"":-1,""2.12e+07"":1,""2.13e+07"":1,""2.14e+07"":1,""2.21e+07"":0,""2803291"":1,""3217794"":-1,""4652872"":1,""4680678"":1,""5112203"":1,""5537363"":-1,""5816451"":1,""5983773"":1,""6336109"":1,""6355305"":1,""7039094"":1,""714020"":1,""7995027"":1,""8382218"":1,""8450718"":1,""874567"":-1,""8798523"":1,""8836799"":1,""8968750"":1,""9054964"":0,""9458742"":1,""946983"":1}"
manifestos_social_ideology_1706,1150003691," their results are improving sharply, and 50 more are in the pipeline.",Lab,2005,Liberal,"{""1.84e+07"":-1}"
manifestos_social_ideology_1707,1120002081,Our aim is to develop fully the talents of each child.,Lab,2001,Liberal,"{""1.53e+07"":-1}"
manifestos_social_ideology_1708,1180011901,Our commitment to defence is non-negotiable.,Lab,2010,Conservative,"{""1.40e+07"":1,""1.63e+07"":1}"
manifestos_social_ideology_1709,1070009411,"we have set up a network of 31 drug liaison officers, in 19 different countries, tracking the international drugs traffickers who threaten Britain with their trade.",Con,1992,Conservative,"{""1.10e+07"":1,""1.53e+07"":1,""1.57e+07"":1,""1.63e+07"":1,""1.74e+07"":1,""1.82e+07"":1,""1.86e+07"":1,""1.95e+07"":1,""1.98e+07"":0,""2.01e+07"":1,""2.08e+07"":-1,""2.09e+07"":1}"
manifestos_social_ideology_1710,1150003811,"The number of places in out-of-school units has almost doubled, and the quality of provision has been enhanced.",Lab,2005,Liberal,"{""1.51e+07"":-1}"
manifestos_social_ideology_1711,1080004611,"We will ensure that all 14-19 year olds have a personal tutor and careers advice, helping them build the foundations for personal fulfilment and success.",LD,1992,Liberal,"{""1.51e+07"":-1,""1.74e+07"":-1,""2.05e+07"":-1,""2.12e+07"":-1}"
manifestos_social_ideology_1712,1160006491,We will make other exams more robust by giving universities and academics more say over their form and content.,Con,2010,Liberal,"{""1.51e+07"":-1}"
manifestos_social_ideology_1713,1110008861,"We will allow communities to make decisions for themselves, while providing high-quality services and protecting the environment.",LD,2001,Conservative,"{""1.30e+07"":1}"
manifestos_social_ideology_1714,1160009231,The impact of this has been profound and far-reaching.,Con,2010,Conservative,"{""1.52e+07"":1}"
manifestos_social_ideology_1715,1150001871,We have now passed legislation to protect our researchers from the activities of animal rights extremists.,Lab,2005,Conservative,"{""2.20e+07"":1}"
manifestos_social_ideology_1716,1110004101,"Help ensure that care leavers do not drift into crime by offering them support with housing, education and training.",LD,2001,Liberal,"{""1.10e+07"":-1,""1.30e+07"":-1,""1.42e+07"":-1,""1.63e+07"":-1,""6355305"":-1}"
manifestos_social_ideology_1717,1180006281,"Today, parents have rising aspirations for their children and greater choice about how they lead their family and working lives.",Lab,2010,Liberal,"{""1.84e+07"":-1}"
manifestos_social_ideology_1718,50005431,"As a first step, we will incorporate the European Convention on Human Rights into UK law so that it is enforceable by the courts in the UK.",LD,1997,Liberal,"{""1.04e+07"":-1,""1.35e+07"":1,""1.93e+07"":-1,""1.98e+07"":-1,""2.03e+07"":-1,""2.06e+07"":-1,""2.12e+07"":0,""2.13e+07"":-1,""2.14e+07"":-1,""3307853"":-1,""5108677"":-1,""5112203"":-1,""8769423"":-1}"
manifestos_social_ideology_1719,1150008551,The best defence of our security at home is the spread of liberty and justice overseas.,Lab,2005,Conservative,"{""1.87e+07"":1}"
manifestos_social_ideology_1720,1090005521,The security services will be brought under the scrutiny of a Parliamentary Select Committee.,Lab,1992,Liberal,"{""1.68e+07"":-1}"
manifestos_social_ideology_1721,1160006511,"So we will establish Technical Academies across England, starting in at least twelve cities.",Con,2010,Conservative,"{""1.42e+07"":1,""1.57e+07"":1}"
manifestos_social_ideology_1722,40009291,We have clear objectives to build on this record.,Con,1997,Liberal,"{""2.13e+07"":-1}"
manifestos_social_ideology_1723,10007791,We will tighten the existing law to ensure that the control over settlement becomes even more effective.,Con,1987,Conservative,"{""1.24e+07"":1,""1.52e+07"":1,""2.04e+07"":1,""2.08e+07"":1,""2.11e+07"":1,""2.12e+07"":1,""37796"":1,""5112203"":1,""8594212"":1,""8893451"":1}"
manifestos_social_ideology_1724,1170004921,There are only a few years to take action to stop runaway climate change.,LD,2010,Liberal,"{""2.20e+07"":-1}"
manifestos_social_ideology_1725,1070000721,"Under the Conservatives, Britain has regained her rightful influence in the world.",Con,1992,Conservative,"{""1.30e+07"":1,""1.82e+07"":1}"
manifestos_social_ideology_1726,1180010411,We will continue to ensure progress.,Lab,2010,Liberal,"{""1.57e+07"":-1}"
manifestos_social_ideology_1727,1140001621,As a head teacher I was utterly dismayed by the way in which Conservative and Labour politicians used education as a political football.,LD,2005,Liberal,"{""1.51e+07"":-1,""1.73e+07"":-1}"
manifestos_social_ideology_1728,40009601,"Britain will be able to look back on past achievements with pride, and look forward with confidence.",Con,1997,Liberal,"{""1.32e+07"":-1}"
manifestos_social_ideology_1729,10008831,"set up safe facilities for disposing of radioactive waste from power stations, hospitals and other sources: we have asked UK NIREX to come forward with proposals for deep disposal.",Con,1987,Liberal,"{""1.20e+07"":-1,""1.32e+07"":-1,""2.00e+07"":-1,""2884040"":0,""313343"":-1,""5112203"":-1}"
manifestos_social_ideology_1730,1160000291,"People have lost faith that politics can fix our problems, or that politicians can lead us into a better future.",Con,2010,Liberal,"{""1.66e+07"":-1}"
manifestos_social_ideology_1731,1090000391,We will ensure that the barriers to fairness are removed.,Lab,1992,Liberal,"{""1.13e+07"":-1,""1.57e+07"":-1,""6342862"":-1}"
manifestos_social_ideology_1732,1110010731,We will oppose unfair discrimination in the forces.,LD,2001,Liberal,"{""1.10e+07"":-1,""1.30e+07"":-1,""1.51e+07"":-1,""1.88e+07"":-1,""1.93e+07"":-1}"
manifestos_social_ideology_1733,1140001961,"Teachers will regularly assess pupils' performance, using the results to inform teaching and give parents accurate information on their child's progress.",LD,2005,Conservative,"{""1.42e+07"":1}"
manifestos_social_ideology_1734,1070006161,We will be less secretive about the workings of government.,Con,1992,Liberal,"{""1.41e+07"":-1,""1.68e+07"":-1,""2.09e+07"":-1,""9289597"":-1}"
manifestos_social_ideology_1735,1160010971,"Instead, we live in a world in which dangers, events and actions abroad are inter-dependent with threats to our security at home.",Con,2010,Conservative,"{""3626598"":1}"
manifestos_social_ideology_1736,1180011871,Strengthening our Armed Forces and national security. The first duty of government is to protect the security of its citizens.,Lab,2010,Conservative,"{""2.13e+07"":1,""2.19e+07"":1,""2.21e+07"":1}"
manifestos_social_ideology_1737,1080006401,"Encourage individual and corporate sponsorship, review the role of the Foundation for Arts and Sport and reconsider the Conservatives' hasty proposal for a national lottery.",LD,1992,Liberal,"{""1.51e+07"":-1}"
manifestos_social_ideology_1738,1180004611,Barriers to social mobility will be tackled by giving disadvantaged families free access to broadband to support their child's learning.,Lab,2010,Liberal,"{""1.57e+07"":-1,""1.82e+07"":-1}"
manifestos_social_ideology_1739,1080004151,"Our priorities for investment are preschool education, education and training for 16-19 year olds, and adult education.",LD,1992,Liberal,"{""2.01e+07"":-1,""6340562"":-1}"
manifestos_social_ideology_1740,1160011771,An open and democratic Europe. We will be positive members of the European Union but we are clear that there should be no further extension of the EU's power over the UK without the British people's consent.,Con,2010,Conservative,"{""3626598"":1}"
manifestos_social_ideology_1741,1120013341,"Britain has a long record of providing a home for such people, and it is important that we maintain this position.",Lab,2001,Liberal,"{""1.42e+07"":-1,""1.53e+07"":-1,""1.57e+07"":-1,""1.95e+07"":-1}"
manifestos_social_ideology_1742,1120008751,Such issues are rightly a matter for a free vote and we will give the new House of Commons an early opportunity to express its view.,Lab,2001,Liberal,"{""1.42e+07"":-1}"
manifestos_social_ideology_1743,1140002351,"We will also complete existing plans for an extra 20,000 community support officers to back them up.",LD,2005,Conservative,"{""1.42e+07"":1,""1.68e+07"":1,""1.93e+07"":1,""2.01e+07"":1,""2.05e+07"":1}"
manifestos_social_ideology_1744,1150003471,"All primary school children will have access to high-quality tuition in the arts, music, sport and foreign languages.",Lab,2005,Liberal,"{""1.63e+07"":-1}"
manifestos_social_ideology_1745,1160007521,"This is an age of personal freedom and choice, when culture and debate are shaped by a multitude of voices.",Con,2010,Liberal,"{""1.87e+07"":-1}"
manifestos_social_ideology_1746,1130002331,Anti-social behaviour can be confronted.,Con,2005,Conservative,"{""1.13e+07"":1,""1.57e+07"":1,""1.68e+07"":1,""6342862"":1,""9289597"":1}"
manifestos_social_ideology_1747,1180000901,and parents who believe their school is not good enough can trigger a ballot to change the leadership.,Lab,2010,Liberal,"{""1.63e+07"":-1}"
manifestos_social_ideology_1748,1090005611,Future reform of the distinctive Scottish legal system will be the responsibility of the Scottish Parliament.,Lab,1992,Conservative,"{""1.68e+07"":1}"
manifestos_social_ideology_1749,1150006161,Infections acquired in hospital are not new.,Lab,2005,Liberal,"{""1.84e+07"":-1}"
manifestos_social_ideology_1750,30004361,We will oppose the extension of the arms race into outer space and will seek an international agreement to abolish chemical weapons.,Lab,1987,Liberal,"{""2.10e+07"":-1,""2.14e+07"":-1}"
manifestos_social_ideology_1751,1160004421,one that relies on top-down government intervention and bureaucratic micro-management.,Con,2010,Liberal,"{""1.13e+07"":-1,""9289597"":-1}"
manifestos_social_ideology_1752,1110004041,"Encourage young people into constructive activity by increasing support for sport, recreation and the youth service.",LD,2001,Liberal,"{""1.18e+07"":-1,""1.30e+07"":-1}"
manifestos_social_ideology_1753,1160006441,We will encourage setting so those who are struggling get extra help and the most able are stretched.,Con,2010,Liberal,"{""1.53e+07"":-1,""6342862"":-1}"
manifestos_social_ideology_1754,1120011801," 4 Strong and safe communities. Our ten-year goals. Halve the burglary rate and double the chance of a persistent offender being caught and punished, as we modernise the criminal justice system.",Lab,2001,Conservative,"{""1.57e+07"":1,""1.63e+07"":1,""1.68e+07"":1,""6342862"":1}"
manifestos_social_ideology_1755,1090006171,"We will provide whatever resources are needed for effective defence for our country, providing the necessary level of forces with the appropriate equipment and weapons.",Lab,1992,Conservative,"{""6376956"":1}"
manifestos_social_ideology_1756,1160005951,"and, support the roll out of screening programmes for common cancers.",Con,2010,Liberal,"{""1.51e+07"":-1}"
manifestos_social_ideology_1757,1160010331,We will work towards a zero-waste society.,Con,2010,Liberal,"{""5647650"":-1}"
manifestos_social_ideology_1758,1100005161,They provide us with a strong sense of local identity.,Con,2001,Liberal,"{""2.21e+07"":-1}"
manifestos_social_ideology_1759,1110001241,"We will start by building on existing National Service Frameworks (NSFs), for example on cancer, heart disease and mental health, and ensure that future NSFs incorporate Patient Care Guarantees.",LD,2001,Liberal,"{""1.42e+07"":-1,""1.82e+07"":-1,""6355305"":-1}"
manifestos_social_ideology_1760,30003771,The Home Office will remain responsible for regulatory and statutory powers in relation to broadcasting.,Lab,1987,Liberal,"{""1.53e+07"":-1,""1.86e+07"":-1,""2.08e+07"":-1,""4680678"":-1,""5112203"":-1,""5993386"":-1,""8968750"":-1}"
manifestos_social_ideology_1761,1180004171,"Our goal is educational excellence for every child, whatever their background or circumstances.",Lab,2010,Liberal,"{""1.84e+07"":-1}"
manifestos_social_ideology_1762,1170005251,Liberal Democrats will work within Europe and internationally to give renewed urgency to global efforts to combat climate change.,LD,2010,Liberal,"{""1.82e+07"":-1}"
manifestos_social_ideology_1763,1070008071,"We have launched a campaign to recruit 10,000 Special Constables.",Con,1992,Conservative,"{""1.68e+07"":1,""1.87e+07"":1,""1.93e+07"":1,""2.03e+07"":1}"
manifestos_social_ideology_1764,1120007451,In 1997 we inherited a system where the number of qualified people able to go to university was capped.,Lab,2001,Liberal,"{""1.53e+07"":-1}"
manifestos_social_ideology_1765,1120015971,It is critical that the whole international community plays its part in making a reality of sustainable development.,Lab,2001,Liberal,"{""2.00e+07"":-1}"
manifestos_social_ideology_1766,1160009291,"Protect our freedoms. Labour's approach to our personal privacy is the worst of all worlds - intrusive, ineffective and enormously expensive.",Con,2010,Conservative,"{""1.42e+07"":1,""1.52e+07"":1,""1.57e+07"":1,""6340562"":1}"
manifestos_social_ideology_1767,20003541,We will take action through equal opportunity and contract compliance policies to eliminate discrimination against ethnic minorities and women.,LD,1987,Liberal,"{""1.09e+07"":-1,""1.18e+07"":-1,""1.20e+07"":-1,""1.24e+07"":-1,""1.45e+07"":-1,""1.52e+07"":-1,""1.58e+07"":-1,""1.81e+07"":-1,""1.86e+07"":-1,""1.98e+07"":-1,""2.00e+07"":-1,""2.10e+07"":-1,""2.13e+07"":-1,""5112203"":-1,""6340793"":-1,""714020"":1,""8968750"":-1}"
manifestos_social_ideology_1768,1140005371,Britain must never again support an illegal military intervention.,LD,2005,Liberal,"{""1.11e+07"":-1}"
manifestos_social_ideology_1769,1140005341,International Affairs. We should not have gone to war in Iraq.,LD,2005,Liberal,"{""1.73e+07"":-1}"
manifestos_social_ideology_1770,1170003051,Improve teacher training by increasing the size of the school-based Graduate Teacher Programme and support the expansion of Teach First to attract more top graduates into teaching.,LD,2010,Conservative,"{""1.42e+07"":1}"
manifestos_social_ideology_1771,1070014811,THE ENVIRONMENT. The Conservative Party's commitment to the environment is beyond doubt.,Con,1992,Conservative,"{""1.51e+07"":1,""1.53e+07"":1,""2.08e+07"":1,""2.09e+07"":-1,""2.10e+07"":1,""2.13e+07"":1}"
manifestos_social_ideology_1772,1160000541,"Personal ambition should be set as high as is humanly possible, with no barriers put in its way by the state.",Con,2010,Liberal,"{""1.51e+07"":-1}"
manifestos_social_ideology_1773,1120008061,"By the end of 2005 we will cut maximum waiting times for outpatient appointments from six months to three months, and for inpatients from 18 months to six months by expanding staff numbers and reforming how care is delivered.",Lab,2001,Liberal,"{""1.68e+07"":-1,""6342862"":-1}"
manifestos_social_ideology_1774,10009831,We will not negotiate on the sovereignty of the Falklands.,Con,1987,Conservative,"{""1.71e+07"":1,""2.11e+07"":1,""2.14e+07"":1,""313343"":1}"
manifestos_social_ideology_1775,30003741,We will encourage schools to open up their recreational facilities to the whole community and prevent the selling off of school and other sports grounds.,Lab,1987,Liberal,"{""1.11e+07"":-1,""1.19e+07"":1,""1.59e+07"":-1,""2.00e+07"":-1,""2.01e+07"":-1,""2.08e+07"":-1,""2.13e+07"":-1,""2.14e+07"":-1,""4680678"":-1,""5112203"":-1,""8968750"":-1}"
manifestos_social_ideology_1776,60008441,"At this election, Labour is proud to be making major strides to rectify the under-representation of women in public life.",Lab,1997,Liberal,"{""1.27e+07"":-1,""1.52e+07"":-1,""1.75e+07"":-1,""1.93e+07"":-1,""1.94e+07"":-1,""1.98e+07"":-1,""2.09e+07"":-1,""2.11e+07"":-1,""2.13e+07"":-1,""2.14e+07"":-1,""2793302"":-1,""568434"":-1,""6066983"":-1}"
manifestos_social_ideology_1777,1120008531,They matter for their own sake.,Lab,2001,Liberal,"{""1.30e+07"":-1}"
manifestos_social_ideology_1778,40007831,"We have reformed the right to silence, despite opposition from Labour.",Con,1997,Conservative,"{""1.11e+07"":1,""1.49e+07"":1,""1.80e+07"":0,""1.93e+07"":1,""2.04e+07"":1,""2.06e+07"":1,""2.07e+07"":1,""2.10e+07"":0,""2.11e+07"":0,""2.12e+07"":1,""2.13e+07"":1,""5372456"":1,""6066983"":1,""7954010"":1,""7995027"":1}"
manifestos_social_ideology_1779,1180007711,"We have strengthened the law on knife crime with jail more likely, sentences longer, and more police searches and scanners - and knife crime has fallen.",Lab,2010,Conservative,"{""1.10e+07"":1,""1.40e+07"":1,""1.52e+07"":1,""1.82e+07"":1,""2.05e+07"":1}"
manifestos_social_ideology_1780,1150011711,"Only Labour governments have ever introduced race relations legislation, and laws passed in 2000 are ensuring that all public bodies promote diversity and tackle discrimination against black and Asian Britons.",Lab,2005,Liberal,"{""1.10e+07"":-1,""1.30e+07"":-1,""1.52e+07"":-1,""1.82e+07"":-1,""1.93e+07"":-1}"
manifestos_social_ideology_1781,1120006951,"We will encourage more church and other faith-sponsored schools, where parents wish it.",Lab,2001,Conservative,"{""6355305"":1}"
manifestos_social_ideology_1782,1180007751,"Labour is proud to be the party that legislated first to criminalise incitement to racial hatred, religious hatred, and homophobic hatred - and we will reverse the Tory attempt to undermine this latest legislation, invoking the Parliament Act if necessary to force it through.",Lab,2010,Liberal,"{""1.52e+07"":-1,""1.65e+07"":-1,""1.87e+07"":-1,""2.13e+07"":-1,""2.20e+07"":-1}"
manifestos_social_ideology_1783,10007271,We have given the police more powers to avert public disorder.,Con,1987,Conservative,"{""1.01e+07"":1,""1.09e+07"":1,""1.10e+07"":1,""1.11e+07"":1,""1.14e+07"":1,""1.18e+07"":1,""1.19e+07"":1,""1.24e+07"":1,""1.25e+07"":1,""1.30e+07"":1,""1.32e+07"":1,""1.40e+07"":1,""1.41e+07"":1,""1.42e+07"":1,""1.45e+07"":1,""1.46e+07"":-1,""1.47e+07"":1,""1.51e+07"":1,""1.52e+07"":1,""1.53e+07"":1,""1.54e+07"":1,""1.55e+07"":1,""1.57e+07"":1,""1.58e+07"":1,""1.59e+07"":1,""1.63e+07"":1,""1.68e+07"":1,""1.71e+07"":1,""1.75e+07"":1,""1.76e+07"":1,""1.81e+07"":1,""1.82e+07"":1,""1.83e+07"":1,""1.84e+07"":1,""1.86e+07"":1,""1.88e+07"":1,""1.93e+07"":1,""1.94e+07"":1,""1.98e+07"":1,""1.99e+07"":1,""1886681"":1,""2.00e+07"":1,""2.01e+07"":1,""2.02e+07"":1,""2.03e+07"":1,""2.05e+07"":1,""2.06e+07"":1,""2.07e+07"":1,""2.08e+07"":1,""2.09e+07"":1,""2.10e+07"":1,""2.11e+07"":-1,""2.12e+07"":1,""2.13e+07"":1,""2.14e+07"":1,""2.15e+07"":1,""2.16e+07"":1,""2.19e+07"":1,""2793302"":1,""3720860"":1,""37796"":1,""5501199"":1,""5643547"":1,""568434"":1,""5983773"":1,""6002241"":1,""6066983"":1,""6320843"":-1,""6336109"":1,""6591328"":1,""8382218"":1,""881561"":1,""8836799"":1,""917392"":1,""9299392"":1,""9695483"":1}"
manifestos_social_ideology_1784,1110008721,We will provide more customs officers with Convention on International Trade in Endangered Species training so that the law can be enforced more effectively.,LD,2001,Liberal,"{""1.30e+07"":-1,""1.42e+07"":-1}"
manifestos_social_ideology_1785,1170006501,"Making the justice system work to rehabilitate criminals and reduce crime. Liberal Democrats believe that once a criminal has been caught, it is vital that the punishment they are given helps to turn them away from crime, and set them back on the straight and narrow.",LD,2010,Liberal,"{""1.57e+07"":-1,""1.80e+07"":-1,""1.87e+07"":-1,""2.13e+07"":-1,""2.15e+07"":-1}"
manifestos_social_ideology_1786,1120000491,"We can use our sense of fair play and mutual responsibility to be a strong, dynamic, multiracial society held together by strong values.",Lab,2001,Liberal,"{""1.30e+07"":-1,""1.51e+07"":-1,""2.03e+07"":-1}"
manifestos_social_ideology_1787,1070004341,We will introduce new legislation giving stronger powers to deal with cartels.,Con,1992,Conservative,"{""1.10e+07"":1}"
manifestos_social_ideology_1788,1150011121,We will reintroduce the widely supported reforms in the Charities Bill.,Lab,2005,Liberal,"{""1.30e+07"":-1}"
manifestos_social_ideology_1789,40011201,After a quarter of a century we wish to see the unique and originally temporary system of direct rule ended and a successful restoration of local accountable democracy achieved.,Con,1997,Liberal,"{""1.01e+07"":-1,""1.76e+07"":-1,""2.10e+07"":-1,""2.12e+07"":-1,""2.13e+07"":-1,""2.14e+07"":-1}"
manifestos_social_ideology_1790,1130003291,"We will also give new powers to help local councils to deal with those incidents, such as illegal traveller encampments, which breach planning laws.",Con,2005,Liberal,"{""1.40e+07"":-1}"
manifestos_social_ideology_1791,1100007211,We remain unstinting in our praise for the work of the Royal Ulster Constabulary and the armed forces in fighting terrorism.,Con,2001,Conservative,"{""1.10e+07"":1,""1.30e+07"":1,""1.95e+07"":1}"
manifestos_social_ideology_1792,1170002721,And there are far too many barriers to work for people with disabilities.,LD,2010,Liberal,"{""1.10e+07"":-1,""1.52e+07"":-1,""1.84e+07"":-1,""1.87e+07"":-1}"
manifestos_social_ideology_1793,1100005581,"As well as our Green Belts, we will take action to protect our rivers, wetlands, lakes, canals and coastline from development by establishing Blue Belt areas.",Con,2001,Liberal,"{""6376956"":-1}"
manifestos_social_ideology_1794,1150005831, we have.,Lab,2005,Liberal,"{""1.84e+07"":-1}"
manifestos_social_ideology_1795,1180007301,"The next stage of national renewal. Provide the funding to maintain police and PCSO numbers with neighbourhood police teams in every area, spending 80 per cent of their time on the beat visible in their neighbourhood",Lab,2010,Conservative,"{""1.10e+07"":1,""1.40e+07"":1,""1.42e+07"":1,""1.52e+07"":1}"
manifestos_social_ideology_1796,1080000511,"We believe that all government, whether local, national, or increasingly European, should be bound by the rights of the individual and should be fully accountable.",LD,1992,Liberal,"{""1.10e+07"":-1}"
manifestos_social_ideology_1797,60000201,I want to renew faith in politics by being honest about the last 18 years.,Lab,1997,Conservative,"{""2.13e+07"":1}"
manifestos_social_ideology_1798,1160011481,"Our approach to foreign affairs is based on a belief in freedom, human rights and democracy.",Con,2010,Liberal,"{""1.10e+07"":-1,""1.57e+07"":-1,""1.82e+07"":-1}"
manifestos_social_ideology_1799,1160008811,encourage county councils and unitary authorities to compile infrastructure plans,Con,2010,Liberal,"{""1.51e+07"":-1}"
manifestos_social_ideology_1800,50000001,"Make the Difference. The Liberal Democrat Manifesto 1997. 'The Liberal Democrats exist to build and safeguard a fair, free and open society in which we seek to balance the fundamental values of liberty, equality and community, and in which no-one shall be enslaved by poverty, ignorance or conformity.' ",LD,1997,Liberal,"{""1.24e+07"":-1,""1.54e+07"":-1,""1.81e+07"":-1,""1.85e+07"":0,""2.06e+07"":-1,""2.07e+07"":-1,""2.08e+07"":0,""2.09e+07"":-1,""2.13e+07"":-1,""2.14e+07"":-1}"
manifestos_social_ideology_1801,1150008751,We will continue to lead European defence cooperation.,Lab,2005,Liberal,"{""1.82e+07"":-1}"
manifestos_social_ideology_1802,1130002991,"Unprecedented powers have been given to new, unelected and remote bodies, including regional assemblies for which there is no popular support.",Con,2005,Conservative,"{""2.00e+07"":1}"
manifestos_social_ideology_1803,1140005211,"The Government built its case on unreliable intelligence, in circumstances of doubtful legality.",LD,2005,Liberal,"{""1.73e+07"":-1,""5112203"":-1}"
manifestos_social_ideology_1804,30003591,"Labour's policy of firm and fair immigration control will ensure that the law does not discriminate on the basis of race, colour or sex.",Lab,1987,Liberal,"{""1.45e+07"":-1,""1.52e+07"":-1,""1.53e+07"":-1,""1.58e+07"":-1,""1.81e+07"":-1,""1.85e+07"":-1,""2.00e+07"":-1,""2.05e+07"":1,""2.09e+07"":-1,""2.10e+07"":-1,""2.11e+07"":-1,""2.13e+07"":-1,""4652872"":-1,""4680678"":-1,""5112203"":-1,""8968750"":-1,""946983"":-1}"
manifestos_social_ideology_1805,1070006241,We are committed to widening opportunities without compromising academic standards.,Con,1992,Liberal,"{""1.13e+07"":-1}"
manifestos_social_ideology_1806,1160009911,"We will promote small- and large-scale low carbon energy production, including nuclear, wind, clean coal and biogas.",Con,2010,Liberal,"{""1.51e+07"":-1}"
manifestos_social_ideology_1807,1080004191,Improve inspections.,LD,1992,Conservative,"{""1.94e+07"":1}"
manifestos_social_ideology_1808,1100004431,The Government has presided over massive delays in processing applications and admits that thousands of those whose cases are rejected simply disappear and never leave.,Con,2001,Conservative,"{""1.42e+07"":1}"
manifestos_social_ideology_1809,1180006301,"Retired people bring great strengths to our society - as carers for family members, active grandparents, and pillars of local civic life.",Lab,2010,Conservative,"{""1.42e+07"":1}"
manifestos_social_ideology_1810,1070009481,And we will ensure that our controls against drug-trafficking are not weakened by any changes in Europe.,Con,1992,Conservative,"{""1.52e+07"":1,""1.68e+07"":1,""2.03e+07"":1,""2.05e+07"":1,""5993386"":1,""7918256"":0,""886"":1}"
manifestos_social_ideology_1811,1170005531,"Prioritise health and education programmes which aim to promote gender equality, reduce maternal and infant mortality, and restrict the spread of major diseases like HIV/AIDS, TB and malaria.",LD,2010,Liberal,"{""1.51e+07"":-1,""1.57e+07"":-1}"
manifestos_social_ideology_1812,1110002011,"In the long term, our goal is:  A maximum average class size of 18 for all secondary classes with a practical element such as science and modern languages.  ",LD,2001,Liberal,"{""1.42e+07"":-1}"
manifestos_social_ideology_1813,1070006821,We will continue to encourage participation m AS examinations.,Con,1992,Liberal,"{""1.53e+07"":-1}"
manifestos_social_ideology_1814,1160006221,We will restore rigour to the curriculum and exam system and give every parent access to a good school.,Con,2010,Conservative,"{""1.51e+07"":1}"
manifestos_social_ideology_1815,1170007821,We would introduce a recall system so that constituents could force a by-election for any MP found responsible for serious wrongdoing.,LD,2010,Conservative,"{""1.11e+07"":1}"
manifestos_social_ideology_1816,1120010741,"For many children in care, adoption offers the best chance of success in life.",Lab,2001,Liberal,"{""1.95e+07"":-1}"
manifestos_social_ideology_1817,30003291,"Labour's Ministry for Women will make sure that, in framing their policies, all government departments listen and respond to women's needs and concerns.",Lab,1987,Liberal,"{""1.18e+07"":-1,""1.20e+07"":-1,""1.45e+07"":-1,""1.52e+07"":-1,""1.58e+07"":-1,""1.81e+07"":-1,""1.83e+07"":0,""2.00e+07"":-1,""2.01e+07"":-1,""2.11e+07"":-1,""2.13e+07"":-1,""4652872"":-1,""5112203"":-1,""8968750"":-1,""946983"":-1,""9703593"":1}"
manifestos_social_ideology_1818,1180005721,Prevention and early intervention. The NHS must be as effective at preventing ill health as it is at treating those in need of care.,Lab,2010,Liberal,"{""6340562"":-1}"
manifestos_social_ideology_1819,1140001151,That will cut waiting times and improve the quality of care.,LD,2005,Liberal,"{""1.73e+07"":-1}"
manifestos_social_ideology_1820,60008371,The process for scrutinising European legislation will be overhauled.,Lab,1997,Liberal,"{""1.84e+07"":-1}"
manifestos_social_ideology_1821,1110003911,"In the long term, we will also:  Propose a new way of sentencing for the most serious offenders.",LD,2001,Conservative,"{""1.10e+07"":1,""1.40e+07"":1,""1.52e+07"":1,""1.53e+07"":1,""1.68e+07"":1,""1.93e+07"":1,""2.05e+07"":1}"
manifestos_social_ideology_1822,1180006011,Choice of when and where you are treated will be extended whenever patients are booking routine appointments.,Lab,2010,Liberal,"{""1.53e+07"":-1,""1.84e+07"":-1}"
manifestos_social_ideology_1823,1080004661,Improve Special Educational Needs provision.,LD,1992,Liberal,"{""1.51e+07"":-1}"
manifestos_social_ideology_1824,1160009441,But Labour's new system goes too far.,Con,2010,Conservative,"{""1.52e+07"":1,""1.68e+07"":1}"
manifestos_social_ideology_1825,1140001251,Give people more control over their healthcare.,LD,2005,Liberal,"{""2.01e+07"":-1}"
manifestos_social_ideology_1826,1070006101,"introduced rights to check certain personal records held on computer, and supported new rights of access to a range of government records",Con,1992,Liberal,"{""1.66e+07"":-1}"
manifestos_social_ideology_1827,1140000141,The mark of a decent society is one which creates opportunity for young people and provides security and dignity for those in their older years.,LD,2005,Liberal,"{""1.13e+07"":-1,""1.85e+07"":-1}"
manifestos_social_ideology_1828,40007431,Where such behaviour goes unchecked more serious crimes will follow.,Con,1997,Conservative,"{""1.19e+07"":1,""1.52e+07"":1,""1.83e+07"":0,""1.93e+07"":1,""1.98e+07"":1,""2.04e+07"":1,""2.06e+07"":1,""2.08e+07"":1,""2.09e+07"":1,""2.13e+07"":1,""2.14e+07"":1,""2849677"":1,""5643547"":1,""7918256"":1,""7995027"":1,""8893451"":1}"
manifestos_social_ideology_1829,1120008201,"There will be tough new standards for care of children, the elderly and people with conditions like diabetes, kidney failure, multiple sclerosis, Parkinson's disease and epilepsy.",Lab,2001,Liberal,"{""1.95e+07"":-1,""6355305"":-1}"
manifestos_social_ideology_1830,1120013711,"Labour believes that local quality of life issues - from litter to parks - are vital issues, not peripheral.",Lab,2001,Liberal,"{""1.42e+07"":-1,""1.51e+07"":-1}"
manifestos_social_ideology_1831,1070016711,Our overriding objective in Northern Ireland is to eliminate the evil of terrorism.,Con,1992,Conservative,"{""1.10e+07"":1,""1.40e+07"":1}"
manifestos_social_ideology_1832,30003261,"We believe that positive steps are needed to help women and ethnic minorities get a fair deal, and to attain more democracy in the workplace.",Lab,1987,Liberal,"{""1.19e+07"":-1,""1.49e+07"":-1,""1.59e+07"":-1,""1.81e+07"":-1,""1.87e+07"":-1,""1.98e+07"":-1,""2.00e+07"":-1,""2.09e+07"":-1,""2.11e+07"":-1,""2.12e+07"":-1,""2.14e+07"":-1,""4680678"":-1,""5112203"":-1,""6591328"":-1,""8836799"":-1,""8968750"":-1,""946983"":-1}"
manifestos_social_ideology_1833,1090000421,"In an age where liberty has made great advances in the world, there is still conflict, instability and want, causing great misery and inhibiting the peace and co-operation which we want to help to build.",Lab,1992,Liberal,"{""1.74e+07"":-1,""1.82e+07"":-1,""2.09e+07"":-1,""2.10e+07"":-1}"
manifestos_social_ideology_1834,1150003681,Seventeen of these independent non-selective schools are now open within the state system,Lab,2005,Liberal,"{""1.98e+07"":-1}"
manifestos_social_ideology_1835,1110007561,Introduce voting at sixteen.,LD,2001,Liberal,"{""1.82e+07"":-1}"
manifestos_social_ideology_1836,40007691,In 1994 we doubled the maximum sentence for 15-17 year olds to 2 years detention in a young offenders institution.,Con,1997,Conservative,"{""1.19e+07"":1,""1.45e+07"":1,""1.52e+07"":1,""1.53e+07"":1,""1.59e+07"":1,""1.81e+07"":1,""1.87e+07"":1,""1.90e+07"":1,""1.93e+07"":1,""1.98e+07"":1,""2.06e+07"":1,""2.09e+07"":1,""2.12e+07"":1,""2.13e+07"":1,""3280015"":1,""7918256"":1,""7995027"":1,""8382218"":1,""8893451"":1}"
manifestos_social_ideology_1837,1150008721, make progress in the Doha development trade round,Lab,2005,Liberal,"{""1.82e+07"":-1}"
manifestos_social_ideology_1838,1100005741,We will also tackle insensitive siting of mobile phone masts without adequate consultation.,Con,2001,Conservative,"{""1.80e+07"":1,""2.20e+07"":1}"
manifestos_social_ideology_1839,50005071,"We will open up meetings of NHS Trust boards to the public and press, and give local people, staff and professionals speaking rights.",LD,1997,Liberal,"{""1.18e+07"":-1,""1.53e+07"":-1,""1.74e+07"":0,""1.86e+07"":-1,""2.02e+07"":-1,""2.08e+07"":-1,""2.09e+07"":-1,""2.10e+07"":-1,""2.11e+07"":-1,""2.13e+07"":-1,""2.14e+07"":-1}"
manifestos_social_ideology_1840,50006771,Women. There is still a long way to go before women in Britain have equal opportunities.,LD,1997,Liberal,"{""1.45e+07"":-1,""1.49e+07"":-1,""1.58e+07"":-1,""1.80e+07"":-1,""1.98e+07"":-1,""2.02e+07"":-1,""2.10e+07"":-1,""2.11e+07"":-1,""2.13e+07"":0,""2.14e+07"":-1,""3307853"":-1,""5112203"":-1,""5768369"":1,""8382218"":-1,""9015611"":1}"
manifestos_social_ideology_1841,1180000071,We will renew our society to further strengthen the communities that bind our country together.,Lab,2010,Liberal,"{""1.57e+07"":-1}"
manifestos_social_ideology_1842,60008331,We have no plans to replace the monarchy.,Lab,1997,Conservative,"{""2.10e+07"":1}"
manifestos_social_ideology_1843,20007941,We want to see a new initiative achieve Mutual and Balanced Force Reductions and we would be prepared to include Britain's nuclear weapons in disarmament negotiations.,LD,1987,Liberal,"{""2.13e+07"":-1}"
manifestos_social_ideology_1844,1120012961,We will examine reforms of the tribunal system in the light of the Leggatt Review.,Lab,2001,Liberal,"{""1.51e+07"":-1,""1.68e+07"":-1,""2.01e+07"":-1}"
manifestos_social_ideology_1845,40007761,"There are now about 16,000 more police officers - and over 18,000 more civilians helping them - than when we took office.",Con,1997,Conservative,"{""1.19e+07"":1,""1.20e+07"":1,""1.51e+07"":1,""1.52e+07"":1,""1.54e+07"":1,""1.58e+07"":1,""1.83e+07"":1,""2.00e+07"":0,""2.01e+07"":1,""2.02e+07"":1,""2.10e+07"":1,""2.11e+07"":1,""2.14e+07"":1,""3280015"":1,""7918256"":1,""7995027"":1,""8382218"":1,""8893451"":1}"
manifestos_social_ideology_1846,1140006391,Improve animal welfare.,LD,2005,Liberal,"{""1.63e+07"":-1}"
manifestos_social_ideology_1847,1100000741,"And they will be able to use, as a criterion for admission, the willingness of a pupil or parent to subscribe to a home-school agreement which sets out the responsibilities of students and their school to each other.",Con,2001,Liberal,"{""1.51e+07"":-1}"
manifestos_social_ideology_1848,40010911,This will mean that more draft bills will be subject to public scrutiny before they reach the floor of the House of Commons.,Con,1997,Liberal,"{""1.81e+07"":-1,""2.10e+07"":-1,""2.12e+07"":-1,""2.13e+07"":-1}"
manifestos_social_ideology_1849,1140005221,Who would have thought that Labour would lead the country into a war which has been compared to the fiasco of Suez?,LD,2005,Liberal,"{""1.73e+07"":-1}"
manifestos_social_ideology_1850,1160006201,Raise standards in schools. We will improve standards for all pupils and close the attainment gap between the richest and poorest.,Con,2010,Liberal,"{""1.51e+07"":-1}"
manifestos_social_ideology_1851,1170003771,And we believe that care would improve if local people had more control over how their health services were run.,LD,2010,Liberal,"{""3626598"":-1}"
manifestos_social_ideology_1852,1080008391,Individual citizens and minority communities themselves need protection against the power of the state and against discrimination and unfair treatment.,LD,1992,Liberal,"{""1.10e+07"":-1,""1.51e+07"":-1,""1.52e+07"":-1,""1.93e+07"":-1,""3731467"":-1}"
manifestos_social_ideology_1853,1160004571,"This way, we can make Britain fairer and safer",Con,2010,Liberal,"{""1.10e+07"":-1,""1.52e+07"":-1}"
manifestos_social_ideology_1854,1180006131,"More than 3,000 matrons across the NHS will have the power to manage wards, order deep cleaning, and report problems directly to hospital boards.",Lab,2010,Liberal,"{""1.53e+07"":-1}"
manifestos_social_ideology_1855,1120008521,Culture and sport. The arts and sports are key to our quality of life.,Lab,2001,Liberal,"{""1.42e+07"":-1}"
manifestos_social_ideology_1856,1150010181,We have  clamped down on the sale of playing fields: 96 per cent of schools in School Sport Partnerships now hold at least one sports day or sports festival each year.,Lab,2005,Liberal,"{""1.42e+07"":-1}"
manifestos_social_ideology_1857,1140002701,"We will introduce a Single Equality Act to outlaw all unfair discrimination, (including on the grounds of race, gender, religion or belief, sexual orientation, disability, age or gender identity), thus giving equal protection for all.",LD,2005,Liberal,"{""1.30e+07"":-1,""1.52e+07"":-1,""1.73e+07"":-1,""1.82e+07"":-1,""1.88e+07"":-1}"
manifestos_social_ideology_1858,60007111,"Protecting the environment. Our generation, and generations yet to come, are dependent on the integrity of the environment.",Lab,1997,Liberal,"{""1.53e+07"":-1,""1.59e+07"":-1,""2.08e+07"":-1,""2.13e+07"":-1,""5013710"":-1}"
manifestos_social_ideology_1859,1170004031,We will foster an environment in which all forms of creativity are able to flourish.,LD,2010,Liberal,"{""1.42e+07"":-1}"
manifestos_social_ideology_1860,1160006711,And any school that is in special measures for more than a year will be taken over immediately by a successful Academy provider.,Con,2010,Liberal,"{""1.51e+07"":-1}"
manifestos_social_ideology_1861,1100001371,We will link their release date to the attainment of objectives such as a recognised qualification or standard of behaviour.,Con,2001,Conservative,"{""1.10e+07"":1,""1.57e+07"":1,""1.66e+07"":1,""1.95e+07"":1,""6376956"":1}"
manifestos_social_ideology_1862,1150005711,No hidden waits.,Lab,2005,Liberal,"{""1.88e+07"":-1,""6342862"":-1}"
manifestos_social_ideology_1863,40008381,It is respected throughout the world.,Con,1997,Conservative,"{""1.80e+07"":1,""1.98e+07"":1,""2.13e+07"":1,""7954010"":1}"
manifestos_social_ideology_1864,1080004261,We will improve provision for in-service training and career breaks for women teachers with children.,LD,1992,Liberal,"{""1.10e+07"":-1,""1.63e+07"":-1}"
manifestos_social_ideology_1865,10000101,Britain has come right by her own efforts.,Con,1987,Conservative,"{""2.13e+07"":1,""313343"":1}"
manifestos_social_ideology_1866,20007531,Our Aims. The Alliance is firmly internationalist.,LD,1987,Liberal,"{""1.34e+07"":-1}"
manifestos_social_ideology_1867,1080006651,PR will greatly increase the possibilities of participation in the political process.,LD,1992,Liberal,"{""1.41e+07"":-1}"
manifestos_social_ideology_1868,1120006311,"Excellence for the many, not just the few is our driving passion.",Lab,2001,Liberal,"{""2.20e+07"":-1}"
manifestos_social_ideology_1869,1110003661,We will also use weekend and evening custody to permit some offenders during sentence to enter paid work prior to release.,LD,2001,Liberal,"{""1.10e+07"":-1,""1.30e+07"":-1,""1.40e+07"":-1,""1.41e+07"":-1,""1.82e+07"":-1}"
manifestos_social_ideology_1870,1150009351,We support the recommendation of the Secretary-General's High-level Panel for a Peace-building Commission to assist countries emerging from conflict and to develop mechanisms to enhance conflict prevention.,Lab,2005,Liberal,"{""1.82e+07"":-1}"
manifestos_social_ideology_1871,1150008951,So we cannot sit back and hope that we will be unaffected.,Lab,2005,Conservative,"{""1.13e+07"":1}"
manifestos_social_ideology_1872,1170003351,Allow parents to continue to choose faith-based schools within the state-funded sector and allow the establishment of new faith schools.,LD,2010,Liberal,"{""1.87e+07"":-1}"
manifestos_social_ideology_1873,1140002301,"What protects Britain's borders is not costly ID cards for law-abiding British citizens, but a strong UK Border Force detecting illegal entry and criminal activity.",LD,2005,Conservative,"{""1.10e+07"":1,""1.30e+07"":1,""1.52e+07"":1,""1.88e+07"":1}"
manifestos_social_ideology_1874,1140002281,The US has ruled out ID cards because they don't work.,LD,2005,Conservative,"{""1.52e+07"":1,""1.82e+07"":1,""1.88e+07"":1}"
manifestos_social_ideology_1875,1160011251,"We support the decision to renew Britain's submarine-based nuclear deterrent, based on the Trident missile system.",Con,2010,Conservative,"{""3626598"":1}"
manifestos_social_ideology_1876,1150003651,"Britain has a positive tradition of independent providers within the state system, including church and other faith schools.",Lab,2005,Liberal,"{""1.63e+07"":-1}"
manifestos_social_ideology_1877,1130002141,People coming to Britain for over 12 months from outside the EU will be required to undergo a full medical test.,Con,2005,Conservative,"{""1.63e+07"":1,""1.82e+07"":1}"
manifestos_social_ideology_1878,1170007391,"Help consumers to choose foods with the least environmental impact, through clearer labelling, and work with the EU to make sure country-of-origin labels identify the source of the products, not where they are packaged.",LD,2010,Liberal,"{""6342862"":-1}"
manifestos_social_ideology_1879,1070001041,Britain is taking the lead in encouraging these trends.,Con,1992,Liberal,"{""1.57e+07"":-1}"
manifestos_social_ideology_1880,1150003301,Schools will work together to raise standards.,Lab,2005,Liberal,"{""1.16e+07"":-1}"
manifestos_social_ideology_1881,1170000591,"It is at the centre of how the vast majority of British people live their lives, but it has been forgotten by those at the top.",LD,2010,Liberal,"{""3626598"":-1}"
manifestos_social_ideology_1882,1120007651,"We will implement it through the next Parliament and, if elected, beyond.",Lab,2001,Liberal,"{""1.51e+07"":-1}"
manifestos_social_ideology_1883,1160005421,"We will review family law in order to increase the use of mediation when couples do break up, and look at how best to provide greater access rights to non-resident parents and grandparents.",Con,2010,Liberal,"{""1.51e+07"":-1,""1.52e+07"":-1}"
manifestos_social_ideology_1884,1120016211,That is Labour's promise.,Lab,2001,Liberal,"{""2.00e+07"":-1}"
manifestos_social_ideology_1885,1180005341,All universities will be required clearly to set out how they will ensure a high-quality learning experience for students.,Lab,2010,Liberal,"{""1.51e+07"":-1}"
manifestos_social_ideology_1886,1160000531,"Our fundamental tenet is that power should be devolved from politicians to people, from the central to the local.",Con,2010,Conservative,"{""1.53e+07"":1,""2.20e+07"":1}"
manifestos_social_ideology_1887,1140001941,Liberal Democrats believe that teachers should be given more time to teach and that testing should have a clear purpose: to improve learning for individual children.,LD,2005,Liberal,"{""1.73e+07"":-1}"
manifestos_social_ideology_1888,1170000351,Give schools the freedom to make the right choices for their pupils.,LD,2010,Liberal,"{""2.02e+07"":-1}"
manifestos_social_ideology_1889,1080004871,Guarantee Quality.,LD,1992,Liberal,"{""1.51e+07"":-1}"
manifestos_social_ideology_1890,1180011331,More towns should be encouraged to apply for city status and have the chance to acquire it in future competitions.,Lab,2010,Liberal,"{""1.53e+07"":-1}"
manifestos_social_ideology_1891,1120016521,think of your children and your parents,Lab,2001,Liberal,"{""1.51e+07"":-1}"
manifestos_social_ideology_1892,1160011641,"press to keep the EU's doors open to those countries, including Turkey, that wish to join, conditional on the rigorous application of the accession criteria",Con,2010,Conservative,"{""3626598"":1}"
manifestos_social_ideology_1893,1170005081,"Set a target for 40 per cent of UK electricity to come from clean, non-carbon-emitting sources by 2020, rising to 100 per cent by 2050, underpinned by guaranteed price support",LD,2010,Liberal,"{""1.82e+07"":-1}"
manifestos_social_ideology_1894,1160001111,to build a political system where people have more power and control over their lives - is a massive undertaking in its own right.,Con,2010,Conservative,"{""2.02e+07"":1}"
manifestos_social_ideology_1895,50007161,Increase ethnic minorities' confidence in the police.,LD,1997,Liberal,"{""1.01e+07"":-1,""1.02e+07"":-1,""1.09e+07"":-1,""1.10e+07"":-1,""1.11e+07"":-1,""1.16e+07"":-1,""1.23e+07"":-1,""1.25e+07"":-1,""1.32e+07"":-1,""1.40e+07"":-1,""1.44e+07"":-1,""1.45e+07"":-1,""1.47e+07"":-1,""1.52e+07"":-1,""1.53e+07"":-1,""1.57e+07"":-1,""1.60e+07"":-1,""1.64e+07"":-1,""1.68e+07"":-1,""1.75e+07"":-1,""1.81e+07"":-1,""1.87e+07"":-1,""1.88e+07"":-1,""1.89e+07"":-1,""1.93e+07"":-1,""1.95e+07"":-1,""1.97e+07"":-1,""1.98e+07"":-1,""1911075"":-1,""2.01e+07"":-1,""2.03e+07"":-1,""2.04e+07"":-1,""2.05e+07"":-1,""2.06e+07"":-1,""2.07e+07"":-1,""2.09e+07"":-1,""2.10e+07"":-1,""2.11e+07"":-1,""2.12e+07"":-1,""2.13e+07"":-1,""2.14e+07"":-1,""2647839"":-1,""3217794"":-1,""3307853"":-1,""38397"":-1,""5112203"":-1,""5983773"":-1,""6339908"":-1,""6564635"":-1,""7954010"":-1,""7995027"":-1,""8382218"":-1,""874567"":1,""8968750"":1,""9054964"":-1,""946983"":-1}"
manifestos_social_ideology_1896,1080004461,Some of our proposed expansion of adult education will be organised in this way.,LD,1992,Liberal,"{""1.51e+07"":-1,""2.01e+07"":-1}"
manifestos_social_ideology_1897,1140004941,We will free local councils from many of the stifling controls of central government so that they can innovate and deliver services that meet local people's real needs.,LD,2005,Conservative,"{""1.42e+07"":1}"
manifestos_social_ideology_1898,1140007651,"And we'll introduce a fair voting system, so that parliament better represents the views of Britain and better reflects its diversity - with more women and a greater proportion of ethnic minority MPs.",LD,2005,Liberal,"{""1.57e+07"":-1,""1.63e+07"":-1}"
manifestos_social_ideology_1899,1080006871,"For us, federalism means decentralisation: passing powers down more than passing them up.",LD,1992,Liberal,"{""1.88e+07"":-1}"
manifestos_social_ideology_1900,1140001471,"Fewer school-run car journeys means less pollution, less congestion and fewer road deaths.",LD,2005,Liberal,"{""1.42e+07"":-1,""1.73e+07"":-1}"
manifestos_social_ideology_1901,1130001411,"The respect due to teachers will be enhanced by protecting them against malicious allegations of abuse and, most importantly, reducing the massive burden of paperwork.",Con,2005,Liberal,"{""1.17e+07"":-1}"
manifestos_social_ideology_1902,1160006971,"We have to send a serious, unambiguous message that carrying a knife is totally unacceptable, so we will make it clear that anyone convicted of a knife crime can expect to face a prison sentence.",Con,2010,Conservative,"{""1.10e+07"":1,""1.52e+07"":1,""1.61e+07"":1,""1.87e+07"":1}"
manifestos_social_ideology_1903,1110006251,Broadcasting. High-quality television and radio are essential components of a modern democracy and of a modern civilised society.,LD,2001,Liberal,"{""1.41e+07"":-1,""1.42e+07"":-1}"
manifestos_social_ideology_1904,1080002951,We will clean up beaches and coastlines by ensuring full treatment of sewage.,LD,1992,Liberal,"{""1.53e+07"":-1,""1.86e+07"":-1,""2.08e+07"":-1,""2.09e+07"":-1}"
manifestos_social_ideology_1905,1080003071,We will publish a regular air pollution index and encourage newspapers and TV and radio weather forecasts to use it.,LD,1992,Liberal,"{""1.42e+07"":-1}"
manifestos_social_ideology_1906,1130002451,"So, we will end Labour's early release from prison scheme and provide 20,000 extra prison places.",Con,2005,Conservative,"{""1.30e+07"":1,""1.57e+07"":1,""1.88e+07"":1,""2.00e+07"":1,""2.05e+07"":1}"
manifestos_social_ideology_1907,1140001991,"A designated teacher in each school will have responsibility to identify and plan for children with special needs, and act as a contact point for parents and other teachers.",LD,2005,Conservative,"{""1.42e+07"":1}"
manifestos_social_ideology_1908,1140002221,"It's time to concentrate on the basics: more police on the beat, more effort to stop prisoners re-offending, more help for victims of crime.",LD,2005,Conservative,"{""1.40e+07"":1,""1.42e+07"":1,""1.52e+07"":1,""1.57e+07"":1,""1.93e+07"":1}"
manifestos_social_ideology_1909,1120015901,We are convinced by the scientific evidence of climate change - and convinced that now is the time to act.,Lab,2001,Liberal,"{""2.00e+07"":-1}"
manifestos_social_ideology_1910,1120016121,"We have set a target for the recycling of 35 per cent of household waste by 2015, and will work with all local authorities to introduce kerbside recycling schemes wherever appropriate.",Lab,2001,Liberal,"{""1.42e+07"":-1}"
manifestos_social_ideology_1911,1150000701,"Our vision is clear: a country more equal in its opportunities, more secure in its communities, more confident in its future.",Lab,2005,Liberal,"{""1.42e+07"":-1}"
manifestos_social_ideology_1912,1140001211,Many people can't find an NHS dentist to take them on.,LD,2005,Liberal,"{""1.73e+07"":-1}"
manifestos_social_ideology_1913,1150003561,"It is to ensure that independent specialist schools tailor education to the needs, interests and aptitudes of each pupil within a fair admissions system.",Lab,2005,Liberal,"{""1.84e+07"":-1}"
manifestos_social_ideology_1914,1140000301," our instinctive internationalism - through positive and proactive engagement with Europe, the United Nations and the Commonwealth - is definitive.",LD,2005,Liberal,"{""1.57e+07"":-1}"
manifestos_social_ideology_1915,1160010691,"The new CAP should reflect the importance we attach to the environment, to ensuring food security and to tackling global poverty.",Con,2010,Liberal,"{""1.51e+07"":-1}"
manifestos_social_ideology_1916,1180009381,"Faith is enormously important to millions of people in Britain, shaping their values and the way they live.",Lab,2010,Conservative,"{""1.66e+07"":1}"
manifestos_social_ideology_1917,1180008051,We will extend nationwide the right for local people to vote on what work offenders do to pay back to the communities they have harmed.,Lab,2010,Conservative,"{""2.06e+07"":1,""2.21e+07"":1,""6340562"":1}"
manifestos_social_ideology_1918,1180004861,"Because the learning environment itself matters, we will take forward our Building Schools for the Future programme to rebuild or refurbish secondary schools, giving our children first-rate facilities that support inspirational teaching and access to ICT, sports and the arts.",Lab,2010,Liberal,"{""1.84e+07"":-1}"
manifestos_social_ideology_1919,1090005491,"If the press fail to deal with abuses of individual privacy, we will implement the Calcutt Report's recommendations for statutory protection.",Lab,1992,Liberal,"{""1.10e+07"":-1,""1.82e+07"":-1}"
manifestos_social_ideology_1920,1080004421,We will review the charitable status of independent schools with the intention of ensuring that the benefits of charitable status are only awarded to those institutions that make a genuine contribution to the wider community.,LD,1992,Liberal,"{""1.76e+07"":-1}"
manifestos_social_ideology_1921,1110008681,We will extend the size and powers of the Home Office Inspectorate and encourage more unannounced inspections.,LD,2001,Liberal,"{""1.42e+07"":-1}"
manifestos_social_ideology_1922,1180004301,"There are now over 3,500 Sure Start Children's Centres and every three and four year old has access to free nursery education, which is rising to 15 hours a week.",Lab,2010,Liberal,"{""1.42e+07"":-1}"
manifestos_social_ideology_1923,1070009891,"Over 3,000 GPs will be fundholders by April, caring for 14 per cent of NHS patients.",Con,1992,Liberal,"{""6342862"":-1}"
manifestos_social_ideology_1924,1080005711,"We will extend the rights and responsibilities of prisoners along the lines recommended by the Woolf Report, and create the post of Prison Ombudsman.",LD,1992,Liberal,"{""1.10e+07"":-1,""1.51e+07"":-1,""1.52e+07"":-1,""1.68e+07"":-1,""3731467"":-1}"
manifestos_social_ideology_1925,1070013861,"We will ensure that more schools, especially in the inner cities, have the opportunity to develop their technological expertise.",Con,1992,Liberal,"{""1.47e+07"":-1}"
manifestos_social_ideology_1926,1160010561,"and, work to reduce litter, which spoils too much of our countryside and urban environment.",Con,2010,Liberal,"{""1.51e+07"":-1}"
manifestos_social_ideology_1927,1120006531,OfSTED will help drive up standards.,Lab,2001,Liberal,"{""1.51e+07"":-1}"
manifestos_social_ideology_1928,1120017391,"In Kosovo, our armed forces played a leading role in standing up against ethnic cleansing.",Lab,2001,Liberal,"{""1.57e+07"":-1,""9289597"":-1}"
manifestos_social_ideology_1929,1160005671,"We will publish detailed data about the performance of healthcare providers online, so everyone will know who is providing a good service and who is falling behind, and we will measure our success on the health results that really matter - such as improving cancer and stroke survival rates or reducing hospital infections.",Con,2010,Liberal,"{""1.84e+07"":-1}"
manifestos_social_ideology_1930,1180005671,We will be uncompromising in expecting high standards from all NHS services - and in the coming period we will expect PCTs to challenge all services to achieve the highest quality.,Lab,2010,Conservative,"{""1.53e+07"":1}"
manifestos_social_ideology_1931,1120011551,"Beyond then, we will maintain the drive to keep the number as low as possible.",Lab,2001,Liberal,"{""1.42e+07"":-1}"
manifestos_social_ideology_1932,1070008601,"We will create a new criminal offence of squatting, to give greater protection to the owners and occupants of shops, commercial premises, houses and flats.",Con,1992,Conservative,"{""1.13e+07"":1,""1.52e+07"":1,""1.57e+07"":1,""1.68e+07"":1}"
manifestos_social_ideology_1933,1120000461,It is as if a glass ceiling has stopped us fulfilling our potential.,Lab,2001,Conservative,"{""1.57e+07"":1}"
manifestos_social_ideology_1934,1070009171,We are determined that everyone lawfully settled in this country should enjoy the full range of opportunities in our society.,Con,1992,Liberal,"{""1.40e+07"":-1,""1.51e+07"":-1,""1.57e+07"":-1,""1.68e+07"":-1}"
manifestos_social_ideology_1935,1120012321,"Persistent offending. About 100,000 persistent offenders, mostly young men, commit about half of all serious crimes.",Lab,2001,Conservative,"{""1.10e+07"":1,""1.42e+07"":1,""1.51e+07"":1,""1.68e+07"":1,""1.93e+07"":1}"
manifestos_social_ideology_1936,1150011281,We will explore giving people a more direct opportunity to express a view about whether they would like to have a directly elected mayor.,Lab,2005,Conservative,"{""1.30e+07"":1}"
manifestos_social_ideology_1937,1090000371,We will strengthen equality before the law and equality of opportunity for the majority of the population -women.,Lab,1992,Liberal,"{""1.10e+07"":-1,""1.40e+07"":-1,""1.42e+07"":-1,""1.68e+07"":-1,""2.05e+07"":-1,""2209950"":-1,""5993386"":-1,""7918256"":-1,""886"":-1}"
manifestos_social_ideology_1938,1180004971,Teacher training institutions will be asked to provide specialist courses for teachers in promoting pupils' resilience and responsibility.,Lab,2010,Liberal,"{""1.84e+07"":-1}"
manifestos_social_ideology_1939,1140002761,We will improve the enforcement of pollution controls through a specialist Environmental Tribunal to deal with enforcing environmental rules.,LD,2005,Liberal,"{""1.73e+07"":-1}"
manifestos_social_ideology_1940,1070006701,We will press ahead with regular appraisal of teachers to encourage high standards and develop professional skills.,Con,1992,Liberal,"{""1.51e+07"":-1}"
manifestos_social_ideology_1941,1160006671,"The most vulnerable children deserve the very highest quality of care, so we will call a moratorium on the ideologically-driven closure of special schools.",Con,2010,Liberal,"{""1.51e+07"":-1}"
manifestos_social_ideology_1942,1170005971,"But Britain's reputation has been damaged by unscrupulous arms deals with dictators, allegations of involvement in torture, and of course the disastrous and illegal invasion of Iraq.",LD,2010,Conservative,"{""1.11e+07"":1}"
manifestos_social_ideology_1943,20002211,Imprisonment rarely rehabilitates the prisoner.,LD,1987,Liberal,"{""1.06e+07"":-1,""1.09e+07"":0,""1.10e+07"":-1,""1.18e+07"":-1,""1.27e+07"":-1,""1.30e+07"":-1,""1.32e+07"":-1,""1.36e+07"":-1,""1.40e+07"":-1,""1.41e+07"":-1,""1.45e+07"":1,""1.47e+07"":-1,""1.51e+07"":-1,""1.52e+07"":-1,""1.53e+07"":-1,""1.57e+07"":-1,""1.63e+07"":-1,""1.68e+07"":-1,""1.71e+07"":-1,""1.72e+07"":-1,""1.74e+07"":-1,""1.75e+07"":-1,""1.84e+07"":-1,""1.86e+07"":-1,""1.88e+07"":-1,""1.89e+07"":1,""1.93e+07"":-1,""1.95e+07"":-1,""1.98e+07"":-1,""1886681"":-1,""2.00e+07"":-1,""2.01e+07"":-1,""2.02e+07"":-1,""2.05e+07"":-1,""2.06e+07"":-1,""2.07e+07"":1,""2.08e+07"":-1,""2.09e+07"":-1,""2.10e+07"":-1,""2.11e+07"":-1,""2.12e+07"":-1,""2.13e+07"":-1,""2.14e+07"":-1,""2.21e+07"":-1,""6340793"":1,""8382218"":-1}"
manifestos_social_ideology_1944,1110008871,Building Strong Local Communities. The strongest local communities are built on the actions of individuals within them.,LD,2001,Liberal,"{""6342862"":-1}"
manifestos_social_ideology_1945,1070010371,We believe that the diversity of childcare provision in the UK is one of its strengths.,Con,1992,Liberal,"{""1.95e+07"":-1}"
manifestos_social_ideology_1946,1120017111,"There are 17,100 more nurses and 6,700 more doctors than in 1997.",Lab,2001,Conservative,"{""2.00e+07"":1}"
manifestos_social_ideology_1947,1080008721,Our Pledge. What has been set out in these pages is a programme that could change Britain for good.,LD,1992,Liberal,"{""1.74e+07"":-1,""2.10e+07"":-1}"
manifestos_social_ideology_1948,1100002961,They would enable us to make rapid reductions in the waiting times required for these procedures.,Con,2001,Liberal,"{""1.88e+07"":-1}"
manifestos_social_ideology_1949,1150005941,The maximum time that people waited for operations in 1997 was well over 18 months.,Lab,2005,Conservative,"{""1.42e+07"":1,""2.01e+07"":1}"
manifestos_social_ideology_1950,1160004931,"The initial flagship project will provide a programme for 16 year olds to give them a chance to develop the skills needed to be active and responsible citizens, mix with people from different backgrounds, and start getting involved in their communities.",Con,2010,Liberal,"{""1.51e+07"":-1}"
manifestos_social_ideology_1951,1140008021,WE PROPOSE: Putting patients first.,LD,2005,Liberal,"{""1.10e+07"":-1,""1.51e+07"":-1}"
manifestos_social_ideology_1952,1100006671,A proud democracy. Common sense means fewer politicians and more local decision-making.,Con,2001,Conservative,"{""2.19e+07"":1,""2.21e+07"":1}"
manifestos_social_ideology_1953,1150005441,It makes sense to provide citizens with an equally secure identity card to protect them at home from identity theft and clamp down on illegal working and fraudulent use of public ser vices.,Lab,2005,Conservative,"{""1.40e+07"":1,""1.42e+07"":1,""1.57e+07"":1}"
manifestos_social_ideology_1954,1170003281,Teachers are held back by constant government interference which distracts from teaching.,LD,2010,Liberal,"{""3626598"":-1}"
manifestos_social_ideology_1955,1110010521,International Security. We favour greater international co-operation to make the world a safer place and to uphold human rights in other countries.,LD,2001,Liberal,"{""1.10e+07"":-1,""1.30e+07"":-1,""1.42e+07"":-1}"
manifestos_social_ideology_1956,40007821,The public needs to be protected.,Con,1997,Conservative,"{""1.19e+07"":0,""1.22e+07"":1,""1.49e+07"":1,""1.52e+07"":1,""1.83e+07"":0,""1.93e+07"":1,""1.98e+07"":1,""2.05e+07"":-1,""2.06e+07"":1,""2.08e+07"":1,""2.13e+07"":1,""2.14e+07"":1,""2849677"":1,""5013710"":0,""7918256"":1,""7995027"":1,""8893451"":1}"
manifestos_social_ideology_1957,60008071,The millennium should harness the imagination of all those people who have so much to offer for the benefit of the community.,Lab,1997,Liberal,"{""1.49e+07"":0,""1.59e+07"":-1,""1.81e+07"":-1,""1.86e+07"":-1,""2.10e+07"":-1,""2.13e+07"":-1,""2.14e+07"":-1,""5993386"":-1}"
manifestos_social_ideology_1958,1090005361,The Parliament will be elected on an Additional Member System.,Lab,1992,Liberal,"{""1.51e+07"":-1}"
manifestos_social_ideology_1959,1100004391,This chaos encourages unfounded asylum claims.,Con,2001,Conservative,"{""1.10e+07"":1,""1.57e+07"":1,""1.95e+07"":1}"
manifestos_social_ideology_1960,60008251,"As an initial, self-contained reform, not dependent on further reform in the future, the right of hereditary peers to sit and vote in the House of Lords will be ended by statute.",Lab,1997,Liberal,"{""2.08e+07"":-1}"
manifestos_social_ideology_1961,1090003221,"Within 12 months, we will end the scandal of primary school classes of over 40 children.",Lab,1992,Liberal,"{""1.42e+07"":-1}"
manifestos_social_ideology_1962,1180004381,Excellence for all: every school a good school. Every parent wants their child to attend an excellent school - with the best possible teaching and facilities.,Lab,2010,Liberal,"{""6342862"":-1}"
manifestos_social_ideology_1963,1120015511,Labour will be a friend of those denied human rights and a supporter of steps to strengthen them.,Lab,2001,Liberal,"{""1.10e+07"":-1,""1.52e+07"":-1,""1.57e+07"":-1}"
manifestos_social_ideology_1964,1110009631,We will not build incinerators unless results of research on their impact show that they are safe and the best environmental option.,LD,2001,Liberal,"{""1.51e+07"":-1}"
manifestos_social_ideology_1965,1160009301,"We will scrap ID cards, the National Identity Register and the Contactpoint database.",Con,2010,Conservative,"{""1.52e+07"":1,""1.95e+07"":1}"
manifestos_social_ideology_1966,1080004331,"We will encourage every school to enhance its character, ethos and areas of special interest within a more flexible National Curriculum framework.",LD,1992,Liberal,"{""1.51e+07"":-1}"
manifestos_social_ideology_1967,1180007501,"Online crime maps now give everyone monthly information on crime in their area, and we have supported the Policing Inspectorate in publishing new online 'report cards', comparing how forces perform.",Lab,2010,Conservative,"{""1.10e+07"":1,""1.27e+07"":1,""1.40e+07"":1,""1.52e+07"":1,""1.57e+07"":1}"
manifestos_social_ideology_1968,1180000011,They bring great pride and credit to our country: we honour and will always support them.,Lab,2010,Conservative,"{""1.96e+07"":1}"
manifestos_social_ideology_1969,1070016841,"We will continue to pursue policies designed to alleviate social needs, to promote equity of treatment and to widen the sense of common purpose which is growing in the Province.",Con,1992,Liberal,"{""1.57e+07"":-1,""1.63e+07"":-1,""1.93e+07"":-1}"
manifestos_social_ideology_1970,1160006771,"We will put the criminal justice system on the side of responsible citizens, take tougher measures against knife criminals and crack down on the binge-drinking that leads to violence.",Con,2010,Conservative,"{""1.30e+07"":1,""1.53e+07"":1,""1.68e+07"":1,""1.82e+07"":1,""1.93e+07"":1}"
manifestos_social_ideology_1971,1110004161,"The Commission will also be charged with recommending strategies to address misuse of legal drugs such as alcohol and tobacco, and other legal substances such as solvents.",LD,2001,Conservative,"{""1.10e+07"":1,""1.30e+07"":1,""1.42e+07"":1}"
manifestos_social_ideology_1972,1150004991,Already we have introduced laws that enable the courts to confiscate the assets and property of drug dealers and other major criminals.,Lab,2005,Conservative,"{""1.10e+07"":1,""1.40e+07"":1,""1.82e+07"":1,""1.93e+07"":1,""1.95e+07"":1}"
manifestos_social_ideology_1973,1080008281,Reform and strengthen local government.,LD,1992,Liberal,"{""1.42e+07"":-1,""1.51e+07"":-1}"
manifestos_social_ideology_1974,1170003951,Clamp down on anyone who is aggressive or abusive to staff in accident and emergency departments.,LD,2010,Conservative,"{""1.52e+07"":1,""1.87e+07"":1}"
manifestos_social_ideology_1975,1080006201,"First, access to the arts is intrinsic to a high quality of life.",LD,1992,Liberal,"{""1.94e+07"":-1}"
manifestos_social_ideology_1976,20002321,"Alternatives to Prison. Every effort should be made to ensure that fine defaulters, elderly shoplifters and drunks are not sent to prison.",LD,1987,Liberal,"{""1.09e+07"":-1,""1.10e+07"":-1,""1.11e+07"":-1,""1.13e+07"":-1,""1.20e+07"":-1,""1.30e+07"":-1,""1.32e+07"":-1,""1.40e+07"":-1,""1.42e+07"":1,""1.45e+07"":-1,""1.49e+07"":-1,""1.51e+07"":-1,""1.52e+07"":-1,""1.53e+07"":-1,""1.57e+07"":-1,""1.58e+07"":-1,""1.63e+07"":-1,""1.68e+07"":-1,""1.71e+07"":-1,""1.74e+07"":-1,""1.75e+07"":-1,""1.80e+07"":-1,""1.81e+07"":-1,""1.82e+07"":-1,""1.84e+07"":-1,""1.85e+07"":-1,""1.86e+07"":-1,""1.87e+07"":-1,""1.89e+07"":-1,""1.93e+07"":-1,""1.95e+07"":-1,""1.96e+07"":-1,""1.98e+07"":-1,""1879426"":-1,""1886681"":-1,""2.00e+07"":-1,""2.01e+07"":-1,""2.04e+07"":-1,""2.05e+07"":-1,""2.06e+07"":-1,""2.08e+07"":-1,""2.09e+07"":-1,""2.10e+07"":-1,""2.11e+07"":-1,""2.12e+07"":-1,""2.13e+07"":-1,""2.14e+07"":-1,""2.16e+07"":-1,""2.20e+07"":-1,""2.21e+07"":-1,""2056455"":-1,""5643547"":-1,""6349089"":-1,""6362861"":-1,""6363491"":-1,""6591328"":-1,""7990814"":-1,""8273320"":-1,""8382218"":-1,""9723768"":-1}"
manifestos_social_ideology_1977,1090005701,"Protecting children will be high on the agenda, as will the full implementation of the Children Act and the UN Convention to promote childrens rights.",Lab,1992,Liberal,"{""1.30e+07"":-1}"
manifestos_social_ideology_1978,1160006581,"and, establish a free online database of exam papers and marking schemes.",Con,2010,Liberal,"{""1.51e+07"":-1}"
manifestos_social_ideology_1979,1150005901," 500,000 more operations a year.",Lab,2005,Liberal,"{""1.63e+07"":-1}"
manifestos_social_ideology_1980,60008471,"We are pledged to a Freedom of Information Act, leading to more open government, and an independent National Statistical Service.",Lab,1997,Liberal,"{""1.98e+07"":-1,""2.06e+07"":-1,""2.10e+07"":-1,""2.11e+07"":-1,""2.14e+07"":-1,""568434"":-1,""6320843"":-1,""7918256"":-1}"
manifestos_social_ideology_1981,1070007881,FREEDOM UNDER THE LAW. The Conservative Party has always stood for the protection of the citizen and the defence of the rule of law.,Con,1992,Conservative,"{""1.40e+07"":1,""1.68e+07"":1,""1.93e+07"":1,""1.95e+07"":1,""1.96e+07"":1}"
manifestos_social_ideology_1982,1120002071,"We plan a radical improvement in secondary schools, building on our success in primary schools.",Lab,2001,Liberal,"{""1.51e+07"":-1}"
manifestos_social_ideology_1983,1120000301,"There is much still to be done, but we have come a long way in four years.",Lab,2001,Liberal,"{""1.51e+07"":-1}"
manifestos_social_ideology_1984,1110002131,"Replace all national school targets with a statutory requirement for schools to develop individual education plans for pupils, with clear individual targets and criteria for improvement.",LD,2001,Conservative,"{""6342862"":1}"
manifestos_social_ideology_1985,1090004251,We will implement the recommendations of he Woolf Report to improve prison conditions.,Lab,1992,Liberal,"{""1.10e+07"":-1,""1.40e+07"":-1,""1.53e+07"":-1,""1.68e+07"":-1,""1.86e+07"":-1,""1.87e+07"":-1,""2.05e+07"":-1,""2.08e+07"":-1,""2.09e+07"":-1,""2.11e+07"":-1,""2.12e+07"":-1,""2.13e+07"":-1}"
manifestos_social_ideology_1986,1170002641,"It is vital that policy, especially that relating to public health, criminal justice and environmental protection, benefits from being based on the best available evidence.",LD,2010,Conservative,"{""1.51e+07"":1}"
manifestos_social_ideology_1987,40007741,If successful we will consider extending them nationwide.,Con,1997,Conservative,"{""1.19e+07"":1,""1.52e+07"":1,""2.06e+07"":1,""2.08e+07"":1,""2.09e+07"":1,""2.12e+07"":1,""2.13e+07"":1,""3280015"":1,""7918256"":1,""7954010"":1,""7995027"":1}"
manifestos_social_ideology_1988,30001761,We shall see that all women have the chance to see a woman doctor if they choose.,Lab,1987,Liberal,"{""1.54e+07"":-1,""1.96e+07"":0,""2.05e+07"":-1,""2.06e+07"":-1,""2.08e+07"":0,""2.10e+07"":-1,""4680678"":-1,""5112203"":-1,""5993386"":-1,""7918256"":-1,""886"":-1,""8968750"":-1,""946983"":-1}"
manifestos_social_ideology_1989,1110011031,"Working with bodies such as the churches, we will support large-scale AIDS/HIV education programmes and press for mother-to-child AIDS treatment drugs to be made available cheaply.",LD,2001,Liberal,"{""1.42e+07"":-1,""1.96e+07"":-1}"
manifestos_social_ideology_1990,10009211,Nuclear weapons are vital to that task.,Con,1987,Conservative,"{""1.32e+07"":1,""1.53e+07"":1,""2.10e+07"":1,""2.12e+07"":1}"
manifestos_social_ideology_1991,1110008831,"In rural areas, people feel that the Labour Party does not understand their needs.",LD,2001,Conservative,"{""1.30e+07"":1}"
manifestos_social_ideology_1992,40009651,We will continue to work with international partners to secure peace and stability in areas of tension such as former Yugoslavia,Con,1997,Liberal,"{""1.20e+07"":-1}"
manifestos_social_ideology_1993,1150003001," a good secondary school for every child, with modern buildings and excellent specialist teaching",Lab,2005,Liberal,"{""2.02e+07"":-1}"
manifestos_social_ideology_1994,1160009711,"We will make it easier for people to go green, with incentives for people to do the right thing.",Con,2010,Liberal,"{""1.51e+07"":-1}"
manifestos_social_ideology_1995,60005711,We will attack the drug problem in prisons.,Lab,1997,Conservative,"{""1.18e+07"":1,""1.19e+07"":1,""1.24e+07"":-1,""1.52e+07"":1,""1.98e+07"":1,""1.99e+07"":1,""2.00e+07"":1,""2.09e+07"":1,""2.10e+07"":1,""2.11e+07"":1,""2.13e+07"":1,""568434"":1,""8382218"":1,""917392"":1}"
manifestos_social_ideology_1996,50005641,We will establish a fixed Parliamentary term of four years.,LD,1997,Liberal,"{""2.06e+07"":-1,""2.09e+07"":-1,""2.13e+07"":-1}"
manifestos_social_ideology_1997,60009901,A new Labour government will build a strong defence against these threats.,Lab,1997,Conservative,"{""1.32e+07"":1,""1.83e+07"":0,""2.10e+07"":1,""2.14e+07"":1,""8382218"":1}"
manifestos_social_ideology_1998,1160000951,We will give people much more say over the things that affect their daily lives.,Con,2010,Conservative,"{""1.30e+07"":1}"
manifestos_social_ideology_1999,60007781,Yet we consistently undervalue the role of the arts and culture in helping to create a civic society - from amateur theatre to our art galleries.,Lab,1997,Liberal,"{""1.85e+07"":-1,""2.08e+07"":-1,""2.09e+07"":-1,""2.10e+07"":-1,""2.11e+07"":-1,""2.13e+07"":-1,""6341364"":-1}"
manifestos_social_ideology_2000,1070015061,Within the European Community we will press for the introduction of integrated pollution control on the UK model.,Con,1992,Liberal,"{""1.51e+07"":-1}"
manifestos_social_ideology_2001,1150003331,"A strong, effective governing body is essential to the success of every school and governors must be given support to help them play this role.",Lab,2005,Liberal,"{""2.02e+07"":-1}"
manifestos_social_ideology_2002,1120009401,That is our promise.,Lab,2001,Liberal,"{""1.51e+07"":-1}"
manifestos_social_ideology_2003,1120003191,dramatically improve the quality and quantity of prison education ,Lab,2001,Liberal,"{""1.10e+07"":-1,""1.41e+07"":-1,""1.51e+07"":-1}"
manifestos_social_ideology_2004,1150000571,No going back to a Britain marginalised and weak.,Lab,2005,Liberal,"{""1.63e+07"":-1}"
manifestos_social_ideology_2005,1080004441,"Access to their libraries, computers, meeting rooms, sports halls, playing fields and swimming pools could make a big contribution to community life.",LD,1992,Liberal,"{""1.51e+07"":-1}"
manifestos_social_ideology_2006,1120008511,It will deliver an NHS to be proud of.,Lab,2001,Liberal,"{""1.51e+07"":-1}"
manifestos_social_ideology_2007,1140000961,Too often hitting the government target means missing the point.,LD,2005,Liberal,"{""1.42e+07"":-1}"
manifestos_social_ideology_2008,1070008491,We believe that the maximum sentence for such a crime should reflect its gravity.,Con,1992,Conservative,"{""1.52e+07"":1,""1.68e+07"":1,""1.93e+07"":1,""2.03e+07"":1,""6355305"":1}"
manifestos_social_ideology_2009,1170002621,"We need to safeguard the future of the science and engineering workforce and break the vicious cycle linking fewer University science, engineering and maths applicants to fewer teachers with specialist qualifications.",LD,2010,Liberal,"{""1.42e+07"":-1,""1.51e+07"":-1}"
manifestos_social_ideology_2010,1170003251,Schools should be working to get the best from all their pupils but government league tables are forcing them to focus on those who are just above or below the key C-grade borderline.,LD,2010,Liberal,"{""1.84e+07"":-1}"
manifestos_social_ideology_2011,20000981,It will no longer be possible for two political parties to run the House of Commons to suit their own convenience.,LD,1987,Conservative,"{""1.72e+07"":1,""2.13e+07"":1}"
manifestos_social_ideology_2012,1160011501,"We will work patiently with the grain of other societies, but we will always support liberal values because they provide the foundations for stability and prosperity.",Con,2010,Liberal,"{""1.82e+07"":-1,""3626598"":-1}"
manifestos_social_ideology_2013,10007441,"There are more police, better equipped to fight crime.",Con,1987,Conservative,"{""1.02e+07"":1,""1.08e+07"":1,""1.09e+07"":1,""1.10e+07"":1,""1.11e+07"":1,""1.14e+07"":1,""1.18e+07"":1,""1.24e+07"":1,""1.32e+07"":1,""1.40e+07"":1,""1.42e+07"":1,""1.44e+07"":1,""1.45e+07"":1,""1.51e+07"":1,""1.52e+07"":1,""1.54e+07"":1,""1.57e+07"":1,""1.58e+07"":1,""1.60e+07"":1,""1.63e+07"":1,""1.68e+07"":1,""1.73e+07"":1,""1.74e+07"":0,""1.75e+07"":1,""1.76e+07"":1,""1.80e+07"":1,""1.81e+07"":1,""1.83e+07"":1,""1.85e+07"":1,""1.86e+07"":1,""1.87e+07"":1,""1.88e+07"":1,""1.90e+07"":1,""1.93e+07"":1,""1.95e+07"":1,""1.97e+07"":0,""1.98e+07"":1,""1.99e+07"":1,""1054502"":1,""1879426"":1,""2.00e+07"":1,""2.01e+07"":1,""2.02e+07"":1,""2.03e+07"":1,""2.04e+07"":1,""2.05e+07"":1,""2.06e+07"":1,""2.07e+07"":1,""2.08e+07"":1,""2.09e+07"":1,""2.10e+07"":1,""2.11e+07"":1,""2.12e+07"":1,""2.13e+07"":1,""2.14e+07"":1,""2.20e+07"":1,""2173664"":1,""2785872"":1,""3307853"":1,""4680678"":1,""5112203"":1,""5372456"":-1,""5536796"":1,""5537363"":-1,""5656294"":1,""5768369"":1,""6066983"":1,""6161328"":1,""6340793"":1,""6525777"":1,""7395284"":1,""7502519"":1,""7591372"":1,""787803"":1,""7918256"":1,""8382218"":1,""8836799"":1,""946983"":1,""9703593"":1,""9888671"":1}"
manifestos_social_ideology_2014,1120011491,"Social inclusion. Social exclusion, affecting around ten per cent of the population, living in fewer than 1,000 of the most deprived wards in Britain, damages lives and wrecks communities.",Lab,2001,Liberal,"{""1.30e+07"":-1,""1.42e+07"":-1,""1.63e+07"":-1,""1.93e+07"":-1}"
manifestos_social_ideology_2015,1120001161,They are my concerns too.,Lab,2001,Liberal,"{""1.51e+07"":-1}"
manifestos_social_ideology_2016,1070007021,We have already brought the world of work and the world of school into closer harmony,Con,1992,Liberal,"{""2.01e+07"":-1}"
manifestos_social_ideology_2017,60005781,"Gun control. In the wake of Dunblane and Hungerford, it is clear that only the strictest firearms laws can provide maximum safety.",Lab,1997,Liberal,"{""1.24e+07"":-1,""1.53e+07"":-1,""1.86e+07"":-1,""1.89e+07"":-1,""1.93e+07"":-1,""1.98e+07"":-1,""2.08e+07"":-1,""2.09e+07"":-1,""2.13e+07"":1,""2793302"":-1,""568434"":-1,""6066983"":-1}"
manifestos_social_ideology_2018,40007441,We will support chief constables who develop local schemes to crack down on petty crime and improve public order.,Con,1997,Conservative,"{""1.19e+07"":-1,""1.25e+07"":1,""1.52e+07"":-1,""1.80e+07"":1,""1.81e+07"":1,""1.86e+07"":1,""1.93e+07"":1,""1.98e+07"":1,""2.04e+07"":1,""2.06e+07"":1,""2.11e+07"":1,""2.12e+07"":1,""2.13e+07"":1,""2361265"":1,""5372456"":-1,""7918256"":1,""7995027"":1}"
manifestos_social_ideology_2019,1090003101,"Over the next 22 months, additional resources of at least £600 million will be made available for investment in education.",Lab,1992,Liberal,"{""1.57e+07"":-1}"
manifestos_social_ideology_2020,40008001,Conservatives are on the side of the victims not the criminal.,Con,1997,Conservative,"{""1.19e+07"":1,""1.51e+07"":1,""1.52e+07"":1,""1.75e+07"":1,""1.81e+07"":1,""1.98e+07"":1,""2.00e+07"":1,""2.04e+07"":1,""2.06e+07"":1,""2.11e+07"":1,""2.13e+07"":-1,""2.14e+07"":1,""3280015"":0,""7557336"":1,""7918256"":1,""7995027"":1,""8893451"":1}"
manifestos_social_ideology_2021,1170006731,Liberal Democrats will abide by Britain's international obligations and restore confidence in the asylum system by making it firm and fair.,LD,2010,Liberal,"{""1.10e+07"":-1,""1.72e+07"":-1,""1.82e+07"":-1}"
manifestos_social_ideology_2022,1090005191,"We will give people a new right of access to open country, create new national parks and step up protection for special sites.",Lab,1992,Liberal,"{""1.53e+07"":-1,""1.74e+07"":-1,""1.86e+07"":-1,""2.05e+07"":-1,""2.08e+07"":0,""2.09e+07"":-1,""2.13e+07"":0,""7918256"":-1}"
manifestos_social_ideology_2023,1120002131,"reform provision for 11- to 14-year-olds to ensure higher standards in English, maths, science and information technology ",Lab,2001,Liberal,"{""1.51e+07"":-1}"
manifestos_social_ideology_2024,1100005171,But too many are under enormous pressure.,Con,2001,Conservative,"{""1.42e+07"":1}"
manifestos_social_ideology_2025,50007971,Protecting the global environment. Pollution and environmental degradation do not respect national borders.,LD,1997,Liberal,"{""1.53e+07"":-1,""1.86e+07"":-1,""2.02e+07"":-1,""2.09e+07"":-1,""2.13e+07"":-1}"
manifestos_social_ideology_2026,1160007101,give police the power to identify offenders in order to protect the public and prevent crime,Con,2010,Conservative,"{""1.10e+07"":1,""1.51e+07"":1,""1.52e+07"":1,""1.57e+07"":1,""1.87e+07"":1}"
manifestos_social_ideology_2027,1080007661,"We will increase aid especially to democratic countries carrying out policies which benefit the poorest, are environmentally sustainable and respect human rights.",LD,1992,Liberal,"{""1.10e+07"":-1}"
manifestos_social_ideology_2028,1160006541,"To improve school standards further, we will: allow all state schools the freedom to offer the same high quality international exams that private schools offer - including giving every pupil the chance to study separate sciences at GCSE",Con,2010,Liberal,"{""1.51e+07"":-1}"
manifestos_social_ideology_2029,50006851,We will set targets for the expansion of facilities which enable women to consult female health professionals.,LD,1997,Liberal,"{""1.18e+07"":-1,""1.74e+07"":-1,""1.75e+07"":-1,""1.88e+07"":0,""2.01e+07"":-1,""2.12e+07"":-1,""2.13e+07"":-1,""2785872"":-1,""5112203"":-1,""9299392"":-1}"
manifestos_social_ideology_2030,1160005801,Increase access to vital drugs and services. People want an NHS that is easy to access at any time of day or night.,Con,2010,Liberal,"{""2.02e+07"":-1}"
manifestos_social_ideology_2031,1110008741,"Rural, Urban and Suburban Life. Action for your local community. Outside their family, most people's immediate concerns involve the local community where they live, work, shop and spend their leisure time.",LD,2001,Liberal,"{""6342862"":-1}"
manifestos_social_ideology_2032,1130001311,Teachers can only teach and children can only learn in a school with good discipline.,Con,2005,Conservative,"{""1.51e+07"":1}"
manifestos_social_ideology_2033,1160006571,"publish all performance data currently kept secret by the Department for Children, Schools and Families",Con,2010,Liberal,"{""1.51e+07"":-1}"
manifestos_social_ideology_2034,1140008091,WE OPPOSE: Ignoring climate change.,LD,2005,Liberal,"{""1.63e+07"":-1,""1.73e+07"":-1}"
manifestos_social_ideology_2035,1070005251,Each sets out tough new standards and gives new information and rights to the public.,Con,1992,Liberal,"{""1.57e+07"":-1,""1.87e+07"":-1}"
manifestos_social_ideology_2036,1180013401,Improved citizenship education for young people followed by a free vote in Parliament on reducing the voting age to 16.,Lab,2010,Liberal,"{""1.57e+07"":-1}"
manifestos_social_ideology_2037,1090005951,The working party on electoral systems which we established in opposition under the distinguished chairmanship of Professor Raymond Plant will continue its work with an extended membership and enhanced authority and report to the next Labour government.,Lab,1992,Liberal,"{""1.51e+07"":-1}"
manifestos_social_ideology_2038,1170003381,Opportunities at college and university.   There should be a wide range of opportunities for everyone at the age of 16.,LD,2010,Liberal,"{""1.51e+07"":-1}"
manifestos_social_ideology_2039,50003071,We will review the law in order to reduce the use of animals in scientific experiments and seek the development of alternatives.,LD,1997,Liberal,"{""1.94e+07"":-1,""2.00e+07"":-1,""2.06e+07"":-1}"
manifestos_social_ideology_2040,1110008161,Extend Freedom of Information legislation to provide genuinely open administration at all levels of government.  ,LD,2001,Liberal,"{""1.11e+07"":-1,""1.13e+07"":-1,""1.93e+07"":-1,""1.95e+07"":-1}"
manifestos_social_ideology_2041,1180004151,"Every young person guaranteed education or training until 18, with 75 per cent going on to higher education, or completing an advanced apprenticeship or technician level training, by the age of 30.",Lab,2010,Liberal,"{""1.53e+07"":-1}"
manifestos_social_ideology_2042,40007751,"Catching, Convicting and Punishing. We back the police every inch of the way.",Con,1997,Conservative,"{""1.45e+07"":1,""1.52e+07"":1,""1.53e+07"":1,""1.68e+07"":1,""2.00e+07"":0,""2.05e+07"":1,""2.09e+07"":1,""2.10e+07"":1,""2.13e+07"":1,""7918256"":1,""7995027"":1,""8893451"":1,""9703593"":1,""9888671"":1}"
manifestos_social_ideology_2043,30004381,A Labour Britain will play its full part in defeating these scourges.,Lab,1987,Liberal,"{""5112203"":-1,""8968750"":-1}"
manifestos_social_ideology_2044,1150005481, Remove more failed applicants.,Lab,2005,Conservative,"{""1.52e+07"":1,""1.57e+07"":1,""1.68e+07"":1}"
manifestos_social_ideology_2045,1080006691,"Guarantee equal rights for gay men and lesbians through changes to criminal law, anti-discrimination legislation and police practices.",LD,1992,Liberal,"{""1.10e+07"":-1,""1.52e+07"":-1,""1.68e+07"":-1,""1.88e+07"":-1,""1.93e+07"":-1}"
manifestos_social_ideology_2046,1150000961,"There are record numbers of police, nearly 13,000 more, assisted by 4,600 new Community Support Officers.",Lab,2005,Conservative,"{""1.40e+07"":1,""1.52e+07"":1,""1.57e+07"":1,""1.63e+07"":1,""1.68e+07"":1}"
manifestos_social_ideology_2047,1120007211,"They should have access to the best possible education, with appropriate support, whether mainstream or special schooling most suits their needs.",Lab,2001,Liberal,"{""1.86e+07"":-1,""6355305"":-1}"
manifestos_social_ideology_2048,1110008881,Government should not interfere and hamper their efforts.,LD,2001,Conservative,"{""1.30e+07"":1,""1.42e+07"":1}"
manifestos_social_ideology_2049,1150005611,The choice for 2010. Labour's goals for 2010 are clear.,Lab,2005,Conservative,"{""1.66e+07"":1}"
manifestos_social_ideology_2050,1170007911,A federal Britain. Liberal Democrats have always led arguments for the decentralisation of political power within a federal Britain.,LD,2010,Liberal,"{""1.41e+07"":-1,""1.82e+07"":-1}"
manifestos_social_ideology_2051,10008071,"We will maintain, against Socialist opposition, for as long as is necessary the special powers which the police need throughout the UK to prevent terrorism and bring terrorists to justice.",Con,1987,Conservative,"{""1.23e+07"":1,""1.24e+07"":1,""1.75e+07"":1,""2.00e+07"":1,""2.07e+07"":1,""2.09e+07"":1,""2.11e+07"":1,""2.13e+07"":1,""2.14e+07"":1,""37796"":1,""5112203"":1,""6223785"":1,""8893451"":0}"
manifestos_social_ideology_2052,1090003641,"Third, by the end of the decade, we want half of Britain's 16 to 19 year olds to be able to qualify at the new Advanced Certificate levels or the equivalent in BTEC and other post-16 opportunities for study.",Lab,1992,Liberal,"{""1.30e+07"":-1}"
manifestos_social_ideology_2053,1140007631,"Since being elected to parliament I have been appalled by how unrepresentative it is and how easily it has been manipulated by the Government, culminating in Blair taking Britain to war on a false premise.",LD,2005,Liberal,"{""1.82e+07"":-1}"
manifestos_social_ideology_2054,1140001691,"And I want to see adults, too, being given the opportunity to acquire new skills to meet the demands of ever-changing technologies and global competition.",LD,2005,Conservative,"{""2.01e+07"":1}"
manifestos_social_ideology_2055,1140000521,Fairness.,LD,2005,Liberal,"{""1.88e+07"":-1}"
manifestos_social_ideology_2056,1180007581,and we will introduce a preventative element for all Anti-Social Behaviour Orders for under 16s.,Lab,2010,Liberal,"{""1.10e+07"":-1,""1.52e+07"":-1,""6340562"":-1}"
manifestos_social_ideology_2057,40010611,"We owe much of that to the strength and stability of our constitution - the institutions, laws and traditions that bind us together as a nation.",Con,1997,Conservative,"{""2.09e+07"":1,""2.10e+07"":1}"
manifestos_social_ideology_2058,1180009001,Improving your community. The nature of the places in which we live matters enormously.,Lab,2010,Liberal,"{""1.84e+07"":-1}"
manifestos_social_ideology_2059,1070016101,We will oppose all such unnecessary layers of government.,Con,1992,Conservative,"{""1.53e+07"":1}"
manifestos_social_ideology_2060,1130002301,"Too many of Mr Blair's responses have been gimmicks, some of which, like marching yobs to cash machines, were never even introduced.",Con,2005,Conservative,"{""1.93e+07"":1}"
manifestos_social_ideology_2061,1080004431,"Opening Schools to the Community. Schools should be seen as a valuable resource, not just for their pupils but for the communities around them.",LD,1992,Liberal,"{""1.51e+07"":-1}"
manifestos_social_ideology_2062,1150003511,Primary schools will become the base for a massive expansion of out-of-school provision (see chapter 6).,Lab,2005,Liberal,"{""1.16e+07"":-1}"
manifestos_social_ideology_2063,1120017511,Britain strong in the world. ,Lab,2001,Liberal,"{""1.88e+07"":-1}"
manifestos_social_ideology_2064,1170004211,"A fair deal for families of every shape and size. In Britain today, families come in all shapes and sizes.",LD,2010,Liberal,"{""1.84e+07"":-1}"
manifestos_social_ideology_2065,1070010251,Many of them will want to be cared for at home.,Con,1992,Liberal,"{""1.63e+07"":-1,""1.68e+07"":-1,""2.03e+07"":-1}"
manifestos_social_ideology_2066,40007501,The police have been given the power to stop and search in a specified area for up to 48 hours if they reasonably believe people to be carrying knives.,Con,1997,Conservative,"{""1.11e+07"":1,""1.19e+07"":1,""1.45e+07"":1,""1.74e+07"":1,""1.81e+07"":1,""1.83e+07"":1,""1.88e+07"":1,""1.98e+07"":0,""2.06e+07"":1,""2.12e+07"":1,""2.13e+07"":1,""7918256"":1,""7954010"":1,""7995027"":1,""9888671"":1}"
manifestos_social_ideology_2067,1160010031,"In government, we will lead from the front by delivering a 10 per cent cut in central government emissions within twelve months and by working with local authorities and others to deliver emissions reductions.",Con,2010,Conservative,"{""1.51e+07"":1}"
manifestos_social_ideology_2068,1110006381,"These will stimulate local authorities, schools and sports clubs to share facilities, which they lack due to school fields being sold off, and include provisions to support so-called minority sports.",LD,2001,Liberal,"{""1.30e+07"":-1,""1.42e+07"":-1}"
manifestos_social_ideology_2069,1180007851,and local ASB champions will make agencies work together to tackle cases.,Lab,2010,Conservative,"{""1.52e+07"":1,""1.63e+07"":1,""1.82e+07"":1}"
manifestos_social_ideology_2070,1120002221,reform the appointments system so that by the end of 2005 every hospital appointment is booked for the convenience of the patient ,Lab,2001,Liberal,"{""1.51e+07"":-1}"
manifestos_social_ideology_2071,1070006271,"By extending opportunity and arming people with the power to choose, we will give valuable freedoms and a powerful spur to achievement.",Con,1992,Liberal,"{""1.37e+07"":-1,""1.51e+07"":-1,""7918256"":-1}"
manifestos_social_ideology_2072,1090000341,And we want to enhance their democratic power too.,Lab,1992,Conservative,"{""1.42e+07"":1}"
manifestos_social_ideology_2073,10007541,"We will: increase the number of police further to ensure a stronger police presence on our streets, to combat crime and to protect the public",Con,1987,Conservative,"{""1.01e+07"":1,""1.08e+07"":1,""1.10e+07"":1,""1.11e+07"":1,""1.13e+07"":1,""1.18e+07"":1,""1.24e+07"":-1,""1.27e+07"":1,""1.30e+07"":1,""1.32e+07"":1,""1.33e+07"":1,""1.40e+07"":1,""1.42e+07"":1,""1.45e+07"":1,""1.52e+07"":1,""1.53e+07"":1,""1.57e+07"":1,""1.58e+07"":1,""1.66e+07"":1,""1.68e+07"":1,""1.74e+07"":1,""1.76e+07"":1,""1.81e+07"":1,""1.82e+07"":1,""1.86e+07"":1,""1.87e+07"":1,""1.88e+07"":1,""1.90e+07"":1,""1.93e+07"":1,""1.98e+07"":1,""1.99e+07"":1,""1054502"":1,""2.00e+07"":1,""2.03e+07"":1,""2.04e+07"":1,""2.05e+07"":1,""2.06e+07"":-1,""2.07e+07"":1,""2.08e+07"":1,""2.09e+07"":1,""2.10e+07"":1,""2.11e+07"":1,""2.12e+07"":1,""2.13e+07"":1,""2.14e+07"":1,""2169344"":1,""3720860"":1,""5647650"":1,""6340562"":1,""8382218"":1,""8893451"":1,""946983"":1,""9958248"":1}"
manifestos_social_ideology_2074,1070005891,The Citizen's Charter programme is bringing new quality to public services.,Con,1992,Liberal,"{""1.51e+07"":-1}"
manifestos_social_ideology_2075,1120011561,Teenage pregnancy rates are falling. Yet Britain has the highest rates in Europe.,Lab,2001,Liberal,"{""1.10e+07"":-1,""1.42e+07"":-1,""1.95e+07"":-1}"
manifestos_social_ideology_2076,1110003981,"We want a greater role for the principles of restorative justice, with offenders meeting their victims, discovering the consequences of their actions and planning to improve their behaviour in the future.",LD,2001,Liberal,"{""1.41e+07"":-1,""1.51e+07"":-1,""1.82e+07"":-1,""1.88e+07"":-1,""1.93e+07"":-1}"
manifestos_social_ideology_2077,1120013221,"From large national charities to local community groups and faith-based institutions, these sectors are a vital and diverse part of national life.",Lab,2001,Liberal,"{""1.42e+07"":-1,""1.51e+07"":-1}"
manifestos_social_ideology_2078,1150003081,"In a third term, we will entrench high expectations for every child, ensure the flexibility of provision to meet all needs and make parents true partners as we aim for the highest ever school standards.",Lab,2005,Liberal,"{""1.63e+07"":-1}"
manifestos_social_ideology_2079,1090003461,Home-school contracts will tell parents exactly what the school undertakes to deliver and what their responsibilities are.,Lab,1992,Conservative,"{""1.42e+07"":1}"
manifestos_social_ideology_2080,1150011741,"We are committed to improving the rights and opportunities of gays and lesbians, that's why we brought in legislation on civil partnerships, reducing the age of consent, repealed Section 28 and reformed the sexual offences legislation so that it was no longer discriminatory.",Lab,2005,Liberal,"{""1.10e+07"":-1,""1.30e+07"":-1,""1.52e+07"":-1,""1.57e+07"":-1,""1.93e+07"":-1}"
manifestos_social_ideology_2081,20008741,"An Election of Opportunity. We believe that our priorities are right, that our proposals are practical and that our values are those which are most urgently needed in the government of this country.",LD,1987,Liberal,"{""2.08e+07"":-1}"
manifestos_social_ideology_2082,1140007891,"Pollution and congestion have a major impact on people's health and quality of life, as well as on climate change.",LD,2005,Liberal,"{""1.10e+07"":-1,""1.51e+07"":-1}"
manifestos_social_ideology_2083,50007701,We will work to improve European co-operation against cross-border criminal activity and allow free movement for Britain's people throughout Europe.,LD,1997,Conservative,"{""1.32e+07"":1,""1.53e+07"":1,""1.86e+07"":1,""2.01e+07"":1,""2.09e+07"":1,""2.10e+07"":1,""2.12e+07"":1,""2.14e+07"":1,""3307853"":1,""5108677"":1,""5112203"":1,""5768369"":-1}"
manifestos_social_ideology_2084,1120015051,"And although Britain has rarely been more secure from foreign invasion, there are new threats to our people from crime and terrorism.",Lab,2001,Conservative,"{""1.10e+07"":1}"
manifestos_social_ideology_2085,1070006131,We intend to carry forward this move towards greater openness.,Con,1992,Liberal,"{""1.57e+07"":-1}"
manifestos_social_ideology_2086,1150008971,The UN Charter proclaims the universal principles of human rights and democracy.,Lab,2005,Liberal,"{""1.42e+07"":-1,""1.82e+07"":-1}"
manifestos_social_ideology_2087,1120004971,We will work in partnership with local people to ensure that all regions and communities build on their own strengths.,Lab,2001,Liberal,"{""1.51e+07"":-1,""1.95e+07"":-1,""6355305"":-1}"
manifestos_social_ideology_2088,1120007231,"Schools in the toughest areas, and the teachers who work in them, need special support.",Lab,2001,Liberal,"{""1.53e+07"":-1}"
manifestos_social_ideology_2089,1130002201,"It's time for a clear, bold and very public health TV campaign - young people need to know the risks involved and the precautions they can take.",Con,2005,Conservative,"{""1.57e+07"":1}"
manifestos_social_ideology_2090,1100002241,The necessary carbon dioxide reduction can be achieved far more efficiently by other means.,Con,2001,Liberal,"{""1.51e+07"":-1}"
