id,ground_truth,text,status_id,user_id,screen_name,created_at,relevant_paula,relevant_fabio,frame_paula,frame_fabio,relevance_agreement_check,relevant_ra,mturk_annotation,WorkerId
relevance_tweets17_0,relevant,"I questioned the Trump administration about doing more to stop the flow of illicit opioids, fentanyl, and meth from other countries. My bipartisan legislation passed out of committee to provide them more tools to stop the flow. Let's move it forward. https://t.co/Av9TXkDs5t",997161324068122624,1074518754,SenatorBaldwin,2018-05-17T17:06:00.000Z,1.0,1.0,health and safety,policy prescription and evaluation,True,1.0,"['relevant', 'relevant']","['A17D6BK59S31BM', 'A3CVY8G619MGTI']"
relevance_tweets17_1,relevant,Last month new hires were at their highest levels in 17 years for the 2nd month in a row &amp; there were more job openings than unemployed workers. Further proof that our economy is thriving thanks to bills like the #TaxCutsandJobsAct → https://t.co/TUkI3H9ZPY,1017430544899039232,27676828,PatrickMcHenry,2018-07-12T15:28:39.000Z,1.0,1.0,economic,economic,True,1.0,"['relevant', 'relevant']","['A2KLJKDG90K1PP', 'A2Q1YS118AO2BP']"
relevance_tweets17_2,relevant,I’m working in Washington to ensure young people have access to life-saving treatments to overcome opioid addiction https://t.co/4dl129gi5t,1002636700097527808,236511574,SenGaryPeters,2018-06-01T19:43:12.000Z,1.0,1.0,health and safety,health and safety,True,1.0,"['relevant', 'relevant']","['A17D6BK59S31BM', 'A2KLJKDG90K1PP']"
relevance_tweets17_3,relevant,Today is #NationalLawEnforcementAppreciationDay. Please join me in thanking the men &amp; women in uniform for their service. We stand with you! https://t.co/4ZYZGYQZiG,818501817864716288,2929491549,RepBrianBabin,2017-01-09T16:56:55.000Z,1.0,1.0,"law and order, crime and justice","law and order, crime and justice",True,1.0,"['relevant', 'irrelevant']","['A2KLJKDG90K1PP', 'A37WDOIQH6JM6V']"
relevance_tweets17_4,relevant,"Today, @POTUS signed the American Energy Independence Executive Order. Read my statement with @westerncaucus: https://t.co/RYoYdJ8ORX",846836749712134144,1058051748,TXRandy14,2017-03-28T21:29:49.000Z,1.0,1.0,,,True,1.0,"['relevant', 'relevant']","['ACDX50KGPE97I', 'ATR6RB1RULOC0']"
relevance_tweets17_5,relevant,"""But politicians are calling for more accountability. Rep. Rush sent a letter to the Facebook co-founder after the revelation that 87 million Facebook accounts were compromised by Cambridge Analytica, and not the 50 million Facebook originally reported."" https://t.co/Rzfxz5tJhw",981986320938610688,305216911,RepBobbyRush,2018-04-05T20:05:57.000Z,1.0,1.0,other,other,True,1.0,"['relevant', 'relevant']","['A2Q1YS118AO2BP', 'A3GUJ6JD25FX7O']"
relevance_tweets17_6,relevant,"Join me and @RepJohnLarson at Manchester Community College tomorrow (January 13th) at 2 PM for a #townhall meeting to discuss the recently passed tax law and its potential impact on CT residents. For more details and information, visit my website: https://t.co/nq8OwclucUhttps://t.co/UtEE6Jl7IT",951882432319549440,85396297,RepJoeCourtney,2018-01-12T18:23:51.000Z,1.0,1.0,economic,,True,1.0,"['relevant', 'relevant']","['A2Q1YS118AO2BP', 'A37WDOIQH6JM6V']"
relevance_tweets17_7,relevant,"@CenterOnBudget @USCBO @BarackObama @AP Under #Trumpcare, an average 64-year-old American making $26,500/yr will see annual health premiums increase by more than $12,000/year. https://t.co/y2HeUL07PZ",884777109062918147,84119348,RepPaulTonko,2017-07-11T14:11:15.000Z,1.0,1.0,health and safety,economic,True,1.0,"['relevant', 'relevant']","['A17D6BK59S31BM', 'A38DC3BG1ZCVZ2']"
relevance_tweets17_8,relevant,Stopped by to check on the progress at the new @Walmart distribution center near Irvington. https://t.co/danM0CUK4d,892747658032533504,2253968388,RepByrne,2017-08-02T14:03:22.000Z,1.0,1.0,economic,,True,1.0,"['irrelevant', 'relevant']","['A3CVY8G619MGTI', 'A3GUJ6JD25FX7O']"
relevance_tweets17_9,relevant,"I am strong believer in teaching our children about the Constitution and why we should respect our Flag.
My staff were special guests at Hometown Elem. School in Putnam County where they spoke with students about how government works and handed out copies of the Constitution. https://t.co/BbdoACuq6Y",959455239979102209,2964526557,RepAlexMooney,2018-02-02T15:55:29.000Z,1.0,1.0,cultural identity,constitutionality and jurisprudence,True,1.0,"['relevant', 'irrelevant']","['A2KLJKDG90K1PP', 'A32CMQGGTSUK6Z']"
relevance_tweets17_10,relevant,"The Republican farm bill will make it harder for families to put food on the table, while doing nothing to help struggling farmers. I urge my Republican colleagues to join us to craft a farm bill that puts American farmers and families first. My statement: https://t.co/JpWpcaBOE0",984573881582325760,111635980,JoeCrowleyNY,2018-04-12T23:28:00.000Z,1.0,1.0,constitutionality and jurisprudence,policy prescription and evaluation,True,1.0,"['relevant', 'relevant']","['A17D6BK59S31BM', 'A2Q1YS118AO2BP']"
relevance_tweets17_11,relevant,Scott has had cancer and brain hemorrhaging and is doing the best he can to get by. Let’s help him out and #SaveOurCare. #OregonACAStory https://t.co/RDDaX2IdpT,900383930439929857,29201047,SenJeffMerkley,2017-08-23T15:47:11.000Z,1.0,1.0,health and safety,health and safety,True,1.0,"['relevant', 'relevant']","['A17D6BK59S31BM', 'A38DC3BG1ZCVZ2']"
relevance_tweets17_12,relevant,"Get help with federal agencies at #MobileOfficeHours TODAY (11/30), 1:00-2:30pm, Devonshire Senior Center (2802 E. Devonshire Ave., Phoenix). https://t.co/vgifIHvowm",936245913747673088,1080844782,SenatorSinema,2017-11-30T14:49:55.000Z,1.0,1.0,political,,True,1.0,"['relevant', 'irrelevant']","['A17D6BK59S31BM', 'A32CMQGGTSUK6Z']"
relevance_tweets17_13,relevant,"Whether they are fixing a WWII veteran’s house, serving a holiday meal to families in need or packing boxes for Operation Christmas Child, Missourians are great at giving back. What are your plans to #GiveBack this holiday season? #GivingTuesday https://t.co/X2YZZAyawo",935676900609003520,1623308912,RepJasonSmith,2017-11-29T01:08:51.000Z,1.0,1.0,security and defense,morality,True,1.0,"['relevant', 'irrelevant']","['A2Q1YS118AO2BP', 'A38DC3BG1ZCVZ2']"
relevance_tweets17_14,relevant,"Need a job? Good news:
According to @business, job openings in the US surged in March, nearly matching the number of unemployed workers in our nation. I am happy to see our pro-growth policies positively affecting our nation's ever-growing economy.
Read: https://t.co/hN3W6GhDTnhttps://t.co/3PMNzDiYZG",994222579387916288,236916916,RepJimRenacci,2018-05-09T14:28:29.000Z,1.0,1.0,economic,economic,True,1.0,"['relevant', 'relevant']","['A37WDOIQH6JM6V', 'ACDX50KGPE97I']"
relevance_tweets17_15,relevant,"This report helps to confirm what we already know; #ClimateChange poses a serious threat to our environment, public safety and economy. We owe it to our children and future generations to act swiftly and boldly to address this growing crisis. https://t.co/MJW0eAhEcM",1066085773009657857,1058717720,RepAnnieKuster,2018-11-23T21:47:09.000Z,1.0,1.0,other,health and safety,True,1.0,"['relevant', 'relevant']","['A2Q1YS118AO2BP', 'A32CMQGGTSUK6Z']"
relevance_tweets17_16,relevant,"6 months after a gunman killed more than two-dozen people during Sunday service, a new church in Sutherland Springs opened over the weekend. https://t.co/pWHzCjJP3g",993913425012011008,231510077,JoaquinCastrotx,2018-05-08T18:00:01.000Z,1.0,1.0,health and safety,,True,1.0,"['irrelevant', 'relevant']","['A23WTODPHXZ68Y', 'A3GUJ6JD25FX7O']"
relevance_tweets17_17,relevant,"Sent to me: ""I live with metastatic cancer &amp; can't believe anyone would take coverage away from anyone w/ cancer."" Neither can I. #Trumpcare",860150650398806018,1060984272,Elizabeth_Esty,2017-05-04T15:14:30.000Z,1.0,1.0,policy prescription and evaluation,health and safety,True,1.0,"['relevant', 'relevant']","['A17D6BK59S31BM', 'A2Q1YS118AO2BP']"
relevance_tweets17_18,relevant,Tune into @wusa9 at 7pm as I join @brucejohnson9 to discuss how the Republican Senate’s calculated march to confirm Kavanaugh is turning into an insult to Dr. Christine Blasey Ford and to all women. #OffScriptOn9,1047979961842393091,23600262,EleanorNorton,2018-10-04T22:41:08.000Z,1.0,1.0,fairness and equality,,True,1.0,"['relevant', 'relevant']","['A17D6BK59S31BM', 'A37WDOIQH6JM6V']"
relevance_tweets17_19,relevant,".@WSJ → ""U.S. Is World’s Most Competitive Economy for First Time in a Decade"" #BetterOffNow https://t.co/5h3aW3y3Qm",1052559090227007488,1209417007,SteveScalise,2018-10-17T13:56:57.000Z,1.0,1.0,economic,,True,1.0,"['relevant', 'relevant']","['A2Q1YS118AO2BP', 'A38DC3BG1ZCVZ2']"
relevance_tweets17_20,irrelevant,Congratulations to Central Catholic on their 10th football championship. Hard fought game against St. Mary's and both teams fought well. Sad to see Fairmont Senior lose their playoff game! https://t.co/DLiHNvKYXQ,937716511057301504,240427862,RepMcKinley,2017-12-04T16:13:32.000Z,0.0,0.0,,,True,0.0,"['irrelevant', 'irrelevant']","['A2R2YZTSME1K3F', 'A32CMQGGTSUK6Z']"
relevance_tweets17_21,relevant,Rep Price wants to gut the ACA &amp; send us back to a time when folks couldn’t afford to get sick. #PriceIsWrong #mtpol https://t.co/YrEp8CJfGm,829797724472094720,515822213,SenatorTester,2017-02-09T21:02:49.000Z,1.0,1.0,policy prescription and evaluation,policy prescription and evaluation,True,1.0,"['relevant', 'relevant']","['A17D6BK59S31BM', 'ACDX50KGPE97I']"
relevance_tweets17_22,relevant,".@SenToddYoung &amp; I are calling on the admin to end U.S. air refueling of Saudi coalition aircraft in Yemen. With 14 million Yemenis on the verge of starvation, the U.S. must send a clear message that we expect Saudi Arabia to engage in negotiations to end the civil war.",1061001438418161665,109287731,SenatorShaheen,2018-11-09T21:03:50.000Z,1.0,1.0,external regulation and reputation,external regulation and reputation,True,1.0,"['relevant', 'relevant']","['A37WDOIQH6JM6V', 'ACDX50KGPE97I']"
relevance_tweets17_23,relevant,Congrats to Courtney Wilburn of White Plains Middle School who was named Middle School Principal of the Year for the State of Alabama!  #AL03 #CalhounCo https://t.co/zMWXFe7Fmt,951526145190715393,33977070,RepMikeRogersAL,2018-01-11T18:48:06.000Z,1.0,1.0,political,other,True,1.0,"['irrelevant', 'irrelevant']","['A2KLJKDG90K1PP', 'ACDX50KGPE97I']"
relevance_tweets17_24,relevant,"@MilitaryOfficer We talked about the importance of getting our troops &amp; military the support they deserve &amp; how critical it was to finally get them their pay raise &amp; funding plus-up this year
#mepolitics",986736503240970241,2932617195,RepPoliquin,2018-04-18T22:41:29.000Z,1.0,1.0,economic,security and defense,True,1.0,"['relevant', 'relevant']","['A17D6BK59S31BM', 'ACDX50KGPE97I']"
relevance_tweets17_25,relevant,"When, discussing Mueller probe, Giuliani says “we can get this long nightmare for the American public over,” we may be thinking different things.   
https://t.co/OayO7I3pp4",1003752372789706752,242555999,SenWhitehouse,2018-06-04T21:36:29.000Z,1.0,1.0,quality of life,,True,1.0,"['irrelevant', 'relevant']","['A2Q1YS118AO2BP', 'A3CVY8G619MGTI']"
relevance_tweets17_26,relevant,"The @USArmy has invested millions in developing the capabilities of its U.S.-based Apache missions. I’m glad our troops can continue that training here in Tupelo. https://t.co/Z7XkqBfwf8 @155ABCT
@nationalguardms",950523263226122241,264219447,SenatorWicker,2018-01-09T00:23:00.000Z,1.0,1.0,economic,security and defense,True,1.0,"['relevant', 'relevant']","['A37WDOIQH6JM6V', 'ACDX50KGPE97I']"
relevance_tweets17_27,relevant,"If you live in the Bull Shoals area, stop by on Wendesday to my #MobileOffice and visit with my staff! https://t.co/sf3Wi0bHedhttps://t.co/BdW7OUAFAZ",985518105693634560,234469322,rep_stevewomack,2018-04-15T14:00:01.000Z,1.0,1.0,,,True,1.0,"['irrelevant', 'irrelevant']","['A2KLJKDG90K1PP', 'A2Q1YS118AO2BP']"
relevance_tweets17_28,relevant,".@SenJohnMcCain is respected colleague, American hero who served during Vietnam war. Thoughts w/him &amp; family. 
https://t.co/zlIGKRdSDZ",887831443304566786,1072467470,RepSeanMaloney,2017-07-20T00:28:05.000Z,1.0,1.0,other,security and defense,True,1.0,"['relevant', 'relevant']","['A17D6BK59S31BM', 'A38DC3BG1ZCVZ2']"
relevance_tweets17_29,relevant,"News of the President’s meeting with Kim Jong-un is a step in a long journey towards denuclearization. Jong-un has not only threatened his neighbors, he has oppressed his own people. I hope North Korea actually follows through with engagement with the world this time. https://t.co/saiz7r09uz",972242865828040705,225921757,SenatorLankford,2018-03-09T22:48:57.000Z,1.0,1.0,external regulation and reputation,external regulation and reputation,True,1.0,"['irrelevant', 'relevant']","['A2Q1YS118AO2BP', 'A3CVY8G619MGTI']"
relevance_tweets17_30,relevant,President Obama leaves a dangerous precedent: those who compromise our national security won’t be held accountable. https://t.co/XWGleBlHVI,821747996840906753,18916432,SpeakerRyan,2017-01-18T15:56:04.000Z,1.0,1.0,security and defense,security and defense,True,1.0,"['relevant', 'relevant']","['A17D6BK59S31BM', 'A32CMQGGTSUK6Z']"
relevance_tweets17_31,relevant,That feeling when the delivery you’ve been waiting for finally arrives. Can’t wait to hang them up! #congressionalartcompetition https://t.co/fLJgdTMTaz,998602567088328709,19926675,RepKevinBrady,2018-05-21T16:32:59.000Z,1.0,1.0,other,,True,1.0,"['relevant', 'relevant']","['A17D6BK59S31BM', 'A3GUJ6JD25FX7O']"
relevance_tweets17_32,relevant,"Went out to Healing Strides of VA this weekend to learn more about their work &amp; equine assisted therapy. Thanks for showing me the ""reins."" https://t.co/CUSphYIgYD",886999180429991936,37920978,RepGoodlatte,2017-07-17T17:20:58.000Z,1.0,1.0,,,True,1.0,"['relevant', 'irrelevant']","['A2Q1YS118AO2BP', 'A3CVY8G619MGTI']"
relevance_tweets17_33,relevant,"I look forward to joining @LelandVittert on @ANHQDC today at 9 am PT/12 pm ET to discuss election security, the Russia investigation and more.",1025752404887830528,88806753,RepGaramendi,2018-08-04T14:36:45.000Z,1.0,1.0,security and defense,,True,1.0,"['relevant', 'relevant']","['A2R2YZTSME1K3F', 'ATR6RB1RULOC0']"
relevance_tweets17_34,relevant,"#DemsTour live at Normandy High School in Normandy, St. Louis County talking with community members.  https://t.co/hQMvOhQFsY",962360945803714561,14135426,keithellison,2018-02-10T16:21:43.000Z,1.0,1.0,other,,True,1.0,"['relevant', 'relevant']","['A17D6BK59S31BM', 'A2Q1YS118AO2BP']"
relevance_tweets17_35,relevant,"Washington let funding lapse for community health centers last September and now health care for Wisconsin is threatened. That’s not right. 
It’s time to get to work and do right by Wisconsin families. https://t.co/TpM9JMcO14https://t.co/PxwaQbyhp8",950445753264087046,1074518754,SenatorBaldwin,2018-01-08T19:15:00.000Z,1.0,1.0,health and safety,health and safety,True,1.0,"['relevant', 'relevant']","['A2Q1YS118AO2BP', 'A3CVY8G619MGTI']"
relevance_tweets17_36,relevant,Today I met w/ Betsy DeVos Trump's @usedgov nominee. PUBLIC education is the basis of our democracy &amp; the next Secretary needs to know that. https://t.co/3YRSzESySo,817195675842727936,515822213,SenatorTester,2017-01-06T02:26:46.000Z,1.0,1.0,political,policy prescription and evaluation,True,1.0,"['relevant', 'relevant']","['A2Q1YS118AO2BP', 'A3GUJ6JD25FX7O']"
relevance_tweets17_37,relevant,"NEW: Top Democrats Ask Equifax, TransUnion, and Experian: Will You Restore Consumers’ Rights in the Wake of the Equifax Data Breach? https://t.co/DFet3SoELK",910933024145059842,2962868158,RepDonBeyer,2017-09-21T18:25:31.000Z,1.0,1.0,other,,True,1.0,"['relevant', 'relevant']","['A2Q1YS118AO2BP', 'A32CMQGGTSUK6Z']"
relevance_tweets17_38,relevant,RELEASE: Natural Resources Committee Passes “Keep America’s Refuges Operational Act” https://t.co/FywgOrlo2d #ar4 #arnews,936375149867225088,2852998461,RepWesterman,2017-11-30T23:23:27.000Z,1.0,1.0,constitutionality and jurisprudence,policy prescription and evaluation,True,1.0,"['relevant', 'relevant']","['A17D6BK59S31BM', 'A2R2YZTSME1K3F']"
relevance_tweets17_39,relevant,"When it comes to this investigation, ignorance is most certainly not bliss.

And yet, less than 8 months before midterms, House Republicans have decided to end our search for answers, our search for truth.

What we don't know will hurt us &amp; they'll only have themselves to blame.",973395938663215105,56864092,RepMikeQuigley,2018-03-13T03:10:51.000Z,1.0,1.0,political,political,True,1.0,"['relevant', 'relevant']","['A17D6BK59S31BM', 'ATR6RB1RULOC0']"
relevance_tweets17_40,relevant,No bill is perfect. But I'm confident #AHCA puts us on a path toward lower costs &amp; better choices - and away from govt-controlled healthcare https://t.co/d2FFE6lpoF,844677666691321856,224294785,MarthaRobyAL,2017-03-22T22:30:23.000Z,1.0,1.0,policy prescription and evaluation,health and safety,True,1.0,"['relevant', 'relevant']","['A3CVY8G619MGTI', 'A9K0CV70JWG1W']"
relevance_tweets17_41,relevant,We recognize May as #MilitaryAppreciationMonth. I am very thankful for the countless sacrifices that so many brave men and women have made in order to defend and protect our country and our freedoms. https://t.co/boAitE0kdB,993556916545744897,299883942,CongPalazzo,2018-05-07T18:23:22.000Z,1.0,1.0,security and defense,security and defense,True,1.0,"['relevant', 'irrelevant']","['A2KLJKDG90K1PP', 'A2Q1YS118AO2BP']"
relevance_tweets17_42,relevant,Great to join in celebration of Al Edmondson as @OhioState 2017 Champions of Public Health Awards. #OH https://t.co/aPTXgniftF,920033512408911874,1531521632,RepBeatty,2017-10-16T21:07:37.000Z,1.0,1.0,other,health and safety,True,1.0,"['relevant', 'relevant']","['A17D6BK59S31BM', 'A2Q1YS118AO2BP']"
relevance_tweets17_43,relevant,Castor Protests NIH Funding Cuts https://t.co/PupZ7pj241,851782810931257344,1880674038,USRepKCastor,2017-04-11T13:03:42.000Z,1.0,1.0,,,True,1.0,"['relevant', 'relevant']","['A2R2YZTSME1K3F', 'A9K0CV70JWG1W']"
relevance_tweets17_44,relevant,Thanks to #DREAMers &amp; others who joined Dems today in support of #DREAMAct. I continue to urge GOP leaders to bring the bill to the Floor. https://t.co/Y2GDzyKJe4,905468740375953408,22012091,LeaderHoyer,2017-09-06T16:32:25.000Z,1.0,1.0,constitutionality and jurisprudence,policy prescription and evaluation,True,1.0,"['relevant', 'relevant']","['A17D6BK59S31BM', 'ATR6RB1RULOC0']"
relevance_tweets17_45,relevant,"I had a blast today at Case New Holland's manufacturing plant in New Holland, PA. I heard from workers about how we can make the American workforce more competitive globally - and I checked out their welding simulator! https://t.co/0TtCqsMEQu",942857950485450757,41417564,RepSmucker,2017-12-18T20:43:47.000Z,1.0,1.0,,,True,1.0,"['relevant', 'irrelevant']","['A2Q1YS118AO2BP', 'A2R2YZTSME1K3F']"
relevance_tweets17_46,relevant,.@OrbitalATK's Next Generation Launcher will be constructed right here in Chandler! We'll keep working together to create high-tech jobs in the Valley. https://t.co/bAt5crh416,973916722272063488,1080844782,SenatorSinema,2018-03-14T13:40:15.000Z,1.0,1.0,other,economic,True,1.0,"['relevant', 'relevant']","['A2Q1YS118AO2BP', 'A38DC3BG1ZCVZ2']"
relevance_tweets17_47,relevant,"But as a Member of Congress, I do have some pull with St. Nick so maybe we’ll put in a nice word if they come to the table.",936970495253274624,239871673,RepLouBarletta,2017-12-02T14:49:08.000Z,1.0,1.0,political,,True,1.0,"['relevant', 'relevant']","['A9K0CV70JWG1W', 'ATR6RB1RULOC0']"
relevance_tweets17_48,relevant,"If women made up 51% of Congress, there’s no way we’d still be fighting to get equal pay for equal work. Let’s elect more women on Tuesday to finally get it done.",1058724227036143616,72198806,SenGillibrand,2018-11-03T14:15:00.000Z,1.0,1.0,fairness and equality,fairness and equality,True,1.0,"['relevant', 'relevant']","['A2Q1YS118AO2BP', 'A32CMQGGTSUK6Z']"
relevance_tweets17_49,relevant,"@GValimont @Everytown I didn't say support SHARE Act, I said supportive of reclassification of suppressors. https://t.co/7TbMLYtSlb",910505422724960256,240393970,RepJeffDuncan,2017-09-20T14:06:23.000Z,1.0,1.0,policy prescription and evaluation,policy prescription and evaluation,True,1.0,"['irrelevant', 'relevant']","['A2Q1YS118AO2BP', 'A37WDOIQH6JM6V']"
relevance_tweets17_50,relevant,"@socalbyrd @HBRefugee U mean when I call people to task, even constituents, 4 false claims based on their own self serving interpretations",816521862763188224,19139963,DanaRohrabacher,2017-01-04T05:49:16.000Z,1.0,1.0,political,other,True,1.0,"['relevant', 'relevant']","['A2R2YZTSME1K3F', 'A3GUJ6JD25FX7O']"
relevance_tweets17_51,relevant,".@POTUS @realDonaldTrump's rollback of the regulatory state ""sends a clear message to families and businesses: It’s OK to plan for the future without the looming threat of red tape.""
https://t.co/GdEWN4HrZa",941337218874036224,963480595,MarkMeadows,2017-12-14T16:00:56.000Z,1.0,1.0,"law and order, crime and justice",economic,True,1.0,"['relevant', 'relevant']","['A2R2YZTSME1K3F', 'A32CMQGGTSUK6Z']"
relevance_tweets17_52,relevant,"Sec. Zinke has violated public trust for personal gain far too many times since taking office. In just 20 months on the job, he’s been the subject of 15 federal investigations. DOJ will now be able to investigate potential criminal violations. https://t.co/hKaajzvkzX",1057608788419719168,278124059,SenBlumenthal,2018-10-31T12:22:39.000Z,1.0,1.0,"law and order, crime and justice","law and order, crime and justice",True,1.0,"['relevant', 'relevant']","['A2Q1YS118AO2BP', 'A2R2YZTSME1K3F']"
relevance_tweets17_53,relevant,"On Wednesday, at 5:25 PM CT, I will host a telephone town hall. Click the link to sign up and participate. https://t.co/HUI3eicJL5",879450857569386497,2953974395,RepFrenchHill,2017-06-26T21:26:38.000Z,1.0,1.0,,,True,1.0,"['relevant', 'irrelevant']","['A2R2YZTSME1K3F', 'A9K0CV70JWG1W']"
relevance_tweets17_54,relevant,You truly are the difference – thank you for all you do. #NursesWeek https://t.co/eQGHPJ0KMF,861939330532683776,1339931490,RepRobinKelly,2017-05-09T13:42:05.000Z,1.0,1.0,health and safety,other,True,1.0,"['irrelevant', 'irrelevant']","['A23WTODPHXZ68Y', 'A2Q1YS118AO2BP']"
relevance_tweets17_55,relevant,"ARIA is a comprehensive Asia policy framework that'll put American interests first by strengthening our alliances, creating jobs through trade opportunities, &amp; promoting our values in the Indo-Pacific region. Learn more about the crucial legislation below:
https://t.co/0nhITTPLO7",1070432187420426240,235217558,SenCoryGardner,2018-12-05T21:38:15.000Z,1.0,1.0,external regulation and reputation,external regulation and reputation,True,1.0,"['relevant', 'relevant']","['A17D6BK59S31BM', 'A2R2YZTSME1K3F']"
relevance_tweets17_56,relevant,Getting ready to give my opening statement to defend the #ACA at @EnergyCommerce. #ProtectOurCare https://t.co/4yp0ffYwCq,839505335052300288,164007407,RepEliotEngel,2017-03-08T15:57:23.000Z,1.0,1.0,health and safety,,True,1.0,"['irrelevant', 'relevant']","['A2Q1YS118AO2BP', 'A3GUJ6JD25FX7O']"
relevance_tweets17_57,relevant,"#OTD in 1863, President Lincoln delivered the #GettysburgAddress – a timeless call to honor the sacrifices made in the creation of our government of the people, by the people, and for the people. Learn more here: https://t.co/xZRWYdssxe via @librarycongress https://t.co/imlEPN3M2F",1064528745434877959,2962813893,RepStefanik,2018-11-19T14:40:05.000Z,1.0,1.0,other,,True,1.0,"['relevant', 'relevant']","['A2KLJKDG90K1PP', 'A2Q1YS118AO2BP']"
relevance_tweets17_58,relevant,"In this wk’s #momentoftruth on the White House’s ongoing cover-up, I focused on the unanswered ?s about the infamous “Trump Tower” meeting. What exactly was agreed to at that meeting? What was set in motion? We need to find out what else they are hiding. #TrumpRussia https://t.co/8aU7BcZQGT",944277551656198145,1071102246,RepHuffman,2017-12-22T18:44:46.000Z,1.0,1.0,political,other,True,1.0,"['relevant', 'relevant']","['A2R2YZTSME1K3F', 'A3CVY8G619MGTI']"
relevance_tweets17_59,relevant,#OMDP4NM is a case study for how establishing a national monument can bring a major boost to a local economy by generating tourism revenue &amp; jobs.,992460193312030721,1099199839,MartinHeinrich,2018-05-04T17:45:23.000Z,1.0,1.0,,economic,True,1.0,"['irrelevant', 'relevant']","['A23WTODPHXZ68Y', 'A2Q1YS118AO2BP']"
relevance_tweets17_60,relevant,Floods that used to strike NYC only once every 500 years could occur every five years.  #climatechange. https://t.co/yldjMiUzXj,922961379216318464,164007407,RepEliotEngel,2017-10-24T23:01:55.000Z,1.0,1.0,health and safety,health and safety,True,1.0,"['relevant', 'irrelevant']","['A2Q1YS118AO2BP', 'A37WDOIQH6JM6V']"
relevance_tweets17_61,relevant,Intelligence Committee Democrats urge President Trump to #ReadtheReport https://t.co/tlSJ9ihvCa,824779380526301185,476256944,SenFeinstein,2017-01-27T00:41:42.000Z,1.0,1.0,,,True,1.0,"['relevant', 'relevant']","['A23WTODPHXZ68Y', 'ATR6RB1RULOC0']"
relevance_tweets17_62,irrelevant,"Good luck to all the girls from SE IA in the @IGHSAU Volleyball Tourney! 
@ReginaRegalsAP @tcsdtigers @Pella_Schools &amp; Holy Trinity Catholic",927627779369299970,510516465,daveloebsack,2017-11-06T20:04:31.000Z,0.0,0.0,,,True,0.0,"['irrelevant', 'irrelevant']","['A2KLJKDG90K1PP', 'A2Q1YS118AO2BP']"
relevance_tweets17_63,relevant,"Today, I met with Pastors from West Virginia. I am thankful for their prayers and encouragement. https://t.co/NziKSqLmIz",842133091061760000,2964526557,RepAlexMooney,2017-03-15T21:59:09.000Z,1.0,1.0,cultural identity,other,True,1.0,"['irrelevant', 'irrelevant']","['A2KLJKDG90K1PP', 'A2R2YZTSME1K3F']"
relevance_tweets17_64,relevant,5 minutes until I chair @EnergyGOP #nationalparks subcmte hearing on sexual assault: Click here to view https://t.co/BWUYMzijp5,872519627171090432,11651202,SteveDaines,2017-06-07T18:24:24.000Z,1.0,1.0,,,True,1.0,"['relevant', 'irrelevant']","['A2KLJKDG90K1PP', 'ACDX50KGPE97I']"
relevance_tweets17_65,relevant,#BehindTheScenes w/ @RepLoisFrankel discussing the passage of our bill protecting young victims frm sexual abuse. Stay tuned for our video  https://t.co/KRzEr1mXki,867774099602452480,1074101017,SusanWBrooks,2017-05-25T16:07:22.000Z,1.0,1.0,policy prescription and evaluation,security and defense,True,1.0,"['relevant', 'relevant']","['A2Q1YS118AO2BP', 'A37WDOIQH6JM6V']"
relevance_tweets17_66,relevant,@PressSec speaks about Trump's civil liberties being violated by Obama admin--what about @POTUS violating civil liberties w/ #MuslimBan?,847893573307682816,90639372,RepDwightEvans,2017-03-31T19:29:15.000Z,1.0,1.0,morality,morality,True,1.0,"['relevant', 'relevant']","['A17D6BK59S31BM', 'ACDX50KGPE97I']"
relevance_tweets17_67,relevant,Celebrating all Vietnam era veterans today at our pinning ceremony! #ThankYouForYourService #ProtectAndServe https://t.co/AaaTrXptJA,821767688246718465,2863006655,RepLawrence,2017-01-18T17:14:19.000Z,1.0,1.0,security and defense,security and defense,True,1.0,"['relevant', 'irrelevant']","['A2Q1YS118AO2BP', 'A37WDOIQH6JM6V']"
relevance_tweets17_68,relevant,I stand in solidarity with Dr. Blasey Ford. Too often survivors of violence and sexual assualt are shamed and forced into the shadows. Let’s rally together to make our voices heard. #BelieveSurvivors #NYCStandsWithSurvivors                    https://t.co/MzW8U0hsZL,1043885145214922755,258900199,RepMaloney,2018-09-23T15:29:47.000Z,1.0,1.0,morality,health and safety,True,1.0,"['relevant', 'irrelevant']","['A37WDOIQH6JM6V', 'ACDX50KGPE97I']"
relevance_tweets17_69,relevant,You would think @SecretaryCarson could answer simple questions regarding @reladonaldtrump... wrong! Watch now--&gt; https://t.co/n8yekpKi8G,919935351422111744,1531521632,RepBeatty,2017-10-16T14:37:34.000Z,1.0,1.0,other,,True,1.0,"['relevant', 'relevant']","['A17D6BK59S31BM', 'ATR6RB1RULOC0']"
relevance_tweets17_70,relevant,Great to be at the Red Cross Fire Safety Kick Off event today in Kalamazoo! #MI06 https://t.co/lnzlU76SrB,990291436145926145,124224165,RepFredUpton,2018-04-28T18:07:31.000Z,1.0,1.0,,health and safety,True,1.0,"['relevant', 'irrelevant']","['A17D6BK59S31BM', 'A2Q1YS118AO2BP']"
relevance_tweets17_71,relevant,I applaud members across the aisle who have come out against the #TrumpBudget—notably its harmful cuts to the #EPA https://t.co/F09Yuh7Qr6,875805194419916800,90639372,RepDwightEvans,2017-06-16T20:00:04.000Z,1.0,1.0,policy prescription and evaluation,capacity and resources,True,1.0,"['relevant', 'relevant']","['A17D6BK59S31BM', 'A32CMQGGTSUK6Z']"
relevance_tweets17_72,relevant,"Another post-doctorate researcher ready to contribute to Pittsburgh turned away. Another opportunity lost #MuslimBan
https://t.co/WnFdZnjyqK",826913698954502151,39249305,USRepMikeDoyle,2017-02-01T22:02:43.000Z,1.0,1.0,constitutionality and jurisprudence,policy prescription and evaluation,True,1.0,"['relevant', 'relevant']","['A17D6BK59S31BM', 'A2Q1YS118AO2BP']"
relevance_tweets17_73,relevant,"@theLVguide I fully support a robust aid package to help #PuertoRico recover after the devastation of Hurricane Maria. The sooner, the better.",913025760142782465,258900199,RepMaloney,2017-09-27T13:01:19.000Z,1.0,1.0,policy prescription and evaluation,policy prescription and evaluation,True,1.0,"['relevant', 'relevant']","['A2R2YZTSME1K3F', 'ACDX50KGPE97I']"
relevance_tweets17_74,relevant,"I was proud to preside over the House as we passed the longest reauthorization of the Children's Health Insurance Program (#CHIP) in our nation's history. Great news for the over 150,000 children in Alabama who benefit from #CHIP and #ALLKids! https://t.co/fqI1Ss5lbF",955583994460024833,2253968388,RepByrne,2018-01-22T23:32:32.000Z,1.0,1.0,health and safety,health and safety,True,1.0,"['relevant', 'relevant']","['A2R2YZTSME1K3F', 'A32CMQGGTSUK6Z']"
relevance_tweets17_75,relevant,Cases of sex trafficking skyrocketed w/ the growth of the internet. Law enforcement agrees that #SESTA will help them to stop this crime. https://t.co/fZL2HK5vrY,927947763580416000,18915145,senrobportman,2017-11-07T17:16:01.000Z,1.0,1.0,policy prescription and evaluation,security and defense,True,1.0,"['relevant', 'relevant']","['A2R2YZTSME1K3F', 'A32CMQGGTSUK6Z']"
relevance_tweets17_76,relevant,A moving read &amp; video in the @eastoregonian about the power of music and how children in a Pendleton school are rallying to support a counselor with cancer: https://t.co/BysviMRrLG,972232312724205568,250188760,RonWyden,2018-03-09T22:07:01.000Z,1.0,1.0,,other,True,1.0,"['irrelevant', 'irrelevant']","['A2Q1YS118AO2BP', 'A32CMQGGTSUK6Z']"
relevance_tweets17_77,relevant,"Deeply saddened &amp; outraged by yet another school shooting. My deepest sympathy &amp; prayers are w/students, teachers, families, law enforcement &amp; first responders in Florida. We must finally take action in Congress to protect our children &amp; teachers and end this senseless violence.",963902846650503169,1058717720,RepAnnieKuster,2018-02-14T22:28:41.000Z,1.0,1.0,security and defense,health and safety,True,1.0,"['relevant', 'relevant']","['A2KLJKDG90K1PP', 'A3CVY8G619MGTI']"
relevance_tweets17_78,relevant,#DYK the avg age of a PHL school is 70yrs old? @phillydotcom reported that these schools are riddled w/ dangerous amounts of asbestos which can cause our students to become extremely sick. That’s why I introduced the Rehab. Of Historic Schools Act of 2017 https://t.co/NJYczBVIQJ,996048849839050752,90639372,RepDwightEvans,2018-05-14T15:25:26.000Z,1.0,1.0,health and safety,policy prescription and evaluation,True,1.0,"['relevant', 'irrelevant']","['A3GUJ6JD25FX7O', 'ACDX50KGPE97I']"
relevance_tweets17_79,relevant,"2/3""Law enforcement must be fully supported in their efforts to identify those responsible and hold those perpetrators accountable.""",839179091278458880,233737858,SenRonJohnson,2017-03-07T18:21:01.000Z,1.0,1.0,"law and order, crime and justice","law and order, crime and justice",True,1.0,"['relevant', 'relevant']","['A17D6BK59S31BM', 'ATR6RB1RULOC0']"
relevance_tweets17_80,relevant,"#DREAMers are here to work, go to school, and contribute to our economy. They are an asset, not a threat, to our country. #DreamActNow https://t.co/awYnbWKgPe",938911674735693824,28602948,RepRaulGrijalva,2017-12-07T23:22:42.000Z,1.0,1.0,economic,economic,True,1.0,"['relevant', 'relevant']","['A2R2YZTSME1K3F', 'A3GUJ6JD25FX7O']"
relevance_tweets17_81,relevant,"#Israel has every right to defend itself against attacks from across its borders, &amp; its actions were justified. U.S. policy must be that any political settlement to the Syrian civil war must not ensconce Iranian forces or allow access to Israel’s border. https://t.co/2fhWXfMa85",994617418805891074,22012091,LeaderHoyer,2018-05-10T16:37:26.000Z,1.0,1.0,external regulation and reputation,external regulation and reputation,True,1.0,"['relevant', 'relevant']","['A23WTODPHXZ68Y', 'ACDX50KGPE97I']"
relevance_tweets17_82,relevant,"My office hours in Bath and Fleming Counties will be rescheduled at a later date as we observe New Year’s Day. If you have any further questions, please contact my district office at (859) 219-1366. Happy New Year!",1079838145410158592,1089334250,RepAndyBarr,2018-12-31T20:34:10.000Z,1.0,1.0,other,,True,1.0,"['relevant', 'irrelevant']","['A2Q1YS118AO2BP', 'A2R2YZTSME1K3F']"
relevance_tweets17_83,relevant,Happy #VeteransDay! Please join me in thanking the men and women who've served our country. https://t.co/C0BncpQoVn,929399071097458690,381152398,RepTerriSewell,2017-11-11T17:23:00.000Z,1.0,1.0,security and defense,policy prescription and evaluation,True,1.0,"['relevant', 'irrelevant']","['A17D6BK59S31BM', 'A2R2YZTSME1K3F']"
relevance_tweets17_84,irrelevant,Wishing you all a happy and safe Fourth of July! https://t.co/oyBd7Bloqz,1014612957907517440,29501253,RepAdamSchiff,2018-07-04T20:52:34.000Z,0.0,0.0,,,True,0.0,"['irrelevant', 'irrelevant']","['A37WDOIQH6JM6V', 'ACDX50KGPE97I']"
relevance_tweets17_85,relevant,.@RealDonaldTrump should hire American workers at his own businesses that currently make their products overseas. https://t.co/aLbdmcDyq8,886943627410382848,1045110018,RepDanKildee,2017-07-17T13:40:14.000Z,1.0,1.0,economic,policy prescription and evaluation,True,1.0,"['relevant', 'relevant']","['A2R2YZTSME1K3F', 'A3GUJ6JD25FX7O']"
relevance_tweets17_86,relevant,"As a member of @SenateEnergyDems, I’ll continue to champion legislation that promotes the expansion of Minnesota’s #cleanenergy economy.",906260181138493440,171968009,SenFranken,2017-09-08T20:57:19.000Z,1.0,1.0,policy prescription and evaluation,policy prescription and evaluation,True,1.0,"['relevant', 'relevant']","['ACDX50KGPE97I', 'ATR6RB1RULOC0']"
relevance_tweets17_87,relevant,#DemocracyAwards nominations are open! I was honored to receive this year’s award for Constituent Service &amp; I’m thrilled @congressfdn continues to shine a light on quality public service and effective leadership in #Congress. For more: https://t.co/aai6Pu2PMBhttps://t.co/ZyLhXnuLyK,1058411449176023040,5558312,JohnBoozman,2018-11-02T17:32:08.000Z,1.0,1.0,political,political,True,1.0,"['relevant', 'relevant']","['A37WDOIQH6JM6V', 'ACDX50KGPE97I']"
relevance_tweets17_88,relevant,Mark your calendar: my 2017 Senior Fair is July 7th in Colton from 9AM to 12PM. Details here: https://t.co/SPoXq1AoiX. #CA31,872918780770476032,3018670151,RepPeteAguilar,2017-06-08T20:50:30.000Z,1.0,1.0,other,,True,1.0,"['irrelevant', 'irrelevant']","['ACDX50KGPE97I', 'ATR6RB1RULOC0']"
relevance_tweets17_89,relevant,Music is a portal into so many worlds. A pleasure to meet with @FLMusicED members on how to increase funding for music education that helps grow our children's minds. It doesn’t hurt that there is some #Cane talent from my alma mater @univmiami in the room! https://t.co/a4McNpXuAX,1012383851862282241,14275291,RosLehtinen,2018-06-28T17:14:54.000Z,1.0,1.0,economic,quality of life,True,1.0,"['irrelevant', 'irrelevant']","['A17D6BK59S31BM', 'A2R2YZTSME1K3F']"
relevance_tweets17_90,relevant,"Because of the Affordable Care Act, Americans can no longer be denied health coverage because of a pre-existing condition. #SaveACA https://t.co/vOghbqD8UX",819661073716539392,476256944,SenFeinstein,2017-01-12T21:43:23.000Z,1.0,1.0,policy prescription and evaluation,health and safety,True,1.0,"['relevant', 'relevant']","['A23WTODPHXZ68Y', 'A37WDOIQH6JM6V']"
relevance_tweets17_91,relevant,Great visit with award-winning L'Anse Manufacturing. Making things and creating jobs in the UP! https://t.co/7GpRCKdhQZ,848226026207444996,76456274,SenStabenow,2017-04-01T17:30:18.000Z,1.0,1.0,economic,economic,True,1.0,"['irrelevant', 'irrelevant']","['A23WTODPHXZ68Y', 'ACDX50KGPE97I']"
relevance_tweets17_92,relevant,Great to discuss all sorts of issues with Wisconsinites at 4 town hall meetings yesterday. Check out @wdiowirt coverage from Butternut! https://t.co/ivA9EK7r9i,982303280977018881,234022257,SeanDuffyWI,2018-04-06T17:05:27.000Z,1.0,1.0,,,True,1.0,"['relevant', 'relevant']","['A17D6BK59S31BM', 'A38DC3BG1ZCVZ2']"
relevance_tweets17_93,relevant,OPEN Senate Intel Cmte hearings today on #Russia at 9am CT &amp; 1pm CT. Tune in on CSPAN3 or online HERE: https://t.co/WKPRcIu9at,847448099509239810,225921757,SenatorLankford,2017-03-30T13:59:06.000Z,1.0,1.0,external regulation and reputation,,True,1.0,"['relevant', 'relevant']","['A23WTODPHXZ68Y', 'A3GUJ6JD25FX7O']"
relevance_tweets17_94,relevant,"The @HouseGOP's Higher Education Act would make college more expensive for low-income students and reward low-quality for-profit schools with federal taxpayer dollars.
https://t.co/31jiNCHGJQ",940642712625270784,234014087,RepWilson,2017-12-12T18:01:13.000Z,1.0,1.0,economic,economic,True,1.0,"['relevant', 'relevant']","['A2KLJKDG90K1PP', 'A2Q1YS118AO2BP']"
relevance_tweets17_95,relevant,Thank you President Trump for protecting conscience rights and the #FirstAmendment - this announcement is a win for #ReligiousFreedom,916358749031366661,240393970,RepJeffDuncan,2017-10-06T17:45:25.000Z,1.0,1.0,constitutionality and jurisprudence,constitutionality and jurisprudence,True,1.0,"['relevant', 'relevant']","['A23WTODPHXZ68Y', 'A2R2YZTSME1K3F']"
relevance_tweets17_96,irrelevant,"Thanksgiving is my favorite holiday. Ahead of sitting down to eat with family and friends I wanted to share a few of the things I'm thankful for this year. Happy Thanksgiving, everyone! https://t.co/ykFYMPUiKF",1065644783308279808,946549322,SenatorHassan,2018-11-22T16:34:49.000Z,0.0,0.0,,,True,0.0,"['relevant', 'irrelevant']","['A2Q1YS118AO2BP', 'A9K0CV70JWG1W']"
relevance_tweets17_97,relevant,"Great to be up in Lynden today! First up, I visited Guru Nanak Gursikh Gurudwara to talk with members of the Sikh community about immigration and labor issues, as well as support for our aging population. https://t.co/sbRfyr3vI9",1002286365684486145,995193054,RepDelBene,2018-05-31T20:31:05.000Z,1.0,1.0,,,True,1.0,"['relevant', 'relevant']","['A32CMQGGTSUK6Z', 'ATR6RB1RULOC0']"
relevance_tweets17_98,relevant,ICYMI: watch my exchange today with @federalreserve Chairman Jerome Powell about the distrubing policies coming out of the Trump administration.  https://t.co/cfomexsJiW,968609172697776128,168673083,repdavidscott,2018-02-27T22:09:57.000Z,1.0,1.0,,other,True,1.0,"['relevant', 'relevant']","['A32CMQGGTSUK6Z', 'A37WDOIQH6JM6V']"
relevance_tweets17_99,relevant,The bipartisan Responsibility for Unaccompanied Minors Act I introduced yesterday will help protect children from abuse &amp;  ensure they appear for their immigration hearings. It’s critical for safeguarding these kids &amp; upholding our immigration system https://t.co/9M86gWXQYI,1042458983519477761,18915145,senrobportman,2018-09-19T17:02:44.000Z,1.0,1.0,health and safety,policy prescription and evaluation,True,1.0,"['relevant', 'relevant']","['A2KLJKDG90K1PP', 'ACDX50KGPE97I']"
relevance_tweets17_100,relevant,"While bipartisanship may be in short supply in Washington, D.C., it is alive and vocal in New Jersey.  Reps. Josh Gottheimer  and Leonard Lance defend the Gateway Project at a press conference Friday.   Gottheimer and Lance are members of the bipartisan Problem Solvers Caucus. https://t.co/Ca1Rmq9Igr",990969852969046016,613725908,RepLanceNJ7,2018-04-30T15:03:18.000Z,1.0,1.0,political,political,True,1.0,"['irrelevant', 'relevant']","['A2Q1YS118AO2BP', 'A2R2YZTSME1K3F']"
relevance_tweets17_101,relevant,"President Trump hyped his drug pricing plan as a big step forward—it’s very clearly not. In fact, when he announced his plan to bring drug companies’ prices down, their stocks actually went up.",1006540221578702851,293131808,PattyMurray,2018-06-12T14:14:24.000Z,1.0,1.0,economic,policy prescription and evaluation,True,1.0,"['relevant', 'relevant']","['A17D6BK59S31BM', 'A2R2YZTSME1K3F']"
relevance_tweets17_102,relevant,Best of luck to my friend @RepTomPrice today. He has created solutions to repair health care &amp; will continue to deliver as HHS Secretary.,821730552692768768,2973870195,RepBuddyCarter,2017-01-18T14:46:45.000Z,1.0,1.0,political,health and safety,True,1.0,"['relevant', 'relevant']","['A3CVY8G619MGTI', 'A3GUJ6JD25FX7O']"
relevance_tweets17_103,relevant,This headline says it all - this sham commission's request is federal overreach and an invasion of privacy https://t.co/ViMcBWZS2k,880944975986528257,137794015,RepTedDeutch,2017-07-01T00:23:44.000Z,1.0,1.0,other,quality of life,True,1.0,"['relevant', 'relevant']","['A17D6BK59S31BM', 'A2KLJKDG90K1PP']"
relevance_tweets17_104,relevant,ICYMI: I joined @MariaBartiromo on @FoxNews to discuss the Senate #HealthcareBill. Take a look: https://t.co/if7lKpevEl,879344699047387137,18632666,JerryMoran,2017-06-26T14:24:48.000Z,1.0,1.0,constitutionality and jurisprudence,,True,1.0,"['relevant', 'relevant']","['A23WTODPHXZ68Y', 'A2KLJKDG90K1PP']"
relevance_tweets17_105,relevant,"This shutdown was completely avoidable. Trust remains the coin of the realm in politics, and it is now up to the Republican Leadership and the Trump Administration to keep their word and address the outstanding issues in a timely and efficient manner. https://t.co/znbdEROFLm",955595445329330177,2968007206,RepDeSaulnier,2018-01-23T00:18:02.000Z,1.0,1.0,political,political,True,1.0,"['relevant', 'relevant']","['A17D6BK59S31BM', 'A23WTODPHXZ68Y']"
relevance_tweets17_106,relevant,@Cmoore704 @NCGOP @SpecOpsSpeaks Blog was wrong. I'm cutting EPA regs. Lots of bipartisan support. #alltheabove energy Better?,886679565564870656,935033864,RepRichHudson,2017-07-16T20:10:56.000Z,1.0,1.0,capacity and resources,political,True,1.0,"['irrelevant', 'relevant']","['A2Q1YS118AO2BP', 'A37WDOIQH6JM6V']"
relevance_tweets17_107,relevant,"Sent robust #infrastructure plan to @Transport. CO priorities include: I-70/I-25, rural #broadband, &amp; train horn. https://t.co/YHbMncSDtj",885552624287838209,463132556,RepJaredPolis,2017-07-13T17:32:53.000Z,1.0,1.0,health and safety,,True,1.0,"['relevant', 'relevant']","['A32CMQGGTSUK6Z', 'A3GUJ6JD25FX7O']"
relevance_tweets17_108,relevant,Just finished praying with members from both sides of aisle after today's shooting. It's time to heal as a nation &amp; unify for positive good.,875005080147292161,237763317,RepHartzler,2017-06-14T15:00:42.000Z,1.0,1.0,health and safety,morality,True,1.0,"['relevant', 'relevant']","['A23WTODPHXZ68Y', 'A2Q1YS118AO2BP']"
relevance_tweets17_109,relevant,"@cspanMcArdle When asked by a caller to express my thoughts on Senate candidate Roy Moore, I told him what I have said before: I believe candidate Roy Moore should step aside &amp; not stand for election. We must protect the integrity of Congress in the House and Senate.",930820221006475265,1074101017,SusanWBrooks,2017-11-15T15:30:09.000Z,1.0,1.0,political,other,True,1.0,"['relevant', 'relevant']","['A17D6BK59S31BM', 'A2Q1YS118AO2BP']"
relevance_tweets17_110,relevant,I'm pleased #CommerceSecretary nominee Ross agreed to work with me to crack down on unfair trade practices https://t.co/Ic1jVOyjgS 444576/,821896564037812224,1058520120,SenDuckworth,2017-01-19T01:46:25.000Z,1.0,1.0,economic,fairness and equality,True,1.0,"['relevant', 'relevant']","['A17D6BK59S31BM', 'A2Q1YS118AO2BP']"
relevance_tweets17_111,relevant,"The Traumatic Brain Injury Reauthorization Act will implement a critical CDC study on #TBI while furthering valuable research &amp; treatment programs across the country. As co-chair of the Congressional Brain Injury Task Force, I'm committed to getting this bill signed into law. https://t.co/KCiNsF25Bh",1072598575211794434,74508260,BillPascrell,2018-12-11T21:06:42.000Z,1.0,1.0,policy prescription and evaluation,policy prescription and evaluation,True,1.0,"['irrelevant', 'relevant']","['A2Q1YS118AO2BP', 'A2R2YZTSME1K3F']"
relevance_tweets17_112,relevant,@metellusUX @hugandpint 'Lol' is right. It IS funny when the majority of Americans are receiving MORE money in their paychecks and Democrats still try and convince you that the #TaxCutsandJobsAct isn't working,999390183010299910,1077446982,RepRWilliams,2018-05-23T20:42:42.000Z,1.0,1.0,political,policy prescription and evaluation,True,1.0,"['relevant', 'relevant']","['A9K0CV70JWG1W', 'ATR6RB1RULOC0']"
relevance_tweets17_113,relevant,We're working to protect funding for global health organizations that provide health care to 60 countries around the world. #NWHW https://t.co/XBWXOOZji8,865691535614103552,1135486501,RepScottPeters,2017-05-19T22:12:00.000Z,1.0,1.0,health and safety,health and safety,True,1.0,"['relevant', 'relevant']","['A17D6BK59S31BM', 'A2Q1YS118AO2BP']"
relevance_tweets17_114,relevant,@HouseGOP #WrongChoiceAct is another sign of @HouseGOP’s commitment to helping Wall Street at the expense of hardworking families.,872204272288407552,63169388,louiseslaughter,2017-06-06T21:31:17.000Z,1.0,1.0,political,economic,True,1.0,"['relevant', 'relevant']","['A2Q1YS118AO2BP', 'A3CVY8G619MGTI']"
relevance_tweets17_115,relevant,"@mrH0LIDAY this was a vote to undue the regulation, and regulatory authority.",847220599105687552,240393970,RepJeffDuncan,2017-03-29T22:55:06.000Z,1.0,1.0,political,,True,1.0,"['relevant', 'relevant']","['A2Q1YS118AO2BP', 'A37WDOIQH6JM6V']"
relevance_tweets17_116,relevant,"It was such a pleasure to visit with Darrell and Shonette Koebel, my 2018 Angels in Adoption nomination and meet three of their eleven children. I am so thankful for the Koebel’s heart to #adopt! https://t.co/boisscxq4W",1054430309880655874,237763317,RepHartzler,2018-10-22T17:52:30.000Z,1.0,1.0,morality,other,True,1.0,"['irrelevant', 'irrelevant']","['A2R2YZTSME1K3F', 'ATR6RB1RULOC0']"
relevance_tweets17_117,relevant,"Good to see People’s Baptist Church @pastortimbutler and his wife during their visit to Washington, DC today. Thanks for all you do in the Greenville community! https://t.co/jdPVUlA0nY",973650946269032448,432676344,GKButterfield,2018-03-13T20:04:09.000Z,1.0,1.0,other,,True,1.0,"['relevant', 'irrelevant']","['A2Q1YS118AO2BP', 'A32CMQGGTSUK6Z']"
relevance_tweets17_118,relevant,Wishing our Sikh American friends and neighbors a happy #Vaisakhi on this historically significant day!,852886884233695236,2970279814,RepDebDingell,2017-04-14T14:10:53.000Z,1.0,1.0,other,other,True,1.0,"['relevant', 'irrelevant']","['A17D6BK59S31BM', 'A2R2YZTSME1K3F']"
relevance_tweets17_119,relevant,Both my DC and District offices are looking for qualified and passionate interns for the Fall Semester. Apply today! https://t.co/3grPy8EJfU,1036230509842464769,234469322,rep_stevewomack,2018-09-02T12:33:00.000Z,1.0,1.0,other,,True,1.0,"['relevant', 'relevant']","['A17D6BK59S31BM', 'A2R2YZTSME1K3F']"
relevance_tweets17_120,relevant,"In Virginia House of Delegates, control is evenly split. Power of organizing! https://t.co/YMdviwFXZG",943267747282214912,14135426,keithellison,2017-12-19T23:52:10.000Z,1.0,1.0,political,political,True,1.0,"['relevant', 'relevant']","['A2Q1YS118AO2BP', 'A3CVY8G619MGTI']"
relevance_tweets17_121,relevant,"This is Black Excellence at its finest. Ryan Coogler, thank you for sharing #BlackPanther with us. You make the #EastBay proud. #WakandaForever
https://t.co/lnoPN8iLQh",964567621512450049,248735463,RepBarbaraLee,2018-02-16T18:30:16.000Z,1.0,1.0,other,cultural identity,True,1.0,"['irrelevant', 'irrelevant']","['A23WTODPHXZ68Y', 'ACDX50KGPE97I']"
relevance_tweets17_122,relevant,"Under our current #healthcare system, Americans are being forced to choose between insurance and their mortgage payment. That's unacceptable",839464754825539585,963480595,MarkMeadows,2017-03-08T13:16:08.000Z,1.0,1.0,health and safety,health and safety,True,1.0,"['relevant', 'relevant']","['A17D6BK59S31BM', 'ACDX50KGPE97I']"
relevance_tweets17_123,relevant,Congrats @RepDanKildee! https://t.co/19KnaSZIUF,1073640371949891584,76456274,SenStabenow,2018-12-14T18:06:26.000Z,1.0,1.0,political,,True,1.0,"['irrelevant', 'relevant']","['A2KLJKDG90K1PP', 'A37WDOIQH6JM6V']"
relevance_tweets17_124,relevant,".@SierraVistaAZ, @GlendaleAZ, &amp; WestValley partners named @defensecomm Great American Defense Community. https://t.co/wTHaLQeBUs",877592432434569217,16056306,JeffFlake,2017-06-21T18:21:55.000Z,1.0,1.0,,,True,1.0,"['relevant', 'irrelevant']","['A2R2YZTSME1K3F', 'ATR6RB1RULOC0']"
relevance_tweets17_125,relevant,At 10am and 6pm today I'll be on @cspan Newsmakers discussing #taxreform.,894188437775028228,442824717,RepRichardNeal,2017-08-06T13:28:31.000Z,1.0,1.0,,,True,1.0,"['relevant', 'relevant']","['A2R2YZTSME1K3F', 'ACDX50KGPE97I']"
relevance_tweets17_126,relevant,"It is our job on the Oversight Committee to do just that: oversight. These women's stories deserve to be heard, taken seriously, and investigated. https://t.co/PkMBzLdaqq",941017415839870976,258900199,RepMaloney,2017-12-13T18:50:09.000Z,1.0,1.0,morality,morality,True,1.0,"['irrelevant', 'relevant']","['A2Q1YS118AO2BP', 'A3CVY8G619MGTI']"
relevance_tweets17_127,relevant,Horrific news out of San Antonio this weekend. We must do everything we can to put an end to this modern day slavery https://t.co/FZ7zW0DxaP,889485905496616960,24735461,PeteSessions,2017-07-24T14:02:20.000Z,1.0,1.0,morality,morality,True,1.0,"['irrelevant', 'irrelevant']","['A23WTODPHXZ68Y', 'A2KLJKDG90K1PP']"
relevance_tweets17_128,relevant,Can we help you with a government question? Stop by a #MobileOffice in Western Grove #AR3 https://t.co/SLh29jQBrjhttps://t.co/ZiyEEvwmfh,1024295370124288000,234469322,rep_stevewomack,2018-07-31T14:07:01.000Z,1.0,1.0,other,,True,1.0,"['relevant', 'irrelevant']","['A17D6BK59S31BM', 'A2Q1YS118AO2BP']"
relevance_tweets17_129,relevant,"King donald says what this country needs is a good shutdown. Yeah, only if it's limited to 1600 Pennsylvania Ave. #DoYourJob",954405496747974661,467823431,RepJeffries,2018-01-19T17:29:37.000Z,1.0,1.0,political,external regulation and reputation,True,1.0,"['irrelevant', 'relevant']","['A2Q1YS118AO2BP', 'A2R2YZTSME1K3F']"
relevance_tweets17_130,irrelevant,There’s nothing like watching my alma mater @univmiami @CanesFootball play at @HardRockStadium. It’ll be even better when they beat @SavStateTigers! #GoCanes https://t.co/dOZBRThTun,1038440969367166976,14275291,RosLehtinen,2018-09-08T14:56:35.000Z,0.0,0.0,,,True,0.0,"['relevant', 'irrelevant']","['A2Q1YS118AO2BP', 'ATR6RB1RULOC0']"
relevance_tweets17_131,relevant,"From 1993-2011, Devils Lake rose over 30ft, underscoring the urgent need to maintain the levee protecting the Devils Lake area. The water resources bill provision I included for Devils Lake would make sure the federal gov provides resources for the project to keep families safe. https://t.co/JqQDSdCovu",1054531600031993856,1061029050,SenatorHeitkamp,2018-10-23T00:35:00.000Z,1.0,1.0,policy prescription and evaluation,security and defense,True,1.0,"['irrelevant', 'relevant']","['A2Q1YS118AO2BP', 'A2R2YZTSME1K3F']"
relevance_tweets17_132,relevant,The President is trying to use money appropriated to the military to fund his misguided border wall. This isn’t legal without congressional authorization and I’ll oppose it. https://t.co/anCunzVIzK,979372357063131137,1055730738,RepLowenthal,2018-03-29T14:59:00.000Z,1.0,1.0,constitutionality and jurisprudence,"law and order, crime and justice",True,1.0,"['relevant', 'relevant']","['A17D6BK59S31BM', 'A2KLJKDG90K1PP']"
relevance_tweets17_133,relevant,"The Blade is right on, “Here’s hoping infrastructure is number one, two, or three on the Camp David ‘to do’ list.” https://t.co/Xl9Meu2sXH",952544605685379072,581141508,RepMarcyKaptur,2018-01-14T14:15:06.000Z,1.0,1.0,health and safety,,True,1.0,"['relevant', 'relevant']","['A32CMQGGTSUK6Z', 'A3CVY8G619MGTI']"
relevance_tweets17_134,relevant,We're live from the Capitol talking about how we can improve America’s health care. Tune in here: https://t.co/u6omNGY9Cr,888048137146953728,15764644,SpeakerPelosi,2017-07-20T14:49:09.000Z,1.0,1.0,health and safety,health and safety,True,1.0,"['relevant', 'relevant']","['A2Q1YS118AO2BP', 'A3GUJ6JD25FX7O']"
relevance_tweets17_135,relevant,Tennessee will receive another nearly $14 million from @HHSGov to help in our state’s fight against the #opioid crisis. https://t.co/4WeAq7aVoA,986965782096764928,76649729,SenAlexander,2018-04-19T13:52:34.000Z,1.0,1.0,economic,economic,True,1.0,"['relevant', 'relevant']","['A3GUJ6JD25FX7O', 'ATR6RB1RULOC0']"
relevance_tweets17_136,relevant,Today in #WomensHistoryMonth I want to recognize Birmingham's own #VonettaFlowers - the first black woman ever to win a gold medal at the Winter Olympics. Thank you Vonetta for inspiring so many young women in our state to follow their dreams!! https://t.co/gdrAQp9azM,973213615191941120,381152398,RepTerriSewell,2018-03-12T15:06:21.000Z,1.0,1.0,morality,other,True,1.0,"['irrelevant', 'irrelevant']","['A2KLJKDG90K1PP', 'ATR6RB1RULOC0']"
relevance_tweets17_137,relevant,".@GHSChamber's annual fly-in kicked off today. It was a pleasure to address my hometown chamber, update them on my successful efforts to preserve the historic tax credits (very important to historic cities in #ar4), &amp; honor the work of retired Chamber President and CEO Jim Fram. https://t.co/ENgrUYc59I",988844473508618241,2852998461,RepWesterman,2018-04-24T18:17:48.000Z,1.0,1.0,economic,,True,1.0,"['relevant', 'relevant']","['A17D6BK59S31BM', 'A2R2YZTSME1K3F']"
relevance_tweets17_138,relevant,"On my trip, I was able to visit w/ Oklahoma National Guardsmen &amp; other Oklahomans serving in #Iraq &amp; #Syria. Thank you for your service! https://t.co/fC2E0972wQ",869620793919115264,225921757,SenatorLankford,2017-05-30T18:25:28.000Z,1.0,1.0,security and defense,security and defense,True,1.0,"['relevant', 'relevant']","['A38DC3BG1ZCVZ2', 'A3GUJ6JD25FX7O']"
relevance_tweets17_139,relevant,"On Holocaust Remembrance Day, we remember the 6 million innocent Jews murdered in the Holocaust and honor the heroic survivors. Today, we renew our resolve to combat hatred in all forms. #WeRemember",957432255655313408,236279233,NormaJTorres,2018-01-28T01:56:52.000Z,1.0,1.0,cultural identity,other,True,1.0,"['relevant', 'irrelevant']","['A17D6BK59S31BM', 'ATR6RB1RULOC0']"
relevance_tweets17_140,relevant,Proud to #StandWithGavin and all transgender students. Every child deserves to go to school &amp; live as who they are free from discrimination. https://t.co/4uqpuHzbCd,837707805511544832,1060984272,Elizabeth_Esty,2017-03-03T16:54:39.000Z,1.0,1.0,fairness and equality,fairness and equality,True,1.0,"['irrelevant', 'irrelevant']","['A2Q1YS118AO2BP', 'A9K0CV70JWG1W']"
relevance_tweets17_141,relevant,"Happy First Trillion! 
“Green energy producers have officially installed their first trillion watts of power generation capacity, according to @BloombergNEF. That achievement took 40 years, but the next trillion should be finished in the next five years.” https://t.co/EyU9oiOf1Q",1027286153836355591,242555999,SenWhitehouse,2018-08-08T20:11:19.000Z,1.0,1.0,capacity and resources,other,True,1.0,"['irrelevant', 'relevant']","['A2Q1YS118AO2BP', 'A38DC3BG1ZCVZ2']"
relevance_tweets17_142,relevant,"After serving in WWII, Corporal Dodges used the GI Bill to get an engineering degree and worked for over 40 years with the @USACE_Buffalo, on several of the region's most transformative projects including construction of the Niagara Falls Air Force Base. https://t.co/W9WthQGVfG",1076226116384370688,33576489,RepBrianHiggins,2018-12-21T21:21:16.000Z,1.0,1.0,,security and defense,True,1.0,"['relevant', 'irrelevant']","['A2Q1YS118AO2BP', 'ATR6RB1RULOC0']"
relevance_tweets17_143,relevant,We are holding the VA accountable. Glad to see this  legislation head to @POTUS’  desk. https://t.co/DbRrBW9Nfl,875834369268629504,17976923,cathymcmorris,2017-06-16T21:56:00.000Z,1.0,1.0,"law and order, crime and justice",policy prescription and evaluation,True,1.0,"['relevant', 'relevant']","['A2Q1YS118AO2BP', 'ACDX50KGPE97I']"
relevance_tweets17_144,relevant,I was in the #Jacksonville area yesterday to work on recovery efforts and survey the damage caused by #HurricaneIrma. https://t.co/u5s8s394iE,908038308902645768,229966028,SenRubioPress,2017-09-13T18:42:58.000Z,1.0,1.0,health and safety,health and safety,True,1.0,"['irrelevant', 'irrelevant']","['A2R2YZTSME1K3F', 'A32CMQGGTSUK6Z']"
relevance_tweets17_145,relevant,"Joined my colleagues today from the @ProChoiceCaucus to introduce the Protect Access to Birth Control Act 
https://t.co/a9znQyYbGp",921043715690582016,1077121945,RepLoisFrankel,2017-10-19T16:01:48.000Z,1.0,1.0,constitutionality and jurisprudence,,True,1.0,"['relevant', 'irrelevant']","['A17D6BK59S31BM', 'A2Q1YS118AO2BP']"
relevance_tweets17_146,relevant,"Ohio should be working to make voting easier, not harder. Instead, today’s decision empowers Ohio to further strip away the right to vote for thousands of Ohioans, threatening the integrity of our state’s election process. https://t.co/NkiyzxnKH5",1006188366776455169,43910797,SenSherrodBrown,2018-06-11T14:56:15.000Z,1.0,1.0,political,policy prescription and evaluation,True,1.0,"['relevant', 'relevant']","['ACDX50KGPE97I', 'ATR6RB1RULOC0']"
relevance_tweets17_147,relevant,"I met this young man from New Hampshire yesterday, and had to show off the Maine lobsters on my tie – yet another reminder that we have to #ProtectOurCoast for the next generation. https://t.co/OIBhVSMojB",961032857010491393,1068481578,SenAngusKing,2018-02-07T00:24:22.000Z,1.0,1.0,health and safety,other,True,1.0,"['relevant', 'relevant']","['A17D6BK59S31BM', 'ATR6RB1RULOC0']"
relevance_tweets17_148,relevant,This morning I visited @WRAAonAging. It was great to meet w/ Lake County Officials to discuss ways we can come together to help our seniors. https://t.co/UK8zuwuMKM,909873077365952513,976969338,RepDaveJoyce,2017-09-18T20:13:40.000Z,1.0,1.0,quality of life,morality,True,1.0,"['relevant', 'irrelevant']","['A2KLJKDG90K1PP', 'A2R2YZTSME1K3F']"
relevance_tweets17_149,relevant,"Fifty-three years ago today, President Johnson signed #Medicare and #Medicaid into law. Since then, millions Americans gained access to health care &amp; the number of seniors living in poverty has been slashed. I am committed to protecting these programs for generations to come. https://t.co/CnKdsKVeSH",1024007304780435456,1071840474,RepSchneider,2018-07-30T19:02:21.000Z,1.0,1.0,policy prescription and evaluation,health and safety,True,1.0,"['relevant', 'relevant']","['A2KLJKDG90K1PP', 'A2Q1YS118AO2BP']"
relevance_tweets17_150,relevant,"Today is the 100th Anniversary of the US involvement in #WWI. A generation of veterans that are gone, but certainly not forgotten.",849968493021859843,2953974395,RepFrenchHill,2017-04-06T12:54:15.000Z,1.0,1.0,security and defense,security and defense,True,1.0,"['relevant', 'irrelevant']","['A2Q1YS118AO2BP', 'A2R2YZTSME1K3F']"
relevance_tweets17_151,relevant,.@ICEgov lists Philly as one of the worst sanctuary cities: https://t.co/1lgWXoVglv. This dangerous policy must end: https://t.co/Q6AljKLxeP,889873687125610500,221162525,SenToomey,2017-07-25T15:43:14.000Z,1.0,1.0,policy prescription and evaluation,policy prescription and evaluation,True,1.0,"['relevant', 'relevant']","['A2KLJKDG90K1PP', 'A2R2YZTSME1K3F']"
relevance_tweets17_152,irrelevant,Congrats Mark Few on being named AP Coach of the Year! Looking forward to tomorrow’s game! #FinalFour #UnitedWeZag https://t.co/ut4a1L8MLL,847861254433771520,17976923,cathymcmorris,2017-03-31T17:20:50.000Z,0.0,0.0,,,True,0.0,"['relevant', 'irrelevant']","['A17D6BK59S31BM', 'A2KLJKDG90K1PP']"
relevance_tweets17_153,relevant,I will visit CIA HQ in the next week to review all reports related to Senate’s ongoing Russia investigation https://t.co/ekBSjLIQUD (2/2),837359620758843392,21269970,RoyBlunt,2017-03-02T17:51:05.000Z,1.0,1.0,external regulation and reputation,,True,1.0,"['relevant', 'relevant']","['A23WTODPHXZ68Y', 'A2Q1YS118AO2BP']"
relevance_tweets17_154,relevant,"Marcus, a former foster youth from #Flint, is spending the day with me on Capitol Hill for #FosterYouthShadowDay. Glad I could learn from his experience on how Congress can expand opportunities for foster youth across Michigan. https://t.co/CGGAKs3ZEE",999330529135812608,1045110018,RepDanKildee,2018-05-23T16:45:39.000Z,1.0,1.0,fairness and equality,,True,1.0,"['relevant', 'relevant']","['A2Q1YS118AO2BP', 'A32CMQGGTSUK6Z']"
relevance_tweets17_155,relevant,Thank you so much to the American Conservative Union for this award. I will continue to fight each and everyday for conservative values. https://t.co/AWWcJlE1rh,983853486919045120,278145569,MarshaBlackburn,2018-04-10T23:45:25.000Z,1.0,1.0,other,other,True,1.0,"['relevant', 'relevant']","['A37WDOIQH6JM6V', 'ATR6RB1RULOC0']"
relevance_tweets17_156,relevant,"We won't stop fighting for gun reform. From Falls Church rally at George Mason High School with @MomsDemand:
""The NRA talks about guns, they talk about freedom... what about the freedom to go to school without having to worry?"" https://t.co/KCyyGqNRIU",966457586404024329,2962868158,RepDonBeyer,2018-02-21T23:40:19.000Z,1.0,1.0,health and safety,health and safety,True,1.0,"['relevant', 'relevant']","['A2Q1YS118AO2BP', 'A32CMQGGTSUK6Z']"
relevance_tweets17_157,relevant,"No, @realDonaldTrump. You said you would sign whatever Congress proposed, and then you came out against every reasonable bipartisan compromise. You won’t stand up for #Dreamers, but we will. https://t.co/mkvEPEKZmj",980896201234149378,236279233,NormaJTorres,2018-04-02T19:54:13.000Z,1.0,1.0,political,political,True,1.0,"['relevant', 'relevant']","['A17D6BK59S31BM', 'A2Q1YS118AO2BP']"
relevance_tweets17_158,relevant,To go uncounted in our society is to be unseen in the eyes of legislators and policy makers. #DayofTransVisibility #CantEraseUs,847888971266961413,28602948,RepRaulGrijalva,2017-03-31T19:10:58.000Z,1.0,1.0,constitutionality and jurisprudence,other,True,1.0,"['relevant', 'relevant']","['A17D6BK59S31BM', 'ATR6RB1RULOC0']"
relevance_tweets17_159,relevant,"There are still 2,600 immigrant children who have yet to be reunited with their families or caretakers.",1019786911773315072,30354991,KamalaHarris,2018-07-19T03:32:01.000Z,1.0,1.0,quality of life,policy prescription and evaluation,True,1.0,"['irrelevant', 'relevant']","['A23WTODPHXZ68Y', 'A32CMQGGTSUK6Z']"
relevance_tweets17_160,relevant,Take a look at my e-newsletter to see what I did this week in Washington → https://t.co/qkbbiRDqmfhttps://t.co/LYtVziMU53,906528586882064384,2964287128,RepRickAllen,2017-09-09T14:43:52.000Z,1.0,1.0,,,True,1.0,"['irrelevant', 'relevant']","['A32CMQGGTSUK6Z', 'ACDX50KGPE97I']"
relevance_tweets17_161,relevant,"The FDA approved the application for an AquaBounty Salmon Facility in Indiana last week. Thankfully b/c of language I inserted into the FY18 omnibus bill banning the import of genetically engineered salmon, including eggs, they will be unable to produce GE salmon at this facility",991782694450356225,18061669,lisamurkowski,2018-05-02T20:53:15.000Z,1.0,1.0,constitutionality and jurisprudence,policy prescription and evaluation,True,1.0,"['relevant', 'relevant']","['A2Q1YS118AO2BP', 'A37WDOIQH6JM6V']"
relevance_tweets17_162,relevant,Watch here: Forum on deported veterans with @RepGonzalez @RepMarkTakano @RepRaulGrijalva https://t.co/Y4a0NhatuM,994234348361707520,231510077,JoaquinCastrotx,2018-05-09T15:15:15.000Z,1.0,1.0,,security and defense,True,1.0,"['relevant', 'relevant']","['A2KLJKDG90K1PP', 'A37WDOIQH6JM6V']"
relevance_tweets17_163,relevant,Encouraged @POTUS is taking action to address the devastating #opioid epidemic &amp; declare a nationwide public health emergency.,923644240021917698,234128524,SenToddYoung,2017-10-26T20:15:21.000Z,1.0,1.0,health and safety,health and safety,True,1.0,"['irrelevant', 'relevant']","['A2Q1YS118AO2BP', 'ACDX50KGPE97I']"
relevance_tweets17_164,relevant,"Next, tax benefits are offered for reinvesting prior gains into Qualified Opportunity Funds. These funds must hold at least 90% of their assets into Opportunity Zone properties – everything from a local startup to an affordable housing project.",992410367249846272,124224165,RepFredUpton,2018-05-04T14:27:24.000Z,1.0,1.0,,economic,True,1.0,"['relevant', 'relevant']","['A2Q1YS118AO2BP', 'A3GUJ6JD25FX7O']"
relevance_tweets17_165,relevant,"Congrats to my good friend, Mike Pompeo! An excellent choice for Secretary of State. Mike understands our role in the international community &amp; will lead us strongly at the @StateDept. https://t.co/ytaz9ISpFG",973565659807404032,219429281,RepKinzinger,2018-03-13T14:25:15.000Z,1.0,1.0,political,political,True,1.0,"['relevant', 'relevant']","['A17D6BK59S31BM', 'A2R2YZTSME1K3F']"
relevance_tweets17_166,relevant,Congrats to #Arizona's @cohootsphx on being named one of the top coworking spaces in the country! https://t.co/bQq15Axsao,869969631959810048,1080844782,SenatorSinema,2017-05-31T17:31:38.000Z,1.0,1.0,other,other,True,1.0,"['irrelevant', 'irrelevant']","['A2R2YZTSME1K3F', 'A37WDOIQH6JM6V']"
relevance_tweets17_167,relevant,"Senate GOP’s tax proposal might be worse than the House version. Same story, different day as it takes money from workers and the middle-class so that wealthier Americans can get a cut. https://t.co/hLafBSv66d",934915945906229250,581141508,RepMarcyKaptur,2017-11-26T22:45:06.000Z,1.0,1.0,economic,policy prescription and evaluation,True,1.0,"['relevant', 'relevant']","['ACDX50KGPE97I', 'ATR6RB1RULOC0']"
relevance_tweets17_168,relevant,"""To sum up five imperative items for #TaxReform: Growth. Postcard. Full expensing. Tax cuts. And repeal Dodd-Frank."" With @taxfoundation https://t.co/6Dq8XhKKdr",908097790361964545,1074480192,SenTedCruz,2017-09-13T22:39:19.000Z,1.0,1.0,economic,economic,True,1.0,"['relevant', 'relevant']","['A2R2YZTSME1K3F', 'A32CMQGGTSUK6Z']"
relevance_tweets17_169,relevant,"Told press we are watching GOP try to jam tax plan through House as they did with #TrumpCare—no hearings, no input from the American people.",925414425762455553,22012091,LeaderHoyer,2017-10-31T17:29:27.000Z,1.0,1.0,political,political,True,1.0,"['relevant', 'relevant']","['A2Q1YS118AO2BP', 'A37WDOIQH6JM6V']"
relevance_tweets17_170,relevant,"My thoughts on #Trumps100Days? 
Boy oh boy. https://t.co/8Zjgm82ecY",858369036261793793,7429102,MarkWarner,2017-04-29T17:15:00.000Z,1.0,1.0,,,True,1.0,"['relevant', 'relevant']","['A2R2YZTSME1K3F', 'ACDX50KGPE97I']"
relevance_tweets17_171,relevant,"We need to restore accountability within the VA. Our country’s veterans deserve the absolute best care possible. We will be working with the VA to see that appropriate changes are made to ensure this doesn't happen again.
https://t.co/lCl6KbQdvp",973629479892348929,252819323,TomReedNY23,2018-03-13T18:38:51.000Z,1.0,1.0,health and safety,health and safety,True,1.0,"['relevant', 'irrelevant']","['A2KLJKDG90K1PP', 'A2Q1YS118AO2BP']"
relevance_tweets17_172,relevant,Many of you have asked how you can help the families being impacted by our government's human rights abuses along the border. Here’s what you can do right now: make a donation to groups providing support to meet the most urgent needs of these families. https://t.co/mycvcyzCfv,1009207219165040640,30354991,KamalaHarris,2018-06-19T22:52:05.000Z,1.0,1.0,health and safety,morality,True,1.0,"['relevant', 'relevant']","['A2Q1YS118AO2BP', 'A32CMQGGTSUK6Z']"
relevance_tweets17_173,relevant,Thanks @Astro_Kate7 for speaking w/students at her Alma mater @VHS_Crusheds about her groundbreaking work on the International Space Station https://t.co/UXnh8STwaN,834180354768502784,303861808,RepThompson,2017-02-21T23:17:49.000Z,1.0,1.0,other,other,True,1.0,"['irrelevant', 'irrelevant']","['A37WDOIQH6JM6V', 'ATR6RB1RULOC0']"
relevance_tweets17_174,relevant,GOP's obsession with attacking #WomensHealth will have devastating consequences for *all* families. #ProtectOurCare https://t.co/t9SQGD5wCnhttps://t.co/fkwOqfY1bD,841294856441982976,2293131060,RepKClark,2017-03-13T14:28:18.000Z,1.0,1.0,health and safety,health and safety,True,1.0,"['irrelevant', 'relevant']","['A2Q1YS118AO2BP', 'ACDX50KGPE97I']"
relevance_tweets17_175,irrelevant,@JTRJules @CoryBooker @SenKamalaHarris Indeed!,950810482373550080,432676344,GKButterfield,2018-01-09T19:24:18.000Z,0.0,0.0,,,True,0.0,"['relevant', 'relevant']","['A17D6BK59S31BM', 'A37WDOIQH6JM6V']"
relevance_tweets17_176,relevant,This weekend’s Red Flag Warning is a good reminder to all of us to develop a plan in the case of wildfire. @CAL_FIRE has developed this helpful graphic with tips on how to prepare and be ready to go in the case of a fire. Click to read more to be #ReadyForWildfire. https://t.co/rL7OUKv8YW,1011360887406333952,303861808,RepThompson,2018-06-25T21:30:00.000Z,1.0,1.0,health and safety,other,True,1.0,"['relevant', 'relevant']","['A17D6BK59S31BM', 'A2Q1YS118AO2BP']"
relevance_tweets17_177,relevant,"#LoveIsLove. And shame on any country, government or president that says otherwise. #IDAHOT https://t.co/QcFaiJ0xaB",864929644629426176,1055907624,joekennedy,2017-05-17T19:44:31.000Z,1.0,1.0,constitutionality and jurisprudence,morality,True,1.0,"['irrelevant', 'relevant']","['A2Q1YS118AO2BP', 'ACDX50KGPE97I']"
relevance_tweets17_178,relevant,"Since the signing of the #ExecutiveOrders and its implementation worldwide, staff members have fielded concerns...",827293258195800066,2968451607,RepBonnie,2017-02-02T23:10:57.000Z,1.0,1.0,policy prescription and evaluation,policy prescription and evaluation,True,1.0,"['irrelevant', 'relevant']","['A2KLJKDG90K1PP', 'A32CMQGGTSUK6Z']"
relevance_tweets17_179,irrelevant,Best of luck to @KUHoops and @KStateMBB as they play in the #Sweet16! #MarchMadness https://t.co/u7OOvl7v9S,976965749922136064,75364211,SenPatRoberts,2018-03-22T23:36:00.000Z,0.0,0.0,,,True,0.0,"['irrelevant', 'irrelevant']","['A3CVY8G619MGTI', 'ACDX50KGPE97I']"
relevance_tweets17_180,relevant,It's unacceptable @DHSgov denied #JonesAct waiver for #PuertoRico. I sent a letter urging the dept to change course. https://t.co/j4oIbNrViX,913026298041262081,19394188,SenJohnMcCain,2017-09-27T13:03:27.000Z,1.0,1.0,economic,policy prescription and evaluation,True,1.0,"['relevant', 'relevant']","['A2R2YZTSME1K3F', 'ACDX50KGPE97I']"
relevance_tweets17_181,relevant,"The president's shameful decision to separate families fleeing violence and seeking asylum is costing the nation tens of millions of dollars that could be better spent on medical research, rural health programs, and other medical priorities.
https://t.co/mT29VV2pLv",1019694193327968263,163570705,repcleaver,2018-07-18T21:23:35.000Z,1.0,1.0,economic,morality,True,1.0,"['relevant', 'relevant']","['A2Q1YS118AO2BP', 'A2R2YZTSME1K3F']"
relevance_tweets17_182,relevant,Thanks to @AmeriCorpsNCCC for their work in #NewMexico restoring the historic site at Fort Bayard &amp; @NFO_NM's Military Family Respite Center,892392237807652864,60828944,SenatorTomUdall,2017-08-01T14:31:03.000Z,1.0,1.0,cultural identity,security and defense,True,1.0,"['irrelevant', 'relevant']","['A2KLJKDG90K1PP', 'A2Q1YS118AO2BP']"
relevance_tweets17_183,relevant,"140 million Americans can get preventive care w/o co-pays, coninsurance, or deductibles thanks to #ACA. #ProtectOurCare",835213712898273280,462143773,RepCicilline,2017-02-24T19:44:01.000Z,1.0,1.0,economic,policy prescription and evaluation,True,1.0,"['relevant', 'relevant']","['A2R2YZTSME1K3F', 'A3CVY8G619MGTI']"
relevance_tweets17_184,relevant,On #PurpleHeartDay we honor those Americans who bravely defended our freedom and liberty.,1026975022802497539,22545491,KenCalvert,2018-08-07T23:35:00.000Z,1.0,1.0,security and defense,security and defense,True,1.0,"['relevant', 'irrelevant']","['A2Q1YS118AO2BP', 'A37WDOIQH6JM6V']"
relevance_tweets17_185,relevant,The first #CongressionalAppChallenge session is ending soon but stop by the second session at 2 p.m. #HouseOfCode,914185330055512065,1061385474,RepLujanGrisham,2017-09-30T17:49:02.000Z,1.0,1.0,,,True,1.0,"['irrelevant', 'relevant']","['A2Q1YS118AO2BP', 'A32CMQGGTSUK6Z']"
relevance_tweets17_186,relevant,Speaking to students last week at the #CherokeeCo Career and Tech School’s Jobs at Graduation (JAG) program during my tour of the facility. #AL03 https://t.co/QhVv9iXE4b,1055885565659205632,33977070,RepMikeRogersAL,2018-10-26T18:15:10.000Z,1.0,1.0,,,True,1.0,"['relevant', 'irrelevant']","['A23WTODPHXZ68Y', 'ATR6RB1RULOC0']"
relevance_tweets17_187,relevant,Hispanic unemployment again hits new record low in July https://t.co/JfSr68hMMs,1025384586010914816,13218102,JohnCornyn,2018-08-03T14:15:10.000Z,1.0,1.0,,,True,1.0,"['irrelevant', 'irrelevant']","['A23WTODPHXZ68Y', 'A2R2YZTSME1K3F']"
relevance_tweets17_188,relevant,This confirms what we already knew. Scott Pruitt is shamefully unfit to protect our air and water. https://t.co/jlqFAZHVIL,834494175462752263,221792092,NitaLowey,2017-02-22T20:04:50.000Z,1.0,1.0,political,capacity and resources,True,1.0,"['relevant', 'relevant']","['A37WDOIQH6JM6V', 'A9K0CV70JWG1W']"
relevance_tweets17_189,relevant,Look forward to joining @POTUS in #SGF tomorrow &amp; working w/him on pro-growth tax policies that will help #MO families &amp; #smallbiz,902675423494107136,21269970,RoyBlunt,2017-08-29T23:32:46.000Z,1.0,1.0,policy prescription and evaluation,economic,True,1.0,"['relevant', 'relevant']","['A2Q1YS118AO2BP', 'A32CMQGGTSUK6Z']"
relevance_tweets17_190,relevant,I'm joining @AGTimFox to hold @Equifax accountable &amp; show folks how to protect themselves if their info was exposed. https://t.co/xBIsovBWYLhttps://t.co/tSfBSE0WRo,911738520947105792,515822213,SenatorTester,2017-09-23T23:46:17.000Z,1.0,1.0,,morality,True,1.0,"['relevant', 'irrelevant']","['A17D6BK59S31BM', 'A32CMQGGTSUK6Z']"
relevance_tweets17_191,relevant,"Congratulations to Ethan Thai, #AZ09 service academy nominee accepted to the @NavalAcademy! https://t.co/0o7uumeXLu",824391408836546560,1080844782,SenatorSinema,2017-01-25T23:00:02.000Z,1.0,1.0,other,other,True,1.0,"['relevant', 'irrelevant']","['A2Q1YS118AO2BP', 'A2R2YZTSME1K3F']"
relevance_tweets17_192,relevant,…and what a school’s graduation rate is for *all* students (including transfers &amp; part-timers) #CollegeByTheNumbers https://t.co/yAsOn4ZiDd,867827472263413760,242555999,SenWhitehouse,2017-05-25T19:39:27.000Z,1.0,1.0,,fairness and equality,True,1.0,"['irrelevant', 'irrelevant']","['A2KLJKDG90K1PP', 'ATR6RB1RULOC0']"
relevance_tweets17_193,relevant,"A date which will live in infamy.
Today, on the 76th anniversary of the #PearlHarbor attack, we remember the 2,403 American service members and civilians killed in a tragedy that spurred a generation of heroes to answer our nation’s call to serve in World War II. https://t.co/RNnfcF7pah",938785853001883649,266133081,SenDeanHeller,2017-12-07T15:02:43.000Z,1.0,1.0,security and defense,security and defense,True,1.0,"['relevant', 'relevant']","['A17D6BK59S31BM', 'A2Q1YS118AO2BP']"
relevance_tweets17_194,relevant,"Senators on both sides of the aisle have a moral obligation to fight for Dreamers as hard as we'd fight for our own families. I have made clear, again and again, that I won’t vote for any long-term spending deal that does not protect them. The same goes for today’s vote.",961642377386627072,72198806,SenGillibrand,2018-02-08T16:46:23.000Z,1.0,1.0,fairness and equality,political,True,1.0,"['relevant', 'relevant']","['A17D6BK59S31BM', 'A2KLJKDG90K1PP']"
relevance_tweets17_195,relevant,#PatientFreedomAct takes the conservative federalist approach needed to create an HC system that works for everyone. https://t.co/xjveiGUt14,826831675099324417,55677432,BillCassidy,2017-02-01T16:36:47.000Z,1.0,1.0,constitutionality and jurisprudence,policy prescription and evaluation,True,1.0,"['relevant', 'relevant']","['A17D6BK59S31BM', 'A3GUJ6JD25FX7O']"
relevance_tweets17_196,relevant,.@espn's new documentary #Crossroads tells the inspiring story of 5 lacrosse players from @MontreatCollege in #NC10. Very cool to learn the story of how these young men fulfilled their dream to play college lacrosse → https://t.co/DlDLHn8Trn,1034511082310828032,27676828,PatrickMcHenry,2018-08-28T18:40:36.000Z,1.0,1.0,other,,True,1.0,"['relevant', 'irrelevant']","['A2Q1YS118AO2BP', 'A3CVY8G619MGTI']"
relevance_tweets17_197,relevant,"POTUS on trade: US will pursue bilateral trade negotiations to promote American industry, protect American workers, and raise American wage",823964565784428544,13218102,JohnCornyn,2017-01-24T18:43:55.000Z,1.0,1.0,economic,economic,True,1.0,"['relevant', 'relevant']","['A23WTODPHXZ68Y', 'A32CMQGGTSUK6Z']"
relevance_tweets17_198,relevant,Enthusiastically pledged to do whatever I can to #EndGunViolence #marchforourlives #baltimore w/ @RepSarbanes + other elected officials https://t.co/yKqSC220zt,977564439607201793,305620929,Call_Me_Dutch,2018-03-24T15:14:59.000Z,1.0,1.0,health and safety,health and safety,True,1.0,"['irrelevant', 'relevant']","['A2Q1YS118AO2BP', 'ACDX50KGPE97I']"
relevance_tweets17_199,relevant,"We must do more to crack down on human trafficking. Earlier this year, my amendment to curb human trafficking via air travel was adopted by @Transport @TransportDems. This week, we approved two more bills to better prevent human trafficking on our roads, too. https://t.co/yIS8psm74Q",937417454321590272,1243902714,RepBrownley,2017-12-03T20:25:12.000Z,1.0,1.0,policy prescription and evaluation,policy prescription and evaluation,True,1.0,"['relevant', 'relevant']","['A32CMQGGTSUK6Z', 'A3GUJ6JD25FX7O']"
relevance_tweets17_200,relevant,@MarcellSaladin @GlblCtzn I was proud to vote YES on the #FarmBill that secured funding for #SNAP without increased work requirements. I will cont to fight for this incredibly impt safety net program.,1078384242080575489,258900199,RepMaloney,2018-12-27T20:16:53.000Z,1.0,1.0,policy prescription and evaluation,economic,True,1.0,"['relevant', 'relevant']","['A17D6BK59S31BM', 'A32CMQGGTSUK6Z']"
relevance_tweets17_201,relevant,"#WrongChoiceAct = Good for #WallStreet, bad for the American people.",872197034828333056,28602948,RepRaulGrijalva,2017-06-06T21:02:32.000Z,1.0,1.0,constitutionality and jurisprudence,policy prescription and evaluation,True,1.0,"['relevant', 'relevant']","['A17D6BK59S31BM', 'ATR6RB1RULOC0']"
relevance_tweets17_202,relevant,This wknd I joined officials at @icirr summit to discuss Dems' work to combat Trump's #immigration orders &amp; protect #immigrants everywhere https://t.co/f1Gpvn1Ebx,838942555505115138,56864092,RepMikeQuigley,2017-03-07T02:41:06.000Z,1.0,1.0,other,political,True,1.0,"['relevant', 'relevant']","['A17D6BK59S31BM', 'A2R2YZTSME1K3F']"
relevance_tweets17_203,relevant,I’m thankful republicans not yet able to tax graduate stipend as income! Making education unaffordable is bad for America &amp; terrible for grad students.,933764277957115905,15954997,repblumenauer,2017-11-23T18:28:47.000Z,1.0,1.0,economic,political,True,1.0,"['relevant', 'relevant']","['A17D6BK59S31BM', 'A37WDOIQH6JM6V']"
relevance_tweets17_204,relevant,These young people looked into the face of an AR-15 in Florida and they are determined to change what is happening. They are brave and I am proud of them.,969323006551093250,88806753,RepGaramendi,2018-03-01T21:26:28.000Z,1.0,1.0,other,,True,1.0,"['irrelevant', 'relevant']","['A23WTODPHXZ68Y', 'ACDX50KGPE97I']"
relevance_tweets17_205,relevant,"Today @AdyBarkan shared the dangerous impact of the #GOPTaxScam on his family. Ady has ALS — the last thing he should have to worry about is Congress standing in the way of his health care. 
It's disgraceful that @HouseGOP is voting to sabotage the health care of 13 million ppl. https://t.co/dwmq1Q3wJe",943172526372421634,248735463,RepBarbaraLee,2017-12-19T17:33:48.000Z,1.0,1.0,"law and order, crime and justice",health and safety,True,1.0,"['relevant', 'relevant']","['A2Q1YS118AO2BP', 'ACDX50KGPE97I']"
relevance_tweets17_206,relevant,.@SecretaryCarson doesn’t understand how difficult it is for low-income families struggling to keep roofs over their heads. Asking Congress to triple the rent on our nation’s poorest is no way to help them get back on their feet &amp; access jobs &amp; opportunity.https://t.co/bsRCPoX98d,989294515109466114,22012091,LeaderHoyer,2018-04-26T00:06:07.000Z,1.0,1.0,economic,economic,True,1.0,"['relevant', 'relevant']","['A2KLJKDG90K1PP', 'ATR6RB1RULOC0']"
relevance_tweets17_207,relevant,We've waited a long time for a president who would get behind commonsense legislation like this.… https://t.co/k9DWchbenB,908432472165289984,235251868,govkristinoem,2017-09-14T20:49:13.000Z,1.0,1.0,political,policy prescription and evaluation,True,1.0,"['relevant', 'relevant']","['A2R2YZTSME1K3F', 'ACDX50KGPE97I']"
relevance_tweets17_208,relevant,"One of my Democrat colleagues has urged people to, “get up in the face of some Congresspeople.” 
Others want to see “uprisings” &amp; have encouraged harassment.
This is unacceptable rhetoric for members of Congress.
They’ve crossed a line. They’re inciting dangerous behavior. https://t.co/0AVHtGLOZW",1047667196648980480,2863210809,sendavidperdue,2018-10-04T01:58:19.000Z,1.0,1.0,political,security and defense,True,1.0,"['relevant', 'relevant']","['A2KLJKDG90K1PP', 'A2R2YZTSME1K3F']"
relevance_tweets17_209,relevant,"With Justice Kennedy’s looming retirement, hard-fought constitutional rights hang in the balance now, more than ever. The American people deserve this basic measure of transparency from our nation’s highest court, whose decisions have a profound impact on their lives. #SCOTUS",1013802407652929537,242836537,SenatorLeahy,2018-07-02T15:11:44.000Z,1.0,1.0,constitutionality and jurisprudence,constitutionality and jurisprudence,True,1.0,"['relevant', 'relevant']","['A23WTODPHXZ68Y', 'A2Q1YS118AO2BP']"
relevance_tweets17_210,relevant,September is #SuicidePrevention Awareness Month &amp; time to shed light on this highly stigmatized public health crisis https://t.co/Zlo3YpXtL4,905856821847613440,14984637,chelliepingree,2017-09-07T18:14:30.000Z,1.0,1.0,political,health and safety,True,1.0,"['irrelevant', 'irrelevant']","['A2Q1YS118AO2BP', 'A2R2YZTSME1K3F']"
relevance_tweets17_211,relevant,Do you know a North Carolina student or recent graduate who may be interested in interning in my office? Applications are now being accepted for summer 2018 internships. Deadline to apply is April 13. Details: https://t.co/pugmjrcUM8https://t.co/ENSGVBn8DO,975744970509438982,432676344,GKButterfield,2018-03-19T14:45:04.000Z,1.0,1.0,other,,True,1.0,"['relevant', 'relevant']","['A2Q1YS118AO2BP', 'A2R2YZTSME1K3F']"
relevance_tweets17_212,relevant,"Today’s passage of the NDAA is an important step toward rebuilding our military, providing for our servicemembers, and countering the influence of Russia, China, N. Korea, and Iran. 
This funding is sorely needed, and I urge its swift passage in the Senate. https://t.co/XnDgqWKInJ",999747469461291009,518644221,RepBradWenstrup,2018-05-24T20:22:25.000Z,1.0,1.0,policy prescription and evaluation,security and defense,True,1.0,"['relevant', 'relevant']","['ACDX50KGPE97I', 'ATR6RB1RULOC0']"
relevance_tweets17_213,relevant,"@AppropsDems @EPAScottPruitt Because of @EPAScottPruitt’s policies, @realDonaldTrump’s first year in office has damaged our environment, public health &amp; natural resources. But that is not my only concern with your performance as EPA Administrator. #PollutingPruitt",989569840271757312,516880804,BettyMcCollum04,2018-04-26T18:20:09.000Z,1.0,1.0,political,policy prescription and evaluation,True,1.0,"['relevant', 'irrelevant']","['A2KLJKDG90K1PP', 'A2Q1YS118AO2BP']"
relevance_tweets17_214,relevant,The #GOPTaxScam leaves small businesses and homeowners behind to give tax cuts to the wealthiest Americans &amp; corporations. https://t.co/rxFh0edokjhttps://t.co/Lhm6feKZrQ,928710956766646272,22012091,LeaderHoyer,2017-11-09T19:48:41.000Z,1.0,1.0,political,economic,True,1.0,"['irrelevant', 'relevant']","['A2Q1YS118AO2BP', 'A32CMQGGTSUK6Z']"
relevance_tweets17_215,relevant,Nonpartisan #CBO just confirmed what @GOP tried to hide: #Trumpcare cuts #Medicaid by more than a third. https://t.co/i5BnnoLioz,880779400073138177,164007407,RepEliotEngel,2017-06-30T13:25:47.000Z,1.0,1.0,economic,health and safety,True,1.0,"['relevant', 'relevant']","['A2Q1YS118AO2BP', 'A2R2YZTSME1K3F']"
relevance_tweets17_216,relevant,"I join in thanking my friend Mo Gilman for her years of service to @NTEUNews, federal employees, and our nation. https://t.co/TRUqaHvuTX",847203427251818497,22012091,LeaderHoyer,2017-03-29T21:46:51.000Z,1.0,1.0,other,,True,1.0,"['irrelevant', 'irrelevant']","['A37WDOIQH6JM6V', 'ATR6RB1RULOC0']"
relevance_tweets17_217,relevant,"A family man, decorated World War II veteran and courageous pilot, he devoted his public life to our nation with honor and grace. Hailing from the privileged Ivy League class, he never exempted himself from duty’s call. (2/4)",1068876670046748674,581141508,RepMarcyKaptur,2018-12-01T14:37:11.000Z,1.0,1.0,security and defense,security and defense,True,1.0,"['irrelevant', 'irrelevant']","['A37WDOIQH6JM6V', 'ACDX50KGPE97I']"
relevance_tweets17_218,relevant,"@1badhawg @NRA @GunOwners We disagree, but I’m curious: do you think 18-year-olds should vote?  Should they be required to register for the draft?",969399790957137921,975200486,RepThomasMassie,2018-03-02T02:31:35.000Z,1.0,1.0,other,,True,1.0,"['irrelevant', 'relevant']","['A23WTODPHXZ68Y', 'A2R2YZTSME1K3F']"
relevance_tweets17_219,relevant,The American people deserve government transparency. How can we provide that if #Trumpcare continues to be secret?,877702700607164416,463132556,RepJaredPolis,2017-06-22T01:40:05.000Z,1.0,1.0,fairness and equality,policy prescription and evaluation,True,1.0,"['relevant', 'relevant']","['A17D6BK59S31BM', 'ATR6RB1RULOC0']"
relevance_tweets17_220,relevant,The values of the Trump budget are as out of whack as the budget deficits he is driving up. https://t.co/L5NGdWh0V3,963122476539695104,25781141,repsandylevin,2018-02-12T18:47:47.000Z,1.0,1.0,economic,policy prescription and evaluation,True,1.0,"['relevant', 'relevant']","['A2KLJKDG90K1PP', 'ATR6RB1RULOC0']"
relevance_tweets17_221,relevant,"On #WorldPressFreedomDay, we celebrate the free press, the 1st Amendment, &amp; the values we hold dear as a democratic society. We look to hardworking journalists to uncover the truth and strengthen our understanding of what’s happening in our country and all across the world.",992129885542985731,126171100,RepSheaPorter,2018-05-03T19:52:52.000Z,1.0,1.0,constitutionality and jurisprudence,constitutionality and jurisprudence,True,1.0,"['irrelevant', 'relevant']","['A9K0CV70JWG1W', 'ACDX50KGPE97I']"
relevance_tweets17_222,relevant,Toured the new @VirginiaGarcia clinic today in Beaverton. Incredibly impressive site that provides quality health care for so many in Washington County. https://t.co/3KXkVtVHq4,1057408490702962688,250188760,RonWyden,2018-10-30T23:06:44.000Z,1.0,1.0,health and safety,health and safety,True,1.0,"['relevant', 'relevant']","['A2Q1YS118AO2BP', 'A3GUJ6JD25FX7O']"
relevance_tweets17_223,relevant,Navigating the federal bureaucracy isn’t easy – so we often intervene on constituents' behalf to find solutions or cut through red tape. Stop by for monthly office hours in #KeyLargo for assistance. https://t.co/wOjcK2QhxM,984165440216760322,2853309155,carloslcurbelo,2018-04-11T20:25:00.000Z,1.0,1.0,quality of life,political,True,1.0,"['relevant', 'relevant']","['A23WTODPHXZ68Y', 'ACDX50KGPE97I']"
relevance_tweets17_224,relevant,"This #VeteransDay marks 100 years since the end of WWI. Over 122,000 Wisconsinites served our country bravely in that war and nearly 4,000 lost their lives. We will never forget the sacrifice they made to defend the freedoms we all cherish.",1061663423946256384,1074518754,SenatorBaldwin,2018-11-11T16:54:19.000Z,1.0,1.0,security and defense,security and defense,True,1.0,"['irrelevant', 'irrelevant']","['A2Q1YS118AO2BP', 'ATR6RB1RULOC0']"
relevance_tweets17_225,relevant,Stopped by Mr. Guerrette’s class at Presque Isle Middle School to congratulate him on being named Aroostook County’s Teacher of the Year! https://t.co/ggu62p23lJ,994984211466588160,1068481578,SenAngusKing,2018-05-11T16:54:56.000Z,1.0,1.0,other,other,True,1.0,"['relevant', 'irrelevant']","['A2Q1YS118AO2BP', 'A2R2YZTSME1K3F']"
relevance_tweets17_226,relevant,"As a result of these rising costs, many families have opted to go uninsured, rather than pay for these skyrocketing costs.",816736098336591876,2914515430,RepTomEmmer,2017-01-04T20:00:34.000Z,1.0,1.0,economic,economic,True,1.0,"['relevant', 'relevant']","['A2R2YZTSME1K3F', 'A3GUJ6JD25FX7O']"
relevance_tweets17_227,relevant,House Republicans reassured people that they wouldn’t “pull the rug out” from anyone when it came to health care. https://t.co/7ldD9TZrNo,839241003420770304,293131808,PattyMurray,2017-03-07T22:27:02.000Z,1.0,1.0,political,health and safety,True,1.0,"['irrelevant', 'relevant']","['A2Q1YS118AO2BP', 'A3CVY8G619MGTI']"
relevance_tweets17_228,relevant,"Because of #tax reform, companies like Starbucks, Walmart, Dollar Tree, Lowe’s, CVS, and many more businesses have expanded their paid maternity and parental leave benefits. https://t.co/ZZ81OWo2c4",992541884114522113,17976923,cathymcmorris,2018-05-04T23:10:00.000Z,1.0,1.0,economic,policy prescription and evaluation,True,1.0,"['relevant', 'relevant']","['A23WTODPHXZ68Y', 'A32CMQGGTSUK6Z']"
relevance_tweets17_229,relevant,@repcleaver with @kcpublicschools discussing the need for mentors for students. “People can touch children and impact them for life” https://t.co/EzLuwCG3ME,1042929559891599360,163570705,repcleaver,2018-09-21T00:12:38.000Z,1.0,1.0,quality of life,health and safety,True,1.0,"['relevant', 'relevant']","['A17D6BK59S31BM', 'A2R2YZTSME1K3F']"
relevance_tweets17_230,relevant,"In Tennessee, music is not just a business, but a way of life. I'm pleased to see @realDonaldTrump sign the #MusicModernizationAct into law today to ensure hardworking artists, songwriters, and publishers receive fair compensation for their work. #StandWithSongwriters",1050434898014728192,110545675,RepDianeBlack,2018-10-11T17:16:10.000Z,1.0,1.0,constitutionality and jurisprudence,fairness and equality,True,1.0,"['relevant', 'relevant']","['A17D6BK59S31BM', 'ATR6RB1RULOC0']"
relevance_tweets17_231,relevant,"Congress is taking another important step today to secure America’s leadership in space.  As I wrote for @SpaceNews_Inc in December, the American Space Commerce Free Enterprise Act declares America open for space business. https://t.co/xPK5WHeHDG",988828056172326912,2929491549,RepBrianBabin,2018-04-24T17:12:34.000Z,1.0,1.0,policy prescription and evaluation,policy prescription and evaluation,True,1.0,"['relevant', 'relevant']","['A2R2YZTSME1K3F', 'A32CMQGGTSUK6Z']"
relevance_tweets17_232,relevant,RT if you agree → It's time to rebuild our partnership with #Israel and reaffirm our commitment to her security. https://t.co/Zp7iSVmWAJ,817137597969469441,18916432,SpeakerRyan,2017-01-05T22:35:59.000Z,1.0,1.0,external regulation and reputation,external regulation and reputation,True,1.0,"['relevant', 'relevant']","['A17D6BK59S31BM', 'A32CMQGGTSUK6Z']"
relevance_tweets17_233,relevant,".@realDonaldTrump's years of perpetrating a ""a shocking pattern of illegality” at the Trump Foundation finally caught up w/ him. I think there’s an echo of that shocking pattern of illegality at Trump properties in New York, Panama, &amp; Canada. https://t.co/ux2T09Kqj8",1075078049425694722,24913074,RepSpeier,2018-12-18T17:19:15.000Z,1.0,1.0,"law and order, crime and justice","law and order, crime and justice",True,1.0,"['relevant', 'relevant']","['A17D6BK59S31BM', 'A2KLJKDG90K1PP']"
relevance_tweets17_234,relevant,I'm formally requesting that @GOPoversight open an investigation into @realDonaldTrump's hush agreement with Stormy Daniels. Americans deserve to know if the President violated federal campaign finance law to silence an adult film actress with whom he had an extramarital affair. https://t.co/zqVRzCAyn8,978320237765496833,516880804,BettyMcCollum04,2018-03-26T17:18:15.000Z,1.0,1.0,"law and order, crime and justice","law and order, crime and justice",True,1.0,"['relevant', 'relevant']","['A2Q1YS118AO2BP', 'A2R2YZTSME1K3F']"
relevance_tweets17_235,relevant,We’re on the verge of a historic election of women. We’re responding to a president who doesn’t value us. We’ve been building up to this since women dedicated a Saturday to march. And those same women are now helping elect other women or running for office. Change is coming.,1039846086033256448,72198806,SenGillibrand,2018-09-12T12:00:00.000Z,1.0,1.0,political,fairness and equality,True,1.0,"['relevant', 'relevant']","['A2R2YZTSME1K3F', 'A37WDOIQH6JM6V']"
relevance_tweets17_236,relevant,"#CA52 received the second highest @NIH funding of all California districts, according to a new @CALifeSciences report. It's a testament to our top research institutions and the groundbreaking discoveries produced by our innovation ecosystem. 
https://t.co/B2tHDjtGV3",1067494767817383936,1135486501,RepScottPeters,2018-11-27T19:06:00.000Z,1.0,1.0,quality of life,other,True,1.0,"['relevant', 'relevant']","['A2KLJKDG90K1PP', 'A32CMQGGTSUK6Z']"
relevance_tweets17_237,relevant,Because of those who gave their all we are able to pursue the American dream. Let us remember &amp; honor them. https://t.co/XfGhSYNeyE,869221546048368640,291756142,SenatorEnzi,2017-05-29T15:59:00.000Z,1.0,1.0,morality,security and defense,True,1.0,"['irrelevant', 'irrelevant']","['A23WTODPHXZ68Y', 'A2Q1YS118AO2BP']"
relevance_tweets17_238,relevant,"Military service has and should always be an honorable path toward citizenship in this country. In order to protect veterans and active duty service members from deportation, I intro'd two amendments to the 2019 NDAA. 3/5",1000068586503884801,1074129612,RepVeasey,2018-05-25T17:38:26.000Z,1.0,1.0,security and defense,security and defense,True,1.0,"['relevant', 'relevant']","['A17D6BK59S31BM', 'A38DC3BG1ZCVZ2']"
relevance_tweets17_239,relevant,I welcomed a group of seniors from @GulfShoresHS to the U.S. Capitol today. They are in D.C. for a nationwide conference targeting underage drinking and substance abuse. https://t.co/GlZi40TY2a,961025357091672065,2253968388,RepByrne,2018-02-06T23:54:34.000Z,1.0,1.0,,health and safety,True,1.0,"['relevant', 'irrelevant']","['A17D6BK59S31BM', 'A2R2YZTSME1K3F']"
relevance_tweets17_240,relevant,"""When I became a judge, they gave me a gavel not a rubber stamp."" -Judge Gorsuch. 
#GorsuchFacts #utpol #tcot #GorsuchHearing https://t.co/qCCmg9A8v2",844204398637125633,262756641,senorrinhatch,2017-03-21T15:09:47.000Z,1.0,1.0,political,,True,1.0,"['relevant', 'relevant']","['A17D6BK59S31BM', 'A32CMQGGTSUK6Z']"
relevance_tweets17_241,relevant,@SenJohnMcCain is an American hero and my thoughts are with him and his family during this difficult time,887857774566178816,976969338,RepDaveJoyce,2017-07-20T02:12:43.000Z,1.0,1.0,political,other,True,1.0,"['relevant', 'relevant']","['A2KLJKDG90K1PP', 'A37WDOIQH6JM6V']"
relevance_tweets17_242,relevant,"Colorado plays a big role in American space exploration. On Saturday, @NASAInSight launched on a @ulalaunch #AtlasV rocket, beginning a mission that will explore the interior of Mars.  https://t.co/3enxg5IH3a",993615940448333825,2862577383,RepKenBuck,2018-05-07T22:17:55.000Z,1.0,1.0,capacity and resources,,True,1.0,"['relevant', 'irrelevant']","['A23WTODPHXZ68Y', 'A2KLJKDG90K1PP']"
relevance_tweets17_243,relevant,"With healthcare, we saw what happens when you try to force through partisan backroom deals. The GOP shouldn't make the same mistake again.",926232355857223681,7429102,MarkWarner,2017-11-02T23:39:36.000Z,1.0,1.0,political,political,True,1.0,"['relevant', 'relevant']","['A2Q1YS118AO2BP', 'ACDX50KGPE97I']"
relevance_tweets17_244,relevant,"Trump said reporters are “the enemy of the people.” That is only true if “the people” in question are corrupt officials.

Our minority opposition, our organizational groundwork, our grassroots activism all depends on a free press.

It has never been more important than now. 5/5",1015007203948982272,2962868158,RepDonBeyer,2018-07-05T22:59:10.000Z,1.0,1.0,constitutionality and jurisprudence,other,True,1.0,"['relevant', 'relevant']","['A2Q1YS118AO2BP', 'ATR6RB1RULOC0']"
relevance_tweets17_245,relevant,"#AffordableHousing should not come down to winning a lottery. But it does when over 2,000 applied for 108 affordable units in #Seattle",831258901383254016,117501995,SenatorCantwell,2017-02-13T21:49:00.000Z,1.0,1.0,economic,economic,True,1.0,"['relevant', 'relevant']","['A17D6BK59S31BM', 'ACDX50KGPE97I']"
relevance_tweets17_246,relevant,@realDonaldTrump .@realDonaldTrump it’s good you’ll finally designate the #OpioidCrisis a national emergency but you also need to lower the price of Naloxone https://t.co/VZJ50sORTC,920748605614501888,787373558,RepCummings,2017-10-18T20:29:08.000Z,1.0,1.0,health and safety,policy prescription and evaluation,True,1.0,"['relevant', 'relevant']","['A17D6BK59S31BM', 'A2R2YZTSME1K3F']"
relevance_tweets17_247,relevant,"#BetterOffNow is answering the question that many Americans have every day: am I better off? We’re here to say: Yes, look at the numbers. You are better off today than you were two years ago when we put together the Better Way agenda. https://t.co/wJUqP5IW36",1020311616724897792,17976923,cathymcmorris,2018-07-20T14:17:00.000Z,1.0,1.0,economic,policy prescription and evaluation,True,1.0,"['relevant', 'relevant']","['A17D6BK59S31BM', 'A3GUJ6JD25FX7O']"
relevance_tweets17_248,relevant,Estimated 25% of all women will experience domestic violence in their lives - and pets are often source of much needed comfort &amp; support.,922848548898660352,74508260,BillPascrell,2017-10-24T15:33:34.000Z,1.0,1.0,health and safety,health and safety,True,1.0,"['irrelevant', 'irrelevant']","['A17D6BK59S31BM', 'A32CMQGGTSUK6Z']"
relevance_tweets17_249,relevant,Small businesses should be able to band together to offer better care at lower costs for their workers. https://t.co/QKq1teD10Xhttps://t.co/94HPQSUn4q,844658137483411456,237862972,RepWalberg,2017-03-22T21:12:47.000Z,1.0,1.0,economic,economic,True,1.0,"['relevant', 'relevant']","['A2Q1YS118AO2BP', 'ACDX50KGPE97I']"
relevance_tweets17_250,relevant,"Today, I met with my friend @JorgeMendozaGza to talk about our efforts to continue building bridges between the US and Mexico https://t.co/ufUrmKylws",1005614414446366723,210926192,RepCuellar,2018-06-10T00:55:34.000Z,1.0,1.0,external regulation and reputation,external regulation and reputation,True,1.0,"['relevant', 'relevant']","['A2Q1YS118AO2BP', 'ACDX50KGPE97I']"
relevance_tweets17_251,relevant,"@VP ""Scott Pruitt, Trump’s E.P.A. Pick, Backed Industry Donors Over Regulators"" #ForSomeReason https://t.co/DemyciAPQp",870704037372375040,2962868158,RepDonBeyer,2017-06-02T18:09:54.000Z,1.0,1.0,policy prescription and evaluation,,True,1.0,"['relevant', 'relevant']","['A17D6BK59S31BM', 'A37WDOIQH6JM6V']"
relevance_tweets17_252,relevant,"Our schools should be sanctuaries and places of learning. Santa Fe had an active-shooter plan and armed resource officers, but a shooter was still able to kill eight students and two teachers. The best way to make our schools safe is to strengthen our gun safety laws.",998705749516849158,476256944,SenFeinstein,2018-05-21T23:23:00.000Z,1.0,1.0,health and safety,health and safety,True,1.0,"['relevant', 'relevant']","['A2R2YZTSME1K3F', 'A37WDOIQH6JM6V']"
relevance_tweets17_253,relevant,"This week, @RepRickCrawford and I introduced the bipartisan “Century Farms Act"" -- to recognize and celebrate American farms that have been in continuous operation for 100 years! https://t.co/0Kk7YCOXK6",944259754184138752,1055685948,USRepRickNolan,2017-12-22T17:34:03.000Z,1.0,1.0,policy prescription and evaluation,policy prescription and evaluation,True,1.0,"['relevant', 'relevant']","['A23WTODPHXZ68Y', 'ACDX50KGPE97I']"
relevance_tweets17_254,relevant,Two massacres in one week is a lot to go through. #SB51 #BowlingGreenMassacre #HoustonMassacre,828422727266553856,942156122,RepSwalwell,2017-02-06T01:59:04.000Z,1.0,1.0,other,,True,1.0,"['relevant', 'irrelevant']","['A2Q1YS118AO2BP', 'A38DC3BG1ZCVZ2']"
relevance_tweets17_255,relevant,Govt has a positive role to play in incubating new technologies. Federal investment in wind/solar are paying off.,876961072720355329,78445977,GerryConnolly,2017-06-20T00:33:07.000Z,1.0,1.0,other,policy prescription and evaluation,True,1.0,"['relevant', 'relevant']","['A38DC3BG1ZCVZ2', 'A3CVY8G619MGTI']"
relevance_tweets17_256,relevant,"WATCH LIVE: I'm questioning Secretary Pompeo in the Foreign Relations Committee. Last week, @POTUS shunned our allies, stood next to Putin and refused to defend the integrity of American democracy. Millions of Americans want to know why. https://t.co/lAl2jNY246",1022220103390298114,60828944,SenatorTomUdall,2018-07-25T20:40:39.000Z,1.0,1.0,external regulation and reputation,public opinion,True,1.0,"['relevant', 'relevant']","['A23WTODPHXZ68Y', 'A3CVY8G619MGTI']"
relevance_tweets17_257,relevant,"Once again, millions of families are watching Congress—wondering why there isn’t one more Republican who will stand up for them. #TitleX",847523812044394497,293131808,PattyMurray,2017-03-30T18:59:57.000Z,1.0,1.0,other,political,True,1.0,"['relevant', 'relevant']","['A17D6BK59S31BM', 'ACDX50KGPE97I']"
relevance_tweets17_258,relevant,"GOP #broadbandprivacy repeal worse than you thought; it also means govt will have greater access to your online data
https://t.co/FJAldAZ00T",848250530438631424,39249305,USRepMikeDoyle,2017-04-01T19:07:40.000Z,1.0,1.0,policy prescription and evaluation,quality of life,True,1.0,"['relevant', 'relevant']","['A2KLJKDG90K1PP', 'A32CMQGGTSUK6Z']"
relevance_tweets17_259,relevant,I will be joining @KOANewsRadio today at 6:40MT to discuss #NorthKoreaMissile threat and my recent trip to the region. Looking forward to having you tune in,935862676827369473,19407835,RepMikeCoffman,2017-11-29T13:27:04.000Z,1.0,1.0,security and defense,external regulation and reputation,True,1.0,"['relevant', 'relevant']","['A3CVY8G619MGTI', 'ATR6RB1RULOC0']"
relevance_tweets17_260,relevant,Thank you @WarrenDavidson for co-signing my letter outlining shared pro-life priorities for Congress and Pres Trump: https://t.co/20jNy1MSYd,825387965224333312,950328072,RepPittenger,2017-01-28T17:00:00.000Z,1.0,1.0,policy prescription and evaluation,health and safety,True,1.0,"['relevant', 'relevant']","['A2R2YZTSME1K3F', 'ACDX50KGPE97I']"
relevance_tweets17_261,relevant,Closing American doors to our world’s most vulnerable will not mark a proud moment in this country’s history. #MuslimBan,838848900580573184,1055907624,joekennedy,2017-03-06T20:28:57.000Z,1.0,1.0,security and defense,morality,True,1.0,"['relevant', 'relevant']","['A2Q1YS118AO2BP', 'A32CMQGGTSUK6Z']"
relevance_tweets17_262,relevant,"@tragedythyme @SenateGOP @DavidYankovich @AynRandPaulRyan @PattyArquette @MattAsherS @CaptainsLog2017 @GeorgeTakei @BlkMenForBernie @SenCapito @SenatorCollins @SenCoryGardner @SenDeanHeller @lisamurkowski @morethanmySLE @MarkRuffalo @senrobportman Thank you for sharing your and Miles' story. I will continue to fight this disastrous bill &amp; for you, Miles and your family.",886958264298205184,258900199,RepMaloney,2017-07-17T14:38:23.000Z,1.0,1.0,constitutionality and jurisprudence,policy prescription and evaluation,True,1.0,"['irrelevant', 'relevant']","['A2Q1YS118AO2BP', 'A38DC3BG1ZCVZ2']"
relevance_tweets17_263,relevant,More false claims from Democrats about the Tax Cuts and Jobs Act debunked by the @WashingtonPost https://t.co/jiUFedRmrH. Don’t believe the lies. This is a tax cut for middle-class Californians and a major boost for our economy.,938509604408971272,22545491,KenCalvert,2017-12-06T20:45:01.000Z,1.0,1.0,political,economic,True,1.0,"['relevant', 'relevant']","['A23WTODPHXZ68Y', 'A2Q1YS118AO2BP']"
relevance_tweets17_264,relevant,"Bill funding key #MO priorities, eliminating dozens of ineffective/duplicative programs is on its way to the WH https://t.co/4llVy5KpHU",860226550456872966,21269970,RoyBlunt,2017-05-04T20:16:06.000Z,1.0,1.0,constitutionality and jurisprudence,,True,1.0,"['relevant', 'relevant']","['A2KLJKDG90K1PP', 'A2Q1YS118AO2BP']"
relevance_tweets17_265,relevant,Planning a trip to D.C. this spring? Contact my office for tours and tickets to @WhiteHouse &amp; @USCapitol. More info: https://t.co/BxCTrSmaJo,821835809309343744,2962813893,RepStefanik,2017-01-18T21:45:00.000Z,1.0,1.0,other,,True,1.0,"['relevant', 'relevant']","['A17D6BK59S31BM', 'ATR6RB1RULOC0']"
relevance_tweets17_266,relevant,Now meeting with @WAHospitals to hear how changes to the #AffordableCareAct will affect member organizations &amp; patients. #CoverageMatters,821790516304085000,404132211,RepRickLarsen,2017-01-18T18:45:01.000Z,1.0,1.0,,health and safety,True,1.0,"['relevant', 'relevant']","['A2Q1YS118AO2BP', 'ATR6RB1RULOC0']"
relevance_tweets17_267,relevant,"Yesterday, I was honored to join the opening of eastern CT’s 1st Women's Business Development Council center in southeastern Connecticut. The new center is supported by a $75,000 federal grant from the Small Business Administration that I strongly advocated for on WBDC’s behalf. https://t.co/tbCZq2Qyhw",1027667825257799683,85396297,RepJoeCourtney,2018-08-09T21:27:57.000Z,1.0,1.0,political,other,True,1.0,"['irrelevant', 'relevant']","['A2Q1YS118AO2BP', 'A2R2YZTSME1K3F']"
relevance_tweets17_268,relevant,"On #MemorialDay, please take the time to show respect and honor the brave men and women who gave their lives to defend our nation. As you spend the day with family and friends, remember our soldiers who sacrificed everything to protect our way of life. https://t.co/4NW9TinCjc",1001199038430035968,235373000,RepHanabusa,2018-05-28T20:30:26.000Z,1.0,1.0,morality,security and defense,True,1.0,"['relevant', 'irrelevant']","['A2Q1YS118AO2BP', 'A32CMQGGTSUK6Z']"
relevance_tweets17_269,relevant,The #Olympics are a time to celebrate. But it’s also a reminder that young men and women in amateur athletics are not immune to the problem of sexual abuse. More must be done to protect these young athletes. https://t.co/5SYOrLJ13O,963154434900426753,37920978,RepGoodlatte,2018-02-12T20:54:46.000Z,1.0,1.0,health and safety,policy prescription and evaluation,True,1.0,"['relevant', 'irrelevant']","['A32CMQGGTSUK6Z', 'ATR6RB1RULOC0']"
relevance_tweets17_270,relevant,"#TheTruthIs, @realDonaldTrump wants to divide and conquer the American people. We will not surrender to him! @nytimes #BrooklynResists",836004653548589056,240812994,RepYvetteClarke,2017-02-27T00:06:56.000Z,1.0,1.0,public opinion,political,True,1.0,"['relevant', 'relevant']","['A2R2YZTSME1K3F', 'A37WDOIQH6JM6V']"
relevance_tweets17_271,relevant,I'm live with @TheDailyCaller as the House prepares to pass the Tax Cuts &amp; Jobs Act! https://t.co/nyTHUa1me4,943178236309245958,17976923,cathymcmorris,2017-12-19T17:56:29.000Z,1.0,1.0,economic,,True,1.0,"['relevant', 'relevant']","['A23WTODPHXZ68Y', 'A2KLJKDG90K1PP']"
relevance_tweets17_272,relevant,"Today in #BlackHistoryMonth I am honoring Birmingham native @CondoleezzaRice. In 2005, Rice was appointed as the first African American Woman Secretary of State. Also an educator, an avid pianist and figure skater, Condoleezza Rice is truly a renaissance woman. https://t.co/xJMKuhzbUF",968506851976536064,381152398,RepTerriSewell,2018-02-27T15:23:22.000Z,1.0,1.0,cultural identity,cultural identity,True,1.0,"['relevant', 'irrelevant']","['A2R2YZTSME1K3F', 'ACDX50KGPE97I']"
relevance_tweets17_273,relevant,".@diapernetwork @jgoldblum Last year, I worked with @keithellison, @SenBobCasey, and other members to intro Hygiene Assistance for Families of Infants &amp; Toddlers Act.",862710975258124288,171968009,SenFranken,2017-05-11T16:48:19.000Z,1.0,1.0,policy prescription and evaluation,,True,1.0,"['relevant', 'relevant']","['A32CMQGGTSUK6Z', 'ATR6RB1RULOC0']"
relevance_tweets17_274,relevant,"Playbook: ""The Senate Judiciary Committee confirmation hearings start next week, and Democrats have not really been able to lay a glove on Trump's second nominee for the Supreme Court.""@playbookplus",1034772901839478789,13218102,JohnCornyn,2018-08-29T12:00:59.000Z,1.0,1.0,political,political,True,1.0,"['relevant', 'relevant']","['A17D6BK59S31BM', 'A3CVY8G619MGTI']"
relevance_tweets17_275,relevant,"Using individuals’ private data against their will or without their knowledge is unacceptable. I will be working my colleagues in Congress to get to the bottom of this. In the meantime, click below to learn how to protect your personal information. 
https://t.co/nw9sUe0MsA",976164974623158272,20552026,RepPerlmutter,2018-03-20T18:34:00.000Z,1.0,1.0,other,quality of life,True,1.0,"['relevant', 'relevant']","['A17D6BK59S31BM', 'A23WTODPHXZ68Y']"
relevance_tweets17_276,relevant,"While EPA's Pruitt lives the high-life on taxpayers' dime, Montana's Superfund communities continue to wait. #mtpol https://t.co/hP72p5s62z",923573199710941184,515822213,SenatorTester,2017-10-26T15:33:04.000Z,1.0,1.0,economic,fairness and equality,True,1.0,"['relevant', 'irrelevant']","['A2KLJKDG90K1PP', 'A2Q1YS118AO2BP']"
relevance_tweets17_277,relevant,"Wisconsin is full of great role models and leaders. Congratulations to all of the outstanding women honored by the La Crosse YWCA, and thank you for making the coulee region a better place to live! https://t.co/mj1HK4PwzI",1059549700397940738,112740986,RepRonKind,2018-11-05T20:55:08.000Z,1.0,1.0,quality of life,quality of life,True,1.0,"['irrelevant', 'irrelevant']","['A37WDOIQH6JM6V', 'ATR6RB1RULOC0']"
relevance_tweets17_278,relevant,"50+ Congresspeople, incl @sethmoulton, urged Sec. Mattis and Chairman Dunford not to comply with @POTUS unconstitutional #transgender ban. https://t.co/9iM1UxCUEz",893529287554412545,3091316093,RepMoulton,2017-08-04T17:49:17.000Z,1.0,1.0,constitutionality and jurisprudence,constitutionality and jurisprudence,True,1.0,"['relevant', 'relevant']","['A23WTODPHXZ68Y', 'A2Q1YS118AO2BP']"
relevance_tweets17_279,relevant,"Some folks say there is no emergency to pass DACA, that it can wait. For the Dreamers who cannot concentrate at school because they’re terrified, this is an emergency. For their classmates, coworkers, and family members, this is an emergency. #DreamActNow",941073499065651202,30354991,KamalaHarris,2017-12-13T22:33:01.000Z,1.0,1.0,security and defense,policy prescription and evaluation,True,1.0,"['relevant', 'relevant']","['A2Q1YS118AO2BP', 'ACDX50KGPE97I']"
relevance_tweets17_280,relevant,Stopped by @ParkerBows outside of Staunton this week to talk about patent reform. Important issue for businesses of all sizes. #VA06 https://t.co/EgincihaEl,858068993676103681,37920978,RepGoodlatte,2017-04-28T21:22:44.000Z,1.0,1.0,economic,economic,True,1.0,"['relevant', 'relevant']","['A17D6BK59S31BM', 'A3GUJ6JD25FX7O']"
relevance_tweets17_281,relevant,To all the brave men and women who serve in our nation's armed forces: Thank you!  #VeteransDay https://t.co/VVZIBUbeiq,929462498893484033,20597460,SenBillNelson,2017-11-11T21:35:02.000Z,1.0,1.0,security and defense,security and defense,True,1.0,"['irrelevant', 'irrelevant']","['A2R2YZTSME1K3F', 'ATR6RB1RULOC0']"
relevance_tweets17_282,relevant,Everyone should be accountable for their behavior regardless of political party or position. I support a House investigation into sexual misconduct allegations against @realDonaldTrump. #ShatteringTheSilence  https://t.co/FDPT0phqNl,940699983669616640,1058717720,RepAnnieKuster,2017-12-12T21:48:48.000Z,1.0,1.0,"law and order, crime and justice",fairness and equality,True,1.0,"['relevant', 'relevant']","['A2R2YZTSME1K3F', 'A3GUJ6JD25FX7O']"
relevance_tweets17_283,irrelevant,Wishing you and your loved ones a wonderful #ValentinesDay! https://t.co/5mOKunNVAk,831593934891655168,30354991,KamalaHarris,2017-02-14T20:00:19.000Z,0.0,0.0,,,True,0.0,"['relevant', 'irrelevant']","['A2Q1YS118AO2BP', 'ATR6RB1RULOC0']"
relevance_tweets17_284,relevant,Look who's in Cascade at Bogden Livestock: @SenPatRoberts. Great to have the Chairman here. https://t.co/exDfU0tWW2,870036968024846337,11651202,SteveDaines,2017-05-31T21:59:12.000Z,1.0,1.0,other,,True,1.0,"['relevant', 'irrelevant']","['A17D6BK59S31BM', 'A2Q1YS118AO2BP']"
relevance_tweets17_285,relevant,Take a look at my e-newsletter to see what I did this week in Washington https://t.co/YILXP6lNw6,858049119973232641,2964287128,RepRickAllen,2017-04-28T20:03:46.000Z,1.0,1.0,,,True,1.0,"['irrelevant', 'relevant']","['A2Q1YS118AO2BP', 'A2R2YZTSME1K3F']"
relevance_tweets17_286,relevant,"More Koch brothers operatives in the #Trump administration. Is @realDonaldTrump really running his administration, or are the Kochs? Does Trump even care, or is he happy with the big plane and the press conferences? 
https://t.co/If1HltStmB",1017497407159001089,242555999,SenWhitehouse,2018-07-12T19:54:20.000Z,1.0,1.0,political,political,True,1.0,"['relevant', 'relevant']","['A3CVY8G619MGTI', 'ACDX50KGPE97I']"
relevance_tweets17_287,relevant,Trump pulls back surveillance on ISIS convoy at Russian request | TheHill https://t.co/wla7VepJFm,906981852073877504,14135426,keithellison,2017-09-10T20:44:59.000Z,1.0,1.0,political,external regulation and reputation,True,1.0,"['relevant', 'relevant']","['A2R2YZTSME1K3F', 'A38DC3BG1ZCVZ2']"
relevance_tweets17_288,relevant,3 GOP @EPA Administrators are speaking out against @POTUS’s dangerous policies. #climatechange https://t.co/aiib3IjHai,870337273665073152,1339931490,RepRobinKelly,2017-06-01T17:52:30.000Z,1.0,1.0,policy prescription and evaluation,policy prescription and evaluation,True,1.0,"['relevant', 'relevant']","['A17D6BK59S31BM', 'A2Q1YS118AO2BP']"
relevance_tweets17_289,relevant,"President Trump this morning once again attacked Mexico &amp; Central America, raising the specter of another so-called caravan to stoke fears of his political base and justify his ill-conceived border wall. His actions are irresponsible &amp; threaten to further destabilize the region.",1078718837619601408,476256944,SenFeinstein,2018-12-28T18:26:27.000Z,1.0,1.0,political,policy prescription and evaluation,True,1.0,"['relevant', 'relevant']","['A2Q1YS118AO2BP', 'A37WDOIQH6JM6V']"
relevance_tweets17_290,relevant,"6 in 10 Americans oppose taxpayer funding for abortions. Today, we are standing with them by passing #HR7. #ProLife https://t.co/RAnK2Vjicq",823983571304120321,110545675,RepDianeBlack,2017-01-24T19:59:26.000Z,1.0,1.0,economic,policy prescription and evaluation,True,1.0,"['relevant', 'relevant']","['A3CVY8G619MGTI', 'A3GUJ6JD25FX7O']"
relevance_tweets17_291,relevant,"We are sick to our stomachs for the children and families touched by today’s shooting. We stand with you, and send our deepest gratitude to FL’s first responders. You deserve so much more than #thoughtsandprayers – you deserve to never have faced such evil at all.",963931647782588416,57065141,McCaskillOffice,2018-02-15T00:23:08.000Z,1.0,1.0,health and safety,morality,True,1.0,"['irrelevant', 'irrelevant']","['A2KLJKDG90K1PP', 'A9K0CV70JWG1W']"
relevance_tweets17_292,relevant,"Substance use disorder knows no race, occupation, income, or gender. On #OverdoseAwarenessDay, we remember the thousands of #Massachusetts lives lost in the opioid epidemic and stand with those braving recovery. Together, as a community, we will #EndOverdose. https://t.co/4YhuiQoxCc",1035554179715133440,2293131060,RepKClark,2018-08-31T15:45:30.000Z,1.0,1.0,health and safety,health and safety,True,1.0,"['relevant', 'relevant']","['A17D6BK59S31BM', 'A2KLJKDG90K1PP']"
relevance_tweets17_293,relevant,"Luckily, there's good news! Thanks to the #metoo movement, workers &amp; advocates coming forward, the hotel industry announced today it's taking steps to implement training, education, &amp; provide safety devices for workers! #TimesUp for sexual harassment!
https://t.co/o7enB2XQLT",1038133139758084097,1077121945,RepLoisFrankel,2018-09-07T18:33:22.000Z,1.0,1.0,health and safety,health and safety,True,1.0,"['relevant', 'relevant']","['A2Q1YS118AO2BP', 'ATR6RB1RULOC0']"
relevance_tweets17_294,relevant,"Important Updates: Brunswick County Schools will remain closed through October 5th, debris pickup has started in New Hanover County, and flooding remains a dangerous problem throughout our district. Read here for more information: 
https://t.co/qn1ZTvWi3w",1044630403359928320,127941167,DavidRouzer,2018-09-25T16:51:11.000Z,1.0,1.0,health and safety,,True,1.0,"['relevant', 'irrelevant']","['A2Q1YS118AO2BP', 'A32CMQGGTSUK6Z']"
relevance_tweets17_295,relevant,"ACA cost *less* than projected. Fewer ppl enrolled in marketplaces, but *more* than projected got covered by Medicaid despite GOP sabotage",839555676074561536,2962868158,RepDonBeyer,2017-03-08T19:17:26.000Z,1.0,1.0,economic,economic,True,1.0,"['relevant', 'relevant']","['A3CVY8G619MGTI', 'ACDX50KGPE97I']"
relevance_tweets17_296,relevant,"I have read Dr. Ford’s letter and I find the allegations deeply disturbing, serious and credible. There should be no vote on this lifetime nomination for our highest court until this matter is fully investigated and Dr. Ford and the nominee appear before the Senate Judiciary Cmte",1041733640177246209,1074518754,SenatorBaldwin,2018-09-17T17:00:28.000Z,1.0,1.0,political,"law and order, crime and justice",True,1.0,"['relevant', 'relevant']","['A2R2YZTSME1K3F', 'ATR6RB1RULOC0']"
relevance_tweets17_297,relevant,"#BlueCampaign bill to fight human trafficking passed by #HSGAC, advances to the full Senate https://t.co/W8ckIbYSbA",864985908877119488,233737858,SenRonJohnson,2017-05-17T23:28:05.000Z,1.0,1.0,constitutionality and jurisprudence,,True,1.0,"['relevant', 'relevant']","['A17D6BK59S31BM', 'A37WDOIQH6JM6V']"
relevance_tweets17_298,relevant,@WhenOctoberEnds call the D.C. office in the morning at 202-225-3715. We'll see what we can do. Hope you're enjoying your trip!,881720162814222337,935033864,RepRichHudson,2017-07-03T03:44:03.000Z,1.0,1.0,,,True,1.0,"['relevant', 'relevant']","['A17D6BK59S31BM', 'A2R2YZTSME1K3F']"
relevance_tweets17_299,relevant,"Moffitt Cancer Center doctors providing aid to #PuertoRico that is “still devastated” from #HurricaneMaria. Doctors impressed by neighbors helping neighbors, but concerned many are without “timely treatment”. I’m very proud of their weekly volunteers trips @MoffittNews https://t.co/89UpkvRjYG",935255339309719553,1880674038,USRepKCastor,2017-11-27T21:13:43.000Z,1.0,1.0,health and safety,other,True,1.0,"['irrelevant', 'irrelevant']","['A17D6BK59S31BM', 'A2KLJKDG90K1PP']"
relevance_tweets17_300,relevant,"Every minute, someone develops #Alzheimers. Unless Congress acts, the costs of Alzheimer's in 2050 will total more than $1 trillion. #ENDALZ https://t.co/RXwLNHrETn",839171289390555136,21406834,SenMarkey,2017-03-07T17:50:01.000Z,1.0,1.0,health and safety,health and safety,True,1.0,"['relevant', 'irrelevant']","['A2R2YZTSME1K3F', 'A37WDOIQH6JM6V']"
relevance_tweets17_301,relevant,#TrumpCuts will be a BIGLY disaster for working families &amp; at-risk Americans. Find out how now --&gt; https://t.co/bzZW4I72gQ,867421297193750529,1531521632,RepBeatty,2017-05-24T16:45:27.000Z,1.0,1.0,economic,economic,True,1.0,"['relevant', 'relevant']","['A2Q1YS118AO2BP', 'A3CVY8G619MGTI']"
relevance_tweets17_302,irrelevant,Happy #NationalSiblingsDay from my family to yours. I was #blessed with the best! https://t.co/35bDqJ2ebA,851533360899948545,110545675,RepDianeBlack,2017-04-10T20:32:28.000Z,0.0,0.0,,,True,0.0,"['irrelevant', 'irrelevant']","['A2Q1YS118AO2BP', 'ATR6RB1RULOC0']"
relevance_tweets17_303,relevant,HURRY!!! Today is the last day to sign up for health insurance that begins on Jan 1. Visit https://t.co/rrKeGJOFBA to #GetCoveredNow. #ACA https://t.co/LCMQNHjCMN,941744884767232001,312134473,RepLindaSanchez,2017-12-15T19:00:51.000Z,1.0,1.0,health and safety,health and safety,True,1.0,"['relevant', 'irrelevant']","['A2R2YZTSME1K3F', 'ATR6RB1RULOC0']"
relevance_tweets17_304,relevant,But the @DeptVetAffairs advisory committee on minority #veterans still doesn’t have #LGBT representation.,871822987602821120,995193054,RepDelBene,2017-06-05T20:16:12.000Z,1.0,1.0,constitutionality and jurisprudence,fairness and equality,True,1.0,"['relevant', 'relevant']","['A2Q1YS118AO2BP', 'A2R2YZTSME1K3F']"
relevance_tweets17_305,relevant,"Today I questioned @Amtrak President and CEO Richard Anderson about the implementation of Positive Train Control systems and Amtrak's safety culture more broadly. Watch my remarks here:
https://t.co/3vxmB7Qkgm",969376753247436800,117501995,SenatorCantwell,2018-03-02T01:00:02.000Z,1.0,1.0,health and safety,,True,1.0,"['irrelevant', 'relevant']","['A2KLJKDG90K1PP', 'ACDX50KGPE97I']"
relevance_tweets17_306,relevant,I'll be on the floor at aprox 2pm to defend DC anti-discrimination law and budget autonomy referendum from unaccountable Members #HandsOffDC https://t.co/O6edByQDdF,908021467278913537,23600262,EleanorNorton,2017-09-13T17:36:02.000Z,1.0,1.0,political,policy prescription and evaluation,True,1.0,"['relevant', 'relevant']","['A2R2YZTSME1K3F', 'ACDX50KGPE97I']"
relevance_tweets17_307,relevant,"Today, Democrats are proposing #ABetterDeal: if you are an eligible voter, you are guaranteed a fair voice in our democracy. I am proud to see the VRAA included in the Better Deal for Democracy, and I believe that today’s announcement is an important step to #RestoreTheVOTE!",998646129129639936,381152398,RepTerriSewell,2018-05-21T19:26:05.000Z,1.0,1.0,fairness and equality,policy prescription and evaluation,True,1.0,"['relevant', 'relevant']","['A3CVY8G619MGTI', 'ACDX50KGPE97I']"
relevance_tweets17_308,relevant,I think it is baffling that it took weeks of secrecy &amp; backroom meetings for Senate Rs to release their version of #Trumpcare. 2/,879362139697422336,249348006,RepAnnaEshoo,2017-06-26T15:34:06.000Z,1.0,1.0,political,policy prescription and evaluation,True,1.0,"['relevant', 'relevant']","['A23WTODPHXZ68Y', 'A2KLJKDG90K1PP']"
relevance_tweets17_309,relevant,"@nnedv #DomesticViolence doesn’t discriminate. Safety means ability to live your life &amp; pursue your ambitions in a supportive, healthy environment.",920349657682849793,56864092,RepMikeQuigley,2017-10-17T18:03:52.000Z,1.0,1.0,health and safety,health and safety,True,1.0,"['irrelevant', 'irrelevant']","['A37WDOIQH6JM6V', 'ACDX50KGPE97I']"
relevance_tweets17_310,relevant,Our Job Fair is starting now. Please join us. @Vanessalgibson @NYSenatorRivera @MrMikeBlake. https://t.co/ATMjGx2KJk,859771077375000577,33563161,RepJoseSerrano,2017-05-03T14:06:13.000Z,1.0,1.0,,,True,1.0,"['irrelevant', 'relevant']","['A23WTODPHXZ68Y', 'A2KLJKDG90K1PP']"
relevance_tweets17_311,relevant,More than 1 MILLION Ohioans will lose their health insurance if #Trumpcare becomes law. Get the facts -&gt; https://t.co/ErZ8r1xyrWhttps://t.co/OSskIwn0kl,884834428555583489,1531521632,RepBeatty,2017-07-11T17:59:01.000Z,1.0,1.0,health and safety,health and safety,True,1.0,"['relevant', 'relevant']","['A2KLJKDG90K1PP', 'A3CVY8G619MGTI']"
relevance_tweets17_312,relevant,"If your kid has med. problem on a plane, airline should have right-size meds to treat them. Intro'd leg w/@RepJohnFaso to make sure they do. https://t.co/hmb2HQwN5R",865960308086407168,1072467470,RepSeanMaloney,2017-05-20T16:00:00.000Z,1.0,1.0,policy prescription and evaluation,health and safety,True,1.0,"['relevant', 'irrelevant']","['A2R2YZTSME1K3F', 'ACDX50KGPE97I']"
relevance_tweets17_313,relevant,Good to see outstanding patriots and fellow Texans  Marcus and Morgan Luttrell in Bastrop https://t.co/VbqSSHZeGB,911591473753333765,13218102,JohnCornyn,2017-09-23T14:01:58.000Z,1.0,1.0,other,,True,1.0,"['relevant', 'irrelevant']","['A2KLJKDG90K1PP', 'A2Q1YS118AO2BP']"
relevance_tweets17_314,relevant,@SenateGOP We will not stop until Republicans end this partisan process that will make health care worse. #trumpcare,879769927556661248,250188760,RonWyden,2017-06-27T18:34:30.000Z,1.0,1.0,health and safety,political,True,1.0,"['relevant', 'relevant']","['A2KLJKDG90K1PP', 'A3GUJ6JD25FX7O']"
relevance_tweets17_315,relevant,ATTN: Start time of telephone town hall I’m hosting tonight has been pushed back from 6 PM to approximately 6:15 PM due to House votes. I look forward to hearing the thoughts of 2nd District residents. To join please call: (855)-756-7520 Ext.39860#,997231071711424517,1058717720,RepAnnieKuster,2018-05-17T21:43:09.000Z,1.0,1.0,public opinion,,True,1.0,"['relevant', 'relevant']","['A2Q1YS118AO2BP', 'ACDX50KGPE97I']"
relevance_tweets17_316,relevant,Today @JimInhofe and I introduced legislation to end the unfair inflation tax on capital gains. Our Capital Gains Inflation Relief Act will boost economic growth and encourage more investment in our economy. --&gt; https://t.co/ocuLdP9ys1,986341332951142401,1074480192,SenTedCruz,2018-04-17T20:31:13.000Z,1.0,1.0,constitutionality and jurisprudence,economic,True,1.0,"['relevant', 'relevant']","['A2Q1YS118AO2BP', 'A37WDOIQH6JM6V']"
relevance_tweets17_317,relevant,Thinking of all who have been affected by cancer including family &amp; my colleagues @MazieHirono &amp; @SenJohnMcCain on this #StandUpToCancerDay.,906171978746298368,76456274,SenStabenow,2017-09-08T15:06:50.000Z,1.0,1.0,health and safety,health and safety,True,1.0,"['irrelevant', 'irrelevant']","['A2Q1YS118AO2BP', 'A37WDOIQH6JM6V']"
relevance_tweets17_318,relevant,Finally pence comes down,822496815773872128,10615232,ChuckGrassley,2017-01-20T17:31:36.000Z,1.0,1.0,political,,True,1.0,"['relevant', 'relevant']","['A2Q1YS118AO2BP', 'A32CMQGGTSUK6Z']"
relevance_tweets17_319,relevant,Taking #healthcare away from millions of women just to satisfy your own politics is wrong. Our government works for ALL OF US. https://t.co/zumgZrBVlV,997891131365933056,111635980,JoeCrowleyNY,2018-05-19T17:26:00.000Z,1.0,1.0,health and safety,health and safety,True,1.0,"['relevant', 'irrelevant']","['A17D6BK59S31BM', 'A2Q1YS118AO2BP']"
relevance_tweets17_320,relevant,"Maybe he’ll use the money to fund programs that actually serve our military and veterans? I won’t hold my breath. 
Time for @realDonaldTrump to say goodbye  to his ridiculous, costly parade.  #TrumpParade https://t.co/H0Xo5AG2Ku",1030469038072320000,28602948,RepRaulGrijalva,2018-08-17T14:58:58.000Z,1.0,1.0,political,economic,True,1.0,"['relevant', 'relevant']","['A17D6BK59S31BM', 'A3CVY8G619MGTI']"
relevance_tweets17_321,relevant,Q&amp;A today w/ @SanteeFalconsHS parents &amp; Principal Gomez! Also described my office’s constituent services &amp; gave info about immigrant rights. https://t.co/fRnX0NpDry,834922442325884929,479872233,RepRoybalAllard,2017-02-24T00:26:37.000Z,1.0,1.0,constitutionality and jurisprudence,,True,1.0,"['relevant', 'relevant']","['A2Q1YS118AO2BP', 'ATR6RB1RULOC0']"
relevance_tweets17_322,relevant,"After #HurricaneSandy, wetlands like the LWCF-funded Cape May National Wildlife Refuge in New Jersey saved an estimated $650 million in damages. #LWCF funds create beautiful spaces that double as critical infrastructure. #SaveLWCF",1042170055994302464,21157904,SenatorBurr,2018-09-18T21:54:38.000Z,1.0,1.0,economic,policy prescription and evaluation,True,1.0,"['relevant', 'relevant']","['A2Q1YS118AO2BP', 'ACDX50KGPE97I']"
relevance_tweets17_323,relevant,RT if you agree it’s time for @HouseGOP leaders to bring the #DREAMAct to the Floor for a vote. #ProtectDREAMers,935540113425264640,258900199,RepMaloney,2017-11-28T16:05:19.000Z,1.0,1.0,policy prescription and evaluation,political,True,1.0,"['relevant', 'relevant']","['A32CMQGGTSUK6Z', 'A3CVY8G619MGTI']"
relevance_tweets17_324,relevant,"I wear suffragette white at #JointSession as a pledge to protect women's health, fair pay, paid leave &amp; more! #WomenWearWhite",836602609452613636,1077121945,RepLoisFrankel,2017-02-28T15:43:00.000Z,1.0,1.0,fairness and equality,fairness and equality,True,1.0,"['relevant', 'irrelevant']","['A23WTODPHXZ68Y', 'A2Q1YS118AO2BP']"
relevance_tweets17_325,relevant,My thoughts and prayers are with @SteveScalise and all those affected by today's shooting. Grateful to Capitol Police. (1 of 2),874983705655357441,246341769,Raul_Labrador,2017-06-14T13:35:46.000Z,1.0,1.0,security and defense,health and safety,True,1.0,"['relevant', 'irrelevant']","['A17D6BK59S31BM', 'ATR6RB1RULOC0']"
relevance_tweets17_326,relevant,"It's imperative we have a holistic approach to ease economic barriers within our communities, and a common goal to end poverty nationwide. Congress must do more, including funding facilities that have proven strategies to tackle poverty. Let's get to work. https://t.co/F5LpPsTLvX",1003024388931891201,1074129612,RepVeasey,2018-06-02T21:23:44.000Z,1.0,1.0,economic,policy prescription and evaluation,True,1.0,"['relevant', 'irrelevant']","['A17D6BK59S31BM', 'A2Q1YS118AO2BP']"
relevance_tweets17_327,relevant,The American people see right through President Trump’s pathetic attempt to walk back his embarrassing performance yesterday. Sorry we’re not falling for it.,1019319911783567360,31801993,FrankPallone,2018-07-17T20:36:19.000Z,1.0,1.0,political,other,True,1.0,"['relevant', 'relevant']","['A2R2YZTSME1K3F', 'ACDX50KGPE97I']"
relevance_tweets17_328,relevant,Had a nice time talking about education and job-training w/ @ATeamNV1. Also got some great business cards from this year's group! https://t.co/cRMB3V09uQ,923251212060909569,266133081,SenDeanHeller,2017-10-25T18:13:36.000Z,1.0,1.0,economic,,True,1.0,"['irrelevant', 'relevant']","['A23WTODPHXZ68Y', 'A2Q1YS118AO2BP']"
relevance_tweets17_329,irrelevant,Happy birthday @SenFeinstein!,877858711041064961,1080844782,SenatorSinema,2017-06-22T12:00:01.000Z,0.0,0.0,,,True,0.0,"['relevant', 'relevant']","['A17D6BK59S31BM', 'A2R2YZTSME1K3F']"
relevance_tweets17_330,relevant,Interested in learning the ins-and-outs of a Congressional office? The deadline to apply is July 21st. More- https://t.co/6NAir4EY80 #GA10 https://t.co/mTCaLGPo4D,874618475846799360,2975091705,CongressmanHice,2017-06-13T13:24:28.000Z,1.0,1.0,,,True,1.0,"['relevant', 'relevant']","['ACDX50KGPE97I', 'ATR6RB1RULOC0']"
relevance_tweets17_331,relevant,"#TrumpCuts would slow medical research and innovation, hamper America’s search for cures, and negatively impact jobs https://t.co/hK8MsEuXV7",868135076244201472,1262814457,RepTimWalz,2017-05-26T16:01:46.000Z,1.0,1.0,health and safety,capacity and resources,True,1.0,"['irrelevant', 'relevant']","['A2Q1YS118AO2BP', 'A38DC3BG1ZCVZ2']"
relevance_tweets17_332,relevant,Opioids are taking over our communities. Congress has made fighting this epidemic a top priority. https://t.co/4l6NYjMkMM,897452666334441473,18916432,SpeakerRyan,2017-08-15T13:39:24.000Z,1.0,1.0,health and safety,health and safety,True,1.0,"['relevant', 'relevant']","['A2R2YZTSME1K3F', 'ACDX50KGPE97I']"
relevance_tweets17_333,relevant,Please demand that @ICEgov release “Cristy” and her mother from detention. “Cristy” is celebrating her Quinceanera - 15th birthday – today. #ReleaseCristy,1075100471482900480,29201047,SenJeffMerkley,2018-12-18T18:48:21.000Z,1.0,1.0,fairness and equality,policy prescription and evaluation,True,1.0,"['relevant', 'irrelevant']","['A17D6BK59S31BM', 'A2Q1YS118AO2BP']"
relevance_tweets17_334,relevant,The #Niger mission is critical to American interests &amp; to prevent the area from becoming a terrorist staging ground. https://t.co/O82ruo4n3a,923665008625635330,264219447,SenatorWicker,2017-10-26T21:37:53.000Z,1.0,1.0,security and defense,security and defense,True,1.0,"['relevant', 'relevant']","['A2Q1YS118AO2BP', 'A3GUJ6JD25FX7O']"
relevance_tweets17_335,relevant,It's #NationalLibraryWeek! Libraries are critical to the communities they serve and I'm always happy to assist them in any way I can. I urge everyone in #MO05 to go out and support their local libraries this week. I hear @MCPLMO is even having a scavenger hunt... https://t.co/G7JTuGM30e,984164925114404866,163570705,repcleaver,2018-04-11T20:22:57.000Z,1.0,1.0,other,other,True,1.0,"['irrelevant', 'irrelevant']","['A23WTODPHXZ68Y', 'A32CMQGGTSUK6Z']"
relevance_tweets17_336,relevant,".@RepSwalwell and I will be speaking to @YahooFinance about @HouseDemocrats plans for the upcoming Congress. Tune in this afternoon at 1:50 EST
https://t.co/7qt7nYWGxX",1062403225729544192,163570705,repcleaver,2018-11-13T17:54:02.000Z,1.0,1.0,,,True,1.0,"['relevant', 'relevant']","['A3CVY8G619MGTI', 'A9K0CV70JWG1W']"
relevance_tweets17_337,relevant,"#Trumpcare is not about creating health, it’s about concentrating wealth. https://t.co/ocLk4uaPnd",862704362681901057,21406834,SenMarkey,2017-05-11T16:22:02.000Z,1.0,1.0,economic,health and safety,True,1.0,"['relevant', 'relevant']","['A2R2YZTSME1K3F', 'ATR6RB1RULOC0']"
relevance_tweets17_338,relevant,.@IndianCommittee @smithsonian I introduced a budget amendment to fund the tribal energy loan program for first time in its history. And…,859814058178088960,171968009,SenFranken,2017-05-03T16:57:00.000Z,1.0,1.0,economic,economic,True,1.0,"['relevant', 'relevant']","['A2KLJKDG90K1PP', 'A3GUJ6JD25FX7O']"
relevance_tweets17_339,relevant,It was great to talk with members of the New Albany Rotary Club. #MS01 https://t.co/ZXjxXOtQeL,893539623766560769,3317799825,RepTrentKelly,2017-08-04T18:30:22.000Z,1.0,1.0,other,,True,1.0,"['relevant', 'irrelevant']","['A2Q1YS118AO2BP', 'A2R2YZTSME1K3F']"
relevance_tweets17_340,relevant,"We're long overdue for an investment in our infrastructure. We need to set the same goals as President Kennedy did when he said we will get a man to the moon in 10 yrs, and we did it in 9. That’s the American spirit.",961325467654672384,50452197,RepJohnLarson,2018-02-07T19:47:06.000Z,1.0,1.0,policy prescription and evaluation,policy prescription and evaluation,True,1.0,"['irrelevant', 'relevant']","['A2Q1YS118AO2BP', 'ACDX50KGPE97I']"
relevance_tweets17_341,relevant,Wall Street loves layoffs. Corporations lay off workers to show they’re serious about cutting expenses &amp; their stock prices often rise as a result – which leads to an increase in their CEO’s pay. GM's shameful decision this week is just the latest example. https://t.co/FWg8NN2Otu,1067857159088734208,43910797,SenSherrodBrown,2018-11-28T19:06:01.000Z,1.0,1.0,economic,economic,True,1.0,"['relevant', 'relevant']","['A2KLJKDG90K1PP', 'A2Q1YS118AO2BP']"
relevance_tweets17_342,relevant,GOP is peddling fiction that they welcomed our input.,877984474482450433,250188760,RonWyden,2017-06-22T20:19:45.000Z,1.0,1.0,political,,True,1.0,"['relevant', 'relevant']","['A37WDOIQH6JM6V', 'ACDX50KGPE97I']"
relevance_tweets17_343,relevant,"The #TrumpBudget doesn’t come close to balancing as a result of the #GOPTaxScam. With the tax law, Republicans blew a $1.5 trillion hole in the deficit in order to give tax cuts to the wealthy while sticking working families with the bill. RT if you think GOP is out of touch. https://t.co/Qzzkc8WviT",963166188959301635,22012091,LeaderHoyer,2018-02-12T21:41:28.000Z,1.0,1.0,economic,economic,True,1.0,"['relevant', 'relevant']","['A2Q1YS118AO2BP', 'A32CMQGGTSUK6Z']"
relevance_tweets17_344,relevant,"Hear from local ND community banks &amp; credit unions in this @MinotDailyNews piece on how my bipartisan bill, passed by the Senate last week, would help borrowers in ND &amp; rural America https://t.co/fJCl3dm1YF",977975907108511745,1061029050,SenatorHeitkamp,2018-03-25T18:30:00.000Z,1.0,1.0,policy prescription and evaluation,economic,True,1.0,"['relevant', 'relevant']","['A2R2YZTSME1K3F', 'ACDX50KGPE97I']"
relevance_tweets17_345,relevant,How Congress And Trump Can Reform Taxes To Put America First https://t.co/Oy0ZJBjflC,823620857197117440,88784440,SenMikeLee,2017-01-23T19:58:09.000Z,1.0,1.0,economic,economic,True,1.0,"['irrelevant', 'relevant']","['A2Q1YS118AO2BP', 'ACDX50KGPE97I']"
relevance_tweets17_346,relevant,Enjoyed appearing at the NYU Law School Center on Civil Justice to share my experience in the historic Deepwater Horizon oil spill case and how we secured justice for Alabama &amp; the Gulf of Mexico. #RuleOfLaw https://t.co/ROWj0uqFpj,1051480861475000320,15141113,lutherstrange,2018-10-14T14:32:27.000Z,1.0,1.0,capacity and resources,"law and order, crime and justice",True,1.0,"['relevant', 'irrelevant']","['A32CMQGGTSUK6Z', 'ACDX50KGPE97I']"
relevance_tweets17_347,relevant,"@realDonaldTrump @Cabinet Trump has done nothing to ""drain the swamp."" Administration is filled with lobbyists &amp; transparency has gone out the window.",874374346554429440,1155335864,RepDonaldPayne,2017-06-12T21:14:23.000Z,1.0,1.0,political,political,True,1.0,"['relevant', 'relevant']","['A23WTODPHXZ68Y', 'ATR6RB1RULOC0']"
relevance_tweets17_348,relevant,"Joe has expressed concerns about these short-term plans that would allow insurers to deny coverage to those with pre-existing conditions, charge more to people who are sick &amp; provide fewer benefits. We should work together to improve access to quality, affordable health care.",992132919492792321,216503958,SenDonnelly,2018-05-03T20:04:55.000Z,1.0,1.0,health and safety,health and safety,True,1.0,"['relevant', 'relevant']","['A17D6BK59S31BM', 'A3GUJ6JD25FX7O']"
relevance_tweets17_349,relevant,"Protecting the environment from excessive offshore drilling is a bipartisan issue. This not only puts local economies at risk, but excels CLIMATE CHANGE -- a concept Trump has demonstrated that he fundamentally does not grasp. 
https://t.co/JbvFMJLLOV",949035208174551041,239949176,RepKarenBass,2018-01-04T21:50:00.000Z,1.0,1.0,health and safety,political,True,1.0,"['relevant', 'relevant']","['A37WDOIQH6JM6V', 'ACDX50KGPE97I']"
relevance_tweets17_350,relevant,Tune in! LIVE NOW w @DanaPerino on @FoxNews #KatesLaw https://t.co/RhQ8zIdwg1,936676606147465218,1074480192,SenTedCruz,2017-12-01T19:21:20.000Z,1.0,1.0,,,True,1.0,"['relevant', 'relevant']","['A2R2YZTSME1K3F', 'A32CMQGGTSUK6Z']"
relevance_tweets17_351,relevant,"Election Assistance Commission: $380M in new grants to help states fortify election systems.

Resuming robust funding for #EAC grants aimed to improve the cybersecurity defenses of our election infrastructure is a pivotal step forward in protecting our democratic process.",976917396664483840,56864092,RepMikeQuigley,2018-03-22T20:23:52.000Z,1.0,1.0,other,security and defense,True,1.0,"['relevant', 'relevant']","['A2KLJKDG90K1PP', 'A2Q1YS118AO2BP']"
relevance_tweets17_352,relevant,TUNE IN: I'm questioning @Twitter's CEO @jack &amp; @facebook's COO @sherylsandberg during a #SenateIntelHearing. Click to watch LIVE: https://t.co/8CS3g1XPsO,1037359293148872704,225921757,SenatorLankford,2018-09-05T15:18:23.000Z,1.0,1.0,"law and order, crime and justice",,True,1.0,"['relevant', 'relevant']","['A2KLJKDG90K1PP', 'A2R2YZTSME1K3F']"
relevance_tweets17_353,relevant,Families in New Hampshire and across our country cannot afford the Trump Administration's continued efforts to sabotage our health care system. @SenatorShaheen and I are speaking out against these reckless attacks that raise costs for consumers. https://t.co/XDervgcDsV,1021405757814829056,946549322,SenatorHassan,2018-07-23T14:44:44.000Z,1.0,1.0,health and safety,economic,True,1.0,"['relevant', 'relevant']","['A17D6BK59S31BM', 'A2KLJKDG90K1PP']"
relevance_tweets17_354,relevant,"Spoke with @IndyRotary today about the Senate’s recent accomplishments, including passing #taxreform for the first time in 31 years and eliminating more than a dozen job-killing regulations. https://t.co/Znzd3JXNBu",1026896304838983680,234128524,SenToddYoung,2018-08-07T18:22:12.000Z,1.0,1.0,,policy prescription and evaluation,True,1.0,"['relevant', 'relevant']","['A2Q1YS118AO2BP', 'ACDX50KGPE97I']"
relevance_tweets17_355,relevant,#Trumpcare Medicaid cuts put 1.75 million veterans &amp; their families at risk #DefendTheACA,910192509351075840,462143773,RepCicilline,2017-09-19T17:22:59.000Z,1.0,1.0,health and safety,health and safety,True,1.0,"['irrelevant', 'relevant']","['A2Q1YS118AO2BP', 'ACDX50KGPE97I']"
relevance_tweets17_356,relevant,FBI Director Wray needs to testify in public about his role over the last few months during Trump’s attacks on McCabe. Has he stood by his deputy director or given in to pressure? https://t.co/Z34dz6aSCs,958108552975003649,250188760,RonWyden,2018-01-29T22:44:14.000Z,1.0,1.0,"law and order, crime and justice",other,True,1.0,"['relevant', 'relevant']","['A37WDOIQH6JM6V', 'ATR6RB1RULOC0']"
relevance_tweets17_357,irrelevant,@donteal51 @SenFeinstein  https://t.co/13r4iX2RvP,954181732684713984,2974648323,SteveKnight25,2018-01-19T02:40:27.000Z,0.0,0.0,,,True,0.0,"['relevant', 'relevant']","['A2Q1YS118AO2BP', 'A32CMQGGTSUK6Z']"
relevance_tweets17_358,relevant,"The prosecution of corruption by high ranking government officials, even years after the crimes were committed, is critical to...",851505491486396419,1083448909,RepFilemonVela,2017-04-10T18:41:44.000Z,1.0,1.0,"law and order, crime and justice","law and order, crime and justice",True,1.0,"['relevant', 'relevant']","['A17D6BK59S31BM', 'A2R2YZTSME1K3F']"
relevance_tweets17_359,relevant,The awful #GOPTaxPlan will hurt commuter benefits and transportation projects. As if your daily commute wasn’t bad enough already. https://t.co/9IAcFfATX4,936272595934117888,476256944,SenFeinstein,2017-11-30T16:35:56.000Z,1.0,1.0,capacity and resources,policy prescription and evaluation,True,1.0,"['irrelevant', 'relevant']","['A2Q1YS118AO2BP', 'A32CMQGGTSUK6Z']"
relevance_tweets17_360,relevant,"On #GoldsStarMothersDay, I was honored to join the North Valley Blue Star Mothers to help honor service members we've lost. The Gold Star Family Luminary Initiative was a wonderful event filled with prayer for our fallen soldiers and their families. https://t.co/0lcZ0Qfo1k",1046798523784663042,1069124515,RepLaMalfa,2018-10-01T16:26:31.000Z,1.0,1.0,security and defense,security and defense,True,1.0,"['irrelevant', 'irrelevant']","['A2KLJKDG90K1PP', 'ACDX50KGPE97I']"
relevance_tweets17_361,relevant,Had a great time speaking at The Ripon Society’s Policy and Politics Breakfast series with @TGowdySC about economic opportunity and bringing our nation together. Happy to see a few constituents in the audience. https://t.co/hbPPd1gvie,1012341921002459139,217543151,SenatorTimScott,2018-06-28T14:28:17.000Z,1.0,1.0,other,,True,1.0,"['relevant', 'relevant']","['A2Q1YS118AO2BP', 'A2R2YZTSME1K3F']"
relevance_tweets17_362,relevant,"When we say #NeverAgain, we mean it. Now is the time to take action to prevent gun violence. https://t.co/ajwzkTxwa0",971072431761887237,1140648348,RepDWStweets,2018-03-06T17:18:04.000Z,1.0,1.0,health and safety,health and safety,True,1.0,"['relevant', 'relevant']","['A17D6BK59S31BM', 'A2R2YZTSME1K3F']"
relevance_tweets17_363,relevant,It is outrageous that we have allowed criminals to take over areas along our southern border on United States federal land. https://t.co/4jdekGUbOD,1063105910476890120,22055226,replouiegohmert,2018-11-15T16:26:15.000Z,1.0,1.0,morality,"law and order, crime and justice",True,1.0,"['relevant', 'relevant']","['A2R2YZTSME1K3F', 'A37WDOIQH6JM6V']"
relevance_tweets17_364,relevant,"An increase in extreme weather patterns–w lasting effects on health, environment &amp; the economy–are further proof we should #ActOnClimate.",847111279059898368,22012091,LeaderHoyer,2017-03-29T15:40:42.000Z,1.0,1.0,capacity and resources,policy prescription and evaluation,True,1.0,"['relevant', 'relevant']","['A2Q1YS118AO2BP', 'A32CMQGGTSUK6Z']"
relevance_tweets17_365,relevant,"Every year, Sikhs from across Sonoma County come together to cook and feed our local veterans. We are so humbled by their kindness and generosity – what an incredible community moment! https://t.co/2mCsbVm9EP",1073328417708392449,303861808,RepThompson,2018-12-13T21:26:50.000Z,1.0,1.0,security and defense,morality,True,1.0,"['relevant', 'irrelevant']","['A2Q1YS118AO2BP', 'A37WDOIQH6JM6V']"
relevance_tweets17_366,relevant,I’m extremely disappointed by the President’s decision to deny the State of Michigan’s appeal for FEMA Individual Assistance for those affected by the severe flooding in Houghton &amp; the UP. I’m committed to continuing to advocate for more resources for these families &amp; homeowners.,1034197032909459461,76456274,SenStabenow,2018-08-27T21:52:41.000Z,1.0,1.0,policy prescription and evaluation,capacity and resources,True,1.0,"['relevant', 'relevant']","['ACDX50KGPE97I', 'ATR6RB1RULOC0']"
relevance_tweets17_367,relevant,"GOOD NEWS: ""Ohio up to No. 15 of best states for business"" #Ohio https://t.co/JhUoEOQJFS",1017040862369501185,1531521632,RepBeatty,2018-07-11T13:40:11.000Z,1.0,1.0,economic,economic,True,1.0,"['relevant', 'irrelevant']","['A2Q1YS118AO2BP', 'A2R2YZTSME1K3F']"
relevance_tweets17_368,relevant,"International Workers’ Memorial Day serves as an opportunity to remember &amp; honor those who have died in the pursuit of building, maintaining and generating progress for our nation. Workplace hazards take nearly 5,000 Americans each year &amp; today, we remember them. #IWMD18",990364685492015105,2914515430,RepTomEmmer,2018-04-28T22:58:35.000Z,1.0,1.0,health and safety,health and safety,True,1.0,"['relevant', 'irrelevant']","['A17D6BK59S31BM', 'A32CMQGGTSUK6Z']"
relevance_tweets17_369,relevant,"Declaring June National Ocean Month is a nice sheen on Trump’s ocean policy, but between opening up 90% of our coasts to offshore drilling and now repealing the #NationalOceanPolicy, his admin is doing everything it can to allow another BP oil spill.
https://t.co/LlAoUfVPIy",1009494824100253708,21406834,SenMarkey,2018-06-20T17:54:56.000Z,1.0,1.0,political,policy prescription and evaluation,True,1.0,"['relevant', 'relevant']","['A17D6BK59S31BM', 'A2R2YZTSME1K3F']"
relevance_tweets17_370,relevant,"Being in attendance for such a historic event was an honor, even though my preferred candidate came up short in the election. (2/2)",821774831440003072,211530910,RepBillJohnson,2017-01-18T17:42:42.000Z,1.0,1.0,political,,True,1.0,"['relevant', 'relevant']","['A37WDOIQH6JM6V', 'A3CVY8G619MGTI']"
relevance_tweets17_371,relevant,Every person in America won today. And you all made it happen. Thank you for the calls tweets &amp; support. I will never stop fighting for you,845381782128263169,1222257180,RepCardenas,2017-03-24T21:08:17.000Z,1.0,1.0,political,other,True,1.0,"['relevant', 'relevant']","['A17D6BK59S31BM', 'A2Q1YS118AO2BP']"
relevance_tweets17_372,relevant,"Main street business is booming at the recently reopened Downtown Cuyahoga Falls! The revitalization is projected to create 1,000 jobs and generate more than $65 million per year in restaurant and retail sales. Thank you @MayorWalters for showing me around today. https://t.co/v9v5az8KUr",1015286771758837765,976969338,RepDaveJoyce,2018-07-06T17:30:04.000Z,1.0,1.0,economic,economic,True,1.0,"['relevant', 'relevant']","['A2KLJKDG90K1PP', 'A2R2YZTSME1K3F']"
relevance_tweets17_373,relevant,"Go figure. Corporate CEOs want a massive tax cut and don’t care about the middle-class Americans who will sees their taxes rise, health care costs increase and infrastructure deteriorate.
https://t.co/bATxGDnEla",933020940094488576,462143773,RepCicilline,2017-11-21T17:15:01.000Z,1.0,1.0,economic,economic,True,1.0,"['relevant', 'relevant']","['A17D6BK59S31BM', 'A2KLJKDG90K1PP']"
relevance_tweets17_374,relevant,"While the majority of hardworking Americans won’t notice any increase in their paychecks from the #GOPTaxScam, Wall Street bonuses have jumped an average of 17% to $184,220—the highest since the financial crisis a decade ago. #TaxDay",986258753468207105,155669457,RepDavidEPrice,2018-04-17T15:03:05.000Z,1.0,1.0,economic,fairness and equality,True,1.0,"['relevant', 'relevant']","['A23WTODPHXZ68Y', 'A2R2YZTSME1K3F']"
relevance_tweets17_375,relevant,.@clairecmc is right- Congress must listen to law enforcement and give them the resources they need. https://t.co/upacr1aRx8,847146871990763520,171598736,SenBobCasey,2017-03-29T18:02:08.000Z,1.0,1.0,capacity and resources,capacity and resources,True,1.0,"['relevant', 'relevant']","['A23WTODPHXZ68Y', 'A2KLJKDG90K1PP']"
relevance_tweets17_376,relevant,"We need to #RootOutRacism in the White House, in both personnel and in policy. #FireMiller #FireGorka https://t.co/DrwOpyg5Y1",900425945919696896,74508260,BillPascrell,2017-08-23T18:34:09.000Z,1.0,1.0,political,morality,True,1.0,"['relevant', 'relevant']","['A17D6BK59S31BM', 'A37WDOIQH6JM6V']"
relevance_tweets17_377,relevant,I will continue to call for Senate hearings to learn what the President may have committed to Putin behind closed doors &amp; work with my colleagues to hold the President accountable.,1020083964537712640,278124059,SenBlumenthal,2018-07-19T23:12:24.000Z,1.0,1.0,"law and order, crime and justice",external regulation and reputation,True,1.0,"['relevant', 'relevant']","['A2Q1YS118AO2BP', 'A32CMQGGTSUK6Z']"
relevance_tweets17_378,relevant,"Today is the 50th anniversary of Martin Luther King Jr.’s assassination. Here are my thoughts about his important legacy, which is a daily reminder that “we are tied together in a single garment of destiny, caught in an inescapable network of mutuality"" https://t.co/wdD2CdG8gM",981625102642110464,1058917562,RepDerekKilmer,2018-04-04T20:10:36.000Z,1.0,1.0,morality,morality,True,1.0,"['irrelevant', 'irrelevant']","['A37WDOIQH6JM6V', 'A9K0CV70JWG1W']"
relevance_tweets17_379,relevant,My colleagues and I are committed to ending suffering in Nigeria and western Africa. Boko Haram must be dealt with and the 122 #Chibok Girls they continue to hold captive must be freed. #BringBackOurGirls https://t.co/5UYop6fL0m,1067100679041355776,234014087,RepWilson,2018-11-26T17:00:02.000Z,1.0,1.0,security and defense,external regulation and reputation,True,1.0,"['relevant', 'relevant']","['A17D6BK59S31BM', 'A9K0CV70JWG1W']"
relevance_tweets17_380,relevant,This #ArmedForcesDay we honor and thank the brave men and women who put their lives on the line to protect our freedoms. -Joe,997908958982623233,216503958,SenDonnelly,2018-05-19T18:36:50.000Z,1.0,1.0,security and defense,security and defense,True,1.0,"['relevant', 'irrelevant']","['A17D6BK59S31BM', 'A2R2YZTSME1K3F']"
relevance_tweets17_381,relevant,"Very exciting day in our nation's capital. Pres. Trump delivered a unifying message in his address, pledging to fight for all Americans.",822560222162120704,237750442,RepSteveChabot,2017-01-20T21:43:34.000Z,1.0,1.0,fairness and equality,other,True,1.0,"['relevant', 'relevant']","['A17D6BK59S31BM', 'ACDX50KGPE97I']"
relevance_tweets17_382,relevant,"There are almost 32,000 people in CA-02 enrolled in @CoveredCA health plans. Their coverage is at risk in GOP repeal bill too. (4/8)",844937690042773504,1071102246,RepHuffman,2017-03-23T15:43:38.000Z,1.0,1.0,constitutionality and jurisprudence,health and safety,True,1.0,"['relevant', 'relevant']","['A2R2YZTSME1K3F', 'A3CVY8G619MGTI']"
relevance_tweets17_383,irrelevant,April 21-29 is #NationalParkWeek! Here are some great sites to explore in the Buckeye State #Ohio #FindYourPark https://t.co/bfOiraiJla,988848548841127937,18915145,senrobportman,2018-04-24T18:34:00.000Z,0.0,0.0,,,True,0.0,"['relevant', 'irrelevant']","['A2Q1YS118AO2BP', 'A2R2YZTSME1K3F']"
relevance_tweets17_384,relevant,Judge Gorsuch earned high praise from legal experts across party lines and a “well-qualified” rating from @ABAesq #ConfirmGorsuch https://t.co/nrcEgeNqyD,844650143827734528,21269970,RoyBlunt,2017-03-22T20:41:01.000Z,1.0,1.0,,,True,1.0,"['relevant', 'relevant']","['A17D6BK59S31BM', 'A9K0CV70JWG1W']"
relevance_tweets17_385,relevant,"For all the progress we have made, we risk falling back if we do not stand up to the new rise in white supremacist bigotry on display most notably in Charlottesville last year &amp; in far too many other places. We must unequivocally say that a diverse America is a stronger America.",952918646887731200,58928690,RepAdamSmith,2018-01-15T15:01:24.000Z,1.0,1.0,fairness and equality,cultural identity,True,1.0,"['relevant', 'relevant']","['A2KLJKDG90K1PP', 'A3CVY8G619MGTI']"
relevance_tweets17_386,relevant,The #TaxCode should work for families that open their  to adoption. Today I re-introduced the #AdoptionTaxCredit: https://t.co/lAbos4HFnD,864896532902031361,110545675,RepDianeBlack,2017-05-17T17:32:57.000Z,1.0,1.0,policy prescription and evaluation,policy prescription and evaluation,True,1.0,"['relevant', 'relevant']","['A23WTODPHXZ68Y', 'ACDX50KGPE97I']"
relevance_tweets17_387,relevant,The Central Valley is home to our nation’s hardest workers and most innovative minds. Proud to team up with MEC Aerial Work Platforms to show @SpeakerRyan how tax reform legislation is already helping families and businesses in our community. https://t.co/sluvk3YJRj,991829279615971328,1128514404,RepDavidValadao,2018-05-02T23:58:22.000Z,1.0,1.0,economic,economic,True,1.0,"['relevant', 'relevant']","['A23WTODPHXZ68Y', 'A3GUJ6JD25FX7O']"
relevance_tweets17_388,relevant,Proud to be joining my colleagues on the @HouseFloor as we continue our support for more #VetOpps in the trucking industry. #HR2547,879446444297637890,2382685057,RepRobWoodall,2017-06-26T21:09:06.000Z,1.0,1.0,capacity and resources,policy prescription and evaluation,True,1.0,"['relevant', 'relevant']","['A2Q1YS118AO2BP', 'A3CVY8G619MGTI']"
relevance_tweets17_389,relevant,"Tessa Johnson from Dickinson is a nurse @SanfordHealth &amp; the President of the ND Nurse Assoc. We discussed what nurses need to keep our families healthy, &amp; ways to encourage more folks to consider a career in nursing so we can eliminate the shortage of nurses in rural America. https://t.co/8EPl2P2Orw",1009956634892750848,1061029050,SenatorHeitkamp,2018-06-22T00:30:00.000Z,1.0,1.0,health and safety,health and safety,True,1.0,"['relevant', 'irrelevant']","['A17D6BK59S31BM', 'ATR6RB1RULOC0']"
relevance_tweets17_390,relevant,"Agreed, @ChrisRickertWSJ. Imitation products have gotten away with using Wisconsin dairy’s good name for too long. https://t.co/EjhmGVSiCH",884485125953785856,1074518754,SenatorBaldwin,2017-07-10T18:51:01.000Z,1.0,1.0,"law and order, crime and justice",other,True,1.0,"['irrelevant', 'relevant']","['A2R2YZTSME1K3F', 'A32CMQGGTSUK6Z']"
relevance_tweets17_391,relevant,"Cheers to the working people who are the sweat, heart &amp; soul of our economy and our nation. Happy #LaborDay! https://t.co/CzlczAzfql",904754205943971842,942156122,RepSwalwell,2017-09-04T17:13:06.000Z,1.0,1.0,economic,economic,True,1.0,"['irrelevant', 'relevant']","['A2KLJKDG90K1PP', 'A2Q1YS118AO2BP']"
relevance_tweets17_392,relevant,Dreamers should not be a bargaining chip used by this Administration to build a wasteful border wall using billions in taxpayer dollars. Period. https://t.co/UPFubnWTqT,1000061607630856193,30354991,KamalaHarris,2018-05-25T17:10:42.000Z,1.0,1.0,political,morality,True,1.0,"['relevant', 'relevant']","['A32CMQGGTSUK6Z', 'A3CVY8G619MGTI']"
relevance_tweets17_393,relevant,This week is National Park Week and many parks are offering free admission. Great chance to explore WV @NatlParkService #findyoupark https://t.co/92O49sApYX,855121697292386304,2964526557,RepAlexMooney,2017-04-20T18:11:14.000Z,1.0,1.0,quality of life,other,True,1.0,"['irrelevant', 'irrelevant']","['A2R2YZTSME1K3F', 'ACDX50KGPE97I']"
relevance_tweets17_394,relevant,"Today, I had the honor of helping to break ground at Maine’s first Fisher House, which will help provide a home away from home for the families of hundreds of Maine veterans who are receiving world class care at Togus. (2/2) https://t.co/a4twl2iavj",1027256541672550401,19726613,SenatorCollins,2018-08-08T18:13:39.000Z,1.0,1.0,quality of life,quality of life,True,1.0,"['relevant', 'relevant']","['A37WDOIQH6JM6V', 'ACDX50KGPE97I']"
relevance_tweets17_395,relevant,.@POTUS @SecretaryPerry @ENERGY I am pleased @SecretaryPerry announced he is reviewing policies that may force the premature retirement of baseload power plants.,857267581459234817,234374703,Sen_JoeManchin,2017-04-26T16:18:13.000Z,1.0,1.0,policy prescription and evaluation,policy prescription and evaluation,True,1.0,"['irrelevant', 'relevant']","['A2Q1YS118AO2BP', 'A2R2YZTSME1K3F']"
relevance_tweets17_396,relevant,"The #TaxCutsandJobsAct is pro-family legislation because it expands the Child Tax Creditfrom $1,000 to $2,000. 
And that’s not all it does for everyday American families...https://t.co/7skI25545Uhttps://t.co/YihPENsFL9",960235761583898624,584012853,RepDLamborn,2018-02-04T19:37:00.000Z,1.0,1.0,economic,economic,True,1.0,"['relevant', 'relevant']","['A2KLJKDG90K1PP', 'A3GUJ6JD25FX7O']"
relevance_tweets17_397,relevant,I just published “Confronting hate: reflections in the wake of Charlottesville” https://t.co/MzYZydwxS9,897572133169221633,155669457,RepDavidEPrice,2017-08-15T21:34:07.000Z,1.0,1.0,other,,True,1.0,"['irrelevant', 'relevant']","['A23WTODPHXZ68Y', 'A2Q1YS118AO2BP']"
relevance_tweets17_398,relevant,Today we remember and honor the men and women of our Armed Forces who remain missing in action or prisoners of war. #POWMIARecognitionDay https://t.co/D9z1akkjKW,908693921613656065,17896154,farenthold,2017-09-15T14:08:08.000Z,1.0,1.0,security and defense,security and defense,True,1.0,"['relevant', 'relevant']","['A2KLJKDG90K1PP', 'A3GUJ6JD25FX7O']"
relevance_tweets17_399,relevant,#BrooklynResists @HouseGOP attacks on @CPBmedia @NEAToday @NEHgov @AmeriCorps @LSCtweets.  https://t.co/hPw3V0Yod7,832966250036883456,240812994,RepYvetteClarke,2017-02-18T14:53:24.000Z,1.0,1.0,,other,True,1.0,"['relevant', 'relevant']","['A32CMQGGTSUK6Z', 'ACDX50KGPE97I']"
relevance_tweets17_400,relevant,@HASCRepublicans Grateful this amendment passed in the second en bloc passage. #FY18NDAA,880078398571380738,254082173,RepJoeWilson,2017-06-28T15:00:15.000Z,1.0,1.0,policy prescription and evaluation,policy prescription and evaluation,True,1.0,"['relevant', 'relevant']","['A17D6BK59S31BM', 'ACDX50KGPE97I']"
relevance_tweets17_401,relevant,Hurricane Florence is proving to be a large and dangerous storm. Many of our fellow Americans are going to need assistance. That includes federal relief and support. We can't play politics with disaster relief. Let's all stand together and do the right thing for our citizens.,1040705687142232064,937723303,RepJohnDelaney,2018-09-14T20:55:45.000Z,1.0,1.0,policy prescription and evaluation,morality,True,1.0,"['relevant', 'relevant']","['A17D6BK59S31BM', 'A2KLJKDG90K1PP']"
relevance_tweets17_402,relevant,.@DeptVetAffairs Central Texas VA Director @chris_sandles and I had a productive meeting to discuss important developments taking place at the Temple VA. We're fighting to ensure our veterans recieve the high quality care they deserve. #BeThere https://t.co/C6mR1cfZcZ,938167083250143232,18030431,JudgeCarter,2017-12-05T22:03:57.000Z,1.0,1.0,quality of life,health and safety,True,1.0,"['irrelevant', 'relevant']","['A2Q1YS118AO2BP', 'A32CMQGGTSUK6Z']"
relevance_tweets17_403,relevant,"Guys, @andersoncooper &amp; @Andy having Real Housewives read @realDonaldTrump tweets is a #NewYearsEve treat. Sad!",947666498834829313,942156122,RepSwalwell,2018-01-01T03:11:14.000Z,1.0,1.0,other,other,True,1.0,"['relevant', 'relevant']","['A2Q1YS118AO2BP', 'ACDX50KGPE97I']"
relevance_tweets17_404,relevant,"Honoring an American legacy #HappyBirthday to an amazing President, Ronald Reagan! https://t.co/AsJW3l9tlV",828707592100777984,20053279,RepPeteOlson,2017-02-06T20:51:01.000Z,1.0,1.0,political,,True,1.0,"['relevant', 'relevant']","['A17D6BK59S31BM', 'A2KLJKDG90K1PP']"
relevance_tweets17_405,relevant,"The NO vote from @SenateDems took pay away from our troops and health care from 9 million children nationwide (88,000 in MO) who rely on the Children’s Health Insurance Program every day. #FundTheGovernment #SchumerShutdown https://t.co/5GqnVAkv5Mhttps://t.co/SuvCJqSsUR",954749760468148225,237763317,RepHartzler,2018-01-20T16:17:35.000Z,1.0,1.0,health and safety,health and safety,True,1.0,"['relevant', 'relevant']","['A17D6BK59S31BM', 'A2Q1YS118AO2BP']"
relevance_tweets17_406,relevant,"Today I had the pleasure of meeting with leaders from Plains Cotton Growers Inc. @PCGNews. We discussed important issues concerning the upcoming Farm Bill. From Left to right: Steve Verett, ,Stacy Smith, Rex Kennedy, Congressman Cuellar, Johnie Reed, Brent Nelson, &amp; Kody Bessent https://t.co/faZeAVUEtB",968605839811645441,210926192,RepCuellar,2018-02-27T21:56:42.000Z,1.0,1.0,constitutionality and jurisprudence,policy prescription and evaluation,True,1.0,"['relevant', 'relevant']","['A2KLJKDG90K1PP', 'A2R2YZTSME1K3F']"
relevance_tweets17_407,relevant,"@StephanieStree6 when reconciliation instructions are made, they list the areas to be worked on and the impacted committees.",860486465972731906,240393970,RepJeffDuncan,2017-05-05T13:28:55.000Z,1.0,1.0,other,,True,1.0,"['relevant', 'irrelevant']","['A2Q1YS118AO2BP', 'A32CMQGGTSUK6Z']"
relevance_tweets17_408,relevant,Live with @NewDay talking about recent shooting that left @SteveScalise &amp; others inured. Also #TrumpRussia invest! https://t.co/f8tSFqNmCZ,875690801078165504,24913074,RepSpeier,2017-06-16T12:25:31.000Z,1.0,1.0,,,True,1.0,"['relevant', 'relevant']","['A23WTODPHXZ68Y', 'A2Q1YS118AO2BP']"
relevance_tweets17_409,relevant,Sunday's #OurFirstStand for health care is shaping up to be a great event. I hope to see you there! https://t.co/0pqDzijmqGhttps://t.co/PZ36lG3sg7,819975304001286144,18909919,JimLangevin,2017-01-13T18:32:01.000Z,1.0,1.0,health and safety,,True,1.0,"['relevant', 'irrelevant']","['A2R2YZTSME1K3F', 'ACDX50KGPE97I']"
relevance_tweets17_410,relevant,"Social Security serves 60 million seniors, children &amp; disabled adults – families who rely on us to keep it safe and secure.  #SocSec82",897170083042275329,235373000,RepHanabusa,2017-08-14T18:56:31.000Z,1.0,1.0,health and safety,health and safety,True,1.0,"['relevant', 'relevant']","['A17D6BK59S31BM', 'A2KLJKDG90K1PP']"
relevance_tweets17_411,relevant,"@HouseFloor @HarvardHBS @cbo @GOP If my Republican colleagues will commit to doing that, I will commit to working with you, and I will honestly and publicly thank you for putting country before politics. 18/18",936294431040339968,1135486501,RepScottPeters,2017-11-30T18:02:42.000Z,1.0,1.0,political,political,True,1.0,"['relevant', 'relevant']","['A2Q1YS118AO2BP', 'ATR6RB1RULOC0']"
relevance_tweets17_412,relevant,My good friend @RepGutierrez and I took to the streets last week to demand that President Trump immediately end his inhumane policy of ripping children from their parents. Read our op-ed in @eldiariony on the fight to end it  https://t.co/fA8FvA6mb7 #FamiliesBelongTogether,1008739965340147713,111635980,JoeCrowleyNY,2018-06-18T15:55:23.000Z,1.0,1.0,political,policy prescription and evaluation,True,1.0,"['relevant', 'relevant']","['A32CMQGGTSUK6Z', 'ATR6RB1RULOC0']"
relevance_tweets17_413,relevant,"As a doctor, I know health care touches every American. We have an obligation to work together &amp; solve problems. See my remarks today --&gt; https://t.co/40yhHw70ky",906193220534767616,950783972,RepBera,2017-09-08T16:31:14.000Z,1.0,1.0,health and safety,health and safety,True,1.0,"['relevant', 'irrelevant']","['A2Q1YS118AO2BP', 'A2R2YZTSME1K3F']"
relevance_tweets17_414,relevant,Pres. Macron offers eloquent defense of freedom and liberty in French-accented English at joint session of Congress. Quel dommage our own president cannot/will not do the same.,989158816880189440,78445977,GerryConnolly,2018-04-25T15:06:54.000Z,1.0,1.0,external regulation and reputation,external regulation and reputation,True,1.0,"['irrelevant', 'relevant']","['A2Q1YS118AO2BP', 'ATR6RB1RULOC0']"
relevance_tweets17_415,relevant,"...paved the way for DNA models, discovered radioactivity, founded abstract algebra, isolated typhoid fever outbreaks, invented frequency-hopping tech for WWII torpedoes, separated uranium isotopes, ended religious wars &amp; led nations to economic prosperity—to name a few. (2/4)",971899747996000257,2964949642,MarthaMcSally,2018-03-09T00:05:31.000Z,1.0,1.0,political,,True,1.0,"['irrelevant', 'irrelevant']","['A2Q1YS118AO2BP', 'A2R2YZTSME1K3F']"
relevance_tweets17_416,relevant,"Despite the barrage of #ManafortMonday news, we cannot forget that #PuertoRico is still reeling from Hurricane Maria.",925112352890146816,1155335864,RepDonaldPayne,2017-10-30T21:29:07.000Z,1.0,1.0,health and safety,other,True,1.0,"['relevant', 'irrelevant']","['A17D6BK59S31BM', 'A2KLJKDG90K1PP']"
relevance_tweets17_417,relevant,Murphy receives commitment to improve mental health parity from first-ever nominee for Asst. Sec. for Mental Health https://t.co/SLYLZUjau5,892798087617540100,2853793517,SenMurphyOffice,2017-08-02T17:23:46.000Z,1.0,1.0,,health and safety,True,1.0,"['relevant', 'relevant']","['A2Q1YS118AO2BP', 'A32CMQGGTSUK6Z']"
relevance_tweets17_418,relevant,"#NunesMemo irrelevant to the credibility of Mueller and investigation of Trump collusion says Ryan “This memo is not an indictment of the FBI, of the Department of Justice. It does not impugn Mueller’s Russia investigation or the deputy attorney general.”",959487778668064768,30216513,BradSherman,2018-02-02T18:04:47.000Z,1.0,1.0,"law and order, crime and justice","law and order, crime and justice",True,1.0,"['relevant', 'relevant']","['A2Q1YS118AO2BP', 'ATR6RB1RULOC0']"
relevance_tweets17_419,relevant,Joined our friends at the @pwchamber to hear about the successes of our growing businesses in Prince William and to install the new members of the Board. Congrats to Betty Dean on becoming the new Chairwoman for the Chamber and thank you to Jim Elliott for his service. #VA10 https://t.co/pLdvfrZjB2,1003349789893955584,2933760046,RepComstock,2018-06-03T18:56:45.000Z,1.0,1.0,political,,True,1.0,"['relevant', 'relevant']","['A17D6BK59S31BM', 'ATR6RB1RULOC0']"
relevance_tweets17_420,relevant,"On the road to Excel for today's town hall meeting. Look forward to being in Monroe, Clarke, and Washington counties today. https://t.co/KgorEHnl00",855064658323156992,2253968388,RepByrne,2017-04-20T14:24:35.000Z,1.0,1.0,other,,True,1.0,"['irrelevant', 'relevant']","['ACDX50KGPE97I', 'ATR6RB1RULOC0']"
relevance_tweets17_421,relevant,"Harry from Hull, MA told the @CFPB about his son’s shady auto-loan. The agency looked into his complaint &amp; forced those companies to refund $6.5 million to over 50k active-duty servicemembers. Harry came to the hearing today because he wants the @CFPB to keep helping people.",984455532378550272,970207298,SenWarren,2018-04-12T15:37:43.000Z,1.0,1.0,"law and order, crime and justice","law and order, crime and justice",True,1.0,"['irrelevant', 'relevant']","['A23WTODPHXZ68Y', 'A3GUJ6JD25FX7O']"
relevance_tweets17_422,relevant,"Great meeting with @SpecialOlympics athletes &amp; staff to discuss ways Congress can support inclusivity. Regardless of ability or disability, improving health access &amp; supporting inclusive schools for all is key! #SOHillDay #InclusiveHealth https://t.co/1sdkqoQt9h",963547786196258817,2914515430,RepTomEmmer,2018-02-13T22:57:48.000Z,1.0,1.0,fairness and equality,policy prescription and evaluation,True,1.0,"['relevant', 'irrelevant']","['A32CMQGGTSUK6Z', 'A37WDOIQH6JM6V']"
relevance_tweets17_423,relevant,I was honored to be w/ the Fargo VA today to celebrate their new departments. Their dedication to healthcare for veterans is second to none. https://t.co/cuJRghPlnG,916408545192611841,1048784496,SenKevinCramer,2017-10-06T21:03:17.000Z,1.0,1.0,health and safety,health and safety,True,1.0,"['irrelevant', 'irrelevant']","['A2KLJKDG90K1PP', 'A37WDOIQH6JM6V']"
relevance_tweets17_424,relevant,"Between the parades and fireworks this #FourthOfJuly, let's take a moment to consider the extraordinary idea that is the United States. https://t.co/qBNmeiFMok",882221621251117056,1071840474,RepSchneider,2017-07-04T12:56:40.000Z,1.0,1.0,cultural identity,other,True,1.0,"['relevant', 'irrelevant']","['A37WDOIQH6JM6V', 'ACDX50KGPE97I']"
relevance_tweets17_425,relevant,"In the wake of #HurricaneIrma, I'm asking the IRS &amp; Education Dept to grant relief to #Florida taxpayers &amp; students https://t.co/zdLioayAcn",907327347250130944,229966028,SenRubioPress,2017-09-11T19:37:51.000Z,1.0,1.0,policy prescription and evaluation,economic,True,1.0,"['irrelevant', 'relevant']","['A2Q1YS118AO2BP', 'ACDX50KGPE97I']"
relevance_tweets17_426,relevant,The GOP is proposing a bill that will allow Americans to purchase insurance products that are affordable and meet their needs. #ar4 #arnews https://t.co/heAQy6gRFA,857942496462069760,2852998461,RepWesterman,2017-04-28T13:00:05.000Z,1.0,1.0,,economic,True,1.0,"['relevant', 'relevant']","['A2Q1YS118AO2BP', 'ACDX50KGPE97I']"
relevance_tweets17_427,relevant,Earlier today I questioned Navy officials about the cost of shipbuilding and readiness of submarines. WATCH: https://t.co/wKC3U8VFxv,877586688238923776,968650362,SenTomCotton,2017-06-21T17:59:05.000Z,1.0,1.0,health and safety,,True,1.0,"['irrelevant', 'irrelevant']","['A2Q1YS118AO2BP', 'A2R2YZTSME1K3F']"
relevance_tweets17_428,relevant,"The Facts:
Many Iraq &amp; Afghanistan war vets live w/ chronic pain.
Vets are twice as likely as non-vets to die from accidental opioid overdoses.
VA can study effects of cannabis on vets w/ chronic pain, but @realDonaldTrump isn't directing it to do so. https://t.co/XlUdYta0Xp",958479154126696449,1262814457,RepTimWalz,2018-01-30T23:16:52.000Z,1.0,1.0,security and defense,security and defense,True,1.0,"['relevant', 'relevant']","['A2Q1YS118AO2BP', 'ACDX50KGPE97I']"
relevance_tweets17_429,relevant,"Notable that while Judge Gorsuch was testifying, the Supreme Court unanimously rejected his prior ruling. https://t.co/s2nBGG4GwS #SCOTUS",846429920632999937,293131808,PattyMurray,2017-03-27T18:33:13.000Z,1.0,1.0,"law and order, crime and justice",political,True,1.0,"['relevant', 'relevant']","['A17D6BK59S31BM', 'A38DC3BG1ZCVZ2']"
relevance_tweets17_430,relevant,Thank you @MBuhari for securing the release of 82 #ChibokGirls &amp; ending their misery Keeping hope alive for the remaining 113! @NancyPelosi https://t.co/sR6xQG2rGF,861631620956266496,234014087,RepWilson,2017-05-08T17:19:21.000Z,1.0,1.0,political,,True,1.0,"['irrelevant', 'relevant']","['A2Q1YS118AO2BP', 'ATR6RB1RULOC0']"
relevance_tweets17_431,relevant,Statement on anti-Muslim assault in Portland: https://t.co/YvvI55xENo,868514608616796160,558769636,RepBonamici,2017-05-27T17:09:53.000Z,1.0,1.0,constitutionality and jurisprudence,,True,1.0,"['relevant', 'irrelevant']","['A17D6BK59S31BM', 'A2R2YZTSME1K3F']"
relevance_tweets17_432,relevant,"Let's build a world where silencing women is not ""very common"" among celebrities and people of wealth... https://t.co/IoiY28OjQn",992050001676324864,381152398,RepTerriSewell,2018-05-03T14:35:26.000Z,1.0,1.0,fairness and equality,morality,True,1.0,"['relevant', 'irrelevant']","['A32CMQGGTSUK6Z', 'ACDX50KGPE97I']"
relevance_tweets17_433,relevant,"Let us recognize poet &amp; activist Nikki Giovanni, Honorary @dstinc1913 &amp; Langston Hughes Medal &amp; NAACP Image Award winner.
#BlackHistoryMonth https://t.co/EkR5OkoaM5",835643177298182145,240812994,RepYvetteClarke,2017-02-26T00:10:33.000Z,1.0,1.0,,security and defense,True,1.0,"['relevant', 'irrelevant']","['A32CMQGGTSUK6Z', 'A37WDOIQH6JM6V']"
relevance_tweets17_434,relevant,"Had a huge turnout for the #GrowWithGoogle digital skills event, which I hosted with @google today in Charleston! Programs like this one will help strengthen our workforce &amp; create a brighter economic future for West Virginians. https://t.co/3ma7Mv1EBR",1021461505131282433,193794406,SenCapito,2018-07-23T18:26:15.000Z,1.0,1.0,economic,economic,True,1.0,"['irrelevant', 'relevant']","['A32CMQGGTSUK6Z', 'A3GUJ6JD25FX7O']"
relevance_tweets17_435,irrelevant,Rock Caucus ... the Last Song https://t.co/HHbLhDwxEP,878031095706636290,153486399,RepMarciaFudge,2017-06-22T23:25:00.000Z,0.0,0.0,,,True,0.0,"['irrelevant', 'relevant']","['A2KLJKDG90K1PP', 'A2Q1YS118AO2BP']"
relevance_tweets17_436,relevant,@FBI Budget Hearing: I asked AD McCabe about efforts to protect Americans from cyber crime &amp; combatting drug crimes https://t.co/Wi972ED0Fghttps://t.co/qNradkYmq9,877629273799925760,550401754,RepHalRogers,2017-06-21T20:48:19.000Z,1.0,1.0,security and defense,security and defense,True,1.0,"['relevant', 'relevant']","['A2Q1YS118AO2BP', 'A37WDOIQH6JM6V']"
relevance_tweets17_437,relevant,"@StopAndFritz It was great meeting you, Michael! Thanks for joining the #marchforscience.",855782851828232192,18137749,ChrisVanHollen,2017-04-22T13:58:26.000Z,1.0,1.0,other,,True,1.0,"['relevant', 'relevant']","['A2Q1YS118AO2BP', 'ATR6RB1RULOC0']"
relevance_tweets17_438,relevant,This morning I discussed the heightened participation &amp; activism at recent town halls. It’s wonderful to see so many engaged. https://t.co/fRMur8M9Wt,836044295719145472,2968007206,RepDeSaulnier,2017-02-27T02:44:27.000Z,1.0,1.0,political,political,True,1.0,"['irrelevant', 'relevant']","['A9K0CV70JWG1W', 'ACDX50KGPE97I']"
relevance_tweets17_439,relevant,It's not acceptable that there are millions of people who work 40 hours a week and yet they're living in poverty.,833107078751285252,29442313,SenSanders,2017-02-19T00:13:00.000Z,1.0,1.0,fairness and equality,morality,True,1.0,"['irrelevant', 'relevant']","['A2Q1YS118AO2BP', 'A2R2YZTSME1K3F']"
relevance_tweets17_440,relevant,Met this morning with tribal leaders from the Leech Lake Band of Ojibwe for update on construction of the new Bug-O-Nay-Ge-Shig High School. https://t.co/S79lGMG6Yq,844231877175271428,516880804,BettyMcCollum04,2017-03-21T16:58:59.000Z,1.0,1.0,other,,True,1.0,"['irrelevant', 'irrelevant']","['A2KLJKDG90K1PP', 'A2R2YZTSME1K3F']"
relevance_tweets17_441,relevant,"Most detainees I met today are seeking asylum, fleeing violent gangs or religious persecution. Few have had access to attorneys &amp; several need medical care but have not received it. They told us that they are confined in small cells for up to 23 hours a day. #EndFamilySeparation",1008137694373744640,558769636,RepBonamici,2018-06-17T00:02:11.000Z,1.0,1.0,security and defense,quality of life,True,1.0,"['relevant', 'relevant']","['A2Q1YS118AO2BP', 'A2R2YZTSME1K3F']"
relevance_tweets17_442,relevant,"It's official: JBMDL will receive the KC-46 refueling tanker. This is what we have been fighting for, South Jersey!",819628078527905792,2962994194,RepTomMacArthur,2017-01-12T19:32:16.000Z,1.0,1.0,capacity and resources,other,True,1.0,"['relevant', 'relevant']","['A17D6BK59S31BM', 'A2Q1YS118AO2BP']"
relevance_tweets17_443,relevant,"While I’m glad @NIH is acknowledging this problem, it must take concrete, proactive steps to stop sexual harassment and other discriminatory practices against researchers. More must be done to support working environments free from harassment.
https://t.co/H32TY42o6R",1042911285971628032,293131808,PattyMurray,2018-09-20T23:00:01.000Z,1.0,1.0,health and safety,policy prescription and evaluation,True,1.0,"['relevant', 'relevant']","['A2Q1YS118AO2BP', 'A2R2YZTSME1K3F']"
relevance_tweets17_444,relevant,"No matter their job, city or state, Americans deserve peace of mind for when they or a loved one falls ill. https://t.co/hELhTm1Lqw #HFANow https://t.co/FLiywQQ6Pn",843488572292419585,581141508,RepMarcyKaptur,2017-03-19T15:45:21.000Z,1.0,1.0,health and safety,health and safety,True,1.0,"['relevant', 'relevant']","['A32CMQGGTSUK6Z', 'ACDX50KGPE97I']"
relevance_tweets17_445,relevant,Thank you @RepKenMarchant for co-signing my letter outlining shared pro-life priorities for Congress and Pres Trump: https://t.co/20jNy1MSYd,825327819609698304,950328072,RepPittenger,2017-01-28T13:01:00.000Z,1.0,1.0,policy prescription and evaluation,health and safety,True,1.0,"['irrelevant', 'relevant']","['A2Q1YS118AO2BP', 'A2R2YZTSME1K3F']"
relevance_tweets17_446,relevant,"I voted against H.R. 2910, which ignores private property rights and the environment in favor of corporate profits.",887802007536455685,31801993,FrankPallone,2017-07-19T22:31:07.000Z,1.0,1.0,political,political,True,1.0,"['irrelevant', 'relevant']","['A2Q1YS118AO2BP', 'A38DC3BG1ZCVZ2']"
relevance_tweets17_447,relevant,"The  Trump  Administration  wants  to  gut  safety  regulations  put  in  place after #DeepwaterHorizon. They  may  have  forgotten  its  devastation, but we haven’t.
We don't want an oil spill off our Jersey Shore!!
#SafeCOASTAct  #ProtectOurCoast https://t.co/PWGdZdMZfj",1047555285957718021,3122099613,DonaldNorcross,2018-10-03T18:33:37.000Z,1.0,1.0,constitutionality and jurisprudence,health and safety,True,1.0,"['relevant', 'irrelevant']","['A23WTODPHXZ68Y', 'A2Q1YS118AO2BP']"
relevance_tweets17_448,relevant,We haven't had significant regulatory reform in more than 70 years. #Ohio #smallbiz need these reforms. #PassRAA: https://t.co/herczJVSXB,857969910856769536,18915145,senrobportman,2017-04-28T14:49:01.000Z,1.0,1.0,policy prescription and evaluation,policy prescription and evaluation,True,1.0,"['relevant', 'relevant']","['A2KLJKDG90K1PP', 'ATR6RB1RULOC0']"
relevance_tweets17_449,relevant,"Today, and every other day, we must remember to live the dream that Dr. King had for this country. #KingdomDayParade https://t.co/ZgXIJvVbsR",953087660649693184,239949176,RepKarenBass,2018-01-16T02:13:00.000Z,1.0,1.0,cultural identity,other,True,1.0,"['relevant', 'relevant']","['A2R2YZTSME1K3F', 'A32CMQGGTSUK6Z']"
relevance_tweets17_450,relevant,Day 1 of 80th annual @NDWS begins today through March 11 – best wishes to all attending #NorthDakota’s oldest Ag show in #ValleyCity. https://t.co/9I4yz3UX39,838072017618366465,382791093,SenJohnHoeven,2017-03-04T17:01:54.000Z,1.0,1.0,other,,True,1.0,"['relevant', 'irrelevant']","['A2Q1YS118AO2BP', 'ACDX50KGPE97I']"
relevance_tweets17_451,relevant,With Ranking Member @RepJerryNadler and my Judiciary colleagues at press conference to introduce the Special Counsel Integrity Act in the House. #twill #chicago https://t.co/e3lUl7ccyV,984429949334548480,36948268,RepGutierrez,2018-04-12T13:56:04.000Z,1.0,1.0,constitutionality and jurisprudence,policy prescription and evaluation,True,1.0,"['relevant', 'relevant']","['A2Q1YS118AO2BP', 'A3GUJ6JD25FX7O']"
relevance_tweets17_452,relevant,"It's been 6 months since we passed #TaxReform. 
The results are clear: #TaxReformWorks.
✓ Rebuilding the middle class
✓ Returning America’s competitive edge
✓ Historically low unemployment numbers
✓ Bigger paychecks https://t.co/5QNB4HyNdE",1009475005665734656,1209417007,SteveScalise,2018-06-20T16:36:11.000Z,1.0,1.0,economic,policy prescription and evaluation,True,1.0,"['irrelevant', 'relevant']","['A2Q1YS118AO2BP', 'A2R2YZTSME1K3F']"
relevance_tweets17_453,irrelevant,Wishing all who celebrate a very #MerryChristmas! ,945270488837885952,2167097881,SenBooker,2017-12-25T12:30:21.000Z,0.0,0.0,,,True,0.0,"['irrelevant', 'irrelevant']","['A23WTODPHXZ68Y', 'A3CVY8G619MGTI']"
relevance_tweets17_454,relevant,JUST IN: Nonpartisan Tax Policy Center has concluded @HouseGOP's final tax bill raises taxes on 86 million middle class households. The #GOPTaxScam is a shameful betrayal of working families. https://t.co/5PXpKp6pRx,942876627834249216,516880804,BettyMcCollum04,2017-12-18T21:58:00.000Z,1.0,1.0,constitutionality and jurisprudence,economic,True,1.0,"['relevant', 'relevant']","['A2Q1YS118AO2BP', 'A3GUJ6JD25FX7O']"
relevance_tweets17_455,relevant,Now w/ rise of anti-Semitic events we must use Holocaust Remembrance Day to honor the words “Never Again” → https://t.co/783FXtD00V,856546057270030336,25781141,repsandylevin,2017-04-24T16:31:08.000Z,1.0,1.0,morality,morality,True,1.0,"['irrelevant', 'irrelevant']","['A2Q1YS118AO2BP', 'ACDX50KGPE97I']"
relevance_tweets17_456,relevant,"Today, I met the South Korean Ambassador to the United States Cho Yoon-Je.  We had a long and productive conversation on #NorthKorea, the #trade deficit, and regional security burden sharing. https://t.co/905iUyjFfB",1039959689973383168,30216513,BradSherman,2018-09-12T19:31:26.000Z,1.0,1.0,external regulation and reputation,external regulation and reputation,True,1.0,"['relevant', 'relevant']","['A2KLJKDG90K1PP', 'A32CMQGGTSUK6Z']"
relevance_tweets17_457,relevant,".@NASA astronaut, PhD microbiologist Kate Rubins has done some pretty cool stuff in her career. Great to meet you @Astro_Kate7! #WomenInSTEM https://t.co/lYun9medkl",857330763137769473,2962868158,RepDonBeyer,2017-04-26T20:29:17.000Z,1.0,1.0,political,,True,1.0,"['irrelevant', 'irrelevant']","['A32CMQGGTSUK6Z', 'ATR6RB1RULOC0']"
relevance_tweets17_458,relevant,"Yesterday, I met with @GDMS Chairman &amp; CEO Phebe Novakovic and held a productive discussion regarding border technology and combat vehicles. https://t.co/lSR09mvqgy",986968820484132865,210926192,RepCuellar,2018-04-19T14:04:38.000Z,1.0,1.0,security and defense,,True,1.0,"['relevant', 'relevant']","['A2Q1YS118AO2BP', 'ATR6RB1RULOC0']"
relevance_tweets17_459,relevant,"Servicemembers, vets, seniors, and small businesses all support the @CFPB rule. Only people who don’t? Bank lobbyists. Oh, and @Equifax.",922979444368793601,970207298,SenWarren,2017-10-25T00:13:42.000Z,1.0,1.0,policy prescription and evaluation,public opinion,True,1.0,"['relevant', 'relevant']","['A2KLJKDG90K1PP', 'A9K0CV70JWG1W']"
relevance_tweets17_460,irrelevant,Wishing all a very happy Thanksgiving! https://t.co/u440TdRMdW,933716807541719041,600463589,MikeCrapo,2017-11-23T15:20:09.000Z,0.0,0.0,,,True,0.0,"['irrelevant', 'irrelevant']","['A17D6BK59S31BM', 'A37WDOIQH6JM6V']"
relevance_tweets17_461,relevant,"No, Mr. President, the Attorney General’s job is not to protect you. https://t.co/Stp8jobTC8",949354621008478211,137794015,RepTedDeutch,2018-01-05T18:59:14.000Z,1.0,1.0,political,other,True,1.0,"['relevant', 'irrelevant']","['A17D6BK59S31BM', 'A2Q1YS118AO2BP']"
relevance_tweets17_462,relevant,"Great to see the students from Clark Montessori in Cincinnati, OH as they visited the Capitol today! https://t.co/0ckN47qfx0",976535415254585354,18915145,senrobportman,2018-03-21T19:06:00.000Z,1.0,1.0,other,,True,1.0,"['relevant', 'irrelevant']","['A2Q1YS118AO2BP', 'A2R2YZTSME1K3F']"
relevance_tweets17_463,relevant,"On the floor about to offer and speak on my amendment to eliminate subsistence fees at BOP halfway houses, which house DC Code felons.",907689277181583360,23600262,EleanorNorton,2017-09-12T19:36:02.000Z,1.0,1.0,economic,policy prescription and evaluation,True,1.0,"['relevant', 'relevant']","['A32CMQGGTSUK6Z', 'A3CVY8G619MGTI']"
relevance_tweets17_464,relevant,This SCOTUS decision will give current DACA recipients the chance to renew their work permits but is not a permanent solution for #Dreamers. We must continue to push for legislation that offers an earned path to citizenship for these young people. https://t.co/MBcgtcVnxE,968193353799127040,1061385474,RepLujanGrisham,2018-02-26T18:37:38.000Z,1.0,1.0,policy prescription and evaluation,policy prescription and evaluation,True,1.0,"['relevant', 'irrelevant']","['A23WTODPHXZ68Y', 'A2Q1YS118AO2BP']"
relevance_tweets17_465,relevant,On my way to the @WhiteHouse for the signing of our biggest #RedTapeRollback win yet - rolling back a burdensome Obama-era education rule.,846435148887412737,17544524,ToddRokita,2017-03-27T18:54:00.000Z,1.0,1.0,political,political,True,1.0,"['relevant', 'relevant']","['A17D6BK59S31BM', 'A2R2YZTSME1K3F']"
relevance_tweets17_466,relevant,"In light of the health-care bill stalling and the concerns raised in my town hall meetings, I was struck by the... https://t.co/3mHxxonlct",852256145335037953,1499993378,RepSanfordSC,2017-04-12T20:24:33.000Z,1.0,1.0,health and safety,health and safety,True,1.0,"['irrelevant', 'relevant']","['A2Q1YS118AO2BP', 'ATR6RB1RULOC0']"
relevance_tweets17_467,relevant,"I was about to tweet: Acting AG Sally Yates, who refuses to defend lawful Trump 7 country refugee ban is ""a short timer"". Too late-fired.",826255801077608448,48117116,SteveKingIA,2017-01-31T02:28:28.000Z,1.0,1.0,political,policy prescription and evaluation,True,1.0,"['relevant', 'relevant']","['A23WTODPHXZ68Y', 'A2KLJKDG90K1PP']"
relevance_tweets17_468,relevant,I had the pleasure of visiting President George H.W. Bush at the White House shortly after I was sworn into the House. I recall standing in awe of the ultimate patriot who had served his nation with distinction in so many ways. https://t.co/LWeGAdAVij,1068957034966470656,22545491,KenCalvert,2018-12-01T19:56:32.000Z,1.0,1.0,other,other,True,1.0,"['relevant', 'relevant']","['A17D6BK59S31BM', 'ACDX50KGPE97I']"
relevance_tweets17_469,relevant,The passing of President George H W Bush is also the passing of civility and a sense of decency in our polity.,1069012060896399360,78445977,GerryConnolly,2018-12-01T23:35:11.000Z,1.0,1.0,political,political,True,1.0,"['relevant', 'relevant']","['A2KLJKDG90K1PP', 'A3CVY8G619MGTI']"
relevance_tweets17_470,relevant,This recording of a mass trial at the border is horrifying. 'Zero-tolerance' policies have separated families without any clear plan in place to reunify them. Heartless policies from a heartless administration hell-bent on cruelty. #FamiliesBelongTogether https://t.co/FQ58V6i7Ad,1007291695841636352,28602948,RepRaulGrijalva,2018-06-14T16:00:29.000Z,1.0,1.0,morality,morality,True,1.0,"['relevant', 'relevant']","['A2Q1YS118AO2BP', 'A3CVY8G619MGTI']"
relevance_tweets17_471,irrelevant,"Psalm 86:1 Incline You ear, O Lord and answer me; For I am afflicted and needy.",848864214978580483,15600527,RepShimkus,2017-04-03T11:46:14.000Z,0.0,0.0,,,True,0.0,"['irrelevant', 'irrelevant']","['A17D6BK59S31BM', 'A32CMQGGTSUK6Z']"
relevance_tweets17_472,relevant,"#SCOTUS nominees require 60 votes &amp; if a nominee cannot clear 60 votes, then it is the nominee who should be changed, not the rules",849754775193255936,117501995,SenatorCantwell,2017-04-05T22:45:00.000Z,1.0,1.0,political,political,True,1.0,"['relevant', 'relevant']","['A37WDOIQH6JM6V', 'ATR6RB1RULOC0']"
relevance_tweets17_473,relevant,"House passes bipartisan bill I sponsored that ensures we’re prepared &amp; can respond to major health security events like bioterrorism,emerging infectious diseases &amp; natural disasters.The bill supports development of new treatments &amp; stockpiling of medications in case of emergency. https://t.co/JNoGHvBPpi",1044697587130019840,31801993,FrankPallone,2018-09-25T21:18:08.000Z,1.0,1.0,,health and safety,True,1.0,"['relevant', 'relevant']","['A17D6BK59S31BM', 'A3CVY8G619MGTI']"
relevance_tweets17_474,relevant,"Today, America will celebrate the life of Reverend Billy Graham as he lies in honor in the U.S. Capitol Rotunda. His life &amp; his legacy of faith &amp; service will live on in our hearts forever. Watch the memorial service here: https://t.co/5PdC3lqTYz",968879310688972800,246769138,RepEdRoyce,2018-02-28T16:03:23.000Z,1.0,1.0,other,other,True,1.0,"['irrelevant', 'relevant']","['A23WTODPHXZ68Y', 'A2Q1YS118AO2BP']"
relevance_tweets17_475,relevant,"@DeptVetAffairs We're also following up with the @DeptVetAffairs to get real answers.
Our letter to Secretary Wilkie asks for clear answers on whether the VA plans to calculate the difference in payments and retroactively pay beneficiaries who are owed money. https://t.co/HYhyEkzLap",1068633524952096768,1135486501,RepScottPeters,2018-11-30T22:31:01.000Z,1.0,1.0,other,,True,1.0,"['relevant', 'relevant']","['A23WTODPHXZ68Y', 'A2Q1YS118AO2BP']"
relevance_tweets17_476,relevant,It's #SmallBusinessWeek &amp; I'm proud to help honor @BellaWklein in Burlington for their success &amp; working w @IowaSBDC to better the business!,859409416856018945,510516465,daveloebsack,2017-05-02T14:09:06.000Z,1.0,1.0,economic,economic,True,1.0,"['relevant', 'irrelevant']","['A32CMQGGTSUK6Z', 'ATR6RB1RULOC0']"
relevance_tweets17_477,relevant,Read in @UnionLeader about my visit to the Cheshire Career Center to discuss efforts to connect employers with educators and my legislation the Workforce Development Investment Act. https://t.co/rVZE9lE0HC,961358217778483201,1058717720,RepAnnieKuster,2018-02-07T21:57:14.000Z,1.0,1.0,policy prescription and evaluation,,True,1.0,"['relevant', 'relevant']","['A2R2YZTSME1K3F', 'ATR6RB1RULOC0']"
relevance_tweets17_478,relevant,"Open &amp; free internet is vital in today's digital age, but @POTUS &amp; @FCC put #netneutrality next up on chopping block https://t.co/97s7vtNSTu",847813888833966083,1410590874,PeterWelch,2017-03-31T14:12:37.000Z,1.0,1.0,other,policy prescription and evaluation,True,1.0,"['relevant', 'relevant']","['A2Q1YS118AO2BP', 'A2R2YZTSME1K3F']"
relevance_tweets17_479,irrelevant,@DRUDGE_REPORT News flash.... All signals from space are comprised of energy.  #sassywithmassie,848931470005633025,975200486,RepThomasMassie,2017-04-03T16:13:29.000Z,0.0,0.0,,,True,0.0,"['relevant', 'irrelevant']","['A2Q1YS118AO2BP', 'A32CMQGGTSUK6Z']"
relevance_tweets17_480,relevant,"I had a great time visiting @ymcampduncan and Camp Independence today in Ingleside. Young people, including some with spina bifida, learn confidence, cooperation, and make new friends during their week at camp. @YMCAChicago https://t.co/4OJiGQAbwB",1014215412249251842,1071840474,RepSchneider,2018-07-03T18:32:52.000Z,1.0,1.0,other,other,True,1.0,"['irrelevant', 'irrelevant']","['A32CMQGGTSUK6Z', 'ATR6RB1RULOC0']"
relevance_tweets17_481,relevant,We also discussed the tragic #Manchester attack and I discussed a three pronged approach for combating the terrorist threat. https://t.co/zrY1DuDAtU,867453098708652035,18915145,senrobportman,2017-05-24T18:51:49.000Z,1.0,1.0,security and defense,security and defense,True,1.0,"['relevant', 'relevant']","['A2KLJKDG90K1PP', 'A2R2YZTSME1K3F']"
relevance_tweets17_482,relevant,We need Trump to immediately implement a sustained US diplomatic campaign to defuse current Korean #nuclear crisis. https://t.co/zEAwqUPauB,917779893819183108,21406834,SenMarkey,2017-10-10T15:52:32.000Z,1.0,1.0,external regulation and reputation,external regulation and reputation,True,1.0,"['relevant', 'relevant']","['A2Q1YS118AO2BP', 'A3CVY8G619MGTI']"
relevance_tweets17_483,relevant,Please join me today in wishing the @USMC a very happy 243rd birthday. Thank you to all of those who have served and are currently serving as a U.S. Marine! #MarineCorpsBirthday https://t.co/Hy0fFT3rT4,1061280784349384705,2964287128,RepRickAllen,2018-11-10T15:33:51.000Z,1.0,1.0,security and defense,security and defense,True,1.0,"['relevant', 'relevant']","['A2Q1YS118AO2BP', 'A3GUJ6JD25FX7O']"
relevance_tweets17_484,relevant,"2) We must crack down on ""straw men"" purchasers, when people legally buy guns and then sell them to people who cannot get them legally.",968633220735602689,29442313,SenSanders,2018-02-27T23:45:30.000Z,1.0,1.0,security and defense,health and safety,True,1.0,"['relevant', 'irrelevant']","['A32CMQGGTSUK6Z', 'A9K0CV70JWG1W']"
relevance_tweets17_485,relevant,"This quote from a small business owner sums up Wisconsin's economy right now: ""It's not who can I hire, it's how many can I hire?"" https://t.co/sYON3wBSEl #SmallBusinessWeek",992408657236320258,234022257,SeanDuffyWI,2018-05-04T14:20:36.000Z,1.0,1.0,economic,economic,True,1.0,"['irrelevant', 'relevant']","['A2R2YZTSME1K3F', 'ACDX50KGPE97I']"
relevance_tweets17_486,relevant,"The Trump Administration is moving thousands of kids into “tent cities” in the desert – which really should be called detention camps. 
Our government is committing child abuse. @HouseGOP, when will you speak up?
https://t.co/6mLPh89xJo",1046843986340663298,248735463,RepBarbaraLee,2018-10-01T19:27:10.000Z,1.0,1.0,health and safety,"law and order, crime and justice",True,1.0,"['relevant', 'relevant']","['A2Q1YS118AO2BP', 'A37WDOIQH6JM6V']"
relevance_tweets17_487,relevant,Science is under attack in this administration as #TrumpCuts to agencies put research programs on the chopping block https://t.co/2RXjoU8Nnb,854072301918334984,249787913,SenatorCarper,2017-04-17T20:41:19.000Z,1.0,1.0,political,other,True,1.0,"['relevant', 'relevant']","['A17D6BK59S31BM', 'A37WDOIQH6JM6V']"
relevance_tweets17_488,relevant,"I’ll be on @TheLeadCNN soon to share my thoughts on the latest concerning the murder of Jamal Khashoggi, the future of U.S.-Saudi relations, and more. Tune in.",1053376820584812547,247334603,SenatorDurbin,2018-10-19T20:06:19.000Z,1.0,1.0,external regulation and reputation,,True,1.0,"['relevant', 'relevant']","['A2R2YZTSME1K3F', 'ATR6RB1RULOC0']"
relevance_tweets17_489,relevant,Thank you for helping us honor Sarah Meece! She's been a loyal advocate for the people of Kentucky's Fifth Congressional District. https://t.co/LVlZq0QYG3,880886728818610176,550401754,RepHalRogers,2017-06-30T20:32:16.000Z,1.0,1.0,political,political,True,1.0,"['irrelevant', 'irrelevant']","['A2KLJKDG90K1PP', 'A2Q1YS118AO2BP']"
relevance_tweets17_490,relevant,GOP reintroduce #TrumpCare bill. What’s it called when you keep doing the same thing &amp; expect different results? https://t.co/MiLUZLWJkZ,855137077759016964,236279233,NormaJTorres,2017-04-20T19:12:21.000Z,1.0,1.0,constitutionality and jurisprudence,policy prescription and evaluation,True,1.0,"['relevant', 'relevant']","['A2R2YZTSME1K3F', 'A3CVY8G619MGTI']"
relevance_tweets17_491,relevant,Enjoyed visiting with @NationalService nominee Barbara Stewart. The CNCS promotes community service through operations like the @AmeriCorpsNCCC campus in #Vicksburg. https://t.co/9dyfOIap8Q,954032360462344195,555474658,SenThadCochran,2018-01-18T16:46:54.000Z,1.0,1.0,quality of life,,True,1.0,"['relevant', 'relevant']","['A37WDOIQH6JM6V', 'ACDX50KGPE97I']"
relevance_tweets17_492,relevant,We need to allow the VA to research how marijuana can help our veterans. That’s why I cosponsored the VA Medicinal Cannabis Research Act of 2018 earlier this week. Read more about the bill from @washingtonpost https://t.co/3b96tVHci2,987783782181883905,1068499286,LtGovDennyHeck,2018-04-21T20:03:00.000Z,1.0,1.0,policy prescription and evaluation,health and safety,True,1.0,"['relevant', 'relevant']","['A17D6BK59S31BM', 'A2R2YZTSME1K3F']"
relevance_tweets17_493,relevant,"Joined @BakerCollege-Allen Park &amp; the @Guidance_Center for a critical discussion about how we can work together to combat the #opioid epidemic, which is impacting too many MI families. My focus→solutions that will save lives while not stigmatizing those with real medical needs. https://t.co/BlhP212G2r",979403230030585856,2970279814,RepDebDingell,2018-03-29T17:01:41.000Z,1.0,1.0,health and safety,health and safety,True,1.0,"['relevant', 'irrelevant']","['A17D6BK59S31BM', 'A23WTODPHXZ68Y']"
relevance_tweets17_494,relevant,"While Senate Republicans try to strip health care from millions @HouseDemocrats fight for Better Jobs, Better Wages and a Better Future",890691645510963201,467823431,RepJeffries,2017-07-27T21:53:31.000Z,1.0,1.0,quality of life,health and safety,True,1.0,"['relevant', 'relevant']","['A23WTODPHXZ68Y', 'A2KLJKDG90K1PP']"
relevance_tweets17_495,relevant,USS Ford is a wonderful way to honor President Ford’s service as not just President but also an officer in the @USNavy https://t.co/w19dagOZoR,888856259302174720,236511574,SenGaryPeters,2017-07-22T20:20:21.000Z,1.0,1.0,,,True,1.0,"['relevant', 'relevant']","['A37WDOIQH6JM6V', 'ATR6RB1RULOC0']"
relevance_tweets17_496,relevant,Happening NOW: On @CNN talking to @ErinBurnett on @OutFrontCNN. Tune in to watch live,862094112463478784,117501995,SenatorCantwell,2017-05-09T23:57:08.000Z,1.0,1.0,political,,True,1.0,"['relevant', 'relevant']","['A2Q1YS118AO2BP', 'A9K0CV70JWG1W']"
relevance_tweets17_497,irrelevant,Big game tonight! Let's go Dodgers! #ThisTeam https://t.co/7y2Bs36oHu,925773331412013056,22545491,KenCalvert,2017-11-01T17:15:36.000Z,0.0,0.0,,,True,0.0,"['irrelevant', 'irrelevant']","['A37WDOIQH6JM6V', 'ACDX50KGPE97I']"
relevance_tweets17_498,relevant,@JenScopist I have signed onto the #NetNeutrality CRA. TY for reaching out on this.,956997048657678336,122174004,repdinatitus,2018-01-26T21:07:31.000Z,1.0,1.0,political,policy prescription and evaluation,True,1.0,"['relevant', 'relevant']","['A2Q1YS118AO2BP', 'A38DC3BG1ZCVZ2']"
relevance_tweets17_499,relevant,"Almost exactly one year ago, millions of Americans joined the Women’s March in support of shared values - including access to safe, affordable health care services. We stood together then, and we stand together now against this disgraceful assault on our Constitutional rights.",954437161901875200,278124059,SenBlumenthal,2018-01-19T19:35:26.000Z,1.0,1.0,constitutionality and jurisprudence,constitutionality and jurisprudence,True,1.0,"['relevant', 'relevant']","['A2Q1YS118AO2BP', 'A2R2YZTSME1K3F']"
relevance_tweets17_500,relevant,Chaffetz: Explanation for tarmac meeting doesn't add up |  https://t.co/Abc8ZPy81c,983858945558065152,17800215,jasoninthehouse,2018-04-11T00:07:06.000Z,1.0,1.0,political,,True,1.0,"['irrelevant', 'relevant']","['A2Q1YS118AO2BP', 'A38DC3BG1ZCVZ2']"
relevance_tweets17_501,relevant,"Failure of GOP ACA repeal bill in July was a big moment, but the fight isn’t over. Trump can still sabotage ACA.",897614828356997120,137794015,RepTedDeutch,2017-08-16T00:23:46.000Z,1.0,1.0,political,policy prescription and evaluation,True,1.0,"['relevant', 'relevant']","['A32CMQGGTSUK6Z', 'ACDX50KGPE97I']"
relevance_tweets17_502,relevant,"@RepCarolMoss @elforesto Here are some of those statements, particularly about how the administration has the authority to end this policy and how they need to use it.
https://t.co/ZrjahMeERBhttps://t.co/bsO7FvX3N8https://t.co/5dMNnwlk5Z",1009037464529440769,262756641,senorrinhatch,2018-06-19T11:37:33.000Z,1.0,1.0,policy prescription and evaluation,,True,1.0,"['relevant', 'relevant']","['A37WDOIQH6JM6V', 'A3CVY8G619MGTI']"
relevance_tweets17_503,relevant,"Preston Sharp is an impressive young man who sets a shinning example for people of all ages throughout our country. We need to respect and honor our veterans, our flag, and our country. #SOTU",958528468903497728,2253968388,RepByrne,2018-01-31T02:32:50.000Z,1.0,1.0,security and defense,security and defense,True,1.0,"['relevant', 'irrelevant']","['A2Q1YS118AO2BP', 'ACDX50KGPE97I']"
relevance_tweets17_504,relevant,"Last year, a Sacramento judge cited the broad immunity provided by the Communications Decency Act in dismissing  charges against Backpage. We must act to give these victims the justice they deserve. https://t.co/1agTJgG2hx #SESTA",976251230577156096,18915145,senrobportman,2018-03-21T00:16:45.000Z,1.0,1.0,constitutionality and jurisprudence,morality,True,1.0,"['relevant', 'irrelevant']","['A23WTODPHXZ68Y', 'A2Q1YS118AO2BP']"
relevance_tweets17_505,relevant,Congrats @amyklobuchar on the debate last night – once again you showed Minnesotans how fortunate we are to have you representing our state.,912721572141633536,171968009,SenFranken,2017-09-26T16:52:35.000Z,1.0,1.0,public opinion,other,True,1.0,"['relevant', 'relevant']","['A2KLJKDG90K1PP', 'ATR6RB1RULOC0']"
relevance_tweets17_506,relevant,.@politico We need to pass my #MARALAGOAct to ensure Americans know who's meeting w/@POTUS &amp; influencing government policy. What does WH have to hide? https://t.co/1xUn8t8u3X,863035117702451200,60828944,SenatorTomUdall,2017-05-12T14:16:21.000Z,1.0,1.0,constitutionality and jurisprudence,policy prescription and evaluation,True,1.0,"['relevant', 'relevant']","['A2R2YZTSME1K3F', 'A3CVY8G619MGTI']"
relevance_tweets17_507,relevant,"It’s real simple why: that’s the priority of Texans. We want more jobs, we want higher wages, we want more opportunity. Texans understand that the way you get jobs is lower taxes, lower regulations &amp; creating an environment where small biz can prosper. —&gt; https://t.co/RsBCnlTUuD",1039637297711521793,1074480192,SenTedCruz,2018-09-11T22:10:21.000Z,1.0,1.0,economic,economic,True,1.0,"['relevant', 'relevant']","['A2KLJKDG90K1PP', 'A2Q1YS118AO2BP']"
relevance_tweets17_508,relevant,I began my remarks at the Roundhouse today by denouncing President Trump's #MuslimBan. My full speech is here: https://t.co/V1GEyDnpRL,826175714781130752,1099199839,MartinHeinrich,2017-01-30T21:10:14.000Z,1.0,1.0,policy prescription and evaluation,morality,True,1.0,"['relevant', 'relevant']","['A17D6BK59S31BM', 'ACDX50KGPE97I']"
relevance_tweets17_509,irrelevant,"Happy Halloween! Make sure to have fun and stay safe!
https://t.co/tma7nTQgRN",1057700845188472832,31801993,FrankPallone,2018-10-31T18:28:27.000Z,0.0,0.0,,,True,0.0,"['irrelevant', 'irrelevant']","['A2KLJKDG90K1PP', 'A37WDOIQH6JM6V']"
relevance_tweets17_510,relevant,Family Planning providers—part of the #TitleX program—deliver critical health care services &amp; are especially needed in rural communities.,837029757346795520,293131808,PattyMurray,2017-03-01T20:00:20.000Z,1.0,1.0,health and safety,health and safety,True,1.0,"['relevant', 'relevant']","['A23WTODPHXZ68Y', 'A2R2YZTSME1K3F']"
relevance_tweets17_511,relevant,Alexander votes to take first step toward tax reform: https://t.co/5crwdtilhI,921196043387265025,76649729,SenAlexander,2017-10-20T02:07:06.000Z,1.0,1.0,,economic,True,1.0,"['relevant', 'relevant']","['A17D6BK59S31BM', 'ACDX50KGPE97I']"
relevance_tweets17_512,relevant,I'm live asking questions at #HASC. Tune in here: https://t.co/5n8eMRTTUR,986616920236576769,51228911,RepMikeTurner,2018-04-18T14:46:18.000Z,1.0,1.0,,,True,1.0,"['relevant', 'irrelevant']","['A23WTODPHXZ68Y', 'ACDX50KGPE97I']"
relevance_tweets17_513,relevant,"Nurse practitioners and physicians assistants are on the front lines of the opioid epidemic, and are ready, willing, and more than able to help; when we let them do their job, they save and change lives. I spoke in support of this provision yesterday. WATCH: https://t.co/igZls9acTr",1042088567479193600,1068481578,SenAngusKing,2018-09-18T16:30:50.000Z,1.0,1.0,health and safety,health and safety,True,1.0,"['relevant', 'relevant']","['ACDX50KGPE97I', 'ATR6RB1RULOC0']"
relevance_tweets17_514,relevant,Ted Cruz takes on Bernie Sanders in debate over tax cuts https://t.co/wd7LbpvnXe via @houstonchron,921049109351497728,1074480192,SenTedCruz,2017-10-19T16:23:14.000Z,1.0,1.0,,,True,1.0,"['relevant', 'relevant']","['A2KLJKDG90K1PP', 'A2R2YZTSME1K3F']"
relevance_tweets17_515,relevant,"Social Security, Medicare &amp; Medicaid are all on the chopping block because Republicans need to somehow pay for tax cuts for billionaires and corporations. It's so sickening. https://t.co/RKBbTbOMT9",938939225965318144,242555999,SenWhitehouse,2017-12-08T01:12:10.000Z,1.0,1.0,political,health and safety,True,1.0,"['relevant', 'relevant']","['A2Q1YS118AO2BP', 'ACDX50KGPE97I']"
relevance_tweets17_516,relevant,Speaking soon on the #NewParentsAct to give working parents an option for #PaidLeave. Watch live: https://t.co/Txpjhdhyrm,1025086765261053954,229966028,SenRubioPress,2018-08-02T18:31:44.000Z,1.0,1.0,constitutionality and jurisprudence,,True,1.0,"['relevant', 'relevant']","['A2KLJKDG90K1PP', 'A2R2YZTSME1K3F']"
relevance_tweets17_517,relevant,".@CoryBooker @SenatorMenendez &amp; @SenBillNelson Press CDC on Hurricane Relief Efforts, Urge Additional Manpower: https://t.co/fiuF94C9iQ",927632261515808768,2167097881,SenBooker,2017-11-06T20:22:20.000Z,1.0,1.0,capacity and resources,health and safety,True,1.0,"['relevant', 'relevant']","['A2Q1YS118AO2BP', 'A2R2YZTSME1K3F']"
relevance_tweets17_518,relevant,My thoughts are with @ChannelviewISD high school community affected by yesterday's tragedy. I hope Texans will join me in lifting them up in prayer https://t.co/Q1nxjVgTy7,973919008125841408,13218102,JohnCornyn,2018-03-14T13:49:20.000Z,1.0,1.0,other,other,True,1.0,"['irrelevant', 'irrelevant']","['A2Q1YS118AO2BP', 'ATR6RB1RULOC0']"
relevance_tweets17_519,relevant,"Congratulations to New Mexican B.J. Lawrence of Alamogordo on his election as @VFWHQ National Commander. I join in commending his record of service to fellow veterans, to the U.S. Army, and to the nation. #VFWConvention
https://t.co/YKxEqI0vMU",1022192214733189120,60828944,SenatorTomUdall,2018-07-25T18:49:50.000Z,1.0,1.0,security and defense,security and defense,True,1.0,"['relevant', 'relevant']","['A3GUJ6JD25FX7O', 'ACDX50KGPE97I']"
relevance_tweets17_520,relevant,"Two years ago, a man with a gun and a heart full of hate opened fire at Pulse nightclub. Today, we must #HonorWithAction those lost and those still seeking peace from what they experienced. It’s time to #DoSomething. https://t.co/krETmrwGlr",1006530302414655489,1339931490,RepRobinKelly,2018-06-12T13:34:59.000Z,1.0,1.0,other,morality,True,1.0,"['irrelevant', 'relevant']","['A17D6BK59S31BM', 'A2R2YZTSME1K3F']"
relevance_tweets17_521,relevant,Need to expand wrkr training to ensure those displaced have opportunities. Both trade &amp; wrkr training policies must be the right path,912363637083385857,25781141,repsandylevin,2017-09-25T17:10:16.000Z,1.0,1.0,policy prescription and evaluation,policy prescription and evaluation,True,1.0,"['relevant', 'irrelevant']","['A2KLJKDG90K1PP', 'A37WDOIQH6JM6V']"
relevance_tweets17_522,relevant,Glad that @HouseGOP is not planning to rush through flawed #TrumpCare bill this weekend. Hope they will reconsider this attack on healthcare,858094733662531589,85396297,RepJoeCourtney,2017-04-28T23:05:01.000Z,1.0,1.0,health and safety,policy prescription and evaluation,True,1.0,"['relevant', 'relevant']","['A2KLJKDG90K1PP', 'A2Q1YS118AO2BP']"
relevance_tweets17_523,relevant,Day 17: we need a code that helps small businesses https://t.co/FIpan4bLCB,898256041917526017,252819323,TomReedNY23,2017-08-17T18:51:43.000Z,1.0,1.0,economic,economic,True,1.0,"['relevant', 'relevant']","['A2Q1YS118AO2BP', 'ACDX50KGPE97I']"
relevance_tweets17_524,relevant,VIDEO: “I am a case manager who works with low-income patients who are all insured thanks to the #AffordableCareAct.” https://t.co/4tE9lbiSO3,829510150507499522,404132211,RepRickLarsen,2017-02-09T02:00:06.000Z,1.0,1.0,constitutionality and jurisprudence,policy prescription and evaluation,True,1.0,"['relevant', 'relevant']","['A23WTODPHXZ68Y', 'A37WDOIQH6JM6V']"
relevance_tweets17_525,relevant,Today is the 52nd anniversary of #Medicare and #Medicaid. And this is my mom and me. In a few… https://t.co/pM5Yy9G4Gh,891701225648828416,558769636,RepBonamici,2017-07-30T16:45:13.000Z,1.0,1.0,health and safety,health and safety,True,1.0,"['relevant', 'relevant']","['A17D6BK59S31BM', 'A23WTODPHXZ68Y']"
relevance_tweets17_526,relevant,"I’m sorry I can’t be in San Diego this weekend, but I’m going to stay here as long as it takes to find a long-term solution. Until then, I want San Diegans to know I'm fighting for them. https://t.co/8eeh3R340x",954841715093004288,1135486501,RepScottPeters,2018-01-20T22:22:59.000Z,1.0,1.0,political,other,True,1.0,"['relevant', 'relevant']","['A2R2YZTSME1K3F', 'A37WDOIQH6JM6V']"
relevance_tweets17_527,relevant,People of all parties have told me that enough is enough.,921571264963235840,1060984272,Elizabeth_Esty,2017-10-21T02:58:06.000Z,1.0,1.0,political,political,True,1.0,"['relevant', 'relevant']","['A17D6BK59S31BM', 'A37WDOIQH6JM6V']"
relevance_tweets17_528,relevant,"Earlier today, I met with Stuart and Allee from @autismspeaks to discuss racial disparities in autism diagnoses, the needs of the autism community, and increasing public awareness about autism. : #LightItUpBlue #WorldAutismMonth https://t.co/E55E5YuBQO",984901881460912128,1155335864,RepDonaldPayne,2018-04-13T21:11:21.000Z,1.0,1.0,health and safety,fairness and equality,True,1.0,"['irrelevant', 'irrelevant']","['A32CMQGGTSUK6Z', 'ATR6RB1RULOC0']"
relevance_tweets17_529,relevant,Great meeting today with the @borderalliance. https://t.co/EWC6EdeqCK,844372805596729344,1134292500,RepBetoORourke,2017-03-22T02:18:59.000Z,1.0,1.0,other,,True,1.0,"['irrelevant', 'relevant']","['A2R2YZTSME1K3F', 'ATR6RB1RULOC0']"
relevance_tweets17_530,relevant,"As a young girl in Pakistan, @Malala chronicled her life under the Taliban for a BBC blog. She was shot in the head for her activism. Upon her recovery, Malala dedicated her life to education &amp; empowerment of girls, receiving a Nobel Peace Prize for her work. #WomensHistoryMonth https://t.co/adjhIot64K",969309299317997568,1077121945,RepLoisFrankel,2018-03-01T20:32:00.000Z,1.0,1.0,external regulation and reputation,,True,1.0,"['relevant', 'irrelevant']","['A17D6BK59S31BM', 'ACDX50KGPE97I']"
relevance_tweets17_531,relevant,We hope that Poland will stand behind the democratic principles our nations share and the recognition that ignoring history shortchanges our future. 2/2,974460047915929601,22012091,LeaderHoyer,2018-03-16T01:39:14.000Z,1.0,1.0,external regulation and reputation,external regulation and reputation,True,1.0,"['relevant', 'relevant']","['A17D6BK59S31BM', 'A2R2YZTSME1K3F']"
relevance_tweets17_532,relevant,"For centuries, fishing has been at the heart of coastal communities in #MA, but it's an increasingly challenging 1 for new fishermen to join",873287701973413891,21406834,SenMarkey,2017-06-09T21:16:27.000Z,1.0,1.0,capacity and resources,fairness and equality,True,1.0,"['irrelevant', 'relevant']","['A2KLJKDG90K1PP', 'A2Q1YS118AO2BP']"
relevance_tweets17_533,relevant,"@POTUS Putin's threatening of NATO allies, including deployment of Iskander missiles in Kaliningrad.",882648679680749572,17494010,SenSchumer,2017-07-05T17:13:38.000Z,1.0,1.0,external regulation and reputation,external regulation and reputation,True,1.0,"['relevant', 'relevant']","['A3GUJ6JD25FX7O', 'ACDX50KGPE97I']"
relevance_tweets17_534,relevant,... heroic American’s courageous fight – is there any decency in this administration and where is the apology from @realDonaldTrump ?!  But I still continue to pray for the recovery of our friend Senator McCain!,994967163810312193,80612021,JacksonLeeTX18,2018-05-11T15:47:12.000Z,1.0,1.0,political,morality,True,1.0,"['relevant', 'relevant']","['A23WTODPHXZ68Y', 'A3CVY8G619MGTI']"
relevance_tweets17_535,relevant,The question of whether Judge Kavanaugh should be confirmed was not about whether allegations of sexual assault met a certain legal standard of evidence. It was about whether he had earned a lifetime appointment to the highest court in the land. 6/,1048641078130368512,946549322,SenatorHassan,2018-10-06T18:28:10.000Z,1.0,1.0,political,morality,True,1.0,"['relevant', 'relevant']","['ACDX50KGPE97I', 'ATR6RB1RULOC0']"
relevance_tweets17_536,relevant,Our country is stronger when we work together to address the issues we face. These #bipartisan health care victories are vital to countless folks in #OH14 and across the nation. https://t.co/5mNR4FnB8f,1049690741864374273,976969338,RepDaveJoyce,2018-10-09T15:59:09.000Z,1.0,1.0,political,health and safety,True,1.0,"['relevant', 'relevant']","['ACDX50KGPE97I', 'ATR6RB1RULOC0']"
relevance_tweets17_537,relevant,I will not support repealing the guaranteed health insurance protections and care that people have today. #TrumpCare https://t.co/5T5isFRxb8,839251567706574849,1074518754,SenatorBaldwin,2017-03-07T23:09:00.000Z,1.0,1.0,health and safety,policy prescription and evaluation,True,1.0,"['relevant', 'relevant']","['A23WTODPHXZ68Y', 'A2KLJKDG90K1PP']"
relevance_tweets17_538,relevant,"Meet Rachel, a #MN01 teacher who works with English language learners at St. James High School. This is her perspective on the importance of #DACA, what #Dreamers mean to her community, and why Congress must pass a clean #DREAMAct.
#ProtectDREAMers https://t.co/r2qDmkMeo6",951943308057743360,1262814457,RepTimWalz,2018-01-12T22:25:45.000Z,1.0,1.0,policy prescription and evaluation,policy prescription and evaluation,True,1.0,"['relevant', 'relevant']","['A2Q1YS118AO2BP', 'ACDX50KGPE97I']"
relevance_tweets17_539,relevant,"In 1969, California experienced one of the worst oil spills in U.S. history. The spill in Santa Barbara had a devastating impact on the marine life and the environment. We can’t let that happen again by opening up our coastal waters to oil and gas companies for drilling.",949681469391278080,30354991,KamalaHarris,2018-01-06T16:38:01.000Z,1.0,1.0,security and defense,health and safety,True,1.0,"['irrelevant', 'irrelevant']","['A2Q1YS118AO2BP', 'ACDX50KGPE97I']"
relevance_tweets17_540,relevant,I commend the bipartisan work to protect Great Lakes Restoration funding. I hope we can build on this progress. https://t.co/vJg612cHyE,884853884073717762,581141508,RepMarcyKaptur,2017-07-11T19:16:20.000Z,1.0,1.0,economic,policy prescription and evaluation,True,1.0,"['relevant', 'relevant']","['A17D6BK59S31BM', 'A2R2YZTSME1K3F']"
relevance_tweets17_541,relevant,No longer can POTUS pretend that Putin’s Russia was not responsible for cyberattacks targeting the 2016 election. Today’s indictments are another example of why the Mueller investigation must continue unimpeded. The American people need to learn the truth. https://t.co/mYwE4p4jR4,964609685327314949,22012091,LeaderHoyer,2018-02-16T21:17:25.000Z,1.0,1.0,political,external regulation and reputation,True,1.0,"['relevant', 'relevant']","['A3CVY8G619MGTI', 'ACDX50KGPE97I']"
relevance_tweets17_542,relevant,"ICYMI: Yesterday, the House passed HR 5272, my bipartisan bill to make sure that treatment actually works for those trying to beat addiction.
Too many people have been let down by treatment that doesn't work. It's time to help them get their lives back.
https://t.co/uEUdQgrz9C",1006944057371844608,211420609,RepSteveStivers,2018-06-13T16:59:06.000Z,1.0,1.0,policy prescription and evaluation,health and safety,True,1.0,"['relevant', 'relevant']","['A17D6BK59S31BM', 'A2KLJKDG90K1PP']"
relevance_tweets17_543,relevant,"Happy birthday to my friend and co-chair of @CaucusOnClimate, @RepLowenthal. Thank you for your work to ensure Congress takes steps to #ActOnClimate.",971873044020031488,22012091,LeaderHoyer,2018-03-08T22:19:24.000Z,1.0,1.0,political,policy prescription and evaluation,True,1.0,"['relevant', 'relevant']","['A17D6BK59S31BM', 'A38DC3BG1ZCVZ2']"
relevance_tweets17_544,relevant,"New Jersey has more than 22,000 #DACA recipients. Deporting them would cost New Jersey nearly $1.6 billion in annual GDP",922880238329012224,247334603,SenatorDurbin,2017-10-24T17:39:29.000Z,1.0,1.0,economic,economic,True,1.0,"['relevant', 'relevant']","['A2R2YZTSME1K3F', 'A37WDOIQH6JM6V']"
relevance_tweets17_545,relevant,"It’s vital that as a community, we ensure families and individuals have access to local, healthy foods. I visited @FoodLifeline to discuss the importance of their work in feeding hundreds of thousands of #WA families. As Food Lifeline says, ""Hunger doesn't have to happen."" https://t.co/lozlWxE3Jv",953298694220136448,995193054,RepDelBene,2018-01-16T16:11:34.000Z,1.0,1.0,morality,health and safety,True,1.0,"['irrelevant', 'irrelevant']","['A32CMQGGTSUK6Z', 'ATR6RB1RULOC0']"
relevance_tweets17_546,irrelevant,What a finish for the overtime victory! #GoPackGo #PackerNation,937468645046980613,1074518754,SenatorBaldwin,2017-12-03T23:48:36.000Z,0.0,0.0,,,True,0.0,"['irrelevant', 'irrelevant']","['A17D6BK59S31BM', 'A32CMQGGTSUK6Z']"
relevance_tweets17_547,relevant,Joining @ShannonBream on @FoxNews to discuss #schumershutdown On at roughly 9:15p MT,954563441112436737,17800215,jasoninthehouse,2018-01-20T03:57:13.000Z,1.0,1.0,other,,True,1.0,"['relevant', 'relevant']","['A17D6BK59S31BM', 'A3CVY8G619MGTI']"
relevance_tweets17_548,relevant,"Seismic testing has disastrous consequences for marine wildlife and is designed to lead to drilling off New Jersey’s coast. We will continue to fight the administration’s dangerous environmental policies in New Jersey, the courts and in Congress.
https://t.co/Gj1qICZ5fV",1072595661726605312,31801993,FrankPallone,2018-12-11T20:55:08.000Z,1.0,1.0,policy prescription and evaluation,policy prescription and evaluation,True,1.0,"['relevant', 'relevant']","['A17D6BK59S31BM', 'A2Q1YS118AO2BP']"
relevance_tweets17_549,relevant,"This five-year, $20 million @NSF grant for @NMEPSCoR will highlight statewide research collaboration among higher education institutions, national laboratories, and industry.
https://t.co/gYqSuM8fD4",1042145911290388482,1061385474,RepLujanGrisham,2018-09-18T20:18:42.000Z,1.0,1.0,,capacity and resources,True,1.0,"['relevant', 'relevant']","['A23WTODPHXZ68Y', 'A2Q1YS118AO2BP']"
relevance_tweets17_550,relevant,NEW: Hatch in the @DailySignal: Key Steps to Restoring Accountability to the Federal Bureaucracy https://t.co/58oybLd975 #utpol #tcot,871863753285013504,262756641,senorrinhatch,2017-06-05T22:58:11.000Z,1.0,1.0,"law and order, crime and justice",,True,1.0,"['relevant', 'relevant']","['A2R2YZTSME1K3F', 'A32CMQGGTSUK6Z']"
relevance_tweets17_551,relevant,"For congressional Republicans, it’s not enough to take away health care from millions by making the middle class pay for multinational corporation tax cuts.",930850228554657793,250188760,RonWyden,2017-11-15T17:29:23.000Z,1.0,1.0,political,economic,True,1.0,"['relevant', 'relevant']","['A2R2YZTSME1K3F', 'A32CMQGGTSUK6Z']"
relevance_tweets17_552,relevant,"#OnThisDay in 1791, the #BillOfRights was ratified. I pray that the U.S. will remain a beacon of freedom to the world &amp; a place where our founding principles, including a commitment to individual liberties, will continue to thrive. #BillofRightsDay https://t.co/uxesYtvig8",941785845241085952,37920978,RepGoodlatte,2017-12-15T21:43:37.000Z,1.0,1.0,constitutionality and jurisprudence,external regulation and reputation,True,1.0,"['relevant', 'relevant']","['A2Q1YS118AO2BP', 'ACDX50KGPE97I']"
relevance_tweets17_553,relevant,The FCC chairman’s plan to repeal net neutrality will favor big tech businesses over startups and will give ISPs unprecedented control over what content consumers can access. ISPs shouldn’t be allowed to discriminate. That is not what consumers want.,933097895716204544,126171100,RepSheaPorter,2017-11-21T22:20:49.000Z,1.0,1.0,fairness and equality,fairness and equality,True,1.0,"['relevant', 'relevant']","['A2R2YZTSME1K3F', 'A37WDOIQH6JM6V']"
relevance_tweets17_554,relevant,I commend the International Olympic Committee for protecting the integrity of the Olympic Games from sordid Russian doping schemes.  Statement: https://t.co/eSJVuqaBjyhttps://t.co/4NqhCgOLOH,938161271723167744,968650362,SenTomCotton,2017-12-05T21:40:52.000Z,1.0,1.0,external regulation and reputation,policy prescription and evaluation,True,1.0,"['irrelevant', 'irrelevant']","['A2KLJKDG90K1PP', 'A32CMQGGTSUK6Z']"
relevance_tweets17_555,irrelevant,Congrats to the Southridge Raiders on their 2A State football championship!,934602129540616192,234812598,RepLarryBucshon,2017-11-26T01:58:06.000Z,0.0,0.0,,,True,0.0,"['relevant', 'irrelevant']","['A2Q1YS118AO2BP', 'ACDX50KGPE97I']"
relevance_tweets17_556,relevant,Join me next Wednesday in Joliet for a discussion on the science of opioid and heroin addiction. https://t.co/PpdS4afoY0 #OpioidEpidemic,898196004113182720,1080509366,RepBillFoster,2017-08-17T14:53:09.000Z,1.0,1.0,,,True,1.0,"['irrelevant', 'irrelevant']","['A37WDOIQH6JM6V', 'ACDX50KGPE97I']"
relevance_tweets17_557,relevant,"@martyalen @cmarymac realize,48th CD voters know Dana Rohrbacher &amp; by a wide margin continue re-elect him despite lib/left clammer",825894671704522752,19139963,DanaRohrabacher,2017-01-30T02:33:28.000Z,1.0,1.0,political,external regulation and reputation,True,1.0,"['relevant', 'relevant']","['A2KLJKDG90K1PP', 'A2Q1YS118AO2BP']"
relevance_tweets17_558,relevant,"""Being the Queen is not all about singing, and being a diva is not all about singing. It has much to do with your service to people. And your social contributions to your community and your civic contributions as well."" RIP Aretha Franklin #Respect #QueenOfSoul https://t.co/8Vj6Sjia2e",1030116830470438912,13491312,RepTimRyan,2018-08-16T15:39:25.000Z,1.0,1.0,other,other,True,1.0,"['relevant', 'irrelevant']","['A2Q1YS118AO2BP', 'A3CVY8G619MGTI']"
relevance_tweets17_559,relevant,About to speak live on the House floor about the #WrongChoiceAct that gives Wall Street a huge giveaway. Watch live: https://t.co/LC4g47uHtHhttps://t.co/iqPb63QGsE,872483074872934404,1045110018,RepDanKildee,2017-06-07T15:59:09.000Z,1.0,1.0,policy prescription and evaluation,policy prescription and evaluation,True,1.0,"['relevant', 'relevant']","['A17D6BK59S31BM', 'ACDX50KGPE97I']"
relevance_tweets17_560,irrelevant,Awesome fight in #Greenville #NCAATournament -- heartbreaker  for the ,843618164856569857,2953974395,RepFrenchHill,2017-03-20T00:20:18.000Z,0.0,0.0,,,True,0.0,"['irrelevant', 'irrelevant']","['A17D6BK59S31BM', 'A2Q1YS118AO2BP']"
relevance_tweets17_561,relevant,"Today is #FirstResponderFriday in #AL03!  Each week, I will take the opportunity to highlight… https://t.co/aIxdW57zsv",972150701005705217,33977070,RepMikeRogersAL,2018-03-09T16:42:43.000Z,1.0,1.0,other,,True,1.0,"['irrelevant', 'irrelevant']","['A2KLJKDG90K1PP', 'A2R2YZTSME1K3F']"
relevance_tweets17_562,relevant,"FIRST: they went after health care
THEN: they tried to raise taxes on working families
NOW: their #GOPBudget will destroy Middle Class jobs",915277786079748096,234014087,RepWilson,2017-10-03T18:10:03.000Z,1.0,1.0,political,economic,True,1.0,"['relevant', 'relevant']","['A17D6BK59S31BM', 'A32CMQGGTSUK6Z']"
relevance_tweets17_563,relevant,"D’Souza pleaded guilty to a felony. 
As with the pardon of Joe Arpaio, Trump is sending a message that he will reward political allies for loyalty with get-out-of-jail-free cards.
He doesn’t care about the rule of law. https://t.co/68GlReJJ9D",1002191952215977984,2962868158,RepDonBeyer,2018-05-31T14:15:55.000Z,1.0,1.0,"law and order, crime and justice",political,True,1.0,"['relevant', 'relevant']","['A17D6BK59S31BM', 'A2R2YZTSME1K3F']"
relevance_tweets17_564,relevant,We’ll be discussing legislation to help improve America’s water infrastructure at @EPWGOP this morning. You can watch the hearing live at 10 a.m.: https://t.co/zsIi64hoSx,994214028716232705,193794406,SenCapito,2018-05-09T13:54:30.000Z,1.0,1.0,health and safety,,True,1.0,"['relevant', 'relevant']","['A2Q1YS118AO2BP', 'A3GUJ6JD25FX7O']"
relevance_tweets17_565,relevant,Proud to stand with the @NPCBee winner @ToddGillman and @ScrippsBee champ Ananya Vinay @PressClubDC https://t.co/MrobENiycs,912849474111901699,137794015,RepTedDeutch,2017-09-27T01:20:49.000Z,1.0,1.0,political,,True,1.0,"['irrelevant', 'irrelevant']","['A2Q1YS118AO2BP', 'ACDX50KGPE97I']"
relevance_tweets17_566,relevant,.@CoryBooker Urges NJ to Reject @realDonaldTrump Administration Efforts to Obtain Sensitive Voter Information: https://t.co/rCEnD4mphf,883688158809948161,2167097881,SenBooker,2017-07-08T14:04:09.000Z,1.0,1.0,political,morality,True,1.0,"['relevant', 'relevant']","['A32CMQGGTSUK6Z', 'A9K0CV70JWG1W']"
relevance_tweets17_567,relevant,"In case you were wondering who is angling for a shutdown… “The discussions appeared to be headed in a positive direction until the president ‘dropped a grenade into the middle of everything,’ said a second Senate GOP aide.” https://t.co/yDMYgDSLNm",953361213039165440,29201047,SenJeffMerkley,2018-01-16T20:20:00.000Z,1.0,1.0,political,political,True,1.0,"['relevant', 'relevant']","['A3CVY8G619MGTI', 'ATR6RB1RULOC0']"
relevance_tweets17_568,relevant,Going to be on @CNN at 1140 am ET to discuss @realDonaldTrump's most  recent offensive tweets on Puerto Rico,1040259123865165827,164369297,NydiaVelazquez,2018-09-13T15:21:16.000Z,1.0,1.0,other,,True,1.0,"['relevant', 'relevant']","['A2Q1YS118AO2BP', 'ATR6RB1RULOC0']"
relevance_tweets17_569,irrelevant,Ramadan Mubarak to everyone celebrating.,868184377536262144,937723303,RepJohnDelaney,2017-05-26T19:17:40.000Z,0.0,0.0,,,True,0.0,"['irrelevant', 'irrelevant']","['A2R2YZTSME1K3F', 'ACDX50KGPE97I']"
relevance_tweets17_570,relevant,"Today, I made sure Secretary Mnuchin heard about my disabled constituent Caitlin &amp; millions like her who deserve better than this budget. https://t.co/ffiog5vl7i",867486994418544640,193732179,RepJudyChu,2017-05-24T21:06:31.000Z,1.0,1.0,fairness and equality,policy prescription and evaluation,True,1.0,"['relevant', 'relevant']","['A2Q1YS118AO2BP', 'A37WDOIQH6JM6V']"
relevance_tweets17_571,relevant,"Thank you to @CCharitiesUSA, @bostoncatholic, @JALSA_boston, and all of the students for these messages of hope and love. #FamiliesBelongTogether",1013770162917568517,21406834,SenMarkey,2018-07-02T13:03:36.000Z,1.0,1.0,other,,True,1.0,"['irrelevant', 'irrelevant']","['A37WDOIQH6JM6V', 'A3GUJ6JD25FX7O']"
relevance_tweets17_572,relevant,Martha &amp; I spent some time today— our 42nd wedding anniversary— assembling care packages for deployed U.S. service members at a Capitol Hill event hosted by the @the_USO. #BeTheForce https://t.co/dpspXA9DJn,998969322159706113,237299871,RepMoBrooks,2018-05-22T16:50:21.000Z,1.0,1.0,political,,True,1.0,"['irrelevant', 'relevant']","['A23WTODPHXZ68Y', 'A2Q1YS118AO2BP']"
relevance_tweets17_573,relevant,That's why I remain seriously concerned that an AT&amp;T/Time Warner merger will harm consumers in order to pad Big Cable's bottom line.,832716902153613312,250188760,RonWyden,2017-02-17T22:22:35.000Z,1.0,1.0,economic,economic,True,1.0,"['irrelevant', 'irrelevant']","['A2KLJKDG90K1PP', 'A2R2YZTSME1K3F']"
relevance_tweets17_574,relevant,@SenateGOP The ACA provides free preventive cancer screenings for Patricia and her family. She's very afraid this Congress will take that away. https://t.co/CUXPV7scvm,890363318841606144,242555999,SenWhitehouse,2017-07-27T00:08:52.000Z,1.0,1.0,health and safety,health and safety,True,1.0,"['relevant', 'relevant']","['A17D6BK59S31BM', 'A2R2YZTSME1K3F']"
relevance_tweets17_575,relevant,.@realDonaldTrump These details just don't add up. We need a #SpecialProsecutor to get the bottom of it. https://t.co/9kzk4Tbxo4,863098296948150272,1060984272,Elizabeth_Esty,2017-05-12T18:27:24.000Z,1.0,1.0,"law and order, crime and justice",other,True,1.0,"['relevant', 'relevant']","['A17D6BK59S31BM', 'A2Q1YS118AO2BP']"
relevance_tweets17_576,relevant,"This #PrideMonth we celebrate the contributions of the #LGBTQ community &amp; continue the fight for progress &amp; equality for all Americans, no matter their sexual orientation or gender identity https://t.co/xae5JaV1I7",1004014898156855296,1058520120,SenDuckworth,2018-06-05T14:59:40.000Z,1.0,1.0,fairness and equality,fairness and equality,True,1.0,"['relevant', 'irrelevant']","['A2KLJKDG90K1PP', 'ACDX50KGPE97I']"
relevance_tweets17_577,relevant,"Proud to intro the Climate Education Act w/ @RepSheaPorter &amp; @SenMarkey to create a new grant program that will help prepare students, educators and the workforce to combat environmental threats to our planet.  https://t.co/ueYW1AE90l",988890632855924737,2970279814,RepDebDingell,2018-04-24T21:21:14.000Z,1.0,1.0,capacity and resources,policy prescription and evaluation,True,1.0,"['relevant', 'relevant']","['ACDX50KGPE97I', 'ATR6RB1RULOC0']"
relevance_tweets17_578,relevant,Meeting with staff and touring the Killeen Teleperformance facility earlier today. We talked about how the #TaxCutsandJobsAct is impacting their business moving forward https://t.co/l7tI3q7ex6,955898518450982913,1077446982,RepRWilliams,2018-01-23T20:22:21.000Z,1.0,1.0,economic,,True,1.0,"['irrelevant', 'relevant']","['A2Q1YS118AO2BP', 'A37WDOIQH6JM6V']"
relevance_tweets17_579,relevant,"#SmallBizSat is an opportunity to support the small, local businesses that are the heart of Maryland's economy. I encourage everyone to #ShopSmall today, and throughout this holiday season. https://t.co/1RZ8NhtD4k",934486147522318343,109071031,SenatorCardin,2017-11-25T18:17:14.000Z,1.0,1.0,economic,economic,True,1.0,"['relevant', 'irrelevant']","['A2Q1YS118AO2BP', 'A2R2YZTSME1K3F']"
relevance_tweets17_580,relevant,House panel is expected to propose restoring funding for earthquake early warning system via @latimes @ronlin https://t.co/2wjUFIzFGt,884965831574142976,22545491,KenCalvert,2017-07-12T02:41:10.000Z,1.0,1.0,,,True,1.0,"['relevant', 'relevant']","['A32CMQGGTSUK6Z', 'ACDX50KGPE97I']"
relevance_tweets17_581,irrelevant,7th......,1066561995460231168,55677432,BillCassidy,2018-11-25T05:19:30.000Z,0.0,0.0,,,True,0.0,"['irrelevant', 'irrelevant']","['A17D6BK59S31BM', 'A37WDOIQH6JM6V']"
relevance_tweets17_582,relevant,"Our #Kato #TownHall was filled w/ #patriotism. As your #MN01 Rep., I renew my call for an #IndependentCommission on the #PutinRussia attack https://t.co/P2HRTgZTX8",854430725336072192,1262814457,RepTimWalz,2017-04-18T20:25:34.000Z,1.0,1.0,political,external regulation and reputation,True,1.0,"['relevant', 'relevant']","['A2Q1YS118AO2BP', 'A32CMQGGTSUK6Z']"
relevance_tweets17_583,relevant,North Korea details plans to dismantle nuclear test site - Reuters https://t.co/tjb5o1KHgP,995363615170539522,13218102,JohnCornyn,2018-05-12T18:02:33.000Z,1.0,1.0,other,,True,1.0,"['relevant', 'relevant']","['A17D6BK59S31BM', 'ATR6RB1RULOC0']"
relevance_tweets17_584,relevant,"Finally, a plea to #POTUS: This is not a time to be #NorthKorea's schoolyard bully. You must tweet softly and carry a big stick.",912782332439990272,88806753,RepGaramendi,2017-09-26T20:54:01.000Z,1.0,1.0,political,external regulation and reputation,True,1.0,"['relevant', 'relevant']","['A2R2YZTSME1K3F', 'ACDX50KGPE97I']"
relevance_tweets17_585,relevant,.@DTLB68 You can find a list of my upcoming town halls and other meetings at https://t.co/hLYQisfvns or by signing up for my newsletter,835166450247675905,303861808,RepThompson,2017-02-24T16:36:13.000Z,1.0,1.0,other,,True,1.0,"['relevant', 'relevant']","['A3GUJ6JD25FX7O', 'ACDX50KGPE97I']"
relevance_tweets17_586,relevant,Just got notification from the @DeptVetAffairs that they plan to open the #VAHospital in #Aurora on 8/11/18. Stay tuned for tomorrow's oversight hearing.  #CO06,953361730826113029,19407835,RepMikeCoffman,2018-01-16T20:22:03.000Z,1.0,1.0,,,True,1.0,"['relevant', 'relevant']","['A37WDOIQH6JM6V', 'ACDX50KGPE97I']"
relevance_tweets17_587,relevant,"We have to STOP promoting the practice of rewarding illegal aliens with jobs and safe havens, and we MUST put Americans first.",951543028908482560,299883942,CongPalazzo,2018-01-11T19:55:11.000Z,1.0,1.0,fairness and equality,policy prescription and evaluation,True,1.0,"['relevant', 'relevant']","['A2Q1YS118AO2BP', 'ACDX50KGPE97I']"
relevance_tweets17_588,relevant,"As of today, all 3 #FL25 counties have a Right of Entry Center to apply for Operation Blue Roof. Details here: https://t.co/exMqyks5yG",910854787406671873,37094727,MarioDB,2017-09-21T13:14:38.000Z,1.0,1.0,,,True,1.0,"['relevant', 'irrelevant']","['A2R2YZTSME1K3F', 'A32CMQGGTSUK6Z']"
relevance_tweets17_589,relevant,"Today is another opportunity to raise awareness about the #opioidcrisis, remember those who have fallen victim to substance abuse, &amp; redouble our efforts to #EndOverdose here in #IL16 &amp; across the country. #OverdoseAwarenessDay https://t.co/wt7e0owpCjhttps://t.co/PrTLsfB6LC",1035648763271020544,219429281,RepKinzinger,2018-08-31T22:01:21.000Z,1.0,1.0,health and safety,health and safety,True,1.0,"['irrelevant', 'relevant']","['A23WTODPHXZ68Y', 'A2R2YZTSME1K3F']"
relevance_tweets17_590,relevant,Will be joining @POTUS in the Oval Office soon for the signing of our legislation to stop the SPR. Watch here https://t.co/di8MqbUJSr #jobs,832308175332323328,240427862,RepMcKinley,2017-02-16T19:18:27.000Z,1.0,1.0,policy prescription and evaluation,policy prescription and evaluation,True,1.0,"['relevant', 'irrelevant']","['A2KLJKDG90K1PP', 'A2Q1YS118AO2BP']"
relevance_tweets17_591,relevant,My op-ed in @dallasnews: 'Obama nearly killed the Monroe Doctrine and @POTUS should revive it'  https://t.co/zldo9XXKmY,850466175914037248,2953974395,RepFrenchHill,2017-04-07T21:51:51.000Z,1.0,1.0,other,policy prescription and evaluation,True,1.0,"['relevant', 'relevant']","['A37WDOIQH6JM6V', 'A3GUJ6JD25FX7O']"
relevance_tweets17_592,relevant,"Celebrating #IndependenceDay in #Norwood at the Town's annual #4thofJuly Parade and celebration.
 #Happy4th https://t.co/PrM7IfvDcF",882379231799287809,310310133,RepStephenLynch,2017-07-04T23:22:57.000Z,1.0,1.0,,,True,1.0,"['irrelevant', 'irrelevant']","['A2R2YZTSME1K3F', 'A9K0CV70JWG1W']"
relevance_tweets17_593,relevant,It doesn't have to be a partisan issue: we need to pass the #DREAMAct and #ProtectDreamers in #CT and throughout the nation. It's good for our economy &amp; good for our country. https://t.co/8ja32m0Grx,935539670028562433,1060984272,Elizabeth_Esty,2017-11-28T16:03:33.000Z,1.0,1.0,policy prescription and evaluation,policy prescription and evaluation,True,1.0,"['relevant', 'relevant']","['A2R2YZTSME1K3F', 'A32CMQGGTSUK6Z']"
relevance_tweets17_594,relevant,It was an honor to receive the Champion of Play award for dedication to education. Our children deserve the best education we can provide. https://t.co/JMStkCduij,862776823968563200,291756142,SenatorEnzi,2017-05-11T21:09:59.000Z,1.0,1.0,other,quality of life,True,1.0,"['irrelevant', 'irrelevant']","['A2R2YZTSME1K3F', 'A3GUJ6JD25FX7O']"
relevance_tweets17_595,relevant,"During #NationalParkWeek, I thank over 100 organizations calling on the Trump Administration to #KeepItPublic &amp; preserve America’s national parks for generations of Americans to enjoy. https://t.co/TVGexAE5Cb #MonumentsForAll #ProtectBearsEars https://t.co/X6lua2uYc3",989231986337296384,22012091,LeaderHoyer,2018-04-25T19:57:39.000Z,1.0,1.0,policy prescription and evaluation,policy prescription and evaluation,True,1.0,"['relevant', 'relevant']","['A2Q1YS118AO2BP', 'A32CMQGGTSUK6Z']"
relevance_tweets17_596,relevant,"From my entire staff, family, and myself, we wish you a very happy Thanksgiving. I am extremely thankful for my family, my friends, and for the incredible opportunity I have to serve you in Washington. What are you #thankful for this year? https://t.co/eQPmuXOCwp",1065621927362850817,2253968388,RepByrne,2018-11-22T15:04:00.000Z,1.0,1.0,,,True,1.0,"['relevant', 'irrelevant']","['A2Q1YS118AO2BP', 'A3GUJ6JD25FX7O']"
relevance_tweets17_597,relevant,"I'm calling on Senate leadership to wait on the tax bill until our state has two ELECTED senators in office. For one of the most consequential votes this Senate is likely to take, we cannot have an unelected temporary placeholder speaking on behalf of Alabamians. https://t.co/Jllk0BkB1z",941028752208879617,381152398,RepTerriSewell,2017-12-13T19:35:12.000Z,1.0,1.0,constitutionality and jurisprudence,political,True,1.0,"['relevant', 'relevant']","['A2Q1YS118AO2BP', 'ACDX50KGPE97I']"
relevance_tweets17_598,relevant,"More than 1,100 law school professors nationwide oppose Sessions’s nomination as attorney - WaPo https://t.co/uhnP45mUSE",816603137142362112,14135426,keithellison,2017-01-04T11:12:14.000Z,1.0,1.0,other,other,True,1.0,"['relevant', 'relevant']","['A2Q1YS118AO2BP', 'A2R2YZTSME1K3F']"
relevance_tweets17_599,relevant,"I addressed @NCAEonline during their annual meeting. The 2017 hurricane season + recent wildfires had a serious impact on #ag, hurting farmers across the country. The House already passed disaster relief assistance. I once again urge my colleagues in the Senate to do the same. https://t.co/uf4ApMnxKj",960909308593692672,37094727,MarioDB,2018-02-06T16:13:26.000Z,1.0,1.0,health and safety,capacity and resources,True,1.0,"['relevant', 'relevant']","['A17D6BK59S31BM', 'A2KLJKDG90K1PP']"
relevance_tweets17_600,relevant,"Had a productive meeting this morning with Dennis Alvord, the Deputy Assistant Secretary for Regional Affairs at @US_EDA
I was glad we had the opportunity to discuss how EDA grants have positively impacted south Mississippi and ways we will continue working together. https://t.co/mcRVl5LPsT",1072529878191362048,299883942,CongPalazzo,2018-12-11T16:33:44.000Z,1.0,1.0,economic,policy prescription and evaluation,True,1.0,"['relevant', 'relevant']","['A2R2YZTSME1K3F', 'ACDX50KGPE97I']"
relevance_tweets17_601,relevant,"We should build on reforms we’ve made to expand coverage &amp; reduce costs. Instead, GOP asks people to #PayMoreForLess https://t.co/exiWxGPHMZ",839766804251701248,995193054,RepDelBene,2017-03-09T09:16:22.000Z,1.0,1.0,political,policy prescription and evaluation,True,1.0,"['relevant', 'irrelevant']","['A17D6BK59S31BM', 'A2Q1YS118AO2BP']"
relevance_tweets17_602,relevant,"As we take pride in their accomplishments, we must also recommit ourselves to fighting the alarming increase of anti-Semitism worldwide&amp;use this as an opportunity to educate young generations about the importance of tolerance, equality&amp;the right to live free from fear&amp;violence.",992132995816611840,1077121945,RepLoisFrankel,2018-05-03T20:05:13.000Z,1.0,1.0,morality,morality,True,1.0,"['relevant', 'irrelevant']","['A32CMQGGTSUK6Z', 'A37WDOIQH6JM6V']"
relevance_tweets17_603,relevant,"I voted in favor of the rules, which had broad support among educators &amp; orgs, but we were outvoted. It was not a good day for education 3/3",829460689689382916,2962868158,RepDonBeyer,2017-02-08T22:43:33.000Z,1.0,1.0,political,policy prescription and evaluation,True,1.0,"['relevant', 'relevant']","['A17D6BK59S31BM', 'A32CMQGGTSUK6Z']"
relevance_tweets17_604,relevant,Hurd Statement on the Firing of FBI Director James Comey: https://t.co/YYR3z1dX2Ehttps://t.co/0mY4MSnyfB,862397511402749952,2963445730,WillHurd,2017-05-10T20:02:43.000Z,1.0,1.0,economic,,True,1.0,"['relevant', 'relevant']","['A3GUJ6JD25FX7O', 'A9K0CV70JWG1W']"
relevance_tweets17_605,relevant,Grateful to see members of the @FightingFirst arrived safely in Poland to boost @USArmy deterrence. #StrongEurope https://t.co/II1ruIAXQd,908730935423782913,18632666,JerryMoran,2017-09-15T16:35:13.000Z,1.0,1.0,external regulation and reputation,other,True,1.0,"['irrelevant', 'irrelevant']","['A2Q1YS118AO2BP', 'A37WDOIQH6JM6V']"
relevance_tweets17_606,relevant,"#Dreamers are vital contributors to our nation’s success, including more than 800 in our nation’s military. #DreamActNow",941071423572987904,250188760,RonWyden,2017-12-13T22:24:46.000Z,1.0,1.0,policy prescription and evaluation,policy prescription and evaluation,True,1.0,"['relevant', 'relevant']","['A17D6BK59S31BM', 'A3GUJ6JD25FX7O']"
relevance_tweets17_607,relevant,Proud to speak at the 24 hr #Healthcare Vigil w/faith leaders. We must #StopTrumpcare &amp; #SaveMedicaid! #ProtectOurCare @TheRAC @bend_thearc https://t.co/2Z667ald9f,880188738218885122,162069635,RepCohen,2017-06-28T22:18:42.000Z,1.0,1.0,policy prescription and evaluation,health and safety,True,1.0,"['relevant', 'relevant']","['A32CMQGGTSUK6Z', 'A37WDOIQH6JM6V']"
relevance_tweets17_608,relevant,Excited to discuss @realDonaldTrump's endorsement of my #ALsen campaign!  Tune in Alabama at 6:15 CT and go #vote! https://t.co/JCOjC5pNu9,897407411417477120,15141113,lutherstrange,2017-08-15T10:39:34.000Z,1.0,1.0,political,,True,1.0,"['relevant', 'relevant']","['A2KLJKDG90K1PP', 'A2Q1YS118AO2BP']"
relevance_tweets17_609,relevant,I have been reaching out to officials in my district all weekend long and I have the following information for all of you:,902184162404298752,210926192,RepCuellar,2017-08-28T15:00:40.000Z,1.0,1.0,political,,True,1.0,"['relevant', 'relevant']","['A17D6BK59S31BM', 'A2Q1YS118AO2BP']"
relevance_tweets17_610,relevant,".@USDA is charged with protecting our food, forests &amp; farmers. We need agriculture experts, not partisan appointees. https://t.co/3jaxu5vL7S",911266593010851846,56864092,RepMikeQuigley,2017-09-22T16:31:00.000Z,1.0,1.0,political,capacity and resources,True,1.0,"['relevant', 'relevant']","['A17D6BK59S31BM', 'A2R2YZTSME1K3F']"
relevance_tweets17_611,relevant,Today's the anniversary of the Family Medical Leave Act. Proud to have authored the 1st bill in the country in the CT State Senate #FMLA24,893185880877346817,50452197,RepJohnLarson,2017-08-03T19:04:43.000Z,1.0,1.0,constitutionality and jurisprudence,policy prescription and evaluation,True,1.0,"['relevant', 'irrelevant']","['A32CMQGGTSUK6Z', 'ACDX50KGPE97I']"
relevance_tweets17_612,irrelevant,.@RepDrewFerguson: Here's a little pre-game video to help pass the time before kickoff. Thought you might want a refresher on the last time @AlabamaFTBL and @FootballUGA met in Atlanta. #RollTide https://t.co/DgYwsS27eM,950509140287348737,2253968388,RepByrne,2018-01-08T23:26:53.000Z,0.0,0.0,,,True,0.0,"['relevant', 'irrelevant']","['A2Q1YS118AO2BP', 'ATR6RB1RULOC0']"
relevance_tweets17_613,relevant,"The extrajudicial and extraterritorial murder of a journalist is something we would expect of the Kremlin, not an ally.
Jamal Khashoggi’s death must cause us to re-examine our relationship with Saudi Arabia, and that should begin with the suspension of military aid in Yemen. https://t.co/hNQONEMZ84",1054096406963806208,29501253,RepAdamSchiff,2018-10-21T19:45:42.000Z,1.0,1.0,external regulation and reputation,external regulation and reputation,True,1.0,"['relevant', 'relevant']","['A17D6BK59S31BM', 'A2R2YZTSME1K3F']"
relevance_tweets17_614,relevant,"This week, I spoke to the Japan America Society of St. Louis. Proud of the growing trade relationship between our two nations. https://t.co/r4u5Gy3N22",918149794446659585,1051446626,RepAnnWagner,2017-10-11T16:22:24.000Z,1.0,1.0,external regulation and reputation,external regulation and reputation,True,1.0,"['relevant', 'irrelevant']","['A17D6BK59S31BM', 'A32CMQGGTSUK6Z']"
relevance_tweets17_615,relevant,"My thoughts are with all suffering after the terror attack in #Barcelona. Praying for the victims, their loved ones and the people of Spain.",898243403749699584,15764644,SpeakerPelosi,2017-08-17T18:01:30.000Z,1.0,1.0,security and defense,other,True,1.0,"['relevant', 'irrelevant']","['A2R2YZTSME1K3F', 'A32CMQGGTSUK6Z']"
relevance_tweets17_616,relevant,"Thinking of all the students,teachers,parents,first responders affected by the terrifying situation at Sal Castro Middle School today. Our hearts are w/ the 2 students who were shot &amp; we pray for their healing. Guns do not belong anywhere near our schools! https://t.co/oeoSFlgRhC",959185500941770752,161411080,gracenapolitano,2018-02-01T22:03:38.000Z,1.0,1.0,other,health and safety,True,1.0,"['relevant', 'relevant']","['A2R2YZTSME1K3F', 'ACDX50KGPE97I']"
relevance_tweets17_617,relevant,My bipartisan bill is good for workers &amp; it’s good for job creators. Thanks to my fellow Committee members for their support. #SaveLocalBiz,915624706702704640,2253968388,RepByrne,2017-10-04T17:08:36.000Z,1.0,1.0,constitutionality and jurisprudence,policy prescription and evaluation,True,1.0,"['relevant', 'relevant']","['A23WTODPHXZ68Y', 'A3CVY8G619MGTI']"
relevance_tweets17_618,relevant,"Happy birthday, @USMC! Thank you for your service to the United States. #SemperFi https://t.co/54HJPehOux",929055630916276225,37920978,RepGoodlatte,2017-11-10T18:38:18.000Z,1.0,1.0,other,security and defense,True,1.0,"['irrelevant', 'irrelevant']","['A2Q1YS118AO2BP', 'A37WDOIQH6JM6V']"
relevance_tweets17_619,relevant,"One of my greatest joys as a Congressman for #TX10, is co-chairing the #childhoodcancercaucus #allianceforchildhoodcancer @StBaldricks https://t.co/RtZOF7l8W2",859142514535739393,26424123,RepMcCaul,2017-05-01T20:28:32.000Z,1.0,1.0,health and safety,other,True,1.0,"['relevant', 'relevant']","['A2R2YZTSME1K3F', 'ATR6RB1RULOC0']"
relevance_tweets17_620,relevant,Americans with pre-existing conditions shouldn’t face discrimination. Period. #ProtectOurCare https://t.co/4GI2DTBdQa,1005147193811095552,20552026,RepPerlmutter,2018-06-08T17:59:00.000Z,1.0,1.0,health and safety,health and safety,True,1.0,"['relevant', 'relevant']","['A2KLJKDG90K1PP', 'A3GUJ6JD25FX7O']"
relevance_tweets17_621,relevant,"Let’s ban these military-style assault weapons like the AR-15, which are the guns of choice for those who seek to inflict mass casualties on civilians. These are weapons that belong in combat, not in our communities.",965983721315807232,21406834,SenMarkey,2018-02-20T16:17:20.000Z,1.0,1.0,policy prescription and evaluation,health and safety,True,1.0,"['relevant', 'relevant']","['A2Q1YS118AO2BP', 'ATR6RB1RULOC0']"
relevance_tweets17_622,relevant,"✈Acceleration of the safe integration of UAS technology. In May, @USDOT announced that @KDOTHQ was a winner of its UAS Integration Pilot Program. The IPP is a solid path forward to address airspace sovereignty &amp; included in this bill is my language to codify &amp; expand the IPP.",1047995535267753984,18632666,JerryMoran,2018-10-04T23:43:01.000Z,1.0,1.0,policy prescription and evaluation,policy prescription and evaluation,True,1.0,"['relevant', 'relevant']","['A2KLJKDG90K1PP', 'A2R2YZTSME1K3F']"
relevance_tweets17_623,relevant,@openletterbot I’m a proud original cosponsor of the #KeepFamiliesTogetherAct and will continue to fight for its passage bc #FamiliesBelongTogether. You can read about what I saw at a detention center in NJ &amp; the other steps I'm taking here: https://t.co/N40olBn1oI,1009850079069589504,258900199,RepMaloney,2018-06-21T17:26:35.000Z,1.0,1.0,constitutionality and jurisprudence,policy prescription and evaluation,True,1.0,"['relevant', 'relevant']","['A2Q1YS118AO2BP', 'A38DC3BG1ZCVZ2']"
relevance_tweets17_624,relevant,Joined @foxandfriends to discuss legislation granting Charlie Gard U.S. legal residency for lifesaving treatment → https://t.co/5cbvFXaEvu,884419581774884865,518644221,RepBradWenstrup,2017-07-10T14:30:34.000Z,1.0,1.0,policy prescription and evaluation,,True,1.0,"['relevant', 'relevant']","['A23WTODPHXZ68Y', 'A2KLJKDG90K1PP']"
relevance_tweets17_625,relevant,Joe’s staff attended @CHIPIndy’s panel on @MCCOYouth's initiative to better serve youth experiencing homelessness. #YouthCountIndy https://t.co/OrQsg2yCRv,884517257694642178,216503958,SenDonnelly,2017-07-10T20:58:42.000Z,1.0,1.0,health and safety,quality of life,True,1.0,"['relevant', 'relevant']","['A2KLJKDG90K1PP', 'A32CMQGGTSUK6Z']"
relevance_tweets17_626,relevant,My latest letter to @USACEHQ reemphasizing the importance of replenishing @PresqueIsleSP's beaches: https://t.co/CYqExdQpsh #Erie #PA03 #PA,862047635766734850,935368364,MikeKellyPA,2017-05-09T20:52:27.000Z,1.0,1.0,policy prescription and evaluation,policy prescription and evaluation,True,1.0,"['relevant', 'relevant']","['A32CMQGGTSUK6Z', 'A3GUJ6JD25FX7O']"
relevance_tweets17_627,relevant,"Wishing my friend, @RepAnthonyBrown a speedy recovery. Glad to hear he’s feeling better. Now rest up and hurry back soon. Congress needs you! https://t.co/zOr2JhH3F8",996208905574330368,18137749,ChrisVanHollen,2018-05-15T02:01:26.000Z,1.0,1.0,other,other,True,1.0,"['relevant', 'relevant']","['A17D6BK59S31BM', 'A2Q1YS118AO2BP']"
relevance_tweets17_628,relevant,Honored to join so many from throughout our community to recognize and celebrate the life and legacy of Dr. King at King Solomon Missionary Baptist Church today. #MLKDay https://t.co/MBKDavITxX,953007726375985157,384913290,RepJohnYarmuth,2018-01-15T20:55:22.000Z,1.0,1.0,other,other,True,1.0,"['relevant', 'relevant']","['A2Q1YS118AO2BP', 'A32CMQGGTSUK6Z']"
relevance_tweets17_629,relevant,I am proud to be a member of the #ExpandSocialSecurity Caucus and join over 100 of my colleagues in Congress to fight to protect Social Security and make it stronger for generations to come! Learn more here ⬇ https://t.co/xCiSefjDHe,1042518521178152963,1243902714,RepBrownley,2018-09-19T20:59:19.000Z,1.0,1.0,political,health and safety,True,1.0,"['relevant', 'relevant']","['A2KLJKDG90K1PP', 'A2Q1YS118AO2BP']"
relevance_tweets17_630,relevant,Watch my full Senate floor tribute to Corporal Matt Henderson who died in Iraq in May 2004 while serving our country. #NEHeroes https://t.co/5vDtpJx7TP,1068266750142230528,1071402577,SenatorFischer,2018-11-29T22:13:35.000Z,1.0,1.0,security and defense,security and defense,True,1.0,"['relevant', 'relevant']","['A2KLJKDG90K1PP', 'ACDX50KGPE97I']"
relevance_tweets17_631,relevant,"Congratulations to my friend, colleague and fellow New Yorker @RepJeffries. He was elected Chair of our Democratic Caucus in the House of Representatives. A very talented hard working member who will do a great job for the house and for our country.",1067869474936754177,33563161,RepJoseSerrano,2018-11-28T19:54:57.000Z,1.0,1.0,political,political,True,1.0,"['relevant', 'relevant']","['ACDX50KGPE97I', 'ATR6RB1RULOC0']"
relevance_tweets17_632,relevant,.@POTUS budget proposal is devastating assault on every American. It represents a vision for our country that is both cruel and unrealistic. https://t.co/iAVoHs9PKx,867082948390027264,164007407,RepEliotEngel,2017-05-23T18:20:59.000Z,1.0,1.0,economic,morality,True,1.0,"['irrelevant', 'relevant']","['A2Q1YS118AO2BP', 'A37WDOIQH6JM6V']"
relevance_tweets17_633,relevant,The House has begun a reading of the #Constitution. Tune in at https://t.co/UilA94yOZo.,817025183127113728,18916432,SpeakerRyan,2017-01-05T15:09:17.000Z,1.0,1.0,,,True,1.0,"['relevant', 'relevant']","['A32CMQGGTSUK6Z', 'ACDX50KGPE97I']"
relevance_tweets17_634,relevant,Spread the word - there's a fake phone number circulating for the Veterans Choice Program. This is the real number: 1-866-606-8198 https://t.co/p0XbbvscPm,864587020449927168,1061029050,SenatorHeitkamp,2017-05-16T21:03:03.000Z,1.0,1.0,security and defense,security and defense,True,1.0,"['relevant', 'relevant']","['A2Q1YS118AO2BP', 'A3GUJ6JD25FX7O']"
relevance_tweets17_635,relevant,Tom Price has repeatedly voted to undermine women’s rights and healthcare access. He is a dangerous pick to lead HHS. #ThePriceIsNotRight,821788760337682432,1055730738,RepLowenthal,2017-01-18T18:38:03.000Z,1.0,1.0,political,political,True,1.0,"['relevant', 'relevant']","['A17D6BK59S31BM', 'A32CMQGGTSUK6Z']"
relevance_tweets17_636,relevant,"It’s because of Carlos’s story, and the stories so many other Floridians have shared with me, that I'm fighting against #Trumpcare. Watch: https://t.co/fw2asPmgbe",878260253544075268,137794015,RepTedDeutch,2017-06-23T14:35:36.000Z,1.0,1.0,health and safety,health and safety,True,1.0,"['relevant', 'relevant']","['A17D6BK59S31BM', 'A2R2YZTSME1K3F']"
relevance_tweets17_637,relevant,".@RepJayapal is right—this treatment of those seeking a better life on US soil is disturbing &amp; cruel. 
We cannot allow this to continue. President Trump &amp; Republican leaders must keep their word &amp; work w/ Democrats to fix our broken immigration system. https://t.co/I0jlusFshS",1006301046996717568,293131808,PattyMurray,2018-06-11T22:24:00.000Z,1.0,1.0,policy prescription and evaluation,policy prescription and evaluation,True,1.0,"['relevant', 'relevant']","['A2Q1YS118AO2BP', 'A32CMQGGTSUK6Z']"
relevance_tweets17_638,relevant,Met w/ @NatlParkService director nominee David Vela earlier this week &amp; secured his commitment at @EnergyGOP hearing to help advance development of Teddy Roosevelt Presidential Library: https://t.co/vKsvZwg3zqhttps://t.co/pWpog3LkuH,1063544349999472647,382791093,SenJohnHoeven,2018-11-16T21:28:27.000Z,1.0,1.0,policy prescription and evaluation,capacity and resources,True,1.0,"['relevant', 'relevant']","['A37WDOIQH6JM6V', 'A9K0CV70JWG1W']"
relevance_tweets17_639,relevant,Pleased my staff recorded memories of #Arkansas #veteran Edwin Ross which will be submitted to the @librarycongress Veterans History Project https://t.co/gatJThwS3L,890573871950311424,5558312,JohnBoozman,2017-07-27T14:05:31.000Z,1.0,1.0,security and defense,security and defense,True,1.0,"['relevant', 'relevant']","['A17D6BK59S31BM', 'A2KLJKDG90K1PP']"
relevance_tweets17_640,relevant,The American people do not want this reckless repeal plan &amp; now Senate Republicans don't have the votes to pass it. https://t.co/nHBZMEaRST,887317016075489281,1071840474,RepSchneider,2017-07-18T14:23:56.000Z,1.0,1.0,political,political,True,1.0,"['relevant', 'relevant']","['A2Q1YS118AO2BP', 'A3CVY8G619MGTI']"
relevance_tweets17_641,relevant,"This weekend celebrates LGBT victories and inspires us to take on the battles yet to be won. Have a safe &amp; happy Pride, San Diego! #SDPride https://t.co/QmZGLNPdHK",886261581692129280,1135486501,RepScottPeters,2017-07-15T16:30:01.000Z,1.0,1.0,morality,morality,True,1.0,"['irrelevant', 'irrelevant']","['A17D6BK59S31BM', 'A2KLJKDG90K1PP']"
relevance_tweets17_642,relevant,"""Consumer sentiment in March unexpectedly jumped to a 14-year high after tax cuts boosted disposable incomes"" https://t.co/6OaskC1gES",974704852159918080,23976316,RepKenMarchant,2018-03-16T17:52:00.000Z,1.0,1.0,economic,economic,True,1.0,"['relevant', 'relevant']","['A2KLJKDG90K1PP', 'A3GUJ6JD25FX7O']"
relevance_tweets17_643,relevant,Joined w/@SenatorShaheen @SenatorHassan &amp; @RepSheaPorter in calling on @SecretaryZinke to exempt NH’s coastline from offshore drilling. The Trump Administration has offered a waiver for Florida. Granite State communities deserve the same protection.  https://t.co/5oFofmDr49,951559653896400901,1058717720,RepAnnieKuster,2018-01-11T21:01:15.000Z,1.0,1.0,fairness and equality,health and safety,True,1.0,"['relevant', 'relevant']","['A2R2YZTSME1K3F', 'A3CVY8G619MGTI']"
relevance_tweets17_644,relevant,"We should not let anger &amp; pique over politics cloud what is clearly the right thing to do. Let’s slow down. Let’s learn more. 

Let’s not put a man on the Supreme Court with these allegations swirling &amp; while we still have the opportunity to clear this up &amp; get this right.",1045738507258482689,293131808,PattyMurray,2018-09-28T18:14:23.000Z,1.0,1.0,political,morality,True,1.0,"['relevant', 'relevant']","['A32CMQGGTSUK6Z', 'ACDX50KGPE97I']"
relevance_tweets17_645,relevant,Trade with Mexico &amp; Canada is crucial to the success of American farmers. Renegotiating #NAFTA must not threaten access to these markets.,857576165011316740,18632666,JerryMoran,2017-04-27T12:44:25.000Z,1.0,1.0,external regulation and reputation,external regulation and reputation,True,1.0,"['relevant', 'relevant']","['A2Q1YS118AO2BP', 'ATR6RB1RULOC0']"
relevance_tweets17_646,relevant,Press stories about Flynn and Russia underscore critical importance of full &amp; transparent investigation. https://t.co/WW88ExFxJN,830172127655510018,250188760,RonWyden,2017-02-10T21:50:33.000Z,1.0,1.0,"law and order, crime and justice",external regulation and reputation,True,1.0,"['relevant', 'relevant']","['A2R2YZTSME1K3F', 'A32CMQGGTSUK6Z']"
relevance_tweets17_647,relevant,"I oppose the proposed freeze on federal employee pay and I sent the following letter to the President this morning about the issue. 
https://t.co/Cd6ckEFK6F #VA10 https://t.co/G9lXFaBLt6",1035577091041964032,2933760046,RepComstock,2018-08-31T17:16:33.000Z,1.0,1.0,economic,policy prescription and evaluation,True,1.0,"['relevant', 'relevant']","['A2Q1YS118AO2BP', 'A32CMQGGTSUK6Z']"
relevance_tweets17_648,relevant,"Pleased to see the court upheld the Congressionally authorized federal coal leasing program against yet another attack. 
@LigniteCouncil, @NDAREC, @NationalMining, @TSECooperatives, @NRECANews, @AmericanCoal 
https://t.co/NsnHcUSx4i",1009117820234485764,1048784496,SenKevinCramer,2018-06-19T16:56:51.000Z,1.0,1.0,policy prescription and evaluation,policy prescription and evaluation,True,1.0,"['relevant', 'relevant']","['A32CMQGGTSUK6Z', 'ACDX50KGPE97I']"
relevance_tweets17_649,relevant,I'll be on @MSNBC at 6:20pm ET. I'll discuss #TrumpRussia connections and the President's attempts to distract from it.,849743182212583429,22812754,RepGregoryMeeks,2017-04-05T21:58:56.000Z,1.0,1.0,"law and order, crime and justice",political,True,1.0,"['relevant', 'relevant']","['A17D6BK59S31BM', 'A32CMQGGTSUK6Z']"
relevance_tweets17_650,relevant,The Open Internet Rule was created to protect a level playing field and to make sure no one can throttle access or block content. We must overturn the @FCC's repeal of #NetNeutrality. https://t.co/uACbpvf5wF,988553108501352448,117501995,SenatorCantwell,2018-04-23T23:00:02.000Z,1.0,1.0,policy prescription and evaluation,fairness and equality,True,1.0,"['relevant', 'relevant']","['A2KLJKDG90K1PP', 'A2R2YZTSME1K3F']"
relevance_tweets17_651,relevant,"The #bipartisan Congressional Caucus for Women’s Issues this week hosted a hearing about sexual harassment entitled, “#MeToo, What’s Next? Turning a Movement into Action.” This is the 3rd hearing @RepLoisFrankel &amp; I hosted focusing on sexual harassment in the workplace this year.",1040616999775289345,1074101017,SusanWBrooks,2018-09-14T15:03:21.000Z,1.0,1.0,health and safety,,True,1.0,"['relevant', 'relevant']","['A32CMQGGTSUK6Z', 'A38DC3BG1ZCVZ2']"
relevance_tweets17_652,relevant,"Today, I also voted against HR 3354, a massive $1.2T omnibus federal spending package for fiscal year 2018. More-&gt; https://t.co/WGkZeUs7pC",908443934556348416,26778110,RepWalterJones,2017-09-14T21:34:46.000Z,1.0,1.0,policy prescription and evaluation,economic,True,1.0,"['relevant', 'relevant']","['A2KLJKDG90K1PP', 'A2R2YZTSME1K3F']"
relevance_tweets17_653,relevant,"“Hatred plays the same part in Government as acids in chemistry.” Churchill, The World Crisis",1078332647145988096,13218102,JohnCornyn,2018-12-27T16:51:52.000Z,1.0,1.0,morality,,True,1.0,"['irrelevant', 'irrelevant']","['A2Q1YS118AO2BP', 'ACDX50KGPE97I']"
relevance_tweets17_654,relevant,Today's Congress on Your Corner will run from 10:30 - 12:30 at North Buffalo Community Center: https://t.co/dYs4VNAk0v,835141674275860480,33576489,RepBrianHiggins,2017-02-24T14:57:45.000Z,1.0,1.0,,,True,1.0,"['relevant', 'relevant']","['A17D6BK59S31BM', 'A32CMQGGTSUK6Z']"
relevance_tweets17_655,relevant,BREAKING: #Sessions used campaign $ to travel to RNC mtg w/ Russia amb. that he said was part of official Senate biz https://t.co/ZHgQbOGh3n,837507992241098752,242426145,RepMcGovern,2017-03-03T03:40:40.000Z,1.0,1.0,"law and order, crime and justice",morality,True,1.0,"['relevant', 'relevant']","['A2Q1YS118AO2BP', 'A37WDOIQH6JM6V']"
relevance_tweets17_656,relevant,"Tune in today at 12:15 PM CT/1:15 PM ET as I speak with @HARRISFAULKNER on @FoxNews about my personal memories of my mentor, friend, and former boss, President George H.W. Bush.",1070728916908806144,2953974395,RepFrenchHill,2018-12-06T17:17:21.000Z,1.0,1.0,other,,True,1.0,"['relevant', 'relevant']","['A2KLJKDG90K1PP', 'A3GUJ6JD25FX7O']"
relevance_tweets17_657,relevant,Happy Friday! Joining @marthamaccallum on @FoxNews shortly to discuss President @realDonaldTrump's efforts to keep us safe- tune in!,880931917452935172,234022257,SeanDuffyWI,2017-06-30T23:31:50.000Z,1.0,1.0,other,,True,1.0,"['relevant', 'relevant']","['A2Q1YS118AO2BP', 'A37WDOIQH6JM6V']"
relevance_tweets17_658,relevant,"Heartbreaking discussions on domestic violence, sexual assault &amp; violent crime with Crisis Intervention &amp; Advocacy Center last week. #ia03 https://t.co/KDZujb3lGH",835964598511624193,314205957,RepDavidYoung,2017-02-26T21:27:46.000Z,1.0,1.0,security and defense,health and safety,True,1.0,"['relevant', 'relevant']","['A17D6BK59S31BM', 'A2Q1YS118AO2BP']"
relevance_tweets17_659,relevant,My latest piece on what Congress is doing to protect your personal information. MORE: https://t.co/jBOHS8tiy2,935577289282260992,237814920,RepHultgren,2017-11-28T18:33:02.000Z,1.0,1.0,political,quality of life,True,1.0,"['irrelevant', 'relevant']","['A2Q1YS118AO2BP', 'A37WDOIQH6JM6V']"
relevance_tweets17_660,relevant,and stopping Trump Administration and Republican efforts to kick them off their coverage or cause their premiums to skyrocket. We will fight #ForThePeople,1074382837267292160,4304448314,CongBoyle,2018-12-16T19:16:44.000Z,1.0,1.0,constitutionality and jurisprudence,economic,True,1.0,"['relevant', 'relevant']","['A2KLJKDG90K1PP', 'A37WDOIQH6JM6V']"
relevance_tweets17_661,relevant,"With less than 1/3 of work capable #SNAP recipients working, we need to strengthen the program to provide opportunities for training &amp; education that will help move recipients into jobs to help support them and their families. #2018FarmBill",1040253773682298882,1240107944,RogerMarshallMD,2018-09-13T15:00:01.000Z,1.0,1.0,policy prescription and evaluation,economic,True,1.0,"['relevant', 'relevant']","['A2R2YZTSME1K3F', 'ACDX50KGPE97I']"
relevance_tweets17_662,relevant,"From @taxfoundation: #TaxReform means 39,673 new jobs &amp; $2,683 after-tax income increase for middle-class families. https://t.co/0MkQ71QgUU",927976011207241728,41417564,RepSmucker,2017-11-07T19:08:16.000Z,1.0,1.0,economic,economic,True,1.0,"['relevant', 'relevant']","['A9K0CV70JWG1W', 'ACDX50KGPE97I']"
relevance_tweets17_663,relevant,"#Equalpay isn’t a women’s issue. It impacts our families, our workforce, and our economy. We must close the #paygap now. #EqualPayAct",1004815649888178176,4304448314,CongBoyle,2018-06-07T20:01:34.000Z,1.0,1.0,economic,fairness and equality,True,1.0,"['relevant', 'relevant']","['A17D6BK59S31BM', 'A3GUJ6JD25FX7O']"
relevance_tweets17_664,relevant,Discussed #broadband #infrastructure &amp; closing the digital divide in rural America at @AmericanCable's #Summit24 today. https://t.co/8XuRWP8hhi,847194655452053504,193794406,SenCapito,2017-03-29T21:12:00.000Z,1.0,1.0,other,quality of life,True,1.0,"['relevant', 'relevant']","['A3CVY8G619MGTI', 'ATR6RB1RULOC0']"
relevance_tweets17_665,relevant,Tonight I signed a petition to bring a clean #DREAMAct to the House Floor for a vote. Congress should come together now to #protectDREAMers,912457854161969152,58928690,RepAdamSmith,2017-09-25T23:24:39.000Z,1.0,1.0,constitutionality and jurisprudence,policy prescription and evaluation,True,1.0,"['relevant', 'relevant']","['A37WDOIQH6JM6V', 'ATR6RB1RULOC0']"
relevance_tweets17_666,relevant,"Tomorrow, I'm having surgery to treat my cancer. But tonight, I'm with @SenateDems opposing #Trumpcare. Watch live https://t.co/FEJX9s9N8L",879469515414929408,92186819,maziehirono,2017-06-26T22:40:46.000Z,1.0,1.0,health and safety,policy prescription and evaluation,True,1.0,"['relevant', 'relevant']","['A9K0CV70JWG1W', 'ATR6RB1RULOC0']"
relevance_tweets17_667,irrelevant,The Silver Sound Band! https://t.co/M5k47K7VUW,882269554075987968,137794015,RepTedDeutch,2017-07-04T16:07:08.000Z,0.0,0.0,,,True,0.0,"['relevant', 'irrelevant']","['A2Q1YS118AO2BP', 'A37WDOIQH6JM6V']"
relevance_tweets17_668,relevant,The Senate Judiciary Committee’s bipartisan decision to approve legislation that would protect Special Counsel Robert Mueller from any attempted firing by President Trump is a positive step to ensuring the independence &amp; completion of the investigation https://t.co/7nxyG3tcxK,989646906627444737,2968007206,RepDeSaulnier,2018-04-26T23:26:23.000Z,1.0,1.0,"law and order, crime and justice",policy prescription and evaluation,True,1.0,"['relevant', 'relevant']","['A2Q1YS118AO2BP', 'A2R2YZTSME1K3F']"
relevance_tweets17_669,relevant,Stopped by to see the construction underway at @chicagobotanic Garden. #IL10 is lucky to be home of this beautiful site. https://t.co/9iTQ9fDzup,921075685011095552,1071840474,RepSchneider,2017-10-19T18:08:50.000Z,1.0,1.0,other,,True,1.0,"['relevant', 'relevant']","['A17D6BK59S31BM', 'A2Q1YS118AO2BP']"
relevance_tweets17_670,relevant,"Tonight, Democratic Members will wear suffragette white to oppose Republican attempts to roll back women's progress #WomenWearWhite https://t.co/YophwrkzsI",836726438271283200,80612021,JacksonLeeTX18,2017-02-28T23:55:03.000Z,1.0,1.0,political,fairness and equality,True,1.0,"['irrelevant', 'relevant']","['A2Q1YS118AO2BP', 'A37WDOIQH6JM6V']"
relevance_tweets17_671,relevant,"Bob McNair gave much to the city of Houston and to the State of Texas. We mourn his passing as we thank him for his contributions. My deepest sympathy to his wife, children and family",1066713253236101120,80612021,JacksonLeeTX18,2018-11-25T15:20:32.000Z,1.0,1.0,other,other,True,1.0,"['irrelevant', 'irrelevant']","['A17D6BK59S31BM', 'A2Q1YS118AO2BP']"
relevance_tweets17_672,relevant,"Yesterday I stopped by Hometown Restaurant in Peterstown for lunch. Thanks for having me, Linda &amp; team! #WV https://t.co/Sy9M65uhW8",852914346132783104,234374703,Sen_JoeManchin,2017-04-14T16:00:01.000Z,1.0,1.0,other,,True,1.0,"['irrelevant', 'irrelevant']","['A23WTODPHXZ68Y', 'A32CMQGGTSUK6Z']"
relevance_tweets17_673,relevant,"Scott Pruitt should resign because he's attacking the environment, rather than protecting it. And he's violating a host of ethics rules. #BootPruitt 
https://t.co/TRWJFQXacm",981263141802782720,30216513,BradSherman,2018-04-03T20:12:18.000Z,1.0,1.0,political,morality,True,1.0,"['relevant', 'relevant']","['A23WTODPHXZ68Y', 'A2Q1YS118AO2BP']"
relevance_tweets17_674,relevant,"On @CBS12 today, I discussed my school safety plan. https://t.co/ZB5P3ilbmQ",969711814169673728,229966028,SenRubioPress,2018-03-02T23:11:27.000Z,1.0,1.0,health and safety,health and safety,True,1.0,"['irrelevant', 'irrelevant']","['A23WTODPHXZ68Y', 'A2KLJKDG90K1PP']"
relevance_tweets17_675,relevant,"Every day, the #OpioidCrisis claims more victims. In 2016, 1,405 Virginians died of an opioid overdose. Visit https://t.co/IOruKF4fra for more on what @HouseGOP is doing to help stop the flow of these drugs &amp; assist those who need help. https://t.co/drPl4OYGQl",1006957604600471552,37920978,RepGoodlatte,2018-06-13T17:52:55.000Z,1.0,1.0,health and safety,policy prescription and evaluation,True,1.0,"['relevant', 'relevant']","['A3CVY8G619MGTI', 'ACDX50KGPE97I']"
relevance_tweets17_676,relevant,"Relations can be fragile, history is complicated, wounds and suspicions heal slowly https://t.co/zItFT4DJp8",841326891365748737,18805303,JeffFortenberry,2017-03-13T16:35:36.000Z,1.0,1.0,other,,True,1.0,"['irrelevant', 'irrelevant']","['A2R2YZTSME1K3F', 'A9K0CV70JWG1W']"
relevance_tweets17_677,irrelevant,Good news for #CD1. https://t.co/nxmkFVE3EX via @reviewjournal,958801120700354560,122174004,repdinatitus,2018-01-31T20:36:15.000Z,0.0,0.0,,,True,0.0,"['irrelevant', 'irrelevant']","['A2KLJKDG90K1PP', 'ATR6RB1RULOC0']"
relevance_tweets17_678,relevant,"Speaker Ryan and his Republicans now must decide whether they will #ProtectOurDemocracy, or protect Donald Trump. #IndependentInvestigation https://t.co/E8iYL6qGYO",862399090449162240,2863006655,RepLawrence,2017-05-10T20:09:00.000Z,1.0,1.0,political,political,True,1.0,"['irrelevant', 'relevant']","['A2Q1YS118AO2BP', 'A3GUJ6JD25FX7O']"
relevance_tweets17_679,relevant,"Today, I am announcing my plan to lower prescription drug prices at events across Michigan! https://t.co/DngjB9l89A",978999126439407616,76456274,SenStabenow,2018-03-28T14:15:55.000Z,1.0,1.0,policy prescription and evaluation,policy prescription and evaluation,True,1.0,"['irrelevant', 'relevant']","['A2Q1YS118AO2BP', 'ATR6RB1RULOC0']"
relevance_tweets17_680,relevant,"America is true to its values when we #ProtectDREAMers. @HouseGOP, the #DREAMAct is what our country deserves. We must pass it NOW!",906159235804909569,210926192,RepCuellar,2017-09-08T14:16:12.000Z,1.0,1.0,policy prescription and evaluation,policy prescription and evaluation,True,1.0,"['relevant', 'relevant']","['A23WTODPHXZ68Y', 'A2R2YZTSME1K3F']"
relevance_tweets17_681,relevant,"Thank you, sailors, for your hard work &amp; sacrifice to keep our country safe and ensure American families can live the American dream.",852610155653070848,995193054,RepDelBene,2017-04-13T19:51:16.000Z,1.0,1.0,other,security and defense,True,1.0,"['relevant', 'relevant']","['A17D6BK59S31BM', 'A2KLJKDG90K1PP']"
relevance_tweets17_682,relevant,During National Disability Employment Awareness Month we toured the Military Ocean Terminal site in Concord with North Bay Industries to discuss how the site is helping empower people with disabilities through employment opportunities. #NDEAM https://t.co/HcJ4oCllgM,1050809000596566017,2968007206,RepDeSaulnier,2018-10-12T18:02:43.000Z,1.0,1.0,security and defense,other,True,1.0,"['relevant', 'irrelevant']","['A17D6BK59S31BM', 'ACDX50KGPE97I']"
relevance_tweets17_683,relevant,"When it comes to advancing democratic values, Trump never misses an opportunity to miss an opportunity. Watch more w @jaketapper @TheLeadCNN https://t.co/EpwdUyiiSU",870037183440109568,21406834,SenMarkey,2017-05-31T22:00:03.000Z,1.0,1.0,political,policy prescription and evaluation,True,1.0,"['irrelevant', 'relevant']","['A2Q1YS118AO2BP', 'A2R2YZTSME1K3F']"
relevance_tweets17_684,relevant,"The pain of losing a child to a disease like #Cancer is unimaginable. This month during #ChildhoodCancerAwarenessMonth, we honor individuals &amp; groups like @LiveLikeBella who are working to raise awareness and advocate for research to combat this terrible disease. https://t.co/Gj9f8g4zOP",1044346991189221376,2853309155,carloslcurbelo,2018-09-24T22:05:00.000Z,1.0,1.0,health and safety,health and safety,True,1.0,"['irrelevant', 'irrelevant']","['A37WDOIQH6JM6V', 'ACDX50KGPE97I']"
relevance_tweets17_685,irrelevant,https://t.co/EAIHTylUVy,1072237190690889734,233842454,justinamash,2018-12-10T21:10:42.000Z,0.0,0.0,,,True,0.0,"['irrelevant', 'irrelevant']","['A2KLJKDG90K1PP', 'A32CMQGGTSUK6Z']"
relevance_tweets17_686,relevant,"This important bill restoring the original intent of the ADA. Thanks to @EricRossKOAA for the important reporting
https://t.co/iF1i0ETnk0",854034620857409537,584012853,RepDLamborn,2017-04-17T18:11:35.000Z,1.0,1.0,policy prescription and evaluation,policy prescription and evaluation,True,1.0,"['relevant', 'relevant']","['A2R2YZTSME1K3F', 'A32CMQGGTSUK6Z']"
relevance_tweets17_687,relevant,"This letter—from a bipartisan, multi-state delegation—demonstrates how important the Southwest Chief passenger train is to economic development of southern Colorado. These communities have upheld their commitments, and @Amtrak should do the same. https://t.co/ZYToaL7duA",1002293448123265025,224285242,SenatorBennet,2018-05-31T20:59:14.000Z,1.0,1.0,economic,economic,True,1.0,"['relevant', 'irrelevant']","['A23WTODPHXZ68Y', 'A2Q1YS118AO2BP']"
relevance_tweets17_688,relevant,Great news! The House has passed my amdt preventing @NatlParkService from restricting off-leash dog access in #ggnra https://t.co/uSIlNlnWbwhttps://t.co/3eWPE58WkP,908395056536674307,24913074,RepSpeier,2017-09-14T18:20:33.000Z,1.0,1.0,political,policy prescription and evaluation,True,1.0,"['relevant', 'relevant']","['A2R2YZTSME1K3F', 'A38DC3BG1ZCVZ2']"
relevance_tweets17_689,relevant,".@realDonaldTrump was the first President in 25 years to address the @FarmBureau &amp; he made rural access to broadband a priority. For more information on this important issue, check out the @HouseSmallBiz hearing I chaired on #ruralbroadband: https://t.co/482tPEJAr4https://t.co/JkQeZJPvBr",950757992403755008,2965083477,RepRodBlum,2018-01-09T15:55:44.000Z,1.0,1.0,political,policy prescription and evaluation,True,1.0,"['relevant', 'relevant']","['A17D6BK59S31BM', 'A32CMQGGTSUK6Z']"
relevance_tweets17_690,relevant,Let’s focus on people’s abilities and what they have to offer. We live in an amazing time in history where we are not bound by the conditions of our birth. https://t.co/2J83ZNqBy5,975099955122724865,17976923,cathymcmorris,2018-03-17T20:02:00.000Z,1.0,1.0,quality of life,quality of life,True,1.0,"['relevant', 'irrelevant']","['A17D6BK59S31BM', 'A3CVY8G619MGTI']"
relevance_tweets17_691,relevant,"Two roads diverged... Flynn took one (right), Manafort the other (wrong). And that has made all the difference (for them, and Trump). https://t.co/RcxQ0Lls1U",1070324328489717765,278124059,SenBlumenthal,2018-12-05T14:29:40.000Z,1.0,1.0,political,political,True,1.0,"['relevant', 'relevant']","['A32CMQGGTSUK6Z', 'ACDX50KGPE97I']"
relevance_tweets17_692,relevant,An interesting aside - they had a poster which listed the businesses that occupied their site on Main Street going all the way back to the 1800s! It’s fascinating to see all the changes through the years.,1032357851497476096,15394954,boblatta,2018-08-22T20:04:26.000Z,1.0,1.0,other,,True,1.0,"['relevant', 'irrelevant']","['A2Q1YS118AO2BP', 'A38DC3BG1ZCVZ2']"
relevance_tweets17_693,relevant,"The Trump Administration was ordered to swiftly reunite families that were impacted by its zero-tolerance policy, but we have not yet been told how that will happen.",1012428198418763777,558769636,RepBonamici,2018-06-28T20:11:07.000Z,1.0,1.0,policy prescription and evaluation,,True,1.0,"['relevant', 'relevant']","['ACDX50KGPE97I', 'ATR6RB1RULOC0']"
relevance_tweets17_694,relevant,The #ChibokGirls are our girls and we won’t stop fighting until their safe return! @mlfudge https://t.co/WAjehbziJm,852977236156317696,234014087,RepWilson,2017-04-14T20:09:55.000Z,1.0,1.0,security and defense,security and defense,True,1.0,"['irrelevant', 'irrelevant']","['A17D6BK59S31BM', 'A2Q1YS118AO2BP']"
relevance_tweets17_695,relevant,Rep. Tulsi Gabbard Urges Congress to Reauthorize CHIP to Protect Hawaii’s Keiki https://t.co/8f3eGEumgn,925813039068340224,1064206014,TulsiPress,2017-11-01T19:53:23.000Z,1.0,1.0,security and defense,,True,1.0,"['relevant', 'relevant']","['A37WDOIQH6JM6V', 'ACDX50KGPE97I']"
relevance_tweets17_696,relevant,"Two weeks ago, our bipartisan Congressional delegation traveled to #PuertoRico &amp; the #USVI to learn firsthand from the people who suffered after the Hurricanes Irma &amp; Maria. Watch some of the stories we brought back &amp; the lessons we learned: https://t.co/LY3rOjHuzY",1028395575723446272,15764644,SpeakerPelosi,2018-08-11T21:39:46.000Z,1.0,1.0,,,True,1.0,"['relevant', 'relevant']","['A2R2YZTSME1K3F', 'A3CVY8G619MGTI']"
relevance_tweets17_697,relevant,.@TechNetUpdate represents tech &amp; green energy companies. @BillMcKibben &amp; I want to know--what's missing from its lobbying priorities list? https://t.co/QIJjhxEJpn,859486333596823553,242555999,SenWhitehouse,2017-05-02T19:14:45.000Z,1.0,1.0,other,political,True,1.0,"['relevant', 'relevant']","['A2Q1YS118AO2BP', 'A2R2YZTSME1K3F']"
relevance_tweets17_698,relevant,"“Your budget is not reflective of your campaign rhetoric. You are now on notice that this is what we have to lose.""https://t.co/F36qIFPCgG",844995252486311936,2863006655,RepLawrence,2017-03-23T19:32:22.000Z,1.0,1.0,political,political,True,1.0,"['relevant', 'relevant']","['A23WTODPHXZ68Y', 'A3CVY8G619MGTI']"
relevance_tweets17_699,relevant,".@kfvsnews reports: $23M federal grant awarded to Calloway County, #Kentucky. @senatemajldr Mitch McConnell made the announcement Thursday, Dec. 6. https://t.co/snnMAWh0eP",1070812263727144960,339822881,McConnellPress,2018-12-06T22:48:33.000Z,1.0,1.0,other,,True,1.0,"['relevant', 'relevant']","['A2Q1YS118AO2BP', 'ATR6RB1RULOC0']"
relevance_tweets17_700,relevant,John Kelly needs to resign.,966004597566341121,36686040,RepMaxineWaters,2018-02-20T17:40:18.000Z,1.0,1.0,political,political,True,1.0,"['relevant', 'relevant']","['A2R2YZTSME1K3F', 'A38DC3BG1ZCVZ2']"
relevance_tweets17_701,relevant,"""If you've worked your whole life for a pension, it's not fair for someone to say, 'Sorry, nevermind.' It's not fair &amp; I'm on your side."" https://t.co/RN6ZLVRSCA",898298765723004928,57065141,McCaskillOffice,2017-08-17T21:41:29.000Z,1.0,1.0,fairness and equality,fairness and equality,True,1.0,"['irrelevant', 'irrelevant']","['A17D6BK59S31BM', 'ACDX50KGPE97I']"
relevance_tweets17_702,relevant,"We don't know how many Puerto Ricans died from Hurricane Maria, but we do know the official death toll of 64 is a huge undercount. The federal government hasn't done enough to assist or force accountability. I led 21 colleagues in demanding answers. https://t.co/lxYweTcN3q",1007310764418437121,970207298,SenWarren,2018-06-14T17:16:15.000Z,1.0,1.0,"law and order, crime and justice",policy prescription and evaluation,True,1.0,"['relevant', 'relevant']","['A37WDOIQH6JM6V', 'ATR6RB1RULOC0']"
relevance_tweets17_703,relevant,We’re working with law enforcement &amp; responsible gun owners to create bipartisan leg. that’ll keep our families &amp; communities safe. 2/,918199999456006146,1060984272,Elizabeth_Esty,2017-10-11T19:41:53.000Z,1.0,1.0,security and defense,health and safety,True,1.0,"['relevant', 'relevant']","['ACDX50KGPE97I', 'ATR6RB1RULOC0']"
relevance_tweets17_704,relevant,"“Treated worse than dogs.” The firsthand accounts of detention conditions from immigrant children and parents are appalling and heartbreaking.
These families will forever bear the scars of the Trump administration's inhumane immigration policies. https://t.co/5pvb6lmAlG",1020025949763645448,60828944,SenatorTomUdall,2018-07-19T19:21:52.000Z,1.0,1.0,health and safety,policy prescription and evaluation,True,1.0,"['relevant', 'relevant']","['A3CVY8G619MGTI', 'ACDX50KGPE97I']"
relevance_tweets17_705,relevant,Thanks to group with @ShotAtLife for stopping by to speak with me. https://t.co/TUBleZNd8x,836702206476812289,211530910,RepBillJohnson,2017-02-28T22:18:45.000Z,1.0,1.0,health and safety,other,True,1.0,"['irrelevant', 'relevant']","['A2KLJKDG90K1PP', 'A2Q1YS118AO2BP']"
relevance_tweets17_706,relevant,Will continue to urge USDA to do everything possible to provide relief for ND ranchers &amp; producers caused by the drought,883041711198523392,1061029050,SenatorHeitkamp,2017-07-06T19:15:24.000Z,1.0,1.0,health and safety,policy prescription and evaluation,True,1.0,"['relevant', 'relevant']","['A2KLJKDG90K1PP', 'ATR6RB1RULOC0']"
relevance_tweets17_707,relevant,More than 3.5 million American workers have already benefited from #taxreform. https://t.co/yDtYkTsUfz,963443446987001857,18915145,senrobportman,2018-02-13T16:03:12.000Z,1.0,1.0,economic,policy prescription and evaluation,True,1.0,"['relevant', 'relevant']","['A2KLJKDG90K1PP', 'A2Q1YS118AO2BP']"
relevance_tweets17_708,relevant,"The government made a promise to these kids, who contribute to our country each &amp; every day as doctors, students &amp; members of our military.",901499866295173120,30354991,KamalaHarris,2017-08-26T17:41:31.000Z,1.0,1.0,political,morality,True,1.0,"['relevant', 'relevant']","['A32CMQGGTSUK6Z', 'ATR6RB1RULOC0']"
relevance_tweets17_709,irrelevant,".@RepEsty, Happy Birthday!",1033403591799832576,1045110018,RepDanKildee,2018-08-25T17:19:50.000Z,0.0,0.0,,,True,0.0,"['relevant', 'irrelevant']","['A2Q1YS118AO2BP', 'A9K0CV70JWG1W']"
relevance_tweets17_710,relevant,Spoke w @IEC_National #SoFla reps on need to help provide cutting edge resources + materials for our electrical contractors https://t.co/P4j9SsX5EH,864924985483198464,14275291,RosLehtinen,2017-05-17T19:26:00.000Z,1.0,1.0,capacity and resources,,True,1.0,"['relevant', 'relevant']","['A2R2YZTSME1K3F', 'A3GUJ6JD25FX7O']"
relevance_tweets17_711,relevant,"I applaud @POTUS for keeping pressure on North Korea &amp; China. That pressure, in spite of harsh criticism frm Dems/media that labeled Trump a warmonger has brought them to the table. I believe sanctions should remain until Mr. Kim verifiably denuclearizes. https://t.co/yWYQUJq31M",972594535791407104,2929491549,RepBrianBabin,2018-03-10T22:06:21.000Z,1.0,1.0,external regulation and reputation,external regulation and reputation,True,1.0,"['relevant', 'relevant']","['A2Q1YS118AO2BP', 'ATR6RB1RULOC0']"
relevance_tweets17_712,relevant,The Senate version of the NDAA sets aside nearly $358M for construction at NC military installations https://t.co/EA1OfaUKEy via @DrewBrooks https://t.co/eKijnsfLnX,880792331317850112,2964174789,SenThomTillis,2017-06-30T14:17:10.000Z,1.0,1.0,,,True,1.0,"['relevant', 'relevant']","['A32CMQGGTSUK6Z', 'ACDX50KGPE97I']"
relevance_tweets17_713,relevant,"#Cambodia's decision to release Uon Chhin and Yeang Sothearin on bail, journalists from @RadioFreeAsia, should be welcomed. They must also drop these baseless charges against journalists and opposition leaders including Kem Sokha. https://t.co/gvXd4EYxjB",1032350464745136128,231510077,JoaquinCastrotx,2018-08-22T19:35:05.000Z,1.0,1.0,other,external regulation and reputation,True,1.0,"['relevant', 'relevant']","['A2R2YZTSME1K3F', 'A32CMQGGTSUK6Z']"
relevance_tweets17_714,relevant,My letter to @DHSgov urging extension of federal cost sharing for Puerto Rico from 6mo to one year --&gt; https://t.co/9gUHhybi0l,913504405969915905,41417564,RepSmucker,2017-09-28T20:43:17.000Z,1.0,1.0,policy prescription and evaluation,economic,True,1.0,"['relevant', 'relevant']","['A32CMQGGTSUK6Z', 'A3CVY8G619MGTI']"
relevance_tweets17_715,relevant,"During #NationalSchoolWalkout our students are leading the way- telling the nation that they are not going to tolerate inaction anymore. I wholeheartedly support their peaceful protests. As leaders we have a clear choice: either work to prevent gun violence, or get out of the way",987397050194161669,140519774,rosadelauro,2018-04-20T18:26:16.000Z,1.0,1.0,health and safety,health and safety,True,1.0,"['relevant', 'relevant']","['A2Q1YS118AO2BP', 'A37WDOIQH6JM6V']"
relevance_tweets17_716,relevant,"People with health problems, serious illnesses, cancer, etc. will no longer be able to deduct their high medical expenses under this plan.",927253330967040000,384913290,RepJohnYarmuth,2017-11-05T19:16:36.000Z,1.0,1.0,health and safety,health and safety,True,1.0,"['relevant', 'irrelevant']","['A2Q1YS118AO2BP', 'A37WDOIQH6JM6V']"
relevance_tweets17_717,relevant,Discussing the future of civic engagement with @RepSwalwell at #WeTheFutureSummit on 10/16 in Boston. Join us! https://t.co/rNuYATDmgz,917776231843745792,1055907624,joekennedy,2017-10-10T15:37:59.000Z,1.0,1.0,political,,True,1.0,"['relevant', 'relevant']","['A23WTODPHXZ68Y', 'A32CMQGGTSUK6Z']"
relevance_tweets17_718,relevant,Importance of @POTUS talks w/ China loom large in light of scenario laid out by ex-CIA chief in @thehill! https://t.co/2NeQ65X4df,847909113094746112,258900199,RepMaloney,2017-03-31T20:31:00.000Z,1.0,1.0,external regulation and reputation,external regulation and reputation,True,1.0,"['relevant', 'relevant']","['A17D6BK59S31BM', 'A2KLJKDG90K1PP']"
relevance_tweets17_719,relevant,".@NCEmergency is holding a meeting for flooded homeowners tomorrow, Feb 16, at 6:30 p.m. at Spring Lake Town Hall, 300 Ruth St., Spring Lake",832001546091102209,950328072,RepPittenger,2017-02-15T23:00:01.000Z,1.0,1.0,security and defense,,True,1.0,"['relevant', 'irrelevant']","['A2KLJKDG90K1PP', 'A2R2YZTSME1K3F']"
relevance_tweets17_720,relevant,"Our mental health system is broken, but that is not why we have a big gun violence problem. 

We should fix mental health system because it’s broken, but that isn’t the sole reason we have a gun violence problem. - @SenMurphyOffice #TownHallForOurLives",1054891842532188160,137794015,RepTedDeutch,2018-10-24T00:26:28.000Z,1.0,1.0,health and safety,health and safety,True,1.0,"['relevant', 'relevant']","['A2Q1YS118AO2BP', 'A2R2YZTSME1K3F']"
relevance_tweets17_721,relevant,Happy #NursesWeek to all the hardworking nurses who help keep us healthy and thriving.,994253089652830208,1339931490,RepRobinKelly,2018-05-09T16:29:43.000Z,1.0,1.0,political,health and safety,True,1.0,"['irrelevant', 'irrelevant']","['A2R2YZTSME1K3F', 'A3CVY8G619MGTI']"
relevance_tweets17_722,relevant,"The Newport Harbor Republican Women are on the frontlines of our battle to save America. I compare them to Molly Pitcher, one of the great heroes of the American Revolution. #ca48 https://t.co/AVrwZdKPIZ",1041953244442853376,19139963,DanaRohrabacher,2018-09-18T07:33:06.000Z,1.0,1.0,cultural identity,morality,True,1.0,"['relevant', 'relevant']","['A2R2YZTSME1K3F', 'A32CMQGGTSUK6Z']"
relevance_tweets17_723,relevant,"My prayers go out to @SteveScalise, staffers, police &amp; those at today's shooting. TY @CapitolPolice &amp; @AlexandriaVAPD for your heroism.",875024397496725506,26778110,RepWalterJones,2017-06-14T16:17:28.000Z,1.0,1.0,security and defense,health and safety,True,1.0,"['relevant', 'irrelevant']","['A2KLJKDG90K1PP', 'ATR6RB1RULOC0']"
relevance_tweets17_724,relevant,"In just a few minutes @POTUS will announce his choice for the next @SCOTUS Justice!
#SupremeCourt https://t.co/YspZ38MqX6",826594655810756609,1209417007,SteveScalise,2017-02-01T00:54:57.000Z,1.0,1.0,,,True,1.0,"['relevant', 'relevant']","['A2R2YZTSME1K3F', 'A32CMQGGTSUK6Z']"
relevance_tweets17_725,relevant,"Had the chance to tour the Aspen-Pitkin County Airport and give an update on what is being done in Congress to improve transportation infrastructure across Colorado and the nation. Thanks to John Kinney, the Director of Aviation for showing me around! @FlyAspenAirport https://t.co/wG7dPtOU3F",1027630257036316672,242873057,RepTipton,2018-08-09T18:58:40.000Z,1.0,1.0,,,True,1.0,"['relevant', 'relevant']","['A23WTODPHXZ68Y', 'A2Q1YS118AO2BP']"
relevance_tweets17_726,relevant,Today I joined @WCPInst's #WCPIHealth briefing to discuss the devastating opioid epidemic that's claiming far too many innocent lives. https://t.co/IM7iyt9ENc,885178110844579840,1077121945,RepLoisFrankel,2017-07-12T16:44:42.000Z,1.0,1.0,health and safety,health and safety,True,1.0,"['relevant', 'irrelevant']","['A17D6BK59S31BM', 'A2Q1YS118AO2BP']"
relevance_tweets17_727,relevant,Thanks @GregoryMeeks @RepBarbaraLee &amp; @JacksonLeeTX18 for speaking at the the #EndFamineNow forum! #FightFamine https://t.co/USJmm6eqhghttps://t.co/wUlpYF9ikz,850401815002832896,239949176,RepKarenBass,2017-04-07T17:36:07.000Z,1.0,1.0,health and safety,health and safety,True,1.0,"['irrelevant', 'relevant']","['A2Q1YS118AO2BP', 'A32CMQGGTSUK6Z']"
relevance_tweets17_728,relevant,Application period now open for several domestic violence prevention grants.  More info @OVWJustice: https://t.co/IvjwgSwV8z,948945147265540096,33576489,RepBrianHiggins,2018-01-04T15:52:08.000Z,1.0,1.0,,security and defense,True,1.0,"['relevant', 'relevant']","['A2Q1YS118AO2BP', 'A37WDOIQH6JM6V']"
relevance_tweets17_729,relevant,"The CFPB is essentially lawmaking through regulation, taking choice away from consumers. Read column here for more. https://t.co/x9pulFR56W",888409481264025602,291756142,SenatorEnzi,2017-07-21T14:45:00.000Z,1.0,1.0,political,policy prescription and evaluation,True,1.0,"['relevant', 'relevant']","['A32CMQGGTSUK6Z', 'ACDX50KGPE97I']"
relevance_tweets17_730,relevant,I joined @MariaBartiromo on @FoxNews yesterday to discuss our path forward on conservative legislation to secure our borders and address DACA. We're working with @POTUS to get this done. https://t.co/m2sPnzxMEn,998601282356170752,1209417007,SteveScalise,2018-05-21T16:27:53.000Z,1.0,1.0,security and defense,policy prescription and evaluation,True,1.0,"['irrelevant', 'relevant']","['A2Q1YS118AO2BP', 'ACDX50KGPE97I']"
relevance_tweets17_731,relevant,I was honored to join students competing in @ENERGY’s annual Cyber Defense Competition this weekend at @argonne. The event brings together teams from across the country and is a great example of how we can inspire the next generation of #STEM leaders. https://t.co/lUxOUqltye,1069672487993204738,1080509366,RepBillFoster,2018-12-03T19:19:29.000Z,1.0,1.0,other,,True,1.0,"['irrelevant', 'irrelevant']","['A17D6BK59S31BM', 'A2Q1YS118AO2BP']"
relevance_tweets17_732,relevant,You guys are a huge reason we are here. Thank you! https://t.co/yzJL0YsNdT,943618521145266176,42337890,Scotttaylorva,2017-12-20T23:06:01.000Z,1.0,1.0,other,,True,1.0,"['relevant', 'relevant']","['A23WTODPHXZ68Y', 'A3GUJ6JD25FX7O']"
relevance_tweets17_733,relevant,"Trump Admin confused about climate, so let me help them: stay in the #ParisAccord. We need leadership on #ClimateChange-not indecision",909863421562249217,31801993,FrankPallone,2017-09-18T19:35:18.000Z,1.0,1.0,policy prescription and evaluation,policy prescription and evaluation,True,1.0,"['relevant', 'relevant']","['A2Q1YS118AO2BP', 'A2R2YZTSME1K3F']"
relevance_tweets17_734,relevant,Don't miss my op-ed in today's @detroitnews. https://t.co/qb4YVjCqXp,837317270955261952,2869746172,MIDaveTrott,2017-03-02T15:02:48.000Z,1.0,1.0,other,,True,1.0,"['relevant', 'relevant']","['A17D6BK59S31BM', 'A2R2YZTSME1K3F']"
relevance_tweets17_735,relevant,"Jobs, jobs, jobs! Our economy added 213,000 jobs &amp; more than 600,000 Americans joined the workforce last month. New business in Tennessee grew more than 10% last quarter thanks to #TaxCutsandJobsAct https://t.co/rLf4kBwFlA",1015327966723739648,278145569,MarshaBlackburn,2018-07-06T20:13:45.000Z,1.0,1.0,economic,economic,True,1.0,"['relevant', 'relevant']","['ACDX50KGPE97I', 'ATR6RB1RULOC0']"
relevance_tweets17_736,relevant,Pleased to announce @mercycollege has secured $2.3M in federal funds to improve outcomes for underserved students. https://t.co/uv0F8zVjbl,894983171783131138,221792092,NitaLowey,2017-08-08T18:06:30.000Z,1.0,1.0,economic,capacity and resources,True,1.0,"['irrelevant', 'relevant']","['A2Q1YS118AO2BP', 'A37WDOIQH6JM6V']"
relevance_tweets17_737,relevant,"We can start by passing my bill with @MarkWarner to impose massive, mandatory penalties on companies like @Equifax that expose people's personal information. We can’t allow companies to get away with leaving sensitive data vulnerable to hackers and thieves.https://t.co/s95R4Do8x1",1068633406395813889,970207298,SenWarren,2018-11-30T22:30:32.000Z,1.0,1.0,constitutionality and jurisprudence,policy prescription and evaluation,True,1.0,"['relevant', 'relevant']","['A2Q1YS118AO2BP', 'A2R2YZTSME1K3F']"
relevance_tweets17_738,relevant,"HATCH on the child separation policy:
""A policy that leads to separating children from their families is wrong."" 
#utpol https://t.co/yUU2YiRwkC",1008714648504487936,262756641,senorrinhatch,2018-06-18T14:14:47.000Z,1.0,1.0,other,policy prescription and evaluation,True,1.0,"['irrelevant', 'relevant']","['A23WTODPHXZ68Y', 'A3GUJ6JD25FX7O']"
relevance_tweets17_739,relevant,"The State Department needs a leader who will prioritize diplomacy. The current nominee, Mike Pompeo, has defended the use of torture, tried to undermine the Iran nuclear deal, and scapegoated Muslim Americans after the Boston Marathon bombing. I won’t vote to confirm him.",982009417498578946,970207298,SenWarren,2018-04-05T21:37:44.000Z,1.0,1.0,external regulation and reputation,political,True,1.0,"['relevant', 'relevant']","['A2KLJKDG90K1PP', 'A3CVY8G619MGTI']"
relevance_tweets17_740,irrelevant,@CillizzaCNN Not even close Chris. By far.... @Chaplain_Black has the best voice! ,935220735567646720,225921757,SenatorLankford,2017-11-27T18:56:13.000Z,0.0,0.0,,,True,0.0,"['irrelevant', 'irrelevant']","['A32CMQGGTSUK6Z', 'ATR6RB1RULOC0']"
relevance_tweets17_741,relevant,"@POTUS @nytimes @WhiteHouse @NPR I'm urging @POTUS with @SenateDems, @HouseDemocrats to stand up to pharma corps and put the needs of patients first. https://t.co/l3sEn6GXdPhttps://t.co/PjGMZXMJqg",878354203277750272,171968009,SenFranken,2017-06-23T20:48:55.000Z,1.0,1.0,political,policy prescription and evaluation,True,1.0,"['relevant', 'relevant']","['A17D6BK59S31BM', 'ACDX50KGPE97I']"
relevance_tweets17_742,relevant,"My heart goes out to all affected by the ongoing wildfires. Thank you to our heroic first responders—pay attention to evacuation orders, make a plan and stay safe! https://t.co/Lg4ytc9umh",1061361856378474497,1055730738,RepLowenthal,2018-11-10T20:56:00.000Z,1.0,1.0,health and safety,health and safety,True,1.0,"['irrelevant', 'irrelevant']","['A2R2YZTSME1K3F', 'ATR6RB1RULOC0']"
relevance_tweets17_743,relevant,Congratulations to Rep. Geanie Morrison for being honored today by the Texas Federation of Republican Women. @GeaniewmW https://t.co/36N5QSlAMc,1007804323835863040,13218102,JohnCornyn,2018-06-16T01:57:29.000Z,1.0,1.0,other,other,True,1.0,"['relevant', 'relevant']","['A2KLJKDG90K1PP', 'ATR6RB1RULOC0']"
relevance_tweets17_744,relevant,"Unfortunately, this report will be ignored by Sec. DeVos and the former #4profit college executives she’s installed in high-level positions at @usedgov enabling their predatory #4profit colleges. Students and taxpayers will suffer this surrender to greed by Secretary DeVos.",1070057350638252032,247334603,SenatorDurbin,2018-12-04T20:48:47.000Z,1.0,1.0,political,policy prescription and evaluation,True,1.0,"['irrelevant', 'relevant']","['A2Q1YS118AO2BP', 'A2R2YZTSME1K3F']"
relevance_tweets17_745,relevant,Under #ABetterDeal we'll renegotiate NAFTA &amp; ask the Admin to conduct 10 public town halls across the US to get input from working families.,892807890725154820,17494010,SenSchumer,2017-08-02T18:02:43.000Z,1.0,1.0,,policy prescription and evaluation,True,1.0,"['relevant', 'relevant']","['A2Q1YS118AO2BP', 'A2R2YZTSME1K3F']"
relevance_tweets17_746,relevant,Trumpcare is a disaster. It's too bad Republican priorities do not include the American people. https://t.co/PKTDL0V0Dr,860205518442434561,1206227149,RepMarkPocan,2017-05-04T18:52:32.000Z,1.0,1.0,political,policy prescription and evaluation,True,1.0,"['relevant', 'relevant']","['A32CMQGGTSUK6Z', 'A37WDOIQH6JM6V']"
relevance_tweets17_747,relevant,"Who has said no to offshore drilling? 
120 East coast communities who proudly call the Shore their home
42,000 businesses who would lose nearly everything if an oil spill ruined the coast
500,000 fishing families who rely on the Atlantic Ocean for their livelihood
#KillTheDrill https://t.co/bchMIfN2BG",1068571218201272320,18695134,SenatorMenendez,2018-11-30T18:23:26.000Z,1.0,1.0,political,economic,True,1.0,"['relevant', 'relevant']","['A23WTODPHXZ68Y', 'A9K0CV70JWG1W']"
relevance_tweets17_748,relevant,"Nicolas Maduro’s criminal regime has turned Venezuela into a failed state with implications across the region. Proud to be joined by many colleagues in introducing the Venezuela Humanitarian Relief, Reconstruction, and Rule of Law Act of 2018 #SOSVenezuela https://t.co/9jxmSdhzWe",1044683891804708875,18695134,SenatorMenendez,2018-09-25T20:23:43.000Z,1.0,1.0,"law and order, crime and justice",external regulation and reputation,True,1.0,"['relevant', 'relevant']","['A9K0CV70JWG1W', 'ATR6RB1RULOC0']"
relevance_tweets17_749,relevant,Speaking w/@lvlcc luncheon on #immigration #trade #foreignpolicy #smallbiz #HomeMeansNV https://t.co/KnhHyxYHw5,855507286176841728,122174004,repdinatitus,2017-04-21T19:43:26.000Z,1.0,1.0,policy prescription and evaluation,,True,1.0,"['relevant', 'relevant']","['A17D6BK59S31BM', 'ACDX50KGPE97I']"
relevance_tweets17_750,relevant,82k experience homelessness on any given night in LA. This issue is too grave to hand over to someone w/ 0 exp with housing. #BenIsBadforHUD,819573654019149824,239949176,RepKarenBass,2017-01-12T15:56:00.000Z,1.0,1.0,political,other,True,1.0,"['relevant', 'relevant']","['A2Q1YS118AO2BP', 'ATR6RB1RULOC0']"
relevance_tweets17_751,relevant,"Claire: “I’ll take the fight to anyone, anywhere, who wrongs our veterans.” 
LEARN MORE about the secret DoD experiments on US servicemen: https://t.co/Rk10SkOudX",893138829959364608,57065141,McCaskillOffice,2017-08-03T15:57:45.000Z,1.0,1.0,other,morality,True,1.0,"['relevant', 'irrelevant']","['A17D6BK59S31BM', 'A2Q1YS118AO2BP']"
relevance_tweets17_752,relevant,"On the 7th bday of #DoddFrank, GOP wants to gut it? We need to protect consumers from another financial crisis, not put #WallStreetFirst",888420449100722177,18695134,SenatorMenendez,2017-07-21T15:28:35.000Z,1.0,1.0,economic,economic,True,1.0,"['relevant', 'relevant']","['A23WTODPHXZ68Y', 'ATR6RB1RULOC0']"
relevance_tweets17_753,relevant,"Delays, technical difficulties, vote interruptions, but still Americans are here to witness the debate and vote on #ResolutionofInquiry.",836683350056267778,40302336,RepJerryNadler,2017-02-28T21:03:50.000Z,1.0,1.0,political,,True,1.0,"['relevant', 'relevant']","['A38DC3BG1ZCVZ2', 'A3GUJ6JD25FX7O']"
relevance_tweets17_754,relevant,"Constructing buildings from wood yields huge benefits in terms of carbon savings and carbon storage. Glad to see Washington state leading on cross laminated timber. #CLT
https://t.co/2I4F6whR63",1071200183428407296,117501995,SenatorCantwell,2018-12-08T00:30:00.000Z,1.0,1.0,capacity and resources,quality of life,True,1.0,"['relevant', 'irrelevant']","['A17D6BK59S31BM', 'A37WDOIQH6JM6V']"
relevance_tweets17_755,relevant,"This move is especially harmful for pregnant women, babies and communities of color, so it’s no wonder EPA tried to keep it hidden from the public.",1078729409832632323,31801993,FrankPallone,2018-12-28T19:08:27.000Z,1.0,1.0,fairness and equality,health and safety,True,1.0,"['irrelevant', 'relevant']","['A17D6BK59S31BM', 'A2R2YZTSME1K3F']"
relevance_tweets17_756,relevant,What will it take for this Administration to take the very real threat of climate change seriously? https://t.co/E2U8ekJD4K,1049684797138919424,1060984272,Elizabeth_Esty,2018-10-09T15:35:32.000Z,1.0,1.0,security and defense,policy prescription and evaluation,True,1.0,"['relevant', 'relevant']","['A2KLJKDG90K1PP', 'A3GUJ6JD25FX7O']"
relevance_tweets17_757,relevant,.@realDonaldTrump boasting at the UN about the stock market and the U.S. adding $10 trillion in wealth is an embarrassment considering the Administration has considered cutting billions of dollars in foreign aid. #UNGA,1044598703120687104,1206227149,RepMarkPocan,2018-09-25T14:45:13.000Z,1.0,1.0,other,external regulation and reputation,True,1.0,"['relevant', 'relevant']","['A2Q1YS118AO2BP', 'A2R2YZTSME1K3F']"
relevance_tweets17_758,relevant,Yesterday we met with Debbie Smith to discuss the importance and impact that federal grants have had in forensic DNA testing and eliminating the backlogs on testing. #VA10 https://t.co/PFkP51oB1D,958516833539280896,2933760046,RepComstock,2018-01-31T01:46:36.000Z,1.0,1.0,,health and safety,True,1.0,"['irrelevant', 'relevant']","['A2Q1YS118AO2BP', 'A2R2YZTSME1K3F']"
relevance_tweets17_759,relevant,"I'm urging @POTUS to modernize #NAFTA by improving areas like market access, energy exports &amp; intellectual property and e-commerce. We also must preserve beneficial aspects that have resulted in 14M jobs, $1.3T in trade &amp; huge increase in #ag exports.
https://t.co/XYRKxrjYtohttps://t.co/mfEkZm9V2G",958733368593735680,5558312,JohnBoozman,2018-01-31T16:07:02.000Z,1.0,1.0,economic,economic,True,1.0,"['irrelevant', 'relevant']","['A2Q1YS118AO2BP', 'A3CVY8G619MGTI']"
relevance_tweets17_760,relevant,"Today, members of the House of Representatives were sworn into the 115th U.S. Congress - thank you for your trust &amp; support! #MO02 https://t.co/eCbkmryhb5",816414850561740800,1051446626,RepAnnWagner,2017-01-03T22:44:03.000Z,1.0,1.0,political,,True,1.0,"['relevant', 'relevant']","['A3CVY8G619MGTI', 'A9K0CV70JWG1W']"
relevance_tweets17_761,relevant,"With so much being thrown at us, it’s easy to get discouraged. But these are the times when we must lean on each other and find the strength to keep fighting. It’s more important than ever to keep pushing forward. Together, we can, and together, we will #StopKavanaugh.",1037490563153625088,72198806,SenGillibrand,2018-09-06T00:00:00.000Z,1.0,1.0,political,morality,True,1.0,"['relevant', 'relevant']","['A32CMQGGTSUK6Z', 'ACDX50KGPE97I']"
relevance_tweets17_762,relevant,Proud to support #FY18NDAA to rebuild our military &amp; provide for the men and women who fight to protect our freedoms https://t.co/AuQAMl6gFchttps://t.co/zfJr1OPorr,885901943343906816,237299871,RepMoBrooks,2017-07-14T16:40:57.000Z,1.0,1.0,security and defense,security and defense,True,1.0,"['relevant', 'relevant']","['A17D6BK59S31BM', 'ACDX50KGPE97I']"
relevance_tweets17_763,relevant,"Thanks to Thrive Coffee House in Portsmouth for having me today to discuss the National Oceans and Coastal Security Fund, which I developed with low-lying seaside communities like Island Park in mind. https://t.co/ynJm45DwyK",980886091787010048,242555999,SenWhitehouse,2018-04-02T19:14:02.000Z,1.0,1.0,economic,policy prescription and evaluation,True,1.0,"['relevant', 'relevant']","['A17D6BK59S31BM', 'A2R2YZTSME1K3F']"
relevance_tweets17_764,relevant,Irma - downgraded to a tropical storm - is bringing winds and heavy rain to AL. Here's what to do if power goes out: https://t.co/SOt1Q6FrTQ,907228217022599168,381152398,RepTerriSewell,2017-09-11T13:03:57.000Z,1.0,1.0,health and safety,health and safety,True,1.0,"['relevant', 'irrelevant']","['A2Q1YS118AO2BP', 'ACDX50KGPE97I']"
relevance_tweets17_765,relevant,However these funds run out on September 30th - there is no time to waste. Congress needs to rise above partisan politics and come together to pass this life-saving legislation now.,1022924717165035520,1064206014,TulsiPress,2018-07-27T19:20:32.000Z,1.0,1.0,political,political,True,1.0,"['relevant', 'relevant']","['A17D6BK59S31BM', 'A32CMQGGTSUK6Z']"
relevance_tweets17_766,relevant,The new Democratic Majority will take decisive action to protect students from gun violence &amp; keep schools free from discrimination. #NeverAgain https://t.co/S2928vd3oI,1075181848303673350,15764644,SpeakerPelosi,2018-12-19T00:11:43.000Z,1.0,1.0,health and safety,health and safety,True,1.0,"['relevant', 'relevant']","['A2R2YZTSME1K3F', 'A3GUJ6JD25FX7O']"
relevance_tweets17_767,relevant,"#Gerrymandering harms our democracy, plain &amp; simple. That is why I signed on to bipartisan effort urging #SCOTUS to address. #FairDistricts https://t.co/i9wrvWTCZN",905424190450401280,581141508,RepMarcyKaptur,2017-09-06T13:35:23.000Z,1.0,1.0,fairness and equality,political,True,1.0,"['relevant', 'relevant']","['A2KLJKDG90K1PP', 'A9K0CV70JWG1W']"
relevance_tweets17_768,relevant,"Good science=good policy. That’s why EPA uses extensive scientific research. We must keep ""alternative facts"" out! #DefendEPA #DefendScience",829010618942386176,4304448314,CongBoyle,2017-02-07T16:55:08.000Z,1.0,1.0,policy prescription and evaluation,policy prescription and evaluation,True,1.0,"['relevant', 'relevant']","['A2Q1YS118AO2BP', 'A3GUJ6JD25FX7O']"
relevance_tweets17_769,relevant,"FACT: @realDonaldTrump is diverting MILLIONS of $$ from cancer research, groundbreaking healthcare studies, and much more to finance keeping migrant children in ICE detention centers. 
https://t.co/GVIBA9qm46",1042864337474531328,1531521632,RepBeatty,2018-09-20T19:53:28.000Z,1.0,1.0,"law and order, crime and justice",health and safety,True,1.0,"['relevant', 'relevant']","['A2KLJKDG90K1PP', 'ATR6RB1RULOC0']"
relevance_tweets17_770,relevant,"Last year, I introduced a bill to #BanChlorpyrifos--because the Trump EPA refused to act to protect children &amp; farmworkers. And today, a federal court is telling the EPA that there was “no justification” for rejecting the science and keeping #chlorpyrifos on the market.",1027595834635034624,60828944,SenatorTomUdall,2018-08-09T16:41:53.000Z,1.0,1.0,policy prescription and evaluation,health and safety,True,1.0,"['relevant', 'relevant']","['A23WTODPHXZ68Y', 'A3CVY8G619MGTI']"
relevance_tweets17_771,relevant,"I joined students from across the nation to address mounting concerns about the gun violence epidemic that is plaguing our country. It’s time for us to come together and build consensus--- by working together, we can change the culture around gun violence. https://t.co/kIkNFD6ZDX",999461830585176066,1060984272,Elizabeth_Esty,2018-05-24T01:27:24.000Z,1.0,1.0,health and safety,health and safety,True,1.0,"['relevant', 'relevant']","['A2R2YZTSME1K3F', 'A37WDOIQH6JM6V']"
relevance_tweets17_772,relevant,"The poor, the elderly and those with pre-existing conditions will lose the most.  See who benefits the most:  https://t.co/DlzocBVEdB",860870869891006464,235373000,RepHanabusa,2017-05-06T14:56:24.000Z,1.0,1.0,fairness and equality,health and safety,True,1.0,"['irrelevant', 'relevant']","['A2Q1YS118AO2BP', 'A2R2YZTSME1K3F']"
relevance_tweets17_773,relevant,Will be on @EveningEdit tonight on @FoxBusiness,1037057511935885312,17800215,jasoninthehouse,2018-09-04T19:19:13.000Z,1.0,1.0,other,,True,1.0,"['relevant', 'irrelevant']","['A2Q1YS118AO2BP', 'A37WDOIQH6JM6V']"
relevance_tweets17_774,relevant,Everyone stay safe and please take proper precautions with the impending weather in Alabama today. https://t.co/usGLC6rBWQ,849616997176541185,21111098,SenShelby,2017-04-05T13:37:31.000Z,1.0,1.0,health and safety,health and safety,True,1.0,"['irrelevant', 'irrelevant']","['A2KLJKDG90K1PP', 'A37WDOIQH6JM6V']"
relevance_tweets17_775,relevant,Small(hands)ville #PresidentialTVShows @midnight,832459350031556608,942156122,RepSwalwell,2017-02-17T05:19:10.000Z,1.0,1.0,other,,True,1.0,"['relevant', 'relevant']","['A17D6BK59S31BM', 'A2R2YZTSME1K3F']"
relevance_tweets17_776,relevant,"@4ShariD You can count on me to stand by SNAP. This is a key safety net program that we need to bolster, not cut.",1032361211231432704,258900199,RepMaloney,2018-08-22T20:17:47.000Z,1.0,1.0,security and defense,policy prescription and evaluation,True,1.0,"['relevant', 'relevant']","['A2Q1YS118AO2BP', 'ACDX50KGPE97I']"
relevance_tweets17_777,relevant,We all have a role to play in what comes next. Let's keep pushing for the solutions we need and a bipartisan process we can all be proud of.,890995313124749313,278124059,SenBlumenthal,2017-07-28T18:00:11.000Z,1.0,1.0,political,political,True,1.0,"['irrelevant', 'relevant']","['A2KLJKDG90K1PP', 'A2R2YZTSME1K3F']"
relevance_tweets17_778,relevant,"@Shellieboo71 That vote will occur in the US Senate, and I serve in the House, so unfortunately I will not have the chance to vote ""no.""",824014020298600448,2962868158,RepDonBeyer,2017-01-24T22:00:26.000Z,1.0,1.0,political,political,True,1.0,"['relevant', 'relevant']","['A2Q1YS118AO2BP', 'A2R2YZTSME1K3F']"
relevance_tweets17_779,relevant,"It is critical that we fight for programs that support infrastructure, manufacturing, &amp; 21st century workforce development",922903189451616257,15324851,ChrisCoons,2017-10-24T19:10:41.000Z,1.0,1.0,economic,economic,True,1.0,"['relevant', 'relevant']","['A17D6BK59S31BM', 'A32CMQGGTSUK6Z']"
relevance_tweets17_780,relevant,Dark video with a beautiful symbol. A couple thousand people are here at Temple Emanuel for a vigil to honor the victims of the atrocious hate crime in Pittsburgh. Our community stands strong against all forms of hatred and bigotry. https://t.co/jWKPDiyxAo,1057413982397566976,2966205003,RepMarkWalker,2018-10-30T23:28:33.000Z,1.0,1.0,security and defense,morality,True,1.0,"['irrelevant', 'irrelevant']","['A9K0CV70JWG1W', 'ACDX50KGPE97I']"
relevance_tweets17_781,relevant,The data is clear: pilots with good training and valuable experience make our skies safer for pilots and passengers https://t.co/3sguZZw4r8,880513185094225920,1058520120,SenDuckworth,2017-06-29T19:47:57.000Z,1.0,1.0,security and defense,health and safety,True,1.0,"['irrelevant', 'irrelevant']","['A3CVY8G619MGTI', 'ATR6RB1RULOC0']"
relevance_tweets17_782,relevant,Today I visited with residents of  Lowndes County to see the sewage problems firsthand. This is a problem that has plagued residents in this area for years and I’m hopeful we can work together to find a permanent solution. #WeCanDoBetter https://t.co/p4duvn23U9,966784523986927617,381152398,RepTerriSewell,2018-02-22T21:19:27.000Z,1.0,1.0,capacity and resources,,True,1.0,"['relevant', 'irrelevant']","['A17D6BK59S31BM', 'ACDX50KGPE97I']"
relevance_tweets17_783,relevant,"I voted NO on @HouseGOP's SCRUB Act, which puts environmental safeguards &amp; consumer protections at risk. We must put people before profits.",837039489637822464,516880804,BettyMcCollum04,2017-03-01T20:39:00.000Z,1.0,1.0,constitutionality and jurisprudence,policy prescription and evaluation,True,1.0,"['relevant', 'relevant']","['A32CMQGGTSUK6Z', 'A38DC3BG1ZCVZ2']"
relevance_tweets17_784,irrelevant,.@Princeton_Hoops Good luck to our #NJ12 alums playing in the #NCAA Men's &amp; Women's BB Tournaments! We're proud of you! #marchmadness https://t.co/vhi0LN7s63,842431363399708672,2968451607,RepBonnie,2017-03-16T17:44:23.000Z,0.0,0.0,,,True,0.0,"['irrelevant', 'irrelevant']","['A17D6BK59S31BM', 'A3CVY8G619MGTI']"
relevance_tweets17_785,relevant,"Join us this Saturday at our office's event: The Opioid Epidemic. Our Communities. Our Concerns. It will feature multiple speakers and resources to help those impacted by the opioid crisis. All are welcome. 
For more info visit: https://t.co/4X3JDKnqL0 or call (317) 718-0404 https://t.co/ShGxPIkTYe",1030100691916939266,17544524,ToddRokita,2018-08-16T14:35:17.000Z,1.0,1.0,health and safety,,True,1.0,"['relevant', 'irrelevant']","['A2KLJKDG90K1PP', 'ATR6RB1RULOC0']"
relevance_tweets17_786,irrelevant,"Happy Easter from our family to yours! Wishing you a calm, joyful day celebrating with family and friends.",980447011441954816,2970279814,RepDebDingell,2018-04-01T14:09:18.000Z,0.0,0.0,,,True,0.0,"['irrelevant', 'irrelevant']","['A2R2YZTSME1K3F', 'A3CVY8G619MGTI']"
relevance_tweets17_787,relevant,"I’m proud to support this bipartisan legislation that finally puts an end to a ban that has held back our farmers from participating in the emerging industrial hemp market, an industry that will help bring new business to Virginia and create new jobs.",1072615512763457539,7429102,MarkWarner,2018-12-11T22:14:01.000Z,1.0,1.0,economic,economic,True,1.0,"['relevant', 'relevant']","['A2R2YZTSME1K3F', 'A9K0CV70JWG1W']"
relevance_tweets17_788,relevant,Decreasing protections for #BearsEars would also set the stage for additional attacks on all of America’s national parks and public lands.,924021381091811334,1099199839,MartinHeinrich,2017-10-27T21:13:59.000Z,1.0,1.0,policy prescription and evaluation,policy prescription and evaluation,True,1.0,"['relevant', 'relevant']","['A2Q1YS118AO2BP', 'ATR6RB1RULOC0']"
relevance_tweets17_789,relevant,"""My message today is simple: this committee must succeed in its mission to solve the multiemployer funding crisis."" - Mary Moorkamp, Chief Legal and External Affairs Officer of Schnuck Markets",1006973938994466818,43910797,SenSherrodBrown,2018-06-13T18:57:50.000Z,1.0,1.0,economic,other,True,1.0,"['irrelevant', 'relevant']","['A2Q1YS118AO2BP', 'A2R2YZTSME1K3F']"
relevance_tweets17_790,relevant,"It is outrageous we treat #PuertoRico as if the Americans there are second-class citizens. They are Americans like you and me, and need our help to rebuild their economy. The #GOPTaxScam is disgusting https://t.co/cJ7IctyAZMhttps://t.co/yHn9no5uIA",938792530258333696,111635980,JoeCrowleyNY,2017-12-07T15:29:15.000Z,1.0,1.0,fairness and equality,fairness and equality,True,1.0,"['irrelevant', 'relevant']","['A2Q1YS118AO2BP', 'A37WDOIQH6JM6V']"
relevance_tweets17_791,relevant,There's still time. Republicans can stop this attempt to rush their disastrous tax plan through. I'm heading to the Senate floor to remind them once again.,936652163018878976,293131808,PattyMurray,2017-12-01T17:44:12.000Z,1.0,1.0,political,political,True,1.0,"['relevant', 'relevant']","['A2Q1YS118AO2BP', 'A3CVY8G619MGTI']"
relevance_tweets17_792,relevant,5/ Does that extra debt come from repealing Obamacare? No. The budget doesn't even mention Obamacare and doesn't repeal it.,820083495774994432,233842454,justinamash,2017-01-14T01:41:56.000Z,1.0,1.0,,economic,True,1.0,"['irrelevant', 'relevant']","['A2Q1YS118AO2BP', 'ATR6RB1RULOC0']"
relevance_tweets17_793,relevant,"In October, Trump declared the opioid crisis a national emergency, then did nothing.
In January, Trump declared the opioid crisis a national emergency again &amp; has still done NOTHING.
I'm calling for an investigation. The admin needs to take action. https://t.co/uPd6cxmD9s",959201794776797185,242555999,SenWhitehouse,2018-02-01T23:08:23.000Z,1.0,1.0,political,health and safety,True,1.0,"['relevant', 'relevant']","['A37WDOIQH6JM6V', 'A9K0CV70JWG1W']"
relevance_tweets17_794,irrelevant,"Don’t give up.

Don’t give up. 

Don’t give up.

Don’t give up.

Don’t give up.

Don’t give up.

Don’t give up.

Don’t give up. 

Don’t give up.

Don’t give up. 

Don’t give up.

Don’t give up.

Don’t give up.

Don’t give up.

Don’t give up.

Don’t give up.",1049286124827529218,29201047,SenJeffMerkley,2018-10-08T13:11:21.000Z,0.0,0.0,,,True,0.0,"['irrelevant', 'irrelevant']","['A2R2YZTSME1K3F', 'A3GUJ6JD25FX7O']"
relevance_tweets17_795,relevant,"America needs to engage in the world, not withdraw &amp; undermine our credibility. #IranDeal",993923948059463680,168502762,RepEBJ,2018-05-08T18:41:50.000Z,1.0,1.0,external regulation and reputation,external regulation and reputation,True,1.0,"['relevant', 'relevant']","['A17D6BK59S31BM', 'A2Q1YS118AO2BP']"
relevance_tweets17_796,relevant,Don’t let Trump Jr off the hook. Emails show his willingness to get info from Russia to influence election. He is in a long line of LIARS,884915181733761024,36686040,RepMaxineWaters,2017-07-11T23:19:54.000Z,1.0,1.0,political,external regulation and reputation,True,1.0,"['relevant', 'relevant']","['A17D6BK59S31BM', 'A37WDOIQH6JM6V']"
relevance_tweets17_797,relevant,"Voting for the Congressional Art Competition has begun! Make sure to cast your vote, because one local artist will be selected to receive two round-trip air tickets to see their artwork displayed in the U.S. Capitol! Get your vote in by April 30th here  https://t.co/CQ2HNapkb0https://t.co/QGaWVTOaOD",986611580564422657,1092979962,RepCheri,2018-04-18T14:25:05.000Z,1.0,1.0,political,,True,1.0,"['relevant', 'irrelevant']","['A17D6BK59S31BM', 'A2Q1YS118AO2BP']"
relevance_tweets17_798,relevant,I am not giving up until the last #ChibokGirl has returned home. #BBOG https://t.co/aAmTXRXXoH,865234715380461569,234014087,RepWilson,2017-05-18T15:56:46.000Z,1.0,1.0,other,other,True,1.0,"['irrelevant', 'irrelevant']","['A17D6BK59S31BM', 'ATR6RB1RULOC0']"
relevance_tweets17_799,relevant,"@Tuffelhund2003 @Steven_Swenson @daninmich @SumaSteven Yes, as I've said, and so does legislative power and executive power.",883056321981018112,233842454,justinamash,2017-07-06T20:13:28.000Z,1.0,1.0,other,,True,1.0,"['relevant', 'relevant']","['A17D6BK59S31BM', 'A37WDOIQH6JM6V']"
relevance_tweets17_800,relevant,LAST CHANCE: Tomorrow (11/6) is the deadline to drop off Veterans Day cards or letters at our Phoenix office. Details here: https://t.co/OP46JY71jJ,927311818761977856,1080844782,SenatorSinema,2017-11-05T23:09:00.000Z,1.0,1.0,security and defense,,True,1.0,"['relevant', 'irrelevant']","['A2KLJKDG90K1PP', 'A2R2YZTSME1K3F']"
relevance_tweets17_801,relevant,The world’s largest hot desert is expanding at an alarming rate. We need to do everything we can to curb the effects of climate chaos before it’s too late! #TodaysClimateFact https://t.co/G2a8EOCNp5,994260712343130112,29201047,SenJeffMerkley,2018-05-09T17:00:00.000Z,1.0,1.0,other,other,True,1.0,"['relevant', 'relevant']","['A17D6BK59S31BM', 'A2Q1YS118AO2BP']"
relevance_tweets17_802,relevant,"Great news for #NJ! We won the battle &amp; @jointbasemdl will host next gen KC-46 air refuel tankers. Critical to nat’l security, local economy",819588797419679744,18695134,SenatorMenendez,2017-01-12T16:56:11.000Z,1.0,1.0,policy prescription and evaluation,security and defense,True,1.0,"['relevant', 'relevant']","['A2R2YZTSME1K3F', 'ATR6RB1RULOC0']"
relevance_tweets17_803,relevant,Called on @SBAgov to analyze the impact of the administration’s tariff policies on American #smallbiz—policies that could deal a real blow to small businesses supporting the majority of jobs in ND &amp; across our country. Farmers &amp; ranchers need smart #trade policy—not trade wars. https://t.co/uZG7a8TitC,993587030864080899,1061029050,SenatorHeitkamp,2018-05-07T20:23:02.000Z,1.0,1.0,economic,economic,True,1.0,"['relevant', 'relevant']","['A23WTODPHXZ68Y', 'A37WDOIQH6JM6V']"
relevance_tweets17_804,relevant,Wonderful to see four schools in New Hampshire being honored as @NatlBlueRibbon schools: https://t.co/jso7ZfbuIJ,913532072421183489,946549322,SenatorHassan,2017-09-28T22:33:13.000Z,1.0,1.0,quality of life,,True,1.0,"['relevant', 'relevant']","['A17D6BK59S31BM', 'A2Q1YS118AO2BP']"
relevance_tweets17_805,relevant,"The U.S. is facing a deadly flu season, &amp; #TrumpShutdown will only make it worse. The @WashingtonPost outlines how @CDCgov employees will be furloughed, which impacts the CDC’s ability to monitor the flu &amp; ensure there are enough antiviral supplies. https://t.co/nXcV4zii8U",954747235035680768,2916086925,RepAdams,2018-01-20T16:07:33.000Z,1.0,1.0,health and safety,health and safety,True,1.0,"['relevant', 'relevant']","['A2KLJKDG90K1PP', 'A3GUJ6JD25FX7O']"
relevance_tweets17_806,relevant,Visited Cincinnati Crane &amp; Hoist today! Proud to present them w/ the Export Achievement Award. They’ve certainly earned it. @CommerceGov https://t.co/V9gptQ58ul,885891340885778434,18915145,senrobportman,2017-07-14T15:58:49.000Z,1.0,1.0,other,other,True,1.0,"['relevant', 'irrelevant']","['A2Q1YS118AO2BP', 'A2R2YZTSME1K3F']"
relevance_tweets17_807,relevant,Devastating to see #Sudan live up to its reputation as being 1 of the most egregious violators of #religiousfreedom. https://t.co/bPhPtN5zo8,861692425651277833,225921757,SenatorLankford,2017-05-08T21:20:58.000Z,1.0,1.0,morality,cultural identity,True,1.0,"['relevant', 'irrelevant']","['A2R2YZTSME1K3F', 'A37WDOIQH6JM6V']"
relevance_tweets17_808,relevant,#ICYMI: Wrote an op-ed about Republicans providing alternatives to #ObamaCare that lower costs for families &amp; protect people from catastrophic medical bills.  https://t.co/gwYJlTO6Sm,1041681726261608448,202206694,SenJohnBarrasso,2018-09-17T13:34:11.000Z,1.0,1.0,policy prescription and evaluation,health and safety,True,1.0,"['relevant', 'relevant']","['A2Q1YS118AO2BP', 'A32CMQGGTSUK6Z']"
relevance_tweets17_809,relevant,A free and open Internet is vital for WA businesses and preparing students to compete in a 21st century economy. That's why I'm fighting to protect #NetNeutrality. https://t.co/6vmUiQSMmN,954031882332762112,1068499286,LtGovDennyHeck,2018-01-18T16:45:00.000Z,1.0,1.0,fairness and equality,policy prescription and evaluation,True,1.0,"['relevant', 'relevant']","['A17D6BK59S31BM', 'A37WDOIQH6JM6V']"
relevance_tweets17_810,relevant,I will be taking questions via twitter tomorrow afternoon! Tweet @ me your questions using #AskJoeWilson &amp; I will try to get to as many questions as possible!,973623910536269824,254082173,RepJoeWilson,2018-03-13T18:16:43.000Z,1.0,1.0,,,True,1.0,"['irrelevant', 'irrelevant']","['A17D6BK59S31BM', 'A9K0CV70JWG1W']"
relevance_tweets17_811,irrelevant,Happy 106th Birthday Arizona! https://t.co/rGRdufBYCT,963970196804431872,28602948,RepRaulGrijalva,2018-02-15T02:56:19.000Z,0.0,0.0,,,True,0.0,"['irrelevant', 'irrelevant']","['A2Q1YS118AO2BP', 'A2R2YZTSME1K3F']"
relevance_tweets17_812,relevant,DeVos needs to rescind her statement immediately or resign in favor of someone who understands how our education system actually works and the constitutional protections that children in our nation have. https://t.co/zPlbBcVZGZ,999351148464222220,28602948,RepRaulGrijalva,2018-05-23T18:07:35.000Z,1.0,1.0,political,constitutionality and jurisprudence,True,1.0,"['relevant', 'relevant']","['A17D6BK59S31BM', 'A2Q1YS118AO2BP']"
relevance_tweets17_813,relevant,I've never been afraid of the @NRA. It’s heartening now to see more and more colleagues stand up to them. A record 200 of us are cosponsoring the bipartisan #ThompsonKing Background Checks Bill that strengthens the system and helps keep guns out of the hands of dangerous people.,969252166258044931,28599820,RepDianaDeGette,2018-03-01T16:44:58.000Z,1.0,1.0,constitutionality and jurisprudence,health and safety,True,1.0,"['relevant', 'relevant']","['A2KLJKDG90K1PP', 'A2R2YZTSME1K3F']"
relevance_tweets17_814,relevant,"This week the House will vote on #NDAA, which funds a pay raise for our troops &amp; improves oversight on spending. https://t.co/OtMkyM1eM6https://t.co/G58clmooJN",884770342958444545,41417564,RepSmucker,2017-07-11T13:44:22.000Z,1.0,1.0,economic,,True,1.0,"['relevant', 'relevant']","['A23WTODPHXZ68Y', 'A32CMQGGTSUK6Z']"
relevance_tweets17_815,relevant,I joined my colleagues in introducing legislation yesterday to protect state and local authority on drones. More: https://t.co/ZYazh6nYM9,868142224978194434,968650362,SenTomCotton,2017-05-26T16:30:10.000Z,1.0,1.0,health and safety,policy prescription and evaluation,True,1.0,"['relevant', 'relevant']","['A17D6BK59S31BM', 'ATR6RB1RULOC0']"
relevance_tweets17_816,relevant,Congrats to @UAHuntsville on receiving a $253K grant from @NSF to investigate the impacts of irrigation on cloud formation &amp; precipitation.,903011824882380800,237299871,RepMoBrooks,2017-08-30T21:49:30.000Z,1.0,1.0,political,,True,1.0,"['irrelevant', 'irrelevant']","['A2Q1YS118AO2BP', 'A37WDOIQH6JM6V']"
relevance_tweets17_817,relevant,"Glad that @HHSGov is answering my call &amp; releasing $26mil to Ohio to bolster efforts to combat the opioid epidemic.
https://t.co/XdCbgpxUoI",855152089189814273,43910797,SenSherrodBrown,2017-04-20T20:12:00.000Z,1.0,1.0,health and safety,capacity and resources,True,1.0,"['relevant', 'relevant']","['A17D6BK59S31BM', 'A2KLJKDG90K1PP']"
relevance_tweets17_818,relevant,We cannot allow ourselves to become numb to these horrors. We must act to end the scourge of gun violence. https://t.co/8t32VJMMH0,956183833560469505,1071840474,RepSchneider,2018-01-24T15:16:05.000Z,1.0,1.0,health and safety,health and safety,True,1.0,"['relevant', 'relevant']","['A2R2YZTSME1K3F', 'ACDX50KGPE97I']"
relevance_tweets17_819,relevant,"The House has passed a 5-year reauthorization of the FAA. This bill is a compromise so it's far from perfect, but it gives this essential agency some stability and direction while including a number of wins for the traveling public, residents around airports, and airline workers. https://t.co/yc3PuOJ4di",1045085357707022337,1009269193,RepLipinski,2018-09-26T22:59:00.000Z,1.0,1.0,policy prescription and evaluation,policy prescription and evaluation,True,1.0,"['relevant', 'relevant']","['A2Q1YS118AO2BP', 'A32CMQGGTSUK6Z']"
relevance_tweets17_820,relevant,Murphy votes against reauthorization of Section 702 in FISA surveillance bill https://t.co/NrvhfM9cij,954055808446234624,2853793517,SenMurphyOffice,2018-01-18T18:20:04.000Z,1.0,1.0,constitutionality and jurisprudence,,True,1.0,"['relevant', 'relevant']","['A2KLJKDG90K1PP', 'A3CVY8G619MGTI']"
relevance_tweets17_821,relevant,GOD BLESS DONALD TRUMP! https://t.co/7pGYtGAgEM,1004729930142437377,22055226,replouiegohmert,2018-06-07T14:20:56.000Z,1.0,1.0,other,,True,1.0,"['relevant', 'relevant']","['ACDX50KGPE97I', 'ATR6RB1RULOC0']"
relevance_tweets17_822,relevant,"This week, House Republicans are set to pass a bill that would override state laws and loosen concealed carry laws across the country. This legislation is irresponsible and could put countless communities in danger of experiencing even more gun violence. https://t.co/TvXiaaRX9e",938145598896779264,303861808,RepThompson,2017-12-05T20:38:35.000Z,1.0,1.0,constitutionality and jurisprudence,policy prescription and evaluation,True,1.0,"['relevant', 'relevant']","['A37WDOIQH6JM6V', 'A38DC3BG1ZCVZ2']"
relevance_tweets17_823,relevant,"--live fire training. 
•Twenty-seven states and DC prohibit individuals convicted of misdemeanor crimes of violence from concealed carry. 
•Twenty-eight states and DC prohibit convicted stalkers from carrying concealed guns. 
•Thirty-four states and DC...",938468914576658434,4304448314,CongBoyle,2017-12-06T18:03:19.000Z,1.0,1.0,"law and order, crime and justice",,True,1.0,"['irrelevant', 'relevant']","['A23WTODPHXZ68Y', 'A2KLJKDG90K1PP']"
relevance_tweets17_824,relevant,"Sec. Nielsen needs to be removed as Secretary of Homeland Security, or she needs to resign. Every day she remains the head of this agency is an insult to the values of our nation.",1047548375476981762,72198806,SenGillibrand,2018-10-03T18:06:09.000Z,1.0,1.0,political,other,True,1.0,"['relevant', 'relevant']","['A17D6BK59S31BM', 'A23WTODPHXZ68Y']"
relevance_tweets17_825,relevant,"Harley-Davidson workers are just the latest victim of President Trump's erratic policies, and you can bet they won't be the last. Wisconsinites need leaders in Washington who work to protect good-paying American jobs instead of throwing them under the bus. https://t.co/sLoSM7Oxyd",1011745510259118081,22669526,RepGwenMoore,2018-06-26T22:58:21.000Z,1.0,1.0,political,policy prescription and evaluation,True,1.0,"['relevant', 'relevant']","['A3GUJ6JD25FX7O', 'ATR6RB1RULOC0']"
relevance_tweets17_826,relevant,"It's been an honor to serve alongside my colleague across the aisle, Madeleine Bordallo, as co-chair of the Long Range Strike Caucus. Rep. Bordallo has been a strong advocate for the @usairforce bomber fleet and will truly be missed. Thank you for your friendship #HafaAdai https://t.co/wbr52wkvvV",1063536499201855488,237763317,RepHartzler,2018-11-16T20:57:15.000Z,1.0,1.0,other,security and defense,True,1.0,"['relevant', 'relevant']","['A2R2YZTSME1K3F', 'A3GUJ6JD25FX7O']"
relevance_tweets17_827,relevant,Does anyone doubt that the war-mongering is designed to distract the American people from a failing presidency? https://t.co/h9ieV5WGSy,948597678144937984,467823431,RepJeffries,2018-01-03T16:51:25.000Z,1.0,1.0,political,policy prescription and evaluation,True,1.0,"['relevant', 'relevant']","['A2R2YZTSME1K3F', 'ATR6RB1RULOC0']"
relevance_tweets17_828,relevant,"RT if you agree – we should be IMPROVING our health care system, not destroying it",911291090787069952,15324851,ChrisCoons,2017-09-22T18:08:21.000Z,1.0,1.0,health and safety,health and safety,True,1.0,"['relevant', 'relevant']","['A2KLJKDG90K1PP', 'A2Q1YS118AO2BP']"
relevance_tweets17_829,relevant,Rand Paul Attacks ‘Virtuous’ Mitt Romney For Anti-Trump Op-Ed | The Daily Caller https://t.co/N0hnfxY21l,1080530023784898560,216881337,RandPaul,2019-01-02T18:23:27.000Z,1.0,1.0,political,,True,1.0,"['relevant', 'relevant']","['A2KLJKDG90K1PP', 'ATR6RB1RULOC0']"
relevance_tweets17_830,relevant,"The long term impacts of not fully funding #CHIP will have repercussions down the road – this is unacceptable. Congress needs to fully fund #CHIP now.
https://t.co/R9F3YUX8B5",949399442586783744,1061029050,SenatorHeitkamp,2018-01-05T21:57:20.000Z,1.0,1.0,policy prescription and evaluation,policy prescription and evaluation,True,1.0,"['relevant', 'relevant']","['A2Q1YS118AO2BP', 'A2R2YZTSME1K3F']"
relevance_tweets17_831,relevant,"Recently, EPA announced moves to weaken fuel economy &amp; greenhouse gas standards for vehicles. @RepScottPeters &amp; I joined to express grave concerns. https://t.co/wfPWIbMHIU",919991050361503749,1055730738,RepLowenthal,2017-10-16T18:18:53.000Z,1.0,1.0,economic,policy prescription and evaluation,True,1.0,"['relevant', 'relevant']","['A23WTODPHXZ68Y', 'A2R2YZTSME1K3F']"
relevance_tweets17_832,relevant,We must address the revolving door between the pharmaceutical industry and federal agencies such as the @DEAHQ. https://t.co/xasyLOIF5J,926158280803672064,946549322,SenatorHassan,2017-11-02T18:45:15.000Z,1.0,1.0,political,health and safety,True,1.0,"['relevant', 'relevant']","['A2KLJKDG90K1PP', 'A32CMQGGTSUK6Z']"
relevance_tweets17_833,irrelevant,"""Voices"" were the visitors and advisers of Joan of Arc.",887766341360463872,381152398,RepTerriSewell,2017-07-19T20:09:24.000Z,0.0,0.0,,,True,0.0,"['irrelevant', 'irrelevant']","['A2KLJKDG90K1PP', 'ACDX50KGPE97I']"
relevance_tweets17_834,relevant,Military spouses serve everyday too. We appreciate you! .  #MilitarySpouseAppreciationDay,995034647217213440,42337890,Scotttaylorva,2018-05-11T20:15:21.000Z,1.0,1.0,other,security and defense,True,1.0,"['relevant', 'irrelevant']","['A17D6BK59S31BM', 'A2KLJKDG90K1PP']"
relevance_tweets17_835,irrelevant,Congratulations @Dodgers! You knocked off the World Series Champs…now bring that trophy back to California! #ThisTeam,921397350777720835,476256944,SenFeinstein,2017-10-20T15:27:01.000Z,0.0,0.0,,,True,0.0,"['relevant', 'irrelevant']","['A2Q1YS118AO2BP', 'A32CMQGGTSUK6Z']"
relevance_tweets17_836,relevant,Hi all — staff here. We’re going to be taking over the Senator’s account during the State of the Union and tweeting during the President’s remarks. Stay tuned. #SOTU,958512703198367745,30354991,KamalaHarris,2018-01-31T01:30:11.000Z,1.0,1.0,,,True,1.0,"['relevant', 'relevant']","['A32CMQGGTSUK6Z', 'ACDX50KGPE97I']"
relevance_tweets17_837,relevant,"I dropped by the @IndianTrailsLib District Summer Lunch Program this afternoon in Wheeling. They serve children, under 18, a free lunch on Mondays, Wednesdays, and Fridays, 12:30-1:30 pm at the library as part of the Greater Chicagoland Food Depository. https://t.co/BLNiAMrUlj",1027989548423368705,1071840474,RepSchneider,2018-08-10T18:46:22.000Z,1.0,1.0,,,True,1.0,"['relevant', 'irrelevant']","['A2Q1YS118AO2BP', 'ATR6RB1RULOC0']"
relevance_tweets17_838,relevant,"Congratulations to my Summer 2017 intern, Hadeel Abdallah, on being named a 2018 Truman Scholar! The prestigious @TrumanApp award was created on the belief that a better future relies on attracting bright young Americans - like Hadeel - to public service. https://t.co/b87Owu00q5https://t.co/HoLgeCpETG",984947759038988288,80612021,JacksonLeeTX18,2018-04-14T00:13:39.000Z,1.0,1.0,other,other,True,1.0,"['relevant', 'irrelevant']","['A2Q1YS118AO2BP', 'A32CMQGGTSUK6Z']"
relevance_tweets17_839,relevant,"This is why @SenBrianSchatz and I have introduced the Debt-Free College Act, a bill that would provide federal incentives to states to help cover the costs of college for students without taking out debt.",976927925357502464,247334603,SenatorDurbin,2018-03-22T21:05:42.000Z,1.0,1.0,policy prescription and evaluation,economic,True,1.0,"['relevant', 'relevant']","['A2Q1YS118AO2BP', 'ATR6RB1RULOC0']"
relevance_tweets17_840,irrelevant,Happy Thanksgiving! Thankful to have spent another Thanksgiving morning with friends at Lanakila Pacific​ preparing meals for those in need. https://t.co/5zZw6kSm2V,933833229630627840,92186819,maziehirono,2017-11-23T23:02:46.000Z,0.0,0.0,,,True,0.0,"['irrelevant', 'irrelevant']","['A2KLJKDG90K1PP', 'A2R2YZTSME1K3F']"
relevance_tweets17_841,relevant,"Joined @RepBonnie to introduce HRes 854. We have to speak out about sexual violence—especially in disenfranchised and underserved communities!  
https://t.co/Z2kOAX42B4",991416953381228546,236279233,NormaJTorres,2018-05-01T20:39:55.000Z,1.0,1.0,health and safety,health and safety,True,1.0,"['relevant', 'relevant']","['A17D6BK59S31BM', 'A32CMQGGTSUK6Z']"
relevance_tweets17_842,relevant,"Perhaps @SpeakerRyan can take a break from celebrating raising taxes on hardworking Americans (so he can cut them for huge corporations) to do something about this. Democrats have been waiting... 
https://t.co/cn0xT3ucd8",943233660655951872,13491312,RepTimRyan,2017-12-19T21:36:43.000Z,1.0,1.0,political,policy prescription and evaluation,True,1.0,"['irrelevant', 'relevant']","['A2Q1YS118AO2BP', 'A2R2YZTSME1K3F']"
relevance_tweets17_843,relevant,The Iran nuclear deal would have allowed the Iranian regime – the number one state sponsor of terrorism – to develop a nuclear weapon. Talked w/ @BillHemmer about what needs to happen to curb Iran’s destabilizing activities: https://t.co/UKqMyGlSkr,1000777400131600384,21269970,RoyBlunt,2018-05-27T16:35:00.000Z,1.0,1.0,security and defense,external regulation and reputation,True,1.0,"['irrelevant', 'relevant']","['A2Q1YS118AO2BP', 'ACDX50KGPE97I']"
relevance_tweets17_844,relevant,Happy to be joined by @rosadelauro @RepLujanGrisham and @RepAnnieKuster to support @PPact and #KillTheBill! https://t.co/Qs4riSxRmJ,880217473290821632,221792092,NitaLowey,2017-06-29T00:12:53.000Z,1.0,1.0,policy prescription and evaluation,policy prescription and evaluation,True,1.0,"['relevant', 'relevant']","['A32CMQGGTSUK6Z', 'ACDX50KGPE97I']"
relevance_tweets17_845,relevant,"While we weren’t pulling for the same team, so great for @SteveScalise &amp; Jennifer to join us in Tuscaloosa. https://t.co/9zdys2TM2h",927176805865451520,76452765,Robert_Aderholt,2017-11-05T14:12:31.000Z,1.0,1.0,political,,True,1.0,"['relevant', 'irrelevant']","['A17D6BK59S31BM', 'A37WDOIQH6JM6V']"
relevance_tweets17_846,relevant,"Now that the Senate has failed to address #immigration, @POTUS says ""the next step will be for the House to continue advancing"" my bill w/ @RepGoodlatte, @RepMcCaul, &amp; @RepMcSally.  It's a smart approach &amp; momentum is growing. More in my e-newsletter: https://t.co/k3ygxsPDYg",967137982196146176,246341769,Raul_Labrador,2018-02-23T20:43:58.000Z,1.0,1.0,constitutionality and jurisprudence,policy prescription and evaluation,True,1.0,"['relevant', 'relevant']","['A23WTODPHXZ68Y', 'A3GUJ6JD25FX7O']"
relevance_tweets17_847,relevant,"The fight to protect the American dream for all—including DACA recipients—continues. Today’s court ruling is another powerful, positive step forward for immigrant youth. #HereToStay https://t.co/xOxSP0USfJ",1060629831598116864,278124059,SenBlumenthal,2018-11-08T20:27:12.000Z,1.0,1.0,policy prescription and evaluation,fairness and equality,True,1.0,"['relevant', 'irrelevant']","['A2KLJKDG90K1PP', 'A2Q1YS118AO2BP']"
relevance_tweets17_848,relevant,"Unlike any other industrial country in the world, the maternal death rate in the U.S. is on the rise. I’m proud to say my bill, now headed to @POTUS' desk, works to address this situation. This is a great stride to protect mothers and mothers-to-be. https://t.co/AzK92cHgGS",1073700408416100352,193794406,SenCapito,2018-12-14T22:05:00.000Z,1.0,1.0,constitutionality and jurisprudence,policy prescription and evaluation,True,1.0,"['irrelevant', 'relevant']","['A2Q1YS118AO2BP', 'A3CVY8G619MGTI']"
relevance_tweets17_849,relevant,"@SenateDems @SenSchumer @SenatorCantwell @SenMarkey @SenBennetCO @MartinHeinrich @LCVoters “You have an important opportunity to make a difference—both now &amp; for future generations—by urging your legislators to oppose oil development in one of the world’s most spectacular wilderness areas, the Arctic National Wildlife Refuge”
-@JaneGoodallInst https://t.co/vxibNcEUCs",936283521144016897,60828944,SenatorTomUdall,2017-11-30T17:19:21.000Z,1.0,1.0,capacity and resources,morality,True,1.0,"['relevant', 'relevant']","['A2Q1YS118AO2BP', 'A3GUJ6JD25FX7O']"
relevance_tweets17_850,relevant,Congrats to @UNM and @UNMengineering on the Center’s completion! https://t.co/Epq0PY2ZBs,969357195555913728,1061385474,RepLujanGrisham,2018-03-01T23:42:19.000Z,1.0,1.0,other,other,True,1.0,"['relevant', 'irrelevant']","['A2Q1YS118AO2BP', 'A2R2YZTSME1K3F']"
relevance_tweets17_851,relevant,"Today, &amp; all days, we must stand together as one nation against the hatred &amp; racism that attempts to divide us. #charlottesville",896483653504598016,2914515430,RepTomEmmer,2017-08-12T21:28:53.000Z,1.0,1.0,fairness and equality,morality,True,1.0,"['irrelevant', 'relevant']","['A2KLJKDG90K1PP', 'A37WDOIQH6JM6V']"
relevance_tweets17_852,relevant,Congrats to Tim Mueller of @ErinDistrict for being named as @SHAPE_America's Midwest District Middle School PE Teacher of the Year! ,844669082418995200,1074518754,SenatorBaldwin,2017-03-22T21:56:17.000Z,1.0,1.0,other,other,True,1.0,"['irrelevant', 'irrelevant']","['A2KLJKDG90K1PP', 'ACDX50KGPE97I']"
relevance_tweets17_853,relevant,The @HouseGOP are running scared from @realDonaldTrump's #Trumpcare scam. We have to keep fighting &amp; #KillTheBill! https://t.co/aixrQcg4fT,845331143029411840,240812994,RepYvetteClarke,2017-03-24T17:47:04.000Z,1.0,1.0,constitutionality and jurisprudence,policy prescription and evaluation,True,1.0,"['irrelevant', 'relevant']","['A2Q1YS118AO2BP', 'ACDX50KGPE97I']"
relevance_tweets17_854,relevant,"By modernizing the regulations governing disaster relief and reforming the Stafford Act, recovery builders can focus on how to use every dollar most effectively to prepare our communities for the future. My op-ed w/ @CongCulberson ↓ https://t.co/AMLSsxPoGd",988803997258612741,19739126,GOPLeader,2018-04-24T15:36:58.000Z,1.0,1.0,economic,policy prescription and evaluation,True,1.0,"['relevant', 'relevant']","['A32CMQGGTSUK6Z', 'A37WDOIQH6JM6V']"
relevance_tweets17_855,relevant,"There is no one magic solution to #EndGunViolence - but that doesn’t mean we should do nothing. I stand with the millions of Americans across the country calling for smart, common sense gun safety legislation.",977541795285315586,1077121945,RepLoisFrankel,2018-03-24T13:45:00.000Z,1.0,1.0,health and safety,health and safety,True,1.0,"['relevant', 'relevant']","['A17D6BK59S31BM', 'A2R2YZTSME1K3F']"
relevance_tweets17_856,relevant,"This Sunday marks 100 years since the #Armistice was signed in November 1918, bringing an end to #WorldWarI. Time will not forget those who sacrificed everything in service to our country &amp; we must not forget the horror &amp; heartbreak of war. #Armistice100 https://t.co/3df6PTgluc",1060657879542317056,486694111,SenJackReed,2018-11-08T22:18:39.000Z,1.0,1.0,other,security and defense,True,1.0,"['relevant', 'irrelevant']","['A17D6BK59S31BM', 'A2R2YZTSME1K3F']"
relevance_tweets17_857,relevant,".@HouseGOP can we finally get serious, end this obsession with repeal, &amp; work in a bipartisan way to keep what's working and fix what isn't?",845362762519891969,171598736,SenBobCasey,2017-03-24T19:52:43.000Z,1.0,1.0,political,political,True,1.0,"['relevant', 'relevant']","['A17D6BK59S31BM', 'A2R2YZTSME1K3F']"
relevance_tweets17_858,relevant,@SenateCommerce MI is leading development &amp; testing of self-driving vehicles that will keep U.S. a leader in innovation &amp; create jobs,875103577517297665,236511574,SenGaryPeters,2017-06-14T21:32:06.000Z,1.0,1.0,economic,economic,True,1.0,"['irrelevant', 'relevant']","['A2Q1YS118AO2BP', 'A32CMQGGTSUK6Z']"
relevance_tweets17_859,relevant,This was not a sophisticated hack – #Equifax’s failure to patch their system allowed the bad guys to come right in. A clear case of gross negligence. https://t.co/MyVEZU0rDA,929058718439952385,236511574,SenGaryPeters,2017-11-10T18:50:34.000Z,1.0,1.0,"law and order, crime and justice",security and defense,True,1.0,"['irrelevant', 'irrelevant']","['A2KLJKDG90K1PP', 'A32CMQGGTSUK6Z']"
relevance_tweets17_860,relevant,What more will it take to to push them off the fence and onto the side of American workers?,831280710317125632,3122099613,DonaldNorcross,2017-02-13T23:15:40.000Z,1.0,1.0,political,morality,True,1.0,"['relevant', 'irrelevant']","['A17D6BK59S31BM', 'A2KLJKDG90K1PP']"
relevance_tweets17_861,relevant,"Instead of a special prosecutor, @realDonaldTrump should nominate Merrick Garland to replace James Comey.",862660636903387136,88784440,SenMikeLee,2017-05-11T13:28:17.000Z,1.0,1.0,political,other,True,1.0,"['relevant', 'relevant']","['A23WTODPHXZ68Y', 'A2KLJKDG90K1PP']"
relevance_tweets17_862,relevant,Had a great discussion with Rapid City business owners today about the need to reduce regs &amp; lower taxes. Thanks to all who participated! https://t.co/uTxSqnvmu4,898305715235729408,2955485182,SenatorRounds,2017-08-17T22:09:06.000Z,1.0,1.0,economic,,True,1.0,"['relevant', 'relevant']","['A2Q1YS118AO2BP', 'A37WDOIQH6JM6V']"
relevance_tweets17_863,relevant,"3/ We have spent more than $3 billion per month to continue the conflict, with little gain on the ground.",899805671184449537,88806753,RepGaramendi,2017-08-22T01:29:24.000Z,1.0,1.0,economic,economic,True,1.0,"['relevant', 'irrelevant']","['A2KLJKDG90K1PP', 'A2Q1YS118AO2BP']"
relevance_tweets17_864,relevant,"At our time of greatest need, Purple Heart heroes fought and bled for us. They have earned not just our gratitude, but our support as well.",894603491469135873,1135486501,RepScottPeters,2017-08-07T16:57:47.000Z,1.0,1.0,security and defense,morality,True,1.0,"['irrelevant', 'irrelevant']","['A2R2YZTSME1K3F', 'A37WDOIQH6JM6V']"
relevance_tweets17_865,relevant,Looking forward to speaking with everyone who comes out to talk about #ABetterDeal &amp; the issues facing young people at tomorrow’s town hall! #PelosiAtGU https://t.co/QV87NsWMNh,988556294859776000,15764644,SpeakerPelosi,2018-04-23T23:12:41.000Z,1.0,1.0,public opinion,,True,1.0,"['relevant', 'relevant']","['A17D6BK59S31BM', 'A3CVY8G619MGTI']"
relevance_tweets17_866,relevant,"Met w/Ukraine Memb. of Parliament re Russian aggression, Ukrainian internal reforms &amp; our impt allied relationship. Friends frm NE joined us https://t.co/TGf8nxgDaC",887826208356016128,18805303,JeffFortenberry,2017-07-20T00:07:17.000Z,1.0,1.0,,external regulation and reputation,True,1.0,"['relevant', 'relevant']","['A17D6BK59S31BM', 'A2Q1YS118AO2BP']"
relevance_tweets17_867,relevant,I’m proud that New Mexicans continue to stand up against injustices and demand action to move us forward. I’m right there with you. #WomensMarch https://t.co/6b4EkJEF35,956537109283770368,1099199839,MartinHeinrich,2018-01-25T14:39:53.000Z,1.0,1.0,fairness and equality,morality,True,1.0,"['irrelevant', 'relevant']","['A2KLJKDG90K1PP', 'A2R2YZTSME1K3F']"
relevance_tweets17_868,relevant,"Yesterday, our country's debt surpassed $20 trillion. Washington has got to wake up. FULL STATEMENT —&gt; https://t.co/AbFSZcQ3kzhttps://t.co/L27ED8QQJA",907734101377130496,2863210809,sendavidperdue,2017-09-12T22:34:09.000Z,1.0,1.0,economic,economic,True,1.0,"['relevant', 'relevant']","['A17D6BK59S31BM', 'A2R2YZTSME1K3F']"
relevance_tweets17_869,irrelevant,"“O, what a tangled web we weave when first we practise to deceive.”",985620508308901894,242555999,SenWhitehouse,2018-04-15T20:46:55.000Z,0.0,0.0,,,True,0.0,"['irrelevant', 'irrelevant']","['A32CMQGGTSUK6Z', 'A37WDOIQH6JM6V']"
relevance_tweets17_870,relevant,"We need a national strategy to fix these issues, and my legislation would increase independent oversight and accountability at failing VA Hospitals, not only in New Mexico but across the country. https://t.co/Ik8aN7zszx",975786634938667010,1061385474,RepLujanGrisham,2018-03-19T17:30:37.000Z,1.0,1.0,health and safety,policy prescription and evaluation,True,1.0,"['irrelevant', 'relevant']","['A38DC3BG1ZCVZ2', 'ATR6RB1RULOC0']"
relevance_tweets17_871,relevant,"It’s time for the FDA to streamline its processes, promote innovation &amp; offer hope to those w/ terminal illnesses. 
https://t.co/orEptBPgCk",829764304001916928,584012853,RepDLamborn,2017-02-09T18:50:01.000Z,1.0,1.0,health and safety,health and safety,True,1.0,"['relevant', 'relevant']","['A17D6BK59S31BM', 'A2R2YZTSME1K3F']"
relevance_tweets17_872,irrelevant,Happy birthday @JoaquinCastroTX!,909024073048567808,1080844782,SenatorSinema,2017-09-16T12:00:02.000Z,0.0,0.0,,,True,0.0,"['irrelevant', 'irrelevant']","['A2Q1YS118AO2BP', 'ACDX50KGPE97I']"
relevance_tweets17_873,relevant,"While FISA is a key tool our Intelligence Community uses to better defend our nation, the bill I voted NO on today has a dangerous loophole on warrantless searches on US citizens. Congress must go back to the drawing board to get this right. My statement: https://t.co/Zwj6dnSHu2https://t.co/8YQ3fnwPDQ",951512663229640704,1262814457,RepTimWalz,2018-01-11T17:54:31.000Z,1.0,1.0,policy prescription and evaluation,policy prescription and evaluation,True,1.0,"['relevant', 'relevant']","['A17D6BK59S31BM', 'A37WDOIQH6JM6V']"
relevance_tweets17_874,relevant,Irresponsible cuts to critical programs. @NEAarts and @NEHgov have helped fill big gaps in our early childhood ed. https://t.co/qzk3Zi3LYMhttps://t.co/1MsJMieJdN,842762893959532545,72198806,SenGillibrand,2017-03-17T15:41:46.000Z,1.0,1.0,economic,policy prescription and evaluation,True,1.0,"['relevant', 'relevant']","['A32CMQGGTSUK6Z', 'ACDX50KGPE97I']"
relevance_tweets17_875,relevant,"The American Health Care Act vote is nearly upon us. 
At this point, the vote is scheduled for Thursday, and as... https://t.co/D158rL6l5r",844260669667065856,1499993378,RepSanfordSC,2017-03-21T18:53:23.000Z,1.0,1.0,,,True,1.0,"['relevant', 'relevant']","['A32CMQGGTSUK6Z', 'A3CVY8G619MGTI']"
relevance_tweets17_876,relevant,"American victims of terrorism like the Sokolow family deserve the opportunity to seek justice, regardless of where the attacks take place. The Anti-Terrorism Clarification Act will allow them to do that. https://t.co/SjKbJhK6DN",1021519980465217538,2970462034,RepKathleenRice,2018-07-23T22:18:36.000Z,1.0,1.0,"law and order, crime and justice","law and order, crime and justice",True,1.0,"['relevant', 'relevant']","['A2R2YZTSME1K3F', 'ATR6RB1RULOC0']"
relevance_tweets17_877,relevant,"Support servicemembers transitioning to civilian life by ensuring they receive quality financial literacy training prior to separation. 

I was proud to work on this bill and I'll continue working across the aisle to keep our country safe. (4/4)",1029144795426435073,1080844782,SenatorSinema,2018-08-13T23:16:54.000Z,1.0,1.0,security and defense,economic,True,1.0,"['relevant', 'relevant']","['A17D6BK59S31BM', 'A2R2YZTSME1K3F']"
relevance_tweets17_878,relevant,"Today is #AAPIEqualPay Day. All women, including AAPI women, deserve #EqualPayForEqualWork. We must keep fighting to close the pay gap! https://t.co/f4c4raVlzC",839214675934003201,248735463,RepBarbaraLee,2017-03-07T20:42:25.000Z,1.0,1.0,fairness and equality,fairness and equality,True,1.0,"['relevant', 'relevant']","['A2R2YZTSME1K3F', 'A3CVY8G619MGTI']"
relevance_tweets17_879,relevant,@POTUS R leadership needs to stop passing the buck and secure a legislative fix to bump stock loophole along with additional meaningful legislation,922947481910030336,221792092,NitaLowey,2017-10-24T22:06:41.000Z,1.0,1.0,political,policy prescription and evaluation,True,1.0,"['relevant', 'relevant']","['A2R2YZTSME1K3F', 'A3GUJ6JD25FX7O']"
relevance_tweets17_880,relevant,I know @nikkihaley will continue to be a strong voice for our country and wish her well in whatever comes next.,1049736651675709440,73303753,SenBobCorker,2018-10-09T19:01:35.000Z,1.0,1.0,political,,True,1.0,"['relevant', 'relevant']","['A17D6BK59S31BM', 'A2R2YZTSME1K3F']"
relevance_tweets17_881,relevant,So proud of #VT National Guard units and the VT veterans who have served and sacrificed to keep this country safe &amp; secure. @vtarngrrb #VTVets https://t.co/PhE02Zr2MJ,929353405075787776,242836537,SenatorLeahy,2017-11-11T14:21:32.000Z,1.0,1.0,security and defense,security and defense,True,1.0,"['relevant', 'irrelevant']","['A17D6BK59S31BM', 'A32CMQGGTSUK6Z']"
relevance_tweets17_882,relevant,Great to meet with UW’s Chancellor @BeckyBlank! I look forward to continuing our work together to make sure @UWMadison remains a strong and respected public university. #OnWisconsin https://t.co/2CW2mHpjV2,1000075273780408320,1206227149,RepMarkPocan,2018-05-25T18:05:00.000Z,1.0,1.0,other,,True,1.0,"['relevant', 'irrelevant']","['A2Q1YS118AO2BP', 'ATR6RB1RULOC0']"
relevance_tweets17_883,relevant,"California fares worse than any state in the #GOPTaxPlan.  It makes it more expensive to build low-cost housing, and removes tax deductions that help with fire and flood damage recovery. California depends on these provisions. 9/",931223337556160512,236279233,NormaJTorres,2017-11-16T18:11:59.000Z,1.0,1.0,economic,economic,True,1.0,"['relevant', 'relevant']","['A2KLJKDG90K1PP', 'A32CMQGGTSUK6Z']"
relevance_tweets17_884,relevant,"#Trumpcare is half-baked and garbage – terrible for families, terrible for NY. I’ll oppose it. #VoteNoAHCA https://t.co/AHZbZJpwWV",860149769041317889,1072467470,RepSeanMaloney,2017-05-04T15:11:00.000Z,1.0,1.0,health and safety,policy prescription and evaluation,True,1.0,"['relevant', 'relevant']","['A37WDOIQH6JM6V', 'A38DC3BG1ZCVZ2']"
relevance_tweets17_885,irrelevant,https://t.co/WGLpQoRUre,923946146166435840,249787913,SenatorCarper,2017-10-27T16:15:01.000Z,0.0,0.0,,,True,0.0,"['relevant', 'relevant']","['A23WTODPHXZ68Y', 'A2Q1YS118AO2BP']"
relevance_tweets17_886,relevant,.@POTUS’s #taxreform plan will only benefit the rich instead of hard working families: https://t.co/DWjItyt0pi,857344170125602816,1080509366,RepBillFoster,2017-04-26T21:22:33.000Z,1.0,1.0,economic,economic,True,1.0,"['relevant', 'relevant']","['A17D6BK59S31BM', 'A2Q1YS118AO2BP']"
relevance_tweets17_887,relevant,"The fight to #ProtectOurCare is NOT over. We need solutions, not partisan ideology. It’s time for @HouseGOP to come to the table.",910173764301787136,1339931490,RepRobinKelly,2017-09-19T16:08:30.000Z,1.0,1.0,policy prescription and evaluation,political,True,1.0,"['relevant', 'relevant']","['A2Q1YS118AO2BP', 'ATR6RB1RULOC0']"
relevance_tweets17_888,relevant,".@senrobportman Regulations help make sure we have clean air &amp; water, &amp; safe working conditions. No one wants to go back to an ear w/out safety standards https://t.co/BSSzgvX3Ex",857670923402588161,1061029050,SenatorHeitkamp,2017-04-27T19:00:57.000Z,1.0,1.0,health and safety,health and safety,True,1.0,"['relevant', 'relevant']","['A2KLJKDG90K1PP', 'A2Q1YS118AO2BP']"
relevance_tweets17_889,relevant,Terminally ill patients deserve a right to try and find a cure for their illnesses. That is why yesterday the House voted to send the #RightToTry Act to @POTUS to be signed in to law. Click here to learn more → https://t.co/8GJqKgiUJm,999302032036188160,27676828,PatrickMcHenry,2018-05-23T14:52:25.000Z,1.0,1.0,policy prescription and evaluation,policy prescription and evaluation,True,1.0,"['relevant', 'relevant']","['A23WTODPHXZ68Y', 'A9K0CV70JWG1W']"
relevance_tweets17_890,irrelevant,Hoosier students interested in attending a service academy can join one of my #AcademyDay events later this month to learn more about the nomination process. RSVP for an event near you: https://t.co/hGhoDeHGBKhttps://t.co/rdHK2lZXL7,1030126699495739393,234128524,SenToddYoung,2018-08-16T16:18:38.000Z,0.0,0.0,,,True,0.0,"['irrelevant', 'irrelevant']","['A17D6BK59S31BM', 'A2Q1YS118AO2BP']"
relevance_tweets17_891,irrelevant,ICYMI: https://t.co/hd9i8AXSqZ,938166150038421505,234014087,RepWilson,2017-12-05T22:00:15.000Z,0.0,0.0,,,True,0.0,"['irrelevant', 'irrelevant']","['A2Q1YS118AO2BP', 'A37WDOIQH6JM6V']"
relevance_tweets17_892,relevant,"Thank you to Isabelle Rhee, from @PunahouSchool ‘18 who was one of three presidential scholars from #Hawaii this year. She will attend @Yale in the Fall. We are so proud of your hard work and accomplishments!  Mahalo for visiting with us. https://t.co/J8mzVMNOof",1012071618758098944,235373000,RepHanabusa,2018-06-27T20:34:11.000Z,1.0,1.0,,,True,1.0,"['irrelevant', 'irrelevant']","['A2R2YZTSME1K3F', 'ACDX50KGPE97I']"
relevance_tweets17_893,relevant,"Instead of passing short-sighted 8-bill Approps package, Rs should work w/ Ds to adopt bills that enable opportunity. #ThursdayThoughts https://t.co/MKJvIm3NKg",903309420599406592,221792092,NitaLowey,2017-08-31T17:32:03.000Z,1.0,1.0,constitutionality and jurisprudence,policy prescription and evaluation,True,1.0,"['relevant', 'relevant']","['A17D6BK59S31BM', 'A38DC3BG1ZCVZ2']"
relevance_tweets17_894,irrelevant,"Under the leadership of the incredibly savvy Head Coach @KirbySmartUGA and with a special group of young men, the #Dawgs had one of their greatest seasons in years. Last week, I honored @FootballUGA for its remarkable season and bright future on the @HouseFloor.  #GoDawgs https://t.co/yWBSatSJZR",956556518157180930,2975091705,CongressmanHice,2018-01-25T15:57:00.000Z,0.0,0.0,,,True,0.0,"['relevant', 'irrelevant']","['A2Q1YS118AO2BP', 'A2R2YZTSME1K3F']"
relevance_tweets17_895,relevant,"The government needs to ensure consumers have the confidence to buy #electricvehicles including building the infrastructure to support EVs.  
https://t.co/2GU0Sl7GX1",1033021436066258945,2970279814,RepDebDingell,2018-08-24T16:01:17.000Z,1.0,1.0,health and safety,policy prescription and evaluation,True,1.0,"['relevant', 'relevant']","['A17D6BK59S31BM', 'A2KLJKDG90K1PP']"
relevance_tweets17_896,relevant,Ending illicit drug use &amp; trafficking will take a worldwide effort. Let’s recommit ourselves to that mission today. https://t.co/R6dhX8PnLA,879475109613846528,476256944,SenFeinstein,2017-06-26T23:03:00.000Z,1.0,1.0,health and safety,policy prescription and evaluation,True,1.0,"['relevant', 'irrelevant']","['A17D6BK59S31BM', 'ACDX50KGPE97I']"
relevance_tweets17_897,relevant,Serena Seymour valiantly represented @TheSCHSChargers at my congressional art competition this year by showcasing her artwork at the Tampa Museum of Art  #CAC14 #ArtsMatter https://t.co/F7GF7OnZQK,992215837862965248,1880674038,USRepKCastor,2018-05-04T01:34:24.000Z,1.0,1.0,other,,True,1.0,"['relevant', 'relevant']","['A2KLJKDG90K1PP', 'A2Q1YS118AO2BP']"
relevance_tweets17_898,relevant,"#Trumpcare would end Medicaid expansion, which experts have said is the most important tool available to fight the substance use crisis",842104313568755712,946549322,SenatorHassan,2017-03-15T20:04:48.000Z,1.0,1.0,health and safety,health and safety,True,1.0,"['relevant', 'relevant']","['A2Q1YS118AO2BP', 'A38DC3BG1ZCVZ2']"
relevance_tweets17_899,relevant,The #CHOICEAct provides regulatory relief for community banks &amp; credit unions promoting more economic opportunity → https://t.co/uOBmHKhrxkhttps://t.co/64WGHA1D2R,872890985411264512,27676828,PatrickMcHenry,2017-06-08T19:00:03.000Z,1.0,1.0,economic,economic,True,1.0,"['relevant', 'relevant']","['A17D6BK59S31BM', 'A2Q1YS118AO2BP']"
relevance_tweets17_900,relevant,"President Trump is quietly trying to allow African elephant trophies to be imported again. We need to protect these animals, not continue a practice he’s already called a “horror show.” #BeKindToElephants https://t.co/qvVbDoz5wG",971523384466116608,476256944,SenFeinstein,2018-03-07T23:09:59.000Z,1.0,1.0,other,policy prescription and evaluation,True,1.0,"['relevant', 'relevant']","['A2Q1YS118AO2BP', 'A32CMQGGTSUK6Z']"
relevance_tweets17_901,relevant,The U.S. Department of Agriculture is trying to put a band-aid on a self-inflicted wound. The administration clobbers farmers with an unnecessary trade war then attempts to assuage them with taxpayer handouts. This bailout compounds bad policy with more bad policy.,1021866094041149442,221162525,SenToomey,2018-07-24T21:13:56.000Z,1.0,1.0,policy prescription and evaluation,policy prescription and evaluation,True,1.0,"['relevant', 'relevant']","['A2Q1YS118AO2BP', 'A2R2YZTSME1K3F']"
relevance_tweets17_902,relevant,"I will continue to fight to ensure that the #ACA stays in place, despite Republicans efforts to dismantle it. #CoverageMatters #ACAWorks https://t.co/zYtFU5emlJ",816674884529123328,168502762,RepEBJ,2017-01-04T15:57:20.000Z,1.0,1.0,other,political,True,1.0,"['relevant', 'relevant']","['A17D6BK59S31BM', 'ATR6RB1RULOC0']"
relevance_tweets17_903,relevant,"Terrible news. My thoughts are with the injured, the family that has lost a loved one &amp; the crews working tirelessly https://t.co/qwJkCPZHg5",870280372696875008,2976606250,RepGrothman,2017-06-01T14:06:24.000Z,1.0,1.0,other,other,True,1.0,"['relevant', 'irrelevant']","['A2Q1YS118AO2BP', 'A38DC3BG1ZCVZ2']"
relevance_tweets17_904,relevant,"If we are going to actually deter Russia and others from interfering in our elections in the future, we need to spell out strong, clear consequences, without ambiguity.",1039940660542021632,7429102,MarkWarner,2018-09-12T18:15:49.000Z,1.0,1.0,political,external regulation and reputation,True,1.0,"['relevant', 'relevant']","['A17D6BK59S31BM', 'ATR6RB1RULOC0']"
relevance_tweets17_905,relevant,"This week, I introduced an amendment to prohibit the use of military construction funds to build a border wall in the Military Construction/Veterans Affairs and Legislative Branch Appropriations Committee Markup for FY19. https://t.co/Cap8i7cbKi",994308472480129028,210926192,RepCuellar,2018-05-09T20:09:47.000Z,1.0,1.0,security and defense,policy prescription and evaluation,True,1.0,"['irrelevant', 'relevant']","['A2Q1YS118AO2BP', 'A3GUJ6JD25FX7O']"
relevance_tweets17_906,relevant,I cannot support Director Mike Pompeo’s nomination to serve as Secretary of State. My statement: https://t.co/F9U3tMDWGR,986362368987889666,109287731,SenatorShaheen,2018-04-17T21:54:49.000Z,1.0,1.0,political,policy prescription and evaluation,True,1.0,"['relevant', 'relevant']","['A17D6BK59S31BM', 'A2R2YZTSME1K3F']"
relevance_tweets17_907,relevant,Open enrollment ends TONIGHT. 8 in 10 people can find plans for less than $75 a month. Visit https://t.co/wND3rwo7TC to #GetCovered today! https://t.co/458rU6EJG5,941768549772689408,432676344,GKButterfield,2017-12-15T20:34:54.000Z,1.0,1.0,other,,True,1.0,"['irrelevant', 'irrelevant']","['A2KLJKDG90K1PP', 'A32CMQGGTSUK6Z']"
relevance_tweets17_908,relevant,"The expanded site in Loudoun will be on 68 acres and will be able to accommodate up to 1,200 students. The HSl building is set to open in 2020. Paul VI, currently in Fairfax County, has been recognized as a Catholic School of Excellence. Loudoun Chairman Randall also joined #VA10 https://t.co/H03bt3n1YS",965314968739598336,2933760046,RepComstock,2018-02-18T19:59:57.000Z,1.0,1.0,health and safety,,True,1.0,"['irrelevant', 'irrelevant']","['A23WTODPHXZ68Y', 'ATR6RB1RULOC0']"
relevance_tweets17_909,relevant,"Deeply disappointing—but not surprising—to see President Trump turn his divisive, campaign rhetoric into the actions we are seeing today.",824401310569136129,293131808,PattyMurray,2017-01-25T23:39:23.000Z,1.0,1.0,political,political,True,1.0,"['relevant', 'relevant']","['A32CMQGGTSUK6Z', 'ATR6RB1RULOC0']"
relevance_tweets17_910,relevant,"Joining @BillHemmer at 9am to discuss Fusion GPS, @GOPoversight's investigations into DOJ's decisions in 2016 &amp; the Uranium One deal.",923166485740126208,237348797,TGowdySC,2017-10-25T12:36:56.000Z,1.0,1.0,,,True,1.0,"['relevant', 'relevant']","['A37WDOIQH6JM6V', 'A3CVY8G619MGTI']"
relevance_tweets17_911,relevant,"#TodaysClimateFact: In 2016, the US deployed new #RenewableEnergy capacity equal to 11 Hoover Dams! https://t.co/kRTyv8tuFD",834100392669618178,29201047,SenJeffMerkley,2017-02-21T18:00:05.000Z,1.0,1.0,capacity and resources,,True,1.0,"['relevant', 'relevant']","['A23WTODPHXZ68Y', 'A2Q1YS118AO2BP']"
relevance_tweets17_912,relevant,My bipartisan Hack Department of Homeland Security Act passed the @Senate this week. The legislation will serve to strengthen cyber defenses at @DHS and help to ensure the security of #Ohioans and Americans.  https://t.co/0xkrd1vJRj,988083347443331072,18915145,senrobportman,2018-04-22T15:53:22.000Z,1.0,1.0,policy prescription and evaluation,security and defense,True,1.0,"['relevant', 'relevant']","['A17D6BK59S31BM', 'A23WTODPHXZ68Y']"
relevance_tweets17_913,relevant,Health Care Open Enrollment is here! Are you and your loved ones covered? #GetCoveredNow https://t.co/GlOYHMZ3h9,925759196422901760,15764644,SpeakerPelosi,2017-11-01T16:19:26.000Z,1.0,1.0,health and safety,health and safety,True,1.0,"['relevant', 'irrelevant']","['A2Q1YS118AO2BP', 'A32CMQGGTSUK6Z']"
relevance_tweets17_914,relevant,".@POTUS may call it by another name, but it's still a #MuslimBan &amp; still bigoted. Read more from #MuslimAdvocates https://t.co/yCcVUvPeWn",839172323353706496,199325935,RepAndreCarson,2017-03-07T17:54:07.000Z,1.0,1.0,fairness and equality,policy prescription and evaluation,True,1.0,"['relevant', 'relevant']","['A2KLJKDG90K1PP', 'A2R2YZTSME1K3F']"
relevance_tweets17_915,relevant,Proud to announce that my bipartisan bill to protect older veterans from predatory practices passed the House this week. https://t.co/0XOyPM6fWR,928679013375201281,776664410,RepCartwright,2017-11-09T17:41:45.000Z,1.0,1.0,policy prescription and evaluation,,True,1.0,"['relevant', 'relevant']","['A2Q1YS118AO2BP', 'A2R2YZTSME1K3F']"
relevance_tweets17_916,relevant,"Today marks six months since Hurricane Maria devastated Puerto Rico. @realDonaldTrump, his Administration, and this Congress must do more to ensure the safety and wellbeing of our fellow citizens.   https://t.co/0mZz7Q3DTO",976130223057055744,171598736,SenBobCasey,2018-03-20T16:15:55.000Z,1.0,1.0,health and safety,quality of life,True,1.0,"['relevant', 'relevant']","['A2R2YZTSME1K3F', 'A9K0CV70JWG1W']"
relevance_tweets17_917,relevant,.@SenatorSessions says he would not interfere with investigation of Russian election hacking. Would he support appointing a #SpecialCounsel?,818873267364753408,164369297,NydiaVelazquez,2017-01-10T17:32:55.000Z,1.0,1.0,external regulation and reputation,,True,1.0,"['relevant', 'relevant']","['A37WDOIQH6JM6V', 'ATR6RB1RULOC0']"
relevance_tweets17_918,relevant,The administration’s actions sent a terrible message to #transgender students but the fight is not over against bullying &amp; harassment,834810047758815232,1058520120,SenDuckworth,2017-02-23T17:00:00.000Z,1.0,1.0,morality,policy prescription and evaluation,True,1.0,"['relevant', 'relevant']","['A2KLJKDG90K1PP', 'A32CMQGGTSUK6Z']"
relevance_tweets17_919,relevant,There are too many unanswered questions over Whitefish’s federal contract to fix PR’s energy grid. We need answers. https://t.co/lpoumSn9UX,922872766864461825,164369297,NydiaVelazquez,2017-10-24T17:09:48.000Z,1.0,1.0,capacity and resources,other,True,1.0,"['relevant', 'relevant']","['A32CMQGGTSUK6Z', 'ATR6RB1RULOC0']"
relevance_tweets17_920,relevant,Good news out of my roundtable today on permitting reforms that expedite infrastructure projects.  The federal permitting council has already saved $1 BILLION in infrastructure project costs https://t.co/SacbGGnMyb #jobs,1012104030871605248,18915145,senrobportman,2018-06-27T22:42:59.000Z,1.0,1.0,quality of life,capacity and resources,True,1.0,"['relevant', 'irrelevant']","['A2KLJKDG90K1PP', 'A2Q1YS118AO2BP']"
relevance_tweets17_921,relevant,"#OTD in 1960, 4 @ncatsuaggies students sat down at the lunch counter at Woolworth’s Store in Greensboro → https://t.co/G7s6dHDSIb #NC06 https://t.co/jQSMckosd5",826913423090921482,2966205003,RepMarkWalker,2017-02-01T22:01:38.000Z,1.0,1.0,other,,True,1.0,"['irrelevant', 'irrelevant']","['A2KLJKDG90K1PP', 'A2R2YZTSME1K3F']"
relevance_tweets17_922,relevant,Wishing the people of Haiti a triumphant Independence Day and Happy New Year: L'Union Fait La Force! https://t.co/ZK6ThByugw,947936762722160640,20597460,SenBillNelson,2018-01-01T21:05:10.000Z,1.0,1.0,other,,True,1.0,"['relevant', 'relevant']","['A2Q1YS118AO2BP', 'A2R2YZTSME1K3F']"
relevance_tweets17_923,relevant,Celebrated continued park enhancements at #RockyPoint. New pathway signs a great way to teach park's history. “Meet me at the archway.” https://t.co/U8qCs2aL6F,888490550088814592,486694111,SenJackReed,2017-07-21T20:07:09.000Z,1.0,1.0,quality of life,,True,1.0,"['relevant', 'irrelevant']","['A2Q1YS118AO2BP', 'ACDX50KGPE97I']"
relevance_tweets17_924,relevant,"Congratulations to Mahika Patil, Sara Talekar, and Navya Solkhan of @ThePantherCreek High and Mills Park Middle in Cary for winning the 4th District Congressional App Challenge! Their app ""Ripples"" helps coordinate donations in the wake of natural disasters. https://t.co/Jhadvsq0HI",1060539416396120065,155669457,RepDavidEPrice,2018-11-08T14:27:55.000Z,1.0,1.0,,quality of life,True,1.0,"['relevant', 'relevant']","['A2Q1YS118AO2BP', 'ACDX50KGPE97I']"
relevance_tweets17_925,relevant,This fall there are 435 @teachforamerica corps members working in schools across Tennessee. Thank you all for helping to educate the next generation of Tennesseans!,1039232534461042688,76649729,SenAlexander,2018-09-10T19:21:58.000Z,1.0,1.0,quality of life,quality of life,True,1.0,"['irrelevant', 'irrelevant']","['A32CMQGGTSUK6Z', 'A37WDOIQH6JM6V']"
relevance_tweets17_926,relevant,The #GOPTaxScam once again proves the @HouseGOP hasn’t learned from history. The LAST thing we should be doing is rewarding outsourcers with a tax break – but that’s exactly what they aim to do.,937829623240560643,15764644,SpeakerPelosi,2017-12-04T23:43:00.000Z,1.0,1.0,economic,economic,True,1.0,"['relevant', 'relevant']","['A17D6BK59S31BM', 'A32CMQGGTSUK6Z']"
relevance_tweets17_927,relevant,Women have a valuable place in STEAM fields—let’s make sure they have a seat at the table. https://t.co/LhOawvSszP,870328153461411840,1060984272,Elizabeth_Esty,2017-06-01T17:16:16.000Z,1.0,1.0,fairness and equality,fairness and equality,True,1.0,"['irrelevant', 'irrelevant']","['A3CVY8G619MGTI', 'ACDX50KGPE97I']"
relevance_tweets17_928,relevant,"In 2016, I helped secure a $12 million grant from the Department of Interior to fix and improve the Bug-O-Nay-Ge-Shig High School. https://t.co/haOmy9JLRw",927979631680028672,171968009,SenFranken,2017-11-07T19:22:39.000Z,1.0,1.0,economic,capacity and resources,True,1.0,"['relevant', 'relevant']","['A17D6BK59S31BM', 'A3GUJ6JD25FX7O']"
relevance_tweets17_929,relevant,Another reason you should be paying attention to this court case. It’s shameful the Trump Administration has chosen to continue its dismantling of the ACA - a law that helped millions of people gain access to insurance - by any means necessary. https://t.co/siTNJsn2Zm,1007369282379026432,247334603,SenatorDurbin,2018-06-14T21:08:47.000Z,1.0,1.0,"law and order, crime and justice",policy prescription and evaluation,True,1.0,"['relevant', 'relevant']","['A17D6BK59S31BM', 'A2KLJKDG90K1PP']"
relevance_tweets17_930,relevant,I wanted to communicate with the detainees and their lawyers to discuss their rights- we were denied from doing that by folks in D.C.,825526528607916034,171598736,SenBobCasey,2017-01-29T02:10:36.000Z,1.0,1.0,"law and order, crime and justice",morality,True,1.0,"['relevant', 'relevant']","['A2Q1YS118AO2BP', 'A2R2YZTSME1K3F']"
relevance_tweets17_931,relevant,Good news for NE employees who were harmed when media sensationalism got in the way of sound science. #ModernAg https://t.co/NIIndGaa1P,912774275588751360,296245061,RepAdrianSmith,2017-09-26T20:22:00.000Z,1.0,1.0,other,,True,1.0,"['irrelevant', 'irrelevant']","['A2KLJKDG90K1PP', 'A37WDOIQH6JM6V']"
relevance_tweets17_932,irrelevant,So thrilled to be celebrating the #GRAMMYs on the West Side of NYC!  Thanks to @GRAMMYAdvocacy for everything they do for the music in our lives.,957771944736251904,40302336,RepJerryNadler,2018-01-29T00:26:40.000Z,0.0,0.0,,,True,0.0,"['relevant', 'irrelevant']","['A17D6BK59S31BM', 'A37WDOIQH6JM6V']"
relevance_tweets17_933,relevant,I continue to hear from Granite Staters like Faith who are deeply concerned over Senate GOP’s #ACA repeal &amp; what it means for their lives: https://t.co/mMqIQjQQ2E,879425631586594818,109287731,SenatorShaheen,2017-06-26T19:46:24.000Z,1.0,1.0,policy prescription and evaluation,policy prescription and evaluation,True,1.0,"['relevant', 'relevant']","['A2R2YZTSME1K3F', 'ATR6RB1RULOC0']"
relevance_tweets17_934,irrelevant,"My family and I couldn’t be happier to announce the arrival of my grandson, Mason Gray Stewart, born last night at 11:52pm weighing 6lbs, 13oz. https://t.co/jZUsd5aZN3",1047913558032318464,1061385474,RepLujanGrisham,2018-10-04T18:17:16.000Z,0.0,0.0,,,True,0.0,"['irrelevant', 'irrelevant']","['A23WTODPHXZ68Y', 'A3CVY8G619MGTI']"
relevance_tweets17_935,relevant,"Our @SenateDems $1 trillion #infrastructure blueprint would fund critical improvement projects, grow the #economy &amp; expand #broadband access",859795938302337028,117501995,SenatorCantwell,2017-05-03T15:45:00.000Z,1.0,1.0,other,economic,True,1.0,"['relevant', 'relevant']","['A17D6BK59S31BM', 'ATR6RB1RULOC0']"
relevance_tweets17_936,relevant,"Here at this link is my tribute to Vermont's students in #Montpelier, #Rutland, #Washington and elsewhere, in the #marchforourlivesvt. #MarchForOurLives @AMarch4OurLives 
https://t.co/R3E5QQxclt",977596050147106816,242836537,SenatorLeahy,2018-03-24T17:20:35.000Z,1.0,1.0,cultural identity,,True,1.0,"['irrelevant', 'relevant']","['A2KLJKDG90K1PP', 'A2Q1YS118AO2BP']"
relevance_tweets17_937,relevant,.@SecElaineChao comes to @USDOT w impressive service+leadership record; fortunate to have her leading DOT w exciting+challenging times ahead,875377818703716352,37094727,MarioDB,2017-06-15T15:41:50.000Z,1.0,1.0,other,other,True,1.0,"['relevant', 'relevant']","['A2KLJKDG90K1PP', 'A2Q1YS118AO2BP']"
relevance_tweets17_938,relevant,Joe announced a bipartisan legislative package to help rural communities fight substance use disorders. https://t.co/NxHHRPzf05,891070775725367296,216503958,SenDonnelly,2017-07-28T23:00:02.000Z,1.0,1.0,,policy prescription and evaluation,True,1.0,"['relevant', 'relevant']","['A2Q1YS118AO2BP', 'A32CMQGGTSUK6Z']"
relevance_tweets17_939,relevant,"Democrats want to reopen your government. The #TrumpShutdown is forcing airport security screeners, law enforcement, food safety inspectors &amp; others to work without pay - including Secret Service agents who risk their lives to protect Trump. That's not right!",1077279269246717952,90639372,RepDwightEvans,2018-12-24T19:06:07.000Z,1.0,1.0,fairness and equality,political,True,1.0,"['relevant', 'relevant']","['A23WTODPHXZ68Y', 'A32CMQGGTSUK6Z']"
relevance_tweets17_940,relevant,"This week, our nation joins together to mourn the passing of our 41st President, George H.W. Bush.  Today, the former President will lie in state in the U.S. Capitol building. You can follow live updates about the services honoring this American hero here: https://t.co/GAj9q6dOGX",1069657017143451648,224294785,MarthaRobyAL,2018-12-03T18:18:00.000Z,1.0,1.0,,other,True,1.0,"['relevant', 'relevant']","['A17D6BK59S31BM', 'ATR6RB1RULOC0']"
relevance_tweets17_941,irrelevant,"For those looking to connect, I’ll be hosting Neighborhood Office Hours tomorrow morning at 9AM in front of the Harris Teeter on East Bay Street in downtown Charleston.",1064639437215318016,1499993378,RepSanfordSC,2018-11-19T21:59:56.000Z,0.0,0.0,,,True,0.0,"['irrelevant', 'irrelevant']","['A37WDOIQH6JM6V', 'A9K0CV70JWG1W']"
relevance_tweets17_942,relevant,"Thank you to the excellent panelists, Charles Khan, Jonas Shaende and Tracey Kavanagh at Saturday’s #GOPTaxScam teach-in in Woodhaven. New Yorkers deserve a tax plan that works for middle class families, seniors and veterans—not just the top 1 percent. https://t.co/c2dWaEzXUO",970744175380566020,164369297,NydiaVelazquez,2018-03-05T19:33:41.000Z,1.0,1.0,policy prescription and evaluation,policy prescription and evaluation,True,1.0,"['relevant', 'relevant']","['A17D6BK59S31BM', 'A37WDOIQH6JM6V']"
relevance_tweets17_943,relevant,It costs the taxpayers an estimated $24 million per week to run the House of Reps. Here’s how @HouseGOP spent your tax dollars this week: https://t.co/FZBeVxlUa8,873303696364503040,63169388,louiseslaughter,2017-06-09T22:20:01.000Z,1.0,1.0,economic,economic,True,1.0,"['relevant', 'relevant']","['A17D6BK59S31BM', 'A23WTODPHXZ68Y']"
relevance_tweets17_944,relevant,"Great to be with the National Association of Letter Carriers for their annual convention! Letter carriers serve millions of families, households, and businesses, and their work is an integral part of our communities and economy. https://t.co/6Xms8xUdDQ",1020339567675813888,3353670647,RepDanDonovan,2018-07-20T16:08:04.000Z,1.0,1.0,,economic,True,1.0,"['irrelevant', 'irrelevant']","['A2Q1YS118AO2BP', 'A2R2YZTSME1K3F']"
relevance_tweets17_945,relevant,"Here’s what Congress should be focusing on instead of keeping the government shut down over a $5 billion wall:

- Lowering the cost of health care 
- Protecting the environment  
- Increasing wages
- Investigating deaths at our border",1079077020863160321,239949176,RepKarenBass,2018-12-29T18:09:44.000Z,1.0,1.0,policy prescription and evaluation,policy prescription and evaluation,True,1.0,"['relevant', 'relevant']","['A32CMQGGTSUK6Z', 'A9K0CV70JWG1W']"
relevance_tweets17_946,relevant,"In 2010, the public was able to see 99% of Justice Kagan’s record from her time in the Clinton White House. Fast forward to 2018, and the public has seen only 2% of Judge Kavanaugh’s record from his time in the Bush White House. #WhatAreTheyHiding https://t.co/W0hZaGMGYC",1032322999448465409,247334603,SenatorDurbin,2018-08-22T17:45:57.000Z,1.0,1.0,political,morality,True,1.0,"['relevant', 'relevant']","['A2R2YZTSME1K3F', 'ACDX50KGPE97I']"
relevance_tweets17_947,relevant,Visiting with some of my youngest constituents at H&amp;M Potter Elementary School in Bayville. https://t.co/1O1ka6Hg7Y,862324635987304448,2962994194,RepTomMacArthur,2017-05-10T15:13:09.000Z,1.0,1.0,other,,True,1.0,"['irrelevant', 'relevant']","['A2Q1YS118AO2BP', 'ATR6RB1RULOC0']"
relevance_tweets17_948,relevant,4.1% GDP! The fastest rate of economic growth since 2014. This is exactly the type of growth we hoped for with our pro-growth economic policies. https://t.co/cjU1XP7O5L,1022846699725901825,18916432,SpeakerRyan,2018-07-27T14:10:31.000Z,1.0,1.0,economic,policy prescription and evaluation,True,1.0,"['relevant', 'relevant']","['A17D6BK59S31BM', 'A2R2YZTSME1K3F']"
relevance_tweets17_949,relevant,Talked propane outlooks &amp; tax reform with the WI Propane Gas Association. https://t.co/CGgez0cXhh,877247041482747904,2976606250,RepGrothman,2017-06-20T19:29:27.000Z,1.0,1.0,,economic,True,1.0,"['relevant', 'relevant']","['A23WTODPHXZ68Y', 'A2Q1YS118AO2BP']"
relevance_tweets17_950,relevant,"Last week, I joined @keithellison &amp; @RepCicilline appealing to Trump to extend DED, a temporary immigration program, for Liberians living in the US. @realDonaldTrump's decision to ignore our request &amp; end DED endangers 4,000 Liberians who call the US home https://t.co/1aTIAxlOKU",979124917219352577,22669526,RepGwenMoore,2018-03-28T22:35:46.000Z,1.0,1.0,constitutionality and jurisprudence,policy prescription and evaluation,True,1.0,"['relevant', 'relevant']","['A2KLJKDG90K1PP', 'ACDX50KGPE97I']"
relevance_tweets17_951,relevant,"#FY18NDAA passed the House w/ my provisions to create a new Army scholarship, prevent veteran suicide &amp; $10 million for #HBCUs &amp; MSIs",885923356708663296,1074129612,RepVeasey,2017-07-14T18:06:02.000Z,1.0,1.0,policy prescription and evaluation,health and safety,True,1.0,"['relevant', 'relevant']","['A23WTODPHXZ68Y', 'ATR6RB1RULOC0']"
relevance_tweets17_952,relevant,"@POTUS Jesus Contreras, a #DACA recipient and Houston paramedic, spent 6 days rescuing people from #Harvey. Will US be stronger if we deport Jesus?",904392888586575873,247334603,SenatorDurbin,2017-09-03T17:17:22.000Z,1.0,1.0,"law and order, crime and justice",policy prescription and evaluation,True,1.0,"['irrelevant', 'irrelevant']","['A2KLJKDG90K1PP', 'A37WDOIQH6JM6V']"
relevance_tweets17_953,relevant,"Dr. Martin Kuther King Jr. continues to inspire! Progress on racial and economic equality must march on and I am grateful for #Tampa leaders who pressed for change, equal rights.  Read about our local leaders #MLK50 https://t.co/fKTAced4uT",981556948658196482,1880674038,USRepKCastor,2018-04-04T15:39:47.000Z,1.0,1.0,fairness and equality,fairness and equality,True,1.0,"['relevant', 'relevant']","['A2Q1YS118AO2BP', 'A2R2YZTSME1K3F']"
relevance_tweets17_954,relevant,HAPPENING NOW! Watch the groundbreaking of the #Eisenhower memorial on @cspan. Watch here or on CPSAN3: https://t.co/XDdV5gNEFzhttps://t.co/Bp1oPjd9zb,934965002473127936,75364211,SenPatRoberts,2017-11-27T02:00:02.000Z,1.0,1.0,cultural identity,,True,1.0,"['irrelevant', 'irrelevant']","['A2Q1YS118AO2BP', 'ATR6RB1RULOC0']"
relevance_tweets17_955,relevant,Experiencing how #GA09 innovation strengthens our economy and national defense through F35 work at @AccurusAero in Athens. @LockheedMartin https://t.co/2X48v0450V,854392469072605184,1060487274,RepDougCollins,2017-04-18T17:53:33.000Z,1.0,1.0,external regulation and reputation,policy prescription and evaluation,True,1.0,"['relevant', 'relevant']","['A17D6BK59S31BM', 'A37WDOIQH6JM6V']"
relevance_tweets17_956,relevant,"Today we celebrate Dr. King's steadfast dedication to the pursuit of justice, equality and tolerance. My Statement: https://t.co/uclkiqm88ihttps://t.co/Hkce2M3Vlp",821049381788979204,236511574,SenGaryPeters,2017-01-16T17:40:01.000Z,1.0,1.0,other,fairness and equality,True,1.0,"['relevant', 'relevant']","['A17D6BK59S31BM', 'A3GUJ6JD25FX7O']"
relevance_tweets17_957,relevant,ICYMI: My colleague @SenatorHassan &amp; I are working together to fight the #opioidcrisis &amp; help individuals struggling w/ addiction. You can read more in @theloganbanner &amp; @WDNnews: https://t.co/SQGNVGjaux,984186580956073990,193794406,SenCapito,2018-04-11T21:49:00.000Z,1.0,1.0,health and safety,health and safety,True,1.0,"['relevant', 'relevant']","['A2Q1YS118AO2BP', 'A32CMQGGTSUK6Z']"
relevance_tweets17_958,relevant,"Give me your tired, your poor, your huddled masses yearning to breathe free, the wretched refuse of your teeming shore. Send these, the homeless, tempest-tossed to me, I lift my lamp beside the golden door! #NoMuslimBanEver",1011678364111900674,1099199839,MartinHeinrich,2018-06-26T18:31:32.000Z,1.0,1.0,fairness and equality,morality,True,1.0,"['irrelevant', 'relevant']","['A17D6BK59S31BM', 'A32CMQGGTSUK6Z']"
relevance_tweets17_959,relevant,"Beyond her terrifying experience, Recy Taylor is a representation of the many communities this Administration has chosen to leave behind. I am proud of my colleagues in @OfficialCBC, @HouseDemocrats, and @HouseDemWomen that will be wearing red pins in memoriam of Recy at #SOTU.",957022525690712065,2968451607,RepBonnie,2018-01-26T22:48:45.000Z,1.0,1.0,political,political,True,1.0,"['relevant', 'relevant']","['A37WDOIQH6JM6V', 'ACDX50KGPE97I']"
relevance_tweets17_960,relevant,"A decade ago, the U.S. economy was on the brink of collapse. Banks were teetering. Unemployment was skyrocketing. Millions of jobs were lost. Trillions of dollars in savings evaporated. That’s the context Dodd-Frank was passed in &amp; I find it unthinkable Congress has weakened it.",999444114591502336,476256944,SenFeinstein,2018-05-24T00:17:00.000Z,1.0,1.0,economic,policy prescription and evaluation,True,1.0,"['relevant', 'irrelevant']","['A17D6BK59S31BM', 'A9K0CV70JWG1W']"
relevance_tweets17_961,irrelevant,"Looking forward to watching all these Michiganders in an exciting @SuperBowl game between @Patriots and @Eagles!
https://t.co/d2jnF3z7Fv",960288863456497664,76456274,SenStabenow,2018-02-04T23:08:01.000Z,0.0,0.0,,,True,0.0,"['irrelevant', 'irrelevant']","['A17D6BK59S31BM', 'A2KLJKDG90K1PP']"
relevance_tweets17_962,relevant,WATCH! @FinancialCmte @RepHensarling on @Morning_Joe discussing why we need the #CHOICEAct: https://t.co/FUIXoLT89n,872421642244423680,234022257,SeanDuffyWI,2017-06-07T11:55:02.000Z,1.0,1.0,constitutionality and jurisprudence,policy prescription and evaluation,True,1.0,"['relevant', 'relevant']","['A17D6BK59S31BM', 'A2R2YZTSME1K3F']"
relevance_tweets17_963,relevant,"Access to energy is fundamental to reducing poverty, improving health, increasing productivity, and promoting economic growth. We’re working hard to get the Alaska LNG project going, which is designed to move more than 20 million metric tons of LNG each year. #EnergyAccess",1012396536263856128,18061669,lisamurkowski,2018-06-28T18:05:18.000Z,1.0,1.0,constitutionality and jurisprudence,economic,True,1.0,"['relevant', 'relevant']","['A2KLJKDG90K1PP', 'ATR6RB1RULOC0']"
relevance_tweets17_964,relevant,White supremacists are ignorant and hateful. All Americans must unite against racial intolerance and bigoted ideology.,896733080760791041,2862577383,RepKenBuck,2017-08-13T14:00:01.000Z,1.0,1.0,morality,morality,True,1.0,"['relevant', 'relevant']","['A17D6BK59S31BM', 'A2Q1YS118AO2BP']"
relevance_tweets17_965,relevant,"Do you have something to say? RSVP today for my TeleTown Hall on May 22, 2018 to talk with me.  https://t.co/t9DRsquKahhttps://t.co/xYzZULftDi",996850788772311043,1531521632,RepBeatty,2018-05-16T20:32:03.000Z,1.0,1.0,,,True,1.0,"['relevant', 'relevant']","['A32CMQGGTSUK6Z', 'ACDX50KGPE97I']"
relevance_tweets17_966,relevant,My statement in advance of @POTUS' meeting with #NorthKorea: https://t.co/U9NSplzjyM #mtpol https://t.co/S3ujMmDFMu,1006244837622939648,515822213,SenatorTester,2018-06-11T18:40:39.000Z,1.0,1.0,external regulation and reputation,,True,1.0,"['relevant', 'relevant']","['A2KLJKDG90K1PP', 'A2Q1YS118AO2BP']"
relevance_tweets17_967,relevant,"Get the facts on https://t.co/zqQZ3XE1d2 → Under our plan, the average family of four will see a tax cut of $1182. https://t.co/NgDvo2uHiD",941430362197995520,17976923,cathymcmorris,2017-12-14T22:11:03.000Z,1.0,1.0,economic,economic,True,1.0,"['relevant', 'relevant']","['A2Q1YS118AO2BP', 'A2R2YZTSME1K3F']"
relevance_tweets17_968,relevant,"Asking @POTUS to confront Turkish President Erdoğan at #UNGA about attacks on protesters by his security detail.
https://t.co/vPDLjLB6hLhttps://t.co/9EsVSSqXvX",909876605362872320,74508260,BillPascrell,2017-09-18T20:27:42.000Z,1.0,1.0,external regulation and reputation,external regulation and reputation,True,1.0,"['relevant', 'relevant']","['A17D6BK59S31BM', 'A2Q1YS118AO2BP']"
relevance_tweets17_969,relevant,Updated the @azfb on our work to pass a strong farm bill that creates jobs and supports Arizona agriculture. https://t.co/r07gvZLyrU,971866671857192960,1080844782,SenatorSinema,2018-03-08T21:54:05.000Z,1.0,1.0,constitutionality and jurisprudence,economic,True,1.0,"['relevant', 'relevant']","['A2R2YZTSME1K3F', 'ACDX50KGPE97I']"
relevance_tweets17_970,relevant,Good luck to Koleton from Minisink Valley Middle as he competes in the 2018 #ScrippsNationalSpellingBee! The #HudsonValley is rooting for you! https://t.co/DRLQ7GWFx2,1001908605875081216,1072467470,RepSeanMaloney,2018-05-30T19:30:00.000Z,1.0,1.0,other,,True,1.0,"['irrelevant', 'irrelevant']","['A23WTODPHXZ68Y', 'A32CMQGGTSUK6Z']"
relevance_tweets17_971,relevant,"The Trump Administration has replaced one crisis with another--and under the cover of darkness, no less. Instead of ripping families apart at the border, they are now detaining them indefinitely. #EndFamilyDetention https://t.co/uUhV2VdAuC",1046837282169397248,28602948,RepRaulGrijalva,2018-10-01T19:00:32.000Z,1.0,1.0,policy prescription and evaluation,policy prescription and evaluation,True,1.0,"['relevant', 'relevant']","['A17D6BK59S31BM', 'A2Q1YS118AO2BP']"
relevance_tweets17_972,relevant,"Last week I joined an effort to urge Congress to reauthorize the Violence Against Women Act, which is set to expire on September 30. Read more here:
https://t.co/inGmGvHZ8h",1039194666976124930,2974648323,SteveKnight25,2018-09-10T16:51:30.000Z,1.0,1.0,policy prescription and evaluation,security and defense,True,1.0,"['relevant', 'relevant']","['A2Q1YS118AO2BP', 'A2R2YZTSME1K3F']"
relevance_tweets17_973,relevant,"@NIH There’s over $100 million in targeted help for rural communities -- like those in #Kentucky -- which continue to bear the brunt of this national crisis. 
#opioidepidemic",1032298436467548160,339822881,McConnellPress,2018-08-22T16:08:21.000Z,1.0,1.0,health and safety,economic,True,1.0,"['relevant', 'irrelevant']","['A2R2YZTSME1K3F', 'ATR6RB1RULOC0']"
relevance_tweets17_974,relevant,"The economy is looking up, thanks to pro-growth policies implemented by the current administration and this congress. Since @POTUS took office, 3M new jobs have been created. Nearly 800K jobs have been created just since Tax Cuts &amp; Jobs Act was enacted. https://t.co/A9KuyHtHOg",1000005397183451136,2955485182,SenatorRounds,2018-05-25T13:27:20.000Z,1.0,1.0,economic,policy prescription and evaluation,True,1.0,"['relevant', 'relevant']","['A2Q1YS118AO2BP', 'A2R2YZTSME1K3F']"
relevance_tweets17_975,relevant,"@MartinHeinrich @SenateGOP By supporting #Trumpcare, @SenateGOP are betraying families &amp; communities who have suffered from relentless grip of substance use disorders",879719593140514816,21406834,SenMarkey,2017-06-27T15:14:30.000Z,1.0,1.0,health and safety,health and safety,True,1.0,"['relevant', 'relevant']","['ACDX50KGPE97I', 'ATR6RB1RULOC0']"
relevance_tweets17_976,relevant,"The Child Care for Working Families Act will:
 make child care accessible &amp; affordable for everyone
 invest in early childhood educators w/ better training &amp; pay
 help grow the economy by 2.3 million jobs
READ the @USAChildCare report → https://t.co/2Hq2gZaBDV",1055183647203041280,293131808,PattyMurray,2018-10-24T19:46:00.000Z,1.0,1.0,constitutionality and jurisprudence,policy prescription and evaluation,True,1.0,"['relevant', 'relevant']","['A2Q1YS118AO2BP', 'A2R2YZTSME1K3F']"
relevance_tweets17_977,relevant,"Today we voted on the #GOPTaxScam for a second time, due to procedural ineptitude by the @GOP. If you want the perfect encapsulation of this chaotic process, look no further. (If you were wondering, I voted no again)",943601212909289472,1055730738,RepLowenthal,2017-12-20T21:57:15.000Z,1.0,1.0,political,other,True,1.0,"['relevant', 'relevant']","['A2R2YZTSME1K3F', 'ATR6RB1RULOC0']"
relevance_tweets17_978,relevant,"I had a wonderful time speaking at APA’s Great Places in America: State Street celebration! The @APA_Planning  recognizes streets, neighborhoods and public spaces in the United States that have helped elevate their communities. Thanks for inviting to be a part of this event!",1052948716167065600,52503751,DrPhilRoe,2018-10-18T15:45:11.000Z,1.0,1.0,quality of life,quality of life,True,1.0,"['relevant', 'relevant']","['A2Q1YS118AO2BP', 'ATR6RB1RULOC0']"
relevance_tweets17_979,relevant,Tune in to my press conference with @ThinkLawLab and @ACLU_OR LIVE to hear what we’ve learned and actions going forward. #FamiliesBelongTogether,1008471559399325696,250188760,RonWyden,2018-06-17T22:08:50.000Z,1.0,1.0,other,,True,1.0,"['relevant', 'relevant']","['A32CMQGGTSUK6Z', 'A3GUJ6JD25FX7O']"
relevance_tweets17_980,relevant,"I proudly joined 120+ of my colleagues to send a letter to @realdonaldtrump, urging him to reconsider this baseless military #TransBan",902579600688947200,155669457,RepDavidEPrice,2017-08-29T17:12:00.000Z,1.0,1.0,policy prescription and evaluation,policy prescription and evaluation,True,1.0,"['relevant', 'relevant']","['A17D6BK59S31BM', 'A32CMQGGTSUK6Z']"
relevance_tweets17_981,relevant,So this is how the decision was made...How do we change it?  We have something called Congress. We are now at 43 senators to reverse it.  Call on Republicans to join us.  Trump hard-liners push splitting migrants' families at border. https://t.co/XgU6tGDvtV,1008467840209506304,33537967,amyklobuchar,2018-06-17T21:54:04.000Z,1.0,1.0,political,policy prescription and evaluation,True,1.0,"['relevant', 'relevant']","['A2KLJKDG90K1PP', 'A3GUJ6JD25FX7O']"
relevance_tweets17_982,relevant,"I'm incredibly proud of Sarah Nguyen from Prescott Valley, AZ on her appointment to the U.S. @NavalAcademy #GoNavy https://t.co/wZvSb8x8l0",826193721758736384,240760644,RepGosar,2017-01-30T22:21:47.000Z,1.0,1.0,other,political,True,1.0,"['relevant', 'relevant']","['A17D6BK59S31BM', 'A2Q1YS118AO2BP']"
relevance_tweets17_983,relevant,"It sends a strong message that the first bill passed by the House addresses VA accountability, and veterans will continue to be prioritized. https://t.co/9AsGYqmWqK",817081115345305600,224294785,MarthaRobyAL,2017-01-05T18:51:33.000Z,1.0,1.0,security and defense,policy prescription and evaluation,True,1.0,"['relevant', 'relevant']","['A17D6BK59S31BM', 'A2Q1YS118AO2BP']"
relevance_tweets17_984,relevant,TeMa is opening its very first North American facility in Kearneysville—another great example of companies recognizing that #WV is a great place to invest and do business. Happy to have my staff at the groundbreaking earlier this week to celebrate the big day. https://t.co/HN1ZrW55ZX,984558781949464576,193794406,SenCapito,2018-04-12T22:28:00.000Z,1.0,1.0,economic,economic,True,1.0,"['irrelevant', 'irrelevant']","['A37WDOIQH6JM6V', 'ACDX50KGPE97I']"
relevance_tweets17_985,relevant,One day of captivity is too much. We must never give up fight to #BringBackOurGirls! https://t.co/PfZPYeWkMw,829811805958569984,234014087,RepWilson,2017-02-09T21:58:46.000Z,1.0,1.0,security and defense,morality,True,1.0,"['relevant', 'relevant']","['A2R2YZTSME1K3F', 'ATR6RB1RULOC0']"
relevance_tweets17_986,relevant,"Happy #EarthDay! As people participate in the #MarchforScience today, I encourage everyone to stay active in taking a stand beyond today. https://t.co/4OF1Sdu8Lz",855768400148168704,168502762,RepEBJ,2017-04-22T13:01:00.000Z,1.0,1.0,cultural identity,other,True,1.0,"['relevant', 'irrelevant']","['A2Q1YS118AO2BP', 'A32CMQGGTSUK6Z']"
relevance_tweets17_987,irrelevant,"Heartbroken to learn of the tragic death of my friend, Andre Lacy &gt;&gt; https://t.co/Ps7gaVzHYBhttps://t.co/G9GR5SsQDk",936410747294355457,1074101017,SusanWBrooks,2017-12-01T01:44:54.000Z,0.0,0.0,,,True,0.0,"['irrelevant', 'irrelevant']","['A2R2YZTSME1K3F', 'A32CMQGGTSUK6Z']"
relevance_tweets17_988,relevant,Pleased to sit down for an interview w/ @RFERL to discuss my visit to the Czech Republic. Appreciate their mission of reporting the news in 20 countries where a free press is banned by the government https://t.co/5wZ1AxZ6KJ,980872454506799105,18915145,senrobportman,2018-04-02T18:19:51.000Z,1.0,1.0,constitutionality and jurisprudence,external regulation and reputation,True,1.0,"['relevant', 'relevant']","['A2R2YZTSME1K3F', 'ACDX50KGPE97I']"
relevance_tweets17_989,relevant,"#TX25 - be sure to celebrate the #4thofJuly safely/responsibly
- Purchase fireworks from licensed dealers
- Obey laws, including those regarding where fireworks can be  legally fired
- An adult should be present
- Wear safety glasses
- Secure long hair back
- Always wear shoes https://t.co/DX2c9Ewzzk",1014146744806850561,1077446982,RepRWilliams,2018-07-03T14:00:00.000Z,1.0,1.0,health and safety,health and safety,True,1.0,"['relevant', 'irrelevant']","['A2Q1YS118AO2BP', 'A2R2YZTSME1K3F']"
relevance_tweets17_990,relevant,"The Trump Tax Plan created new incentives to offshore American jobs. Is General Motors affected by these new incentives? Will they eliminate future stock buybacks? In light of the recent layoffs announced by the company, we need to get to the bottom of this. https://t.co/0GWGWl1zn4",1073667092182900737,18137749,ChrisVanHollen,2018-12-14T19:52:37.000Z,1.0,1.0,economic,economic,True,1.0,"['relevant', 'relevant']","['A2Q1YS118AO2BP', 'ACDX50KGPE97I']"
relevance_tweets17_991,irrelevant,Buffalo ranks at #3 on @TravelLeisure list of America's most underrated cities: https://t.co/63Ww1mGJrr,836277243659894785,33576489,RepBrianHiggins,2017-02-27T18:10:06.000Z,0.0,0.0,,,True,0.0,"['irrelevant', 'relevant']","['A2KLJKDG90K1PP', 'A3GUJ6JD25FX7O']"
relevance_tweets17_992,relevant,"""The U.S. economy added 164,000 jobs in April, and the unemployment rate fell to 3.9 percent — the lowest point since 2000, federal economists reported Friday."" #TaxReform encourages businesses to create jobs, spurring growth in our communities. https://t.co/3m4PU55bgt",993628585159208961,1155212191,KeithRothfus,2018-05-07T23:08:10.000Z,1.0,1.0,economic,economic,True,1.0,"['relevant', 'relevant']","['A2R2YZTSME1K3F', 'A32CMQGGTSUK6Z']"
relevance_tweets17_993,relevant,Our Constitution promises religious freedom to people of all religions &amp; nationalities. Those are the words we should live by &amp; what our nation’s policies should reflect.,989143629158649856,15324851,ChrisCoons,2018-04-25T14:06:33.000Z,1.0,1.0,constitutionality and jurisprudence,constitutionality and jurisprudence,True,1.0,"['relevant', 'relevant']","['A32CMQGGTSUK6Z', 'ACDX50KGPE97I']"
relevance_tweets17_994,relevant,Open enrollment for 2018 health insurance coverage for Coloradans begins November 1. Visit https://t.co/r5zku7ba8V for more information.,923272200727044096,20552026,RepPerlmutter,2017-10-25T19:37:00.000Z,1.0,1.0,,health and safety,True,1.0,"['irrelevant', 'irrelevant']","['A23WTODPHXZ68Y', 'A32CMQGGTSUK6Z']"
relevance_tweets17_995,relevant,Every American should read Judge Kavanaugh’s dissent in U.S. Telecom Association v. FCC that advanced his extreme (and incorrect) view that #NetNeutrality violates the First Amendment rights of your broadband provider to discriminate against consumers...,1037462956521533440,1058520120,SenDuckworth,2018-09-05T22:10:18.000Z,1.0,1.0,constitutionality and jurisprudence,constitutionality and jurisprudence,True,1.0,"['relevant', 'relevant']","['A2Q1YS118AO2BP', 'A37WDOIQH6JM6V']"
relevance_tweets17_996,relevant,"With today’s vote on #HR7, we’re kicking off the new year the same way we spent all of 2016 — attacking women’s health. https://t.co/I0qaY79PsW",823994015783731200,995193054,RepDelBene,2017-01-24T20:40:57.000Z,1.0,1.0,fairness and equality,health and safety,True,1.0,"['relevant', 'irrelevant']","['A17D6BK59S31BM', 'A2Q1YS118AO2BP']"
relevance_tweets17_997,relevant,"I support new infrastructure investment. But we must reform permitting &amp; #regulation, or else billions will go to red tape and litigation.",824008871010242560,2891210047,SenDanSullivan,2017-01-24T21:39:58.000Z,1.0,1.0,policy prescription and evaluation,policy prescription and evaluation,True,1.0,"['irrelevant', 'relevant']","['A2Q1YS118AO2BP', 'A32CMQGGTSUK6Z']"
relevance_tweets17_998,irrelevant,@WineGumLady when did I say that?,831139240981430273,240393970,RepJeffDuncan,2017-02-13T13:53:31.000Z,0.0,0.0,,,True,0.0,"['relevant', 'irrelevant']","['A17D6BK59S31BM', 'A37WDOIQH6JM6V']"
relevance_tweets17_999,relevant,45% of middle class families would pay more in taxes by 2026 under #GOPTaxScam. https://t.co/IhgxC94Erq,928302344709709825,462143773,RepCicilline,2017-11-08T16:45:00.000Z,1.0,1.0,economic,fairness and equality,True,1.0,"['relevant', 'relevant']","['A9K0CV70JWG1W', 'ATR6RB1RULOC0']"
relevance_tweets17_1000,relevant,@POTUS It's time for GOP to put aside their partisan pursuits &amp; work w/Dems to grow the economy &amp; bring greater financial opportunities to families,883340313296818176,111635980,JoeCrowleyNY,2017-07-07T15:01:57.000Z,1.0,1.0,economic,economic,True,1.0,"['relevant', 'relevant']","['A17D6BK59S31BM', 'A9K0CV70JWG1W']"
relevance_tweets17_1001,relevant,Our middle class is shrinking right before our eyes. It’s time we make government work for working Americans. https://t.co/rxBsGyopEz,856910709476732928,29201047,SenJeffMerkley,2017-04-25T16:40:08.000Z,1.0,1.0,economic,economic,True,1.0,"['relevant', 'relevant']","['A2KLJKDG90K1PP', 'A32CMQGGTSUK6Z']"
relevance_tweets17_1002,relevant,"We need an independent investigation. Like other Trump allies, Nunes has proven that he cannot be impartial.  https://t.co/vzZb7pEKlT",847103497090797570,122174004,repdinatitus,2017-03-29T15:09:46.000Z,1.0,1.0,political,"law and order, crime and justice",True,1.0,"['relevant', 'relevant']","['A2R2YZTSME1K3F', 'A32CMQGGTSUK6Z']"
relevance_tweets17_1003,relevant,Bump stocks increase the fire rate for a semi-automatic weapon — up to 800 rounds/min. Tell Congress to ban them: https://t.co/awgrgtOooL,916410240006017026,30354991,KamalaHarris,2017-10-06T21:10:01.000Z,1.0,1.0,health and safety,policy prescription and evaluation,True,1.0,"['relevant', 'irrelevant']","['A2KLJKDG90K1PP', 'A2Q1YS118AO2BP']"
relevance_tweets17_1004,relevant,House GOP leadership will stop at nothing to block debate on US involvement in the Saudi-led war in Yemen. Today they’re tacking a rider onto Farm Bill that will prevent debate on the Yemen conflict for rest of the year. It’s Congress’ job to hold WH accountable #YemenCantWait,1072914175058432000,1009269193,RepLipinski,2018-12-12T18:00:47.000Z,1.0,1.0,morality,external regulation and reputation,True,1.0,"['relevant', 'relevant']","['A23WTODPHXZ68Y', 'ACDX50KGPE97I']"
relevance_tweets17_1005,relevant,"Happy to announce federal funding to complete the Blue River Basin/Dodson Levee &amp; Turkey Creek Basin projects!
https://t.co/6C7EMEPQJ2https://t.co/vS7DgNUcbD",874694310226264064,163570705,repcleaver,2017-06-13T18:25:49.000Z,1.0,1.0,other,other,True,1.0,"['relevant', 'irrelevant']","['A2KLJKDG90K1PP', 'A32CMQGGTSUK6Z']"
relevance_tweets17_1006,relevant,"The #REINSAct signals our commitment to modeling reform that puts smart policy above tired politicking.
https://t.co/GpOcD1NZO7",816476167985332225,1060487274,RepDougCollins,2017-01-04T02:47:42.000Z,1.0,1.0,policy prescription and evaluation,policy prescription and evaluation,True,1.0,"['irrelevant', 'relevant']","['A2Q1YS118AO2BP', 'A2R2YZTSME1K3F']"
relevance_tweets17_1007,relevant,Always great hearing about WVians making a difference. Natalie Spaid stopped by this wk to discuss how her non-profit benefits #veterans. https://t.co/eMx54TScEe,865947544236511233,193794406,SenCapito,2017-05-20T15:09:17.000Z,1.0,1.0,other,,True,1.0,"['irrelevant', 'irrelevant']","['A2Q1YS118AO2BP', 'ACDX50KGPE97I']"
relevance_tweets17_1008,relevant,"When President Trump took office, he made it clear that job one was to grow the economy. He’s taken action to remove harmful regulations, unleash our energy potential, and fix our outdated tax system. We are already seeing positive results. (2/4)",986305390865518594,2863210809,sendavidperdue,2018-04-17T18:08:24.000Z,1.0,1.0,economic,policy prescription and evaluation,True,1.0,"['relevant', 'relevant']","['A2Q1YS118AO2BP', 'A32CMQGGTSUK6Z']"
relevance_tweets17_1009,relevant,We’re LIVE at @halifaxcc for an important discussion on the problem of hunger. Tune in  https://t.co/mT4bAwMai7 #JobsandJustice #NC01 https://t.co/THTyp8JzTf,1027621552815144961,432676344,GKButterfield,2018-08-09T18:24:05.000Z,1.0,1.0,health and safety,,True,1.0,"['relevant', 'relevant']","['A2R2YZTSME1K3F', 'A32CMQGGTSUK6Z']"
relevance_tweets17_1010,relevant,"Spoke with Teresa from #Elko, a member of the Women’s Mining Coalition, regarding legislation that I introduced to improve the burdensome permitting process, increase American mineral security, and create blue collar mining jobs. https://t.co/pKk4hvqyD9",988861322354921473,266133081,SenDeanHeller,2018-04-24T19:24:46.000Z,1.0,1.0,political,policy prescription and evaluation,True,1.0,"['relevant', 'relevant']","['A17D6BK59S31BM', 'A3GUJ6JD25FX7O']"
relevance_tweets17_1011,relevant,Honoring our veterans at the Dana Point annual Veterans Day Service last week. My office attended and presented a proclamation thanking all who have and continue to serve our nation! https://t.co/I2q4je2PbL,933002259658571776,22509548,DarrellIssa,2017-11-21T16:00:47.000Z,1.0,1.0,security and defense,security and defense,True,1.0,"['relevant', 'relevant']","['A2Q1YS118AO2BP', 'A37WDOIQH6JM6V']"
relevance_tweets17_1012,irrelevant,@scar1etbeg0nias Thank you!,854369483129053184,233842454,justinamash,2017-04-18T16:22:12.000Z,0.0,0.0,,,True,0.0,"['irrelevant', 'irrelevant']","['A2KLJKDG90K1PP', 'ACDX50KGPE97I']"
relevance_tweets17_1013,relevant,"#GOPtaxscam plan give rich permanent tax cuts, gives middle class little to nothing. I a. Voting NO",930829469098631168,404132211,RepRickLarsen,2017-11-15T16:06:54.000Z,1.0,1.0,policy prescription and evaluation,fairness and equality,True,1.0,"['relevant', 'relevant']","['A23WTODPHXZ68Y', 'A37WDOIQH6JM6V']"
relevance_tweets17_1014,relevant,Republicans' proposed tax cuts (mostly for corporations &amp; the top 1%) cost $150 billion a year!… https://t.co/8I72V1GDA6,927531500588892160,18695134,SenatorMenendez,2017-11-06T13:41:57.000Z,1.0,1.0,economic,,True,1.0,"['relevant', 'relevant']","['A17D6BK59S31BM', 'A2Q1YS118AO2BP']"
relevance_tweets17_1015,relevant,Stand up. Speak up. Make your voices heard! #RideOn https://t.co/sRK5FDxmbM,860132474579554305,1060984272,Elizabeth_Esty,2017-05-04T14:02:17.000Z,1.0,1.0,political,other,True,1.0,"['relevant', 'relevant']","['A17D6BK59S31BM', 'A32CMQGGTSUK6Z']"
relevance_tweets17_1016,relevant,"Instead of working across the aisle on #taxreform, @POTUS is trying to give himself &amp; other billionaires a tax break w/ no way to pay for it https://t.co/J5nSyIvCIa",857330175213752320,1092979962,RepCheri,2017-04-26T20:26:56.000Z,1.0,1.0,political,economic,True,1.0,"['relevant', 'relevant']","['A2Q1YS118AO2BP', 'ACDX50KGPE97I']"
relevance_tweets17_1017,relevant,Great to see everyone @ yesterday’s Schell-Vista fire dept. bbq - fun event for a wonderful cause. Thx to all who attended &amp; organized. https://t.co/vJacB70ozS,887034550194458625,303861808,RepThompson,2017-07-17T19:41:31.000Z,1.0,1.0,health and safety,,True,1.0,"['relevant', 'irrelevant']","['A2Q1YS118AO2BP', 'A32CMQGGTSUK6Z']"
relevance_tweets17_1018,relevant,"The Admin. asked to strike down the ban on insurers denying coverage &amp; charging higher rates to people w/ pre-existing health care conditions, right as insurers offering health plans on the individual marketplace in Indiana are preparing to file proposed 2019 plans by June 20.",1005167184971288576,216503958,SenDonnelly,2018-06-08T19:18:26.000Z,1.0,1.0,policy prescription and evaluation,economic,True,1.0,"['relevant', 'relevant']","['A2KLJKDG90K1PP', 'A2Q1YS118AO2BP']"
relevance_tweets17_1019,relevant,"The Diversity Visa Program extends the American dream to countries that have low rates of immigration to the USA. DV recipients, particularly those from African countries, are  well-educated; and all  Diversity Visa recipients must pass a stringent  background  investigation. 3/",958711033282969600,1155335864,RepDonaldPayne,2018-01-31T14:38:16.000Z,1.0,1.0,fairness and equality,other,True,1.0,"['relevant', 'relevant']","['A37WDOIQH6JM6V', 'A3CVY8G619MGTI']"
relevance_tweets17_1020,relevant,Thanks to John Propp for showing me around the food pantry at the First Baptist Church in #Fairhope. They are doing great work! https://t.co/43zsQqNxIT,862709888048345088,2253968388,RepByrne,2017-05-11T16:44:00.000Z,1.0,1.0,other,,True,1.0,"['relevant', 'irrelevant']","['A2Q1YS118AO2BP', 'ATR6RB1RULOC0']"
relevance_tweets17_1021,irrelevant,My wife Jean and our granddaughter Andrina share a birthday today! Wishing these two a great day  https://t.co/fvMlbza0je,1047844266968580096,2955485182,SenatorRounds,2018-10-04T13:41:55.000Z,0.0,0.0,,,True,0.0,"['irrelevant', 'irrelevant']","['A2R2YZTSME1K3F', 'ACDX50KGPE97I']"
relevance_tweets17_1022,relevant,Asked top USDA economist and a Federal Reserve leader if they could defend the admin’s 21 percent cut to USDA. Here’s what they said: https://t.co/6lx5ARhXOv,867834285499219969,1061029050,SenatorHeitkamp,2017-05-25T20:06:31.000Z,1.0,1.0,political,economic,True,1.0,"['relevant', 'relevant']","['A17D6BK59S31BM', 'A32CMQGGTSUK6Z']"
relevance_tweets17_1023,relevant,"On the 102nd Anniversary of the Armenian Genocide, I call on Congress &amp; @POTUS to formally recognize this atrocity. https://t.co/YNNlhlDPi1",856595316690309127,24913074,RepSpeier,2017-04-24T19:46:52.000Z,1.0,1.0,"law and order, crime and justice",morality,True,1.0,"['relevant', 'relevant']","['A2Q1YS118AO2BP', 'A37WDOIQH6JM6V']"
relevance_tweets17_1024,relevant,NEW: Rep Cicilline's Statement on President Trump's Supreme Court Nomination. #MerrickGarland https://t.co/9UsRkY7S0s,826646760105865216,462143773,RepCicilline,2017-02-01T04:22:00.000Z,1.0,1.0,"law and order, crime and justice",,True,1.0,"['relevant', 'relevant']","['A2KLJKDG90K1PP', 'A3GUJ6JD25FX7O']"
relevance_tweets17_1025,relevant,"North Carolina has a long storm recovery ahead of us. Federal and state resources are in place, but many have asked how they can help.
If you would like to volunteer to help with #HurricaneFlorence recovery, visit: https://t.co/6iNGPajGEWhttps://t.co/GroMwpfFTF",1045090660997582850,432676344,GKButterfield,2018-09-26T23:20:05.000Z,1.0,1.0,capacity and resources,capacity and resources,True,1.0,"['irrelevant', 'irrelevant']","['A2R2YZTSME1K3F', 'ATR6RB1RULOC0']"
relevance_tweets17_1026,relevant,This executive order is a dramatic overreach that lacks understanding of and respect for our constitution: https://t.co/gHNs4WLbCh,825802993320747008,950783972,RepBera,2017-01-29T20:29:10.000Z,1.0,1.0,constitutionality and jurisprudence,constitutionality and jurisprudence,True,1.0,"['relevant', 'relevant']","['A2R2YZTSME1K3F', 'A3CVY8G619MGTI']"
relevance_tweets17_1027,relevant,"Due process is a right. This ruling goes against everything we stand for. 
https://t.co/wMbWuLOR6D",968950937908797440,111635980,JoeCrowleyNY,2018-02-28T20:48:00.000Z,1.0,1.0,constitutionality and jurisprudence,constitutionality and jurisprudence,True,1.0,"['relevant', 'relevant']","['A23WTODPHXZ68Y', 'A9K0CV70JWG1W']"
relevance_tweets17_1028,relevant,"46 years ago, the unbossed and unbought #ShirleyChisholm announced her candidacy for the U.S. Presidency, making her the first woman in history to run for the highest office.",965388443709853696,240812994,RepYvetteClarke,2018-02-19T00:51:55.000Z,1.0,1.0,political,,True,1.0,"['relevant', 'relevant']","['A2R2YZTSME1K3F', 'A3CVY8G619MGTI']"
relevance_tweets17_1029,relevant,"Happy International Day of the Girl! From the classroom to the workplace - when women and girls succeed, we all succeed. #DayoftheGirl https://t.co/yLpJTyEJ8S",918229375027466242,1092979962,RepCheri,2017-10-11T21:38:37.000Z,1.0,1.0,cultural identity,fairness and equality,True,1.0,"['irrelevant', 'irrelevant']","['A37WDOIQH6JM6V', 'ACDX50KGPE97I']"
relevance_tweets17_1030,relevant,#TaxCuts 2.0 will make the temporary cuts permanent. @TPUSA #HSLS2018 https://t.co/rtI9gyl6qf,1022267444792975361,1209417007,SteveScalise,2018-07-25T23:48:46.000Z,1.0,1.0,,economic,True,1.0,"['relevant', 'relevant']","['A9K0CV70JWG1W', 'ACDX50KGPE97I']"
relevance_tweets17_1031,relevant,"Methane is one of the worst greenhouse gases on a ""molecule-for-molecule basis,"" writes @NASA.
The gas is most commonly associated with agricultural activities like raising livestock, but methane is also a byproduct of oil and gas development. 2/ https://t.co/0O4vBwsQgvhttps://t.co/WcT74VNJ56",1013868428979994624,2962868158,RepDonBeyer,2018-07-02T19:34:04.000Z,1.0,1.0,health and safety,,True,1.0,"['relevant', 'irrelevant']","['A2Q1YS118AO2BP', 'ACDX50KGPE97I']"
relevance_tweets17_1032,relevant,"Spoke with @10News about the potential government shutdown and how it would hurt San Diegans.
The American people expect us to make government work, not shut it down. Holding government services hostage to a border wall is not good governance. https://t.co/xm0HcKOji6",1075452201210920967,1135486501,RepScottPeters,2018-12-19T18:06:00.000Z,1.0,1.0,policy prescription and evaluation,policy prescription and evaluation,True,1.0,"['relevant', 'relevant']","['A23WTODPHXZ68Y', 'A37WDOIQH6JM6V']"
relevance_tweets17_1033,relevant,"""...the Republican Party has consistently used every lever of power at its disposal to weaken, roll back, or outright abolish protections for pre-existing conditions, and they promise to do more if they can."" https://t.co/a5PVIIVZhz",1055839637208555520,140519774,rosadelauro,2018-10-26T15:12:40.000Z,1.0,1.0,political,policy prescription and evaluation,True,1.0,"['relevant', 'relevant']","['A32CMQGGTSUK6Z', 'A37WDOIQH6JM6V']"
relevance_tweets17_1034,relevant,"As I told #SouthKorea leaders during my visit in Dec, US is committed to a strong alliance despite political turmoil https://t.co/8orrFs8atv",840029261998260226,225921757,SenatorLankford,2017-03-10T02:39:17.000Z,1.0,1.0,external regulation and reputation,external regulation and reputation,True,1.0,"['relevant', 'relevant']","['A2Q1YS118AO2BP', 'A37WDOIQH6JM6V']"
relevance_tweets17_1035,relevant,"At least 44 million Americans have no choice but to use insecure voting machines that have foreign hackers salivating. Americans must move to paper ballots, marked by hand. Until that system is adopted, every election that goes by is an election that Russia could hack.",1017137824288641030,250188760,RonWyden,2018-07-11T20:05:29.000Z,1.0,1.0,political,external regulation and reputation,True,1.0,"['irrelevant', 'relevant']","['A2Q1YS118AO2BP', 'A32CMQGGTSUK6Z']"
relevance_tweets17_1036,relevant,"This week in #OGHistory: Rapid DNA, coming together in the Senate, and next steps on tax reform. #utpol https://t.co/hybAYFkzmi",893578118207766528,262756641,senorrinhatch,2017-08-04T21:03:19.000Z,1.0,1.0,,,True,1.0,"['relevant', 'relevant']","['A2R2YZTSME1K3F', 'A32CMQGGTSUK6Z']"
relevance_tweets17_1037,relevant,I had hoped that the Regents would have exercised prudence and given the legislature the chance to work through the appropriations process before making such a consequential decision. /2,1030630267365548033,1061385474,RepLujanGrisham,2018-08-18T01:39:38.000Z,1.0,1.0,policy prescription and evaluation,constitutionality and jurisprudence,True,1.0,"['relevant', 'irrelevant']","['A17D6BK59S31BM', 'A2Q1YS118AO2BP']"
relevance_tweets17_1038,relevant,"BIG NEWS: Atlanta has been chosen a finalist for the home to new @USArmy Futures Command. In March, the GA Delegation sent a letter to @SecArmy pressing for ATL to be considered. The largest hub for private sector/innovation in the SE, ATL just makes sense https://t.co/1lWQBhXIrx",987382669238505472,234797704,AustinScottGA08,2018-04-20T17:29:07.000Z,1.0,1.0,security and defense,,True,1.0,"['relevant', 'irrelevant']","['A2Q1YS118AO2BP', 'A32CMQGGTSUK6Z']"
relevance_tweets17_1039,relevant,"Since its inception, the work of the 3rd Infantry Division @3rd_Infantry of @USArmy has been legendary &amp; the ""Rock of the Marne"" has held fast. I am honored to recognize its 100th anniversary: https://t.co/vUVsCVl8WH. @MarneCG",930917183923916800,78403308,SenatorIsakson,2017-11-15T21:55:26.000Z,1.0,1.0,security and defense,security and defense,True,1.0,"['relevant', 'irrelevant']","['A2R2YZTSME1K3F', 'ATR6RB1RULOC0']"
relevance_tweets17_1040,relevant,"Attention employers and job seekers - save the date of March 22, 10:00 a.m., at Southlake Mall for information on grant and training opportunities through the NextLevel Jobs program. https://t.co/qVYGSFYwV9",976100851621289984,193872188,RepVisclosky,2018-03-20T14:19:12.000Z,1.0,1.0,economic,,True,1.0,"['irrelevant', 'irrelevant']","['A2KLJKDG90K1PP', 'ACDX50KGPE97I']"
relevance_tweets17_1041,relevant,"In this country, in this century, women and children should not be trafficked online for sex. That's why I worked to pass #SESTA this week. It’s now ready for @POTUS’ signature https://t.co/7LUppoyiO9",977993269773815808,18915145,senrobportman,2018-03-25T19:39:00.000Z,1.0,1.0,policy prescription and evaluation,policy prescription and evaluation,True,1.0,"['relevant', 'relevant']","['A2R2YZTSME1K3F', 'ATR6RB1RULOC0']"
relevance_tweets17_1042,relevant,"We need real reforms that reward American workers and the businesses that truly value them, like my #PatriotEmployer Act.
https://t.co/coQqUsOGfy",935938961645633538,24195214,janschakowsky,2017-11-29T18:30:12.000Z,1.0,1.0,policy prescription and evaluation,policy prescription and evaluation,True,1.0,"['relevant', 'relevant']","['A32CMQGGTSUK6Z', 'A3CVY8G619MGTI']"
relevance_tweets17_1043,relevant,Clear message today in PDX: #Trumpcare must be stopped. Proud to work w/ @SenJeffMerkley &amp; @RepBonamici in this fight of our lifetime. https://t.co/TAFGMWpXyx,883040154738319360,250188760,RonWyden,2017-07-06T19:09:13.000Z,1.0,1.0,policy prescription and evaluation,policy prescription and evaluation,True,1.0,"['relevant', 'relevant']","['A2R2YZTSME1K3F', 'ATR6RB1RULOC0']"
relevance_tweets17_1044,relevant,"I continue to stand by my statement that Sterigenics should close until we’re assured it’s not a public health threat. Because EPA won't shut Sterigenics (which they have the authority to do), &amp; because the company won't shut itself down, I'm calling for new EtO testing methods",1075138123120676865,1009269193,RepLipinski,2018-12-18T21:17:58.000Z,1.0,1.0,health and safety,health and safety,True,1.0,"['relevant', 'relevant']","['A2R2YZTSME1K3F', 'A32CMQGGTSUK6Z']"
relevance_tweets17_1045,relevant,"#ACA has given more people better care at a lower price. Now, it's up to us to protect that progress. #ProtectOurCare https://t.co/hJMwUPMKPY",829080371773968384,15764644,SpeakerPelosi,2017-02-07T21:32:18.000Z,1.0,1.0,policy prescription and evaluation,economic,True,1.0,"['irrelevant', 'relevant']","['A2Q1YS118AO2BP', 'A9K0CV70JWG1W']"
relevance_tweets17_1046,relevant,Glad to work with @TomRooney @RepSeanMaloney @RepStefanik on this bipartisan bill to help our homeless veterans. #HousingOurHeroes,867807749396205568,1071840474,RepSchneider,2017-05-25T18:21:05.000Z,1.0,1.0,policy prescription and evaluation,quality of life,True,1.0,"['irrelevant', 'relevant']","['A2Q1YS118AO2BP', 'A2R2YZTSME1K3F']"
relevance_tweets17_1047,relevant,"@Bryan66110685 You can count on me to stand by SNAP. This is a key safety net program that we need to bolster, not cut.",1031996473116975106,258900199,RepMaloney,2018-08-21T20:08:27.000Z,1.0,1.0,policy prescription and evaluation,health and safety,True,1.0,"['relevant', 'relevant']","['A2Q1YS118AO2BP', 'A32CMQGGTSUK6Z']"
relevance_tweets17_1048,relevant,"Time is almost out to sign up for 2018 coverage on the ACA exchange. Floridians, visit https://t.co/fF0TmZI0CR to #GetCovered. https://t.co/nNI75hZgPB",940609769349550083,137794015,RepTedDeutch,2017-12-12T15:50:19.000Z,1.0,1.0,other,,True,1.0,"['irrelevant', 'relevant']","['A23WTODPHXZ68Y', 'A2R2YZTSME1K3F']"
relevance_tweets17_1049,relevant,What we learned from Comey was deeply troubling. I'm more concerned than ever about Trump’s attempts to derail the Russia investigation.,872894183765233665,29442313,SenSanders,2017-06-08T19:12:45.000Z,1.0,1.0,external regulation and reputation,political,True,1.0,"['relevant', 'relevant']","['A38DC3BG1ZCVZ2', 'ACDX50KGPE97I']"
relevance_tweets17_1050,relevant,"@Dcdave11 @StowersWil He is not evangelical nor is he running for reelection. 

And he personally really appreciated this tweet from Wil.",1007286842209853440,262756641,senorrinhatch,2018-06-14T15:41:12.000Z,1.0,1.0,,other,True,1.0,"['relevant', 'relevant']","['A2R2YZTSME1K3F', 'A32CMQGGTSUK6Z']"
relevance_tweets17_1051,relevant,"Met students from Marjory Stoneman Douglas High School, who were in D.C. These future leaders have already changed the conversation on gun violence, and it's inspiring to see ambition in the next generation. https://t.co/i9dMNbSObi",968975560192835584,1135486501,RepScottPeters,2018-02-28T22:25:50.000Z,1.0,1.0,health and safety,health and safety,True,1.0,"['relevant', 'relevant']","['A2R2YZTSME1K3F', 'ATR6RB1RULOC0']"
relevance_tweets17_1052,relevant,"The #GOPBudget could be aimed at helping working families. Instead, it’s designed to fast-track @SpeakerRyan’s #BillionairesFirst tax plan.",922877345651978240,4304448314,CongBoyle,2017-10-24T17:28:00.000Z,1.0,1.0,fairness and equality,economic,True,1.0,"['relevant', 'relevant']","['A17D6BK59S31BM', 'ACDX50KGPE97I']"
relevance_tweets17_1053,relevant,"With the Senate passing tax reform, the President’s visit earlier this week, and the end of year looming close, Senator Hatch is hosting an Access Live call tonight at 5 PM MST. 
Tune in  and submit questions at https://t.co/rW3gikUl0L! https://t.co/sG7Sgvhtec",938545376730271744,262756641,senorrinhatch,2017-12-06T23:07:09.000Z,1.0,1.0,,,True,1.0,"['relevant', 'relevant']","['A32CMQGGTSUK6Z', 'ATR6RB1RULOC0']"
relevance_tweets17_1054,relevant,"What is happening at the border is heartbreaking. I'm committed to leading a bipartisan, bicameral effort to find a humane solution that ends automatic separations and keeps families together. Tonight’s meeting with Pres. Trump provides an opportunity to work towards a solution.",1009127357297373185,233949261,RepHuizenga,2018-06-19T17:34:45.000Z,1.0,1.0,policy prescription and evaluation,quality of life,True,1.0,"['relevant', 'relevant']","['A2Q1YS118AO2BP', 'A2R2YZTSME1K3F']"
relevance_tweets17_1055,relevant,This is also BAD during the same week the Senate intelligence report showed widespread massive Russian effort to infiltrate U.S. elections Trump Administration to Lift Sanctions on Russian Oligarch’s Companies   via @NYTimes /2  https://t.co/S32hgDjvbl,1075868804348030976,33537967,amyklobuchar,2018-12-20T21:41:26.000Z,1.0,1.0,fairness and equality,external regulation and reputation,True,1.0,"['relevant', 'relevant']","['A2Q1YS118AO2BP', 'A2R2YZTSME1K3F']"
relevance_tweets17_1056,relevant,Busy day but I’m also working on this year’s #FederalFumbles. @BenSasse do you like this entry title? Heard you were Nickelback’s #1 fan. https://t.co/iDdSOw587H,921082919300497408,225921757,SenatorLankford,2017-10-19T18:37:35.000Z,1.0,1.0,political,,True,1.0,"['relevant', 'irrelevant']","['A2R2YZTSME1K3F', 'A38DC3BG1ZCVZ2']"
relevance_tweets17_1057,relevant,"Mueller, a Republican, has uncovered a deep &amp; detailed pattern of Russian interference in our elections that led to indictments &amp; guilty pleas. It also led to the Trump admin itself leveling sanctions against Russian individuals, proof that it’s not a so-called ‘witch-hunt.’",983479501777784832,17494010,SenSchumer,2018-04-09T22:59:20.000Z,1.0,1.0,"law and order, crime and justice",external regulation and reputation,True,1.0,"['relevant', 'relevant']","['A3CVY8G619MGTI', 'ATR6RB1RULOC0']"
relevance_tweets17_1058,relevant,"Trump chose to end #DACA. No one's stopping him from extending it to #ProtectDREAMers. Speaker Ryan refuses a House vote on bipartisan proposals to resolve it. Yesterday, House Rs blocked a  #DREAMAct vote for the 26th time. Trump's claim is as error-ridden &amp; phony as his tweets.",977284668755140608,153944899,RepLloydDoggett,2018-03-23T20:43:16.000Z,1.0,1.0,political,policy prescription and evaluation,True,1.0,"['irrelevant', 'relevant']","['A2Q1YS118AO2BP', 'A32CMQGGTSUK6Z']"
relevance_tweets17_1059,relevant,Do you believe @POTUS @realDonaldTrump's #MuslimBan is against the law? #QuestionOfTheDay,830085509582028802,1531521632,RepBeatty,2017-02-10T16:06:22.000Z,1.0,1.0,"law and order, crime and justice","law and order, crime and justice",True,1.0,"['relevant', 'relevant']","['A37WDOIQH6JM6V', 'ACDX50KGPE97I']"
relevance_tweets17_1060,relevant,"After years in the making, I am happy to see the opening of the Bella Vista Bypass. Thanks to all who worked on this project! #AR3 https://t.co/WcVn52Ihz0",862385505706573826,234469322,rep_stevewomack,2017-05-10T19:15:01.000Z,1.0,1.0,other,,True,1.0,"['relevant', 'irrelevant']","['A2Q1YS118AO2BP', 'A2R2YZTSME1K3F']"
relevance_tweets17_1061,relevant,"@NWTC Thank you ACE Marine for having me today in Green Bay, and for your critical role in boosting Wisconsin’s maritime industry and supporting our #MadeInWI economy. Looking forward to the North Coast Marine Manufacturing Training Center in Marinette! https://t.co/Q3xBjViRR5",979413137140088832,1074518754,SenatorBaldwin,2018-03-29T17:41:03.000Z,1.0,1.0,economic,economic,True,1.0,"['relevant', 'irrelevant']","['A2Q1YS118AO2BP', 'ATR6RB1RULOC0']"
relevance_tweets17_1062,irrelevant,ICYMI: Here is my weekly newsletter - The Hill Report --&gt; https://t.co/nOzFYL4Atm,866655894561488897,24735461,PeteSessions,2017-05-22T14:04:01.000Z,0.0,0.0,,,True,0.0,"['irrelevant', 'irrelevant']","['A9K0CV70JWG1W', 'ACDX50KGPE97I']"
relevance_tweets17_1063,relevant,"Toured the Lake County Emergency Center last night and thanked all the firefighters, law enforcement, and first responders for their work combatting these fires and keeping us safe. #MendocinoComplex https://t.co/wAFj3G3skg",1024291665509601291,303861808,RepThompson,2018-07-31T13:52:18.000Z,1.0,1.0,other,other,True,1.0,"['relevant', 'irrelevant']","['A2Q1YS118AO2BP', 'A38DC3BG1ZCVZ2']"
relevance_tweets17_1064,relevant,Join @ANC4C and other Ward 4 residents tonight at 6:30pm at the Petworth Library for a “Norton in Your Neighborhood” community conversation to discuss the federal issues that matter most to you as DC residents. https://t.co/1zgBp928Qo,1050113353912324096,23600262,EleanorNorton,2018-10-10T19:58:28.000Z,1.0,1.0,political,,True,1.0,"['relevant', 'relevant']","['A17D6BK59S31BM', 'A2Q1YS118AO2BP']"
relevance_tweets17_1065,relevant,"We have a lot to do, like expanding access to broadband, strengthening small businesses, investing in our schools, and passing a good Farm Bill. Montanans don't quit until the job is done and Congress shouldn't either. #mtpol
https://t.co/jiCsq9Yjxn",1004157223155662849,515822213,SenatorTester,2018-06-06T00:25:12.000Z,1.0,1.0,economic,policy prescription and evaluation,True,1.0,"['relevant', 'relevant']","['A37WDOIQH6JM6V', 'ATR6RB1RULOC0']"
relevance_tweets17_1066,irrelevant,"I hope this time brings you the opportunity to reflect, to #hope, and to know that you're loved by God. #MerryChristmas, #GA09! https://t.co/cOfwb9TxWa",1077294974683750400,1060487274,RepDougCollins,2018-12-24T20:08:31.000Z,0.0,0.0,,,True,0.0,"['irrelevant', 'relevant']","['A2KLJKDG90K1PP', 'A2Q1YS118AO2BP']"
relevance_tweets17_1067,relevant,@psad1961 Ma’am you’ll benefit from reading the linked article. It addresses that point thoroughly.,1029555418710855680,262756641,senorrinhatch,2018-08-15T02:28:34.000Z,1.0,1.0,other,,True,1.0,"['relevant', 'relevant']","['A2Q1YS118AO2BP', 'A2R2YZTSME1K3F']"
relevance_tweets17_1068,relevant,"Spoke w/ @MinnStateEdu about the Minnesota State Veterans Re-Entry Education Program, which helps veterans get the education they deserve! https://t.co/fbYLF3sWN8",916039323715358722,2914515430,RepTomEmmer,2017-10-05T20:36:08.000Z,1.0,1.0,morality,morality,True,1.0,"['irrelevant', 'irrelevant']","['A23WTODPHXZ68Y', 'A37WDOIQH6JM6V']"
relevance_tweets17_1069,relevant,Thanks to the folks who came to my #TownHall in Josephine County today! It was important to talk about #NetNeutrality and the grassroots action to save it! https://t.co/ERhBQ8LS4g,953097700924411909,29201047,SenJeffMerkley,2018-01-16T02:52:54.000Z,1.0,1.0,public opinion,,True,1.0,"['relevant', 'relevant']","['A37WDOIQH6JM6V', 'A3CVY8G619MGTI']"
relevance_tweets17_1070,relevant,"The Cost of Living Adjustment is a crucial #SocialSecurity protection b/c it ensures that benefits keep up with inflation. This year’s COLA will be 2.8%! Along with the #ExpandSocialSecurity Caucus, I will work to strengthen Social Security for the 102,107 beneficiaries in #NY09.",1050397908846215168,240812994,RepYvetteClarke,2018-10-11T14:49:11.000Z,1.0,1.0,policy prescription and evaluation,economic,True,1.0,"['relevant', 'relevant']","['A17D6BK59S31BM', 'A2R2YZTSME1K3F']"
relevance_tweets17_1071,relevant,Excited about the launch of @bidenfoundation! Grateful for @JoeBiden’s service and his commitment to equal rights. https://t.co/8F8qLVxAM2,826883233245696001,1058717720,RepAnnieKuster,2017-02-01T20:01:40.000Z,1.0,1.0,fairness and equality,fairness and equality,True,1.0,"['relevant', 'relevant']","['A2Q1YS118AO2BP', 'A32CMQGGTSUK6Z']"
relevance_tweets17_1072,irrelevant,"Over the weekend, my friend and colleague @timkaine was surprised with a party celebrating his 60th birthday. Although I was unable to attend, I did want to offer the following verses in honor of this auspicious occasion: https://t.co/VLVuS7b4tQ",970800030176116737,1068481578,SenAngusKing,2018-03-05T23:15:38.000Z,0.0,0.0,,,True,0.0,"['relevant', 'relevant']","['A17D6BK59S31BM', 'ATR6RB1RULOC0']"
relevance_tweets17_1073,relevant,"Yesterday, Trump casually suggested to wipe out health care for MILLIONS with no plan to get them covered...
https://t.co/nm1GGBsf5r",881283597633814528,239949176,RepKarenBass,2017-07-01T22:49:17.000Z,1.0,1.0,health and safety,,True,1.0,"['relevant', 'relevant']","['A17D6BK59S31BM', 'A38DC3BG1ZCVZ2']"
relevance_tweets17_1074,relevant,Democrats have always put the best interests of American families and our country above all else. https://t.co/wO34YvATY3 6/,889594488364171264,111635980,JoeCrowleyNY,2017-07-24T21:13:48.000Z,1.0,1.0,public opinion,political,True,1.0,"['relevant', 'relevant']","['A2KLJKDG90K1PP', 'ATR6RB1RULOC0']"
relevance_tweets17_1075,relevant,NEW REPORT: The TrumpTax plan is basically tax cuts for billionaires &amp; corporations. How is @SenateGOP planning to pay for it? By raising taxes on the working class. Take a look for yourself: https://t.co/SjBuvuyjXx,931284086915780608,242555999,SenWhitehouse,2017-11-16T22:13:23.000Z,1.0,1.0,economic,economic,True,1.0,"['irrelevant', 'relevant']","['A2Q1YS118AO2BP', 'A2R2YZTSME1K3F']"
relevance_tweets17_1076,relevant,"Glad to hear the @WhiteHouse listened to me and my colleagues and withdrew the nomination of Kathleen Hartnett White to head the Council on Environmental Quality.  They now need to put forward a qualified, nominee who understands basic #science. https://t.co/Qu6aZ2oane",960563658819588096,1009269193,RepLipinski,2018-02-05T17:19:57.000Z,1.0,1.0,political,other,True,1.0,"['relevant', 'relevant']","['A2KLJKDG90K1PP', 'ACDX50KGPE97I']"
relevance_tweets17_1077,relevant,"Since day one, connecting #WestVirginia has been a top priority because I know the tremendous opportunity it can create in our state. Others in the #broadband community like @NTCAconnect’s @sbloomfield15 agree: https://t.co/nsv5lcLzrT",1026135490636918785,193794406,SenCapito,2018-08-05T15:59:00.000Z,1.0,1.0,capacity and resources,,True,1.0,"['relevant', 'relevant']","['A17D6BK59S31BM', 'A37WDOIQH6JM6V']"
relevance_tweets17_1078,relevant,About to join @CNN @wolfblitzer to talk about @POTUS's meeting w/ @HouseDemocrats &amp; @SenateDems on need to protect #ACA -tune in! #acaworks,816716641031647232,111635980,JoeCrowleyNY,2017-01-04T18:43:15.000Z,1.0,1.0,political,,True,1.0,"['relevant', 'relevant']","['ACDX50KGPE97I', 'ATR6RB1RULOC0']"
relevance_tweets17_1079,relevant,Wishing everyone a happy #PresidentsDay! https://t.co/0QE18VLcQ9,833783473060065282,963480595,MarkMeadows,2017-02-20T21:00:45.000Z,1.0,1.0,political,,True,1.0,"['relevant', 'irrelevant']","['A17D6BK59S31BM', 'A2KLJKDG90K1PP']"
relevance_tweets17_1080,relevant,"Today is #NationalInternDay! We are thankful for these Tennessee Volunteers, Stroud &amp; Caitlyn, who work for the great people of #TN06! https://t.co/QthYoLsuV3",890717801274593280,110545675,RepDianeBlack,2017-07-27T23:37:27.000Z,1.0,1.0,cultural identity,,True,1.0,"['irrelevant', 'relevant']","['A32CMQGGTSUK6Z', 'ATR6RB1RULOC0']"
relevance_tweets17_1081,relevant,Ready &amp; willing to do the work to open government. Republicans should put an end to the #TrumpShutdown. Let's get to work! https://t.co/xWmkZFPdMF,954783243043328006,240812994,RepYvetteClarke,2018-01-20T18:30:38.000Z,1.0,1.0,political,policy prescription and evaluation,True,1.0,"['irrelevant', 'relevant']","['A2Q1YS118AO2BP', 'ACDX50KGPE97I']"
relevance_tweets17_1082,relevant,Team Castro joined @AlamoAreaCOG this week for an update on compatible development initiatives between @JBSA_Official and our community. https://t.co/2b9gVvxQ9C,1062762442764283904,231510077,JoaquinCastrotx,2018-11-14T17:41:26.000Z,1.0,1.0,,,True,1.0,"['relevant', 'irrelevant']","['A32CMQGGTSUK6Z', 'ACDX50KGPE97I']"
relevance_tweets17_1083,relevant,"Our Jim Langevin is a national authority on this important subject.   Always making us proud.  
https://t.co/3o6Xzm4Fh9",1009048109408759808,242555999,SenWhitehouse,2018-06-19T12:19:51.000Z,1.0,1.0,other,,True,1.0,"['relevant', 'relevant']","['A17D6BK59S31BM', 'A2Q1YS118AO2BP']"
relevance_tweets17_1084,relevant,There’s still time to register for our videoconference 2morrow on how to use free resources from @librarycongress: https://t.co/YDCCAJ7ULDhttps://t.co/WbivgdauzC,917784345775091714,210926192,RepCuellar,2017-10-10T16:10:14.000Z,1.0,1.0,,,True,1.0,"['relevant', 'irrelevant']","['A23WTODPHXZ68Y', 'ACDX50KGPE97I']"
relevance_tweets17_1085,relevant,Integrity of elections transcends politics. We need a nonpartisan committee to investigate election interference. https://t.co/LzGLUgEtlc,817488040339894280,1058717720,RepAnnieKuster,2017-01-06T21:48:31.000Z,1.0,1.0,political,political,True,1.0,"['relevant', 'relevant']","['A17D6BK59S31BM', 'A2R2YZTSME1K3F']"
relevance_tweets17_1086,relevant,I  believe we can expand on this good work by raising the bar even further. Here’s my plan to expand service opportunities and provide an affordable pathway towards higher ed: https://t.co/xoRm633mKY,1026844807669473282,50452197,RepJohnLarson,2018-08-07T14:57:34.000Z,1.0,1.0,policy prescription and evaluation,economic,True,1.0,"['relevant', 'relevant']","['A2R2YZTSME1K3F', 'ACDX50KGPE97I']"
relevance_tweets17_1087,relevant,The #maritime industry is a key driver of our vibrant economy. I'm pleased @RepGaramendi could join me in #WA to tour @FossMaritime today. https://t.co/DKTCUkYCaf,909876375632392192,995193054,RepDelBene,2017-09-18T20:26:47.000Z,1.0,1.0,economic,economic,True,1.0,"['relevant', 'relevant']","['A2Q1YS118AO2BP', 'ACDX50KGPE97I']"
relevance_tweets17_1088,irrelevant,Congrats @KevinHarvick #MonsterMile @RodneyChilders4 &amp; @StewartHaasRcng are on  #NASCAR #NASCARonFS1,993252398750724096,935033864,RepRichHudson,2018-05-06T22:13:20.000Z,0.0,0.0,,,True,0.0,"['irrelevant', 'irrelevant']","['A2Q1YS118AO2BP', 'A2R2YZTSME1K3F']"
relevance_tweets17_1089,relevant,"The #GOPTaxScam is overwhelmingly skewed to wealthy and powerful shareholders and executives – not middle class families and working Americans.
https://t.co/v5acpZ9EDg",968575124801761281,250188760,RonWyden,2018-02-27T19:54:39.000Z,1.0,1.0,fairness and equality,fairness and equality,True,1.0,"['relevant', 'relevant']","['A2R2YZTSME1K3F', 'ACDX50KGPE97I']"
relevance_tweets17_1090,irrelevant,Few things better than spending the day at the Great NY State Fair. More photos from my day in Syracuse. https://t.co/NZELeIxriI,1033875169088086016,17494010,SenSchumer,2018-08-27T00:33:43.000Z,0.0,0.0,,,True,0.0,"['irrelevant', 'relevant']","['A2KLJKDG90K1PP', 'A2Q1YS118AO2BP']"
relevance_tweets17_1091,relevant,"""We know that every Democratic member of @senjudiciary is going to vote no...Doesn’t depend on what they read in documents, doesn’t depend on what Kavanaugh says—they’ve announced ahead of time they’re voting no &amp; most of the Senate Dems have announced that in the full Senate."" https://t.co/6Sqkw6Hq3S",1037082068210073601,1074480192,SenTedCruz,2018-09-04T20:56:47.000Z,1.0,1.0,political,political,True,1.0,"['relevant', 'relevant']","['A32CMQGGTSUK6Z', 'ACDX50KGPE97I']"
relevance_tweets17_1092,relevant,"Human trafficking isn’t only happening in other countries, we’ve seen it in Pasco County. We must stop this &amp; restore basic human rights. https://t.co/NzFvpXg7ek",819254909505781763,26051676,RepGusBilirakis,2017-01-11T18:49:26.000Z,1.0,1.0,security and defense,morality,True,1.0,"['relevant', 'relevant']","['A2KLJKDG90K1PP', 'A2R2YZTSME1K3F']"
relevance_tweets17_1093,relevant,@K_Adger_TNN w/ @TucsonNewsNow is one committed reporter! Thanks for coming out to @CoronadoNF to hike with us this morning.  https://t.co/gvTXRd0gUi,914211012009701376,2964949642,MarthaMcSally,2017-09-30T19:31:05.000Z,1.0,1.0,other,,True,1.0,"['irrelevant', 'irrelevant']","['A2Q1YS118AO2BP', 'A2R2YZTSME1K3F']"
relevance_tweets17_1094,relevant,I was honored to join representatives from @BurrellCenter in a press conference where they discussed federal grant #opioidepidemic resources which are being used to provide additional services to families in southwest and mid Missouri #DrugFreeMO https://t.co/5EoFJXoM0r,1053027595493789697,237763317,RepHartzler,2018-10-18T20:58:37.000Z,1.0,1.0,health and safety,,True,1.0,"['relevant', 'relevant']","['A32CMQGGTSUK6Z', 'ACDX50KGPE97I']"
relevance_tweets17_1095,relevant,Further imposing sanctions on these terrorist groups will put a stop on the Islamic Republic’s objective of “exporting the revolution.,927680825944141824,74198348,JudgeTedPoe,2017-11-06T23:35:19.000Z,1.0,1.0,security and defense,policy prescription and evaluation,True,1.0,"['relevant', 'relevant']","['A2Q1YS118AO2BP', 'A9K0CV70JWG1W']"
relevance_tweets17_1096,relevant,"#BlackHistoryMonth may be over, but black history in the making never stops! I was proud to co-host an event with the Bipartisan Congressional Caucus on Women’s Issues to honor #BlackWomenOnTheHill. @NancyPelosi @RepLoisFrankel @SusanWBrooks @RepMimiWalters https://t.co/qTa8Cajgap",969226293773570050,2863006655,RepLawrence,2018-03-01T15:02:10.000Z,1.0,1.0,constitutionality and jurisprudence,morality,True,1.0,"['irrelevant', 'relevant']","['A2Q1YS118AO2BP', 'A9K0CV70JWG1W']"
relevance_tweets17_1097,relevant,"As head of Bipartisan Anti-Semitism Task Force, I was proud to host Hon. Rabbi Lord Jonathan Sacks to discuss stemming global anti-Semitism. https://t.co/pHf334EyMb",827247714232651777,221792092,NitaLowey,2017-02-02T20:09:59.000Z,1.0,1.0,cultural identity,morality,True,1.0,"['relevant', 'relevant']","['A2Q1YS118AO2BP', 'A2R2YZTSME1K3F']"
relevance_tweets17_1098,relevant,"This budget eliminates the Essential Air Services program, meaning airports in places like Johnstown and Northwestern PA could be shuttered.",842370172946124800,171598736,SenBobCasey,2017-03-16T13:41:14.000Z,1.0,1.0,economic,economic,True,1.0,"['relevant', 'relevant']","['A2Q1YS118AO2BP', 'A37WDOIQH6JM6V']"
relevance_tweets17_1099,relevant,"""I don't want my state picked on. I don't want those humble people treated like crap."" #BearsEars #utpol https://t.co/JWN5tP9YlX",861326915151384576,262756641,senorrinhatch,2017-05-07T21:08:33.000Z,1.0,1.0,morality,fairness and equality,True,1.0,"['relevant', 'irrelevant']","['A2R2YZTSME1K3F', 'ACDX50KGPE97I']"
relevance_tweets17_1100,relevant,Monitoring shooting @capgaznews and praying all are ok.,1012416807112790016,305620929,Call_Me_Dutch,2018-06-28T19:25:51.000Z,1.0,1.0,other,health and safety,True,1.0,"['irrelevant', 'irrelevant']","['A2KLJKDG90K1PP', 'A2Q1YS118AO2BP']"
relevance_tweets17_1101,relevant,Had a great #Skype chat with Mrs. Mazzella's 2nd grade class at the Flanders School in East Lyme. Proud to represent such bright young kids! https://t.co/avZ5ikNT6K,875449582947246080,85396297,RepJoeCourtney,2017-06-15T20:27:00.000Z,1.0,1.0,other,other,True,1.0,"['irrelevant', 'irrelevant']","['A2Q1YS118AO2BP', 'ACDX50KGPE97I']"
relevance_tweets17_1102,relevant,.@repbenraylujan draws attention to @realDonaldTrump’s startling relationship with the truth with just days left in his first 100 days. https://t.co/AssMQqZ5FD,855472688483225600,15764644,SpeakerPelosi,2017-04-21T17:25:57.000Z,1.0,1.0,,other,True,1.0,"['relevant', 'relevant']","['A17D6BK59S31BM', 'A37WDOIQH6JM6V']"
relevance_tweets17_1103,relevant,Judge Gorsuch is an impressive jurist who takes seriously his obligation to interpret law &amp; follow the #Constitution https://t.co/HPPI8NzJ3Chttps://t.co/LcPWmdfIHE,827292135741353984,1074480192,SenTedCruz,2017-02-02T23:06:30.000Z,1.0,1.0,"law and order, crime and justice",constitutionality and jurisprudence,True,1.0,"['relevant', 'relevant']","['A32CMQGGTSUK6Z', 'A37WDOIQH6JM6V']"
relevance_tweets17_1104,relevant,"Don’t let President Trump lie to you. Republicans are not working #ForThePeople -- they’ve been trying to gut affordable health care and coverage for pre-existing conditions for millions of Americans. 
https://t.co/u47GYSMOVx",1057014964135882753,248735463,RepBarbaraLee,2018-10-29T21:03:00.000Z,1.0,1.0,political,political,True,1.0,"['relevant', 'relevant']","['A2R2YZTSME1K3F', 'A32CMQGGTSUK6Z']"
relevance_tweets17_1105,relevant,"Our Constitution is a document of constraints that limit the government, not the people.",850039923759558658,250188760,RonWyden,2017-04-06T17:38:05.000Z,1.0,1.0,constitutionality and jurisprudence,constitutionality and jurisprudence,True,1.0,"['irrelevant', 'relevant']","['A2Q1YS118AO2BP', 'ATR6RB1RULOC0']"
relevance_tweets17_1106,relevant,Wonderful to attend the Martin Luther King Service at North Church this evening. An important moment to reflect and recommit ourselves to fighting for Dr. King’s vision of continued progress. https://t.co/DXgN7vV8mb,953051478431846400,946549322,SenatorHassan,2018-01-15T23:49:13.000Z,1.0,1.0,cultural identity,other,True,1.0,"['relevant', 'irrelevant']","['A2R2YZTSME1K3F', 'ACDX50KGPE97I']"
relevance_tweets17_1107,relevant,"There will be a meeting for producers impacted by Hurricane Michael on Oct. 22 at 2 p.m. FSA, NRCS, RD and RMA staff will be there to provide information on disaster relief programs. The meeting will be held in the large auditorium of the UGA Tifton Conference Center. https://t.co/KDH7971HEH",1052972376349179910,2973870195,RepBuddyCarter,2018-10-18T17:19:12.000Z,1.0,1.0,,health and safety,True,1.0,"['relevant', 'irrelevant']","['A17D6BK59S31BM', 'A2Q1YS118AO2BP']"
relevance_tweets17_1108,relevant,"VIDEO: As member of House Appropriations Comm, I'll fight #TrumpGlobalGag, but we all must stay engaged in order to protect #womenshealth https://t.co/9Zc3fF9bhV",864842986462556160,14984637,chelliepingree,2017-05-17T14:00:10.000Z,1.0,1.0,health and safety,health and safety,True,1.0,"['relevant', 'relevant']","['A2KLJKDG90K1PP', 'A2R2YZTSME1K3F']"
relevance_tweets17_1109,relevant,It was moving to pay respects to President George H.W. Bush as he lies in state in the Capitol Rotunda this evening. We are grateful as a nation for his dedicated service to the United States of America. https://t.co/Nct7rHs9eu,1070131193394487296,1058717720,RepAnnieKuster,2018-12-05T01:42:13.000Z,1.0,1.0,other,,True,1.0,"['relevant', 'relevant']","['A17D6BK59S31BM', 'A2R2YZTSME1K3F']"
relevance_tweets17_1110,relevant,"Joining Chris Hayes on @MSNBC to discuss #PuertoRico and #PuertoRicoRelief in a few minutes.  We have to do more!
#twill",912833484179361792,36948268,RepGutierrez,2017-09-27T00:17:16.000Z,1.0,1.0,other,external regulation and reputation,True,1.0,"['relevant', 'irrelevant']","['A2R2YZTSME1K3F', 'ACDX50KGPE97I']"
relevance_tweets17_1111,relevant,House overwhelmingly passes #FirstStepAct (360-59) - striking the opening death blow against #MassIncarceration Epidemic https://t.co/dC6MtZVpLx,999052965657894913,467823431,RepJeffries,2018-05-22T22:22:43.000Z,1.0,1.0,constitutionality and jurisprudence,policy prescription and evaluation,True,1.0,"['relevant', 'relevant']","['A2KLJKDG90K1PP', 'A38DC3BG1ZCVZ2']"
relevance_tweets17_1112,relevant,"#Starwood #marriottdatabreach I look forward to working in the majority come January on meaningful data privacy reform. The time for comprehensive
data breach &amp; privacy legislation is NOW! #privacy @HouseJudDems",1068623938266247168,24745957,RepHankJohnson,2018-11-30T21:52:55.000Z,1.0,1.0,policy prescription and evaluation,policy prescription and evaluation,True,1.0,"['relevant', 'relevant']","['A17D6BK59S31BM', 'ACDX50KGPE97I']"
relevance_tweets17_1113,relevant,Enjoyed the opportunity to visit with many of our #VA10 Indian American constituents at the American Telugu Association's Women's Day celeb. https://t.co/XTZjCZ53SR,846399251244617729,2933760046,RepComstock,2017-03-27T16:31:21.000Z,1.0,1.0,other,other,True,1.0,"['relevant', 'relevant']","['A2Q1YS118AO2BP', 'A32CMQGGTSUK6Z']"
relevance_tweets17_1114,relevant,"As high school seniors make decisions on their educational futures, they have to know the risks associated with #4profit colleges. I'm asking our educators to help inform students now so they don't end up with a lifetime of student debt and despair: https://t.co/zqYV4b1nTW",988523250215944193,247334603,SenatorDurbin,2018-04-23T21:01:23.000Z,1.0,1.0,economic,quality of life,True,1.0,"['relevant', 'relevant']","['A2Q1YS118AO2BP', 'A2R2YZTSME1K3F']"
relevance_tweets17_1115,relevant,"Headed to TrainND NW to see how it's helping NDans learn the skills they need to get good-paying jobs in the energy industry, mfg, ag, etc.",842452448878985216,1061029050,SenatorHeitkamp,2017-03-16T19:08:10.000Z,1.0,1.0,,quality of life,True,1.0,"['relevant', 'irrelevant']","['A2Q1YS118AO2BP', 'ATR6RB1RULOC0']"
relevance_tweets17_1116,relevant,"The #CHOICEAct:
1. Ends bailouts
2. Empowers Americans to save
3. Supports community banks
4. Holds Wall Street accountable https://t.co/YKGUxJU6VU",872055732505518080,17976923,cathymcmorris,2017-06-06T11:41:03.000Z,1.0,1.0,policy prescription and evaluation,other,True,1.0,"['relevant', 'relevant']","['A2KLJKDG90K1PP', 'A2R2YZTSME1K3F']"
relevance_tweets17_1117,relevant,"Staff at Elk Grove library on Tue from 10AM to noon to help you w/ vets benefits, Social Security, and more: https://t.co/qElxqDiSmrhttps://t.co/sQBiCrDyFq",893921569243877377,950783972,RepBera,2017-08-05T19:48:05.000Z,1.0,1.0,economic,,True,1.0,"['irrelevant', 'irrelevant']","['A2Q1YS118AO2BP', 'A32CMQGGTSUK6Z']"
relevance_tweets17_1118,relevant,The President of this nation has declared that he is above all laws. Even our history's worst executives never made such an assertion. America's greatest strength has always been and always will be its dedication to the rule of law. https://t.co/vSy25m1958,1003625999244906496,74508260,BillPascrell,2018-06-04T13:14:19.000Z,1.0,1.0,"law and order, crime and justice","law and order, crime and justice",True,1.0,"['relevant', 'relevant']","['A17D6BK59S31BM', 'A37WDOIQH6JM6V']"
relevance_tweets17_1119,relevant,"Today @HouseCommerce #SubEnergy reviewed emergency response &amp; energy recovery efforts post-hurricanes #Harvey, #Irma, &amp; #Maria! https://t.co/Tq7b860ymE",926178684976889856,20053279,RepPeteOlson,2017-11-02T20:06:20.000Z,1.0,1.0,,other,True,1.0,"['relevant', 'relevant']","['A2KLJKDG90K1PP', 'A3CVY8G619MGTI']"
relevance_tweets17_1120,relevant,Proud to help re-introduce bipartisan STAR Act to fight childhood cancer &amp; help survivors. We can win this fight! https://t.co/4mNTTfhF8d,829006917074837504,935368364,MikeKellyPA,2017-02-07T16:40:25.000Z,1.0,1.0,policy prescription and evaluation,health and safety,True,1.0,"['relevant', 'irrelevant']","['A23WTODPHXZ68Y', 'A2KLJKDG90K1PP']"
relevance_tweets17_1121,relevant,".@SenateMajLdr McConnell: ""@braidyinc is tapping into the incredible potential of workers in Eastern #Kentucky, and I would like to congratulate them for breaking ground on this new facility...""
https://t.co/IqdCBkpP8A",1003640687059927044,339822881,McConnellPress,2018-06-04T14:12:41.000Z,1.0,1.0,economic,other,True,1.0,"['relevant', 'relevant']","['A2KLJKDG90K1PP', 'A3GUJ6JD25FX7O']"
relevance_tweets17_1122,relevant,I first intro'd the #DreamAct 16 years ago to ensure these young people could stay &amp; contribute more fully to the country they grew up in,906184617895620610,247334603,SenatorDurbin,2017-09-08T15:57:03.000Z,1.0,1.0,policy prescription and evaluation,quality of life,True,1.0,"['relevant', 'relevant']","['A2KLJKDG90K1PP', 'A37WDOIQH6JM6V']"
relevance_tweets17_1123,relevant,US economy grows at fastest pace since 2014  https://t.co/ixD2LzBogX #FoxBusiness,1022877576606433281,22055226,replouiegohmert,2018-07-27T16:13:13.000Z,1.0,1.0,,economic,True,1.0,"['relevant', 'relevant']","['A17D6BK59S31BM', 'A2Q1YS118AO2BP']"
relevance_tweets17_1124,relevant,I understand the important role #education plays in our children’s futures. Voted today to confirm @BetsyDeVos: https://t.co/AeVSyuZ7LT,829066710921658368,264219447,SenatorWicker,2017-02-07T20:38:01.000Z,1.0,1.0,policy prescription and evaluation,policy prescription and evaluation,True,1.0,"['relevant', 'relevant']","['A2Q1YS118AO2BP', 'A2R2YZTSME1K3F']"
relevance_tweets17_1125,relevant,"Today we appreciate Senator John McCain, the fearless fighter, whether against cancer or political foes in both parties. His decisive vote that saved the Affordable Care Act capped a lifetime of independence, courage, and service to the country he loved. https://t.co/yxQrnZvsuQhttps://t.co/Q2jdUqdhI9",1033793072587579393,23600262,EleanorNorton,2018-08-26T19:07:30.000Z,1.0,1.0,political,other,True,1.0,"['relevant', 'relevant']","['A2Q1YS118AO2BP', 'A32CMQGGTSUK6Z']"
relevance_tweets17_1126,relevant,"This morning, we are discussing economic successes of #KC innovators and small business owners as well as challenges that need to be addressed. #MakeItInAmerica #ListeningTour 2/3 https://t.co/6x6ErnefpC",931946997225017344,22012091,LeaderHoyer,2017-11-18T18:07:33.000Z,1.0,1.0,economic,economic,True,1.0,"['relevant', 'relevant']","['ACDX50KGPE97I', 'ATR6RB1RULOC0']"
relevance_tweets17_1127,relevant,It's back! Thrilled to invite students in CT's 5th District to participate in the 2018 edition of the app challenge. If you haven’t applied—what are you waiting for? Read up on this year's rules here: https://t.co/6ByOWI1jLb,1041476830874677248,1060984272,Elizabeth_Esty,2018-09-17T00:00:00.000Z,1.0,1.0,other,other,True,1.0,"['irrelevant', 'irrelevant']","['A32CMQGGTSUK6Z', 'A37WDOIQH6JM6V']"
relevance_tweets17_1128,relevant,I also can't support a budget that sets up an elimination of the state and local tax deduction that NJ middle class residents rely on,921159488626937856,18695134,SenatorMenendez,2017-10-19T23:41:51.000Z,1.0,1.0,economic,economic,True,1.0,"['relevant', 'relevant']","['A2KLJKDG90K1PP', 'ACDX50KGPE97I']"
relevance_tweets17_1129,relevant,"Despite overwhelming public support for #NetNeutrality, the @FCC has moved ahead with its repeal. The best way to #SaveNetNeutrality is by supporting the House discharge petition. Has YOUR Representative signed it yet? https://t.co/N7VCNFtYBN",1006232933777231872,39249305,USRepMikeDoyle,2018-06-11T17:53:20.000Z,1.0,1.0,constitutionality and jurisprudence,public opinion,True,1.0,"['relevant', 'relevant']","['A17D6BK59S31BM', 'A32CMQGGTSUK6Z']"
relevance_tweets17_1130,relevant,"John McCain Battles Donald Trump With His Dying Breaths   via @NYTimes @SenJohnMcCain is a class act,an American hero,&amp; a patriot,in ways that people who cavalierly toss the sobriquet around,could never understand.The antithesis of 45.Godspeed #JohnMcCain. https://t.co/Ow3QYy19CR",992953851266379776,162069635,RepCohen,2018-05-06T02:27:00.000Z,1.0,1.0,political,other,True,1.0,"['relevant', 'relevant']","['A17D6BK59S31BM', 'A2R2YZTSME1K3F']"
relevance_tweets17_1131,relevant,"Americans across the country saw so-called ""voter fraud"" commission for what it was- a thinly veiled attempt to suppress the vote. However, our fight to make sure all Americans can exercise their right to vote is far from over.",948932238745456642,92186819,maziehirono,2018-01-04T15:00:50.000Z,1.0,1.0,constitutionality and jurisprudence,constitutionality and jurisprudence,True,1.0,"['relevant', 'relevant']","['A3CVY8G619MGTI', 'ACDX50KGPE97I']"
relevance_tweets17_1132,irrelevant,"@CasinaPioIV Follow along live while I'm in Vatican City with @Scripps_Ocean's Dr. Ramanathan.
https://t.co/QKKhDjln0G",926655118086307840,1135486501,RepScottPeters,2017-11-04T03:39:31.000Z,0.0,0.0,,,True,0.0,"['irrelevant', 'irrelevant']","['A2KLJKDG90K1PP', 'ATR6RB1RULOC0']"
relevance_tweets17_1133,relevant,"Exactly 100 years ago, on the 11th hour of the 11th day of the 11th month, the guns went silent. Today we celebrate the sacrifice of all our service members. God bless you. #VeteransDay #ArmisticeDay100 https://t.co/ki9kBO1b6W",1061651529462136833,74508260,BillPascrell,2018-11-11T16:07:03.000Z,1.0,1.0,security and defense,security and defense,True,1.0,"['irrelevant', 'irrelevant']","['A2Q1YS118AO2BP', 'ATR6RB1RULOC0']"
relevance_tweets17_1134,relevant,Watch live at 1PM as we reject Islamophobia and hatred in all forms. https://t.co/f0tcdMYnSa,872852287303147520,138770045,RepJohnConyers,2017-06-08T16:26:16.000Z,1.0,1.0,morality,cultural identity,True,1.0,"['relevant', 'relevant']","['A2KLJKDG90K1PP', 'A32CMQGGTSUK6Z']"
relevance_tweets17_1135,irrelevant,It was a wonderful afternoon seeing the #SolarElipse2017 with my wife Wrenzie from Front Street in Georgetown. Where did you watch? https://t.co/tfVe6RAalm,899723647308398592,1058345042,RepTomRice,2017-08-21T20:03:28.000Z,0.0,0.0,,,True,0.0,"['irrelevant', 'irrelevant']","['A2R2YZTSME1K3F', 'ACDX50KGPE97I']"
relevance_tweets17_1136,relevant,"This afternoon, I spoke with Melanie Sloan who worked for Congressman Conyers on the Judiciary Committee in the mid-1990s.  I believe what Ms. Sloan has told me. Read my full statement: https://t.co/OewsWUl6ZX",935294307627659265,15764644,SpeakerPelosi,2017-11-27T23:48:34.000Z,1.0,1.0,other,,True,1.0,"['irrelevant', 'relevant']","['A2Q1YS118AO2BP', 'A32CMQGGTSUK6Z']"
relevance_tweets17_1137,relevant,Did you know journalist &amp; civil rights activist Ida B. Wells was born a slave? A women’s museum will tell #HERstory. https://t.co/ZQKOysLAAu,879725059518156802,258900199,RepMaloney,2017-06-27T15:36:13.000Z,1.0,1.0,morality,cultural identity,True,1.0,"['relevant', 'irrelevant']","['A17D6BK59S31BM', 'A2R2YZTSME1K3F']"
relevance_tweets17_1138,relevant,Speaking to @AST_info for the #TransplantPatientSummit about an issue we all can agree on —&gt; organ donation saves lives! https://t.co/XLcaSfqNcJ,922876235960733697,40302336,RepJerryNadler,2017-10-24T17:23:35.000Z,1.0,1.0,health and safety,health and safety,True,1.0,"['irrelevant', 'irrelevant']","['A23WTODPHXZ68Y', 'A2R2YZTSME1K3F']"
relevance_tweets17_1139,relevant,"With Halloween approaching, I have a candy message to share about the Republican tax bill that is expected to be introduced this week. https://t.co/G2L73EJBRC",924821898327977984,153944899,RepLloydDoggett,2017-10-30T02:14:57.000Z,1.0,1.0,constitutionality and jurisprudence,,True,1.0,"['irrelevant', 'relevant']","['A2Q1YS118AO2BP', 'ATR6RB1RULOC0']"
relevance_tweets17_1140,relevant,Working together with champions on both sides of the aisle to fight for robust funding of mental health and substance use programs. https://t.co/3nrAEHA2hk,936636032778424320,581141508,RepMarcyKaptur,2017-12-01T16:40:06.000Z,1.0,1.0,health and safety,health and safety,True,1.0,"['relevant', 'relevant']","['A17D6BK59S31BM', 'ACDX50KGPE97I']"
relevance_tweets17_1141,relevant,.@Hero_Homes relies on generous donations from the community and has the support from many bizs throughout NOVA including Van Metre Homes. https://t.co/rIrr3S4K8G,860663884625084417,2933760046,RepComstock,2017-05-06T01:13:55.000Z,1.0,1.0,economic,,True,1.0,"['irrelevant', 'irrelevant']","['A2Q1YS118AO2BP', 'ATR6RB1RULOC0']"
relevance_tweets17_1142,relevant,Thanks to @phxchamber community &amp; business leaders for touring @BNMC &amp; visiting Buffalo to share ideas about healthcare &amp; economic growth https://t.co/QlZ7CyKy6Q,877267741098594304,33576489,RepBrianHiggins,2017-06-20T20:51:42.000Z,1.0,1.0,health and safety,,True,1.0,"['relevant', 'relevant']","['A2Q1YS118AO2BP', 'A2R2YZTSME1K3F']"
relevance_tweets17_1143,relevant,Calling for ‘one of the greatest military buildups in all of history’ will provoke an arms race and make the world less safe,835177570408738817,31801993,FrankPallone,2017-02-24T17:20:24.000Z,1.0,1.0,security and defense,security and defense,True,1.0,"['relevant', 'relevant']","['A2KLJKDG90K1PP', 'A2R2YZTSME1K3F']"
relevance_tweets17_1144,relevant,We need the ultra-wealthy and large corporations to pay their fair share in taxes. Join @USProgressives as we fight back against the #GOPGiveaway,923270607311200256,24195214,janschakowsky,2017-10-25T19:30:40.000Z,1.0,1.0,economic,fairness and equality,True,1.0,"['relevant', 'relevant']","['A2KLJKDG90K1PP', 'A3CVY8G619MGTI']"
relevance_tweets17_1145,relevant,I won’t let the Trump administration bully #Dreamers. Join me in the fight to #SaveDACA and help nurture talented youth. https://t.co/Bi1oA6VB2h,875405046959267840,476256944,SenFeinstein,2017-06-15T17:30:02.000Z,1.0,1.0,quality of life,morality,True,1.0,"['relevant', 'relevant']","['A2R2YZTSME1K3F', 'ACDX50KGPE97I']"
relevance_tweets17_1146,relevant,".@CoryBooker staff will be available TODAY, June 2 at Cedar Brook Park in Plainfield from 12-2PM to provide residents assistance regarding Federal agencies and services.",1002937029578108930,2167097881,SenBooker,2018-06-02T15:36:36.000Z,1.0,1.0,other,,True,1.0,"['relevant', 'relevant']","['A2R2YZTSME1K3F', 'ACDX50KGPE97I']"
relevance_tweets17_1147,relevant,"Today, we remember the brave Americans who lost their lives in the name of freedom at #PearlHarbor. https://t.co/Lgt8uqjClH",938865064781557760,28602948,RepRaulGrijalva,2017-12-07T20:17:29.000Z,1.0,1.0,security and defense,security and defense,True,1.0,"['relevant', 'irrelevant']","['A2Q1YS118AO2BP', 'A2R2YZTSME1K3F']"
relevance_tweets17_1148,relevant,Don't forget to exercise your right to vote and head to the polls for today's runoff election. Find your polling place and more information here: https://t.co/nDQwAAgoKB,1019273913560428545,2253968388,RepByrne,2018-07-17T17:33:32.000Z,1.0,1.0,constitutionality and jurisprudence,other,True,1.0,"['relevant', 'relevant']","['A2Q1YS118AO2BP', 'ACDX50KGPE97I']"
relevance_tweets17_1149,relevant,"Although I’m in DC, my team will be @ Edisto Island hosting satellite office hours tomorrow. If you need help with an issue please stop by! https://t.co/C6PyoyBSO2",874743694968197120,1499993378,RepSanfordSC,2017-06-13T21:42:03.000Z,1.0,1.0,,,True,1.0,"['relevant', 'irrelevant']","['A2Q1YS118AO2BP', 'A9K0CV70JWG1W']"
relevance_tweets17_1150,relevant,"In a world with a President, who is the master of distraction, we must work even harder to be heard. Speak out &amp; #resist this GOP tax scam. https://t.co/T26ekMcxrZ",926079071355883520,153944899,RepLloydDoggett,2017-11-02T13:30:30.000Z,1.0,1.0,political,policy prescription and evaluation,True,1.0,"['relevant', 'relevant']","['A17D6BK59S31BM', 'ACDX50KGPE97I']"
relevance_tweets17_1151,irrelevant,"Meet Duke!
AKA: Smooshy McSmooshface
Is irrationally afraid of the @UPS man. @FedEx is probably a no-go too. Would kindly request no more boxes with non-food things inside. #PuppyBowl https://t.co/jcaFOtCVWA",959901444710326282,57065141,McCaskillOffice,2018-02-03T21:28:33.000Z,0.0,0.0,,,True,0.0,"['relevant', 'relevant']","['A2Q1YS118AO2BP', 'A32CMQGGTSUK6Z']"
relevance_tweets17_1152,relevant,Tell Trump and the Administration to stop their threats against Bob Mueller’s Russia investigation. Add your name. https://t.co/CQA2KgTfM0,985148266877616128,30354991,KamalaHarris,2018-04-14T13:30:24.000Z,1.0,1.0,political,"law and order, crime and justice",True,1.0,"['relevant', 'relevant']","['A17D6BK59S31BM', 'A38DC3BG1ZCVZ2']"
relevance_tweets17_1153,relevant,"We have rules to follow. I want to put a stop to this practice of the Senate breaking its rules to change its rules. I will not vote to turn the Senate into a rule-breaking institution and I hope that my colleagues will not. 
Read my full statement here: https://t.co/RcptSopNhk",1076137351942995968,76649729,SenAlexander,2018-12-21T15:28:33.000Z,1.0,1.0,constitutionality and jurisprudence,policy prescription and evaluation,True,1.0,"['relevant', 'relevant']","['A2KLJKDG90K1PP', 'A2Q1YS118AO2BP']"
relevance_tweets17_1154,relevant,5 years later we still have work to do #SuperStormSandy #Resiliency  https://t.co/cXhLLQwqIP,924727054414893056,467823431,RepJeffries,2017-10-29T19:58:05.000Z,1.0,1.0,health and safety,,True,1.0,"['irrelevant', 'irrelevant']","['A2Q1YS118AO2BP', 'A32CMQGGTSUK6Z']"
relevance_tweets17_1155,relevant,"“Identity politics is cancer to our political culture. If we allow it to metastasize, civility will cease, our national community will crumble, and the U.S. will become a divided country of ideological ghettos.” 
https://t.co/ih8ZKMfZsb",1063272121151954944,262756641,senorrinhatch,2018-11-16T03:26:42.000Z,1.0,1.0,morality,political,True,1.0,"['relevant', 'relevant']","['A17D6BK59S31BM', 'A23WTODPHXZ68Y']"
relevance_tweets17_1156,relevant,"Almost ¾ of all Americans, including a majority of Republicans, say don’t overturn #RoevWade. It’s clear Americans want to see the right to choose protected - especially important news as the Senate considers a #SCOTUS nominee https://t.co/PCZbEbIhVH",1021814801343885319,164007407,RepEliotEngel,2018-07-24T17:50:07.000Z,1.0,1.0,political,public opinion,True,1.0,"['relevant', 'relevant']","['A17D6BK59S31BM', 'ATR6RB1RULOC0']"
relevance_tweets17_1157,relevant,"May 2017 LA Times: ""If Trump thinks he can get more than 3% economic growth, he's dreaming.""  Now in July 2018 we have another strong quarter and the economy is back!
https://t.co/c2V3TN0IDu",1022855677256060931,22509548,DarrellIssa,2018-07-27T14:46:11.000Z,1.0,1.0,economic,economic,True,1.0,"['relevant', 'relevant']","['A2R2YZTSME1K3F', 'ATR6RB1RULOC0']"
relevance_tweets17_1158,relevant,"Without #NetNeutrality, big companies could have an unfair advantage over small businesses online. They deserve a level playing field. https://t.co/zNXETNQ1Yg",885160609171607552,168502762,RepEBJ,2017-07-12T15:35:09.000Z,1.0,1.0,fairness and equality,fairness and equality,True,1.0,"['relevant', 'relevant']","['A17D6BK59S31BM', 'A2R2YZTSME1K3F']"
relevance_tweets17_1159,relevant,Congratulations to Dr. Annette Shelby on being appointed by President Trump to the Kennedy Center (@KenCen) Advisory Board. She will do an outstanding job! https://t.co/C2mJYd88US,1075795170648604674,2253968388,RepByrne,2018-12-20T16:48:50.000Z,1.0,1.0,political,political,True,1.0,"['relevant', 'relevant']","['A17D6BK59S31BM', 'A2Q1YS118AO2BP']"
relevance_tweets17_1160,relevant,"83 years ago today, President Franklin Roosevelt signed the Social Security Act into law, creating our nation’s most popular and successful government insurance program. https://t.co/apKwXxOkaf",1029499827451830275,249348006,RepAnnaEshoo,2018-08-14T22:47:40.000Z,1.0,1.0,policy prescription and evaluation,policy prescription and evaluation,True,1.0,"['relevant', 'relevant']","['A2KLJKDG90K1PP', 'A3CVY8G619MGTI']"
relevance_tweets17_1161,relevant,Enjoyed Q&amp;A with the Dubuque Chamber https://t.co/NNHSsJxK8S,847523786723348480,10615232,ChuckGrassley,2017-03-30T18:59:51.000Z,1.0,1.0,,,True,1.0,"['irrelevant', 'relevant']","['A2Q1YS118AO2BP', 'A2R2YZTSME1K3F']"
relevance_tweets17_1162,relevant,Thank you @ASTAAgents for the Global Travel Advocate Award. I will continue to be a champion of this vital industry in Congress. https://t.co/DtLvUroari,872228786128990208,122174004,repdinatitus,2017-06-06T23:08:42.000Z,1.0,1.0,political,,True,1.0,"['relevant', 'relevant']","['A2KLJKDG90K1PP', 'A2R2YZTSME1K3F']"
relevance_tweets17_1163,relevant,"Reuters: The number of Americans filing new claims for unemployment aid fell to near a 49-year low last week and private payrolls rose steadily in August, pointing to sustained labor market strength that should continue to underpin economic growth. https://t.co/cyUK5SDpDP #VA10",1037714986322280448,2933760046,RepComstock,2018-09-06T14:51:47.000Z,1.0,1.0,economic,economic,True,1.0,"['relevant', 'relevant']","['A17D6BK59S31BM', 'A32CMQGGTSUK6Z']"
relevance_tweets17_1164,relevant,"Check out this op-ed in the @NRO by @VP Pence: Life Is Winning in America #WhyWeMarch #MarchForLife 
  https://t.co/oMIEA6aHLA",954353828958232576,935033864,RepRichHudson,2018-01-19T14:04:18.000Z,1.0,1.0,other,policy prescription and evaluation,True,1.0,"['relevant', 'relevant']","['A2KLJKDG90K1PP', 'A2R2YZTSME1K3F']"
relevance_tweets17_1165,relevant,"Those of us who opposed Sessions from the beginning saw him for who he was -- a throwback and a liar. Sessions needs to resign, immediately.",837319991905103872,36686040,RepMaxineWaters,2017-03-02T15:13:37.000Z,1.0,1.0,political,other,True,1.0,"['relevant', 'relevant']","['A2Q1YS118AO2BP', 'A3CVY8G619MGTI']"
relevance_tweets17_1166,relevant,"How did it come to pass that nearly half of the land in the West is owned by the federal government, compared to just 5 percent of the land in the East? #utpol #SIPublicLands",1012776756913287168,88784440,SenMikeLee,2018-06-29T19:16:09.000Z,1.0,1.0,political,other,True,1.0,"['relevant', 'relevant']","['A32CMQGGTSUK6Z', 'A37WDOIQH6JM6V']"
relevance_tweets17_1167,relevant,Thanks to @RepGrothman for spearheading today's hearing on air quality in Sheboygan County. https://t.co/XvwQlx66Cs,991440979075969025,233737858,SenRonJohnson,2018-05-01T22:15:24.000Z,1.0,1.0,health and safety,,True,1.0,"['relevant', 'relevant']","['A2Q1YS118AO2BP', 'A38DC3BG1ZCVZ2']"
relevance_tweets17_1168,relevant,Hearing from our next generation of leaders always inspires me. Amazing group at #Northampton High School in #WesternMA today for #TownHall and discussion on opportunities for students to lead. https://t.co/31PN5Mr9zS,959515461128982534,242426145,RepMcGovern,2018-02-02T19:54:47.000Z,1.0,1.0,capacity and resources,other,True,1.0,"['relevant', 'irrelevant']","['A2Q1YS118AO2BP', 'A2R2YZTSME1K3F']"
relevance_tweets17_1169,relevant,"Nobody is above the law, including our own President of the United States. If President Trump fires the person who is investigating him, he will be obstructing justice, and it’s completely unacceptable! https://t.co/UuyipyNFvD",984439038714269697,90639372,RepDwightEvans,2018-04-12T14:32:11.000Z,1.0,1.0,"law and order, crime and justice","law and order, crime and justice",True,1.0,"['relevant', 'relevant']","['A17D6BK59S31BM', 'A2Q1YS118AO2BP']"
relevance_tweets17_1170,relevant,Helping students succeed starts with strong investments in our families and communities. Proud to join @MASCSchoolComm #SummitOnPoverty at @ClarkUniversity in #Worcester today to talk solutions for #CentralMA. https://t.co/JxXLzLIWby,972195250902102017,242426145,RepMcGovern,2018-03-09T19:39:44.000Z,1.0,1.0,policy prescription and evaluation,quality of life,True,1.0,"['relevant', 'relevant']","['A2R2YZTSME1K3F', 'A32CMQGGTSUK6Z']"
relevance_tweets17_1171,relevant,"AG @EricHolder: 1st Step Act ""abandons years of work and risks making it harder for Congress to advance more serious legislation in the future. Meaningful sentencing reform will be less likely to occur if the narrow prison bill is enacted."" #RejectHR5682 https://t.co/R7SBL8HatW",998983554783760385,80612021,JacksonLeeTX18,2018-05-22T17:46:54.000Z,1.0,1.0,policy prescription and evaluation,"law and order, crime and justice",True,1.0,"['relevant', 'relevant']","['A2KLJKDG90K1PP', 'A2R2YZTSME1K3F']"
relevance_tweets17_1172,relevant,"A nation of immigrants turns its back | @TheRecordNJ @BruceLowry21
https://t.co/zrUQRpRyhh",882670719196332032,1155335864,RepDonaldPayne,2017-07-05T18:41:13.000Z,1.0,1.0,other,morality,True,1.0,"['relevant', 'relevant']","['A2Q1YS118AO2BP', 'ATR6RB1RULOC0']"
relevance_tweets17_1173,relevant,Joe attended the #POWMIA Day event in South Bend to honor all of our servicemembers who haven't made it home. #NeverForget https://t.co/dGhSwj4RbD,912356657975451648,216503958,SenDonnelly,2017-09-25T16:42:32.000Z,1.0,1.0,political,security and defense,True,1.0,"['relevant', 'irrelevant']","['A2KLJKDG90K1PP', 'A32CMQGGTSUK6Z']"
relevance_tweets17_1174,relevant,"I’ll never forget the images and video of the brave women and men running into danger to help save thousands of people on 9/11. After all these heroes have done for us, our nation cannot and will not turn its back on them.",1050846557011095552,235217558,SenCoryGardner,2018-10-12T20:31:57.000Z,1.0,1.0,other,morality,True,1.0,"['irrelevant', 'irrelevant']","['A2R2YZTSME1K3F', 'A32CMQGGTSUK6Z']"
relevance_tweets17_1175,relevant,"Lincoln was born 209 years ago today – and more than two centuries later, his words live on, and for good reason. A giant in our history, Abraham Lincoln’s contributions to our nation are incalculable and continue to light our country’s path.",963088413988712448,1068481578,SenAngusKing,2018-02-12T16:32:25.000Z,1.0,1.0,political,other,True,1.0,"['relevant', 'relevant']","['A2KLJKDG90K1PP', 'ATR6RB1RULOC0']"
relevance_tweets17_1176,relevant,Open Enrollment starts Nov 1st! It’s time to #GetCovered &amp; choose a plan that works best for you &amp; your family: https://t.co/45SdFoKXHhhttps://t.co/jqFbCZ68cL,923272430927405057,248735463,RepBarbaraLee,2017-10-25T19:37:55.000Z,1.0,1.0,other,quality of life,True,1.0,"['relevant', 'relevant']","['A17D6BK59S31BM', 'A2R2YZTSME1K3F']"
relevance_tweets17_1177,relevant,My prayers are with President George H.W. Bush and the Bush family during this difficult time. First Lady Barbara Bush was an inspiration to many. She will be missed.,986396240740044800,432676344,GKButterfield,2018-04-18T00:09:24.000Z,1.0,1.0,other,other,True,1.0,"['relevant', 'irrelevant']","['A2R2YZTSME1K3F', 'A37WDOIQH6JM6V']"
relevance_tweets17_1178,relevant,Our country has no business aiding and abetting the perpetrators of the humanitarian crisis in Yemen. It's time for Congress to assert itself as a co-equal branch of government and end the U.S. military involvement in Yemen. https://t.co/bD3DyUmHY2,1045081871116324864,28602948,RepRaulGrijalva,2018-09-26T22:45:09.000Z,1.0,1.0,external regulation and reputation,external regulation and reputation,True,1.0,"['relevant', 'relevant']","['A37WDOIQH6JM6V', 'ACDX50KGPE97I']"
relevance_tweets17_1179,relevant,I won’t stand for families living in fear or being torn apart. We must #defendDACA!,887727014744141826,1099199839,MartinHeinrich,2017-07-19T17:33:08.000Z,1.0,1.0,quality of life,policy prescription and evaluation,True,1.0,"['relevant', 'relevant']","['A2R2YZTSME1K3F', 'ATR6RB1RULOC0']"
relevance_tweets17_1180,relevant,Happy 243rd birthday to our Marine Corps! Thank you to our men and women in uniform for your commitment to protect our nation and freedoms. Semper Fi!  https://t.co/YtTrn0ar0w,1061272274718855169,1155212191,KeithRothfus,2018-11-10T15:00:02.000Z,1.0,1.0,security and defense,security and defense,True,1.0,"['relevant', 'irrelevant']","['A2Q1YS118AO2BP', 'A2R2YZTSME1K3F']"
relevance_tweets17_1181,relevant,"Because of the #SchumerShutdown here is what Americans are waking up to this morning - More than 2 million members of our military won’t be paid, 100,000 national guardsmen will be sent home from training, and 9 million children on #CHIP could have their health insurance lapse",954727959033720833,24735461,PeteSessions,2018-01-20T14:50:58.000Z,1.0,1.0,policy prescription and evaluation,political,True,1.0,"['relevant', 'relevant']","['A17D6BK59S31BM', 'ACDX50KGPE97I']"
relevance_tweets17_1182,relevant,I'm overwhelming grateful to the @Vikings and @AmericanCancer for working to defeat #LungCancer. https://t.co/V8sGFolgTw,920400033413062656,1055685948,USRepRickNolan,2017-10-17T21:24:02.000Z,1.0,1.0,health and safety,health and safety,True,1.0,"['irrelevant', 'irrelevant']","['A37WDOIQH6JM6V', 'A3CVY8G619MGTI']"
relevance_tweets17_1183,relevant,Wow! Coal production in PA up 19% over a year! #AmericanEnergyDominance https://t.co/Qc40h4Yux6,923179819063324672,239871673,RepLouBarletta,2017-10-25T13:29:55.000Z,1.0,1.0,capacity and resources,economic,True,1.0,"['relevant', 'relevant']","['A2Q1YS118AO2BP', 'A2R2YZTSME1K3F']"
relevance_tweets17_1184,relevant,"Very pleased that Flagstaff &amp; Yuma will receive federal funds to construct new nursing home for veterans. I recently met with Flagstaff Mayor Evans &amp; Yuma Mayor Nicholls about securing VA funding for veteran nursing homes. We must take care of our vets!
https://t.co/iZXyXD7t6x",987013115933085698,2964949642,MarthaMcSally,2018-04-19T17:00:39.000Z,1.0,1.0,capacity and resources,health and safety,True,1.0,"['relevant', 'relevant']","['A2R2YZTSME1K3F', 'A37WDOIQH6JM6V']"
relevance_tweets17_1185,relevant,Women’s rights are human rights-- and human rights are universal and indivisible. @AppropsDems,1009482476559925248,2293131060,RepKClark,2018-06-20T17:05:52.000Z,1.0,1.0,morality,constitutionality and jurisprudence,True,1.0,"['relevant', 'relevant']","['A2R2YZTSME1K3F', 'ATR6RB1RULOC0']"
relevance_tweets17_1186,relevant,"Today the House of Reps passed legislation I co-sponsored, to streamline hiring for critical CBP jobs. Video: https://t.co/lWliSOgTmLhttps://t.co/Qx6RU3iEhv",872580364467875841,210926192,RepCuellar,2017-06-07T22:25:45.000Z,1.0,1.0,,,True,1.0,"['relevant', 'relevant']","['A2Q1YS118AO2BP', 'A3CVY8G619MGTI']"
relevance_tweets17_1187,relevant,"No, Mr. Trump. Climate change is not a ""hoax."" It is real. It is already doing devastating harm to our planet. https://t.co/ffm9AVCIxH",818841585936977920,29442313,SenSanders,2017-01-10T15:27:02.000Z,1.0,1.0,political,other,True,1.0,"['relevant', 'relevant']","['A2KLJKDG90K1PP', 'A2Q1YS118AO2BP']"
relevance_tweets17_1188,relevant,I spoke on the floor of the House this morning to honor the life of longtime Syracuse Police Capt Richard Walsh --&gt; https://t.co/6CdNF5jcLc,867822235666587648,2966765501,RepJohnKatko,2017-05-25T19:18:38.000Z,1.0,1.0,other,,True,1.0,"['relevant', 'relevant']","['A38DC3BG1ZCVZ2', 'ATR6RB1RULOC0']"
relevance_tweets17_1189,relevant,"#NetNeutrality helps ensure YOU can make your voice heard to protect #healthcare. Our internet, our #healthcare, our rights!",890653861286772736,21406834,SenMarkey,2017-07-27T19:23:22.000Z,1.0,1.0,constitutionality and jurisprudence,health and safety,True,1.0,"['irrelevant', 'relevant']","['A2Q1YS118AO2BP', 'A9K0CV70JWG1W']"
relevance_tweets17_1190,relevant,"Today, on #NationalGunViolenceAwarenessDay, we must redouble our efforts stop the senseless loss of life from gun violence in our country. #EnoughisEnough #WearOrange https://t.co/yxbbfXmBC1",1002640608496963584,937723303,RepJohnDelaney,2018-06-01T19:58:43.000Z,1.0,1.0,health and safety,health and safety,True,1.0,"['relevant', 'relevant']","['A2KLJKDG90K1PP', 'A2R2YZTSME1K3F']"
relevance_tweets17_1191,relevant,"Worse, that cost will continue to increase every yr Congress doesn’t act.  6 yrs ago, it was $6.5 trillion.",885861946490224640,249288197,SamsPressShop,2017-07-14T14:02:01.000Z,1.0,1.0,political,economic,True,1.0,"['relevant', 'relevant']","['A3CVY8G619MGTI', 'ATR6RB1RULOC0']"
relevance_tweets17_1192,relevant,I’m proud to be participating in #StartupWeek to celebrate how entrepreneurship drives innovation and economic growth. Read my op-ed with @RepHultgren. #startupseverywhere https://t.co/WO476mccEv,1030921085523558401,995193054,RepDelBene,2018-08-18T20:55:15.000Z,1.0,1.0,economic,economic,True,1.0,"['relevant', 'relevant']","['A2Q1YS118AO2BP', 'A2R2YZTSME1K3F']"
relevance_tweets17_1193,relevant,"#Update #HappeningNow Voting on #Trumpcare today.
Still time to make your voice heard 202-224-3121 (switchboard)
: https://t.co/TlZ7HOENlW",860124779571027968,2293131060,RepKClark,2017-05-04T13:31:42.000Z,1.0,1.0,,,True,1.0,"['relevant', 'relevant']","['A37WDOIQH6JM6V', 'ATR6RB1RULOC0']"
relevance_tweets17_1194,relevant,"On #WorldCancerDay, I remember my Uncle Walter, who died from Cancer in 1985. I miss you everyday. Today reminds us that we must continue to invest in research to find a cure.",960249713017741313,111635980,JoeCrowleyNY,2018-02-04T20:32:26.000Z,1.0,1.0,health and safety,health and safety,True,1.0,"['irrelevant', 'irrelevant']","['A2R2YZTSME1K3F', 'ACDX50KGPE97I']"
relevance_tweets17_1195,relevant,I enjoyed participating in @NREL's Industry Growth Forum fireside chat with @SenBennetCO. NREL's cutting-edge research ensures the U.S. remains the global leader in energy technology and grid resiliency and I'll continue to support their work. https://t.co/QSgI4CcUQx,993518440110575616,235217558,SenCoryGardner,2018-05-07T15:50:29.000Z,1.0,1.0,capacity and resources,capacity and resources,True,1.0,"['relevant', 'irrelevant']","['A2Q1YS118AO2BP', 'A37WDOIQH6JM6V']"
relevance_tweets17_1196,relevant,.@realDonaldTrump GOP #TrumpCare bill messes up your insurance even if you have employer provided care. https://t.co/ERvSSfOB7t,860164126491979776,29201047,SenJeffMerkley,2017-05-04T16:08:03.000Z,1.0,1.0,policy prescription and evaluation,health and safety,True,1.0,"['relevant', 'relevant']","['A2Q1YS118AO2BP', 'A32CMQGGTSUK6Z']"
relevance_tweets17_1197,relevant,@SenateDems @SenateGOP The American people deserve to know what's in this health care bill and have a say in the process. #AmericaSpeaksOut #ShowUsTheBill,876973909903638530,29201047,SenJeffMerkley,2017-06-20T01:24:08.000Z,1.0,1.0,fairness and equality,health and safety,True,1.0,"['relevant', 'relevant']","['A17D6BK59S31BM', 'A9K0CV70JWG1W']"
relevance_tweets17_1198,relevant,Prayers to my dear friend @SteveScalise &amp;all injured after this morning's horrific shooting.Thinking of their families in this shocking time,874978368948760576,1074101017,SusanWBrooks,2017-06-14T13:14:34.000Z,1.0,1.0,other,other,True,1.0,"['irrelevant', 'relevant']","['A2R2YZTSME1K3F', 'A32CMQGGTSUK6Z']"
relevance_tweets17_1199,relevant,"We had thousands of people dial in tonight - an energizing, important conversation. If I could boil it all down to just one idea, it'd be this video. https://t.co/05YNbGJDvi",951265669894504448,1068481578,SenAngusKing,2018-01-11T01:33:04.000Z,1.0,1.0,,,True,1.0,"['relevant', 'relevant']","['A2Q1YS118AO2BP', 'A2R2YZTSME1K3F']"
relevance_tweets17_1200,relevant,"We must reject all forms of bigotry, by white supremacist groups or any group that attempts to spread hate and violence",896544568912470016,17513304,ErikPaulsen,2017-08-13T01:30:56.000Z,1.0,1.0,morality,security and defense,True,1.0,"['relevant', 'irrelevant']","['A2Q1YS118AO2BP', 'A37WDOIQH6JM6V']"
relevance_tweets17_1201,relevant,@RandPaul Found the source for #fakenews.  It’s @burgessev at @politico,962468257935581190,975200486,RepThomasMassie,2018-02-10T23:28:09.000Z,1.0,1.0,political,,True,1.0,"['relevant', 'relevant']","['A17D6BK59S31BM', 'A2R2YZTSME1K3F']"
relevance_tweets17_1202,irrelevant,Welcome! https://t.co/AXA1P5Oq20,1002587764183822336,14135426,keithellison,2018-06-01T16:28:44.000Z,0.0,0.0,,,True,0.0,"['irrelevant', 'irrelevant']","['A23WTODPHXZ68Y', 'A3GUJ6JD25FX7O']"
relevance_tweets17_1203,relevant,Thanks to American River College for giving me the chance to hear from students and educators. Listening to you is my most important job! https://t.co/fTgoR3CoC8,935687439875760129,950783972,RepBera,2017-11-29T01:50:44.000Z,1.0,1.0,other,,True,1.0,"['relevant', 'irrelevant']","['A17D6BK59S31BM', 'ACDX50KGPE97I']"
relevance_tweets17_1204,relevant,How many times do the American people have to reject #ACA repeal efforts before Republicans are ready to move on? https://t.co/ddeH3Qpawh,909853567300890625,28602948,RepRaulGrijalva,2017-09-18T18:56:09.000Z,1.0,1.0,political,political,True,1.0,"['relevant', 'relevant']","['A2KLJKDG90K1PP', 'A3GUJ6JD25FX7O']"
relevance_tweets17_1205,relevant,"Today, I urge everyone to pause for a moment and say a prayer for our beautiful country, the brave men and women serving in the Armed Forces, and for those who do not have the freedoms that we do as Americans.  #NationalDayofPrayer https://t.co/PmsTnT5VDB",992074993390538752,2253968388,RepByrne,2018-05-03T16:14:44.000Z,1.0,1.0,morality,security and defense,True,1.0,"['relevant', 'irrelevant']","['A2R2YZTSME1K3F', 'A32CMQGGTSUK6Z']"
relevance_tweets17_1206,relevant,"The opioid epidemic is an issue that’s hit every town in America, small and large, and I will continue leading efforts to maintain a strong federal commitment to addressing this national crisis. https://t.co/uTD5wnxFxA",951578577992142848,21269970,RoyBlunt,2018-01-11T22:16:27.000Z,1.0,1.0,health and safety,health and safety,True,1.0,"['irrelevant', 'relevant']","['A2Q1YS118AO2BP', 'A2R2YZTSME1K3F']"
relevance_tweets17_1207,relevant,"7 years ago today, @BarackObama signed the ACA into law. It's a shame that people have been playing politics with the ACA &amp; people’s health.",844941749399244800,30354991,KamalaHarris,2017-03-23T15:59:45.000Z,1.0,1.0,health and safety,health and safety,True,1.0,"['relevant', 'relevant']","['A17D6BK59S31BM', 'A32CMQGGTSUK6Z']"
relevance_tweets17_1208,irrelevant,@Liz_Mathews Good,947602205577584640,404132211,RepRickLarsen,2017-12-31T22:55:46.000Z,0.0,0.0,,,True,0.0,"['irrelevant', 'irrelevant']","['A32CMQGGTSUK6Z', 'ACDX50KGPE97I']"
relevance_tweets17_1209,relevant,"Justice Dept. policy and federal law prohibit discrimination in hiring for career positions on the basis of political beliefs. We should be hiring the most qualified people possible for career positions, regardless of party. These allegations of bias must be investigated. https://t.co/3vqb2c6jyw",994605786377674753,476256944,SenFeinstein,2018-05-10T15:51:13.000Z,1.0,1.0,political,political,True,1.0,"['relevant', 'relevant']","['A3GUJ6JD25FX7O', 'ACDX50KGPE97I']"
relevance_tweets17_1210,relevant,"I was delighted to talk to the government students at the @KinkaidSchool in #Houston about my job as Chairman of the @RulesReps. They have a wonderful teacher who happens to be one of my former staffers, @IkeCrews. I’m very proud of his work developing these young leaders. https://t.co/TjropSvvsI",968945316593577985,24735461,PeteSessions,2018-02-28T20:25:40.000Z,1.0,1.0,other,other,True,1.0,"['irrelevant', 'relevant']","['A23WTODPHXZ68Y', 'A2KLJKDG90K1PP']"
relevance_tweets17_1211,relevant,"I for one disagree with @EPA finding. Science is pretty clear– we need to be doing more to clean up our river. 
https://t.co/JqHneKi4DS",870694006103191552,1072467470,RepSeanMaloney,2017-06-02T17:30:02.000Z,1.0,1.0,health and safety,other,True,1.0,"['irrelevant', 'relevant']","['A2Q1YS118AO2BP', 'A2R2YZTSME1K3F']"
relevance_tweets17_1212,relevant,".@HouseDemocrats cast 4,775 votes to repeal, modify, delay or defund #Obamacare. Even they know it doesn't work! https://t.co/L1s4dr5J5a",829722460165652480,15600527,RepShimkus,2017-02-09T16:03:44.000Z,1.0,1.0,policy prescription and evaluation,policy prescription and evaluation,True,1.0,"['relevant', 'relevant']","['A2Q1YS118AO2BP', 'A3CVY8G619MGTI']"
relevance_tweets17_1213,relevant,"Pleased to join @VaDOT officials, local business leaders, Del. Dave LaRock and members of the Frederick County community in Middletown last night to discuss improvements to I-81 and the corridor. I-81 has the highest proportion of incident delay of all Virginia interstates. #VA10 https://t.co/EWjjrqTVFF",1032617452474122240,2933760046,RepComstock,2018-08-23T13:16:00.000Z,1.0,1.0,security and defense,,True,1.0,"['relevant', 'relevant']","['A2R2YZTSME1K3F', 'A32CMQGGTSUK6Z']"
relevance_tweets17_1214,relevant,"Enjoyed having #GA10’s 2018 Congressional Art Competition winner Ray Borchers, a junior at Loganville High School, in Washington this week. I’m thrilled her artwork, “Nate,” is proudly on display in the @USCapitol. If you visit D.C. between now and next June, come take a look! https://t.co/iEYZ8lmO2y",1012340895889395713,2975091705,CongressmanHice,2018-06-28T14:24:12.000Z,1.0,1.0,constitutionality and jurisprudence,,True,1.0,"['irrelevant', 'irrelevant']","['A32CMQGGTSUK6Z', 'ACDX50KGPE97I']"
relevance_tweets17_1215,relevant,"Thanks to the #ACA:
✓ you can’t be denied coverage due to pre-existing conditions
✓ young Americans can stay on a parent's plan until age 26",818593460357890048,30354991,KamalaHarris,2017-01-09T23:01:04.000Z,1.0,1.0,policy prescription and evaluation,health and safety,True,1.0,"['relevant', 'relevant']","['A2KLJKDG90K1PP', 'ACDX50KGPE97I']"
relevance_tweets17_1216,relevant,".@realDonaldTrump will be the first president in 25 years to address #Farmers at the @FarmBureau Convention. I'm glad to see our president discussing issues facing rural America and our agriculture community. 
WATCH LIVE at 3pm CT: https://t.co/N0Gxgqob3I",950441065454166018,1240107944,RogerMarshallMD,2018-01-08T18:56:23.000Z,1.0,1.0,political,other,True,1.0,"['relevant', 'relevant']","['A37WDOIQH6JM6V', 'A9K0CV70JWG1W']"
relevance_tweets17_1217,relevant,Our hearts are with the people of #Barcelona. We stand united against terrorists &amp; our prayers are w/ the victims of this cowardly attack.,898250217983627265,486694111,SenJackReed,2017-08-17T18:28:35.000Z,1.0,1.0,security and defense,external regulation and reputation,True,1.0,"['relevant', 'irrelevant']","['A2Q1YS118AO2BP', 'A2R2YZTSME1K3F']"
relevance_tweets17_1218,relevant,East Liverpool HS event this AM- @att virtual reality simulator shows dangers of distracted driving. Signing the @ItCanWait pledge. #attoh https://t.co/XNZtPp7Y4i,983332956503728131,211530910,RepBillJohnson,2018-04-09T13:17:00.000Z,1.0,1.0,health and safety,health and safety,True,1.0,"['relevant', 'irrelevant']","['A23WTODPHXZ68Y', 'ATR6RB1RULOC0']"
relevance_tweets17_1219,relevant,Met with immigration lawyers from #Miami to discuss the many challenges affecting #Dreamers in our community. We need 2 pass the #DreamAct 2 allow our young immigrants 2 plan 4 their future. https://t.co/hwnrnyNZU0,984540752784121856,14275291,RosLehtinen,2018-04-12T21:16:22.000Z,1.0,1.0,quality of life,policy prescription and evaluation,True,1.0,"['relevant', 'relevant']","['A3CVY8G619MGTI', 'ACDX50KGPE97I']"
relevance_tweets17_1220,relevant,@IowaStateU @practicalfarmer Thanks to @IAfarmersunion for your thoughts &amp; input on H.R. 3646 the Water Quality Conservation Act of 2017 https://t.co/cqiGP6qenH,905425341610680320,314205957,RepDavidYoung,2017-09-06T13:39:58.000Z,1.0,1.0,,,True,1.0,"['relevant', 'relevant']","['A17D6BK59S31BM', 'A2R2YZTSME1K3F']"
relevance_tweets17_1221,relevant,"#PollutingPruitt promotes himself as ""a leading advocate against the @EPA’s activist agenda” on LinkedIn but just told the Energy &amp; Commerce committee he’s “a firm believer in the EPA’s mission to protect human health and environment.” He shouldn't be in this job! #BootPruitt https://t.co/XVZ3KciVye",989521064727404546,14984637,chelliepingree,2018-04-26T15:06:20.000Z,1.0,1.0,political,other,True,1.0,"['relevant', 'relevant']","['A2R2YZTSME1K3F', 'ATR6RB1RULOC0']"
relevance_tweets17_1222,relevant,"On April 28, @DEAHQ will hold its spring National Prescription Drug Take Back Day - an opportunity for all of us to help in the fight against the #opioidcrisis. Find the closest take back location site here: https://t.co/DXh00izftS",982017867179790337,15751083,michaelcburgess,2018-04-05T22:11:19.000Z,1.0,1.0,health and safety,health and safety,True,1.0,"['relevant', 'irrelevant']","['A2R2YZTSME1K3F', 'A32CMQGGTSUK6Z']"
relevance_tweets17_1223,relevant,".@TheIndependent: “Smith, Fischer applaud plan to repeal #WOTUS” Read more: https://t.co/ywZA3Gp2uD",880050198944370688,1071402577,SenatorFischer,2017-06-28T13:08:12.000Z,1.0,1.0,policy prescription and evaluation,policy prescription and evaluation,True,1.0,"['relevant', 'relevant']","['A17D6BK59S31BM', 'A2R2YZTSME1K3F']"
relevance_tweets17_1224,relevant,It was great to visit @KIPPTXSA to speak with students about the importance of pursuing an education. https://t.co/4Wbr8lIIaQ,1062352686329331712,231510077,JoaquinCastrotx,2018-11-13T14:33:12.000Z,1.0,1.0,quality of life,other,True,1.0,"['irrelevant', 'irrelevant']","['A23WTODPHXZ68Y', 'A37WDOIQH6JM6V']"
relevance_tweets17_1225,relevant,Join me with @TeamCavuto to talk about #AlexandriaShooting and how we respond in a few moments.,875044701950423040,1060487274,RepDougCollins,2017-06-14T17:38:09.000Z,1.0,1.0,health and safety,,True,1.0,"['irrelevant', 'relevant']","['A23WTODPHXZ68Y', 'A2R2YZTSME1K3F']"
relevance_tweets17_1226,relevant,"Everyone, no matter your race, income level, or job, has the right to a safe and respectful working environment #metoo #TimesUp https://t.co/zgG9zfk3W5",996096636962136064,2293131060,RepKClark,2018-05-14T18:35:19.000Z,1.0,1.0,fairness and equality,morality,True,1.0,"['relevant', 'irrelevant']","['A2Q1YS118AO2BP', 'A37WDOIQH6JM6V']"
relevance_tweets17_1227,relevant,"Two years ago, after the gun violence Sit-In, I wrote this piece which still rings true today. One  paragraph is particularly relevant, as courageous citizens rise up across the US to protest gun violence. I couldn't be more supportive of their efforts.
https://t.co/7gleKZriy3https://t.co/MshStHnOoz",966343130143436801,22812754,RepGregoryMeeks,2018-02-21T16:05:30.000Z,1.0,1.0,health and safety,health and safety,True,1.0,"['relevant', 'irrelevant']","['A2KLJKDG90K1PP', 'A37WDOIQH6JM6V']"
relevance_tweets17_1228,relevant,I'm concerned about the rise in propaganda efforts by ISIL as they use their digital network to promote violent messaging. #FY18NDAA https://t.co/da1pHNNs9B,880076137715699714,254082173,RepJoeWilson,2017-06-28T14:51:16.000Z,1.0,1.0,other,security and defense,True,1.0,"['relevant', 'relevant']","['A17D6BK59S31BM', 'A2KLJKDG90K1PP']"
relevance_tweets17_1229,relevant,".@HouseGOP thinks they deserve better health insurance than you. Sad! As a Member of Congress, I strongly disagree! https://t.co/31b2md0W78",857298507719421953,1339931490,RepRobinKelly,2017-04-26T18:21:06.000Z,1.0,1.0,fairness and equality,health and safety,True,1.0,"['relevant', 'irrelevant']","['A17D6BK59S31BM', 'A2Q1YS118AO2BP']"
relevance_tweets17_1230,relevant,All this talk about #inaug2017 crowd sizes is ridiculous. In Moscow they're like... https://t.co/Kw5sBLDnnM,822577555836375040,942156122,RepSwalwell,2017-01-20T22:52:26.000Z,1.0,1.0,other,,True,1.0,"['relevant', 'relevant']","['A17D6BK59S31BM', 'A2R2YZTSME1K3F']"
relevance_tweets17_1231,relevant,"Answer me one question, @SenateGOP: Do Americans have a right to know what their legislators are doing? Yes or no? #Trumpcare #ShowUsTheBill",877220252492251137,109071031,SenatorCardin,2017-06-20T17:43:00.000Z,1.0,1.0,constitutionality and jurisprudence,morality,True,1.0,"['relevant', 'relevant']","['A2KLJKDG90K1PP', 'A32CMQGGTSUK6Z']"
relevance_tweets17_1232,irrelevant,Visite al @NationalZoo con mis nietas Morgan y Caroline! Disfrutamos nuestro tiempo juntas y vimos a nuestros animales favoritos! https://t.co/6l5KRVV4Uu,874363242793099269,14275291,RosLehtinen,2017-06-12T20:30:16.000Z,0.0,0.0,,,True,0.0,"['irrelevant', 'irrelevant']","['A2Q1YS118AO2BP', 'ACDX50KGPE97I']"
relevance_tweets17_1233,relevant,I’m on Mayor’s podcast this week discussing #DACA &amp; upcoming #PuertoRico relief trip https://t.co/wgdoP5BFCt Apple Podcasts: https://t.co/WRV4mwStWd Soundcloud: https://t.co/cvSUomrXYE Spotify: https://t.co/sy5jRUZGpH @ChicagosMayor #twill #DreamActNow #PuertoRicoSeLevanta https://t.co/Mwj6EpeHyZ,960195280099598336,36948268,RepGutierrez,2018-02-04T16:56:08.000Z,1.0,1.0,policy prescription and evaluation,,True,1.0,"['relevant', 'relevant']","['A2Q1YS118AO2BP', 'A3GUJ6JD25FX7O']"
relevance_tweets17_1234,relevant,@Sharon_Goddard I couldn't agree with you more - the vote to defund risk corridors that would keep insurers in areas of high health disparities proved bad,877971789351186432,789244177,RepDannyDavis,2017-06-22T19:29:21.000Z,1.0,1.0,policy prescription and evaluation,health and safety,True,1.0,"['irrelevant', 'relevant']","['A2Q1YS118AO2BP', 'A2R2YZTSME1K3F']"
relevance_tweets17_1235,relevant,Proud to join the brave students of #MA5 who are fighting for commonsense gun safety. See you in #Natick tomorrow! #EnoughisEnough #NotOneMore #MarchforOurLives https://t.co/JIZ97fg4eqhttps://t.co/ll2Qwbxc3x,982249067248893952,2293131060,RepKClark,2018-04-06T13:30:01.000Z,1.0,1.0,health and safety,health and safety,True,1.0,"['relevant', 'irrelevant']","['A17D6BK59S31BM', 'A37WDOIQH6JM6V']"
relevance_tweets17_1236,relevant,Praying for the victims of today's despicable terrorist attack in Manhattan. Thankful to the first responders and law enforcement at the scene. https://t.co/uugC96emMJ,925483942035288064,479872233,RepRoybalAllard,2017-10-31T22:05:41.000Z,1.0,1.0,"law and order, crime and justice",health and safety,True,1.0,"['irrelevant', 'relevant']","['A2R2YZTSME1K3F', 'ACDX50KGPE97I']"
relevance_tweets17_1237,relevant,Chatting with some folks at City Brew in Missoula this afternoon. https://t.co/3Y6WLCBi2k,842492428468797442,11651202,SteveDaines,2017-03-16T21:47:02.000Z,1.0,1.0,,,True,1.0,"['irrelevant', 'irrelevant']","['A2Q1YS118AO2BP', 'A2R2YZTSME1K3F']"
relevance_tweets17_1238,relevant,"Great morning talking about #taxreform, job training, and more with the @MobileChamber. Thanks for all you do for our community! https://t.co/3foPGzbteH",925013189707870209,2253968388,RepByrne,2017-10-30T14:55:04.000Z,1.0,1.0,economic,policy prescription and evaluation,True,1.0,"['relevant', 'relevant']","['A2Q1YS118AO2BP', 'ATR6RB1RULOC0']"
relevance_tweets17_1239,relevant,Two of the most important provisions in the Tax Cuts and Jobs Act are the increased standard deduction and the increased child tax credit. https://t.co/uId1pV3UOX,941296648273252352,18916432,SpeakerRyan,2017-12-14T13:19:44.000Z,1.0,1.0,economic,economic,True,1.0,"['irrelevant', 'relevant']","['A2Q1YS118AO2BP', 'A2R2YZTSME1K3F']"
relevance_tweets17_1240,relevant,"@PhilMurphyNJ @SenatorMenendez ""We're here today to say we won't accept Trump's extreme and dangerous environmental agenda. In NJ this is our life, this is our soul, this is what we're about at the Jersey shore, and we won't take it.""",949310794214334464,31801993,FrankPallone,2018-01-05T16:05:05.000Z,1.0,1.0,policy prescription and evaluation,policy prescription and evaluation,True,1.0,"['relevant', 'relevant']","['A2Q1YS118AO2BP', 'A2R2YZTSME1K3F']"
relevance_tweets17_1241,relevant,"An Iraqi interpreter who risked his life 2 help American servicemen &amp; was targeted for doing do,was detained at the airport last night.",825381051677675521,31801993,FrankPallone,2017-01-28T16:32:32.000Z,1.0,1.0,fairness and equality,,True,1.0,"['relevant', 'relevant']","['A17D6BK59S31BM', 'A38DC3BG1ZCVZ2']"
relevance_tweets17_1242,relevant,"My sincerest condolences to the family and loved ones of Senator John McCain. Sen. McCain was a maverick in every sense of the word, &amp; will be remembered for his dedication to serving the American people. Americans across the country mourn his loss today. https://t.co/bsohEliuJB",1033526164587991041,516880804,BettyMcCollum04,2018-08-26T01:26:54.000Z,1.0,1.0,other,other,True,1.0,"['relevant', 'relevant']","['A17D6BK59S31BM', 'A32CMQGGTSUK6Z']"
relevance_tweets17_1243,relevant,"The MERIT Act (H.R. 559) has made progress over the past couple months, including @sendavidperdue introducing MERIT in the Senate. We are committed to #DrainingtheSwamp #MERITMonday #HR559 https://t.co/UI5gRYQfJw",1024006846808510464,2914163523,RepLoudermilk,2018-07-30T19:00:32.000Z,1.0,1.0,policy prescription and evaluation,policy prescription and evaluation,True,1.0,"['relevant', 'relevant']","['A2R2YZTSME1K3F', 'A3GUJ6JD25FX7O']"
relevance_tweets17_1244,relevant,Heading into Terrorism and Illicit Finance subcommittee to hear from Treasury Dept. about their work to cut off funding and stop North Korea’s nuclear weapons program. https://t.co/UaQHptnvIN,928349360424980481,1080844782,SenatorSinema,2017-11-08T19:51:50.000Z,1.0,1.0,external regulation and reputation,external regulation and reputation,True,1.0,"['relevant', 'relevant']","['A17D6BK59S31BM', 'A3GUJ6JD25FX7O']"
relevance_tweets17_1245,relevant,Thank you to @jas_wdc and @CarnegieEndow for a thoughtful and timely discussion about the future of the U.S.-Japan partnership. https://t.co/LJrP0ueT8a,824665574944956416,231510077,JoaquinCastrotx,2017-01-26T17:09:29.000Z,1.0,1.0,,,True,1.0,"['relevant', 'relevant']","['A2R2YZTSME1K3F', 'ACDX50KGPE97I']"
relevance_tweets17_1246,relevant,"@realDonaldTrump It was a ruse. The #MuslimBan has always been a policy driven by xenophobic politics and bigotry, not practical concern for our safety. 10/",880521311893676032,2962868158,RepDonBeyer,2017-06-29T20:20:14.000Z,1.0,1.0,security and defense,policy prescription and evaluation,True,1.0,"['relevant', 'relevant']","['A2KLJKDG90K1PP', 'A9K0CV70JWG1W']"
relevance_tweets17_1247,relevant,I joined members of the @HouseHomeland Subcommittee on Cybersecurity and Infrastructure Protection to evaluate the Chemical Facility Anti-Terrorism Standards (CFATS) program &amp; assess what more can be done to improve chemical security. https://t.co/0iSWKt1Yok,964232423545491460,3353670647,RepDanDonovan,2018-02-15T20:18:19.000Z,1.0,1.0,security and defense,security and defense,True,1.0,"['relevant', 'relevant']","['A23WTODPHXZ68Y', 'A3CVY8G619MGTI']"
relevance_tweets17_1248,relevant,It’s good to see SUNY Canton’s new Early Childhood Care and Management program integrating STEM education into the early childhood years: https://t.co/K093QdDtjI @SUNYCantonNews,938112762575753216,2962813893,RepStefanik,2017-12-05T18:28:06.000Z,1.0,1.0,policy prescription and evaluation,policy prescription and evaluation,True,1.0,"['relevant', 'irrelevant']","['A23WTODPHXZ68Y', 'ACDX50KGPE97I']"
relevance_tweets17_1249,relevant,"Thank you to all law enforcement, first responders &amp; medical personnel responding to this horrific tragedy.",914837791363780609,43910797,SenSherrodBrown,2017-10-02T13:01:40.000Z,1.0,1.0,other,,True,1.0,"['irrelevant', 'irrelevant']","['A2R2YZTSME1K3F', 'ATR6RB1RULOC0']"
relevance_tweets17_1250,relevant,"For the past 8 years parts of our country disparaged him and... 

#PutAmericaFirst",819210646378135553,2968451607,RepBonnie,2017-01-11T15:53:32.000Z,1.0,1.0,political,other,True,1.0,"['irrelevant', 'relevant']","['A2Q1YS118AO2BP', 'A32CMQGGTSUK6Z']"
relevance_tweets17_1251,relevant,ICYMI: Spoke with @WOAYNewsWatch about the need to #extendCHIP. This is absolutely critical. https://t.co/pnY1qsSaqX,939547191642701824,193794406,SenCapito,2017-12-09T17:28:01.000Z,1.0,1.0,policy prescription and evaluation,policy prescription and evaluation,True,1.0,"['relevant', 'relevant']","['A2Q1YS118AO2BP', 'A9K0CV70JWG1W']"
relevance_tweets17_1252,relevant,I’m partnering with @vietnamwar50th as part of a nationwide effort to thank and honor all #WA01 Vietnam #veterans. https://t.co/plMQKqVSXU,920353791878291457,995193054,RepDelBene,2017-10-17T18:20:17.000Z,1.0,1.0,,security and defense,True,1.0,"['relevant', 'irrelevant']","['A2KLJKDG90K1PP', 'A32CMQGGTSUK6Z']"
relevance_tweets17_1253,relevant,Trump's plan to defund the arts would impoverish us all | Editorial @starledger @NJ_Opinion https://t.co/q2vM4srsOh,823603877928910848,31801993,FrankPallone,2017-01-23T18:50:40.000Z,1.0,1.0,economic,policy prescription and evaluation,True,1.0,"['irrelevant', 'relevant']","['A2Q1YS118AO2BP', 'A37WDOIQH6JM6V']"
relevance_tweets17_1254,relevant,"Make no mistake...Trump-Russia probe was launched, bc @RealDonaldTrump won GOP nomination for Pres. It's clear why DOJ/FBI didn't want to turn over memo opening the investigation. They didn't come up w/ a sufficient alternative justification to start the probe.",984520111489998848,2750127259,RepLeeZeldin,2018-04-12T19:54:20.000Z,1.0,1.0,external regulation and reputation,external regulation and reputation,True,1.0,"['relevant', 'relevant']","['A2Q1YS118AO2BP', 'A37WDOIQH6JM6V']"
relevance_tweets17_1255,relevant,The addition of 24 more Super Hornets in the defense bill will protect MO jobs &amp; put a local stamp on nat'l defense. https://t.co/pivLO6gomI,880533976955236352,1051446626,RepAnnWagner,2017-06-29T21:10:34.000Z,1.0,1.0,constitutionality and jurisprudence,security and defense,True,1.0,"['relevant', 'relevant']","['A17D6BK59S31BM', 'A2KLJKDG90K1PP']"
relevance_tweets17_1256,relevant,"This week is #HBCUWeek, a chance for us to celebrate the legacy of HBCUs and to recommit ourselves to protecting these historic institutions",909873364327653376,161791703,BobbyScott,2017-09-18T20:14:49.000Z,1.0,1.0,cultural identity,,True,1.0,"['irrelevant', 'relevant']","['A2KLJKDG90K1PP', 'A2Q1YS118AO2BP']"
relevance_tweets17_1257,relevant,"I'm voting no on Republicans' continuing resolution today because their bill not only fails to permanently authorize #CHIP, but it fails to provide for dozens of other health services on which these kids &amp; other vulnerable Americans rely. My  statement: https://t.co/6ciVacDeDC",954097814266613760,303861808,RepThompson,2018-01-18T21:06:59.000Z,1.0,1.0,constitutionality and jurisprudence,policy prescription and evaluation,True,1.0,"['relevant', 'relevant']","['A2R2YZTSME1K3F', 'ATR6RB1RULOC0']"
relevance_tweets17_1258,relevant,Thnx Susan Collins for visiting MN &amp; great speech @womenwinning &amp; thnx for visiting Dunwoody w/me @SenatorCollins https://t.co/zKjqcrTUXS,876851134505390080,33537967,amyklobuchar,2017-06-19T17:16:16.000Z,1.0,1.0,,,True,1.0,"['relevant', 'relevant']","['A23WTODPHXZ68Y', 'A9K0CV70JWG1W']"
relevance_tweets17_1259,relevant,@HouseGVP We need a bipartisan path forward on guns that recognizes the 2A rights AND the safety of every American. Closing the gaps in our background check system with #FixNICS is a step on that path. Reciprocity isn't. #StopCCR,935992558789984256,1060984272,Elizabeth_Esty,2017-11-29T22:03:10.000Z,1.0,1.0,policy prescription and evaluation,health and safety,True,1.0,"['relevant', 'relevant']","['A32CMQGGTSUK6Z', 'A9K0CV70JWG1W']"
relevance_tweets17_1260,relevant,"I continue to fight to clarify &amp; fix ELD rules so our ag industry isn’t harmed, &amp;—good news!—I worked to secure another extension for livestock &amp; insect haulers in the new government funding bill. This builds on my bipartisan effort to protect ag. https://t.co/UVRC2CWTi1",976944476462702592,1061029050,SenatorHeitkamp,2018-03-22T22:11:28.000Z,1.0,1.0,policy prescription and evaluation,policy prescription and evaluation,True,1.0,"['relevant', 'relevant']","['A37WDOIQH6JM6V', 'A3GUJ6JD25FX7O']"
relevance_tweets17_1261,relevant,"As you may know, yesterday a tornado passed through southeast Alabama. @Ft_Rucker sustained some damage, but thankfully no injuries have been reported as of now and operations continued normally today. My prayers are with those impacted by the storm. 
https://t.co/6NFmJgZCHo",988465655014977538,224294785,MarthaRobyAL,2018-04-23T17:12:31.000Z,1.0,1.0,health and safety,health and safety,True,1.0,"['irrelevant', 'irrelevant']","['A2Q1YS118AO2BP', 'A3GUJ6JD25FX7O']"
relevance_tweets17_1262,relevant,Great to hear from @POTUS about how we can work together for the American people and keep our nation safe! https://t.co/Kaqv4G1WcG,824687762993508352,1065995022,RepWalorski,2017-01-26T18:37:39.000Z,1.0,1.0,health and safety,security and defense,True,1.0,"['relevant', 'relevant']","['A17D6BK59S31BM', 'A37WDOIQH6JM6V']"
relevance_tweets17_1263,relevant,Mahalo to @PPGNHI for sharing your stories. We need your continued advocacy as we #StandWithPP https://t.co/MN81FBJQak,835224376609910784,92186819,maziehirono,2017-02-24T20:26:23.000Z,1.0,1.0,political,other,True,1.0,"['relevant', 'irrelevant']","['A2R2YZTSME1K3F', 'ACDX50KGPE97I']"
relevance_tweets17_1264,irrelevant,Happy 4th of July!  https://t.co/PbzJdwzLJx,882252549746814977,19407835,RepMikeCoffman,2017-07-04T14:59:33.000Z,0.0,0.0,,,True,0.0,"['irrelevant', 'irrelevant']","['A9K0CV70JWG1W', 'ACDX50KGPE97I']"
relevance_tweets17_1265,relevant,This bill allows immigrant youth to earn legal status and citizenship and protect #DACA recipients at risk. https://t.co/ZpOxjrz1Qj,890956844688134144,36948268,RepGutierrez,2017-07-28T15:27:19.000Z,1.0,1.0,constitutionality and jurisprudence,policy prescription and evaluation,True,1.0,"['relevant', 'relevant']","['A2Q1YS118AO2BP', 'A3GUJ6JD25FX7O']"
relevance_tweets17_1266,relevant,What’s in store for the next farm bill? https://t.co/vhs43RzrFF,832297211878899712,233693291,RepRickCrawford,2017-02-16T18:34:53.000Z,1.0,1.0,,,True,1.0,"['relevant', 'relevant']","['A2Q1YS118AO2BP', 'A2R2YZTSME1K3F']"
relevance_tweets17_1267,relevant,Honored to spend last night’s @BaptistHealthSF #MiamiCancerInstitute opening w my #SoFla colleague and #BreastCancer survivor @RepDWStweets! https://t.co/xRymH4ybNH,825093398646374400,14275291,RosLehtinen,2017-01-27T21:29:30.000Z,1.0,1.0,health and safety,,True,1.0,"['irrelevant', 'irrelevant']","['A2Q1YS118AO2BP', 'ACDX50KGPE97I']"
relevance_tweets17_1268,relevant,I spoke with @PeterZampa of Gray TV this afternoon to discuss Trump’s plan to make US taxpayers pay for an enormously expensive border wall https://t.co/VndtO6jEnT,818977891883032577,210926192,RepCuellar,2017-01-11T00:28:39.000Z,1.0,1.0,economic,,True,1.0,"['relevant', 'relevant']","['A2R2YZTSME1K3F', 'A3CVY8G619MGTI']"
relevance_tweets17_1269,relevant,40 moments of silence since 2012 -- including two for Las Vegas -- and zero commonsense gun bills signed into law. It’s time to stand up for families of gun violence victims and #HonorWithAction,941045022719401984,122174004,repdinatitus,2017-12-13T20:39:51.000Z,1.0,1.0,health and safety,health and safety,True,1.0,"['relevant', 'relevant']","['A2R2YZTSME1K3F', 'A37WDOIQH6JM6V']"
relevance_tweets17_1270,relevant,"Since #SCOTUS struck down key protections in the VRA, it’s critical the AG is a strong advocate for securing every American’s right to vote",819351301477826560,247334603,SenatorDurbin,2017-01-12T01:12:27.000Z,1.0,1.0,political,constitutionality and jurisprudence,True,1.0,"['relevant', 'relevant']","['A17D6BK59S31BM', 'A38DC3BG1ZCVZ2']"
relevance_tweets17_1271,relevant,.@GovernorPerry is a class act and a great American. https://t.co/QZXedxzvU1,822168173399212033,2966205003,RepMarkWalker,2017-01-19T19:45:42.000Z,1.0,1.0,political,other,True,1.0,"['relevant', 'relevant']","['A2Q1YS118AO2BP', 'A2R2YZTSME1K3F']"
relevance_tweets17_1272,relevant,"While collapse of the Maduro regime is inevitable bc of their ineptitude, we can't forget the millions of victims of this tyranny #Venezuela https://t.co/6mBQ8wqHk1",890287972763013121,18695134,SenatorMenendez,2017-07-26T19:09:28.000Z,1.0,1.0,political,morality,True,1.0,"['relevant', 'irrelevant']","['A32CMQGGTSUK6Z', 'ACDX50KGPE97I']"
relevance_tweets17_1273,relevant,"25 yrs ago today, I met the man who would fill my life w/love, laughter, &amp; family. It would take 22 yrs to achieve legal marriage. https://t.co/yQTlsrWJgo",867062578895142913,1072467470,RepSeanMaloney,2017-05-23T17:00:02.000Z,1.0,1.0,fairness and equality,fairness and equality,True,1.0,"['relevant', 'irrelevant']","['A2Q1YS118AO2BP', 'A37WDOIQH6JM6V']"
relevance_tweets17_1274,relevant,"Congrats to @UF for having the highest ranked medical school in the state, and one of the top 50 in the nation! #Sayfie https://t.co/PPMAsLHSir",976545282879082496,229966028,SenRubioPress,2018-03-21T19:45:13.000Z,1.0,1.0,quality of life,,True,1.0,"['irrelevant', 'irrelevant']","['A23WTODPHXZ68Y', 'A9K0CV70JWG1W']"
relevance_tweets17_1275,relevant,"As this process moves forward, I will continue to work with my colleagues to ensure that our health care system works better for all Ohioans",885586632585482242,18915145,senrobportman,2017-07-13T19:48:01.000Z,1.0,1.0,health and safety,health and safety,True,1.0,"['relevant', 'relevant']","['A2R2YZTSME1K3F', 'A37WDOIQH6JM6V']"
relevance_tweets17_1276,relevant,"Really looking forward to reading about what extensive, 1st in the nation, hard-charging ethics proposals @NYGovCuomo will be issuing targeting the NY Governor's office for the corruption &amp; acceptance of bribes that have taken place all around him in his own operation. #Percoco https://t.co/Bmag2nQbMB",973680487083446272,2750127259,RepLeeZeldin,2018-03-13T22:01:32.000Z,1.0,1.0,"law and order, crime and justice",morality,True,1.0,"['relevant', 'relevant']","['A17D6BK59S31BM', 'A2R2YZTSME1K3F']"
relevance_tweets17_1277,relevant,"GREAT NEWS: @USouthernMaine's Veterans Upward Bound program has been awarded $275,155 from @usedgov! #mepolitics https://t.co/YMGeEFot3Q",1047156896040476680,14984637,chelliepingree,2018-10-02T16:10:33.000Z,1.0,1.0,security and defense,capacity and resources,True,1.0,"['relevant', 'relevant']","['A2KLJKDG90K1PP', 'A3CVY8G619MGTI']"
relevance_tweets17_1278,relevant,"Thousands of families have sacrificed to build GM into what it is today. And in return, GM has turned its back on us when we need them the most. This is a bad combination of greedy corporations and policy makers with no understanding of economic development. (3/8)",1067092822464102400,13491312,RepTimRyan,2018-11-26T16:28:49.000Z,1.0,1.0,economic,fairness and equality,True,1.0,"['relevant', 'relevant']","['A37WDOIQH6JM6V', 'ACDX50KGPE97I']"
relevance_tweets17_1279,relevant,I will not participate in the normalization of @realDonaldTrump. #BrooklynResists @BrianLehrer @TheGreeneSpace @wnyc https://t.co/d7PfXXDAUK,834076319650607104,240812994,RepYvetteClarke,2017-02-21T16:24:25.000Z,1.0,1.0,political,political,True,1.0,"['relevant', 'relevant']","['A3CVY8G619MGTI', 'A9K0CV70JWG1W']"
relevance_tweets17_1280,relevant,Support for manufacturing is bipartisan &amp; a policy area where Congress &amp; the Administration can find common ground.,829762235543220224,15324851,ChrisCoons,2017-02-09T18:41:47.000Z,1.0,1.0,political,political,True,1.0,"['relevant', 'relevant']","['A2Q1YS118AO2BP', 'ATR6RB1RULOC0']"
relevance_tweets17_1281,relevant,Check out this week's column: Showing Gratitude to South Dakota's Veterans and Servicemembers https://t.co/FGMvZ2p7jw,997885644079845377,2955485182,SenatorRounds,2018-05-19T17:04:12.000Z,1.0,1.0,other,security and defense,True,1.0,"['relevant', 'irrelevant']","['A17D6BK59S31BM', 'A2R2YZTSME1K3F']"
relevance_tweets17_1282,relevant,"Honored to join @RepMoolenaar to present Burgess Loar, a Korean War veteran, with the Purple Heart for his service and sacrifice to our country. Burgess grew up in Flint and embodies what it means to be a Michigander and an American. https://t.co/mqT1WFpCK7",978333370085203968,1045110018,RepDanKildee,2018-03-26T18:10:26.000Z,1.0,1.0,security and defense,other,True,1.0,"['relevant', 'relevant']","['A17D6BK59S31BM', 'A3GUJ6JD25FX7O']"
relevance_tweets17_1283,relevant,... I believe saving $115 million is a nonstarter versus protecting the american people against terrorist threats.  Screen at all airports!,1024803245838004224,80612021,JacksonLeeTX18,2018-08-01T23:45:08.000Z,1.0,1.0,security and defense,security and defense,True,1.0,"['irrelevant', 'relevant']","['A2Q1YS118AO2BP', 'ACDX50KGPE97I']"
relevance_tweets17_1284,relevant,"We've tried Trump #immigration strategy  before leaving trail of lawsuits, broken families &amp; bankruptcy: https://t.co/IsgeUJjWL0 #twill https://t.co/ksdOL0q885",836361777109741568,36948268,RepGutierrez,2017-02-27T23:46:01.000Z,1.0,1.0,policy prescription and evaluation,policy prescription and evaluation,True,1.0,"['relevant', 'relevant']","['A37WDOIQH6JM6V', 'A3CVY8G619MGTI']"
relevance_tweets17_1285,relevant,".@USDOT announced El Paso County will receive funds to widen an approximately 18-mile segment of I-25 from Monument to Castle Rock. 

As I’ve worked with the Trump Administration over the last several months, my number one priority has been to secure this $65 million grant.",1004050405888753665,584012853,RepDLamborn,2018-06-05T17:20:45.000Z,1.0,1.0,economic,economic,True,1.0,"['relevant', 'relevant']","['A2Q1YS118AO2BP', 'ATR6RB1RULOC0']"
relevance_tweets17_1286,relevant,"Today House GOP refused to stand up to Trump &amp; voted down Democratic efforts to help secure our elections from outside interference—with no alternative of their own.

SHAME. 

Demand GOP act to #ProtectOurDemocracy.",1019991259266650118,15954997,repblumenauer,2018-07-19T17:04:01.000Z,1.0,1.0,political,political,True,1.0,"['relevant', 'relevant']","['A2R2YZTSME1K3F', 'A32CMQGGTSUK6Z']"
relevance_tweets17_1287,relevant,"This weekend, dozens of public officials were sworn in. Team Norcross was honored to join them &amp; here are some photos from around #SouthJersey: https://t.co/vPYOVkFqR4",950370606930956289,3122099613,DonaldNorcross,2018-01-08T14:16:24.000Z,1.0,1.0,political,,True,1.0,"['relevant', 'relevant']","['A37WDOIQH6JM6V', 'A9K0CV70JWG1W']"
relevance_tweets17_1288,relevant,"While GOP is celebrating #GlobalGag women across world will suffer  consequences because of this dangerous policy
https://t.co/Jl8FEsTwGE",823934925879513090,3122099613,DonaldNorcross,2017-01-24T16:46:08.000Z,1.0,1.0,policy prescription and evaluation,policy prescription and evaluation,True,1.0,"['relevant', 'relevant']","['A2Q1YS118AO2BP', 'A32CMQGGTSUK6Z']"
relevance_tweets17_1289,relevant,"At a time when there is too much hate, violence, and discrimination, the teachings of Dr. King are more important than ever #MLKDay",820993763011153921,18909919,JimLangevin,2017-01-16T13:59:01.000Z,1.0,1.0,other,morality,True,1.0,"['relevant', 'relevant']","['A2Q1YS118AO2BP', 'ACDX50KGPE97I']"
relevance_tweets17_1290,relevant,Letting working families and small businesses keep more of their hard-earned money leads to growth and prosperity. The proof is in our economy. #TaxReform #NC06 https://t.co/xdiq8S30zP,994591094305443841,2966205003,RepMarkWalker,2018-05-10T14:52:50.000Z,1.0,1.0,economic,economic,True,1.0,"['irrelevant', 'relevant']","['A2Q1YS118AO2BP', 'A2R2YZTSME1K3F']"
relevance_tweets17_1291,relevant,"Karen, my staff members, and I are all on the train to the GOP conference and we are all safe.",958741489621897216,24735461,PeteSessions,2018-01-31T16:39:18.000Z,1.0,1.0,health and safety,health and safety,True,1.0,"['relevant', 'relevant']","['A2Q1YS118AO2BP', 'A37WDOIQH6JM6V']"
relevance_tweets17_1292,relevant,Mercury News: House health bill has more failings than Trump has hotels - https://t.co/dilgmCKKCf,860549597776760833,267938462,RepZoeLofgren,2017-05-05T17:39:47.000Z,1.0,1.0,constitutionality and jurisprudence,policy prescription and evaluation,True,1.0,"['relevant', 'relevant']","['A23WTODPHXZ68Y', 'A37WDOIQH6JM6V']"
relevance_tweets17_1293,relevant,Amendment by @RepJerryNadler would require #ATC corporation to pay fair market value for transfer of assets #DontPrivatizeOurSkies https://t.co/aLVe3Hh374,879777853792952320,404132211,RepRickLarsen,2017-06-27T19:06:00.000Z,1.0,1.0,economic,economic,True,1.0,"['relevant', 'irrelevant']","['A17D6BK59S31BM', 'A2Q1YS118AO2BP']"
relevance_tweets17_1294,relevant,Congrats to my friend @RepMickMulvaney on being confirmed to lead OMB. He will do a great job making government work better for the people.,832263540920696837,1209417007,SteveScalise,2017-02-16T16:21:05.000Z,1.0,1.0,political,other,True,1.0,"['relevant', 'relevant']","['A2Q1YS118AO2BP', 'ATR6RB1RULOC0']"
relevance_tweets17_1295,relevant,"African American women are the backbone of our communities and we’re bringing a wave of change to Congress #ForThePeople.
It’s time for us to have a seat at the table. #BlackWomenLead https://t.co/Fn969dj82h",1064557664800317442,248735463,RepBarbaraLee,2018-11-19T16:35:00.000Z,1.0,1.0,constitutionality and jurisprudence,fairness and equality,True,1.0,"['relevant', 'relevant']","['A32CMQGGTSUK6Z', 'ACDX50KGPE97I']"
relevance_tweets17_1296,relevant,It has become clear that the U.S. needs a federal consumer data privacy law.  My colleagues on @SenateCommerce and I are pursuing such bipartisan privacy legislation.,1067505943330648064,18632666,JerryMoran,2018-11-27T19:50:24.000Z,1.0,1.0,constitutionality and jurisprudence,policy prescription and evaluation,True,1.0,"['relevant', 'relevant']","['A2Q1YS118AO2BP', 'ACDX50KGPE97I']"
relevance_tweets17_1297,relevant,Trump just made it harder &amp; more expensive for women to buy birth control. We'll never stop fighting. https://t.co/7XEExEF3wE,869958376733671424,15764644,SpeakerPelosi,2017-05-31T16:46:54.000Z,1.0,1.0,health and safety,policy prescription and evaluation,True,1.0,"['relevant', 'relevant']","['A32CMQGGTSUK6Z', 'ATR6RB1RULOC0']"
relevance_tweets17_1298,relevant,My heart goes out to all of the families and victims of last night’s horrific shooting in California where 12 people were killed including a police officer. We are not powerless to stop this carnage. Congress must act to pass common sense gun legislation. https://t.co/Ep2yareuHF,1060534705056071680,2167097881,SenBooker,2018-11-08T14:09:12.000Z,1.0,1.0,health and safety,health and safety,True,1.0,"['relevant', 'relevant']","['A2KLJKDG90K1PP', 'A2R2YZTSME1K3F']"
relevance_tweets17_1299,relevant,Huge thanks to @lighteningred and @i94west for inviting my staff to represent me at the First Responders Luncheon today! https://t.co/FZqRO5fiqB,867076008079499265,2914515430,RepTomEmmer,2017-05-23T17:53:24.000Z,1.0,1.0,other,,True,1.0,"['irrelevant', 'irrelevant']","['A23WTODPHXZ68Y', 'A2Q1YS118AO2BP']"
relevance_tweets17_1300,relevant,I support the decision made by the House Intel Committee this evening to #ReleasetheMemo. The American people have a right to know. https://t.co/qMRQEW8lSn,958152687492755463,1060370282,RepMullin,2018-01-30T01:39:36.000Z,1.0,1.0,political,morality,True,1.0,"['relevant', 'relevant']","['A23WTODPHXZ68Y', 'ATR6RB1RULOC0']"
relevance_tweets17_1301,relevant,How many more must suffer before GOP leaders do the right thing &amp; work w/ Ds to fix our broken immigration system? https://t.co/XFMwWU0eHA,926777612067917824,122174004,repdinatitus,2017-11-04T11:46:16.000Z,1.0,1.0,quality of life,policy prescription and evaluation,True,1.0,"['relevant', 'relevant']","['A2Q1YS118AO2BP', 'A2R2YZTSME1K3F']"
relevance_tweets17_1302,relevant,About to join @KUTV2News to discuss immigration. Tune in! https://t.co/S9sjyCJKGW,1009421441945755648,1072008757,RepChrisStewart,2018-06-20T13:03:20.000Z,1.0,1.0,policy prescription and evaluation,,True,1.0,"['irrelevant', 'relevant']","['A2Q1YS118AO2BP', 'A37WDOIQH6JM6V']"
relevance_tweets17_1303,relevant,Passing a budget is so important because it helps unlock the process for pro-growth #TaxReform that benefits working families.,915968638993207297,2253968388,RepByrne,2017-10-05T15:55:16.000Z,1.0,1.0,policy prescription and evaluation,economic,True,1.0,"['relevant', 'relevant']","['A17D6BK59S31BM', 'A2Q1YS118AO2BP']"
relevance_tweets17_1304,relevant,@RepHanabusa Congress needs to put people before politics and reopen the government. Read full statement here: https://t.co/QtPCtStVmJ,954900168033390594,1064206014,TulsiPress,2018-01-21T02:15:15.000Z,1.0,1.0,political,quality of life,True,1.0,"['relevant', 'relevant']","['A2R2YZTSME1K3F', 'ACDX50KGPE97I']"
relevance_tweets17_1305,relevant,I now have significantly greater confidence that the investigation will follow the facts wherever they lead.,864976838552150016,17494010,SenSchumer,2017-05-17T22:52:03.000Z,1.0,1.0,"law and order, crime and justice","law and order, crime and justice",True,1.0,"['relevant', 'relevant']","['A2Q1YS118AO2BP', 'A3GUJ6JD25FX7O']"
relevance_tweets17_1306,relevant,"Honored to welcome Mariah Rosario, the winner of the 42nd Congressional District Art Competition, and her family to the Capitol today. Great job Mariah! [w/ photo] https://t.co/3wneRFijkl",1012058484005715968,22545491,KenCalvert,2018-06-27T19:42:00.000Z,1.0,1.0,political,,True,1.0,"['relevant', 'irrelevant']","['A2KLJKDG90K1PP', 'ATR6RB1RULOC0']"
relevance_tweets17_1307,relevant,Great work by our professional and dedicated law enforcement in handling the recent pipe bomb threats. Violence in American politics is abhorrent and never the answer.,1055971274370007040,2891210047,SenDanSullivan,2018-10-26T23:55:45.000Z,1.0,1.0,security and defense,security and defense,True,1.0,"['relevant', 'relevant']","['A2R2YZTSME1K3F', 'ACDX50KGPE97I']"
relevance_tweets17_1308,relevant,"Yes, in Wisconsin we got milk… a lot of it…and we know what it is and what it isn't.
I was proud to stand up against this attack on our dairy farmers and lead the bipartisan effort to defeat it. #AmericasDairyland 
https://t.co/jBvzRkXuS4",1024727716430573573,1074518754,SenatorBaldwin,2018-08-01T18:45:00.000Z,1.0,1.0,political,morality,True,1.0,"['irrelevant', 'relevant']","['A2R2YZTSME1K3F', 'ACDX50KGPE97I']"
relevance_tweets17_1309,relevant,"@realDonaldTrump #AreYouGuiltyIf you tell the bank teller ""this is a robbery"" but leave without the money? #NothingToSeeHere",885949917897916421,80612021,JacksonLeeTX18,2017-07-14T19:51:35.000Z,1.0,1.0,other,other,True,1.0,"['relevant', 'relevant']","['A2R2YZTSME1K3F', 'A3CVY8G619MGTI']"
relevance_tweets17_1310,relevant,OPIOIDS:  Provides $150 million increase for programs to address the opioid and heroin epidemic.  #FY2017,860155562423705603,950328072,RepPittenger,2017-05-04T15:34:01.000Z,1.0,1.0,health and safety,health and safety,True,1.0,"['relevant', 'relevant']","['A2R2YZTSME1K3F', 'ATR6RB1RULOC0']"
relevance_tweets17_1311,relevant,"Today I met w/ Judge Gorsuch, Pres Trump’s SCOTUS nominee. I learned more about his background/beliefs &amp; educated him on important AK issues https://t.co/66eF1Mvsym",829824891486609408,18061669,lisamurkowski,2017-02-09T22:50:46.000Z,1.0,1.0,political,,True,1.0,"['relevant', 'relevant']","['A23WTODPHXZ68Y', 'A37WDOIQH6JM6V']"
relevance_tweets17_1312,relevant,Visited with the Washington High School government class this afternoon. Great discussion with an informed group of students. https://t.co/U2RRFSUpJe,852609324849516544,296361085,SenJohnThune,2017-04-13T19:47:58.000Z,1.0,1.0,,,True,1.0,"['relevant', 'irrelevant']","['A2Q1YS118AO2BP', 'A2R2YZTSME1K3F']"
relevance_tweets17_1313,relevant,"We are committed to decreasing gov. dependency &amp; helping SNAP recipients climb the economic ladder. By tripling the amount of $ invested in SNAP E&amp;T programs to ensure that there are spots for anyone who wants one, we are helping develop a strong workforce &amp; grow the economy.",986653081793331200,993153006,RodneyDavis,2018-04-18T17:10:00.000Z,1.0,1.0,economic,economic,True,1.0,"['relevant', 'relevant']","['A2R2YZTSME1K3F', 'ACDX50KGPE97I']"
relevance_tweets17_1314,relevant,"#Congress should work for the American PEOPLE. Petty personal grievances that the #DC beltway has against @realDonaldTrump do nothing to further the prosperity of the American ppl. Obstructing middle class #TaxCuts or repeal&amp;replace of #Obamacare, is a failed &amp; selfish approach.",930105455187300354,239871673,RepLouBarletta,2017-11-13T16:09:55.000Z,1.0,1.0,political,morality,True,1.0,"['relevant', 'relevant']","['A17D6BK59S31BM', 'ATR6RB1RULOC0']"
relevance_tweets17_1315,relevant,"Ran into @JustinSayfie and his daughter, Janna, on the #Senate side today. It’s always refreshing to see Floridians in #DC even if they picked the wrong side of @uscapitol to be on. https://t.co/UeAPCAy2M7",1021825223149215746,14275291,RosLehtinen,2018-07-24T18:31:32.000Z,1.0,1.0,political,,True,1.0,"['relevant', 'relevant']","['A2R2YZTSME1K3F', 'ACDX50KGPE97I']"
relevance_tweets17_1316,relevant,I hear the Senate is staying in session to repeal healthcare. That should give the House enough time to get ready for impeachment.,884894176432844800,36686040,RepMaxineWaters,2017-07-11T21:56:26.000Z,1.0,1.0,political,political,True,1.0,"['relevant', 'relevant']","['A2Q1YS118AO2BP', 'A32CMQGGTSUK6Z']"
relevance_tweets17_1317,relevant,I’m going live on Facebook with child care providers in #PBC to discuss the business of providing quality child care. Tune in now! https://t.co/2US8mvwa1W,1027560048640372736,1077121945,RepLoisFrankel,2018-08-09T14:19:41.000Z,1.0,1.0,,policy prescription and evaluation,True,1.0,"['relevant', 'irrelevant']","['A2Q1YS118AO2BP', 'ATR6RB1RULOC0']"
relevance_tweets17_1318,relevant,New Round of Indictments in Russia Probe Show We Must All Work Together to Protect America: https://t.co/vu2S037vKN,1017947763760300033,24745957,RepHankJohnson,2018-07-14T01:43:54.000Z,1.0,1.0,external regulation and reputation,security and defense,True,1.0,"['relevant', 'relevant']","['A2Q1YS118AO2BP', 'A2R2YZTSME1K3F']"
relevance_tweets17_1319,relevant,"For years, we’ve been working to do something about the traffic on U.S. Highway 522. This $20 million BUILD grant will help alleviate that traffic while encouraging economic development in the Berkeley Springs area. Check out my interview on West Virginia Tonight: https://t.co/PDicc9HbTx",1074780302088785923,193794406,SenCapito,2018-12-17T21:36:07.000Z,1.0,1.0,capacity and resources,policy prescription and evaluation,True,1.0,"['relevant', 'relevant']","['A2KLJKDG90K1PP', 'ACDX50KGPE97I']"
relevance_tweets17_1320,relevant,Thanks @VernBuchanan @RepHastingsFL for hosting a FL delegation mtg w Gov Scott + Ag Comm Putnam on the state's #IrmaRecovery efforts. https://t.co/D2YTSU1HV1,918116228878819328,37094727,MarioDB,2017-10-11T14:09:01.000Z,1.0,1.0,political,,True,1.0,"['relevant', 'relevant']","['A2R2YZTSME1K3F', 'ACDX50KGPE97I']"
relevance_tweets17_1321,relevant,On #WorldMentalHealthDay we should strive to create a more understanding world and address illnesses more common than many of us would think,917863030636998656,17513304,ErikPaulsen,2017-10-10T21:22:54.000Z,1.0,1.0,health and safety,health and safety,True,1.0,"['irrelevant', 'irrelevant']","['A17D6BK59S31BM', 'A23WTODPHXZ68Y']"
relevance_tweets17_1322,relevant,"This morning, I met with reporters &amp; discussed my speech yesterday, which announced House Democrats’ updated #MakeItInAmerica plan, an economic agenda that is #ForThePeople. ICYMI, you can find a video my remarks on @Facebook here: https://t.co/N2hF36ljNO",1021801405991059458,22012091,LeaderHoyer,2018-07-24T16:56:53.000Z,1.0,1.0,economic,economic,True,1.0,"['relevant', 'relevant']","['A2R2YZTSME1K3F', 'ATR6RB1RULOC0']"
relevance_tweets17_1323,relevant,"Today, @SenJohnMcCain &amp; I are calling on the Trump administration to withdraw the nomination of Ronald Mortensen, a virulent opponent of immigration, to serve as the United States' senior diplomat for migration and refugee policies. https://t.co/DfrG7Y64KZ",1009191901554147328,15324851,ChrisCoons,2018-06-19T21:51:13.000Z,1.0,1.0,political,other,True,1.0,"['relevant', 'relevant']","['A17D6BK59S31BM', 'A32CMQGGTSUK6Z']"
relevance_tweets17_1324,relevant,"It is always great to hear how the new #TaxReform law is helping #smallbiz across the state of #Ohio. Today, at @STERIS, I heard firsthand the positive effects #TaxReform has had on their company, including $1,000 bonus for workers and funding to expand their work space! https://t.co/jnS9Yx6doD",987351940681097216,18915145,senrobportman,2018-04-20T15:27:01.000Z,1.0,1.0,economic,economic,True,1.0,"['relevant', 'relevant']","['A17D6BK59S31BM', 'A37WDOIQH6JM6V']"
relevance_tweets17_1325,relevant,Because of #taxreform more Americans will see an increase in their take home pay in February. https://t.co/RkirKnUKOD,951506264042881024,17976923,cathymcmorris,2018-01-11T17:29:06.000Z,1.0,1.0,economic,economic,True,1.0,"['relevant', 'relevant']","['A2R2YZTSME1K3F', 'ACDX50KGPE97I']"
relevance_tweets17_1326,relevant,"Today the House passed H.R. 7, making the #HydeAmendment permanent, and ensuring no taxpayer dollars can fund abortions. https://t.co/GYGpmKANjx",824059222224605184,18030431,JudgeCarter,2017-01-25T01:00:03.000Z,1.0,1.0,,policy prescription and evaluation,True,1.0,"['relevant', 'relevant']","['A2Q1YS118AO2BP', 'A37WDOIQH6JM6V']"
relevance_tweets17_1327,relevant,"Such a pleasure visiting @UpperDublinHS  to talk with students there about government, politics, and education. Thank you for the inspiring discussion and insightful questions – I look forward to seeing what all of these bright young folks will accomplish. https://t.co/Xm3ZTiMczg",933329255857033216,4304448314,CongBoyle,2017-11-22T13:40:09.000Z,1.0,1.0,policy prescription and evaluation,other,True,1.0,"['relevant', 'relevant']","['A17D6BK59S31BM', 'ACDX50KGPE97I']"
relevance_tweets17_1328,relevant,"At 7:30 AM, I'm w/ Doug Zook @WHBU to talk about our #BetterWay ideas to repeal &amp; replace Obamacare. Tune in live: https://t.co/CycMPaouaW",819151934338768896,1074101017,SusanWBrooks,2017-01-11T12:00:14.000Z,1.0,1.0,health and safety,,True,1.0,"['relevant', 'relevant']","['A2KLJKDG90K1PP', 'A32CMQGGTSUK6Z']"
relevance_tweets17_1329,relevant,"Proud to receive a 100% rating from @LCVoters — I’ll always work to protect the water we drink, the air we breathe, and the communities we cherish. https://t.co/Ttiw1dGq1b",968594290904633345,1134292500,RepBetoORourke,2018-02-27T21:10:49.000Z,1.0,1.0,political,public opinion,True,1.0,"['relevant', 'relevant']","['A2Q1YS118AO2BP', 'A2R2YZTSME1K3F']"
relevance_tweets17_1330,relevant,"I'm fighting @SecretaryRoss's politicization of the #2020Census and his decision to add a citizenship question b/c it endangers our representation, the federal funds we receive, and our democracy. See more from @NY1: https://t.co/9pbp3F0Lkg",979026653782343681,258900199,RepMaloney,2018-03-28T16:05:18.000Z,1.0,1.0,political,policy prescription and evaluation,True,1.0,"['relevant', 'relevant']","['A2Q1YS118AO2BP', 'A2R2YZTSME1K3F']"
relevance_tweets17_1331,relevant,"As Estefany put it, “After so many tears and sleepless nights, it felt like all my hard work was being thrown away.” But Estefany is a fighter and she is not giving up on her college education or a career. I know she will succeed if she is just given the chance.",961638339559510017,21406834,SenMarkey,2018-02-08T16:30:21.000Z,1.0,1.0,morality,other,True,1.0,"['irrelevant', 'irrelevant']","['A32CMQGGTSUK6Z', 'A9K0CV70JWG1W']"
relevance_tweets17_1332,relevant,We need to begin a more vigorous debate about foreign policy. But we also need a broader understanding of what foreign policy is. #BernieFP,910904004623953922,29442313,SenSanders,2017-09-21T16:30:13.000Z,1.0,1.0,political,external regulation and reputation,True,1.0,"['relevant', 'relevant']","['A17D6BK59S31BM', 'A2Q1YS118AO2BP']"
relevance_tweets17_1333,relevant,"I'll vote NO on noms who'll be the very worst of the anti-immigrant, anti-middle class, billionaires’ club cabinet. https://t.co/jTGgFx7h3z",826136676833583104,17494010,SenSchumer,2017-01-30T18:35:07.000Z,1.0,1.0,political,policy prescription and evaluation,True,1.0,"['relevant', 'relevant']","['A2KLJKDG90K1PP', 'ATR6RB1RULOC0']"
relevance_tweets17_1334,relevant,Alert: Additional evacuations announced by the Napa Sheriff’s Department.   West side of Berryessa Knoxville Road from Pope Creek Bridge to County Line.  https://t.co/TEROEcxOSs,1038585610947190784,303861808,RepThompson,2018-09-09T00:31:20.000Z,1.0,1.0,,,True,1.0,"['irrelevant', 'irrelevant']","['A2R2YZTSME1K3F', 'A38DC3BG1ZCVZ2']"
relevance_tweets17_1335,relevant,"#IWD2017 celebrates the role women across the globe have played in advancing democracy, human rights &amp; economic development https://t.co/tZeFHOdnis",839503686107811840,2962813893,RepStefanik,2017-03-08T15:50:50.000Z,1.0,1.0,cultural identity,morality,True,1.0,"['relevant', 'relevant']","['A2Q1YS118AO2BP', 'ACDX50KGPE97I']"
relevance_tweets17_1336,relevant,"Last week, four members of my staff were in #PuertoRico helping our fellow Americans recover from #HurricaneMaria. https://t.co/h4SQFKtgf3",914888277337001984,229966028,SenRubioPress,2017-10-02T16:22:17.000Z,1.0,1.0,health and safety,,True,1.0,"['irrelevant', 'irrelevant']","['A32CMQGGTSUK6Z', 'ATR6RB1RULOC0']"
relevance_tweets17_1337,relevant,"Today is the last day of Military Appreciation Month. Last week, the House passed bipartisan legislation that:
•Provides a pay raise of 2.6% for our troops (largest in 9 years).
•Increases funding to rebuild our military and support readiness recovery. https://t.co/f46Qroc2G0",1002222288111132673,240427862,RepMcKinley,2018-05-31T16:16:28.000Z,1.0,1.0,political,policy prescription and evaluation,True,1.0,"['irrelevant', 'relevant']","['A32CMQGGTSUK6Z', 'ATR6RB1RULOC0']"
relevance_tweets17_1338,relevant,Congratulations to my friend &amp; colleague @RepSteveStivers on his promotion to Brigadier General in the @OHNationalGuard. ,857306026722373632,13491312,RepTimRyan,2017-04-26T18:50:59.000Z,1.0,1.0,other,other,True,1.0,"['relevant', 'relevant']","['A17D6BK59S31BM', 'A2Q1YS118AO2BP']"
relevance_tweets17_1339,relevant,Happening now. @sethmoulton on why President Trump's #MuslimBan is a setback for the war on terror and makes us less safe @MSNBC @tamronhall https://t.co/vVmCsbqM1z,826101828500721664,3091316093,RepMoulton,2017-01-30T16:16:38.000Z,1.0,1.0,policy prescription and evaluation,security and defense,True,1.0,"['irrelevant', 'relevant']","['A2Q1YS118AO2BP', 'A9K0CV70JWG1W']"
relevance_tweets17_1340,relevant,"Cheryl Price, a former VA nurse, has been an advocate for decades. Ensuring public transportation accommodates those with disabilities &amp; veterans is just one of her important efforts. Cheryl was honored this week for her volunteer service. https://t.co/9HPd0XpeRj",1030196226321539072,21269970,RoyBlunt,2018-08-16T20:54:55.000Z,1.0,1.0,quality of life,security and defense,True,1.0,"['relevant', 'irrelevant']","['A32CMQGGTSUK6Z', 'ATR6RB1RULOC0']"
relevance_tweets17_1341,relevant,"American soybean sales to China have declined by 94%. President Trump's bailout to American soybean farmers is covering less than half the losses. Enough of the trade war, our farmers want trade not aid!
https://t.co/rM9sNUxAKE",1064575007748182016,163570705,repcleaver,2018-11-19T17:43:55.000Z,1.0,1.0,economic,policy prescription and evaluation,True,1.0,"['relevant', 'relevant']","['A2KLJKDG90K1PP', 'A3CVY8G619MGTI']"
relevance_tweets17_1342,relevant,"We are living in eventful times, with major decisions to be made on crucial issues. I want to make sure that you are aware of my work and that you have the opportunity to let me know your opinions on issues that impact you and your family.",968874937393041409,31801993,FrankPallone,2018-02-28T15:46:00.000Z,1.0,1.0,policy prescription and evaluation,,True,1.0,"['relevant', 'relevant']","['A17D6BK59S31BM', 'A2Q1YS118AO2BP']"
relevance_tweets17_1343,relevant,America knows #Trumpcare is a terrible idea. https://t.co/04jV6Ag9Ll,880525104857403392,234014087,RepWilson,2017-06-29T20:35:19.000Z,1.0,1.0,health and safety,health and safety,True,1.0,"['relevant', 'relevant']","['A38DC3BG1ZCVZ2', 'ACDX50KGPE97I']"
relevance_tweets17_1344,relevant,"Tomorrow, the CT General Assembly will hold a public hearing on the need for the proposed police firearms training facility in #Griswold, presenting an important opportunity for eastern CT residents to have their voices heard. https://t.co/597Ghaoj2b",970810738276265984,85396297,RepJoeCourtney,2018-03-05T23:58:11.000Z,1.0,1.0,health and safety,,True,1.0,"['relevant', 'relevant']","['A17D6BK59S31BM', 'A2R2YZTSME1K3F']"
relevance_tweets17_1345,relevant,"The facts are clear: @realDonaldTrump is slow walking the process on his own.
He has failed to nominate people for 209 positions requiring Senate confirmation.
https://t.co/TWT0qjzvV2https://t.co/hUsPDrr9vy",987067486955823105,1206227149,RepMarkPocan,2018-04-19T20:36:42.000Z,1.0,1.0,political,political,True,1.0,"['relevant', 'relevant']","['A2R2YZTSME1K3F', 'A32CMQGGTSUK6Z']"
relevance_tweets17_1346,relevant,Tomorrow is National Prescription Drug #TakeBackDay! You can find a location to safely dispose of your unused prescription drugs here: https://t.co/p48K9noFvGhttps://t.co/5Xl7ut7clg,989965423029489664,2253968388,RepByrne,2018-04-27T20:32:04.000Z,1.0,1.0,health and safety,,True,1.0,"['irrelevant', 'irrelevant']","['A2R2YZTSME1K3F', 'A38DC3BG1ZCVZ2']"
relevance_tweets17_1347,relevant,The historic tax cuts that recently became law are already helping make a difference for middle-class families &amp; raising wages for #Ohio’s workers #taxreform https://t.co/yqW84Ez9bl #jobs,948301182786768896,18915145,senrobportman,2018-01-02T21:13:15.000Z,1.0,1.0,economic,economic,True,1.0,"['relevant', 'relevant']","['A2Q1YS118AO2BP', 'ACDX50KGPE97I']"
relevance_tweets17_1348,relevant,"Some of WNC's best--Councilwoman Barbara Pennell, Fletcher Mayor Bill Moore, State Senator Ralph Hise, and Yancey Co. Sheriff Garry Banks! https://t.co/Y2m2rAnmcr",900418027086368769,963480595,MarkMeadows,2017-08-23T18:02:41.000Z,1.0,1.0,political,other,True,1.0,"['relevant', 'relevant']","['A2KLJKDG90K1PP', 'A2Q1YS118AO2BP']"
relevance_tweets17_1349,relevant,"Attorney General Jeff Sessions is the first member of President Trump’s cabinet to be interviewed for the special counsel investigation, reports @nytmike &amp; @maggieNYT https://t.co/87W9QOE459 #InBobWeTrust",956206212055490560,1068499286,LtGovDennyHeck,2018-01-24T16:45:01.000Z,1.0,1.0,"law and order, crime and justice",,True,1.0,"['relevant', 'relevant']","['A17D6BK59S31BM', 'A37WDOIQH6JM6V']"
relevance_tweets17_1350,relevant,@japan The United States stands with our Japanese allies in addressing North Korea's nuclear program 2/3,908470742395838464,231510077,JoaquinCastrotx,2017-09-14T23:21:18.000Z,1.0,1.0,external regulation and reputation,external regulation and reputation,True,1.0,"['relevant', 'relevant']","['A2Q1YS118AO2BP', 'A3CVY8G619MGTI']"
relevance_tweets17_1351,relevant,Investing in our airports is important to our economy &amp; the safety of travelers. Details about new funding for #WV: https://t.co/9baPCJzpX4,898938610082361348,193794406,SenCapito,2017-08-19T16:04:00.000Z,1.0,1.0,economic,economic,True,1.0,"['irrelevant', 'relevant']","['A2Q1YS118AO2BP', 'A38DC3BG1ZCVZ2']"
relevance_tweets17_1352,relevant,VENTURA COUNTY ROAD CLOSURES: It’s imperative to plan ahead. https://t.co/B0CatnRjVr,938809632281235456,476256944,SenFeinstein,2017-12-07T16:37:13.000Z,1.0,1.0,health and safety,,True,1.0,"['irrelevant', 'irrelevant']","['A17D6BK59S31BM', 'A2R2YZTSME1K3F']"
relevance_tweets17_1353,relevant,WATCH ➝ I'm heading to Senate floor bc it’s time for @SenateGOP to stop hiding their health plan from the public. https://t.co/IgL1cKo5vL,876974111255388160,171968009,SenFranken,2017-06-20T01:24:56.000Z,1.0,1.0,political,health and safety,True,1.0,"['relevant', 'relevant']","['A2R2YZTSME1K3F', 'ACDX50KGPE97I']"
relevance_tweets17_1354,relevant,"Glad to join @RMIofMaryland this morning to discuss House Dems' #MakeItInAmerica plan, an agenda I am leading to ensure businesses &amp; workers in #MD05 and across the country can get ahead. https://t.co/TJRt8QoKx8",1031952520929857537,22012091,LeaderHoyer,2018-08-21T17:13:48.000Z,1.0,1.0,economic,economic,True,1.0,"['relevant', 'relevant']","['A2R2YZTSME1K3F', 'A37WDOIQH6JM6V']"
relevance_tweets17_1355,relevant,"Democrats' #BetterDeal will bring high-speed internet to the whole country, so rural America can compete again https://t.co/F4Jad43rrv …",917858328356769792,1092979962,RepCheri,2017-10-10T21:04:13.000Z,1.0,1.0,fairness and equality,policy prescription and evaluation,True,1.0,"['relevant', 'relevant']","['A17D6BK59S31BM', 'A23WTODPHXZ68Y']"
relevance_tweets17_1356,relevant,"I would hardly call siding with a ruthless tyrant over the findings of U.S. intelligence agencies a ‘better meeting’, but then again, Putin isn’t my boss.  #Helsinki https://t.co/zvUnAju1tb",1019235444347858944,28602948,RepRaulGrijalva,2018-07-17T15:00:41.000Z,1.0,1.0,external regulation and reputation,external regulation and reputation,True,1.0,"['relevant', 'relevant']","['A2KLJKDG90K1PP', 'ACDX50KGPE97I']"
relevance_tweets17_1357,relevant,Reminder: Our 15th #NY21 tele-townhall is taking place tomorrow evening. Sign up by 5pm TONIGHT to be automatically dialed when our tele-townhall begins: https://t.co/5zZXriAnYihttps://t.co/4a6sreplAK,1004388697037516800,2962813893,RepStefanik,2018-06-06T15:45:00.000Z,1.0,1.0,other,,True,1.0,"['irrelevant', 'relevant']","['A2KLJKDG90K1PP', 'ACDX50KGPE97I']"
relevance_tweets17_1358,relevant,"Obamacare-era ""net neutrality"" is nothing more than a code word for government takeover of the internet. These regulations stifled internet investment and growth, and gave tech companies a free pass to censor users and block free speech.",943113066329329664,278145569,MarshaBlackburn,2017-12-19T13:37:31.000Z,1.0,1.0,economic,constitutionality and jurisprudence,True,1.0,"['relevant', 'relevant']","['A2KLJKDG90K1PP', 'A2R2YZTSME1K3F']"
relevance_tweets17_1359,relevant,"November is #NationalAdoptionMonth. Congratulations to James and Angie Sessions of Pasco for being honored as #WA04's 2018 @ccainstitute ""Angels in Adoption!"" https://t.co/FnMUOqfHsZhttps://t.co/EtRRzrWTmV",1058000790449766405,2930635215,RepNewhouse,2018-11-01T14:20:19.000Z,1.0,1.0,other,,True,1.0,"['relevant', 'irrelevant']","['A2R2YZTSME1K3F', 'A32CMQGGTSUK6Z']"
relevance_tweets17_1360,relevant,"My heart is with Mark's family, our National Guard ohana, &amp; the people of Hawaii as we remember &amp; honor his entire life &amp; legacy - Aloha.",888146801060196352,1064206014,TulsiPress,2017-07-20T21:21:12.000Z,1.0,1.0,political,other,True,1.0,"['irrelevant', 'irrelevant']","['A2R2YZTSME1K3F', 'A32CMQGGTSUK6Z']"
relevance_tweets17_1361,relevant,"Today, the House took bipartisan action to prevent California wildfires BEFORE they occur. Read more: https://t.co/UgBvdAbbiBhttps://t.co/xu45GHAsvF",925860222622666752,246769138,RepEdRoyce,2017-11-01T23:00:53.000Z,1.0,1.0,constitutionality and jurisprudence,,True,1.0,"['relevant', 'relevant']","['A2R2YZTSME1K3F', 'A37WDOIQH6JM6V']"
relevance_tweets17_1362,relevant,"Nearly 469,000 households with children and 677,000 senior households will lose their nutrition benefits under the cruel House #FarmBill. Last time I checked, making America great again didn't include increasing food insecurity for children and seniors. https://t.co/01X0DJXotJ",1037728453720768512,28602948,RepRaulGrijalva,2018-09-06T15:45:18.000Z,1.0,1.0,constitutionality and jurisprudence,policy prescription and evaluation,True,1.0,"['relevant', 'relevant']","['A2Q1YS118AO2BP', 'A3GUJ6JD25FX7O']"
relevance_tweets17_1363,relevant,Proud to meet with fellow Ohioans and speak at the Innovations for a Comprehensive Response to Addiction Briefing today. Discussed my efforts to urge the Senate to pass the #STOPAct and @CARA2 to help combat the #opioidcrisis https://t.co/7vukLOsD0i,989247291847475200,18915145,senrobportman,2018-04-25T20:58:28.000Z,1.0,1.0,policy prescription and evaluation,policy prescription and evaluation,True,1.0,"['relevant', 'relevant']","['A3GUJ6JD25FX7O', 'ACDX50KGPE97I']"
relevance_tweets17_1364,relevant,Getting ready for this morning’s jobs &amp; transportation discussion in Rocky Mount.  Watch LIVE here: https://t.co/RTp5Zw0K93https://t.co/nYSIojDnO3,893469127494520833,432676344,GKButterfield,2017-08-04T13:50:14.000Z,1.0,1.0,,,True,1.0,"['relevant', 'relevant']","['A2Q1YS118AO2BP', 'A2R2YZTSME1K3F']"
relevance_tweets17_1365,relevant,Justice Gorsuch's commitment to interpreting the Constitution as it's written will hasten our return to separation of powers &amp; rule of law.,850378177541267456,224294785,MarthaRobyAL,2017-04-07T16:02:11.000Z,1.0,1.0,constitutionality and jurisprudence,constitutionality and jurisprudence,True,1.0,"['relevant', 'relevant']","['A2KLJKDG90K1PP', 'A37WDOIQH6JM6V']"
relevance_tweets17_1366,relevant,Congress needs to enact comprehensive #taxreform to help boost wages and bring back #jobs and investments lost to overseas competitors. https://t.co/Td4CWLN1Lo,907739185427177473,18915145,senrobportman,2017-09-12T22:54:21.000Z,1.0,1.0,economic,economic,True,1.0,"['irrelevant', 'relevant']","['A2Q1YS118AO2BP', 'A3CVY8G619MGTI']"
relevance_tweets17_1367,relevant,Manufacturing makes up one-tenth of the U.S. economy. I’m proud to celebrate #MFGDay17 and NY’s manufacturing industry! https://t.co/R8SMotgeru,916285555104731136,252819323,TomReedNY23,2017-10-06T12:54:34.000Z,1.0,1.0,economic,economic,True,1.0,"['relevant', 'relevant']","['A17D6BK59S31BM', 'A2Q1YS118AO2BP']"
relevance_tweets17_1368,relevant,"Small businesses form the backbone of the American economy. In #RhodeIsland, they boost our local economy and improve the health of our communities. https://t.co/AGXtyIf8Sk",1069692093906456578,242555999,SenWhitehouse,2018-12-03T20:37:23.000Z,1.0,1.0,economic,economic,True,1.0,"['relevant', 'relevant']","['A3GUJ6JD25FX7O', 'ACDX50KGPE97I']"
relevance_tweets17_1369,relevant,"Enjoyed spending time in #Huntsville this morning to give an update from #Washington and discuss the current state of the powerful Redstone Arsenal Army Base, including @NASA_Marshall and the @FBI. Thank you to the @huntsvillealcoc for having me. @TeamRedstone https://t.co/sK1Fx7RdUJ",966009380167716866,21111098,SenShelby,2018-02-20T17:59:18.000Z,1.0,1.0,,,True,1.0,"['relevant', 'relevant']","['A2KLJKDG90K1PP', 'A3GUJ6JD25FX7O']"
relevance_tweets17_1370,relevant,Problem Solvers Caucus pushes to stabilize insurance markets https://t.co/UMk6Uiii48,913068341518061569,1009269193,RepLipinski,2017-09-27T15:50:31.000Z,1.0,1.0,,,True,1.0,"['relevant', 'irrelevant']","['A32CMQGGTSUK6Z', 'A37WDOIQH6JM6V']"
relevance_tweets17_1371,relevant,"Watch my interview with Larry King @kingsthings , we talked about my plans to #ImpeachTrumpNow #resist https://t.co/ciAr4kwzWI",900169051086888960,162069635,RepCohen,2017-08-23T01:33:20.000Z,1.0,1.0,"law and order, crime and justice",,True,1.0,"['relevant', 'relevant']","['A2R2YZTSME1K3F', 'A32CMQGGTSUK6Z']"
relevance_tweets17_1372,relevant,"I said Putnam should resign last month when we learned about his background check screw-ups from 2016. 
I renew that call now, after learning this week that he was aware of problems after an IG report in 2012.  https://t.co/4JgHIrALpF",1015350328265453568,137794015,RepTedDeutch,2018-07-06T21:42:37.000Z,1.0,1.0,political,other,True,1.0,"['relevant', 'relevant']","['A2Q1YS118AO2BP', 'A37WDOIQH6JM6V']"
relevance_tweets17_1373,relevant,"Meeting with Immigration Voice and discussing my support for H.R. 392, the Fairness for High-Skilled Immigrants Act of 2017 #ConstituentOfficeHours @immivoice https://t.co/oIlvOQlnvJ",956285071241203718,1071840474,RepSchneider,2018-01-24T21:58:22.000Z,1.0,1.0,fairness and equality,policy prescription and evaluation,True,1.0,"['relevant', 'relevant']","['A17D6BK59S31BM', 'A37WDOIQH6JM6V']"
relevance_tweets17_1374,relevant,Never again will Kentuckians be bullied by the federal government with a punitive tax simply because they voluntarily chose not to purchase expensive #Obamacare insurance they did not want and could not afford. #SOTU,958526643064262657,1089334250,RepAndyBarr,2018-01-31T02:25:34.000Z,1.0,1.0,fairness and equality,economic,True,1.0,"['relevant', 'relevant']","['A2R2YZTSME1K3F', 'ATR6RB1RULOC0']"
relevance_tweets17_1375,irrelevant,"But my favorite part of the day was when one of my own kids came to work with me, along with his whole 8th grade class from Janesville. https://t.co/d0se0gkS6Z",989673647525761025,18916432,SpeakerRyan,2018-04-27T01:12:39.000Z,0.0,0.0,,,True,0.0,"['irrelevant', 'irrelevant']","['A2Q1YS118AO2BP', 'ACDX50KGPE97I']"
relevance_tweets17_1376,relevant,I urge the Federal Trade Commission to protect consumers from drug shortages triggered by pharmaceutical mergers. This is life and death. https://t.co/oQ3zTPcauJ,900431210165526528,278124059,SenBlumenthal,2017-08-23T18:55:04.000Z,1.0,1.0,health and safety,health and safety,True,1.0,"['relevant', 'relevant']","['A2Q1YS118AO2BP', 'ATR6RB1RULOC0']"
relevance_tweets17_1377,relevant,I’ve joined 106 Members of Congress calling for an investigation into pregnancy discrimination at a Verizon-XPO warehouse in Memphis after a NYT article exposed horrible working conditions. I stand w/ warehouse employees &amp; working mothers. These discriminatory practices must end. https://t.co/WuwOGZZk63,1073730457563471874,1009269193,RepLipinski,2018-12-15T00:04:24.000Z,1.0,1.0,political,morality,True,1.0,"['relevant', 'relevant']","['A17D6BK59S31BM', 'A2R2YZTSME1K3F']"
relevance_tweets17_1378,relevant,Trump’s Medicaid cuts would leave millions of seniors without care: https://t.co/RLkCk2fucO,823681853248991232,4304448314,CongBoyle,2017-01-24T00:00:31.000Z,1.0,1.0,health and safety,health and safety,True,1.0,"['relevant', 'relevant']","['A2R2YZTSME1K3F', 'ACDX50KGPE97I']"
relevance_tweets17_1379,relevant,".@NRFnews recently named me a 2018 ""Hero of Main Street"" for my support of #smallbiz. Mom-and-pop businesses across Florida’s 25th district are the heart and soul of our local economy. https://t.co/SyrMc23xgP",1056961812544012289,37094727,MarioDB,2018-10-29T17:31:48.000Z,1.0,1.0,economic,economic,True,1.0,"['irrelevant', 'irrelevant']","['A2Q1YS118AO2BP', 'ACDX50KGPE97I']"
relevance_tweets17_1380,relevant,Paperless voting machines put American democracy at risk. It’s absolutely essential that any future election funds are spent on voting systems – like paper ballots -that are secured against foreign hacking. https://t.co/HK7g7ljH67,1021863046803869696,250188760,RonWyden,2018-07-24T21:01:50.000Z,1.0,1.0,constitutionality and jurisprudence,policy prescription and evaluation,True,1.0,"['irrelevant', 'relevant']","['A2Q1YS118AO2BP', 'A2R2YZTSME1K3F']"
relevance_tweets17_1381,relevant,"#Gorsuch fails to explain his role in enabling torture while at Bush's Justice Dept. Torture is illegal, ineffective https://t.co/GrwYlPBe7e",844308716203708418,250188760,RonWyden,2017-03-21T22:04:19.000Z,1.0,1.0,morality,health and safety,True,1.0,"['irrelevant', 'relevant']","['A2Q1YS118AO2BP', 'ATR6RB1RULOC0']"
relevance_tweets17_1382,relevant,On @FoxBusiness shortly to talk about strike on Syria,850355466127499266,55677432,BillCassidy,2017-04-07T14:31:56.000Z,1.0,1.0,,external regulation and reputation,True,1.0,"['relevant', 'relevant']","['ACDX50KGPE97I', 'ATR6RB1RULOC0']"
relevance_tweets17_1383,relevant,.@SenateMajLdr should follow his own precedent and forgo any vote on a replacement for Justice Kennedy until after the American people have had their voices heard in the midterms. https://t.co/zbIj3IOcL1,1012075380277174272,13491312,RepTimRyan,2018-06-27T20:49:08.000Z,1.0,1.0,political,policy prescription and evaluation,True,1.0,"['relevant', 'relevant']","['A2Q1YS118AO2BP', 'A3CVY8G619MGTI']"
relevance_tweets17_1384,relevant,"Hope you'll join me and @SharonBulova at 2:00 for our opioid roundtable. More info here
https://t.co/egNhdRhGAi",921713524333826054,78445977,GerryConnolly,2017-10-21T12:23:23.000Z,1.0,1.0,,,True,1.0,"['irrelevant', 'irrelevant']","['A37WDOIQH6JM6V', 'ATR6RB1RULOC0']"
relevance_tweets17_1385,relevant,Your children and grandchildren will be forced to pay off $1.5 trillion in debt.,923661162142674944,18137749,ChrisVanHollen,2017-10-26T21:22:36.000Z,1.0,1.0,economic,economic,True,1.0,"['irrelevant', 'relevant']","['A2Q1YS118AO2BP', 'A2R2YZTSME1K3F']"
relevance_tweets17_1386,relevant,"What’s more, the President’s ridiculous walk back of his comments does nothing to undo the damage he has caused.",1019662320828665857,303861808,RepThompson,2018-07-18T19:16:56.000Z,1.0,1.0,other,political,True,1.0,"['relevant', 'irrelevant']","['A17D6BK59S31BM', 'A2Q1YS118AO2BP']"
relevance_tweets17_1387,relevant,The American ppl have rejected the #DAPL. We must demand that the govt respects the will of the people! #WaterIsLife https://t.co/8NTe3rt2RY,829789322601697281,248735463,RepBarbaraLee,2017-02-09T20:29:25.000Z,1.0,1.0,public opinion,public opinion,True,1.0,"['relevant', 'relevant']","['A2Q1YS118AO2BP', 'A3GUJ6JD25FX7O']"
relevance_tweets17_1388,relevant,Congratulations to Tishon Creswell for receiving @PVA1946 Excellence Award! Veterans in #GA12 are lucky to have you! https://t.co/84RQqLbI27,892419245107290112,2964287128,RepRickAllen,2017-08-01T16:18:23.000Z,1.0,1.0,security and defense,security and defense,True,1.0,"['relevant', 'irrelevant']","['A2Q1YS118AO2BP', 'A32CMQGGTSUK6Z']"
relevance_tweets17_1389,relevant,It's time for Congress to overturn #CitizensUnited &amp; remove the corrupting influence of big money from our politics. Read my op-ed in @thehill w/@RonBarberAZ about what the Kavanaugh Supreme Court nomination means for the fight for campaign finance reform. https://t.co/bx7olfQ8LP,1032715203467722752,1071840474,RepSchneider,2018-08-23T19:44:26.000Z,1.0,1.0,"law and order, crime and justice",policy prescription and evaluation,True,1.0,"['relevant', 'relevant']","['A3GUJ6JD25FX7O', 'ATR6RB1RULOC0']"
relevance_tweets17_1390,relevant,Saturday's the big day. 100 days of broken promises to workers. 100 days of handouts to the rich. 100 Days of @realDonaldTrump #Trump100Days,857612955130753025,15764644,SpeakerPelosi,2017-04-27T15:10:36.000Z,1.0,1.0,economic,policy prescription and evaluation,True,1.0,"['relevant', 'relevant']","['A2R2YZTSME1K3F', 'ACDX50KGPE97I']"
relevance_tweets17_1391,relevant,"Last year American Airlines made $1.9 billion in profits. Its CEO Doug Parker is on track to make $31 million this year.

They need to explain why 27% of workers at their subsidiary Envoy Air said they must accept food stamps and other public assistance to make ends meet.",1018247766542176256,29442313,SenSanders,2018-07-14T21:36:00.000Z,1.0,1.0,economic,economic,True,1.0,"['relevant', 'relevant']","['A2Q1YS118AO2BP', 'A3GUJ6JD25FX7O']"
relevance_tweets17_1392,relevant,"I was delighted to tour and meet the students and staff of @PerScholas in the Bronx. Per Scholas trains students for careers in tech, giving them the skills needed for some of today's most in-demand high-tech jobs. Had so much fun helping one student with a mock job interview! https://t.co/ztLbiBvPaA",1057020849671299074,72198806,SenGillibrand,2018-10-29T21:26:23.000Z,1.0,1.0,other,,True,1.0,"['irrelevant', 'irrelevant']","['A23WTODPHXZ68Y', 'A2R2YZTSME1K3F']"
relevance_tweets17_1393,relevant,"Tragically, unaccompanied children in @HHSGov’s charge continue to be exploited by those who use them as free labor, or worse. In fact HHS has ‘lost’ 1,500 of 7,000 children in this program. After two years of broken promises, HHS and DHS must deliver. https://t.co/vtsiKFQHnc",989657325131763712,249787913,SenatorCarper,2018-04-27T00:07:47.000Z,1.0,1.0,health and safety,health and safety,True,1.0,"['relevant', 'relevant']","['A17D6BK59S31BM', 'A2Q1YS118AO2BP']"
relevance_tweets17_1394,relevant,I stand with millions of Americans opposed to this discriminatory policy. We must keep fighting to uphold our American values. #NoBanNoWall https://t.co/KFxxqPkhnF,838860620866945024,516880804,BettyMcCollum04,2017-03-06T21:15:31.000Z,1.0,1.0,fairness and equality,policy prescription and evaluation,True,1.0,"['relevant', 'relevant']","['A17D6BK59S31BM', 'A32CMQGGTSUK6Z']"
relevance_tweets17_1395,relevant,"Payne, Jr., Colleagues Request President Trump Investigate Nationwide Voter Suppression https://t.co/qiESCtaQxh",829442745068576774,1155335864,RepDonaldPayne,2017-02-08T21:32:15.000Z,1.0,1.0,political,,True,1.0,"['relevant', 'relevant']","['A2Q1YS118AO2BP', 'A2R2YZTSME1K3F']"
relevance_tweets17_1396,relevant,.@EPA's funding for Puget Sound — $28M last year — would be gutted under Trump’s #budget https://t.co/2wwf9zb2us,843892900815491074,293131808,PattyMurray,2017-03-20T18:32:00.000Z,1.0,1.0,political,policy prescription and evaluation,True,1.0,"['relevant', 'relevant']","['A2KLJKDG90K1PP', 'ATR6RB1RULOC0']"
relevance_tweets17_1397,relevant,"With a heavy but grateful heart, our nation bows its head at this Thanksgiving and holiday season on the passing from this life of its distinguished and honorable patriot son, President George Herbert Walker Bush. (1/4)",1068876669241438213,581141508,RepMarcyKaptur,2018-12-01T14:37:11.000Z,1.0,1.0,other,other,True,1.0,"['relevant', 'relevant']","['A2Q1YS118AO2BP', 'A37WDOIQH6JM6V']"
relevance_tweets17_1398,relevant,@AppropsDems Thanks to @GDSFoundation and @NDSS for your work to promote #DownSyndrome research.,923240818055548930,1092979962,RepCheri,2017-10-25T17:32:18.000Z,1.0,1.0,health and safety,,True,1.0,"['relevant', 'relevant']","['A2Q1YS118AO2BP', 'ATR6RB1RULOC0']"
relevance_tweets17_1399,relevant,"Murphy Statement on Administration Claim That Saudi-Led War in Yemen Complies with the Law
https://t.co/NyDekcKVwe",1039949675372134400,2853793517,SenMurphyOffice,2018-09-12T18:51:38.000Z,1.0,1.0,other,,True,1.0,"['relevant', 'relevant']","['A2Q1YS118AO2BP', 'A9K0CV70JWG1W']"
relevance_tweets17_1400,relevant,"Today, alongside representatives from FirstNet Authority, AT&amp;T and other state and local officials, we announce plans for improved mobile broadband and voice services in Bedford County. https://t.co/zeSUZruDbZ",1020367831576301568,171598736,SenBobCasey,2018-07-20T18:00:23.000Z,1.0,1.0,quality of life,policy prescription and evaluation,True,1.0,"['relevant', 'relevant']","['A2R2YZTSME1K3F', 'ACDX50KGPE97I']"
relevance_tweets17_1401,relevant,"I always thought the best soldiers end up at Joint Base Lewis-McChord, but here's proof. Congrats to the 1st Special Forces Group (Airborne) sniper team! @JBLM_PAO @TaskandPurpose https://t.co/x8nX6HyYOQ",981263488101175296,1068499286,LtGovDennyHeck,2018-04-03T20:13:41.000Z,1.0,1.0,security and defense,security and defense,True,1.0,"['irrelevant', 'irrelevant']","['A2Q1YS118AO2BP', 'ACDX50KGPE97I']"
relevance_tweets17_1402,relevant,"Heading back to Ohio, safe and sound. Unnerved to hear about my colleagues on their way to the GOP retreat, praying for very minor to no injuries and a safe arrival.",958744683664019461,236916916,RepJimRenacci,2018-01-31T16:51:59.000Z,1.0,1.0,health and safety,health and safety,True,1.0,"['relevant', 'relevant']","['ACDX50KGPE97I', 'ATR6RB1RULOC0']"
relevance_tweets17_1403,relevant,My question: who made the decision to withhold evidence of FISA abuse until after Congress voted to renew FISA program?,959510192240111616,975200486,RepThomasMassie,2018-02-02T19:33:51.000Z,1.0,1.0,political,other,True,1.0,"['relevant', 'relevant']","['A2Q1YS118AO2BP', 'A37WDOIQH6JM6V']"
relevance_tweets17_1404,relevant,".@SenMikeLee: “Nothing in the First Step Act gives inmates early release.” But as I showed yesterday, the bill text – confirmed by DOJ –  is clear that repeat fentanyl traffickers can be released from prison in 1/2 the time under the FIRST STEP Act compared to current law.",1065362966642655232,968650362,SenTomCotton,2018-11-21T21:54:59.000Z,1.0,1.0,"law and order, crime and justice","law and order, crime and justice",True,1.0,"['relevant', 'relevant']","['A23WTODPHXZ68Y', 'A2R2YZTSME1K3F']"
relevance_tweets17_1405,relevant,Meanwhile President Trump has proposed cutting the State Dept budget by 30 percent as these posts remain vacant.,1012766216128286721,310310133,RepStephenLynch,2018-06-29T18:34:16.000Z,1.0,1.0,political,,True,1.0,"['relevant', 'relevant']","['A2KLJKDG90K1PP', 'ATR6RB1RULOC0']"
relevance_tweets17_1406,relevant,"Our soldiers can’t make long-term strategies for our military and national security with short-term stopgap funding bills. Now they won’t have to – and that’s good for our troops and for the safety of our country. 
Read more 
https://t.co/8dej6SGuRW",1045312106277482496,2966758114,RepRussell,2018-09-27T14:00:01.000Z,1.0,1.0,security and defense,security and defense,True,1.0,"['relevant', 'relevant']","['A2R2YZTSME1K3F', 'A3GUJ6JD25FX7O']"
relevance_tweets17_1407,irrelevant,@gman_mish Thanks.,870115508443639809,233842454,justinamash,2017-06-01T03:11:17.000Z,0.0,0.0,,,True,0.0,"['relevant', 'irrelevant']","['A2Q1YS118AO2BP', 'ACDX50KGPE97I']"
relevance_tweets17_1408,relevant,"Seeking asylum is not illegal; in fact, it is written into US laws to ensure that those with a credible fear of persecution can present their case. Moms, dads &amp; children must have a fair process &amp; the ability to seek asylum without being separated. https://t.co/3NzRXt5oGQ",1009130359118794752,58928690,RepAdamSmith,2018-06-19T17:46:41.000Z,1.0,1.0,"law and order, crime and justice",fairness and equality,True,1.0,"['relevant', 'relevant']","['A2R2YZTSME1K3F', 'A32CMQGGTSUK6Z']"
relevance_tweets17_1409,relevant,"""Government oversight is not the only answer, but it's one answer, and whatever the FDA can do, it ought to do faster.”
I agree. CC: @US_FDA https://t.co/Z5dJjq74Ef",1034798546690748416,247334603,SenatorDurbin,2018-08-29T13:42:53.000Z,1.0,1.0,political,policy prescription and evaluation,True,1.0,"['relevant', 'relevant']","['A2R2YZTSME1K3F', 'A3GUJ6JD25FX7O']"
relevance_tweets17_1410,relevant,I had a great lunch with superintendents from across Southwest Alabama today in #BayMinette. We talked about issues ranging from career and technical education to school safety. https://t.co/xe58uFoEMO,1024346789393117186,2253968388,RepByrne,2018-07-31T17:31:20.000Z,1.0,1.0,policy prescription and evaluation,,True,1.0,"['irrelevant', 'irrelevant']","['A2R2YZTSME1K3F', 'ATR6RB1RULOC0']"
relevance_tweets17_1411,relevant,Are we a nation that believes in the vision of Lady Liberty? Or are we a nation that inflicts trauma on children of families fleeing persecution? I know my answer.,1019667362616889344,29201047,SenJeffMerkley,2018-07-18T19:36:58.000Z,1.0,1.0,health and safety,morality,True,1.0,"['relevant', 'relevant']","['A37WDOIQH6JM6V', 'ACDX50KGPE97I']"
relevance_tweets17_1412,relevant,"3 million children would lose coverage under #TrumpCare, increasing uninsured rate for #children by 50 percent https://t.co/GXzeZHxlf3",877886034553348097,56864092,RepMikeQuigley,2017-06-22T13:48:35.000Z,1.0,1.0,health and safety,health and safety,True,1.0,"['relevant', 'relevant']","['A32CMQGGTSUK6Z', 'A37WDOIQH6JM6V']"
relevance_tweets17_1413,relevant,Interested in learning more about Service Academy applications? 2017 information here: https://t.co/4FgHNk0bRh,852593614303760388,211530910,RepBillJohnson,2017-04-13T18:45:32.000Z,1.0,1.0,security and defense,,True,1.0,"['irrelevant', 'irrelevant']","['A23WTODPHXZ68Y', 'A2R2YZTSME1K3F']"
relevance_tweets17_1414,relevant,I'm leading a bipartisan effort to approve more visas for Afghans who helped the US mission. This is very urgent: https://t.co/iP8QygKsSP,855463289870012416,109287731,SenatorShaheen,2017-04-21T16:48:36.000Z,1.0,1.0,policy prescription and evaluation,policy prescription and evaluation,True,1.0,"['relevant', 'relevant']","['A17D6BK59S31BM', 'A37WDOIQH6JM6V']"
relevance_tweets17_1415,relevant,Need help with a federal agency? My staff will be at Woodbury City Hall tomorrow to assist. Learn more &amp; make an appointment → https://t.co/DlyyZnGneQhttps://t.co/LDFsK50N3S,1031579642334011392,516880804,BettyMcCollum04,2018-08-20T16:32:07.000Z,1.0,1.0,,,True,1.0,"['relevant', 'irrelevant']","['A17D6BK59S31BM', 'A32CMQGGTSUK6Z']"
relevance_tweets17_1416,relevant,"Thanks to these Hoosier air traffic controllers who stopped by with @NATCA to discuss recruitment and other important efforts to improve safety, leadership, and efficiency in the aviation industry. https://t.co/jLDSRdgi2F",999022512121044997,1065995022,RepWalorski,2018-05-22T20:21:42.000Z,1.0,1.0,health and safety,health and safety,True,1.0,"['relevant', 'relevant']","['A2KLJKDG90K1PP', 'A2Q1YS118AO2BP']"
relevance_tweets17_1417,relevant,I was thrilled to meet the team @oakleyhomemods yesterday and tour their #Narragansett facility to learn more about how they create accessible home solutions for seniors and people with #disabilities in #RI and across the region. https://t.co/9zFLTMsnEg,1074030554675363840,18909919,JimLangevin,2018-12-15T19:56:53.000Z,1.0,1.0,health and safety,health and safety,True,1.0,"['relevant', 'irrelevant']","['A2Q1YS118AO2BP', 'A2R2YZTSME1K3F']"
relevance_tweets17_1418,relevant,Zinke Blames Wildfires on ‘Gross Mismanagement’ https://t.co/S9N4YHak7x via @nytvideo,1030827223752822785,13218102,JohnCornyn,2018-08-18T14:42:16.000Z,1.0,1.0,political,other,True,1.0,"['relevant', 'relevant']","['A17D6BK59S31BM', 'A2R2YZTSME1K3F']"
relevance_tweets17_1419,relevant,"Remember this? #ThingsTrumpWontTalkAbout 
https://t.co/vBN6o4uQC2",958537547197632512,234014087,RepWilson,2018-01-31T03:08:54.000Z,1.0,1.0,political,other,True,1.0,"['relevant', 'relevant']","['A32CMQGGTSUK6Z', 'ATR6RB1RULOC0']"
relevance_tweets17_1420,relevant,"The House just passed a Republican anti-choice bill that threatens to send doctors to jail and women to back alleys. Women across the country want us to put #PatientsOverPolitics and reject archaic, counterproductive policies like #HR4712. https://t.co/5V1uEc8fCO",954416373832257536,558769636,RepBonamici,2018-01-19T18:12:50.000Z,1.0,1.0,constitutionality and jurisprudence,policy prescription and evaluation,True,1.0,"['relevant', 'relevant']","['A23WTODPHXZ68Y', 'ACDX50KGPE97I']"
relevance_tweets17_1421,relevant,"Face of defense: soldier, student, and trailblazer, Army Spc. Arshia Gill. Thank you to @DeptofDefense for sharing her story: https://t.co/y4oA34WG8T",1014290189844385792,1068499286,LtGovDennyHeck,2018-07-03T23:30:00.000Z,1.0,1.0,other,,True,1.0,"['relevant', 'relevant']","['A2Q1YS118AO2BP', 'A37WDOIQH6JM6V']"
relevance_tweets17_1422,relevant,Castro regime thugs continue to commit egregious #humanrights abuses and engage in activities that are a significant threat to U.S. #natsec https://t.co/kGEJHFyfY0,953353630052245505,37094727,MarioDB,2018-01-16T19:49:52.000Z,1.0,1.0,security and defense,external regulation and reputation,True,1.0,"['relevant', 'relevant']","['A2R2YZTSME1K3F', 'ACDX50KGPE97I']"
relevance_tweets17_1423,relevant,Election Day is close- I'm having fun making my final get out the vote stops! Lots of excitement around Republican candidates!,1058425260448669697,114607567,brettguthrie,2018-11-02T18:27:01.000Z,1.0,1.0,political,political,True,1.0,"['relevant', 'relevant']","['A23WTODPHXZ68Y', 'A2KLJKDG90K1PP']"
relevance_tweets17_1424,relevant,".@realDonaldTrump's action today means that #Iran can &amp; should be stopped before they can usher in a new holocaust. Thank You, President Trump. You can read my full statement here: https://t.co/LWfCVb70iZ",993957574306357248,22055226,replouiegohmert,2018-05-08T20:55:27.000Z,1.0,1.0,security and defense,policy prescription and evaluation,True,1.0,"['relevant', 'relevant']","['A2R2YZTSME1K3F', 'ATR6RB1RULOC0']"
relevance_tweets17_1425,relevant,"""Cheaper, bare-bones policies""...says it all.  
Senate GOP will allow cheaper plans with fewer benefits @CNNPolitics https://t.co/6lg0QXcJyT",885620873247510528,235373000,RepHanabusa,2017-07-13T22:04:04.000Z,1.0,1.0,policy prescription and evaluation,capacity and resources,True,1.0,"['irrelevant', 'relevant']","['A2Q1YS118AO2BP', 'A3CVY8G619MGTI']"
relevance_tweets17_1426,relevant,ICYMI: Cyberspace is a critical front on the 21st Century Battlefield and we need to make sure our government institutions have tools to protect our data: https://t.co/Tt2KQqTizg via @WDTnews,940327721674080258,2962813893,RepStefanik,2017-12-11T21:09:33.000Z,1.0,1.0,security and defense,policy prescription and evaluation,True,1.0,"['relevant', 'relevant']","['A2KLJKDG90K1PP', 'A2Q1YS118AO2BP']"
relevance_tweets17_1427,irrelevant,"My office is hosted a small business workshop for owners this week to connect them with resources to grow and hire. If you weren’t able to make it, please visit https://t.co/YoKE7w90aZ to learn about all the ways we can serve you. https://t.co/9DagSoYDJz",957407901924102144,950783972,RepBera,2018-01-28T00:20:06.000Z,0.0,0.0,,,True,0.0,"['irrelevant', 'irrelevant']","['A2KLJKDG90K1PP', 'A2R2YZTSME1K3F']"
relevance_tweets17_1428,relevant,"Happening now - ""VA: The Human Cost of War"" Panel Discussion. Live stream here https://t.co/bxTFyu6kOS",847230346693181440,1134292500,RepBetoORourke,2017-03-29T23:33:50.000Z,1.0,1.0,,,True,1.0,"['irrelevant', 'relevant']","['A2Q1YS118AO2BP', 'A2R2YZTSME1K3F']"
relevance_tweets17_1429,relevant,I'm meeting with @chc_ar to discuss rural healthcare in #ar4. Thanks for making the trip and having a dialogue on this important topic. https://t.co/KfLYpctk2l,847463709568061440,2852998461,RepWesterman,2017-03-30T15:01:08.000Z,1.0,1.0,,,True,1.0,"['relevant', 'relevant']","['A2R2YZTSME1K3F', 'ATR6RB1RULOC0']"
relevance_tweets17_1430,relevant,Real progress will be measured by how many of his harmful actions we can undo and whether the Trump Administration is held accountable for such misconduct. Pruitt cannot get off Scot-free.,1014991551448174592,153944899,RepLloydDoggett,2018-07-05T21:56:58.000Z,1.0,1.0,"law and order, crime and justice",policy prescription and evaluation,True,1.0,"['relevant', 'relevant']","['A2KLJKDG90K1PP', 'ACDX50KGPE97I']"
relevance_tweets17_1431,relevant,"@NickLaFave My staff will review what’s already been introduced. If necessary, we can introduce legislation, assuming we can draft something that does not overstep our authority under the Constitution.",1060321585318502400,233842454,justinamash,2018-11-08T00:02:20.000Z,1.0,1.0,constitutionality and jurisprudence,policy prescription and evaluation,True,1.0,"['relevant', 'relevant']","['A32CMQGGTSUK6Z', 'ACDX50KGPE97I']"
relevance_tweets17_1432,relevant,Meeting with the SD Pork Producers is always one of my favorite things to do during the South… https://t.co/2bUrgmtZJK,903724031878287361,235251868,govkristinoem,2017-09-01T20:59:34.000Z,1.0,1.0,,,True,1.0,"['relevant', 'irrelevant']","['A2Q1YS118AO2BP', 'A2R2YZTSME1K3F']"
relevance_tweets17_1433,relevant,"My heart goes out to the families &amp; loved ones in Humboldt for their tragic loss. North Dakotans &amp; our Canadian neighbors are united by the shared culture &amp; community of hockey, and we’re by your side through this difficult time. #HumboldtStrong #PutYourSticksOut https://t.co/u1bAqbnCx6",984819610779340803,1061029050,SenatorHeitkamp,2018-04-13T15:44:26.000Z,1.0,1.0,other,morality,True,1.0,"['relevant', 'irrelevant']","['A2Q1YS118AO2BP', 'A2R2YZTSME1K3F']"
relevance_tweets17_1434,irrelevant,"Sad to hear re Billy Turner's passing an outstanding person, loving Dad &amp; Coach @ChamberlainChiefs @HillsboroughSch https://t.co/3SiVggaIpF",873242276817973248,1880674038,USRepKCastor,2017-06-09T18:15:57.000Z,0.0,0.0,,other,True,0.0,"['irrelevant', 'irrelevant']","['A2Q1YS118AO2BP', 'ATR6RB1RULOC0']"
relevance_tweets17_1435,relevant,"#Trumpcare guts Medicaid, which pays for HALF of all births &amp; covers 1/5 of women of reproductive age. #ProtectOurCare",912363820735008768,24195214,janschakowsky,2017-09-25T17:11:00.000Z,1.0,1.0,health and safety,health and safety,True,1.0,"['relevant', 'relevant']","['A2KLJKDG90K1PP', 'A2Q1YS118AO2BP']"
relevance_tweets17_1436,relevant,"Congress must issue subpoenas &amp; hold hearings on #Flynn, what transition team knew &amp; @realDonaldTrump’s attempts to obstruct investigation.",865235934769446912,516880804,BettyMcCollum04,2017-05-18T16:01:36.000Z,1.0,1.0,constitutionality and jurisprudence,"law and order, crime and justice",True,1.0,"['relevant', 'relevant']","['A17D6BK59S31BM', 'A2Q1YS118AO2BP']"
relevance_tweets17_1437,relevant,The view from my seat at today's Armed Services Committee #FY18NDAA markup. We have many hours of debate ahead! https://t.co/0csoU5ZY16,880134752862437376,2253968388,RepByrne,2017-06-28T18:44:11.000Z,1.0,1.0,,,True,1.0,"['relevant', 'irrelevant']","['A2R2YZTSME1K3F', 'A32CMQGGTSUK6Z']"
relevance_tweets17_1438,relevant,Marching in the #ForestHills #MemorialDay Parade down Metropolitan Avenue. #Queens https://t.co/8oR3MyZr70,868925437287772162,1051127714,RepGraceMeng,2017-05-28T20:22:22.000Z,1.0,1.0,other,,True,1.0,"['irrelevant', 'irrelevant']","['A2KLJKDG90K1PP', 'A2R2YZTSME1K3F']"
relevance_tweets17_1439,relevant,Companies making things in America are worried that Trump's new border tax could put them out of business. https://t.co/nAQTCFRkWo,835225757798518785,1339931490,RepRobinKelly,2017-02-24T20:31:53.000Z,1.0,1.0,economic,,True,1.0,"['relevant', 'relevant']","['A37WDOIQH6JM6V', 'A3GUJ6JD25FX7O']"
relevance_tweets17_1440,relevant,(2/2) A coordinated effort led by DOJ resulted in charges against 250 people for scamming $1 billion from more than one million people – mostly seniors. This largest-ever pursuit of senior fraud cases represents an important step forward in our efforts to protect older Americans.,967468174747762690,19726613,SenatorCollins,2018-02-24T18:36:02.000Z,1.0,1.0,"law and order, crime and justice","law and order, crime and justice",True,1.0,"['relevant', 'relevant']","['A37WDOIQH6JM6V', 'ACDX50KGPE97I']"
relevance_tweets17_1441,irrelevant,"In December 2000, Bill met Dee. She was a bank teller at Wells Fargo; he drove an armored truck. They met through a service window.",856935846221688832,1071402577,SenatorFischer,2017-04-25T18:20:01.000Z,0.0,0.0,,,True,0.0,"['irrelevant', 'irrelevant']","['A2Q1YS118AO2BP', 'ACDX50KGPE97I']"
relevance_tweets17_1442,relevant,"This morning, we’re offering an amendment to our annual appropriations bill that would provide $250 million in election security grants to states – money states are telling us they need to protect their elections!",1024662692345376768,15324851,ChrisCoons,2018-08-01T14:26:37.000Z,1.0,1.0,policy prescription and evaluation,economic,True,1.0,"['irrelevant', 'relevant']","['A2Q1YS118AO2BP', 'A37WDOIQH6JM6V']"
relevance_tweets17_1443,relevant,"Today is the day… after much work by so many, my bipartisan bill to save endangered salmon and steelhead is scheduled for a vote by the full House. You can watch us debate and vote on this important issue around 11:00am PT: https://t.co/7N0Uxl7IDT",1011653145548730369,242926427,HerreraBeutler,2018-06-26T16:51:20.000Z,1.0,1.0,policy prescription and evaluation,policy prescription and evaluation,True,1.0,"['relevant', 'relevant']","['A2R2YZTSME1K3F', 'ACDX50KGPE97I']"
relevance_tweets17_1444,relevant,"#OTD in 1994, the Violence Against Women Act was signed into law, bringing much needed protections to survivors of domestic violence. No one should live in fear of violence &amp; Democrats &amp; Republicans must come together &amp; pass @JacksonLeeTX18's #VAWA Reauthorization Act of 2018.",1040287258459492352,1058717720,RepAnnieKuster,2018-09-13T17:13:04.000Z,1.0,1.0,health and safety,political,True,1.0,"['relevant', 'relevant']","['A23WTODPHXZ68Y', 'A2KLJKDG90K1PP']"
relevance_tweets17_1445,relevant,I was honored to help break ground on the expansion of the @AJHC_Rochester! https://t.co/Qwgf8Msnjo,922493869513691136,63169388,louiseslaughter,2017-10-23T16:04:12.000Z,1.0,1.0,other,,True,1.0,"['relevant', 'irrelevant']","['A2Q1YS118AO2BP', 'A37WDOIQH6JM6V']"
relevance_tweets17_1446,relevant,"Hey @EPAScottPruitt, rapidly warming oceans, unpredictable growing seasons and increasingly severe weather events aren't helping us humans. In fact, they're devastating.
https://t.co/0kIkOf5STM",961317755457867776,249787913,SenatorCarper,2018-02-07T19:16:27.000Z,1.0,1.0,other,other,True,1.0,"['relevant', 'relevant']","['A2KLJKDG90K1PP', 'A2Q1YS118AO2BP']"
relevance_tweets17_1447,relevant,@openletterbot I agree this cruel &amp; inhumane policy needs to stop &amp; that #famliesbelongtogether. I went to a detention center on Father's Day to speak w dads whove been separated from their kids. You can read more about what I saw &amp; the other steps I'm taking here: https://t.co/N40olBn1oI,1009498511996571652,258900199,RepMaloney,2018-06-20T18:09:35.000Z,1.0,1.0,morality,policy prescription and evaluation,True,1.0,"['relevant', 'relevant']","['A23WTODPHXZ68Y', 'A2R2YZTSME1K3F']"
relevance_tweets17_1448,irrelevant,What do you guys think of this article? Looking for opinions.  https://t.co/ufI7nAWKpu,990347336902696966,14135426,keithellison,2018-04-28T21:49:39.000Z,0.0,0.0,,,True,0.0,"['irrelevant', 'irrelevant']","['A17D6BK59S31BM', 'A32CMQGGTSUK6Z']"
relevance_tweets17_1449,relevant,Public health study will help promote healthier environment for people who live &amp; work near Logan Airport &amp; other airports around U.S.,824332397651095552,310310133,RepStephenLynch,2017-01-25T19:05:33.000Z,1.0,1.0,health and safety,health and safety,True,1.0,"['relevant', 'relevant']","['A17D6BK59S31BM', 'A2Q1YS118AO2BP']"
relevance_tweets17_1450,relevant,"You mean 38,000? Let's talk about policy instead of name calling! That's how we #MAGA https://t.co/zzYLkWfd6B",819027620142739456,240393970,RepJeffDuncan,2017-01-11T03:46:16.000Z,1.0,1.0,political,morality,True,1.0,"['relevant', 'relevant']","['A23WTODPHXZ68Y', 'A2KLJKDG90K1PP']"
relevance_tweets17_1451,relevant,POLL: most Americans oppose repealing the Affordable Care Act. The GOP should listen. Don't #MakeAmericaSickAgain https://t.co/kNUGF8kSfr,818442202493829122,2962868158,RepDonBeyer,2017-01-09T13:00:01.000Z,1.0,1.0,constitutionality and jurisprudence,public opinion,True,1.0,"['relevant', 'relevant']","['A3CVY8G619MGTI', 'A3GUJ6JD25FX7O']"
relevance_tweets17_1452,relevant,4-Year-Olds Don’t Act Like Trump https://t.co/5eKdt2kBxg,866097938623279104,162069635,RepCohen,2017-05-21T01:06:54.000Z,1.0,1.0,other,other,True,1.0,"['relevant', 'irrelevant']","['A2Q1YS118AO2BP', 'A9K0CV70JWG1W']"
relevance_tweets17_1453,irrelevant,Open Enrollment starts TOMORROW. Don't wait until the last minute. Visit https://t.co/4YsY7iHA7T and #GetCovered! https://t.co/W0fWkHP53w,925425745266126849,1206227149,RepMarkPocan,2017-10-31T18:14:25.000Z,0.0,0.0,,,True,0.0,"['irrelevant', 'relevant']","['A2KLJKDG90K1PP', 'A2R2YZTSME1K3F']"
relevance_tweets17_1454,relevant,"There are devastating fires burning across the country &amp; we need more, not fewer, air tankers in service. If a major fire breaks out, Arizona communities may be at risk. We're demanding answers on this shortage from @ForestService: https://t.co/FAIvqhLERAhttps://t.co/CqrrBeyjuM",1032379602834841600,1080844782,SenatorSinema,2018-08-22T21:30:52.000Z,1.0,1.0,health and safety,health and safety,True,1.0,"['irrelevant', 'relevant']","['A17D6BK59S31BM', 'ACDX50KGPE97I']"
relevance_tweets17_1455,relevant,Here at the Southern Oaks Learning and Wellness Center grand opening in #OKC today. This center will provide immunizations and quality healthcare for some of the neediest people in our community. #OK05 https://t.co/lZYijKTNdi,1058012346470281217,2966758114,RepRussell,2018-11-01T15:06:14.000Z,1.0,1.0,health and safety,health and safety,True,1.0,"['irrelevant', 'irrelevant']","['A2KLJKDG90K1PP', 'ATR6RB1RULOC0']"
relevance_tweets17_1456,relevant,"I am pleased to see 8 bipartisan bills advanced today that will ensure #smallbiz has access to the capital, training, &amp; resources they need to start/grow. Learn more: https://t.co/UydOHDfcoG",974037195270033408,1096059529,SenatorRisch,2018-03-14T21:38:58.000Z,1.0,1.0,constitutionality and jurisprudence,economic,True,1.0,"['relevant', 'relevant']","['A32CMQGGTSUK6Z', 'A38DC3BG1ZCVZ2']"
relevance_tweets17_1457,relevant,Thanks to Jim Hays from Dodge City Travel Center in Cullman County for stopping by the office with the National Association of Truck Stop Operators (@NATSO_Inc) to discuss the importance of funding our nation's roads. https://t.co/hjShvoKZV8,996802049030414337,2253968388,RepByrne,2018-05-16T17:18:22.000Z,1.0,1.0,economic,policy prescription and evaluation,True,1.0,"['relevant', 'relevant']","['A17D6BK59S31BM', 'A2Q1YS118AO2BP']"
relevance_tweets17_1458,relevant,"I oppose lifting the ban against importing African elephant trophies. 
We should not encourage the hunting and slaughter of these magnificent creatures. We don’t get a second chance once a species becomes extinct. #sayfie https://t.co/PDwmmHdXeS",931579788892033025,20467163,VernBuchanan,2017-11-17T17:48:24.000Z,1.0,1.0,capacity and resources,policy prescription and evaluation,True,1.0,"['relevant', 'relevant']","['A2Q1YS118AO2BP', 'A2R2YZTSME1K3F']"
relevance_tweets17_1459,relevant,"Pres Trump wants another 1 percent for the richest 1 percent. 100 percent irresponsible.
https://t.co/CawU4SpUTo",1012847959279652864,486694111,SenJackReed,2018-06-29T23:59:05.000Z,1.0,1.0,political,policy prescription and evaluation,True,1.0,"['relevant', 'relevant']","['A38DC3BG1ZCVZ2', 'ACDX50KGPE97I']"
relevance_tweets17_1460,relevant,"Reinforced impact of housing chlgs on opioid, homeless, &amp; trauma crises at @SenateBanking confirmation hearing on @HUDgov nom. Ben Carson https://t.co/G3V9Rm2ACM",819602771796180993,1061029050,SenatorHeitkamp,2017-01-12T17:51:42.000Z,1.0,1.0,,health and safety,True,1.0,"['relevant', 'relevant']","['A32CMQGGTSUK6Z', 'A3CVY8G619MGTI']"
relevance_tweets17_1461,relevant,It was a joy to visit Lake Area Industries in Camdenton to see all the hard work they do there https://t.co/IdoX8lySnI,821488590123388929,237763317,RepHartzler,2017-01-17T22:45:17.000Z,1.0,1.0,other,other,True,1.0,"['irrelevant', 'irrelevant']","['A2Q1YS118AO2BP', 'A37WDOIQH6JM6V']"
relevance_tweets17_1462,relevant,Thanks to all who came out for my town hall in Rock County tonight. Listening to constituents is vital to our democracy. https://t.co/5QdDF5AVST,851587281349738498,1206227149,RepMarkPocan,2017-04-11T00:06:44.000Z,1.0,1.0,public opinion,,True,1.0,"['relevant', 'irrelevant']","['A23WTODPHXZ68Y', 'A2Q1YS118AO2BP']"
relevance_tweets17_1463,relevant,Elevating him to a position that is usually reserved for military generals and experienced security professionals was outrageous.,849661119463657473,63169388,louiseslaughter,2017-04-05T16:32:51.000Z,1.0,1.0,security and defense,other,True,1.0,"['relevant', 'relevant']","['A3CVY8G619MGTI', 'ATR6RB1RULOC0']"
relevance_tweets17_1464,relevant,"Proud to join the City of Saratoga Springs in remembering American hero and patriot @SenJohnMcCain. For a recap of the Honorable John S. McCain Day, click here: https://t.co/f9G8G1NDVb via @SaratogianNews",1062400953574318080,2962813893,RepStefanik,2018-11-13T17:45:00.000Z,1.0,1.0,political,,True,1.0,"['relevant', 'relevant']","['A2Q1YS118AO2BP', 'A2R2YZTSME1K3F']"
relevance_tweets17_1465,relevant,My old friend Pete Hoekstra stopped by so I could congratulate him in person on his nomination as U.S. Ambassador to The Netherlands! https://t.co/pNFPSdfGcp,889941532131962883,124224165,RepFredUpton,2017-07-25T20:12:50.000Z,1.0,1.0,political,other,True,1.0,"['relevant', 'relevant']","['A23WTODPHXZ68Y', 'A2Q1YS118AO2BP']"
relevance_tweets17_1466,relevant,Glad to recently host briefing w/ reps from CA public universities. Hard working young people should have a fair shot at the American dream. https://t.co/mJhjs1RjBR,883500637761261568,950783972,RepBera,2017-07-08T01:39:01.000Z,1.0,1.0,fairness and equality,fairness and equality,True,1.0,"['relevant', 'relevant']","['A2Q1YS118AO2BP', 'ACDX50KGPE97I']"
relevance_tweets17_1467,relevant,"Current &amp; former Members of the House Intel Committee will join me for a press conference at 2 pm ET to respond to @realDonaldTrump’s weak &amp; embarrassing behavior yesterday in front of Vladimir Putin.
Watch here: https://t.co/lN7bSpCpmI",1019257904308936709,15764644,SpeakerPelosi,2018-07-17T16:29:55.000Z,1.0,1.0,external regulation and reputation,other,True,1.0,"['relevant', 'relevant']","['A2R2YZTSME1K3F', 'A32CMQGGTSUK6Z']"
relevance_tweets17_1468,relevant,At @AIPAC panel w @RepTedDeutch discussing threats frm #Iran + #Hezbollah + how 2 strengthen partnership w #Israel #AIPAC2017 #AddYourVoice https://t.co/G6zaKPPa2m,846039103695208448,14275291,RosLehtinen,2017-03-26T16:40:15.000Z,1.0,1.0,security and defense,external regulation and reputation,True,1.0,"['relevant', 'relevant']","['A2Q1YS118AO2BP', 'A37WDOIQH6JM6V']"
relevance_tweets17_1469,relevant,"In honor of National Park Week, all nat parks will waive entrance fees this weekend. Get out and #FindYourPark. I recommend @HarrySTrumanNPS",855490795696205824,163570705,repcleaver,2017-04-21T18:37:54.000Z,1.0,1.0,other,other,True,1.0,"['relevant', 'irrelevant']","['A2Q1YS118AO2BP', 'A3GUJ6JD25FX7O']"
relevance_tweets17_1470,relevant,"I spoke with @MikeAllen of @Axios on @RealDonaldTrump’s #SOTU address this morning. While POTUS said he was making us safer, stronger, prouder, I don’t think he’s accomplished any of those things here at home or around the world. Watch here: https://t.co/cBAWXu8kA8 #Axios360",958760880866553856,22012091,LeaderHoyer,2018-01-31T17:56:21.000Z,1.0,1.0,political,policy prescription and evaluation,True,1.0,"['irrelevant', 'relevant']","['A2Q1YS118AO2BP', 'A38DC3BG1ZCVZ2']"
relevance_tweets17_1471,relevant,"In Republicans' 8-page #SkinnyRepeal bill, they dedicate 2 pages to defunding Planned Parenthood. That's a quarter of the entire bill…",890788013621497857,18695134,SenatorMenendez,2017-07-28T04:16:27.000Z,1.0,1.0,constitutionality and jurisprudence,policy prescription and evaluation,True,1.0,"['relevant', 'relevant']","['A17D6BK59S31BM', 'ACDX50KGPE97I']"
relevance_tweets17_1472,relevant,"The @NFIB recently reported that small business confidence is at a record high. Our bipartisan bill, currently on the Senate floor, will further boost confidence by providing #regrelief to community banks &amp; credit unions, so they can continue to support small biz &amp; families.",973993339824599040,2955485182,SenatorRounds,2018-03-14T18:44:42.000Z,1.0,1.0,constitutionality and jurisprudence,economic,True,1.0,"['relevant', 'relevant']","['A17D6BK59S31BM', 'A23WTODPHXZ68Y']"
relevance_tweets17_1473,relevant,Today we're celebrating the many contributions of #WomenInBiz across #TN06 &amp; throughout the country. Happy American Business Women's Day! https://t.co/YvAWr12wj0,911272988783398914,110545675,RepDianeBlack,2017-09-22T16:56:25.000Z,1.0,1.0,other,fairness and equality,True,1.0,"['relevant', 'irrelevant']","['A23WTODPHXZ68Y', 'A37WDOIQH6JM6V']"
relevance_tweets17_1474,irrelevant,Please share! https://t.co/XtpaLUk4C4,870291379456528385,249787913,SenatorCarper,2017-06-01T14:50:08.000Z,0.0,0.0,,,True,0.0,"['irrelevant', 'irrelevant']","['A2R2YZTSME1K3F', 'A38DC3BG1ZCVZ2']"
relevance_tweets17_1475,relevant,The Mueller investigation must be allowed to continue without any interference. The American people deserve the truth and we need to use the intelligence we have now to protect future elections from any interference.,1018957126889295873,258900199,RepMaloney,2018-07-16T20:34:45.000Z,1.0,1.0,political,morality,True,1.0,"['relevant', 'relevant']","['A17D6BK59S31BM', 'A2Q1YS118AO2BP']"
relevance_tweets17_1476,relevant,I'm on TV getting the word out to my constituents: I've heard your calls. The AHCA is bad for our district and I will vote against it. https://t.co/PPTWDc9v7b,844993116356644865,210926192,RepCuellar,2017-03-23T19:23:52.000Z,1.0,1.0,political,policy prescription and evaluation,True,1.0,"['relevant', 'relevant']","['A9K0CV70JWG1W', 'ATR6RB1RULOC0']"
relevance_tweets17_1477,relevant,"Our President attacks #freepress &amp; calls journalism #fakenews. Thomas Jefferson had a different approach: “Were it left to me to decide whether we should have a government without newspapers or newspapers without a government, I should not hesitate a moment to prefer the latter."" https://t.co/URDCmJRY51",1030143946377310209,224285242,SenatorBennet,2018-08-16T17:27:10.000Z,1.0,1.0,constitutionality and jurisprudence,policy prescription and evaluation,True,1.0,"['relevant', 'relevant']","['A2Q1YS118AO2BP', 'A32CMQGGTSUK6Z']"
relevance_tweets17_1478,relevant,A meal and a smile can make all the difference!  Thank you @MealsRI for another successful #marchformeals drive. https://t.co/jxXOi8OkTk,841331280222572549,18909919,JimLangevin,2017-03-13T16:53:03.000Z,1.0,1.0,quality of life,other,True,1.0,"['irrelevant', 'irrelevant']","['A2KLJKDG90K1PP', 'A37WDOIQH6JM6V']"
relevance_tweets17_1479,relevant,"Discussed our vision for a government that works for ALL Americans this week with @repmarkpocan's #SOTU guest, Randy Bryce. I didn't need to see his worn out boots to know he is a champion for American workers. His fresh ideas give me hope for the future of our union.  https://t.co/c4GuNgPQK6",959855447275638790,22669526,RepGwenMoore,2018-02-03T18:25:46.000Z,1.0,1.0,fairness and equality,,True,1.0,"['relevant', 'relevant']","['A2Q1YS118AO2BP', 'A37WDOIQH6JM6V']"
relevance_tweets17_1480,relevant,The Senate FY18 @StateDept Foreign Operations Appropriations Bill and report now posted. @USAID @LindseyGrahamSC https://t.co/7NVhG698WO,906204461747580928,555474658,SenThadCochran,2017-09-08T17:15:54.000Z,1.0,1.0,,political,True,1.0,"['relevant', 'relevant']","['A17D6BK59S31BM', 'ATR6RB1RULOC0']"
relevance_tweets17_1481,relevant,"This #BlackHistoryMonth, we celebrate and honor the immeasurable contributions made by African Americans to American society. Together, we can build a more inclusive and tolerant society that celebrates our diversity as a nation. https://t.co/ShVpRMsTzo",959547127411208192,28602948,RepRaulGrijalva,2018-02-02T22:00:37.000Z,1.0,1.0,cultural identity,cultural identity,True,1.0,"['relevant', 'relevant']","['A32CMQGGTSUK6Z', 'A3GUJ6JD25FX7O']"
relevance_tweets17_1482,relevant,"Kauai residents, please join me tonight for our Līhue Town Hall @ #KauaiVeteransCenter at 6pm. I hope to see you there! #AlohaTownHallTour",854824035112243200,1064206014,TulsiPress,2017-04-19T22:28:26.000Z,1.0,1.0,other,,True,1.0,"['relevant', 'irrelevant']","['A23WTODPHXZ68Y', 'A37WDOIQH6JM6V']"
relevance_tweets17_1483,relevant,"#GA10– Did you get yesterday's Monday Memo? During every District Work Period, I hold forums, stop by businesses, &amp; meet with local groups to answer questions about what’s going on in Washington &amp; connect you with my staff if you have any casework issues→https://t.co/26x8jk7BVx. https://t.co/sdtZ1ZFQ4p",1044563626445733888,2975091705,CongressmanHice,2018-09-25T12:25:50.000Z,1.0,1.0,political,,True,1.0,"['relevant', 'relevant']","['A32CMQGGTSUK6Z', 'A9K0CV70JWG1W']"
relevance_tweets17_1484,relevant,"Today marks the 50th anniversary of Martin Luther King Jr's tragic death. We must all have the courage to continue the fight against injustice, to treat everyone with love &amp; respect, &amp; to carry forward Dr. King's unfinished dream of freedom for everyone.https://t.co/Q5FjtyMCUk",981686924011360257,18061669,lisamurkowski,2018-04-05T00:16:16.000Z,1.0,1.0,morality,cultural identity,True,1.0,"['irrelevant', 'relevant']","['A37WDOIQH6JM6V', 'A3GUJ6JD25FX7O']"
relevance_tweets17_1485,relevant,"$20 trillion debt is alarming. Like hard-working Idahoans, the federal govt must prioritize, budget &amp; say no to things not essentials.",907629806342340612,1096059529,SenatorRisch,2017-09-12T15:39:43.000Z,1.0,1.0,economic,capacity and resources,True,1.0,"['relevant', 'relevant']","['A2Q1YS118AO2BP', 'A32CMQGGTSUK6Z']"
relevance_tweets17_1486,relevant,Social media is being rigged to censor conservatives. It’s time to rise up and demand accountability from Big Tech. WE WILL NOT BE SILENCED. #StopTheBias https://t.co/DEPZGsbJT0,1022288139560345601,19739126,GOPLeader,2018-07-26T01:11:00.000Z,1.0,1.0,policy prescription and evaluation,fairness and equality,True,1.0,"['relevant', 'relevant']","['A32CMQGGTSUK6Z', 'ACDX50KGPE97I']"
relevance_tweets17_1487,relevant,Introduced bipartisan legislation w/ @MarkWarner to help the @NatlParkService keep America beautiful: https://t.co/9Rj6Rdd5bI #NationalParks,846838969715298305,18915145,senrobportman,2017-03-28T21:38:38.000Z,1.0,1.0,political,political,True,1.0,"['relevant', 'relevant']","['A3CVY8G619MGTI', 'ATR6RB1RULOC0']"
relevance_tweets17_1488,relevant,Abandoning the Iran Deal not only hurts our credibility overseas but puts the U.S. in a weak position on future inspections enforcement and snapback of international sanctions.,993924634646142978,111635980,JoeCrowleyNY,2018-05-08T18:44:33.000Z,1.0,1.0,external regulation and reputation,external regulation and reputation,True,1.0,"['relevant', 'relevant']","['A2Q1YS118AO2BP', 'A37WDOIQH6JM6V']"
relevance_tweets17_1489,relevant,New plan to detain parents &amp; move kids that entered with them into CPS endangers kids &amp; harms foster care system https://t.co/Fxlj6jB2wj,838091509652152323,239949176,RepKarenBass,2017-03-04T18:19:21.000Z,1.0,1.0,health and safety,other,True,1.0,"['relevant', 'relevant']","['A32CMQGGTSUK6Z', 'A38DC3BG1ZCVZ2']"
relevance_tweets17_1490,relevant,"Visited Conrad Yelvington, a local quarry in Golden Gate. The company provides the foundation to infrastructure in Southern Florida  https://t.co/fOlbWlk9ow",1031939572635262976,37094727,MarioDB,2018-08-21T16:22:21.000Z,1.0,1.0,,,True,1.0,"['irrelevant', 'irrelevant']","['ACDX50KGPE97I', 'ATR6RB1RULOC0']"
relevance_tweets17_1491,relevant,"The President's request for $18 billion in funding for his wall won't secure the border as well as other innovative and less expensive technology. Let's focus on real solutions without wasting taxpayer dollars.
https://t.co/Ky6E9L4c9bhttps://t.co/FuYUjzqLoq",949397889675157504,1135486501,RepScottPeters,2018-01-05T21:51:10.000Z,1.0,1.0,economic,policy prescription and evaluation,True,1.0,"['relevant', 'relevant']","['A3CVY8G619MGTI', 'ACDX50KGPE97I']"
relevance_tweets17_1492,relevant,"Thank you, Lynne Bertalmio, for your years of service @StillwaterLibMn! Best wishes in your retirement! https://t.co/RG8IrBaMuO",834243825036050432,516880804,BettyMcCollum04,2017-02-22T03:30:02.000Z,1.0,1.0,other,other,True,1.0,"['irrelevant', 'irrelevant']","['A2Q1YS118AO2BP', 'ACDX50KGPE97I']"
relevance_tweets17_1493,relevant,"A busy day in the Bangor region! Visited @penquisCAP childcare center, Somic America, @BangorFireDept, @MaineVets &amp; Bangor Veterans Center https://t.co/bcwBtHiYdl",901185303158902784,1068481578,SenAngusKing,2017-08-25T20:51:34.000Z,1.0,1.0,,,True,1.0,"['relevant', 'irrelevant']","['A2Q1YS118AO2BP', 'ACDX50KGPE97I']"
relevance_tweets17_1494,irrelevant,"#WhiteNoseSyndrome poses the biggest threat to Vermont’s 9 species of bats, including a 90% decline in the brown bat population since the disease’s discovery. Cooperative efforts like the model in Vermont are necessary to work toward their recovery. #BatWeek2018 https://t.co/0y76QldFXe",1057319973427838976,242836537,SenatorLeahy,2018-10-30T17:15:00.000Z,0.0,0.0,,,True,0.0,"['irrelevant', 'irrelevant']","['A37WDOIQH6JM6V', 'A3CVY8G619MGTI']"
relevance_tweets17_1495,relevant,Acting AG Whitaker wrote an op-ed last year that criticized the Mueller investigation for “going too far.” He should recuse himself from overseeing the investigation immediately.,1060276153024479234,1099199839,MartinHeinrich,2018-11-07T21:01:48.000Z,1.0,1.0,"law and order, crime and justice","law and order, crime and justice",True,1.0,"['relevant', 'relevant']","['A17D6BK59S31BM', 'A2KLJKDG90K1PP']"
relevance_tweets17_1496,relevant,"Great things are happening at the Mojave Air and Space Port, and I’m proud that the Trump Admin is working to make America a leader in space again. https://t.co/6hzMs3DPxo",940645760839962624,19739126,GOPLeader,2017-12-12T18:13:20.000Z,1.0,1.0,political,other,True,1.0,"['relevant', 'relevant']","['A17D6BK59S31BM', 'ATR6RB1RULOC0']"
relevance_tweets17_1497,relevant,Good to meet with Wes Lutz from Extreme Dodge in Jackson to discuss tax reform and other issues facing auto dealers. https://t.co/YW8wQNLYNQ,908073786297274368,237862972,RepWalberg,2017-09-13T21:03:56.000Z,1.0,1.0,economic,,True,1.0,"['relevant', 'relevant']","['A32CMQGGTSUK6Z', 'A37WDOIQH6JM6V']"
relevance_tweets17_1498,relevant,"In Congress—the heart of our democracy—Repubs &amp; Dems work together to reaffirm our commitment to freedom, no matter the politics of the day. https://t.co/fGKIz9eab3",872815221512871938,18916432,SpeakerRyan,2017-06-08T13:58:59.000Z,1.0,1.0,political,political,True,1.0,"['irrelevant', 'relevant']","['A2Q1YS118AO2BP', 'A2R2YZTSME1K3F']"
relevance_tweets17_1499,relevant,"Must read op-ed by @SenSchumer: The fight for the next Supreme Court justice is a fight to save the Affordable Care Act and Roe v. Wade. It’s that simple. The American people deserve a moderate nominee, not an extremist. #WhatsAtStake
https://t.co/1Z3B4eVSxE",1014890087581089792,476256944,SenFeinstein,2018-07-05T15:13:47.000Z,1.0,1.0,political,economic,True,1.0,"['relevant', 'relevant']","['A2Q1YS118AO2BP', 'A3CVY8G619MGTI']"
relevance_tweets17_1500,irrelevant,"What inspires me: being a warrior for human dignity, human potential. https://t.co/k6NXxcThaD",988541021322543104,17976923,cathymcmorris,2018-04-23T22:12:00.000Z,0.0,0.0,,,True,0.0,"['relevant', 'relevant']","['A2Q1YS118AO2BP', 'A2R2YZTSME1K3F']"
relevance_tweets17_1501,relevant,“There have been many times that I walk into a room and I am the only women there. It starts at the top.” @PGinABQ,971790813343629312,1061385474,RepLujanGrisham,2018-03-08T16:52:39.000Z,1.0,1.0,fairness and equality,fairness and equality,True,1.0,"['relevant', 'irrelevant']","['A2Q1YS118AO2BP', 'A9K0CV70JWG1W']"
relevance_tweets17_1502,relevant,Americans know #Trumpcare will be a disaster. @HouseGOP steamrolling their radical agenda is wrong. My statement: https://t.co/OPbplDBuKvhttps://t.co/yznRRxTL6s,844986914457473024,242426145,RepMcGovern,2017-03-23T18:59:14.000Z,1.0,1.0,health and safety,policy prescription and evaluation,True,1.0,"['relevant', 'relevant']","['A23WTODPHXZ68Y', 'A2R2YZTSME1K3F']"
relevance_tweets17_1503,irrelevant,Watch iconic #PNW salmon swim across a road in frenzied run https://t.co/4e1PYaru9Q,849796297645096961,1068499286,LtGovDennyHeck,2017-04-06T01:30:00.000Z,0.0,0.0,,,True,0.0,"['irrelevant', 'irrelevant']","['A2KLJKDG90K1PP', 'ACDX50KGPE97I']"
relevance_tweets17_1504,relevant,@realDonaldTrump Here’s the sign-up info @realDonaldTrump doesn’t want you to see. RT so everyone knows open enrollment is Nov1-Dec15 https://t.co/xqvDtQu5NS,905833523227054081,29201047,SenJeffMerkley,2017-09-07T16:41:56.000Z,1.0,1.0,political,fairness and equality,True,1.0,"['relevant', 'relevant']","['A32CMQGGTSUK6Z', 'ATR6RB1RULOC0']"
relevance_tweets17_1505,relevant,DYK 1/6 #Hoosiers live in an area w/o #broadband access? Identifying unserved areas is a top priority as we explore broadband deployment,886999043385307136,1074101017,SusanWBrooks,2017-07-17T17:20:26.000Z,1.0,1.0,other,policy prescription and evaluation,True,1.0,"['relevant', 'relevant']","['A38DC3BG1ZCVZ2', 'ATR6RB1RULOC0']"
relevance_tweets17_1506,relevant,"The new Palmdale Aerospace Academy school is open! Here come our future astronauts, engineers, and fabricator https://t.co/FetrNM5boF",893826363517480960,2974648323,SteveKnight25,2017-08-05T13:29:46.000Z,1.0,1.0,other,,True,1.0,"['irrelevant', 'irrelevant']","['A23WTODPHXZ68Y', 'A2Q1YS118AO2BP']"
relevance_tweets17_1507,relevant,"TX28 cities, counties, and fire departments, please let us know if you're applying for this grant so we can help: https://t.co/7NsUUX3xRq",853967374269259776,210926192,RepCuellar,2017-04-17T13:44:22.000Z,1.0,1.0,political,,True,1.0,"['relevant', 'irrelevant']","['A2R2YZTSME1K3F', 'A37WDOIQH6JM6V']"
relevance_tweets17_1508,relevant,I enjoyed my meeting with the Illinois Primary Health Care Association today about the importance of Community Health Centers in our region. https://t.co/IKIk3J1i5E,913137406135738368,1092979962,RepCheri,2017-09-27T20:24:57.000Z,1.0,1.0,health and safety,health and safety,True,1.0,"['relevant', 'relevant']","['A32CMQGGTSUK6Z', 'A37WDOIQH6JM6V']"
relevance_tweets17_1509,relevant,"This semester Mike Rohdy was an intern in our DC office. Mike is a senior at Samford University majoring in Economics and minoring in Spanish. His favorite part of his internship was showing the great people of #AL06 around the Capitol. Thank you for your hard work, Mike! https://t.co/TAEXr4H5HB",939221923460009985,2861616083,USRepGaryPalmer,2017-12-08T19:55:31.000Z,1.0,1.0,,,True,1.0,"['relevant', 'relevant']","['A2Q1YS118AO2BP', 'A32CMQGGTSUK6Z']"
relevance_tweets17_1510,relevant,"Yesterday I went to the House floor to honor the life of retired police chief Matt Doering of Brunswick, Ga. who passed away at 56 years of age from an extended illness. I am proud and thankful to have had someone with the character of Chief Doering serving in #GA01. https://t.co/ou3GssaONd",1063167832920375296,2973870195,RepBuddyCarter,2018-11-15T20:32:18.000Z,1.0,1.0,political,other,True,1.0,"['irrelevant', 'relevant']","['A2Q1YS118AO2BP', 'ATR6RB1RULOC0']"
relevance_tweets17_1511,relevant,"We have advanced safety technology in banks, office buildings, and retail locations. There's no reason we shouldn’t have this technology at our schools to protect our children. More info on grants through the School Violence Prevention Program here: https://t.co/pa4X8NpLGPhttps://t.co/z46dKR6xAd",1017155006368223234,2964877294,RepBost,2018-07-11T21:13:46.000Z,1.0,1.0,health and safety,security and defense,True,1.0,"['relevant', 'relevant']","['A17D6BK59S31BM', 'A23WTODPHXZ68Y']"
relevance_tweets17_1512,relevant,"This morning I chaired an Energy Committee hearing where I told the @ForestService: #NoMoreExcuses. It’s time to correct the management failures that have long plagued the agency and to restore access to our national forests, starting in Alaska. https://t.co/uDXgc2aLUz",988838926780715008,18061669,lisamurkowski,2018-04-24T17:55:46.000Z,1.0,1.0,security and defense,policy prescription and evaluation,True,1.0,"['relevant', 'relevant']","['A17D6BK59S31BM', 'A32CMQGGTSUK6Z']"
relevance_tweets17_1513,relevant,"I met with local officials and first responders yesterday from Webster &amp; Dudley to thank them for their work, and to talk about how we can get these towns back up and running after last week's tornado. Massachusetts is strong – and we’ll get through this by working together. https://t.co/Ot9eGIigPm",1027977153651122182,970207298,SenWarren,2018-08-10T17:57:06.000Z,1.0,1.0,health and safety,other,True,1.0,"['relevant', 'irrelevant']","['A2Q1YS118AO2BP', 'A38DC3BG1ZCVZ2']"
relevance_tweets17_1514,relevant,Congratulations to Pine Township's own Jai Ganesh for earning the Congressional Award Silver Medal. It was a privilege to present the award to Jai &amp; I look forward to hearing about his next accomplishments! @theaward https://t.co/jn1ErLF4BU,977260262041452546,1155212191,KeithRothfus,2018-03-23T19:06:17.000Z,1.0,1.0,political,other,True,1.0,"['relevant', 'relevant']","['A2Q1YS118AO2BP', 'A2R2YZTSME1K3F']"
relevance_tweets17_1515,relevant,Refugees from Syria &amp; other Muslim-majority countries – many of them women and children – are facing unspeakable violence #MuslimBan,826213274966511616,18909919,JimLangevin,2017-01-30T23:39:29.000Z,1.0,1.0,security and defense,health and safety,True,1.0,"['irrelevant', 'relevant']","['A2Q1YS118AO2BP', 'A2R2YZTSME1K3F']"
relevance_tweets17_1516,relevant,"At a time when twenty veterans a day are taking their lives, it also includes a provision I led to expand access to mental health services for veterans with ""bad paper"" discharges, who are often unable to access the care they need and deserve through the VA. (2/3)",976875688564322304,1134292500,RepBetoORourke,2018-03-22T17:38:08.000Z,1.0,1.0,security and defense,health and safety,True,1.0,"['relevant', 'relevant']","['A17D6BK59S31BM', 'A2Q1YS118AO2BP']"
relevance_tweets17_1517,relevant,The Trump Admin shouldn't put their heads in the sand about the cyber threats to our energy grid: https://t.co/b6AvaKT8OX,884501909545078784,163570705,repcleaver,2017-07-10T19:57:43.000Z,1.0,1.0,political,policy prescription and evaluation,True,1.0,"['irrelevant', 'relevant']","['A2Q1YS118AO2BP', 'A3CVY8G619MGTI']"
relevance_tweets17_1518,relevant,My bill is supported by @JCCA @AbqJCC @AIPAC @jstreetdotorg. The increase in Jewish Community Center bomb threats must not be tolerated.,836641765063077890,1099199839,MartinHeinrich,2017-02-28T18:18:35.000Z,1.0,1.0,security and defense,security and defense,True,1.0,"['relevant', 'relevant']","['A23WTODPHXZ68Y', 'A37WDOIQH6JM6V']"
relevance_tweets17_1519,relevant,"This week, Congress sent H.R. 6 to @POTUS's desk. The historic package includes the Substance Abuse and Prevention Act and takes crucial steps in addressing the #OpioidCrisis and bringing relief to victims of this epidemic. https://t.co/u6LWYeCGfl",1053372222935654400,1060487274,RepDougCollins,2018-10-19T19:48:03.000Z,1.0,1.0,constitutionality and jurisprudence,policy prescription and evaluation,True,1.0,"['relevant', 'relevant']","['A2KLJKDG90K1PP', 'A2Q1YS118AO2BP']"
relevance_tweets17_1520,relevant,"@SenateDems @POTUS If @POTUS now supports agreement that stabilizes &amp; improves the existing system under the #ACA, we certainly welcome his change of heart.",920004488613724166,17494010,SenSchumer,2017-10-16T19:12:17.000Z,1.0,1.0,constitutionality and jurisprudence,policy prescription and evaluation,True,1.0,"['relevant', 'relevant']","['A32CMQGGTSUK6Z', 'ACDX50KGPE97I']"
relevance_tweets17_1521,relevant,"ICYMI: After @Verizon abruptly cut off service to s in MT, I demanded answers &amp; on Friday the company reversed its decision. #ConnectMT https://t.co/0UDhkxFEvU",911984346516426752,515822213,SenatorTester,2017-09-24T16:03:06.000Z,1.0,1.0,,other,True,1.0,"['irrelevant', 'relevant']","['A2KLJKDG90K1PP', 'A2R2YZTSME1K3F']"
relevance_tweets17_1522,relevant,ICYMI: The @USNavy is working diligently to identify the root causes of safety issues in their T-45 training jets. @FoxFriendsFirst https://t.co/hzv2VlF6lP,941454758681788416,264219447,SenatorWicker,2017-12-14T23:48:00.000Z,1.0,1.0,security and defense,security and defense,True,1.0,"['irrelevant', 'irrelevant']","['A2Q1YS118AO2BP', 'A32CMQGGTSUK6Z']"
relevance_tweets17_1523,relevant,Mom is one of @RepJimBanks’ constituents! It was so nice to see him &amp; his wife Amanda this evening https://t.co/NiPTKvjfFn,938242880090591232,1074101017,SusanWBrooks,2017-12-06T03:05:08.000Z,1.0,1.0,other,,True,1.0,"['relevant', 'irrelevant']","['A17D6BK59S31BM', 'A2KLJKDG90K1PP']"
relevance_tweets17_1524,relevant,"Come to this year’s #WomensHistoryMonth celebration in Union, NJ to meet influential NJ women across many fields and discuss their work and progress that still needs to be made. Bring your family. Be inspired. Don’t miss out! RSVP: https://t.co/RSZJUocefshttps://t.co/WsSrlVe0Ta",971584041924415488,18695134,SenatorMenendez,2018-03-08T03:11:01.000Z,1.0,1.0,,fairness and equality,True,1.0,"['relevant', 'irrelevant']","['A2Q1YS118AO2BP', 'A37WDOIQH6JM6V']"
relevance_tweets17_1525,relevant,"Read my @thehill op-ed on #MARALAGO Act calling for release of visitor logs @ WH, properties where Pres conducts biz https://t.co/R99UNBFmN0",847470836705513475,56864092,RepMikeQuigley,2017-03-30T15:29:27.000Z,1.0,1.0,policy prescription and evaluation,other,True,1.0,"['relevant', 'relevant']","['A17D6BK59S31BM', 'A2R2YZTSME1K3F']"
relevance_tweets17_1526,relevant,"Businesses need certainty and predictability to succeed. Consumers around the world are moving toward cleaner, more efficient vehicles – but this administration keeps looking in the rear view mirror. This proposal is exactly what our economy does NOT need",1025021304221650946,249787913,SenatorCarper,2018-08-02T14:11:37.000Z,1.0,1.0,economic,economic,True,1.0,"['relevant', 'relevant']","['A38DC3BG1ZCVZ2', 'A3GUJ6JD25FX7O']"
relevance_tweets17_1527,relevant,"I'm relieved the government spending bill that passed the House today does not make any cuts to EERE. @NREL is one of Jefferson County's largest employers and an economic engine for the state.
https://t.co/Bhmp7swXfR",976939576949465088,20552026,RepPerlmutter,2018-03-22T21:52:00.000Z,1.0,1.0,constitutionality and jurisprudence,policy prescription and evaluation,True,1.0,"['relevant', 'relevant']","['A23WTODPHXZ68Y', 'A37WDOIQH6JM6V']"
relevance_tweets17_1528,relevant,I've also asked Mr. Zuckerberg if the Obama Campaign violated Facebook's policies when it collected millions of Facebook users’ data through its own app during the 2012 election. #Zuckerberg,984115583640899584,240812994,RepYvetteClarke,2018-04-11T17:06:53.000Z,1.0,1.0,"law and order, crime and justice",fairness and equality,True,1.0,"['relevant', 'relevant']","['A2KLJKDG90K1PP', 'ACDX50KGPE97I']"
relevance_tweets17_1529,relevant,Discussed the important role Indiana has in the defense sector with @LGSuzanneCrouch. https://t.co/U6hi3Vd8mT,842855890852175872,17544524,ToddRokita,2017-03-17T21:51:18.000Z,1.0,1.0,security and defense,security and defense,True,1.0,"['relevant', 'relevant']","['A2KLJKDG90K1PP', 'A2Q1YS118AO2BP']"
relevance_tweets17_1530,relevant,Members of the Peruvian Congress met with me yesterday to discuss the U.S.-Peru relationship and share in a discourse on legislative governing https://t.co/rDKDvI2z9J,1017899426784927744,18696134,RepSires,2018-07-13T22:31:49.000Z,1.0,1.0,external regulation and reputation,external regulation and reputation,True,1.0,"['relevant', 'relevant']","['A32CMQGGTSUK6Z', 'A3GUJ6JD25FX7O']"
relevance_tweets17_1531,relevant,Yesterday I stopped in Maysville to discuss Kentucky’s river industry. I chatted with the @MaysvilleNews about the visit and why it’s important for me to hear from Kentuckians on important issues like our waterways. https://t.co/FielO4wmJK,1052988352406925314,216881337,RandPaul,2018-10-18T18:22:41.000Z,1.0,1.0,health and safety,,True,1.0,"['relevant', 'relevant']","['A2KLJKDG90K1PP', 'A32CMQGGTSUK6Z']"
relevance_tweets17_1532,relevant,Read my @CNN op-ed on why Pres Trump is derelict in his duty&amp;why we must respond to Russian attacks on our election→ https://t.co/WPX2ur2hwh,889505809037758465,1058520120,SenDuckworth,2017-07-24T15:21:25.000Z,1.0,1.0,policy prescription and evaluation,external regulation and reputation,True,1.0,"['relevant', 'relevant']","['A2KLJKDG90K1PP', 'A2R2YZTSME1K3F']"
relevance_tweets17_1533,relevant,"Completely false. You created the #DACA crisis &amp; are now using Dreamers as bargaining chips to get your impractical, costly &amp; unnecessary wall. Let’s end the grandstanding &amp; find a solution for these young people. https://t.co/9sEz99UUfL",964923751358959617,31801993,FrankPallone,2018-02-17T18:05:24.000Z,1.0,1.0,fairness and equality,policy prescription and evaluation,True,1.0,"['relevant', 'relevant']","['A17D6BK59S31BM', 'A3GUJ6JD25FX7O']"
relevance_tweets17_1534,relevant,"Black women are forced to work 8 extra months to make what white, non-hispanic men make in 12. That's an average loss of $867,920 in our lifetime. In some states, we lose more than $1.8M.
Our work is NOT worth less. We must #DemandMore. #BlackWomensEqualPay https://t.co/up12YBe1xN",1026895752876838913,22669526,RepGwenMoore,2018-08-07T18:20:00.000Z,1.0,1.0,fairness and equality,cultural identity,True,1.0,"['relevant', 'relevant']","['A17D6BK59S31BM', 'A2Q1YS118AO2BP']"
relevance_tweets17_1535,relevant,Important!  Fed judge orders reunification of families.  Trump/GOP family separation policy is dark chapter. Congress should have acted immediately to reunite kids w parents &amp; provide oversight but dysfunction reigns in GOP-controlled Congress https://t.co/oRphF757ba,1011949014273658880,1880674038,USRepKCastor,2018-06-27T12:27:00.000Z,1.0,1.0,policy prescription and evaluation,policy prescription and evaluation,True,1.0,"['relevant', 'relevant']","['A17D6BK59S31BM', 'ATR6RB1RULOC0']"
relevance_tweets17_1536,relevant,"Looking forward to sitting next to my fellow Illinois colleague, @RepSchneider (D-IL), at tonight's #SOTU Address. We share Lake County and, among other things, are working together on the Bipartisan Heroin Task Force to combat the opioid epidemic in northern Illinois. https://t.co/Q8VIipHkkk",958430546023116804,237814920,RepHultgren,2018-01-30T20:03:43.000Z,1.0,1.0,political,health and safety,True,1.0,"['irrelevant', 'relevant']","['A2Q1YS118AO2BP', 'A2R2YZTSME1K3F']"
relevance_tweets17_1537,relevant,I just voted to protect unborn babies from late-term abortions. #TheyFeelPain https://t.co/uOZ6JA7g2e,915343796946259969,2976606250,RepGrothman,2017-10-03T22:32:22.000Z,1.0,1.0,constitutionality and jurisprudence,morality,True,1.0,"['relevant', 'relevant']","['A23WTODPHXZ68Y', 'A2R2YZTSME1K3F']"
relevance_tweets17_1538,relevant,Encouraged to see so many young people at #AIPAC2018. Impressed by their engagement + tough questions. The next generation of leaders working for the security + prosperity of #Israel. #ChooseToLead https://t.co/k6D7HYaxFP,970721593323335680,14275291,RosLehtinen,2018-03-05T18:03:57.000Z,1.0,1.0,political,other,True,1.0,"['relevant', 'relevant']","['A17D6BK59S31BM', 'ATR6RB1RULOC0']"
relevance_tweets17_1539,relevant,Great visit to the Coca-Cola North America Paw Paw plant yesterday. Seeing all their hard work up close was awesome! #MI06 https://t.co/gutAWR2R0U,992034868765839360,124224165,RepFredUpton,2018-05-03T13:35:18.000Z,1.0,1.0,,other,True,1.0,"['irrelevant', 'irrelevant']","['A2R2YZTSME1K3F', 'A37WDOIQH6JM6V']"
relevance_tweets17_1540,relevant,A free &amp; open internet was the focus of @NetEdFound's #SOTN2018 today. Topics ranged from #netneutrality to expanding broadband to my #HonestAds Act. A net protected from cyberattacks &amp; false paid ads is key to our democracy. Here’s my keynote address: https://t.co/Qm8ztBEImI,958029967060819968,33537967,amyklobuchar,2018-01-29T17:31:58.000Z,1.0,1.0,constitutionality and jurisprudence,security and defense,True,1.0,"['relevant', 'relevant']","['A32CMQGGTSUK6Z', 'A37WDOIQH6JM6V']"
relevance_tweets17_1541,relevant,Spoke with @ABC57News about my Hoosier guests &amp; what I’m expecting to hear from @POTUS ahead of tonight’s #SOTU. https://t.co/qhgTrqqwfc,958389216714600448,234128524,SenToddYoung,2018-01-30T17:19:29.000Z,1.0,1.0,other,,True,1.0,"['relevant', 'irrelevant']","['A17D6BK59S31BM', 'A2Q1YS118AO2BP']"
relevance_tweets17_1542,relevant,My Military Family Stability Act - which became law yesterday - provides much-needed flexibility for families at no cost to the @DeptofDefense https://t.co/t38WNiUNVv,941057971068563456,21269970,RoyBlunt,2017-12-13T21:31:18.000Z,1.0,1.0,policy prescription and evaluation,economic,True,1.0,"['relevant', 'relevant']","['A32CMQGGTSUK6Z', 'A3CVY8G619MGTI']"
relevance_tweets17_1543,relevant,This is the height of irresponsibility. I urge the President not to force a shutdown because we cannot allow our economy to take a potential $6 billion a week hit. https://t.co/yTOnE0TmfD,1076146418027556864,303861808,RepThompson,2018-12-21T16:04:34.000Z,1.0,1.0,economic,economic,True,1.0,"['relevant', 'relevant']","['A2R2YZTSME1K3F', 'A37WDOIQH6JM6V']"
relevance_tweets17_1544,relevant,The #FCC has ignored the voices of the overwhelming majority of Americans. I will keep fighting to put the FCC’s net neutrality protections back in place. We can never give up on a free and open internet.,941782689732026368,31801993,FrankPallone,2017-12-15T21:31:05.000Z,1.0,1.0,health and safety,policy prescription and evaluation,True,1.0,"['relevant', 'relevant']","['A32CMQGGTSUK6Z', 'A37WDOIQH6JM6V']"
relevance_tweets17_1545,relevant,Senator Collins’ statement on the military strike in Syria https://t.co/tIe9GUCHVx #mepolitics https://t.co/es0XQlTa6O,850397634674163712,19726613,SenatorCollins,2017-04-07T17:19:30.000Z,1.0,1.0,external regulation and reputation,,True,1.0,"['irrelevant', 'relevant']","['A2Q1YS118AO2BP', 'A2R2YZTSME1K3F']"
relevance_tweets17_1546,relevant,Please take time out today to support your neighborhood small businesses on #SmallBusinessSaturday. I’m grateful for all the small business owners in my district who create jobs and boost the economy. https://t.co/WnWqXWqxbS #shopsmall https://t.co/YZoi1q1ccZ,1066411451760476160,1009269193,RepLipinski,2018-11-24T19:21:17.000Z,1.0,1.0,economic,economic,True,1.0,"['relevant', 'irrelevant']","['A17D6BK59S31BM', 'A9K0CV70JWG1W']"
relevance_tweets17_1547,relevant,Dreamers have a lot more to contribute to our country. We can't let anti-immigrant rhetoric run our nation’s immigration policy. #DACAworks,897509837315219457,28602948,RepRaulGrijalva,2017-08-15T17:26:34.000Z,1.0,1.0,policy prescription and evaluation,policy prescription and evaluation,True,1.0,"['relevant', 'relevant']","['A3CVY8G619MGTI', 'ATR6RB1RULOC0']"
relevance_tweets17_1548,relevant,This completely contradicts what @SpeakerRyan claimed this week about the #NunesMemo. @HouseGOP must join us in moving to protect Special Counsel Mueller from interference. https://t.co/h8LJU5BQCW,959859125986439168,40302336,RepJerryNadler,2018-02-03T18:40:23.000Z,1.0,1.0,political,other,True,1.0,"['irrelevant', 'relevant']","['A2Q1YS118AO2BP', 'A38DC3BG1ZCVZ2']"
relevance_tweets17_1549,relevant,"ICYMI: Yesterday was the Interior-Environment Appropriations Subcommittee markup for FY2019. I am proud of investments in National Parks and tribal nations, but we have a lot more work to do. Read my statement here→ https://t.co/Hm5n9m7Z1t",996891796566245377,516880804,BettyMcCollum04,2018-05-16T23:15:00.000Z,1.0,1.0,fairness and equality,policy prescription and evaluation,True,1.0,"['relevant', 'relevant']","['A32CMQGGTSUK6Z', 'A3CVY8G619MGTI']"
relevance_tweets17_1550,relevant,Record enrollment numbers for #ACA even in the face of political efforts to stymie sign-up: https://t.co/oEFL4thoCM,928755406339534848,278124059,SenBlumenthal,2017-11-09T22:45:18.000Z,1.0,1.0,political,,True,1.0,"['relevant', 'relevant']","['A2Q1YS118AO2BP', 'A3CVY8G619MGTI']"
relevance_tweets17_1551,irrelevant,Thanks for noticing! https://t.co/B0J6YIKF9G,819943800843943936,1048784496,SenKevinCramer,2017-01-13T16:26:50.000Z,0.0,0.0,,,True,0.0,"['irrelevant', 'irrelevant']","['A17D6BK59S31BM', 'A37WDOIQH6JM6V']"
relevance_tweets17_1552,relevant,It was inspiring to give the commencement address to Keiser University alongside @SenatorThurston. The future is bright and I know the people in this room will be many of the leaders of tomorrow. https://t.co/X8BiRT9LkW,1005490357210148866,137794015,RepTedDeutch,2018-06-09T16:42:36.000Z,1.0,1.0,other,other,True,1.0,"['irrelevant', 'relevant']","['A37WDOIQH6JM6V', 'ATR6RB1RULOC0']"
relevance_tweets17_1553,relevant,"I applaud the @USDOL's recent actions to allow groups, associations, and sole proprietors to sign up for association health plans (AHPs). This is a great option for qualifying families seeking more affordable health insurance → https://t.co/UGYQPdNu5H",1071053493140709376,237763317,RepHartzler,2018-12-07T14:47:06.000Z,1.0,1.0,policy prescription and evaluation,health and safety,True,1.0,"['relevant', 'relevant']","['A23WTODPHXZ68Y', 'A2Q1YS118AO2BP']"
relevance_tweets17_1554,relevant,@ericjlimbird I am waiting on this too!  And working on it to #MAGA,903997449542434818,240393970,RepJeffDuncan,2017-09-02T15:06:02.000Z,1.0,1.0,other,,True,1.0,"['relevant', 'relevant']","['A2KLJKDG90K1PP', 'A3CVY8G619MGTI']"
relevance_tweets17_1555,relevant,.@realdonaldtrump’s #TransBan is baseless and disrespects our brave service members who risk everything to protect us.,917820658129801216,40302336,RepJerryNadler,2017-10-10T18:34:31.000Z,1.0,1.0,morality,security and defense,True,1.0,"['relevant', 'relevant']","['A17D6BK59S31BM', 'ATR6RB1RULOC0']"
relevance_tweets17_1556,relevant,Censoring @CDCgov endangers the critical life-saving work of the agency. I joined a number of my colleagues in calling on @HHSGov Secretary nominee Azar to put science before ideology. https://t.co/7XLHslgjdC,943605454139219970,946549322,SenatorHassan,2017-12-20T22:14:06.000Z,1.0,1.0,political,other,True,1.0,"['irrelevant', 'relevant']","['A2Q1YS118AO2BP', 'A38DC3BG1ZCVZ2']"
relevance_tweets17_1557,relevant,Energy helps grow our economy. Glad to join @POTUS at order signing to roll back regs in way of energy development: https://t.co/IKBK2k5JIOhttps://t.co/qlN79TOBOL,846813767761612800,382791093,SenJohnHoeven,2017-03-28T19:58:29.000Z,1.0,1.0,economic,economic,True,1.0,"['relevant', 'relevant']","['A2Q1YS118AO2BP', 'ATR6RB1RULOC0']"
relevance_tweets17_1558,relevant,"@RockyNPS As citizens, we have a set of responsibilities to speak out, demand truth, &amp; question power when it falls short of our deepest values. https://t.co/wnkAvZUi4e",895774490675879936,224285242,SenatorBennet,2017-08-10T22:30:55.000Z,1.0,1.0,constitutionality and jurisprudence,morality,True,1.0,"['irrelevant', 'relevant']","['A2KLJKDG90K1PP', 'ACDX50KGPE97I']"
relevance_tweets17_1559,relevant,The emergency hotline is now open at 311 or 954-831-4000. I'll update again once we get PBC info.,905468313936961536,137794015,RepTedDeutch,2017-09-06T16:30:43.000Z,1.0,1.0,other,,True,1.0,"['relevant', 'irrelevant']","['A2Q1YS118AO2BP', 'ATR6RB1RULOC0']"
relevance_tweets17_1560,relevant,There's a better path forward. Real solutions to improve our #HealthCare system are within reach if Republicans &amp; Democrats work together.,890915166040326145,1099199839,MartinHeinrich,2017-07-28T12:41:42.000Z,1.0,1.0,political,political,True,1.0,"['irrelevant', 'relevant']","['A2Q1YS118AO2BP', 'ACDX50KGPE97I']"
relevance_tweets17_1561,relevant,Great meeting w. Ryan Duggan from W. Kingston &amp; Ray Angell from Prov. yesterday to discuss home building &amp; other issues @TheNRLA #LBMLegCon https://t.co/YtKK7Y5r6R,847116162542571525,18909919,JimLangevin,2017-03-29T16:00:06.000Z,1.0,1.0,health and safety,,True,1.0,"['relevant', 'irrelevant']","['A17D6BK59S31BM', 'A37WDOIQH6JM6V']"
relevance_tweets17_1562,relevant,Yesterday I joined w/ 33 of my @FinancialCmte colleagues  to nullify this crazy rule which hurts consumers. Drain the swamp!,888467362378153984,950328072,RepPittenger,2017-07-21T18:35:00.000Z,1.0,1.0,economic,,True,1.0,"['relevant', 'relevant']","['A17D6BK59S31BM', 'ATR6RB1RULOC0']"
relevance_tweets17_1563,relevant,"@PaulEGarcia6 I’d be glad to meet, although I’m not running for President. That’s my brother, Julian.",1079101899721375746,231510077,JoaquinCastrotx,2018-12-29T19:48:36.000Z,1.0,1.0,other,,True,1.0,"['irrelevant', 'relevant']","['A2KLJKDG90K1PP', 'A32CMQGGTSUK6Z']"
relevance_tweets17_1564,relevant,"#KavanughVote If Democrats regain control, I would become chair of the Judiciary Subcommittee on Courts, Intellectual Property &amp; the Internet. That subcommittee has the authority to subpoena witnesses &amp; documents related to Kavanaugh: https://t.co/uCmfJiQdOZ #DelayTheVote",1045758332932411392,24745957,RepHankJohnson,2018-09-28T19:33:10.000Z,1.0,1.0,political,political,True,1.0,"['relevant', 'relevant']","['A32CMQGGTSUK6Z', 'ATR6RB1RULOC0']"
relevance_tweets17_1565,relevant,Grateful for the service of these Ohioans - and thinking of those in #HurricaneHarvey's path.  Stay safe. https://t.co/oy0EomeFB0,901166518314119168,43910797,SenSherrodBrown,2017-08-25T19:36:55.000Z,1.0,1.0,health and safety,health and safety,True,1.0,"['irrelevant', 'irrelevant']","['A37WDOIQH6JM6V', 'ATR6RB1RULOC0']"
relevance_tweets17_1566,relevant,"#CongressCanRequest @POTUS' tax returns, which is why I joined my colleagues in demanding their release: https://t.co/f4i0oX3XAuhttps://t.co/x720DWgr50",838770797095321604,28599820,RepDianaDeGette,2017-03-06T15:18:36.000Z,1.0,1.0,political,policy prescription and evaluation,True,1.0,"['relevant', 'relevant']","['A2R2YZTSME1K3F', 'A3CVY8G619MGTI']"
relevance_tweets17_1567,relevant,President Trump did the right thing by withdrawing us from Paris treaty - it would hurt American companies and American workers,870381068041498624,18166778,Jim_Jordan,2017-06-01T20:46:32.000Z,1.0,1.0,external regulation and reputation,economic,True,1.0,"['relevant', 'relevant']","['A2KLJKDG90K1PP', 'A2R2YZTSME1K3F']"
relevance_tweets17_1568,relevant,"Before @realDonaldTrump starts ripping the new CBO report on #Trumpcare, let me remind him that he used to be one of the CBO's biggest fans. https://t.co/OOsDlxvFqE",841403383672102912,1206227149,RepMarkPocan,2017-03-13T21:39:33.000Z,1.0,1.0,political,policy prescription and evaluation,True,1.0,"['relevant', 'relevant']","['A23WTODPHXZ68Y', 'A32CMQGGTSUK6Z']"
relevance_tweets17_1569,relevant,"We are now outside McDonalds HQ as part of the Fight for 15
#fightfor15 #unionsforall https://t.co/49SvEk9hCP",1047896012625534976,24195214,janschakowsky,2018-10-04T17:07:33.000Z,1.0,1.0,policy prescription and evaluation,political,True,1.0,"['relevant', 'relevant']","['A2KLJKDG90K1PP', 'A3CVY8G619MGTI']"
relevance_tweets17_1570,relevant,"@bradleo1658 “The United States Department of Justice (DOJ), also known as the Justice Department, is a federal executive department of the U.S. government, responsible for the enforcement of the law and administration of justice in the United States”",997885339690729473,975200486,RepThomasMassie,2018-05-19T17:02:59.000Z,1.0,1.0,,,True,1.0,"['relevant', 'relevant']","['A2KLJKDG90K1PP', 'A2R2YZTSME1K3F']"
relevance_tweets17_1571,relevant,I enjoyed hearing about National History Day projects from Butterfield Middle School students in Van Buren. https://t.co/ewZySV6iG7,876580302554107905,968650362,SenTomCotton,2017-06-18T23:20:04.000Z,1.0,1.0,other,,True,1.0,"['irrelevant', 'irrelevant']","['A2R2YZTSME1K3F', 'ATR6RB1RULOC0']"
relevance_tweets17_1572,relevant,"Congrats to the 5 @NobSchools students who qualified for the international DECA competition! ""DECA is a student organization that prepares emerging business leaders &amp; entrepreneurs in marketing, finance, hospitality &amp; management..."" https://t.co/WGSU47gNnm",973685741791469569,1074101017,SusanWBrooks,2018-03-13T22:22:25.000Z,1.0,1.0,other,other,True,1.0,"['relevant', 'irrelevant']","['A2R2YZTSME1K3F', 'A3GUJ6JD25FX7O']"
relevance_tweets17_1573,relevant,Joined @RepBlumenauer @RosaDeLauro &amp; @chelliepingree to call for a better #FarmBill that includes job-creating opportunities for #UrbanAg. https://t.co/EybJaaLRdc,932965090973794304,581141508,RepMarcyKaptur,2017-11-21T13:33:05.000Z,1.0,1.0,policy prescription and evaluation,policy prescription and evaluation,True,1.0,"['irrelevant', 'relevant']","['A2Q1YS118AO2BP', 'ATR6RB1RULOC0']"
relevance_tweets17_1574,relevant,@SenateGOP is working hard to pass the worst version of #Trumpcare we’ve ever seen -- We’re still fighting to #ProtectOurCare.,910581328281776128,234014087,RepWilson,2017-09-20T19:08:01.000Z,1.0,1.0,health and safety,policy prescription and evaluation,True,1.0,"['relevant', 'relevant']","['A2R2YZTSME1K3F', 'A3CVY8G619MGTI']"
relevance_tweets17_1575,relevant,"(1) The bill makes the process of handling employment law claims smoother, faster, and fairer. The bill also creates an office of employee advocacy to ensure staff has access to legal counsel, just as Member offices are provided.",960931784136503297,2253968388,RepByrne,2018-02-06T17:42:45.000Z,1.0,1.0,constitutionality and jurisprudence,policy prescription and evaluation,True,1.0,"['relevant', 'relevant']","['A17D6BK59S31BM', 'A2KLJKDG90K1PP']"
relevance_tweets17_1576,relevant,We must keep pushing policies that create good-paying jobs &amp; ensure workers have skills they need to succeed #JuliaAtYourJob (3/3),895825294808018944,1243902714,RepBrownley,2017-08-11T01:52:48.000Z,1.0,1.0,policy prescription and evaluation,economic,True,1.0,"['irrelevant', 'relevant']","['A2Q1YS118AO2BP', 'A9K0CV70JWG1W']"
relevance_tweets17_1577,relevant,Today I sat with the families of workers killed in preventable workplace accidents. Congress must improve safety laws. #WorkersMemorialDay https://t.co/gcc7MQXjLx,858042117695954946,1037321378,RepMarkTakano,2017-04-28T19:35:57.000Z,1.0,1.0,health and safety,health and safety,True,1.0,"['relevant', 'relevant']","['A37WDOIQH6JM6V', 'A9K0CV70JWG1W']"
relevance_tweets17_1578,relevant,Rand Paul Wins Big on ‘Skinny Repeal’ After Multiple Meetings With Trump - Big League Politics https://t.co/D5k3RSxGZX,889990460579745792,216881337,RandPaul,2017-07-25T23:27:15.000Z,1.0,1.0,political,political,True,1.0,"['relevant', 'relevant']","['A17D6BK59S31BM', 'A38DC3BG1ZCVZ2']"
relevance_tweets17_1579,relevant,Fact: #Obamacare was modeled on Republican Governor Mitt Romney’s health reform in Massachusetts. Many of the same experts involved.,887475380440924165,486694111,SenJackReed,2017-07-19T00:53:13.000Z,1.0,1.0,political,health and safety,True,1.0,"['relevant', 'relevant']","['A2KLJKDG90K1PP', 'A3CVY8G619MGTI']"
relevance_tweets17_1580,relevant,I'm cosponsoring the #PaycheckFairnessAct on #EqualPayDay to help ensure women get #equalpay for equal work. https://t.co/jP9opxkibw,849339557267083265,995193054,RepDelBene,2017-04-04T19:15:05.000Z,1.0,1.0,constitutionality and jurisprudence,fairness and equality,True,1.0,"['relevant', 'relevant']","['A2R2YZTSME1K3F', 'A37WDOIQH6JM6V']"
relevance_tweets17_1581,relevant,February is American #HeartMonth &amp; the women of the Senate are coming together to raise awareness of heart health. Learn more at https://t.co/QaSaFAkAF3 #GoRedforWomen https://t.co/0CDEuffuNg,961288606794092544,92186819,maziehirono,2018-02-07T17:20:38.000Z,1.0,1.0,health and safety,health and safety,True,1.0,"['relevant', 'relevant']","['A37WDOIQH6JM6V', 'ATR6RB1RULOC0']"
relevance_tweets17_1582,relevant,About to be on CNN to discuss relief for #PuertoRico. https://t.co/nbhmR4iGzp,912693053567242240,164369297,NydiaVelazquez,2017-09-26T14:59:15.000Z,1.0,1.0,other,,True,1.0,"['relevant', 'relevant']","['A2Q1YS118AO2BP', 'A2R2YZTSME1K3F']"
relevance_tweets17_1583,relevant,"Veterans earned their benefits and shouldn't suffer because of the @DeptVetAffairs' IT problems.
#ICYMI: I asked the VA's Undersecretary for Benefits how they plan to repay G.I. Bill beneficiaries. Doing nothing is unacceptable. 
https://t.co/0LTdugUkyw",1068633365484589059,1135486501,RepScottPeters,2018-11-30T22:30:23.000Z,1.0,1.0,economic,economic,True,1.0,"['relevant', 'relevant']","['A2Q1YS118AO2BP', 'A2R2YZTSME1K3F']"
relevance_tweets17_1584,relevant,To those in Maine dealing with downed trees and loss of power – stay safe. Thankful to first responders and power crews for their hard work.,925029702921793536,1068481578,SenAngusKing,2017-10-30T16:00:42.000Z,1.0,1.0,other,health and safety,True,1.0,"['irrelevant', 'irrelevant']","['A2R2YZTSME1K3F', 'ATR6RB1RULOC0']"
relevance_tweets17_1585,relevant,"Had a great visit to Galveston County this weekend with County Judge Mark Henry to raise awareness of tax benefits that Harvey victims have access to, thanks to legislation I proudly sponsored that was signed into law last year. -&gt; https://t.co/M924VZepbH",953020263830048768,1074480192,SenTedCruz,2018-01-15T21:45:11.000Z,1.0,1.0,economic,policy prescription and evaluation,True,1.0,"['relevant', 'relevant']","['A17D6BK59S31BM', 'A2R2YZTSME1K3F']"
relevance_tweets17_1586,relevant,"WATCH: I delivered a speech on the House floor urging the Senate to #ConfirmKavanaugh. This circus must end. The Senate should vote on Judge Kavanaugh, approve him to serve on the Supreme Court, and allow our great country to move forward. https://t.co/1P6atQBwP7",1045718946131906561,2253968388,RepByrne,2018-09-28T16:56:39.000Z,1.0,1.0,political,constitutionality and jurisprudence,True,1.0,"['relevant', 'relevant']","['A2KLJKDG90K1PP', 'A32CMQGGTSUK6Z']"
relevance_tweets17_1587,relevant,GREAT news! The House has passed H.R. 4712 to require that a baby born alive during a failed abortion procedure receives the same medical care that any other baby receives. Proud we've taken this action during the @March_for_Life. #WhyWeMarch https://t.co/wMDf9NsxLW,954401332621955073,224294785,MarthaRobyAL,2018-01-19T17:13:04.000Z,1.0,1.0,fairness and equality,health and safety,True,1.0,"['relevant', 'relevant']","['A2R2YZTSME1K3F', 'A32CMQGGTSUK6Z']"
relevance_tweets17_1588,relevant,I'm proud of cities like #Chicago that ensure #publictransit is accessible to all members of the community. Great to see how @PaceSuburbanBus has taken advantage of recent road rebuilding &amp; widening to connect commuters to their destination. #MikeOnTheMove https://t.co/OStIdbHVdJ,941757283549270021,56864092,RepMikeQuigley,2017-12-15T19:50:08.000Z,1.0,1.0,quality of life,policy prescription and evaluation,True,1.0,"['relevant', 'relevant']","['A2Q1YS118AO2BP', 'A32CMQGGTSUK6Z']"
relevance_tweets17_1589,relevant,"We can't keep funding the government just weeks at a time. That's no way to run the corner grocery store, let alone the world's largest economy. The American people and our military deserve better.
My interview with @FoxNews: https://t.co/qDXhK9ulTJ",955457932073799682,1045110018,RepDanKildee,2018-01-22T15:11:37.000Z,1.0,1.0,economic,capacity and resources,True,1.0,"['relevant', 'relevant']","['A2R2YZTSME1K3F', 'ACDX50KGPE97I']"
relevance_tweets17_1590,relevant,"The House will consider 12 bills, including several bills to improve care &amp; benefits at @DeptVetAffairs. https://t.co/Fml4nVBWMt",867063237040275456,22012091,LeaderHoyer,2017-05-23T17:02:39.000Z,1.0,1.0,constitutionality and jurisprudence,health and safety,True,1.0,"['relevant', 'relevant']","['A17D6BK59S31BM', 'A37WDOIQH6JM6V']"
relevance_tweets17_1591,relevant,TODAY I'm chairing a Millennial Task Force hearing on the potential of hydropower and our workforce. Submit your questions using #GOPFuture.,912371311850278912,2962813893,RepStefanik,2017-09-25T17:40:46.000Z,1.0,1.0,,,True,1.0,"['irrelevant', 'relevant']","['A32CMQGGTSUK6Z', 'ATR6RB1RULOC0']"
relevance_tweets17_1592,relevant,Very proud to join colleagues in House &amp; Senate to reintroduce the bipartisan Steel Industry Preservation Act. https://t.co/eRVkcLxaH4 #Jobs,827600671989972992,935368364,MikeKellyPA,2017-02-03T19:32:30.000Z,1.0,1.0,policy prescription and evaluation,policy prescription and evaluation,True,1.0,"['relevant', 'relevant']","['A2R2YZTSME1K3F', 'A32CMQGGTSUK6Z']"
relevance_tweets17_1593,relevant,.@FERC’s decision-making has a direct effect on the quality of life and safety of the residents of #MA08. https://t.co/aWXkaN2CWl,870315721531805697,310310133,RepStephenLynch,2017-06-01T16:26:52.000Z,1.0,1.0,quality of life,quality of life,True,1.0,"['relevant', 'relevant']","['A17D6BK59S31BM', 'A2KLJKDG90K1PP']"
relevance_tweets17_1594,relevant,"Today’s #SCOTUS decision on the #MuslimBan goes against our American values. Policies of hate and discrimination do not belong in our country or anywhere ever. #CourtsMatter 
https://t.co/uN4xDPiMIC",1011674801247793154,250188760,RonWyden,2018-06-26T18:17:23.000Z,1.0,1.0,morality,policy prescription and evaluation,True,1.0,"['relevant', 'relevant']","['A2R2YZTSME1K3F', 'ATR6RB1RULOC0']"
relevance_tweets17_1595,relevant,Joe &amp; Maureen Bush from Davenport talked to me about infrastructure appropriations https://t.co/fhDCVMAoMx,989575890240786432,10615232,ChuckGrassley,2018-04-26T18:44:12.000Z,1.0,1.0,health and safety,,True,1.0,"['relevant', 'relevant']","['A2R2YZTSME1K3F', 'ATR6RB1RULOC0']"
relevance_tweets17_1596,relevant,"For #SOTU my colleagues and I wore black to show solidarity with survivors of sexual harassment, the #MeToo and #TimesUp movements. Check out some great moments from the day on my medium page https://t.co/Xc2J7RwbGZ",959161958816731136,1077121945,RepLoisFrankel,2018-02-01T20:30:06.000Z,1.0,1.0,,other,True,1.0,"['relevant', 'relevant']","['A17D6BK59S31BM', 'ATR6RB1RULOC0']"
relevance_tweets17_1597,irrelevant,Joining @DanProft &amp; @AmyJacobson on @AM560TheAnswer shortly. Tune in! #GoPackGo,1012298158691504128,234022257,SeanDuffyWI,2018-06-28T11:34:23.000Z,0.0,0.0,,,True,0.0,"['relevant', 'irrelevant']","['A17D6BK59S31BM', 'A3CVY8G619MGTI']"
relevance_tweets17_1598,relevant,Happy #NationalHBCUWeek ! Join in the celebration. Read my full announcement here https://t.co/VVKPN5PFiphttps://t.co/6yqnoHzfxE,910176659717988352,1531521632,RepBeatty,2017-09-19T16:20:00.000Z,1.0,1.0,other,,True,1.0,"['irrelevant', 'irrelevant']","['A17D6BK59S31BM', 'A3CVY8G619MGTI']"
relevance_tweets17_1599,relevant,EDITORIAL: Promoting Energy Independence https://t.co/TW6nXaJYwr #ar4 #arnews @NatResources,829402866108469248,2852998461,RepWesterman,2017-02-08T18:53:47.000Z,1.0,1.0,policy prescription and evaluation,,True,1.0,"['irrelevant', 'relevant']","['ACDX50KGPE97I', 'ATR6RB1RULOC0']"
relevance_tweets17_1600,relevant,"Unfair wages paid to women have a ripple effect on families, communities and society. We must do more to close the wage gap. #EqualPayDay",849315020131508224,476256944,SenFeinstein,2017-04-04T17:37:34.000Z,1.0,1.0,economic,fairness and equality,True,1.0,"['relevant', 'relevant']","['A17D6BK59S31BM', 'A2Q1YS118AO2BP']"
relevance_tweets17_1601,relevant,Talking to @thehill about my role on Hispanic Serving Institutions Caucus &amp; importance of educating future leaders https://t.co/6C69tnXUgO,885558756435689472,2963445730,WillHurd,2017-07-13T17:57:15.000Z,1.0,1.0,other,policy prescription and evaluation,True,1.0,"['relevant', 'relevant']","['A2R2YZTSME1K3F', 'A3CVY8G619MGTI']"
relevance_tweets17_1602,relevant,Congratulations to @GovernorPerry on being confirmed as Energy Secretary. Read more: https://t.co/A4PPkCFzo5https://t.co/vc2xxcmuNT,837386900684013568,1048784496,SenKevinCramer,2017-03-02T19:39:29.000Z,1.0,1.0,political,,True,1.0,"['relevant', 'relevant']","['A2KLJKDG90K1PP', 'A2R2YZTSME1K3F']"
relevance_tweets17_1603,relevant,"More Jobs - Fairer Taxes - Bigger Paychecks
Our plan cuts taxes for all Americans. #TaxReform https://t.co/dLuPs3B5sw",913387879702908928,41417564,RepSmucker,2017-09-28T13:00:15.000Z,1.0,1.0,economic,policy prescription and evaluation,True,1.0,"['relevant', 'relevant']","['A23WTODPHXZ68Y', 'A2R2YZTSME1K3F']"
relevance_tweets17_1604,relevant,Looking forward to a robust discussion on the AIRR Act. #aviation #reform @Transport https://t.co/t0Ppx1Jvkp,879719786246279169,2382685057,RepRobWoodall,2017-06-27T15:15:16.000Z,1.0,1.0,constitutionality and jurisprudence,,True,1.0,"['relevant', 'relevant']","['A17D6BK59S31BM', 'A2KLJKDG90K1PP']"
relevance_tweets17_1605,relevant,Looks like soybean harvest is back in full swing near Devils Lake. Farmers are doing their job – now it’s time for the administration to stop messing with their markets and end this damaging trade war so these soybeans have somewhere to go. https://t.co/e2SMEMdXb2,1053448473213845504,1061029050,SenatorHeitkamp,2018-10-20T00:51:02.000Z,1.0,1.0,economic,other,True,1.0,"['relevant', 'relevant']","['A2R2YZTSME1K3F', 'A32CMQGGTSUK6Z']"
relevance_tweets17_1606,relevant,"I joined @NLC for their successful event in SA. Now more than ever, it is important that young leaders get involved in all aspects of gov. https://t.co/0MfpqYabaA",901213363035877376,153944899,RepLloydDoggett,2017-08-25T22:43:04.000Z,1.0,1.0,political,political,True,1.0,"['relevant', 'relevant']","['A2R2YZTSME1K3F', 'A37WDOIQH6JM6V']"
relevance_tweets17_1607,relevant,This report that Facebook gave a Chinese firm flagged by U.S. intelligence access to user data is yet another example of questionable business practices by Facebook that could undermine basic consumer privacy.  https://t.co/qpMp3defOj,1004461056025157632,20597460,SenBillNelson,2018-06-06T20:32:32.000Z,1.0,1.0,other,other,True,1.0,"['relevant', 'irrelevant']","['A17D6BK59S31BM', 'A2Q1YS118AO2BP']"
relevance_tweets17_1608,relevant,Dozens of people sought to bring evidence forward and felt they were not heard. Key witnesses—including Judge Kavanaugh and Dr. Blasey Ford—were not even interviewed.,1047952930559746048,1099199839,MartinHeinrich,2018-10-04T20:53:43.000Z,1.0,1.0,fairness and equality,"law and order, crime and justice",True,1.0,"['relevant', 'relevant']","['A9K0CV70JWG1W', 'ACDX50KGPE97I']"
relevance_tweets17_1609,relevant,SNAP is one of our country’s most effective social programs working towards ending hunger for 42 million people that rely on it to put food on the table. #SNAPtoEndHunger,968587795630608384,1077121945,RepLoisFrankel,2018-02-27T20:45:00.000Z,1.0,1.0,other,policy prescription and evaluation,True,1.0,"['irrelevant', 'relevant']","['A2Q1YS118AO2BP', 'A3GUJ6JD25FX7O']"
relevance_tweets17_1610,relevant,"Meet my 2018 #ServiceAcademy nominees: Norman Spector and Zachary Stevens, who have been accepted to the @NavalAcademy, and Minki Seo and Eric Butte, who have been accepted to @WestPoint_USMA. Congratulations, gentlemen. I know you'll make our country proud! https://t.co/5mfXXcweQf",1002204690652725248,2293131060,RepKClark,2018-05-31T15:06:32.000Z,1.0,1.0,other,,True,1.0,"['relevant', 'irrelevant']","['A2Q1YS118AO2BP', 'A2R2YZTSME1K3F']"
relevance_tweets17_1611,relevant,"3 ""so-called judges"" reaffirmed what we all knew to be true: you can't shred the constitution just because you feel like it #RefugeesWelcome",829855409661960192,1074129612,RepVeasey,2017-02-10T00:52:02.000Z,1.0,1.0,constitutionality and jurisprudence,constitutionality and jurisprudence,True,1.0,"['relevant', 'relevant']","['A2R2YZTSME1K3F', 'A3GUJ6JD25FX7O']"
relevance_tweets17_1612,relevant,Americans need @POTUS to unite us &amp; help families succeed. Trump's #JointSession speech just offered same dangerous &amp; divisive agenda.,836802101728710657,242426145,RepMcGovern,2017-03-01T04:55:42.000Z,1.0,1.0,political,policy prescription and evaluation,True,1.0,"['relevant', 'relevant']","['A23WTODPHXZ68Y', 'A2R2YZTSME1K3F']"
relevance_tweets17_1613,relevant,"Today, I spoke about the need for a stronger and quicker federal response to save American lives in the US Virgin Islands and Puerto Rico. https://t.co/yXZJdrXr4v",913549276181123072,22812754,RepGregoryMeeks,2017-09-28T23:41:35.000Z,1.0,1.0,political,security and defense,True,1.0,"['relevant', 'relevant']","['A32CMQGGTSUK6Z', 'A3CVY8G619MGTI']"
relevance_tweets17_1614,relevant,Working people deserve #ABetterDeal than the one @realDonaldTrump is giving them https://t.co/QpMWzVysEU,948309678429229056,462143773,RepCicilline,2018-01-02T21:47:00.000Z,1.0,1.0,quality of life,quality of life,True,1.0,"['relevant', 'relevant']","['A17D6BK59S31BM', 'A37WDOIQH6JM6V']"
relevance_tweets17_1615,relevant,@EPAScottPruitt @AP Personally attacking a reporter and obscuring the facts to create a misleading impression is an inappropriate use of taxpayer resources.,907604886405165057,516880804,BettyMcCollum04,2017-09-12T14:00:42.000Z,1.0,1.0,morality,other,True,1.0,"['relevant', 'relevant']","['A2R2YZTSME1K3F', 'ATR6RB1RULOC0']"
relevance_tweets17_1616,relevant,"Emily Decker, a senior at @WHSWarriors of @UCPS_MonroeNC, for her graphite drawing titled “Realization.” #CongressionalArtCompetition https://t.co/CnqKkEpAzn",859422981453340675,950328072,RepPittenger,2017-05-02T15:03:00.000Z,1.0,1.0,,,True,1.0,"['relevant', 'irrelevant']","['A2Q1YS118AO2BP', 'ACDX50KGPE97I']"
relevance_tweets17_1617,relevant,@leodiogoo As a former educator I know how important public school funding is to our students. You can count on my support.,902920968032710656,258900199,RepMaloney,2017-08-30T15:48:28.000Z,1.0,1.0,other,capacity and resources,True,1.0,"['relevant', 'irrelevant']","['A17D6BK59S31BM', 'A23WTODPHXZ68Y']"
relevance_tweets17_1618,relevant,Thanks @SAICinc for taking the time to discuss important advancements! #SMDSymposium https://t.co/0SPtC6A3Zo,895375644808368130,237299871,RepMoBrooks,2017-08-09T20:06:03.000Z,1.0,1.0,policy prescription and evaluation,policy prescription and evaluation,True,1.0,"['irrelevant', 'irrelevant']","['A2Q1YS118AO2BP', 'A3CVY8G619MGTI']"
relevance_tweets17_1619,relevant,Florida’s Democratic congressional delegation called on Gov. Scott and the state to immediately withdraw from a lawsuit aimed at dismantling the ACA and undoing critical protections included in the law for people with preexisting conditions. https://t.co/95hJFtXrIfhttps://t.co/Vbqgs6yeCp,1007020295876698116,1880674038,USRepKCastor,2018-06-13T22:02:02.000Z,1.0,1.0,"law and order, crime and justice",policy prescription and evaluation,True,1.0,"['relevant', 'relevant']","['A38DC3BG1ZCVZ2', 'A3CVY8G619MGTI']"
relevance_tweets17_1620,relevant,Susan B. Anthony was born today in 1820. She dedicated her life to women's suffrage and abolishing slavery. We thank her for her efforts. https://t.co/La44fj79BM,831903599831584768,236916916,RepJimRenacci,2017-02-15T16:30:48.000Z,1.0,1.0,other,fairness and equality,True,1.0,"['relevant', 'relevant']","['A2KLJKDG90K1PP', 'A2Q1YS118AO2BP']"
relevance_tweets17_1621,relevant,Hosting a community conversation tonight at @okchristian from 5-6pm. Looking forward to the conversation! https://t.co/PV03XGhrMC,902533915495325696,225921757,SenatorLankford,2017-08-29T14:10:28.000Z,1.0,1.0,other,,True,1.0,"['irrelevant', 'irrelevant']","['A2Q1YS118AO2BP', 'A38DC3BG1ZCVZ2']"
relevance_tweets17_1622,relevant,"@amyharlib I voted no on this bill in the House and will con’t to fight against any tax bill that hurts NYers, students, and middle class families.",937804352118509571,258900199,RepMaloney,2017-12-04T22:02:35.000Z,1.0,1.0,constitutionality and jurisprudence,policy prescription and evaluation,True,1.0,"['relevant', 'relevant']","['A17D6BK59S31BM', 'ACDX50KGPE97I']"
relevance_tweets17_1623,relevant,"#SoFla folks whose property was damaged by #HurricaneIrma have 2 more days 2 apply 4 federal disaster assistance from @fema and @SBAgov. Find a Disaster Recovery Center 2 apply by Friday, 11/24: https://t.co/zSMwlmEyqA",933429607918985216,14275291,RosLehtinen,2017-11-22T20:18:55.000Z,1.0,1.0,health and safety,health and safety,True,1.0,"['relevant', 'irrelevant']","['A2Q1YS118AO2BP', 'A32CMQGGTSUK6Z']"
relevance_tweets17_1624,relevant,Following developments out of #London this evening. Prayers go out to all affected.,871167903235756032,233737858,SenRonJohnson,2017-06-04T00:53:08.000Z,1.0,1.0,other,,True,1.0,"['irrelevant', 'irrelevant']","['A37WDOIQH6JM6V', 'ATR6RB1RULOC0']"
relevance_tweets17_1625,relevant,Want to know more about the Tax Cuts and Jobs Act? Click here: https://t.co/Zf3hyrf3p0,943256444966711296,233693291,RepRickCrawford,2017-12-19T23:07:15.000Z,1.0,1.0,,economic,True,1.0,"['relevant', 'relevant']","['A2R2YZTSME1K3F', 'A37WDOIQH6JM6V']"
relevance_tweets17_1626,relevant,"Scott Pruitt has shown time &amp; again he is more interested in using his power to help himself, his campaign donors &amp; his industry friends than protecting families' health and safety. It’s time for him to resign.",986958342684688385,293131808,PattyMurray,2018-04-19T13:23:00.000Z,1.0,1.0,political,health and safety,True,1.0,"['relevant', 'relevant']","['A37WDOIQH6JM6V', 'A3CVY8G619MGTI']"
relevance_tweets17_1627,relevant,The epidemic of gun violence in our country is not normal. It is not acceptable. @GOP finally needs to end the denial and work to stop these tragedies from taking place again and again. https://t.co/aO0A2ioHd1,964150271508144129,31801993,FrankPallone,2018-02-15T14:51:52.000Z,1.0,1.0,health and safety,health and safety,True,1.0,"['relevant', 'relevant']","['A2KLJKDG90K1PP', 'ACDX50KGPE97I']"
relevance_tweets17_1628,relevant,"The Senate Environment and Public Works Committee is investigating Pruitt’s use of multiple email accounts, and whether he evaded FOIA requests. https://t.co/n2RkziB89O",986714811638697984,2962868158,RepDonBeyer,2018-04-18T21:15:18.000Z,1.0,1.0,economic,"law and order, crime and justice",True,1.0,"['irrelevant', 'relevant']","['A2Q1YS118AO2BP', 'A32CMQGGTSUK6Z']"
relevance_tweets17_1629,relevant,"Happy birthday to the #AntiquitiesAct! From Birmingham's Civil Rights National Monument to the Grand Canyon, this law protects our landmarks https://t.co/o523V0lPya",872859220026298368,381152398,RepTerriSewell,2017-06-08T16:53:49.000Z,1.0,1.0,constitutionality and jurisprudence,policy prescription and evaluation,True,1.0,"['relevant', 'relevant']","['A2KLJKDG90K1PP', 'A32CMQGGTSUK6Z']"
relevance_tweets17_1630,relevant,A must-read from @cathymcmorris: My son has a preexisting condition. He’s one of the reasons I voted for the AHCA. https://t.co/h05z8G4QWy,861668231412678657,22509548,DarrellIssa,2017-05-08T19:44:50.000Z,1.0,1.0,health and safety,policy prescription and evaluation,True,1.0,"['relevant', 'relevant']","['A17D6BK59S31BM', 'ACDX50KGPE97I']"
relevance_tweets17_1631,relevant,"Congratulations Nicholas Cordero of Cave Springs, #AR for winning the 2016 @SamsungMobile Scholarship Award hosted by the @AmericanLegion https://t.co/YxFxRKLhvN",872493987126550528,234469322,rep_stevewomack,2017-06-07T16:42:31.000Z,1.0,1.0,other,,True,1.0,"['relevant', 'irrelevant']","['A2Q1YS118AO2BP', 'A2R2YZTSME1K3F']"
relevance_tweets17_1632,relevant,"More than 1,000 families in #Queens and the #Bronx would lose their #SNAP food assistance if the #GOPFarmBill passes.
I refuse to let Republicans take food away from children. #ProtectSNAP. https://t.co/uMHS1vEJNZ",997482187078299655,111635980,JoeCrowleyNY,2018-05-18T14:21:00.000Z,1.0,1.0,constitutionality and jurisprudence,quality of life,True,1.0,"['relevant', 'relevant']","['A17D6BK59S31BM', 'A3GUJ6JD25FX7O']"
relevance_tweets17_1633,relevant,Great to be in Clendenin today with the Mayor and Delegate Jeffries. More work is needed to recover from the floods. #wv02 https://t.co/yNxN0ac0IE,1054904412261494784,2964526557,RepAlexMooney,2018-10-24T01:16:25.000Z,1.0,1.0,security and defense,health and safety,True,1.0,"['irrelevant', 'relevant']","['A2Q1YS118AO2BP', 'A38DC3BG1ZCVZ2']"
relevance_tweets17_1634,relevant,I joined several of my colleagues asking @POTUS to reverse the damaging hiring freeze on the VA he signed this week https://t.co/Vr8x11FqgO,825049000923521024,85396297,RepJoeCourtney,2017-01-27T18:33:05.000Z,1.0,1.0,political,policy prescription and evaluation,True,1.0,"['irrelevant', 'relevant']","['A2Q1YS118AO2BP', 'A38DC3BG1ZCVZ2']"
relevance_tweets17_1635,relevant,Proud of #NYC’s brave emergency workers heading to Florida to respond to the impact of #Irma. https://t.co/yKGmdK3Ta0 1/,906691884038402048,111635980,JoeCrowleyNY,2017-09-10T01:32:45.000Z,1.0,1.0,health and safety,,True,1.0,"['irrelevant', 'irrelevant']","['A2KLJKDG90K1PP', 'ATR6RB1RULOC0']"
relevance_tweets17_1636,relevant,'How You Can Help in the Effort to Curb #Opioid Abuse' - My latest column discusses the #opioidcrisis &amp; @artakeback. https://t.co/V3aobGU1Zt,922572662131396608,5558312,JohnBoozman,2017-10-23T21:17:17.000Z,1.0,1.0,health and safety,health and safety,True,1.0,"['irrelevant', 'irrelevant']","['A23WTODPHXZ68Y', 'A32CMQGGTSUK6Z']"
relevance_tweets17_1637,relevant,@danpfeiffer I was there. No one said that. It had all the glee of a funeral,1075956863492071424,404132211,RepRickLarsen,2018-12-21T03:31:21.000Z,1.0,1.0,other,other,True,1.0,"['relevant', 'relevant']","['A17D6BK59S31BM', 'A2Q1YS118AO2BP']"
relevance_tweets17_1638,relevant,@realDonaldTrump The only question is whether this was the price of Ivanka’s trademarks and the $500 million loan to an Indonesia Trump development.,1004735041266765824,250188760,RonWyden,2018-06-07T14:41:15.000Z,1.0,1.0,economic,other,True,1.0,"['relevant', 'relevant']","['A2KLJKDG90K1PP', 'A32CMQGGTSUK6Z']"
relevance_tweets17_1639,relevant,Speaking now @FSCDems hearing raising concerns about the Financial CHOICE Act of 2017 #WrongCHOICEAct https://t.co/G6YXf2spZr,857268457414553600,310310133,RepStephenLynch,2017-04-26T16:21:42.000Z,1.0,1.0,policy prescription and evaluation,policy prescription and evaluation,True,1.0,"['irrelevant', 'relevant']","['A2Q1YS118AO2BP', 'A37WDOIQH6JM6V']"
relevance_tweets17_1640,relevant,"If I determine Judge #Gorsuch is out of the mainstream, I will pursue every legal tool to block #SCOTUSnominee - including the filibuster",826806866772635649,278124059,SenBlumenthal,2017-02-01T14:58:13.000Z,1.0,1.0,other,political,True,1.0,"['irrelevant', 'relevant']","['A2Q1YS118AO2BP', 'A3CVY8G619MGTI']"
relevance_tweets17_1641,relevant,"You can buy or change your health care plan starting TOMORROW. 
Visit https://t.co/5Wbb3TXgGu to compare plans &amp; #GetCovered https://t.co/ZdxwewZxqR",925433735436275714,3122099613,DonaldNorcross,2017-10-31T18:46:10.000Z,1.0,1.0,health and safety,health and safety,True,1.0,"['irrelevant', 'irrelevant']","['A37WDOIQH6JM6V', 'A38DC3BG1ZCVZ2']"
relevance_tweets17_1642,relevant,Join me in Canarsie for mtg this evening w/ Army Corp of Engineers to discuss Storm Resiliency https://t.co/0L4NIBSrbm,837431418443685888,467823431,RepJeffries,2017-03-02T22:36:23.000Z,1.0,1.0,security and defense,,True,1.0,"['irrelevant', 'relevant']","['A23WTODPHXZ68Y', 'A2Q1YS118AO2BP']"
relevance_tweets17_1643,relevant,I voted YEA for #RightToTry to improve access to experimental medications for terminally ill patients. I look forward to the President’s signature on this legislation. Read my fell statement below: https://t.co/wycK6FJwQq,999040230379413504,234469322,rep_stevewomack,2018-05-22T21:32:06.000Z,1.0,1.0,policy prescription and evaluation,health and safety,True,1.0,"['relevant', 'relevant']","['A2R2YZTSME1K3F', 'A32CMQGGTSUK6Z']"
relevance_tweets17_1644,relevant,"Trump family involved in negotiating Trump hotel rates for Trump inaugural. 
Also: report that inaugural laundered donor payments directly to vendors to avoid reporting.  
The sleaze never ends... https://t.co/FVdwZjhwxw",1074710815842828294,242555999,SenWhitehouse,2018-12-17T17:00:00.000Z,1.0,1.0,"law and order, crime and justice",political,True,1.0,"['relevant', 'relevant']","['A2R2YZTSME1K3F', 'A3CVY8G619MGTI']"
relevance_tweets17_1645,relevant,We cannot allow Trump admin. to turn #MA’s Georges Bank into #BigOil’s bank w/ dangerous offshore oil &amp; gas drilling. #KillTheDrill,857728569178501120,21406834,SenMarkey,2017-04-27T22:50:01.000Z,1.0,1.0,economic,policy prescription and evaluation,True,1.0,"['relevant', 'relevant']","['A17D6BK59S31BM', 'ATR6RB1RULOC0']"
relevance_tweets17_1646,irrelevant,"From my family to yours, we wish you a very Merry Christmas! https://t.co/IuL3IMe1y2",945328412880666626,20053279,RepPeteOlson,2017-12-25T16:20:31.000Z,0.0,0.0,,,True,0.0,"['irrelevant', 'irrelevant']","['A32CMQGGTSUK6Z', 'ATR6RB1RULOC0']"
relevance_tweets17_1647,relevant,.@POTUS listened to WV miners &amp; others who struggled. He is making good on his promise and putting them back to work.,846791199549739010,193794406,SenCapito,2017-03-28T18:28:49.000Z,1.0,1.0,economic,other,True,1.0,"['relevant', 'relevant']","['A2KLJKDG90K1PP', 'ATR6RB1RULOC0']"
relevance_tweets17_1648,relevant,"@Frandals You can count on me to stand by SNAP. This is a key safety net program that we need to bolster, not cut.",1034168748683538437,258900199,RepMaloney,2018-08-27T20:00:18.000Z,1.0,1.0,health and safety,policy prescription and evaluation,True,1.0,"['relevant', 'relevant']","['A17D6BK59S31BM', 'ATR6RB1RULOC0']"
relevance_tweets17_1649,relevant,Cell service is critical for public safety &amp; the economy in Mitchell. T-Mobile recognized this need &amp; stepped up.,839639985762467840,250188760,RonWyden,2017-03-09T00:52:27.000Z,1.0,1.0,economic,security and defense,True,1.0,"['irrelevant', 'relevant']","['A37WDOIQH6JM6V', 'A38DC3BG1ZCVZ2']"
relevance_tweets17_1650,relevant,Welcoming back Nevadans to Washington to discuss the importance of a strong US-Israel relationship. https://t.co/Z1OVnk41p0,846790230363586560,122174004,repdinatitus,2017-03-28T18:24:58.000Z,1.0,1.0,external regulation and reputation,external regulation and reputation,True,1.0,"['relevant', 'relevant']","['A2R2YZTSME1K3F', 'ATR6RB1RULOC0']"
relevance_tweets17_1651,relevant,I stand w/ the Albert Lea community &amp; share their concerns about the area’s future following Mayo’s decision. https://t.co/leL7eEvJVE,888062744066482176,1262814457,RepTimWalz,2017-07-20T15:47:12.000Z,1.0,1.0,other,external regulation and reputation,True,1.0,"['relevant', 'relevant']","['A2R2YZTSME1K3F', 'A38DC3BG1ZCVZ2']"
relevance_tweets17_1652,relevant,Our #veterans are our country’s finest men &amp; women. Summit at @Minotstate today is focused on helping veterans find work.,927569486697390080,382791093,SenJohnHoeven,2017-11-06T16:12:53.000Z,1.0,1.0,security and defense,security and defense,True,1.0,"['relevant', 'relevant']","['A3GUJ6JD25FX7O', 'ATR6RB1RULOC0']"
relevance_tweets17_1653,relevant,"From @CNBC: Consumer confidence pops in August to the highest level since October 2000--another indicator of a strong economy.
“These historically high confidence levels should continue to support healthy consumer spending in the near-term"" https://t.co/qctqTcvHsB",1034863350587568129,3686482216,RepLaHood,2018-08-29T18:00:24.000Z,1.0,1.0,economic,economic,True,1.0,"['relevant', 'relevant']","['A17D6BK59S31BM', 'A2R2YZTSME1K3F']"
relevance_tweets17_1654,relevant,"Last month, I wrote an open letter to farmers &amp; ranchers regarding the threat of NAFTA withdrawal &amp; urging Ag groups to rally folks to speak up regarding the importance of trade in your industry. #Farmers4NAFTA Read the full letter in @agripulse: https://t.co/VJCqB4Kb0L",938466269669576704,18632666,JerryMoran,2017-12-06T17:52:49.000Z,1.0,1.0,economic,economic,True,1.0,"['relevant', 'relevant']","['A32CMQGGTSUK6Z', 'A37WDOIQH6JM6V']"
relevance_tweets17_1655,relevant,"JUST ANNOUNCED
The Firefighter Cancer Registry Act we've been working on for so long has finally become law.  Being able to track, prevent, and treat the cancers imperiling these American heroes is the least we can do for them. https://t.co/t2ANOy3mcShttps://t.co/AiGiliwqOO",1016358033272786944,18695134,SenatorMenendez,2018-07-09T16:26:52.000Z,1.0,1.0,constitutionality and jurisprudence,policy prescription and evaluation,True,1.0,"['relevant', 'relevant']","['A2KLJKDG90K1PP', 'A32CMQGGTSUK6Z']"
relevance_tweets17_1656,relevant,"Introduced the bipartisan SUCCESS Act with @RepAdams today. This legislation is a strong step forward in making sure underrepresented groups have the best opportunity to succeed as entrepreneurs, small business owners, and innovators themselves. https://t.co/uowqiG5Qs8 #VA10 https://t.co/vxGAknxdJU",1020015733831585797,2933760046,RepComstock,2018-07-19T18:41:16.000Z,1.0,1.0,fairness and equality,policy prescription and evaluation,True,1.0,"['relevant', 'relevant']","['A17D6BK59S31BM', 'A3CVY8G619MGTI']"
relevance_tweets17_1657,relevant,"If you want to know #WhatsAtStake, take Trump at his own words. Judge Kavanaugh’s nomination is a clear threat to women’s reproductive rights. The Senate must #SaveSCOTUS and block this dangerous nomination! #StopKavanaugh https://t.co/XLMsJ4mSsI",1016775314842644480,1077121945,RepLoisFrankel,2018-07-10T20:05:00.000Z,1.0,1.0,political,policy prescription and evaluation,True,1.0,"['relevant', 'relevant']","['A17D6BK59S31BM', 'A32CMQGGTSUK6Z']"
relevance_tweets17_1658,relevant,Should children in the First State be forced to live with the consequences of decisions made by polluters hundreds of miles away? https://t.co/63dT2OXkcd,821758405484408832,249787913,SenatorCarper,2017-01-18T16:37:26.000Z,1.0,1.0,fairness and equality,fairness and equality,True,1.0,"['relevant', 'relevant']","['A2R2YZTSME1K3F', 'A32CMQGGTSUK6Z']"
relevance_tweets17_1659,irrelevant,Set three Iowa st 32 UNI 30. Iowa st match winner,1034980466976272384,10615232,ChuckGrassley,2018-08-30T01:45:46.000Z,0.0,0.0,,,True,0.0,"['irrelevant', 'irrelevant']","['A2KLJKDG90K1PP', 'A2R2YZTSME1K3F']"
relevance_tweets17_1660,relevant,Glad to see that Pima County will no longer be contracting with private prison companies. The mass incarceration policies in this country that award &amp; incentivize detaining individuals has been detrimental to communities of color &amp; severely tainted our judicial system. https://t.co/Cj136vqago,943510757668507648,28602948,RepRaulGrijalva,2017-12-20T15:57:48.000Z,1.0,1.0,morality,quality of life,True,1.0,"['relevant', 'relevant']","['A17D6BK59S31BM', 'A23WTODPHXZ68Y']"
relevance_tweets17_1661,relevant,Marching over to the Senate Judiciary Committee with @HouseDemWomen to protest the vote on #Kavanaugh. We #BelieveChristine https://t.co/i76MLUs9lS,1045666388583600129,24195214,janschakowsky,2018-09-28T13:27:49.000Z,1.0,1.0,political,policy prescription and evaluation,True,1.0,"['relevant', 'relevant']","['A2KLJKDG90K1PP', 'A2Q1YS118AO2BP']"
relevance_tweets17_1662,relevant,"Poland inks huge natural gas deal with US, becoming less reliant on Russia https://t.co/zvew4fktUs",1060662656661622785,13218102,JohnCornyn,2018-11-08T22:37:38.000Z,1.0,1.0,external regulation and reputation,external regulation and reputation,True,1.0,"['relevant', 'relevant']","['A37WDOIQH6JM6V', 'A38DC3BG1ZCVZ2']"
relevance_tweets17_1663,relevant,"In this week's weekly update, I discuss my recent visit to South Korea to discuss national security issues. https://t.co/ZyvixxoAck",885550140987199488,88806753,RepGaramendi,2017-07-13T17:23:00.000Z,1.0,1.0,,security and defense,True,1.0,"['relevant', 'relevant']","['A17D6BK59S31BM', 'ATR6RB1RULOC0']"
relevance_tweets17_1664,relevant,"Trump's attacks on @EPA, &amp; support of #KeystoneXL / #DAPL are a few reasons why states must lead on climate change. https://t.co/bOYxo0BzpX",824361982165925889,463132556,RepJaredPolis,2017-01-25T21:03:07.000Z,1.0,1.0,political,policy prescription and evaluation,True,1.0,"['relevant', 'irrelevant']","['A17D6BK59S31BM', 'A2Q1YS118AO2BP']"
relevance_tweets17_1665,relevant,"DREAMers, make sure you #KnowYourRights → https://t.co/3ZEdWX7r7a #ProtectDREAMers",907696398124056576,38254095,DorisMatsui,2017-09-12T20:04:20.000Z,1.0,1.0,constitutionality and jurisprudence,"law and order, crime and justice",True,1.0,"['relevant', 'relevant']","['A2R2YZTSME1K3F', 'ACDX50KGPE97I']"
relevance_tweets17_1666,relevant,"Republicans can delay releasing their #BillionairesFirst tax plan, but they can’t hide from the fact it will hurt middle-class families. https://t.co/8ztyvzFPq3",925762643926900741,1061385474,RepLujanGrisham,2017-11-01T16:33:08.000Z,1.0,1.0,economic,economic,True,1.0,"['relevant', 'relevant']","['A2R2YZTSME1K3F', 'A3GUJ6JD25FX7O']"
relevance_tweets17_1667,relevant,"With 1 million new jobs, unemployment at an 18-year low, &amp; consumer confidence sky-high, there’s a renewed optimism in America. We are delivering on our promises for more jobs, fairer taxes, and bigger paychecks. https://t.co/SzlZQirFDk",1004354097628221440,1155212191,KeithRothfus,2018-06-06T13:27:31.000Z,1.0,1.0,fairness and equality,economic,True,1.0,"['relevant', 'relevant']","['A3GUJ6JD25FX7O', 'ATR6RB1RULOC0']"
relevance_tweets17_1668,relevant,ICYMI: My reaction to @POTUS' State of the Union Address #SOTU https://t.co/mvJESlwz3B,958690270442291200,75364211,SenPatRoberts,2018-01-31T13:15:46.000Z,1.0,1.0,political,,True,1.0,"['relevant', 'relevant']","['A2KLJKDG90K1PP', 'A3GUJ6JD25FX7O']"
relevance_tweets17_1669,relevant,"#Republicans operating a Fellini-esque theater of the absurd, a rouse, in effort to smear #Mueller,#Rosenstein #Wray&amp;others involved w/probe into #TrumpRussiaCollusion.#Trump’s feeling the heat. To guard #Constitution&amp; #democracy we must protect integrity of #MuellerInvestigation https://t.co/429LpfU9OA",1012371193851187200,162069635,RepCohen,2018-06-28T16:24:36.000Z,1.0,1.0,constitutionality and jurisprudence,morality,True,1.0,"['relevant', 'relevant']","['A2R2YZTSME1K3F', 'A37WDOIQH6JM6V']"
relevance_tweets17_1670,relevant,When will Republicans in Congress reach across the aisle and seek compromise?,887410974680113152,2968451607,RepBonnie,2017-07-18T20:37:18.000Z,1.0,1.0,political,political,True,1.0,"['relevant', 'relevant']","['A2KLJKDG90K1PP', 'A37WDOIQH6JM6V']"
relevance_tweets17_1671,relevant,Simone visited my office today. She has a pre-existing condition &amp; I fight against #Trumpcare for patients like her. #ProtectOurCare https://t.co/L6lnGCXwss,885235435932442624,3122099613,DonaldNorcross,2017-07-12T20:32:29.000Z,1.0,1.0,health and safety,health and safety,True,1.0,"['relevant', 'relevant']","['A37WDOIQH6JM6V', 'ACDX50KGPE97I']"
relevance_tweets17_1672,relevant,Read and RT this report. We can’t afford to bury our heads in the sand. We must #ActOnClimate before it's too late. https://t.co/ZOkblKoyOd,926538942106755072,60828944,SenatorTomUdall,2017-11-03T19:57:52.000Z,1.0,1.0,constitutionality and jurisprudence,policy prescription and evaluation,True,1.0,"['relevant', 'relevant']","['ACDX50KGPE97I', 'ATR6RB1RULOC0']"
relevance_tweets17_1673,relevant,"“The structure of [Trump’s] tariffs so far is designed to inflict maximum damage on the US economy, for minimal gain.” https://t.co/u3W6cCblhy",1015653919903625216,13491312,RepTimRyan,2018-07-07T17:48:59.000Z,1.0,1.0,economic,economic,True,1.0,"['relevant', 'relevant']","['A17D6BK59S31BM', 'ACDX50KGPE97I']"
relevance_tweets17_1674,relevant,I am proud to see @northcentralcol has joined the #YouAreWelcomeHere scholarship program. Its commitment to international students makes our community stronger. We all thrive when we welcome diversity. https://t.co/lDlSDldJiR,1042803564018585600,1080509366,RepBillFoster,2018-09-20T15:51:58.000Z,1.0,1.0,other,quality of life,True,1.0,"['relevant', 'irrelevant']","['A2Q1YS118AO2BP', 'ACDX50KGPE97I']"
relevance_tweets17_1675,relevant,"HATCH: “With this topic, my heart is both heavy and hopeful—heavy because suicide has already taken so many lives; hopeful because this legislation can turn the tide in the campaign against this epidemic” #utpol 
https://t.co/j6R60Zw1jW",1029541924015955971,262756641,senorrinhatch,2018-08-15T01:34:57.000Z,1.0,1.0,health and safety,health and safety,True,1.0,"['irrelevant', 'irrelevant']","['A37WDOIQH6JM6V', 'ACDX50KGPE97I']"
relevance_tweets17_1676,relevant,The #Republican tax plan would eliminate the deduction for student loan interest. 1/,926430482996322304,1155335864,RepDonaldPayne,2017-11-03T12:46:54.000Z,1.0,1.0,economic,economic,True,1.0,"['relevant', 'relevant']","['A17D6BK59S31BM', 'A2Q1YS118AO2BP']"
relevance_tweets17_1677,relevant,"VIDEO: Testifying at a @HouseJudiciary hearing on my #balancedbudget amendment, H.J. Res 29. https://t.co/PnOzRRBpsh.",890598912146505728,2914163523,RepLoudermilk,2017-07-27T15:45:01.000Z,1.0,1.0,,economic,True,1.0,"['irrelevant', 'relevant']","['A2Q1YS118AO2BP', 'A2R2YZTSME1K3F']"
relevance_tweets17_1678,relevant,Plans on https://t.co/5b9EJEYDwd are more affordable than ever. Many consumers can find plans with $0 premiums or plans with premiums of $20 a month or less. Deadline is December 15. #GetCovered https://t.co/fkiC2La7DP,938815389022109697,153486399,RepMarciaFudge,2017-12-07T17:00:05.000Z,1.0,1.0,economic,economic,True,1.0,"['relevant', 'relevant']","['A17D6BK59S31BM', 'A2R2YZTSME1K3F']"
relevance_tweets17_1679,relevant,Thanks to all who joined @RepAnnieKuster and me at our Town Hall last night. #vtpoli https://t.co/jmQzyw8Dr6,911303476159893505,1410590874,PeterWelch,2017-09-22T18:57:34.000Z,1.0,1.0,,,True,1.0,"['irrelevant', 'relevant']","['A2Q1YS118AO2BP', 'ATR6RB1RULOC0']"
relevance_tweets17_1680,relevant,@freeandclear1 @NerdyTraveler .@freeandclear1: Thank you for sharing your story. Their lives and legacies deserve to be honored with lifesaving action. #HonorWithAction #AtWhatCost https://t.co/MaOprQSJoz,941410385651032065,1339931490,RepRobinKelly,2017-12-14T20:51:41.000Z,1.0,1.0,other,,True,1.0,"['irrelevant', 'relevant']","['A17D6BK59S31BM', 'ACDX50KGPE97I']"
relevance_tweets17_1681,relevant,".@SenateDems are back in Washington, laser-focused on what’s important to the middle class: fighting the opioid crisis, supporting America’s veterans, &amp; protecting the pensions American workers have earned.",948586675739025408,17494010,SenSchumer,2018-01-03T16:07:42.000Z,1.0,1.0,political,policy prescription and evaluation,True,1.0,"['relevant', 'relevant']","['A2R2YZTSME1K3F', 'ATR6RB1RULOC0']"
relevance_tweets17_1682,relevant,"Join us at our Health &amp; Wellness Fair on Saturday. Free health screenings, physicals, and more. https://t.co/apfWNSk8qT",894247485522272256,1071840474,RepSchneider,2017-08-06T17:23:09.000Z,1.0,1.0,health and safety,health and safety,True,1.0,"['relevant', 'relevant']","['A17D6BK59S31BM', 'A2Q1YS118AO2BP']"
relevance_tweets17_1683,relevant,In-person conversations have a huge impact on a voter’s decision to go to the polls. Why? Relationships are based on presence.,1023983203034390531,14135426,keithellison,2018-07-30T17:26:34.000Z,1.0,1.0,political,other,True,1.0,"['relevant', 'relevant']","['A2Q1YS118AO2BP', 'A32CMQGGTSUK6Z']"
relevance_tweets17_1684,relevant,"This #ThanksgivingWeek, I’m thankful for the dedicated Marines at Camp Pendleton, and across the world, who sacrifice to keep us safe. https://t.co/KHRrc0h9MS",1065013680415354881,30354991,KamalaHarris,2018-11-20T22:47:03.000Z,1.0,1.0,security and defense,security and defense,True,1.0,"['irrelevant', 'irrelevant']","['A17D6BK59S31BM', 'A2R2YZTSME1K3F']"
relevance_tweets17_1685,relevant,#StJoeMO community banded together to help 97-year-old WWII @USMC veteran Earl Hammer travel to Washington this fall as part of an Honor Flight https://t.co/JPOyTed3Zu,1015354704551792641,21269970,RoyBlunt,2018-07-06T22:00:00.000Z,1.0,1.0,quality of life,security and defense,True,1.0,"['relevant', 'relevant']","['A2KLJKDG90K1PP', 'A2Q1YS118AO2BP']"
relevance_tweets17_1686,relevant,"I'm pleased a location has been chosen for a memorial to honor those who served our nation in operations Desert Storm &amp; Desert Shield. Their service and sacrifice deserves recognition amongst the other prominent war memorials in our nation’s capital.
https://t.co/Kw342ysdKC",1010235368271237122,5558312,JohnBoozman,2018-06-22T18:57:35.000Z,1.0,1.0,security and defense,security and defense,True,1.0,"['irrelevant', 'irrelevant']","['A2Q1YS118AO2BP', 'A32CMQGGTSUK6Z']"
relevance_tweets17_1687,relevant,Thanked New Labor at their annual gala in New Brunswick for all their grassroots efforts to fight for worker rights and social justice in NJ. https://t.co/DEq64yEaH1,1071596166373101573,31801993,FrankPallone,2018-12-09T02:43:30.000Z,1.0,1.0,fairness and equality,other,True,1.0,"['irrelevant', 'relevant']","['A23WTODPHXZ68Y', 'A2R2YZTSME1K3F']"
relevance_tweets17_1688,relevant,"Visited @Pro_Kids | @TheFirstTee in City Heights to see how they combine academic programs with golf lessons to help undeserved youth develop skills to be successful. Around 1,000 kids enroll annually and their outreach programs serve 2,500 kids annually. https://t.co/FYrISgUoWQ",1070754418059083781,1135486501,RepScottPeters,2018-12-06T18:58:41.000Z,1.0,1.0,,quality of life,True,1.0,"['relevant', 'irrelevant']","['A2Q1YS118AO2BP', 'A32CMQGGTSUK6Z']"
relevance_tweets17_1689,relevant,"I find it hard to believe that Equifax executives were the luckiest investors in the world, selling $1.8M of stock 3 days after their breach https://t.co/PjnFY3QZ5X",915608681873625088,217543151,SenatorTimScott,2017-10-04T16:04:55.000Z,1.0,1.0,"law and order, crime and justice",economic,True,1.0,"['relevant', 'relevant']","['A2KLJKDG90K1PP', 'A2Q1YS118AO2BP']"
relevance_tweets17_1690,relevant,1 in 8 women in the U.S. will be diagnosed w/ breast cancer. I’m standing w/ my colleagues from both sides of the aisle to spread awareness. https://t.co/QutLvSJ2h4,922897534909108225,1051127714,RepGraceMeng,2017-10-24T18:48:13.000Z,1.0,1.0,health and safety,health and safety,True,1.0,"['relevant', 'relevant']","['A17D6BK59S31BM', 'A2R2YZTSME1K3F']"
relevance_tweets17_1691,relevant,"#OpenEnrollment is happening now! Visit https://t.co/OGI1ys42YO to shop for health plans under the #ACA, now until January 12. #GetCovered https://t.co/3JQubcHY1W",927592204016775169,28599820,RepDianaDeGette,2017-11-06T17:43:09.000Z,1.0,1.0,health and safety,,True,1.0,"['relevant', 'relevant']","['A17D6BK59S31BM', 'A2Q1YS118AO2BP']"
relevance_tweets17_1692,relevant,"Disappointed to miss @Hanford_FFA who stopped by my Washington, DC office today! Lucky, our office dog is a great Capitol greeter! https://t.co/KvqVeTpsxW",1057364968528588800,1128514404,RepDavidValadao,2018-10-30T20:13:48.000Z,1.0,1.0,,,True,1.0,"['relevant', 'irrelevant']","['A2Q1YS118AO2BP', 'A2R2YZTSME1K3F']"
relevance_tweets17_1693,relevant,"General Motors just announced plans to lay off nearly 15,000 workers and shut down plants across the US. This is the same @GM that got a huge tax break from the #GOPTaxScam and spent $4.5 billion on stock buybacks last year. It’s shameful. https://t.co/7C7W77PouW",1067185087672971265,970207298,SenWarren,2018-11-26T22:35:26.000Z,1.0,1.0,economic,economic,True,1.0,"['relevant', 'relevant']","['A17D6BK59S31BM', 'A2KLJKDG90K1PP']"
relevance_tweets17_1694,relevant,Proud of @rfbo &amp; partners “Farm to Food Bank” effort to improve access to healthy foods for hungry Oklahomans &amp; encourage soil conservation! https://t.co/rst03HFZP0,907654452039086080,242772524,RepFrankLucas,2017-09-12T17:17:39.000Z,1.0,1.0,capacity and resources,other,True,1.0,"['relevant', 'relevant']","['A17D6BK59S31BM', 'A3GUJ6JD25FX7O']"
relevance_tweets17_1695,relevant,"Mahalo to our fall semester Senate Pages, who graduated today. Pages work in the Senate for a semester &amp; are instrumental to keeping the Senate floor running. https://t.co/Y6zN8ccWFA",957022539192119297,92186819,maziehirono,2018-01-26T22:48:48.000Z,1.0,1.0,political,other,True,1.0,"['irrelevant', 'relevant']","['A2Q1YS118AO2BP', 'A37WDOIQH6JM6V']"
relevance_tweets17_1696,relevant,Today we celebrate the incredible sacrifice of our service members in all branches of military. We honor you for your commitment to this country and we thank you for keeping this nation safe. Happy #VeteransDay2018 https://t.co/jIlhs5eLhI,1061619556517642241,26778110,RepWalterJones,2018-11-11T14:00:00.000Z,1.0,1.0,security and defense,security and defense,True,1.0,"['irrelevant', 'irrelevant']","['A2Q1YS118AO2BP', 'A2R2YZTSME1K3F']"
relevance_tweets17_1697,relevant,"I'm proud to support this major  project, which would create nearly 100 new jobs in Goshen. Investing in our infrastructure is common sense. 
https://t.co/WN7L2z8P4m",957659540845219840,1072467470,RepSeanMaloney,2018-01-28T17:00:01.000Z,1.0,1.0,economic,economic,True,1.0,"['relevant', 'relevant']","['A2R2YZTSME1K3F', 'ATR6RB1RULOC0']"
relevance_tweets17_1698,relevant,America is strongest when we work together with our allies – including the 28 NATO members who share our democratic values. Undermining NATO is a gift to Putin that @realDonaldTrump seems all too happy to give.,1017123021369364480,970207298,SenWarren,2018-07-11T19:06:40.000Z,1.0,1.0,external regulation and reputation,external regulation and reputation,True,1.0,"['relevant', 'relevant']","['A2Q1YS118AO2BP', 'A37WDOIQH6JM6V']"
relevance_tweets17_1699,relevant,"By choosing not to attend the Gang of 8 meeting today, @SpeakerRyan has abdicated his responsibility to the House &amp; the American people.",999673488549056512,15764644,SpeakerPelosi,2018-05-24T15:28:27.000Z,1.0,1.0,political,morality,True,1.0,"['relevant', 'relevant']","['A2KLJKDG90K1PP', 'A37WDOIQH6JM6V']"
relevance_tweets17_1700,relevant,At the Javitz Center with @NYGovCuomo and other elected officials organizing more support for #PuertoRico. https://t.co/sZVt1jd2ld,911991558609735681,33563161,RepJoseSerrano,2017-09-24T16:31:46.000Z,1.0,1.0,political,,True,1.0,"['relevant', 'relevant']","['A3CVY8G619MGTI', 'ATR6RB1RULOC0']"
relevance_tweets17_1701,relevant,Congratulations to fellow Arizonan and former State Treasurer Jeff DeWit on his unanimous confirmation today as Chief Financial Officer for @NASA!,974453995753361408,2964949642,MarthaMcSally,2018-03-16T01:15:11.000Z,1.0,1.0,political,other,True,1.0,"['relevant', 'irrelevant']","['A2KLJKDG90K1PP', 'A2Q1YS118AO2BP']"
relevance_tweets17_1702,relevant,I’m outraged EPA has gone back on its promise—I’ll keep fighting for justice for those impacted in #NewMexico &amp; Navajo Nation. #GoldKingMine,820005617167372288,60828944,SenatorTomUdall,2017-01-13T20:32:28.000Z,1.0,1.0,health and safety,morality,True,1.0,"['relevant', 'relevant']","['A2Q1YS118AO2BP', 'A32CMQGGTSUK6Z']"
relevance_tweets17_1703,relevant,"BREAKING: @HouseIntelComm Chairman Conaway just announced that the Committee is closing the ""Russian collusion"" investigation, having found zero evidence of any collusion between the Trump campaign and Russians. 

Case closed. It's time we return focus to the people's agenda.",973320410107404290,963480595,MarkMeadows,2018-03-12T22:10:43.000Z,1.0,1.0,political,"law and order, crime and justice",True,1.0,"['relevant', 'relevant']","['A37WDOIQH6JM6V', 'ATR6RB1RULOC0']"
relevance_tweets17_1704,irrelevant,Good luck to @BowieState as they compete in #BEHACK #HBCUStrong #HBCUPartnerships #Tech @HBCUCaucus @WhipHoyer https://t.co/jebs7tPen7,1048922212546367488,2916086925,RepAdams,2018-10-07T13:05:18.000Z,0.0,0.0,,,True,0.0,"['irrelevant', 'irrelevant']","['A2KLJKDG90K1PP', 'A2R2YZTSME1K3F']"
relevance_tweets17_1705,relevant,This #DirtyWaterRule ignores everything from science and law to the huge public support for sensible protections for clean water. I am strongly opposed and we can't allow it to move forward. #ProtectCleanWater https://t.co/mSLmL2eEbk,1072611990986678272,303861808,RepThompson,2018-12-11T22:00:01.000Z,1.0,1.0,capacity and resources,policy prescription and evaluation,True,1.0,"['relevant', 'irrelevant']","['A17D6BK59S31BM', 'A2Q1YS118AO2BP']"
relevance_tweets17_1706,relevant,My first read of the day. Our forests deserve better. https://t.co/kyHY1Qzt6I,935525671698386944,240760644,RepGosar,2017-11-28T15:07:56.000Z,1.0,1.0,health and safety,other,True,1.0,"['relevant', 'irrelevant']","['A17D6BK59S31BM', 'A2KLJKDG90K1PP']"
relevance_tweets17_1707,relevant,"To fulfill Trump's goals, we need to create not a Republican or Democrat plan, but an American plan. #KimmelTest https://t.co/H0vGDRuSM8",864214859608674306,55677432,BillCassidy,2017-05-15T20:24:13.000Z,1.0,1.0,political,political,True,1.0,"['relevant', 'relevant']","['A32CMQGGTSUK6Z', 'A3CVY8G619MGTI']"
relevance_tweets17_1708,relevant,"Hard-working Minnesotans deserve #taxreform that prioritizes their ability to realize the American Dream, not tax cuts for the wealthiest.",913466530205224961,1262814457,RepTimWalz,2017-09-28T18:12:46.000Z,1.0,1.0,economic,morality,True,1.0,"['relevant', 'relevant']","['A9K0CV70JWG1W', 'ACDX50KGPE97I']"
relevance_tweets17_1709,relevant,"Great to speak @HoltecIntl with the next generation of #nuclear leaders! 
#NuclearVisionary #SouthJersey https://t.co/qfqtUFoen3",1025449226237632512,3122099613,DonaldNorcross,2018-08-03T18:32:02.000Z,1.0,1.0,policy prescription and evaluation,,True,1.0,"['relevant', 'irrelevant']","['A17D6BK59S31BM', 'A32CMQGGTSUK6Z']"
relevance_tweets17_1710,relevant,We cannot allow today's heinous shooting in #Alexandria to divide us further. https://t.co/twC93qQhJz,875092416046485505,164007407,RepEliotEngel,2017-06-14T20:47:45.000Z,1.0,1.0,cultural identity,health and safety,True,1.0,"['relevant', 'irrelevant']","['A17D6BK59S31BM', 'A2Q1YS118AO2BP']"
relevance_tweets17_1711,relevant,I’m thinking of the Capital Gazette employees and their families in the wake of today’s heartbreaking shooting. The work they—and reporters all over the country—do is critical to the health of our democracy. -Joe,1012518922468413440,216503958,SenDonnelly,2018-06-29T02:11:37.000Z,1.0,1.0,health and safety,health and safety,True,1.0,"['relevant', 'irrelevant']","['A2KLJKDG90K1PP', 'A32CMQGGTSUK6Z']"
relevance_tweets17_1712,relevant,I'll be joining @VonnieQuinn on @business at 12:30 today to discuss #taxreform. Be sure to tune in!,864496984383782914,25781141,repsandylevin,2017-05-16T15:05:17.000Z,1.0,1.0,,,True,1.0,"['relevant', 'relevant']","['A2R2YZTSME1K3F', 'ATR6RB1RULOC0']"
relevance_tweets17_1713,relevant,Sign our petition opposing Brett Kavanaugh’s nomination to the Supreme Court of the United States.,1045693659616669696,30354991,KamalaHarris,2018-09-28T15:16:11.000Z,1.0,1.0,policy prescription and evaluation,other,True,1.0,"['irrelevant', 'relevant']","['A2Q1YS118AO2BP', 'ACDX50KGPE97I']"
relevance_tweets17_1714,relevant,An insurance policy is only as good as its terms. Cheap health care policies with few benefits or many exclusions are bad. #ProtectOurCare,885609947215605761,235373000,RepHanabusa,2017-07-13T21:20:39.000Z,1.0,1.0,policy prescription and evaluation,policy prescription and evaluation,True,1.0,"['relevant', 'relevant']","['A2R2YZTSME1K3F', 'A37WDOIQH6JM6V']"
relevance_tweets17_1715,relevant,I hope the @CFPB and @USOCC continue to initiate investigations of financial crime and return money to cheated consumers through their own enforcement actions in the future. -SB,987404518664163328,43910797,SenSherrodBrown,2018-04-20T18:55:56.000Z,1.0,1.0,"law and order, crime and justice","law and order, crime and justice",True,1.0,"['relevant', 'relevant']","['A2Q1YS118AO2BP', 'A2R2YZTSME1K3F']"
relevance_tweets17_1716,relevant,"But there's more. We now have a text between Peter Strzok and Lisa Page, FBI agents, directly talking about the pressure to finish the Hillary Clinton investigation--a text which occurred right after Donald J. Trump became the presumptive GOP nominee",956008115136352257,963480595,MarkMeadows,2018-01-24T03:37:51.000Z,1.0,1.0,political,"law and order, crime and justice",True,1.0,"['relevant', 'relevant']","['A17D6BK59S31BM', 'ATR6RB1RULOC0']"
relevance_tweets17_1717,relevant,"The town of Hillsville, Virginia was awarded $84,720.00 in USDA grant funds for the construction of a building to hold a town farmers’ market. Thanks to this Rural Development grant, our communities will enjoy greater economic opportunity. https://t.co/7HRMCQHqkh",1034866119104978946,234057152,RepMGriffith,2018-08-29T18:11:24.000Z,1.0,1.0,economic,policy prescription and evaluation,True,1.0,"['relevant', 'relevant']","['A2R2YZTSME1K3F', 'ACDX50KGPE97I']"
relevance_tweets17_1718,relevant,"#DACA is under threat &amp; DREAMers are anxious for their future. We must #DefendDACA &amp; protect the more than 17,000 recipients in Colorado.",897535117005955072,224285242,SenatorBennet,2017-08-15T19:07:01.000Z,1.0,1.0,policy prescription and evaluation,morality,True,1.0,"['relevant', 'relevant']","['A2Q1YS118AO2BP', 'A2R2YZTSME1K3F']"
relevance_tweets17_1719,relevant,Tour/Q&amp;A at Alum-Line in Cresco 57ppl issues: housing trade guns DACA Mueller… https://t.co/ArA6o0zl7o,992438160243220480,10615232,ChuckGrassley,2018-05-04T16:17:50.000Z,1.0,1.0,other,,True,1.0,"['relevant', 'relevant']","['A23WTODPHXZ68Y', 'ACDX50KGPE97I']"
relevance_tweets17_1720,irrelevant,"Great story by @thedayct on #BestBakerInAmerica winner Adam Young, offering us all a glimpse into the immense passion and effort behind #Mystic’s beloved Sift Bake Shop.  
https://t.co/W9t4wD2CGJ",1009798090239324161,85396297,RepJoeCourtney,2018-06-21T14:00:00.000Z,0.0,0.0,,,True,0.0,"['irrelevant', 'irrelevant']","['A2R2YZTSME1K3F', 'A37WDOIQH6JM6V']"
relevance_tweets17_1721,relevant,This weekend we saw thousands take to the streets to #KeepFamilesTogether &amp; #EndFamilyDetention. Together we stand to push back against @realDonaldTrump's cruel child separation policy because #FamiliesBelongTogether. Discussed this &amp; more on @CNN @CNNnewsroom w/ @FWhitfield. https://t.co/t5jmCUPWIW,1013822350385729536,3044993235,RepTedLieu,2018-07-02T16:30:58.000Z,1.0,1.0,policy prescription and evaluation,morality,True,1.0,"['relevant', 'relevant']","['A2Q1YS118AO2BP', 'A2R2YZTSME1K3F']"
relevance_tweets17_1722,relevant,I stand with #DREAMers. These young people are Americans in every way but on paper. We must #ProtectDREAMers by passing the #DREAMAct now! https://t.co/IhqykXLi9y,908767400119562240,221792092,NitaLowey,2017-09-15T19:00:06.000Z,1.0,1.0,policy prescription and evaluation,cultural identity,True,1.0,"['relevant', 'relevant']","['A2Q1YS118AO2BP', 'A37WDOIQH6JM6V']"
relevance_tweets17_1723,relevant,"@WFRVNews Right now, I’m discussing this bipartisan reform at a hearing on the cost of prescription drugs. Watch here: https://t.co/lLQVwXLdY5",874653263001518081,1074518754,SenatorBaldwin,2017-06-13T15:42:42.000Z,1.0,1.0,constitutionality and jurisprudence,,True,1.0,"['relevant', 'irrelevant']","['A17D6BK59S31BM', 'A2Q1YS118AO2BP']"
relevance_tweets17_1724,relevant,The only commission we need is one to investigate his ties to Russia.  https://t.co/74ByFX0yz9 via @reviewjournal,863014354920329217,122174004,repdinatitus,2017-05-12T12:53:50.000Z,1.0,1.0,"law and order, crime and justice",external regulation and reputation,True,1.0,"['relevant', 'relevant']","['A17D6BK59S31BM', 'A2Q1YS118AO2BP']"
relevance_tweets17_1725,relevant,Fighting for everyone’s civil rights is in our common interest. No one should be left to fight alone.,996956222623543296,30354991,KamalaHarris,2018-05-17T03:31:00.000Z,1.0,1.0,constitutionality and jurisprudence,constitutionality and jurisprudence,True,1.0,"['relevant', 'relevant']","['A17D6BK59S31BM', 'ATR6RB1RULOC0']"
relevance_tweets17_1726,relevant,Thanks to @CNN for sharing the story of Army veteran Henry Mayo Jr.: https://t.co/PH7XZ3OZuEhttps://t.co/MpPbfUlwr4,902893878218563584,84119348,RepPaulTonko,2017-08-30T14:00:50.000Z,1.0,1.0,security and defense,,True,1.0,"['relevant', 'irrelevant']","['A2R2YZTSME1K3F', 'A37WDOIQH6JM6V']"
relevance_tweets17_1727,relevant,ICYMI: Yesterday Sec. Mattis announced that @Ft_Rucker was selected as 1 of 5 winners of the Commander in Chief's Annual Award for Installation Excellence. We're fortunate to have one of the finest military installations in the country in AL-02. Congrats! https://t.co/7Cn9XUdzf3,997493714602921985,224294785,MarthaRobyAL,2018-05-18T15:06:48.000Z,1.0,1.0,political,security and defense,True,1.0,"['relevant', 'relevant']","['A17D6BK59S31BM', 'A32CMQGGTSUK6Z']"
relevance_tweets17_1728,relevant,"Of course Kim has faith in Trump, who has welcomed the pariah into the international community, with little to show for it. Putin undoubtedly feels the same way.
It’s telling that none of the leaders of our fellow democracies can say the same. https://t.co/x4b1K0BjTW",1037695098795028480,29501253,RepAdamSchiff,2018-09-06T13:32:45.000Z,1.0,1.0,external regulation and reputation,external regulation and reputation,True,1.0,"['relevant', 'relevant']","['A17D6BK59S31BM', 'A2R2YZTSME1K3F']"
relevance_tweets17_1729,relevant,TONIGHT at 10pm CENTRAL will talk to @ShannonBream on @FoxNews re: #omnibus #mueller #austinbombings &amp; more. Tune in!,976583457701875713,22055226,replouiegohmert,2018-03-21T22:16:55.000Z,1.0,1.0,other,,True,1.0,"['relevant', 'relevant']","['A2R2YZTSME1K3F', 'A32CMQGGTSUK6Z']"
relevance_tweets17_1730,relevant,This action is the first step to allow the people of Alabama to finally move on from this situation.,851561810151034880,2861616083,USRepGaryPalmer,2017-04-10T22:25:31.000Z,1.0,1.0,other,policy prescription and evaluation,True,1.0,"['irrelevant', 'irrelevant']","['A9K0CV70JWG1W', 'ACDX50KGPE97I']"
relevance_tweets17_1731,relevant,"Our country was made stronger by those who fought injustice, contributed their talents &amp; imagined the American Dream. Happy #IndependenceDay https://t.co/XMTl1lckr6",882162201502633984,2293131060,RepKClark,2017-07-04T09:00:33.000Z,1.0,1.0,cultural identity,other,True,1.0,"['relevant', 'irrelevant']","['A2KLJKDG90K1PP', 'A2Q1YS118AO2BP']"
relevance_tweets17_1732,relevant,The #opioidcrisis is devastating too many communities in our state and nation. The bipartisan budget agreement includes funding to help combat #opioid abuse and drug addition: https://t.co/EdAkQgDK2e,962029000259284994,78403308,SenatorIsakson,2018-02-09T18:22:41.000Z,1.0,1.0,health and safety,morality,True,1.0,"['relevant', 'relevant']","['A17D6BK59S31BM', 'ACDX50KGPE97I']"
relevance_tweets17_1733,relevant,"Today I met with Shirley Smothers of the Harrison School District. Shirley is a founder of the Clothes Closet, which provides clothing and food to homeless students in our area. Thank you for your selfless leadership, Shirley. https://t.co/CNkIOTeAp7",966047857722748929,234469322,rep_stevewomack,2018-02-20T20:32:12.000Z,1.0,1.0,quality of life,morality,True,1.0,"['irrelevant', 'relevant']","['A37WDOIQH6JM6V', 'ATR6RB1RULOC0']"
relevance_tweets17_1734,relevant,"Everyone is welcome, regardless of where you stand politically or whether you like me or not. We all need to talk to one another, esp now. https://t.co/9E1ZnAEej3",834957624445648901,231510077,JoaquinCastrotx,2017-02-24T02:46:25.000Z,1.0,1.0,political,other,True,1.0,"['relevant', 'relevant']","['A37WDOIQH6JM6V', 'ATR6RB1RULOC0']"
relevance_tweets17_1735,relevant,"An American hero from #Tampa, who gave his life in service of America will be honored through the renaming of the #TownNCountry post office: #USAF Major Andreas O’Keefe was killed on a helicopter mission in Iraq last March. (1/3) https://t.co/JIyy6pE6j0",1075067808508248064,1880674038,USRepKCastor,2018-12-18T16:38:33.000Z,1.0,1.0,security and defense,security and defense,True,1.0,"['relevant', 'irrelevant']","['A17D6BK59S31BM', 'ATR6RB1RULOC0']"
relevance_tweets17_1736,relevant,"Not sure kicking millions of Americans off their health care qualifies as love, but to each his own, I guess https://t.co/3uWnVeIB3S",908414420702957575,1206227149,RepMarkPocan,2017-09-14T19:37:30.000Z,1.0,1.0,health and safety,health and safety,True,1.0,"['relevant', 'relevant']","['A2KLJKDG90K1PP', 'A2Q1YS118AO2BP']"
relevance_tweets17_1737,relevant,"Trump #immigration policies create fear &amp; anxiety, rip families apart &amp; pit law enforcement against communities they serve #JointSession",836763792931500032,31801993,FrankPallone,2017-03-01T02:23:29.000Z,1.0,1.0,fairness and equality,policy prescription and evaluation,True,1.0,"['relevant', 'relevant']","['A17D6BK59S31BM', 'ATR6RB1RULOC0']"
relevance_tweets17_1738,relevant,"President Trump is terminating DACA but, remember, you still have rights. #KnowYourRights → https://t.co/JfflAyJzEb #ProtectDREAMers",906176002157629446,24745957,RepHankJohnson,2017-09-08T15:22:49.000Z,1.0,1.0,constitutionality and jurisprudence,morality,True,1.0,"['relevant', 'relevant']","['A3CVY8G619MGTI', 'ATR6RB1RULOC0']"
relevance_tweets17_1739,relevant,"Some will choose to defend the status quo of our broken tax system, but Utahns deserve relief. And we're going to get it to them. 
#TaxReform #utpol https://t.co/NomGtOAm2l",928414110546612224,262756641,senorrinhatch,2017-11-09T00:09:07.000Z,1.0,1.0,economic,morality,True,1.0,"['relevant', 'relevant']","['A2R2YZTSME1K3F', 'A3CVY8G619MGTI']"
relevance_tweets17_1740,relevant,"As I said in speech, certain states hit hard by latest Trumpcare bill &amp; MN is 1 of them. Ohio Repub Gov came out against it for same reason",910287138192809984,33537967,amyklobuchar,2017-09-19T23:39:00.000Z,1.0,1.0,economic,policy prescription and evaluation,True,1.0,"['relevant', 'relevant']","['A37WDOIQH6JM6V', 'ACDX50KGPE97I']"
relevance_tweets17_1741,relevant,Trump Tells Republicans to Stop ‘Wasting Their Time’ on Immigration Until After Midterms - Bloomberg https://t.co/BPq0UE0xVr,1010263508938887168,14135426,keithellison,2018-06-22T20:49:24.000Z,1.0,1.0,political,,True,1.0,"['relevant', 'relevant']","['A2Q1YS118AO2BP', 'A2R2YZTSME1K3F']"
relevance_tweets17_1742,relevant,@PoliticoRx @cspan STAFF: Rep. Garamendi is a strong supporter of Medicare for All. Thanks for your comment!,887431980954116096,88806753,RepGaramendi,2017-07-18T22:00:46.000Z,1.0,1.0,policy prescription and evaluation,health and safety,True,1.0,"['relevant', 'relevant']","['A2Q1YS118AO2BP', 'A2R2YZTSME1K3F']"
relevance_tweets17_1743,relevant,Joining @AmericaNewsroom on @FoxNews this morning at 8:30am CT. Tune in!,829316980675055618,1074480192,SenTedCruz,2017-02-08T13:12:30.000Z,1.0,1.0,,,True,1.0,"['relevant', 'irrelevant']","['A17D6BK59S31BM', 'A2KLJKDG90K1PP']"
relevance_tweets17_1744,relevant,"If #Kavanaugh won’t insist the @FBI complete his background investigation as to this new allegation, he is unfit to serve as a federal judge. It is not a small matter for a federal judge to participate in a kangaroo hearing.",1042522209426792450,242555999,SenWhitehouse,2018-09-19T21:13:58.000Z,1.0,1.0,"law and order, crime and justice","law and order, crime and justice",True,1.0,"['relevant', 'relevant']","['A2Q1YS118AO2BP', 'A32CMQGGTSUK6Z']"
relevance_tweets17_1745,relevant,Great working with @RepMcGovern to expand food access for families across America. Learn more about our new bill expanding access to healthy fruits and vegetables for those on #SNAP → https://t.co/XMfnEN288qhttps://t.co/wFeefsynQ8,986632418051403776,1045110018,RepDanKildee,2018-04-18T15:47:53.000Z,1.0,1.0,policy prescription and evaluation,health and safety,True,1.0,"['relevant', 'relevant']","['A2Q1YS118AO2BP', 'A2R2YZTSME1K3F']"
relevance_tweets17_1746,relevant,It is an attempt to deflect that multiple members of Trump world have lied about their involvement with Russia and face prosecution and prison time. We cannot allow President Trump to stop the Mueller investigation and various Congressional investigations from finding the truth.,959530398182240256,31801993,FrankPallone,2018-02-02T20:54:08.000Z,1.0,1.0,"law and order, crime and justice",morality,True,1.0,"['relevant', 'relevant']","['A2R2YZTSME1K3F', 'A37WDOIQH6JM6V']"
relevance_tweets17_1747,relevant,"Enjoyed discussing agriculture trade, immigration, water, and tax policy with Sec. Perdue and local farmers in Arvin today! https://t.co/N71qGzD02Q",927601989483204610,1128514404,RepDavidValadao,2017-11-06T18:22:02.000Z,1.0,1.0,,,True,1.0,"['relevant', 'relevant']","['A2KLJKDG90K1PP', 'A2R2YZTSME1K3F']"
relevance_tweets17_1748,irrelevant,Happening now: https://t.co/7RDmZ29ffM,940968096982032385,2974648323,SteveKnight25,2017-12-13T15:34:11.000Z,0.0,0.0,,,True,0.0,"['irrelevant', 'irrelevant']","['A37WDOIQH6JM6V', 'ATR6RB1RULOC0']"
relevance_tweets17_1749,relevant,Today has been a disgraceful day. It is also an accountability day for Republicans. How much of this un-American nonsense will they tolerate?,1019013692158029825,242555999,SenWhitehouse,2018-07-17T00:19:31.000Z,1.0,1.0,political,political,True,1.0,"['relevant', 'irrelevant']","['A23WTODPHXZ68Y', 'A2Q1YS118AO2BP']"
relevance_tweets17_1750,relevant,RELEASE: American Manufacturers Applaud U.S. Senator Tammy Baldwin for Getting the Job Done to Improve Buy American Standards in National Defense Legislation https://t.co/ez2Tcv2G2F,933098196577828864,1074518754,SenatorBaldwin,2017-11-21T22:22:00.000Z,1.0,1.0,security and defense,policy prescription and evaluation,True,1.0,"['relevant', 'relevant']","['A2Q1YS118AO2BP', 'A32CMQGGTSUK6Z']"
relevance_tweets17_1751,relevant,"NEWS RELEASE: Roberts: GITMO Terrorists Will Not Be Relocated to Kansas, Applauds President’s executive order reiterating that #GITMO will remain open https://t.co/gdQhswcGpP",958728923562631168,75364211,SenPatRoberts,2018-01-31T15:49:22.000Z,1.0,1.0,other,,True,1.0,"['relevant', 'relevant']","['A17D6BK59S31BM', 'A2Q1YS118AO2BP']"
relevance_tweets17_1752,relevant,Tonight it was my distinct privilege to speak on the Senate floor in support of my friend &amp; our Attorney General Jeff Sessions. https://t.co/UoIYp1R3ES,829504231203885057,21111098,SenShelby,2017-02-09T01:36:34.000Z,1.0,1.0,political,political,True,1.0,"['relevant', 'relevant']","['A2Q1YS118AO2BP', 'A2R2YZTSME1K3F']"
relevance_tweets17_1753,relevant,Join me on @FoxBusiness at 12:00 today to talk about the status of #healthcare reform with @TeamCavuto.,887334671209680897,1060487274,RepDougCollins,2017-07-18T15:34:06.000Z,1.0,1.0,health and safety,,True,1.0,"['relevant', 'relevant']","['A2R2YZTSME1K3F', 'A3GUJ6JD25FX7O']"
relevance_tweets17_1754,relevant,Editorial: Floridians' health care now at risk in Washington https://t.co/JU4yyff95C,890257187590766594,1880674038,USRepKCastor,2017-07-26T17:07:08.000Z,1.0,1.0,health and safety,health and safety,True,1.0,"['relevant', 'relevant']","['A2KLJKDG90K1PP', 'A32CMQGGTSUK6Z']"
relevance_tweets17_1755,relevant,Discussing healthcare in Danville w/ local leaders. We need more healthcare freedom so individuals &amp; businesses decide what's best for them https://t.co/QCIOOr05eq,908719617929039872,216881337,RandPaul,2017-09-15T15:50:14.000Z,1.0,1.0,health and safety,health and safety,True,1.0,"['relevant', 'relevant']","['A32CMQGGTSUK6Z', 'A3GUJ6JD25FX7O']"
relevance_tweets17_1756,relevant,Today I discussed the need for #infrastructure investment w/ former @USDOT Sec. @RayLaHood and former @GovEdRendell during our #ProblemSolversCaucus meeting. https://t.co/cVtLUkdCfA,936313587072675840,245451804,RepJimCosta,2017-11-30T19:18:49.000Z,1.0,1.0,capacity and resources,,True,1.0,"['relevant', 'relevant']","['A17D6BK59S31BM', 'A2Q1YS118AO2BP']"
relevance_tweets17_1757,relevant,While the #FlintWaterCrisis has faded from the headlines @HouseDemocrats have visit Flint families...Flint still needs our support! https://t.co/YjAQkEC26I,1020378484034633729,2863006655,RepLawrence,2018-07-20T18:42:42.000Z,1.0,1.0,policy prescription and evaluation,morality,True,1.0,"['relevant', 'relevant']","['A32CMQGGTSUK6Z', 'A9K0CV70JWG1W']"
relevance_tweets17_1758,relevant,"This man may be responsible for those annoying robocalls you get. Mr. Abramovich allegedly made 96 million calls in just the last 3 months of 2016. The robocalls must stop.
My colleagues and I are calling on @AjitPaiFCC to ensure consumers are protected from harassing robocalls. https://t.co/w6k8Z6Yh1s",986695708693663745,21406834,SenMarkey,2018-04-18T19:59:23.000Z,1.0,1.0,security and defense,policy prescription and evaluation,True,1.0,"['relevant', 'relevant']","['A2Q1YS118AO2BP', 'ATR6RB1RULOC0']"
relevance_tweets17_1759,relevant,"ICYMI, we discussed Trump's wiretap lies and Russia ties on @MSNBC's @Hardball yesterday: https://t.co/MKQnLPm2b4",842777201707749376,942156122,RepSwalwell,2017-03-17T16:38:37.000Z,1.0,1.0,,morality,True,1.0,"['relevant', 'relevant']","['A2Q1YS118AO2BP', 'A32CMQGGTSUK6Z']"
relevance_tweets17_1760,irrelevant,TUNE IN! I'll be live in a few minutes on #KXLY Radio https://t.co/4zlGEFIxJn,843828468978765824,17976923,cathymcmorris,2017-03-20T14:15:59.000Z,0.0,0.0,,,True,0.0,"['irrelevant', 'relevant']","['A17D6BK59S31BM', 'A2R2YZTSME1K3F']"
relevance_tweets17_1761,relevant,"Meet Zaira—a #DREAMer who came to America at age 6 &amp; is now a volunteer coordinator for Oregon gov't. We should celebrate, not punish Zaira. https://t.co/vrRllzUB4i",905576282292969477,29201047,SenJeffMerkley,2017-09-06T23:39:45.000Z,1.0,1.0,"law and order, crime and justice",policy prescription and evaluation,True,1.0,"['relevant', 'relevant']","['A32CMQGGTSUK6Z', 'ATR6RB1RULOC0']"
relevance_tweets17_1762,relevant,".@realDonaldTrump doesn’t get it. Not only are his exec orders on immigration unlawful- they are simply wrong.
https://t.co/COHpfwrObx",857032165728690176,31801993,FrankPallone,2017-04-26T00:42:45.000Z,1.0,1.0,"law and order, crime and justice",morality,True,1.0,"['relevant', 'relevant']","['A2Q1YS118AO2BP', 'ACDX50KGPE97I']"
relevance_tweets17_1763,relevant,"Great meeting with the Florida delegation of @JDRF today. These bright kids caught me up to speed on the technological breakthroughs being made in the treatment of Type 1 diabetes, like the artificial pancreas. We must continue funding these programs, so we can find a cure. https://t.co/eYAqgu1VSX",973306342747320320,20597460,SenBillNelson,2018-03-12T21:14:49.000Z,1.0,1.0,health and safety,health and safety,True,1.0,"['irrelevant', 'relevant']","['A2Q1YS118AO2BP', 'A37WDOIQH6JM6V']"
relevance_tweets17_1764,relevant,Looking forward to joining @SimonRadio1776 in a few minutes- tune in for an update from the swamp!,940711506802593794,2965083477,RepRodBlum,2017-12-12T22:34:35.000Z,1.0,1.0,,,True,1.0,"['irrelevant', 'irrelevant']","['A2KLJKDG90K1PP', 'ACDX50KGPE97I']"
relevance_tweets17_1765,relevant,Thrilled the 2018 PEPFAR reauthorization includes language I fought for that sets aside 10% of funds for orphans &amp; vulnerable children. This funding ensures that children will continue to be a top priority in our global fight against HIV/AIDS. https://t.co/rmEtiQxX1h,1062480869145935877,516880804,BettyMcCollum04,2018-11-13T23:02:33.000Z,1.0,1.0,health and safety,health and safety,True,1.0,"['relevant', 'relevant']","['A2R2YZTSME1K3F', 'ATR6RB1RULOC0']"
relevance_tweets17_1766,relevant,Reminder: Join me in Aurora tomorrow to discuss the need to #DefendDACA. https://t.co/x10OxT6Mcc,908752175056211969,1080509366,RepBillFoster,2017-09-15T17:59:36.000Z,1.0,1.0,policy prescription and evaluation,,True,1.0,"['irrelevant', 'relevant']","['A2Q1YS118AO2BP', 'A3CVY8G619MGTI']"
relevance_tweets17_1767,relevant,I voted against Kristjen Nielsen as DHS Secretary because I believe she would continue to prioritize deporting immigrant families rather than criminals. We also don’t yet have a commitment that the #DREAMAct will be passed by the end of the year.,938193644896518144,476256944,SenFeinstein,2017-12-05T23:49:30.000Z,1.0,1.0,political,policy prescription and evaluation,True,1.0,"['relevant', 'relevant']","['A2Q1YS118AO2BP', 'A32CMQGGTSUK6Z']"
relevance_tweets17_1768,relevant,Thanks to the community coming together and helping clean up a new gateway to Allsopp Park in @littlerockark @LRParksRec. Great to work with St. Sen. @1willbond! Like the @VanderbiltU look. Anchor Down https://t.co/MaackfG6sb,947211463235645440,2953974395,RepFrenchHill,2017-12-30T21:03:05.000Z,1.0,1.0,other,other,True,1.0,"['irrelevant', 'irrelevant']","['A17D6BK59S31BM', 'A2Q1YS118AO2BP']"
relevance_tweets17_1769,relevant,National Parks help to preserve the natural beauty of our land &amp; provide recreational opportunities for families. Happy #NationalParkWeek! https://t.co/4Xh6Lg4fQg,853404427872604160,17976923,cathymcmorris,2017-04-16T00:27:25.000Z,1.0,1.0,health and safety,health and safety,True,1.0,"['irrelevant', 'irrelevant']","['A32CMQGGTSUK6Z', 'ATR6RB1RULOC0']"
relevance_tweets17_1770,relevant,Jane and I extend our thoughts and prayers to the victims and their families of this horrific tragedy: https://t.co/6l8nFbBK9T,846005008378318850,18915145,senrobportman,2017-03-26T14:24:46.000Z,1.0,1.0,other,health and safety,True,1.0,"['irrelevant', 'irrelevant']","['A2R2YZTSME1K3F', 'ATR6RB1RULOC0']"
relevance_tweets17_1771,relevant,"In @WSJ: With reduced tax and regulatory burdens, ""for the first time in six years, the share of U.S. workers offered health insurance through their employer has risen... Imagine that—an expansion of insurance coverage without a new federal program."" https://t.co/OKTy4CQSqp",1021768923258277889,1209417007,SteveScalise,2018-07-24T14:47:49.000Z,1.0,1.0,economic,health and safety,True,1.0,"['relevant', 'relevant']","['A17D6BK59S31BM', 'A38DC3BG1ZCVZ2']"
relevance_tweets17_1772,relevant,My colleagues and I are working to ensure access to affordable energy for @FortLeonardWood and the local community: https://t.co/CA3ghDyo7p,1022115714629545985,21269970,RoyBlunt,2018-07-25T13:45:51.000Z,1.0,1.0,capacity and resources,economic,True,1.0,"['relevant', 'relevant']","['A2Q1YS118AO2BP', 'A2R2YZTSME1K3F']"
relevance_tweets17_1773,relevant,".@RepAndyHarrisMD falsely claims he lacks authority to ban medical aid in dying nationwide, while cowardly choosing to bully DC #HandsOffDC https://t.co/UEQDx03D8z",887735516665458692,23600262,EleanorNorton,2017-07-19T18:06:55.000Z,1.0,1.0,health and safety,other,True,1.0,"['relevant', 'relevant']","['A3CVY8G619MGTI', 'ACDX50KGPE97I']"
relevance_tweets17_1774,relevant,This #ComingOutDay we celebrate strides our country has made on behalf of LGBTQ+ community &amp; reaffirm our commitment to protect every indiv regardless of their sexual orientation or gender identity! We need the Employment Non-Discrimination Act &amp; more protections passed into law.,1050576897439162368,90639372,RepDwightEvans,2018-10-12T02:40:25.000Z,1.0,1.0,fairness and equality,policy prescription and evaluation,True,1.0,"['relevant', 'relevant']","['A17D6BK59S31BM', 'A2KLJKDG90K1PP']"
relevance_tweets17_1775,relevant,Proud to vote to give our troops their largest pay raise in eight years &amp; to strengthen our military. #FY18NDAA https://t.co/l6TfE2ouha,885903848514125825,234022257,SeanDuffyWI,2017-07-14T16:48:31.000Z,1.0,1.0,policy prescription and evaluation,economic,True,1.0,"['relevant', 'relevant']","['A9K0CV70JWG1W', 'ATR6RB1RULOC0']"
relevance_tweets17_1776,relevant,Great to have @OTripleC President Jerry Steward stop by my DC office to talk #highered https://t.co/s4pqbGU1hf,831927627875307520,225921757,SenatorLankford,2017-02-15T18:06:17.000Z,1.0,1.0,,,True,1.0,"['relevant', 'relevant']","['A2KLJKDG90K1PP', 'ATR6RB1RULOC0']"
relevance_tweets17_1777,relevant,"My heart goes out to Ruthie Berman, who recently lost her beloved wife of 44 years, Connie Kurtz. Ruthie and Connie have been pioneers for #LGBTQequality.
https://t.co/mFgeTGFyaP",1001806321539166208,558769636,RepBonamici,2018-05-30T12:43:34.000Z,1.0,1.0,other,,True,1.0,"['irrelevant', 'irrelevant']","['A2Q1YS118AO2BP', 'A9K0CV70JWG1W']"
relevance_tweets17_1778,relevant,"Republicans talk about giving people choices. And yet they try to defund Planned Parenthood, where millions choose to get their health care. https://t.co/0Gv76RySBk",824282023057649665,29442313,SenSanders,2017-01-25T15:45:23.000Z,1.0,1.0,health and safety,political,True,1.0,"['relevant', 'relevant']","['A2KLJKDG90K1PP', 'A38DC3BG1ZCVZ2']"
relevance_tweets17_1779,relevant,Abandoning Paris climate accord is a reckless decision that forfeits an oppty to guarantee a viable future for ND energy on the global level,870368877779308547,1061029050,SenatorHeitkamp,2017-06-01T19:58:05.000Z,1.0,1.0,other,policy prescription and evaluation,True,1.0,"['relevant', 'irrelevant']","['A3GUJ6JD25FX7O', 'ACDX50KGPE97I']"
relevance_tweets17_1780,relevant,"I had the opportunity to share my gratitude w/ farmers providing for AK communities by touring several farmers in the Mat-Su Valley. Thanks to all the hard-working Alaskan farmers for all you do to provide good, local food for Alaskans. https://t.co/Wlh9xPb1xL",992517316935077889,18061669,lisamurkowski,2018-05-04T21:32:23.000Z,1.0,1.0,other,other,True,1.0,"['irrelevant', 'relevant']","['A17D6BK59S31BM', 'A38DC3BG1ZCVZ2']"
relevance_tweets17_1781,relevant,"The Trump-Sessions ""zero tolerance"" family separation border policies are not required, right or moral. https://t.co/aAFX8Q6eKT",1004036626098446336,56864092,RepMikeQuigley,2018-06-05T16:26:00.000Z,1.0,1.0,morality,morality,True,1.0,"['relevant', 'relevant']","['A2Q1YS118AO2BP', 'A2R2YZTSME1K3F']"
relevance_tweets17_1782,relevant,Join me @WBLS1075NYC at 8:30 AM to discuss my body cameras for @ICEgov agents proposal &amp; how I'm resisting @realDonaldTrump's agenda.,843432320010981376,240812994,RepYvetteClarke,2017-03-19T12:01:49.000Z,1.0,1.0,,policy prescription and evaluation,True,1.0,"['relevant', 'relevant']","['A32CMQGGTSUK6Z', 'ATR6RB1RULOC0']"
relevance_tweets17_1783,relevant,"Tomorrow is Election Day! Regardless of how you choose to vote, this is your opportunity to make your voice heard. Learn more at https://t.co/8ujLLopOfthttps://t.co/3MCRjggWBI",1059498178616221699,950783972,RepBera,2018-11-05T17:30:24.000Z,1.0,1.0,political,,True,1.0,"['relevant', 'relevant']","['A32CMQGGTSUK6Z', 'A37WDOIQH6JM6V']"
relevance_tweets17_1784,relevant,I'm proud the Senate has incorporated 104 bipartisan amendments to the #FY18NDAA to strengthen the bill &amp; reflect all members of the Senate.,908096081740910592,19394188,SenJohnMcCain,2017-09-13T22:32:32.000Z,1.0,1.0,policy prescription and evaluation,political,True,1.0,"['relevant', 'irrelevant']","['A2KLJKDG90K1PP', 'A2Q1YS118AO2BP']"
relevance_tweets17_1785,relevant,"The demand for products #MadeInAmerica reached an 11-month high in August, adding to the list of good news for manufacturers across #GA07, #Georgia, and the entire country! https://t.co/PBPeTBfdTc",1047952265515061250,2382685057,RepRobWoodall,2018-10-04T20:51:04.000Z,1.0,1.0,economic,economic,True,1.0,"['relevant', 'relevant']","['A17D6BK59S31BM', 'A2R2YZTSME1K3F']"
relevance_tweets17_1786,relevant,INCREDIBLE. Republicans have shut the government down for the second time in less than one month despite being in charge of the entire federal government.,961836584910839808,239949176,RepKarenBass,2018-02-09T05:38:06.000Z,1.0,1.0,political,political,True,1.0,"['relevant', 'relevant']","['A2Q1YS118AO2BP', 'ACDX50KGPE97I']"
relevance_tweets17_1787,relevant,The @FCC under @AjitPaiFCC is looking out for rural Missourians by prioritizing broadband for unserved  communities. https://t.co/LWMgsdeJeJ,848984618451775488,1051446626,RepAnnWagner,2017-04-03T19:44:41.000Z,1.0,1.0,quality of life,,True,1.0,"['relevant', 'relevant']","['A2KLJKDG90K1PP', 'A2Q1YS118AO2BP']"
relevance_tweets17_1788,relevant,Trump will have to #FaceTheVictims of his immigration orders at the #SOTU. I'll proudly be standing alongside them. https://t.co/EenZ8OfbuP,836623678112681984,2966570782,RepRubenGallego,2017-02-28T17:06:43.000Z,1.0,1.0,political,morality,True,1.0,"['relevant', 'relevant']","['A32CMQGGTSUK6Z', 'A3CVY8G619MGTI']"
relevance_tweets17_1789,relevant,Ark Congressional Delegation Introduces Bill Giving States Power to Reject Federal Electric Transmission Projects https://t.co/UNG0UCqGCJ,838849620776206338,2852998461,RepWesterman,2017-03-06T20:31:49.000Z,1.0,1.0,,,True,1.0,"['relevant', 'relevant']","['ACDX50KGPE97I', 'ATR6RB1RULOC0']"
relevance_tweets17_1790,relevant,"It is refreshing that the #JointAddress tonight was a call to unite the country around a strategy for a stronger, brighter future.",836806479458013186,2973870195,RepBuddyCarter,2017-03-01T05:13:06.000Z,1.0,1.0,political,political,True,1.0,"['relevant', 'relevant']","['A2Q1YS118AO2BP', 'ACDX50KGPE97I']"
relevance_tweets17_1791,irrelevant,"Happy 100th, Harriet! Here's to more years of daily chocolate!
https://t.co/pSDhsXg2fU",1059553533677264898,1410590874,PeterWelch,2018-11-05T21:10:22.000Z,0.0,0.0,,,True,0.0,"['relevant', 'irrelevant']","['A2Q1YS118AO2BP', 'ACDX50KGPE97I']"
relevance_tweets17_1792,relevant,"New @UCBerkeley report finds repeal of the health care law would cost California 200,000 jobs. https://t.co/u4tDAgii3X  #SaveACA",819639009416806400,476256944,SenFeinstein,2017-01-12T20:15:42.000Z,1.0,1.0,,economic,True,1.0,"['relevant', 'relevant']","['A37WDOIQH6JM6V', 'A9K0CV70JWG1W']"
relevance_tweets17_1793,relevant,"For too long, victims of sexual assault and harassment have been shamed and bullied into silence, perpetuating an inexcusable culture that has no place in our country.",933391108322840577,1064206014,TulsiPress,2017-11-22T17:45:56.000Z,1.0,1.0,cultural identity,morality,True,1.0,"['irrelevant', 'irrelevant']","['A2KLJKDG90K1PP', 'A2Q1YS118AO2BP']"
relevance_tweets17_1794,relevant,.@Uber ’s decision to end forced arbitration of sexual harassment &amp; assault is good news &amp; proof that our movement is making a difference. Uber now joins @Microsoft by taking concrete action to prevent sexual harassment in the workplace but we still have a long way to go #TimesUp https://t.co/0nvu3WCMQQ,996411393338494981,1092979962,RepCheri,2018-05-15T15:26:03.000Z,1.0,1.0,health and safety,policy prescription and evaluation,True,1.0,"['relevant', 'irrelevant']","['A2R2YZTSME1K3F', 'A37WDOIQH6JM6V']"
relevance_tweets17_1795,relevant,"The #AffordableCareAct matters to folks like “T” from Bellingham, WA.  #CoverageMatters. Share your story → https://t.co/hZdDcYwclchttps://t.co/F4kLgLpNbf",819718104905175045,404132211,RepRickLarsen,2017-01-13T01:30:00.000Z,1.0,1.0,policy prescription and evaluation,health and safety,True,1.0,"['irrelevant', 'relevant']","['A2Q1YS118AO2BP', 'A32CMQGGTSUK6Z']"
relevance_tweets17_1796,relevant,➫ Less coverage for Americans &amp; more loopholes for insurance company executives. #RxForDisaster,839230775862169601,74508260,BillPascrell,2017-03-07T21:46:23.000Z,1.0,1.0,policy prescription and evaluation,policy prescription and evaluation,True,1.0,"['irrelevant', 'relevant']","['A9K0CV70JWG1W', 'ACDX50KGPE97I']"
relevance_tweets17_1797,relevant,Day 14 of #31ReasonsForTaxReform → https://t.co/j8v2PpRGoV,897087199992303618,110545675,RepDianeBlack,2017-08-14T13:27:10.000Z,1.0,1.0,policy prescription and evaluation,economic,True,1.0,"['irrelevant', 'relevant']","['A2Q1YS118AO2BP', 'A37WDOIQH6JM6V']"
relevance_tweets17_1798,relevant,I still have concerns with City Council Bill 1447...https://t.co/doJnp147AAhttps://t.co/nnQtL6oSv9,910163673443962880,22812754,RepGregoryMeeks,2017-09-19T15:28:24.000Z,1.0,1.0,constitutionality and jurisprudence,policy prescription and evaluation,True,1.0,"['irrelevant', 'relevant']","['A2Q1YS118AO2BP', 'A3CVY8G619MGTI']"
relevance_tweets17_1799,relevant,"Cosponsoring legislation to support American businesses by reforming the international postage rate system. International competitors, such as China, receive a lower shipping rate than the U.S. This bill will ensure that Americans aren't subsidizing Chinese business.",1005222581476253696,18805303,JeffFortenberry,2018-06-08T22:58:34.000Z,1.0,1.0,economic,external regulation and reputation,True,1.0,"['relevant', 'relevant']","['A2R2YZTSME1K3F', 'A32CMQGGTSUK6Z']"
relevance_tweets17_1800,relevant,"The economy is booming thanks to the tax cuts and red tape we've removed. We're rebuilding the military to keep us safe. And more. Good column from WSJ on what our majority has accomplished.
https://t.co/sG6LspmwSY",1059432969985802243,240427862,RepMcKinley,2018-11-05T13:11:18.000Z,1.0,1.0,economic,economic,True,1.0,"['relevant', 'relevant']","['A17D6BK59S31BM', 'A2KLJKDG90K1PP']"
relevance_tweets17_1801,relevant,"@FCC Industry giants like Verizon, Comcast, and AT&amp;T will now be able to control the access and speed of websites, stifle competition online, and turn the Internet into a pay-to-play forum. #NetNeutrality",941473914466729985,1064206014,TulsiPress,2017-12-15T01:04:07.000Z,1.0,1.0,capacity and resources,other,True,1.0,"['relevant', 'relevant']","['A32CMQGGTSUK6Z', 'ACDX50KGPE97I']"
relevance_tweets17_1802,relevant,"I have consistently joined my colleagues in Congress, in both the House and Senate, to expand and strengthen Russian sanctions and to establish congressional review of any presidential move to ease sanctions.",1018907931486670849,976969338,RepDaveJoyce,2018-07-16T17:19:15.000Z,1.0,1.0,external regulation and reputation,external regulation and reputation,True,1.0,"['relevant', 'relevant']","['A17D6BK59S31BM', 'A38DC3BG1ZCVZ2']"
relevance_tweets17_1803,relevant,"The Senate just passed pro-growth #taxreform, a historic &amp; substantial victory for West Virginians &amp; Americans across the country.  Read my full statement to learn why I voted for these important reforms &amp; the many ways they will benefit our state: https://t.co/Chf5zpt0DChttps://t.co/Np5U6o6Ice",943359001437331463,193794406,SenCapito,2017-12-20T05:54:47.000Z,1.0,1.0,political,policy prescription and evaluation,True,1.0,"['relevant', 'relevant']","['A2Q1YS118AO2BP', 'A3GUJ6JD25FX7O']"
relevance_tweets17_1804,irrelevant,Don’t forget the lottery for tickets to the National Christmas Tree Lighting opens today at 10 a.m. To enter the lottery visit https://t.co/ciFgBmYIn4https://t.co/E3sWKTuT7V,1052922145150525440,239871673,RepLouBarletta,2018-10-18T13:59:36.000Z,0.0,0.0,,,True,0.0,"['irrelevant', 'irrelevant']","['A2R2YZTSME1K3F', 'A37WDOIQH6JM6V']"
relevance_tweets17_1805,relevant,"Well I'm not crazy about the bill either, but I don't know if I would call it that.  #sassywithmassie https://t.co/OfHvD4UwDY",905569636464427008,975200486,RepThomasMassie,2017-09-06T23:13:20.000Z,1.0,1.0,constitutionality and jurisprudence,policy prescription and evaluation,True,1.0,"['relevant', 'relevant']","['A32CMQGGTSUK6Z', 'A38DC3BG1ZCVZ2']"
relevance_tweets17_1806,irrelevant,Happy birthday @SpeakerRyan!,825689964801187841,1080844782,SenatorSinema,2017-01-29T13:00:02.000Z,0.0,0.0,,,True,0.0,"['relevant', 'relevant']","['A17D6BK59S31BM', 'A37WDOIQH6JM6V']"
relevance_tweets17_1807,relevant,The 'drain the swamp' boast from @realDonaldTrump doesn't hold up to the truth test https://t.co/0XMBjrogZv,836764325301874688,1140648348,RepDWStweets,2017-03-01T02:25:36.000Z,1.0,1.0,morality,morality,True,1.0,"['relevant', 'relevant']","['A2R2YZTSME1K3F', 'A3CVY8G619MGTI']"
relevance_tweets17_1808,relevant,"In New Haven w/ @RealFoodMom &amp; @CTNOFA calling on @USDA to abandon current proposal for GMO labels. Scrap this outrageous insult of a draft&amp;return with a new, serious labeling plan that is simple&amp;complete.",1002601497014816768,278124059,SenBlumenthal,2018-06-01T17:23:18.000Z,1.0,1.0,policy prescription and evaluation,policy prescription and evaluation,True,1.0,"['relevant', 'relevant']","['A37WDOIQH6JM6V', 'ATR6RB1RULOC0']"
relevance_tweets17_1809,relevant,We have never turned our back on those seeking a better life. We should #saveTPS &amp; protect Haitian families that have built a life in #MA,865295381114081280,21406834,SenMarkey,2017-05-18T19:57:49.000Z,1.0,1.0,health and safety,policy prescription and evaluation,True,1.0,"['relevant', 'irrelevant']","['A17D6BK59S31BM', 'A37WDOIQH6JM6V']"
relevance_tweets17_1810,relevant,The FAA Reauthorization that just passed the House includes a bipartisan bill I introduced with my Republican colleague @RepDLamborn that would make airport hubs like El Paso eligible for grants to expand their services – funding they aren’t eligible for right now. (1/2),989901071568064513,1134292500,RepBetoORourke,2018-04-27T16:16:21.000Z,1.0,1.0,constitutionality and jurisprudence,policy prescription and evaluation,True,1.0,"['relevant', 'relevant']","['A3CVY8G619MGTI', 'A9K0CV70JWG1W']"
relevance_tweets17_1811,relevant,I am pleased that Rex Tillerson has been confirmed as our nation’s chief diplomat. Full statement: https://t.co/qgeI1tkB9Z,826906048233631747,5558312,JohnBoozman,2017-02-01T21:32:19.000Z,1.0,1.0,political,other,True,1.0,"['relevant', 'relevant']","['A2R2YZTSME1K3F', 'A32CMQGGTSUK6Z']"
relevance_tweets17_1812,relevant,#SoFla college #students: still time 2 apply for @TheCHLI Future Leaders internship in #DC. Info here: https://t.co/zMrgVjIZ4m,923231517895200768,14275291,RosLehtinen,2017-10-25T16:55:21.000Z,1.0,1.0,other,,True,1.0,"['irrelevant', 'irrelevant']","['A23WTODPHXZ68Y', 'A2R2YZTSME1K3F']"
relevance_tweets17_1813,relevant,@t_golshan Not true. This has always been HFC's (and Mark's) position. We do not support EHB repeal without other changes.,844961979160780802,233842454,justinamash,2017-03-23T17:20:09.000Z,1.0,1.0,political,,True,1.0,"['relevant', 'relevant']","['A2Q1YS118AO2BP', 'ATR6RB1RULOC0']"
relevance_tweets17_1814,relevant,Today is #ArmedForcesDay — Please take a moment to thank our brave men &amp; women in uniform for their service &amp; sacrifice to our great nation. https://t.co/2ZVQgshUBR,865901590783418368,2929491549,RepBrianBabin,2017-05-20T12:06:41.000Z,1.0,1.0,security and defense,security and defense,True,1.0,"['irrelevant', 'irrelevant']","['A2R2YZTSME1K3F', 'ATR6RB1RULOC0']"
relevance_tweets17_1815,relevant,"It's always a pleasure to see the inimitable @sr_simone. Her advocacy continues to change our country for the better, and we can all learn from the example she sets. -SB https://t.co/CeGWdRanhh",999751172151037960,43910797,SenSherrodBrown,2018-05-24T20:37:08.000Z,1.0,1.0,political,other,True,1.0,"['relevant', 'relevant']","['A17D6BK59S31BM', 'ACDX50KGPE97I']"
relevance_tweets17_1816,relevant,Law enforcement officers make immeasurable sacrifices every single day and we are forever indebted to those who bravely serve our communities. Thank you for all you do to keep our families safe. #NationalPoliceWeek https://t.co/kdwWJiZ7mt,996423094263795713,1128514404,RepDavidValadao,2018-05-15T16:12:32.000Z,1.0,1.0,security and defense,security and defense,True,1.0,"['relevant', 'irrelevant']","['A2Q1YS118AO2BP', 'A9K0CV70JWG1W']"
relevance_tweets17_1817,relevant,"From parades to #WaterFire to a fun-run (home run trot!), @RIMonthly has the scoop on several events to help salute #veterans this #VeteransDay2018 weekend:
https://t.co/FrxTohQ6hP",1061013421938872320,486694111,SenJackReed,2018-11-09T21:51:27.000Z,1.0,1.0,security and defense,security and defense,True,1.0,"['relevant', 'irrelevant']","['A3GUJ6JD25FX7O', 'ACDX50KGPE97I']"
relevance_tweets17_1818,relevant,Veterans should not have to face unacceptable delays during the VA’s disability claims appeal process. https://t.co/q0CBqu4TwH,861623905915678720,78403308,SenatorIsakson,2017-05-08T16:48:42.000Z,1.0,1.0,fairness and equality,health and safety,True,1.0,"['relevant', 'relevant']","['A2R2YZTSME1K3F', 'A3GUJ6JD25FX7O']"
relevance_tweets17_1819,relevant,"#ThanksObama for the past 8 years of progress, growth &amp; inspiration. You will be greatly missed. https://t.co/y6sgEVKG75",822189125499584512,56864092,RepMikeQuigley,2017-01-19T21:08:57.000Z,1.0,1.0,political,other,True,1.0,"['relevant', 'relevant']","['A2R2YZTSME1K3F', 'ACDX50KGPE97I']"
relevance_tweets17_1820,relevant,“No country can ever truly flourish if it stifles the potential of its women and deprives itself of the contributions of half of its citizens.” —Michelle Obama #WomensHistoryMonth https://t.co/JzdmctAIsr,970348968797450241,30354991,KamalaHarris,2018-03-04T17:23:17.000Z,1.0,1.0,fairness and equality,fairness and equality,True,1.0,"['irrelevant', 'irrelevant']","['A2Q1YS118AO2BP', 'A32CMQGGTSUK6Z']"
relevance_tweets17_1821,relevant,"But why rush? @SenateDems, the American ppl &amp; even the rest of the GOP need to know what's actually in the #GOPTaxBill. Are they trying to hide that it helps the wealthy &amp; big corps while raising taxes on millions of middle-class families?",930460221499170818,17494010,SenSchumer,2017-11-14T15:39:38.000Z,1.0,1.0,economic,economic,True,1.0,"['relevant', 'relevant']","['A2R2YZTSME1K3F', 'A9K0CV70JWG1W']"
relevance_tweets17_1822,relevant,Republicans' #BillionairesFirst plan raises taxes on the middle class to give handouts to the 1%. #NotOnePenny should go to billionaires https://t.co/XS7OiCAHN4,925846227748564995,1045110018,RepDanKildee,2017-11-01T22:05:16.000Z,1.0,1.0,economic,morality,True,1.0,"['relevant', 'relevant']","['A2R2YZTSME1K3F', 'A32CMQGGTSUK6Z']"
relevance_tweets17_1823,relevant,"It's #NationalVoterRegistrationDay. Make your voices heard in our democracy. Take 2 minutes &amp; register to vote. 
https://t.co/xgJEZNpv9Ehttps://t.co/kHWDTEHSae",912781557227823104,224285242,SenatorBennet,2017-09-26T20:50:56.000Z,1.0,1.0,constitutionality and jurisprudence,,True,1.0,"['relevant', 'relevant']","['A32CMQGGTSUK6Z', 'ACDX50KGPE97I']"
relevance_tweets17_1824,relevant,2/3 One amendment seeks to help U.S. workers and businesses remain internationally competitive.,907678168718462977,231510077,JoaquinCastrotx,2017-09-12T18:51:53.000Z,1.0,1.0,economic,external regulation and reputation,True,1.0,"['relevant', 'relevant']","['A2KLJKDG90K1PP', 'A2R2YZTSME1K3F']"
relevance_tweets17_1825,relevant,Rep. Perry announces his Committee Assignments for the 115th Congress. https://t.co/66fq4LeYcE,826449615046197253,18773159,RepScottPerry,2017-01-31T15:18:37.000Z,1.0,1.0,,,True,1.0,"['relevant', 'relevant']","['A2KLJKDG90K1PP', 'ATR6RB1RULOC0']"
relevance_tweets17_1826,irrelevant,.@GamecockWBB killing it! #Elite8 https://t.co/EqjZFOQzpG,845823328682201088,217543151,SenatorTimScott,2017-03-26T02:22:50.000Z,0.0,0.0,,,True,0.0,"['irrelevant', 'irrelevant']","['A2Q1YS118AO2BP', 'ATR6RB1RULOC0']"
relevance_tweets17_1827,relevant,"@CFPB @Public_Citizen Republicans who save the #RipOffClause today are throwing Americans under the bus to protect Big Banks, plain and simple.",922916631163977729,18695134,SenatorMenendez,2017-10-24T20:04:06.000Z,1.0,1.0,economic,policy prescription and evaluation,True,1.0,"['relevant', 'relevant']","['A2R2YZTSME1K3F', 'A32CMQGGTSUK6Z']"
relevance_tweets17_1828,irrelevant,#Pac12Row,855817243753553920,404132211,RepRickLarsen,2017-04-22T16:15:05.000Z,0.0,0.0,,,True,0.0,"['irrelevant', 'irrelevant']","['A2Q1YS118AO2BP', 'ATR6RB1RULOC0']"
relevance_tweets17_1829,relevant,".@BHelpingHands does incredible work in our community, providing food, medicine, financial assistance, and job training to local families https://t.co/0ZPnIW14wd",860509154452099078,137794015,RepTedDeutch,2017-05-05T14:59:04.000Z,1.0,1.0,quality of life,quality of life,True,1.0,"['irrelevant', 'relevant']","['A2KLJKDG90K1PP', 'ACDX50KGPE97I']"
relevance_tweets17_1830,relevant,#Breaking: A statement on #DreamAct by my colleagues and I in the Gang of 6. https://t.co/OaLbSF2VhO,951552600280793089,18695134,SenatorMenendez,2018-01-11T20:33:13.000Z,1.0,1.0,constitutionality and jurisprudence,,True,1.0,"['relevant', 'relevant']","['A17D6BK59S31BM', 'A2KLJKDG90K1PP']"
relevance_tweets17_1831,relevant,TY @AGSchneiderman for your investigation into red light camera violations by school bus companies. Our children’s safety is paramount. https://t.co/CVLj7Lk6r4,920355368219414528,164007407,RepEliotEngel,2017-10-17T18:26:33.000Z,1.0,1.0,health and safety,health and safety,True,1.0,"['irrelevant', 'relevant']","['A23WTODPHXZ68Y', 'A2R2YZTSME1K3F']"
relevance_tweets17_1832,relevant,"On this date in history: 
- 1918: U.S. Marines turn the tide of WWI at the Battle of Belleau Wood 
- 1918: The Spanish influenza pandemic is worsening 
- 1944: #DDay 
- 1968: Sen. Robert F. Kennedy dies
 
Today, it is important that we prepare for any hazard Americans may face.",1004467162709397504,15751083,michaelcburgess,2018-06-06T20:56:48.000Z,1.0,1.0,security and defense,policy prescription and evaluation,True,1.0,"['irrelevant', 'relevant']","['A23WTODPHXZ68Y', 'A2Q1YS118AO2BP']"
relevance_tweets17_1833,relevant,Beacon Place is a great resource for our community. I had a lot of fun visiting today with kids (and volunteers) in Waukegan for the day camp Summer Lunch and Backpack Program. Learn more about their work at https://t.co/IqLHY11Eonhttps://t.co/HxjAY0CHOB,1013896562144104448,1071840474,RepSchneider,2018-07-02T21:25:52.000Z,1.0,1.0,quality of life,quality of life,True,1.0,"['irrelevant', 'relevant']","['A23WTODPHXZ68Y', 'A2Q1YS118AO2BP']"
relevance_tweets17_1834,relevant,.@RepLawrence reaction following the House Committee on Oversight and Gov’t Reform briefing on the concern of the #2020Census new citizenship question. Our census and the people in our nation deserve protection. @OversightDems https://t.co/meT47j66ZE,984179508939980806,2863006655,RepLawrence,2018-04-11T21:20:54.000Z,1.0,1.0,security and defense,"law and order, crime and justice",True,1.0,"['relevant', 'relevant']","['A17D6BK59S31BM', 'ACDX50KGPE97I']"
relevance_tweets17_1835,relevant,"For our planet &amp; our children, the US must not back out of monumental #ParisAgreement. We simply cannot afford it. https://t.co/t79gD7rLoR",862013802237145088,164369297,NydiaVelazquez,2017-05-09T18:38:00.000Z,1.0,1.0,other,other,True,1.0,"['relevant', 'relevant']","['A2Q1YS118AO2BP', 'A2R2YZTSME1K3F']"
relevance_tweets17_1836,relevant,"Sickened by this latest school shooting. Our children deserve safety! 

My heart is with the students &amp; families &amp; my resolve to take action to prevent gun violence is stronger than ever. 

#EnoughIsEnough #SantaFeShooting",997552629185163265,3122099613,DonaldNorcross,2018-05-18T19:00:55.000Z,1.0,1.0,health and safety,health and safety,True,1.0,"['relevant', 'irrelevant']","['A2R2YZTSME1K3F', 'A9K0CV70JWG1W']"
relevance_tweets17_1837,relevant,Obamacare has failed Americans. We must do better. I'm looking forward to making healthcare more affordable for ALL Americans. #BetterWay,837362648090034176,237763317,RepHartzler,2017-03-02T18:03:07.000Z,1.0,1.0,health and safety,policy prescription and evaluation,True,1.0,"['relevant', 'relevant']","['A2KLJKDG90K1PP', 'A2Q1YS118AO2BP']"
relevance_tweets17_1838,irrelevant,No comment. https://t.co/uK4a3HmjM9,949697649954906112,28602948,RepRaulGrijalva,2018-01-06T17:42:18.000Z,0.0,0.0,,,True,0.0,"['irrelevant', 'irrelevant']","['A17D6BK59S31BM', 'A37WDOIQH6JM6V']"
relevance_tweets17_1839,relevant,Excited to continue our work as we begin the 115th Congress! https://t.co/vippuSVIKI,816340924783624192,237814920,RepHultgren,2017-01-03T17:50:18.000Z,1.0,1.0,political,,True,1.0,"['relevant', 'relevant']","['A2KLJKDG90K1PP', 'A3GUJ6JD25FX7O']"
relevance_tweets17_1840,relevant,"El Colegio is an amazing school. Yesterday is spent time with students, and school leaders, like ED Norma Garcés, Emilia Gonzales of Navigate, and Gracila Hammeken. https://t.co/JVJcztRv1d",1001904610343378944,14135426,keithellison,2018-05-30T19:14:08.000Z,1.0,1.0,other,other,True,1.0,"['irrelevant', 'irrelevant']","['A2R2YZTSME1K3F', 'A3GUJ6JD25FX7O']"
relevance_tweets17_1841,relevant,"At Russia Symposium, I'll talk about how GF can help with Arctic missions, and need for investigations of Russian interference in elections",847456331107676160,1061029050,SenatorHeitkamp,2017-03-30T14:31:48.000Z,1.0,1.0,security and defense,,True,1.0,"['irrelevant', 'relevant']","['A2Q1YS118AO2BP', 'A37WDOIQH6JM6V']"
relevance_tweets17_1842,relevant,I fully back @RepAdamSmith &amp; @RepJayapal’s Dignity for Detained Immigrants Act of 2017. #DignityandJustice,915250037973819392,138770045,RepJohnConyers,2017-10-03T16:19:48.000Z,1.0,1.0,constitutionality and jurisprudence,policy prescription and evaluation,True,1.0,"['relevant', 'relevant']","['A23WTODPHXZ68Y', 'A2KLJKDG90K1PP']"
relevance_tweets17_1843,relevant,Today I was proud to be sworn into office as Representative of NC08 with my wife Renee and our son Lane by my side. https://t.co/xlvwpXLQT9,816433124775198720,935033864,RepRichHudson,2017-01-03T23:56:40.000Z,1.0,1.0,political,,True,1.0,"['relevant', 'relevant']","['A2R2YZTSME1K3F', 'ATR6RB1RULOC0']"
relevance_tweets17_1844,relevant,"Everyone, including our #veterans, lose under #TrumpCare. We must keep our promise &amp; #ProtectOurCare. https://t.co/TB5c1Oeehe",883317269660672000,1339931490,RepRobinKelly,2017-07-07T13:30:22.000Z,1.0,1.0,security and defense,health and safety,True,1.0,"['relevant', 'relevant']","['A38DC3BG1ZCVZ2', 'ACDX50KGPE97I']"
relevance_tweets17_1845,relevant,"Last night, I spoke on the House floor against @realDonaldTrump 's Muslim ban, which suffered another court defeat. https://t.co/N8YWEl9F7y",874623365784506368,1155335864,RepDonaldPayne,2017-06-13T13:43:54.000Z,1.0,1.0,policy prescription and evaluation,policy prescription and evaluation,True,1.0,"['relevant', 'relevant']","['A17D6BK59S31BM', 'A2R2YZTSME1K3F']"
relevance_tweets17_1846,relevant,".@GeorgetownCCF report on children’s health insurance rates is alarming &amp; shows why Congress must work together to expand access to quality coverage for everyone, including kids. Children across the country should be able to access the care they need. https://t.co/B3E9HiJQoy",1068284855442657282,1058717720,RepAnnieKuster,2018-11-29T23:25:31.000Z,1.0,1.0,health and safety,health and safety,True,1.0,"['relevant', 'relevant']","['A37WDOIQH6JM6V', 'A3CVY8G619MGTI']"
relevance_tweets17_1847,relevant,I joined bipartisan group urging POTUS to reinstate animal welfare documents on https://t.co/RgVNsl5AyA because public deserves to see them. https://t.co/pQ16dkhxPx,831606426980188163,137794015,RepTedDeutch,2017-02-14T20:49:57.000Z,1.0,1.0,political,policy prescription and evaluation,True,1.0,"['relevant', 'relevant']","['A2R2YZTSME1K3F', 'ACDX50KGPE97I']"
relevance_tweets17_1848,relevant,Pleased to also announce $28k to Absecon Fire Company for safety equip. More than $25 million to #SouthJersey first responders since 2001,890587197409308672,241207373,FrankLoBiondoNJ,2017-07-27T14:58:28.000Z,1.0,1.0,health and safety,policy prescription and evaluation,True,1.0,"['irrelevant', 'relevant']","['A2KLJKDG90K1PP', 'A2R2YZTSME1K3F']"
relevance_tweets17_1849,relevant,".@KYAgCommish applauds @SenateMajLdr for his “tireless advocacy for #Kentucky farmers,” plus is particularly excited that Senator McConnell’s #HempFarmingAct was included in the #FarmBill: https://t.co/SaSC4a6urY",1012465163637837825,339822881,McConnellPress,2018-06-28T22:38:00.000Z,1.0,1.0,constitutionality and jurisprudence,policy prescription and evaluation,True,1.0,"['relevant', 'relevant']","['A17D6BK59S31BM', 'A2Q1YS118AO2BP']"
relevance_tweets17_1850,relevant,"In Buffalo, NY #OTD in 1901 President William McKinley died after being shot while attending the Pan-Am Exposition and Theodore Roosevelt was sworn in as our 26th President. @TRInauguralSite &amp; @BuffaloHistory continue to tell the story, here in @Politico: https://t.co/0HuRyt71DG",1040631879093956609,33576489,RepBrianHiggins,2018-09-14T16:02:28.000Z,1.0,1.0,"law and order, crime and justice",,True,1.0,"['relevant', 'relevant']","['A32CMQGGTSUK6Z', 'ATR6RB1RULOC0']"
relevance_tweets17_1851,relevant,I support @POTUS's decision to withdraw from the folly that is the #IranDeal. A nation that promotes terror internationally &amp; against its own people has no business increasing its nuclear capabilities. America has no place giving this bad actor legitimacy. https://t.co/7zBOi0yn4f,993949055146430470,1060487274,RepDougCollins,2018-05-08T20:21:36.000Z,1.0,1.0,external regulation and reputation,external regulation and reputation,True,1.0,"['relevant', 'relevant']","['A17D6BK59S31BM', 'A2R2YZTSME1K3F']"
relevance_tweets17_1852,relevant,"I will never stop, never relent, and never back down in my fight to make sure that all hardworking immigrants have a chance to pursue their American dreams. #NIIC2018",1072550927473741824,18695134,SenatorMenendez,2018-12-11T17:57:22.000Z,1.0,1.0,fairness and equality,morality,True,1.0,"['relevant', 'relevant']","['A17D6BK59S31BM', 'A32CMQGGTSUK6Z']"
relevance_tweets17_1853,relevant,"Now it’s time to get to work #ForThePeople. @HouseDemocrats will put forward bold reforms to make it easier to vote, end the era of big money in our politics and ensure that elected officials put people’s interests – not personal interests – first. https://t.co/CjKIbuBzK2",1060204991280046080,364415553,RepSarbanes,2018-11-07T16:19:02.000Z,1.0,1.0,political,policy prescription and evaluation,True,1.0,"['irrelevant', 'relevant']","['A2Q1YS118AO2BP', 'A2R2YZTSME1K3F']"
relevance_tweets17_1854,relevant,Pleased by today's confirmation of @JRosenworcel as #FCC Commissioner. Looking fwd to working w/her to close the digital divide #homeworkgap,893236160738336771,1068481578,SenAngusKing,2017-08-03T22:24:30.000Z,1.0,1.0,other,,True,1.0,"['irrelevant', 'relevant']","['A23WTODPHXZ68Y', 'A2Q1YS118AO2BP']"
relevance_tweets17_1855,relevant,Need help with a federal agency? My staff will be holding Mobile Office Hours around the district. https://t.co/cNzJ1UVwh4,870701563228151808,2962813893,RepStefanik,2017-06-02T18:00:04.000Z,1.0,1.0,political,,True,1.0,"['relevant', 'relevant']","['A23WTODPHXZ68Y', 'A2Q1YS118AO2BP']"
