id,ground_truth,text,user_id,status_id,created_at,paula_stance_pro,fabio_stance_pro,paula_stance_neutral,fabio_stance_neutral,paula_stance_contra,fabio_stance_contra,stance_check,stance pro,stance neutral,stance negative,sum_of_stances_fabio,sum_of_stances_paula,ground_truth_fabio,ground_truth_paula,mturk_annotation,WorkerId
stance_tweets_0,against,"Great monologue by @seanhannity highlighting the #BigTech censorship concerns I raised yesterday at our @senjudiciary hearing with @twitter &amp; @facebook.

Big Tech cannot be a publisher AND take advantage of special benefits under #Section230 -- that’s not how this works. https://t.co/9IFY8lqvhu",221442005,1329153097285967873,2020-11-18T20:02:47.000Z,0.0,0.0,0.0,0.0,1.0,1.0,1.0,0.0,0.0,1.0,1.0,1.0,against,against,"['against', 'in favor of']","['A2JPOXYZM5AJZZ', 'A2Q1YS118AO2BP']"
stance_tweets_1,neutral,"""we must repeal section 230, leaving tech companies liable for the content they host""
AWS: *deletes Parler*
""how dare these tech companies take liability for the content they host""",50829918,1348265609893732353,2021-01-10T13:49:05.000Z,0.0,0.0,1.0,1.0,0.0,0.0,1.0,0.0,1.0,0.0,1.0,1.0,neutral,neutral,"['against', 'against']","['A2Q1YS118AO2BP', 'A3GUJ6JD25FX7O']"
stance_tweets_2,neutral,"Senator Moran rightly pointing out the huge costs involved in moderating at scale, and how those costs will fall on startups  so be careful in how 230 reform is designed #Section230",177423464,1321485007077167104,2020-10-28T16:12:32.000Z,0.0,0.0,1.0,1.0,0.0,0.0,1.0,0.0,1.0,0.0,1.0,1.0,neutral,neutral,"['neutral', 'in favor of']","['A2IOT3PCS9G5RK', 'A2Q1YS118AO2BP']"
stance_tweets_3,neutral,"The House and Senate introduced more than 10 bills to reform Section 230 of the Communications Decency Act in 2020, and Sen. Lindsey Graham (R-SC) may finally have had enough. 

https://t.co/EQFzyrqhJt",2951708908,1339391676192858119,2020-12-17T02:07:14.000Z,0.0,0.0,1.0,1.0,0.0,0.0,1.0,0.0,1.0,0.0,1.0,1.0,neutral,neutral,"['in favor of', 'against']","['A2Q1YS118AO2BP', 'A3OZ8KF0HWSVWK']"
stance_tweets_4,neutral,"Let me get this straight: Democrats want to revoke Section 230 unless FB takes more posts down, and Republicans want to revoke 230 unless FB takes less posts down? ?? This isn’t going to end well. My latest for @dcexaminer  https://t.co/hirVcNownv",1255152234754478082,1277966161318035459,2020-06-30T14:04:10.000Z,0.0,0.0,1.0,1.0,0.0,0.0,1.0,0.0,1.0,0.0,1.0,1.0,neutral,neutral,"['neutral', 'neutral']","['A2IOT3PCS9G5RK', 'A2Q1YS118AO2BP']"
stance_tweets_5,against,"@SenTedCruz Take away #Section230 AND Since
@Facebook &amp; @Twitter decided to suppress voters voices as well as take a side in our election and they are no longer independent, acted as a publisher &amp; chose to sway an election, the @FBI should prosecute them: Same as those “Russians” from 2016.",3068909292,1330603404503216128,2020-11-22T20:05:47.000Z,0.0,0.0,0.0,0.0,1.0,1.0,1.0,0.0,0.0,1.0,1.0,1.0,against,against,"['in favor of', 'against']","['A2Q1YS118AO2BP', 'A3OZ8KF0HWSVWK']"
stance_tweets_6,neutral,"Big Tech claims they aren’t biased against Conservatives. 

So why are they suppressing speech to help the Democrats? 

Section 230!",1915332162,1316509278988103681,2020-10-14T22:40:46.000Z,0.0,0.0,1.0,1.0,0.0,0.0,1.0,0.0,1.0,0.0,1.0,1.0,neutral,neutral,"['in favor of', 'against', 'against', 'against', 'in favor of', 'against', 'against', 'against', 'against', 'against', 'in favor of', 'against', 'against', 'against', 'against', 'against']","['A2Q1YS118AO2BP', 'A32CMQGGTSUK6Z', 'A2IOT3PCS9G5RK', 'A32CMQGGTSUK6Z', 'A2Q1YS118AO2BP', 'A3GUJ6JD25FX7O', 'A2Q1YS118AO2BP', 'A3GUJ6JD25FX7O', 'A2IOT3PCS9G5RK', 'A3OZ8KF0HWSVWK', 'A2Q1YS118AO2BP', 'A3GUJ6JD25FX7O', 'A2IOT3PCS9G5RK', 'A2Q1YS118AO2BP', 'A2Q1YS118AO2BP', 'A3OZ8KF0HWSVWK']"
stance_tweets_7,against,BREAKING: Supreme Court Justice Clarence Thomas finds social media companies do not have First Amendment right to ban protected speech and that Section 230 is unconstitutional,3164379360,1379164754544054275,2021-04-05T20:11:15.000Z,0.0,0.0,0.0,0.0,1.0,1.0,1.0,0.0,0.0,1.0,1.0,1.0,against,against,"['against', 'against', 'neutral', 'against', 'neutral', 'against', 'against', 'neutral', 'against', 'neutral', 'neutral', 'against', 'neutral', 'against', 'neutral', 'neutral', 'neutral', 'neutral', 'against', 'neutral', 'against', 'neutral']","['A2Q1YS118AO2BP', 'ACDX50KGPE97I', 'A2FCGEU5RTEWG8', 'A2Q1YS118AO2BP', 'A2FCGEU5RTEWG8', 'A2Q1YS118AO2BP', 'A2Q1YS118AO2BP', 'A3OZ8KF0HWSVWK', 'A2Q1YS118AO2BP', 'A3OZ8KF0HWSVWK', 'A2FCGEU5RTEWG8', 'A2Q1YS118AO2BP', 'A2IOT3PCS9G5RK', 'A2Q1YS118AO2BP', 'A3EBUBRYCKB6AF', 'A3OZ8KF0HWSVWK', 'A2IOT3PCS9G5RK', 'A2Q1YS118AO2BP', 'A2Q1YS118AO2BP', 'A3EBUBRYCKB6AF', 'A2Q1YS118AO2BP', 'A3EBUBRYCKB6AF']"
stance_tweets_8,against,Sen. @LindseyGrahamSC said he was “more determined” to rollback #Section230 liability protections for #BigTech companies after #Twitter permanently removed President Trump’s account from its platform. https://t.co/QY7NIItMZS,1264655204,1348316260560416772,2021-01-10T17:10:21.000Z,0.0,0.0,0.0,0.0,1.0,1.0,1.0,0.0,0.0,1.0,1.0,1.0,against,against,"['in favor of', 'neutral']","['A2Q1YS118AO2BP', 'A3OZ8KF0HWSVWK']"
stance_tweets_9,against,"Big tech censorship is in hyperdrive today. Our elected officials refused to repeal section 230. Are they all terrified of what Trump might Declassify??? Explains the rats scurrying, doesn’t it?",31246318,1347711558474899458,2021-01-09T01:07:29.000Z,0.0,0.0,0.0,0.0,1.0,1.0,1.0,0.0,0.0,1.0,1.0,1.0,against,against,"['neutral', 'in favor of']","['A2IOT3PCS9G5RK', 'A2Q1YS118AO2BP']"
stance_tweets_10,against,Much of Facebook’s franchise operates under Section 230 - it could be amended to require public disclosure of directed political ads and other info that right now Facebook refuses to share. There’s a lot you can do to improve things.,39996766,1320160655593406464,2020-10-25T00:30:02.000Z,0.0,0.0,0.0,0.0,1.0,1.0,1.0,0.0,0.0,1.0,1.0,1.0,against,against,"['in favor of', 'against']","['A2Q1YS118AO2BP', 'A3OZ8KF0HWSVWK']"
stance_tweets_11,neutral,"This is a difficult morning of decisions for Trump. Does he start off with a tweet bashing the NY Post, Geraldo Rivera, the Walter Reed doctor, Jake Tapper, Republicans in Congress, the fake news for saying he caved, or just hit the golden oldies (Dems, Section 230, Big Tech?)",21434432,1343714002606559233,2020-12-29T00:22:37.000Z,0.0,0.0,1.0,1.0,0.0,0.0,1.0,0.0,1.0,0.0,1.0,1.0,neutral,neutral,"['neutral', 'against']","['A2IOT3PCS9G5RK', 'A2Q1YS118AO2BP']"
stance_tweets_12,neutral,"Hey Lindsey, DO NOT try to tie the $2000 check to any bullshit about Section 230 or anything else.

STRAIGHT CASH. 

We see you, motherfucker. https://t.co/PyVeGPXMeE",965347159200604161,1342343815923970049,2020-12-25T05:37:59.000Z,0.0,0.0,1.0,1.0,0.0,0.0,1.0,0.0,1.0,0.0,1.0,1.0,neutral,neutral,"['in favor of', 'in favor of']","['A2Q1YS118AO2BP', 'A3OZ8KF0HWSVWK']"
stance_tweets_13,against,Glad to see my colleagues joining the effort to end Section 230 immunity for political censorship. The coalition continues to expand. I hope more members join! #BigTech #Section230 https://t.co/EZYDVwToEf,827354907497885701,1303497959317925896,2020-09-09T00:58:25.000Z,0.0,0.0,0.0,0.0,1.0,1.0,1.0,0.0,0.0,1.0,1.0,1.0,against,against,"['against', 'in favor of']","['A2FCGEU5RTEWG8', 'A2Q1YS118AO2BP']"
stance_tweets_14,against,"I support President @realDonaldTrump's insistence Section 230 repeal be part of the defense authorization bill.  
 
Big Tech is the only industry in America that cannot be sued for their business practices and are not meaningfully regulated.  

This must come to an end.",3830912607,1335069952487911427,2020-12-05T03:54:15.000Z,0.0,0.0,0.0,0.0,1.0,1.0,1.0,0.0,0.0,1.0,1.0,1.0,against,against,"['against', 'against', 'against', 'in favor of', 'against', 'in favor of', 'against', 'in favor of', 'against', 'in favor of', 'against', 'in favor of', 'against', 'in favor of']","['A3EBUBRYCKB6AF', 'A3GUJ6JD25FX7O', 'A2FCGEU5RTEWG8', 'A2Q1YS118AO2BP', 'A2FCGEU5RTEWG8', 'A3OZ8KF0HWSVWK', 'A2FCGEU5RTEWG8', 'A2Q1YS118AO2BP', 'A1AZAC9CPBEP6K', 'A2Q1YS118AO2BP', 'A2JPOXYZM5AJZZ', 'A2Q1YS118AO2BP', 'A2IOT3PCS9G5RK', 'A2Q1YS118AO2BP']"
stance_tweets_15,neutral,"#TheSaraCarterShow: I spoke with @JennaEllisEsq about Section 230 

*Subscribe*

https://t.co/Al0jYD3DMK https://t.co/dyOTmvvLyi",814659574326140928,1321063572957347840,2020-10-27T12:17:54.000Z,0.0,0.0,1.0,1.0,0.0,0.0,1.0,0.0,1.0,0.0,1.0,1.0,neutral,neutral,"['neutral', 'against', 'in favor of', 'neutral']","['A2IOT3PCS9G5RK', 'A2Q1YS118AO2BP', 'A2Q1YS118AO2BP', 'A3EBUBRYCKB6AF']"
stance_tweets_16,against,"It’s heartbreaking to recall that Republicans in the House and Senate could have repealed Section 230 and stopped tech censorship before it became a monster. They didn’t do it, and now it is unleashed in full force against us",874614566,1347978149766770688,2021-01-09T18:46:49.000Z,0.0,0.0,0.0,0.0,1.0,1.0,1.0,0.0,0.0,1.0,1.0,1.0,against,against,"['against', 'in favor of', 'in favor of', 'against', 'against', 'against', 'against', 'against']","['A2IOT3PCS9G5RK', 'A2Q1YS118AO2BP', 'A2Q1YS118AO2BP', 'A3OZ8KF0HWSVWK', 'A2Q1YS118AO2BP', 'A32CMQGGTSUK6Z', 'A2IOT3PCS9G5RK', 'A2Q1YS118AO2BP']"
stance_tweets_17,against,".@Twitter labeled a video “sensitive content” and blocked it.  What was so offensive? @RichforGA - a doctor, veteran &amp; @gop candidate for Congress was on day 6 of #22PushupChallenge to raise awareness of #PTSD - the @FCC must end #Section230 protections to stop the censorship https://t.co/qiEGgAid1Q",1209237624495296512,1269256728152948736,2020-06-06T13:16:00.000Z,0.0,0.0,0.0,0.0,1.0,1.0,1.0,0.0,0.0,1.0,1.0,1.0,against,against,"['against', 'against', 'in favor of', 'against', 'in favor of', 'against', 'against', 'against']","['A2FCGEU5RTEWG8', 'A2IOT3PCS9G5RK', 'A2Q1YS118AO2BP', 'A3OZ8KF0HWSVWK', 'A2Q1YS118AO2BP', 'A3EBUBRYCKB6AF', 'A32CMQGGTSUK6Z', 'A3EBUBRYCKB6AF']"
stance_tweets_18,in favor of,"@realDonaldTrump If you repeal section 230 of the CDA, the internet will seize to exist.  Every website would be responsible for everything anyone says. They would be forced to shut down.  You are ignorant!",1931164218,1313573294516428804,2020-10-06T20:14:13.000Z,1.0,1.0,0.0,0.0,0.0,0.0,1.0,1.0,0.0,0.0,1.0,1.0,in favor of,in favor of,"['in favor of', 'in favor of']","['A2IOT3PCS9G5RK', 'A2Q1YS118AO2BP']"
stance_tweets_19,neutral,"@MagloughlinA @BadSec230Takes Which would make you ... literally Section 230, arguing against its own application? This is why you never represent yourself! :)",714343238753103872,1273424240126169088,2020-06-18T01:16:12.000Z,0.0,0.0,1.0,1.0,0.0,0.0,1.0,0.0,1.0,0.0,1.0,1.0,neutral,neutral,"['in favor of', 'neutral']","['A2Q1YS118AO2BP', 'A3GUJ6JD25FX7O']"
stance_tweets_20,against,"@RHYSHOSKlNS @Maidylaa Fake News but @jack will not sanction this

Repeal section 230!",45536016,1321492349151858693,2020-10-28T16:41:42.000Z,0.0,0.0,0.0,0.0,1.0,1.0,1.0,0.0,0.0,1.0,1.0,1.0,against,against,"['against', 'against']","['A2IOT3PCS9G5RK', 'ACDX50KGPE97I']"
stance_tweets_21,neutral,"@HawleyMO @realDonaldTrump Trump is the one who hijacked it. 
The Democrats didn't put Section 230 and Military spending into the same bill.",1244454431229456384,1335046909950648320,2020-12-05T02:22:41.000Z,0.0,0.0,1.0,1.0,0.0,0.0,1.0,0.0,1.0,0.0,1.0,1.0,neutral,neutral,"['against', 'neutral']","['A2Q1YS118AO2BP', 'A3EBUBRYCKB6AF']"
stance_tweets_22,neutral,"Assuming that a full repeal of Section 230 would just sail through Congress without opposition is a fairly stunning misread by the WH of the very potent support that Section 230 still enjoys on Capitol Hill, despite all the hand-wringing from lawmakers pissed off at Big Tech. https://t.co/9D1HCiZA0h SCOOP - When Rep. Adam Smith asked Meadows how they can pass the NDAA despite Trump objection to renaming confederate-named bases, Meadows suggested adding a repeal of Section 230 @CatieEdmondson and me https://t.co/TNJUHfsLxO",336283404,1329483514312597505,2020-11-19T17:55:45.000Z,0.0,0.0,1.0,1.0,0.0,0.0,1.0,0.0,1.0,0.0,1.0,1.0,neutral,neutral,"['in favor of', 'neutral']","['A2Q1YS118AO2BP', 'A32CMQGGTSUK6Z']"
stance_tweets_23,neutral,"@LindseyGrahamSC Getting rid of Section 230 wouldn't have prevented this, Senator.

You know this, of course… you just like lying.",14808213,1347724376549036040,2021-01-09T01:58:25.000Z,0.0,0.0,1.0,1.0,0.0,0.0,1.0,0.0,1.0,0.0,1.0,1.0,neutral,neutral,"['against', 'in favor of']","['A2Q1YS118AO2BP', 'A3OZ8KF0HWSVWK']"
stance_tweets_24,against,"My point is simple: Section 230 shields internet platforms from liability for removing content. If you benefit from Sec 230 immunity, then you must abide by the standards of the First Amendment. Using 230 as shield for political discrimination is an abuse of the law. Let’s fix it https://t.co/HT1bJn70DY",1246839568764039170,1359874130036723714,2021-02-11T14:37:12.000Z,0.0,0.0,0.0,0.0,1.0,1.0,1.0,0.0,0.0,1.0,1.0,1.0,against,against,"['in favor of', 'neutral']","['A2Q1YS118AO2BP', 'A3OZ8KF0HWSVWK']"
stance_tweets_25,neutral,"Even if Section 230 didn't exist, private social media companies (no matter what you call them!) would still have a First Amendment right to make decisions about speech! https://t.co/p8V3fsC03n https://t.co/jes49HzJIL",137734165,1265643302596026368,2020-05-27T13:57:32.000Z,0.0,0.0,1.0,1.0,0.0,0.0,1.0,0.0,1.0,0.0,1.0,1.0,neutral,neutral,"['neutral', 'in favor of']","['A2IOT3PCS9G5RK', 'A2Q1YS118AO2BP']"
stance_tweets_26,neutral,My favorite chapter of Das Kapital is when Marx describes how private media companies will appropriate the property of the bourgeoisie to destroy capitalism through Section 230. https://t.co/xm832cjY3g,1337091636225052672,1342301404518604801,2020-12-25T02:49:28.000Z,0.0,0.0,1.0,1.0,0.0,0.0,1.0,0.0,1.0,0.0,1.0,1.0,neutral,neutral,"['in favor of', 'neutral']","['A2Q1YS118AO2BP', 'A3GUJ6JD25FX7O']"
stance_tweets_27,neutral,"#CryBabyTrump is throwing a tantrum this morning. So yeah, it’s just another Wednesday. Gotta love section 230 ??",1156362672566411267,1336767800887668737,2020-12-09T20:20:54.000Z,0.0,0.0,1.0,1.0,0.0,0.0,1.0,0.0,1.0,0.0,1.0,1.0,neutral,neutral,"['against', 'in favor of']","['A2Q1YS118AO2BP', 'A3OZ8KF0HWSVWK']"
stance_tweets_28,against,"Wall Street Journal Editorial Board nails it:

“Big Tech’s increasingly dishonest and abusive assaults on ideas it dislikes.. is wrong”

“we’re open to reforms, and.. Justice Thomas released an interesting opinion this week on how courts have interpreted Section 230 too broadly” https://t.co/yEHKDHuzim",939607603797041152,1317087953202544642,2020-10-16T13:00:13.000Z,0.0,0.0,0.0,0.0,1.0,1.0,1.0,0.0,0.0,1.0,1.0,1.0,against,against,"['against', 'neutral']","['A2Q1YS118AO2BP', 'ACDX50KGPE97I']"
stance_tweets_29,against,"Hunter Biden's laptop was obtained LEGALLY, and Twitter banned the story. President Trump's phone call with @GaSecofState was recorded ILLEGALLY, and Twitter promotes the story. When will Republicans get off their lazy asses and repeal Section 230?",241196153,1346385511670157312,2021-01-05T09:18:15.000Z,0.0,0.0,0.0,0.0,1.0,1.0,1.0,0.0,0.0,1.0,1.0,1.0,against,against,"['against', 'neutral', 'in favor of', 'against', 'against', 'in favor of', 'against', 'against']","['A2Q1YS118AO2BP', 'A32CMQGGTSUK6Z', 'A2Q1YS118AO2BP', 'A3OZ8KF0HWSVWK', 'A2IOT3PCS9G5RK', 'A2Q1YS118AO2BP', 'A2FCGEU5RTEWG8', 'A2IOT3PCS9G5RK']"
stance_tweets_30,against,Repealing #Section230 as part of the Defense bill (NDAA) Senate will vote on next month is one of the best ideas I’ve heard in a while,1320919863519596545,1329873167221977095,2020-11-20T19:44:05.000Z,0.0,0.0,0.0,0.0,1.0,1.0,1.0,0.0,0.0,1.0,1.0,1.0,against,against,"['in favor of', 'against', 'against', 'against', 'in favor of', 'against']","['A2Q1YS118AO2BP', 'A3OZ8KF0HWSVWK', 'A2Q1YS118AO2BP', 'A3OZ8KF0HWSVWK', 'A2Q1YS118AO2BP', 'A32CMQGGTSUK6Z']"
stance_tweets_31,neutral,"#Sec230 Justice Clarence Thomas lays out the urgency of rightly applying Section 230 to address the distinctions between publishers and platforms: ""Extending §230 immunity beyond the natural reading of the text can have serious consequences.""
https://t.co/ecW4zTBuWS",3051400362,1318021322794991617,2020-10-19T02:49:05.000Z,0.0,0.0,1.0,1.0,0.0,0.0,1.0,0.0,1.0,0.0,1.0,1.0,neutral,neutral,"['neutral', 'neutral']","['A2IOT3PCS9G5RK', 'A32CMQGGTSUK6Z']"
stance_tweets_32,against,"@JoeBiden Trump MUST be re-elected. We MUST vote in GOP in the House, keep the Senate and we MUST eliminate Section 230 protections for big tech social media! Social media &amp; Corporate America will kill our free speech! BLM is a Marxist group looking to DESTROY USA!
https://t.co/xPC8UpcwXg",85717595,1280327144724246528,2020-07-07T02:25:53.000Z,0.0,0.0,0.0,0.0,1.0,1.0,1.0,0.0,0.0,1.0,1.0,1.0,against,against,"['against', 'in favor of']","['A2FCGEU5RTEWG8', 'A2Q1YS118AO2BP']"
stance_tweets_33,against,"""If Twitter and Google and the rest are going to editorialize and censor and act like traditional publishers, they should be treated like traditional publishers and stop receiving the special carve out from the federal government in Section 230.” https://t.co/7zt958QQ8n",16860648,1266450579447939072,2020-05-29T19:25:22.000Z,0.0,0.0,0.0,0.0,1.0,1.0,1.0,0.0,0.0,1.0,1.0,1.0,against,against,"['in favor of', 'against', 'neutral', 'in favor of']","['A2Q1YS118AO2BP', 'A3EBUBRYCKB6AF', 'A2IOT3PCS9G5RK', 'A2Q1YS118AO2BP']"
stance_tweets_34,neutral,Google is so powerful they lobbied for Section 230 to be enacted two years before the company was founded. https://t.co/K2Ubo8Zcaw,1135581,1316485365545537539,2020-10-14T21:05:44.000Z,0.0,0.0,1.0,1.0,0.0,0.0,1.0,0.0,1.0,0.0,1.0,1.0,neutral,neutral,"['against', 'neutral']","['A2Q1YS118AO2BP', 'A3OZ8KF0HWSVWK']"
stance_tweets_35,neutral,@rockmyhearts @GarrettHaake It’s all crap.  The Senate will not vote to increase the dollar amount of stimulus money and to pay Trump back they may ignore Section 230.,1171082419610537985,1343436398347608065,2020-12-28T05:59:31.000Z,0.0,0.0,1.0,1.0,0.0,0.0,1.0,0.0,1.0,0.0,1.0,1.0,neutral,neutral,"['neutral', 'neutral']","['A2IOT3PCS9G5RK', 'A3EBUBRYCKB6AF']"
stance_tweets_36,against,"“Twitter is out of control, made possible through the government gift of Section 230!” - @realDonaldTrump",48334291,1324742121132359685,2020-11-06T15:55:08.000Z,0.0,0.0,0.0,0.0,1.0,1.0,1.0,0.0,0.0,1.0,1.0,1.0,against,against,"['against', 'against', 'against', 'against', 'against', 'against', 'against', 'against']","['A2IOT3PCS9G5RK', 'A3EBUBRYCKB6AF', 'A2Q1YS118AO2BP', 'A3OZ8KF0HWSVWK', 'A2IOT3PCS9G5RK', 'A3OZ8KF0HWSVWK', 'A2IOT3PCS9G5RK', 'A2Q1YS118AO2BP']"
stance_tweets_37,neutral,"It's time to start suing Twitter for defamation

It doesn't seem that there is a fair Section 230 argument for them at this point

https://t.co/QYexvDokKR",1274018792524447745,1300126899595866112,2020-08-30T17:43:02.000Z,0.0,0.0,1.0,1.0,0.0,0.0,1.0,0.0,1.0,0.0,1.0,1.0,neutral,neutral,"['against', 'against']","['A2JPOXYZM5AJZZ', 'A2Q1YS118AO2BP']"
stance_tweets_38,against,"Thank you Mr. President for calling for the immediate repeal of Section 230. If social platforms wish to CENSOR media, then they are “publishers” and should NOT have immunity. Social platforms’ arbitrary rules infringe upon the 1st Amend rights of our media to inform the public.",1935335732,1332421667650293760,2020-11-27T20:30:55.000Z,0.0,0.0,0.0,0.0,1.0,1.0,1.0,0.0,0.0,1.0,1.0,1.0,against,against,"['in favor of', 'against', 'against', 'in favor of']","['A2Q1YS118AO2BP', 'A3EBUBRYCKB6AF', 'A2FCGEU5RTEWG8', 'A2Q1YS118AO2BP']"
stance_tweets_39,against,"Big Tech is not even pretending like they aren't helping Joe Biden.

It's time to scrap their #Section230 protections so they can't censor conservatives any longer.",723385267,1317638081130893312,2020-10-18T01:26:13.000Z,0.0,0.0,0.0,0.0,1.0,1.0,1.0,0.0,0.0,1.0,1.0,1.0,against,against,"['against', 'in favor of', 'neutral', 'against', 'against', 'against', 'against', 'against', 'against', 'against', 'against', 'in favor of']","['A2IOT3PCS9G5RK', 'A2Q1YS118AO2BP', 'A2Q1YS118AO2BP', 'ACDX50KGPE97I', 'A2Q1YS118AO2BP', 'A37WDOIQH6JM6V', 'A2FCGEU5RTEWG8', 'A2IOT3PCS9G5RK', 'A2Q1YS118AO2BP', 'A3OZ8KF0HWSVWK', 'A2JPOXYZM5AJZZ', 'A2Q1YS118AO2BP']"
stance_tweets_40,against,I have said over and over that #Section230 must be changed to allow American citizens to challenge #BigTech censorship. I have gone to the Senate floor to try to pass legislation to do it. Today I call on my Republican colleagues to join me. Now is the time for action,38911377,1316731590425423873,2020-10-15T13:24:09.000Z,0.0,0.0,0.0,0.0,1.0,1.0,1.0,0.0,0.0,1.0,1.0,1.0,against,against,"['in favor of', 'against', 'against', 'in favor of', 'in favor of', 'against']","['A2Q1YS118AO2BP', 'A3GUJ6JD25FX7O', 'A2IOT3PCS9G5RK', 'A2Q1YS118AO2BP', 'A2Q1YS118AO2BP', 'A3OZ8KF0HWSVWK']"
stance_tweets_41,against,"????
BREAKING: I am co-sponsoring a bill to amend Section 230 to demand First Amendment protections be applied to big tech platforms! Sign on here to support our effort! https://t.co/4kdXgUC8UP",24178059,1349136149995024384,2021-01-12T23:28:18.000Z,0.0,0.0,0.0,0.0,1.0,1.0,1.0,0.0,0.0,1.0,1.0,1.0,against,against,"['against', 'in favor of', 'in favor of', 'against']","['A2IOT3PCS9G5RK', 'A2Q1YS118AO2BP', 'A2Q1YS118AO2BP', 'A3OZ8KF0HWSVWK']"
stance_tweets_42,in favor of,"a little more info about section 230. it’s controversial and definitely has its faults however, revoking it would have a devastating impact on how we as a community can come together to share our experiences and speak up for what we believe in! https://t.co/xqMz5sxcJ1",251353122,1267153159035682818,2020-05-31T17:57:10.000Z,1.0,1.0,0.0,0.0,0.0,0.0,1.0,1.0,0.0,0.0,1.0,1.0,in favor of,in favor of,"['in favor of', 'neutral']","['A2Q1YS118AO2BP', 'A3OZ8KF0HWSVWK']"
stance_tweets_43,against,RETWEET If you believe that Social Media Platforms like Twitter &amp; Facebook don't deserve the liability protection shield of section 230!,1011105825731985413,1317658207746027525,2020-10-18T02:46:12.000Z,0.0,0.0,0.0,0.0,1.0,1.0,1.0,0.0,0.0,1.0,1.0,1.0,against,against,"['neutral', 'against', 'against', 'against', 'neutral', 'against']","['A2IOT3PCS9G5RK', 'A3OZ8KF0HWSVWK', 'A2Q1YS118AO2BP', 'A3GUJ6JD25FX7O', 'A2IOT3PCS9G5RK', 'A2Q1YS118AO2BP']"
stance_tweets_44,against,"""President Trump says he will veto the annual national defense funding bill unless Section 230 is terminated, according to The AP, The Wall Street Journal and The Washington Post""  https://t.co/PQky1yyaXP",930965960789389312,1334011338801246208,2020-12-02T05:47:42.000Z,0.0,0.0,0.0,0.0,1.0,1.0,1.0,0.0,0.0,1.0,1.0,1.0,against,against,"['neutral', 'neutral']","['A2IOT3PCS9G5RK', 'A2Q1YS118AO2BP']"
stance_tweets_45,against,"Big Tech’s competitive advantage allows them to control — and even censor — free expression.

It’s time to repeal Section 230 once and for all. https://t.co/Fb5GouL0D2",721373893223702530,1288554042780721152,2020-07-29T19:16:38.000Z,0.0,0.0,0.0,0.0,1.0,1.0,1.0,0.0,0.0,1.0,1.0,1.0,against,against,"['against', 'in favor of', 'in favor of', 'against']","['A2IOT3PCS9G5RK', 'A2Q1YS118AO2BP', 'A2Q1YS118AO2BP', 'A3EBUBRYCKB6AF']"
stance_tweets_46,neutral,@mmpadellan He wants to repass it with the section 230 clause in there. It’s like we live in a fucking carnival or video game. I can’t anymore,1046489723718561798,1343983417642414080,2020-12-29T18:13:11.000Z,0.0,0.0,1.0,1.0,0.0,0.0,1.0,0.0,1.0,0.0,1.0,1.0,neutral,neutral,"['against', 'in favor of']","['A2JPOXYZM5AJZZ', 'A2Q1YS118AO2BP']"
stance_tweets_47,neutral,Repealing Section 230 would have the opposite effect conservatives think it would. Social media companies would have to ban more accounts and censor more content.,1007119739158777856,1347788937096556544,2021-01-09T06:14:57.000Z,0.0,0.0,1.0,1.0,0.0,0.0,1.0,0.0,1.0,0.0,1.0,1.0,neutral,neutral,"['neutral', 'in favor of', 'in favor of', 'in favor of', 'in favor of', 'against']","['A3EBUBRYCKB6AF', 'A3GUJ6JD25FX7O', 'A2Q1YS118AO2BP', 'A37WDOIQH6JM6V', 'A3OZ8KF0HWSVWK', 'ACDX50KGPE97I']"
stance_tweets_48,neutral,@realDonaldTrump @kayleighmcenany @nypost Section 230 doesn't protect @Facebook or @Twitter from the consequences of this business fraud and misconduct.,83955962,1316519941944815618,2020-10-14T23:23:08.000Z,0.0,0.0,1.0,1.0,0.0,0.0,1.0,0.0,1.0,0.0,1.0,1.0,neutral,neutral,"['against', 'neutral', 'against', 'in favor of']","['A2Q1YS118AO2BP', 'A3EBUBRYCKB6AF', 'A2Q1YS118AO2BP', 'A3GUJ6JD25FX7O']"
stance_tweets_49,neutral,"Apple is demanding that Parler be held responsible for the content posted by its users OR it will take it off iOS

So basically Apple is demanding that Parler waive its section 230 protections while lobbying to maintain its own 230 privileges",1224952140982050816,1347795768569114624,2021-01-09T06:42:06.000Z,0.0,0.0,1.0,1.0,0.0,0.0,1.0,0.0,1.0,0.0,1.0,1.0,neutral,neutral,"['in favor of', 'neutral', 'against', 'neutral', 'against', 'in favor of', 'neutral', 'in favor of', 'against', 'neutral', 'neutral', 'in favor of', 'neutral', 'against', 'neutral', 'in favor of', 'neutral', 'against', 'in favor of', 'against', 'neutral', 'in favor of', 'in favor of', 'neutral', 'neutral', 'in favor of', 'in favor of', 'neutral']","['A2Q1YS118AO2BP', 'A32CMQGGTSUK6Z', 'A3OZ8KF0HWSVWK', 'ACDX50KGPE97I', 'A2JPOXYZM5AJZZ', 'A2Q1YS118AO2BP', 'A2IOT3PCS9G5RK', 'A2Q1YS118AO2BP', 'A1F1BIPJR11LSR', 'A2IOT3PCS9G5RK', 'A2IOT3PCS9G5RK', 'A2Q1YS118AO2BP', 'A2IOT3PCS9G5RK', 'A2Q1YS118AO2BP', 'A2IOT3PCS9G5RK', 'A2Q1YS118AO2BP', 'A3EBUBRYCKB6AF', 'A3OZ8KF0HWSVWK', 'A2Q1YS118AO2BP', 'A3OZ8KF0HWSVWK', 'A2IOT3PCS9G5RK', 'A2Q1YS118AO2BP', 'A2Q1YS118AO2BP', 'A3EBUBRYCKB6AF', 'A2IOT3PCS9G5RK', 'A2Q1YS118AO2BP', 'A2Q1YS118AO2BP', 'A3GUJ6JD25FX7O']"
stance_tweets_50,neutral,The executive order by @realDonaldTrump cannot change the law or the Constitution. Section 230 of the Communications Decency Act is what allows Trump to post his deranged thoughts on social media. The First Amendment is what allows companies to say whatever they want in response. https://t.co/Y8hvA1PX3Q,341124358,1266255437638201348,2020-05-29T06:29:56.000Z,0.0,0.0,1.0,1.0,0.0,0.0,1.0,0.0,1.0,0.0,1.0,1.0,neutral,neutral,"['in favor of', 'against', 'in favor of', 'against', 'in favor of', 'in favor of', 'in favor of', 'in favor of', 'against', 'in favor of']","['A2IOT3PCS9G5RK', 'A2Q1YS118AO2BP', 'A2IOT3PCS9G5RK', 'A2Q1YS118AO2BP', 'A2Q1YS118AO2BP', 'A3OZ8KF0HWSVWK', 'A2Q1YS118AO2BP', 'A3OZ8KF0HWSVWK', 'A2Q1YS118AO2BP', 'A3OZ8KF0HWSVWK']"
stance_tweets_51,against,"Any Republican who voted WITH Nancy Pelosi AGAINST Trump's veto to maintain Section 230, rename military bases, and fund more endless wars needs to be aggressively primaried in 2 years.",1149632143,1343975994185670663,2020-12-29T17:43:41.000Z,0.0,0.0,0.0,0.0,1.0,1.0,1.0,0.0,0.0,1.0,1.0,1.0,against,against,"['neutral', 'against', 'against', 'in favor of', 'in favor of', 'against', 'against', 'against', 'against', 'against', 'in favor of', 'against', 'in favor of', 'against', 'in favor of', 'against', 'against', 'against']","['A2Q1YS118AO2BP', 'A3OZ8KF0HWSVWK', 'A2JPOXYZM5AJZZ', 'A2Q1YS118AO2BP', 'A32CMQGGTSUK6Z', 'A3OZ8KF0HWSVWK', 'A37WDOIQH6JM6V', 'ACDX50KGPE97I', 'A2Q1YS118AO2BP', 'A3OZ8KF0HWSVWK', 'A2Q1YS118AO2BP', 'ACDX50KGPE97I', 'A2Q1YS118AO2BP', 'A3GUJ6JD25FX7O', 'A2Q1YS118AO2BP', 'A3OZ8KF0HWSVWK', 'A2JPOXYZM5AJZZ', 'A2Q1YS118AO2BP']"
stance_tweets_52,neutral,"Dear Twitter: Here in Nevada we have proof, eyewitnesses, and affidavits proving voter fraud. Stop gaslighting America. #section230 @molmccann @SidneyPowell1 @abigailcfrye @GenFlynn @Raiklin @MarinaMedvin @AdamLaxalt https://t.co/dnfKao8ccs",621579005,1328846563762860032,2020-11-17T23:44:44.000Z,0.0,0.0,1.0,1.0,0.0,0.0,1.0,0.0,1.0,0.0,1.0,1.0,neutral,neutral,"['against', 'in favor of']","['A1AZAC9CPBEP6K', 'A2Q1YS118AO2BP']"
stance_tweets_53,against,BREAKING: Trump Says He Will Veto Defense Bill Unless Section 230 is Deleted https://t.co/dYYcyzvELP,1223032370921558016,1333999842884943874,2020-12-02T05:02:01.000Z,0.0,0.0,0.0,0.0,1.0,1.0,1.0,0.0,0.0,1.0,1.0,1.0,against,against,"['neutral', 'against']","['A2FCGEU5RTEWG8', 'A37WDOIQH6JM6V']"
stance_tweets_54,against,@HemmerReports @BillHemmer @ggreenwald @jack @Twitter both already know section 230 is on chopping block so now censoring Trump and conservatives is purely for amusement! #RepealSection230,1318233764795994113,1318650464217534465,2020-10-20T20:29:04.000Z,0.0,0.0,0.0,0.0,1.0,1.0,1.0,0.0,0.0,1.0,1.0,1.0,against,against,"['in favor of', 'against']","['A2Q1YS118AO2BP', 'A3GUJ6JD25FX7O']"
stance_tweets_55,neutral,Twitter Using Section 230 To Avoid Child Sex Trafficking Lawsuit. https://t.co/DrqW337A7a,1195187635687493637,1370777178447646722,2021-03-13T16:42:01.000Z,0.0,0.0,1.0,1.0,0.0,0.0,1.0,0.0,1.0,0.0,1.0,1.0,neutral,neutral,"['against', 'against']","['A2Q1YS118AO2BP', 'A3GUJ6JD25FX7O']"
stance_tweets_56,against,@CarolynRyanTV @rumblevideo Definitely attack against free speech!  Time to change Section 230 on such blighters!,62816203,1336942856821501954,2020-12-10T07:56:30.000Z,0.0,0.0,0.0,0.0,1.0,1.0,1.0,0.0,0.0,1.0,1.0,1.0,against,against,"['against', 'against']","['A2IOT3PCS9G5RK', 'A2Q1YS118AO2BP']"
stance_tweets_57,against,"I will vote AGAINST the veto override of the defense bill today.

@realDonaldTrump is right. Fighting #Section230 Big Tech censorship is too important to wait.

It’s time to draw a LINE IN THE SAND.",108760030,1343641254253494272,2020-12-28T19:33:33.000Z,0.0,0.0,0.0,0.0,1.0,1.0,1.0,0.0,0.0,1.0,1.0,1.0,against,against,"['in favor of', 'against', 'against', 'in favor of', 'in favor of', 'against', 'in favor of', 'against', 'against', 'in favor of']","['A2Q1YS118AO2BP', 'A32CMQGGTSUK6Z', 'A2IOT3PCS9G5RK', 'A2Q1YS118AO2BP', 'A2Q1YS118AO2BP', 'A3OZ8KF0HWSVWK', 'A2Q1YS118AO2BP', 'A3GUJ6JD25FX7O', 'A2FCGEU5RTEWG8', 'A2Q1YS118AO2BP']"
stance_tweets_58,against,"Just think, Republicans’ refusal to get rid of Section 230 WHEN THEY HAD THE CHANCE enabled this censorship.",1284981817968402437,1347705881169862657,2021-01-09T00:44:55.000Z,0.0,0.0,0.0,0.0,1.0,1.0,1.0,0.0,0.0,1.0,1.0,1.0,against,against,"['in favor of', 'against', 'in favor of', 'against', 'against', 'in favor of', 'against', 'in favor of', 'against', 'against', 'against', 'against']","['A36H3PO6JZD414', 'A3OZ8KF0HWSVWK', 'A2Q1YS118AO2BP', 'ACDX50KGPE97I', 'A1F1BIPJR11LSR', 'A2Q1YS118AO2BP', 'A2IOT3PCS9G5RK', 'A2Q1YS118AO2BP', 'A2FCGEU5RTEWG8', 'A2IOT3PCS9G5RK', 'A32CMQGGTSUK6Z', 'A3OZ8KF0HWSVWK']"
stance_tweets_59,neutral,"@realDonaldTrump If section 230 is abolished, Twitter will have to censor your lies. Is that what you want?",707881519,1340213580591874048,2020-12-19T08:33:12.000Z,0.0,0.0,1.0,1.0,0.0,0.0,1.0,0.0,1.0,0.0,1.0,1.0,neutral,neutral,"['in favor of', 'against']","['A2IOT3PCS9G5RK', 'A2Q1YS118AO2BP']"
stance_tweets_60,against,"BREAKING: President Trump directs FCC to implement Executive Order Preventing Online Censorship to limit Section 230 
https://t.co/u8VTIVtWXZ",4323472703,1288855850182991872,2020-07-30T15:15:55.000Z,0.0,0.0,0.0,0.0,1.0,1.0,1.0,0.0,0.0,1.0,1.0,1.0,against,against,"['neutral', 'in favor of', 'against', 'neutral', 'in favor of', 'neutral', 'neutral', 'neutral', 'neutral', 'in favor of']","['A2FCGEU5RTEWG8', 'A2Q1YS118AO2BP', 'A37WDOIQH6JM6V', 'A3OZ8KF0HWSVWK', 'A2Q1YS118AO2BP', 'A32CMQGGTSUK6Z', 'A2IOT3PCS9G5RK', 'A3EBUBRYCKB6AF', 'A2FCGEU5RTEWG8', 'A2Q1YS118AO2BP']"
stance_tweets_61,against,It is now time for Congress to repeal Section 230 and put Big Tech on the same legal footing as every other company in America. Legal accountability.,212967984,1347785912244178945,2021-01-09T06:02:56.000Z,0.0,0.0,0.0,0.0,1.0,1.0,1.0,0.0,0.0,1.0,1.0,1.0,against,against,"['against', 'in favor of', 'in favor of', 'against']","['A2FCGEU5RTEWG8', 'A2Q1YS118AO2BP', 'A2Q1YS118AO2BP', 'A3OZ8KF0HWSVWK']"
stance_tweets_62,neutral,Here's Twitter without Section 230 https://t.co/lhBQC2HwbI,15915874,1341946328234905601,2020-12-24T03:18:31.000Z,0.0,0.0,1.0,1.0,0.0,0.0,1.0,0.0,1.0,0.0,1.0,1.0,neutral,neutral,"['neutral', 'in favor of']","['A2Q1YS118AO2BP', 'A32CMQGGTSUK6Z']"
stance_tweets_63,neutral,The false claim that an entity is exclusively a “publisher” or a “platform” under Section 230 (with different liability depending on the *type* of entity)—and that some “publishers” get away with being considered “platforms”—continues to drive most of the confusion on this issue.,240536224,1313553397438705670,2020-10-06T18:55:09.000Z,0.0,0.0,1.0,1.0,0.0,0.0,1.0,0.0,1.0,0.0,1.0,1.0,neutral,neutral,"['in favor of', 'neutral']","['A2Q1YS118AO2BP', 'A3OZ8KF0HWSVWK']"
stance_tweets_64,neutral,"Dear @realDonaldTrump: Your Executive Order is a farce. The courts interpret Section 230, not @FCC. Your “US policy” doesn’t matter if it conflicts with the statute or case law. That’s why your EO calls for legislation, which is dead on arrival in @HouseJudiciary. Go pound sand. https://t.co/FZ3uTnDddw",29117878,1266193504595857414,2020-05-29T02:23:50.000Z,0.0,0.0,1.0,1.0,0.0,0.0,1.0,0.0,1.0,0.0,1.0,1.0,neutral,neutral,"['against', 'in favor of', 'in favor of', 'in favor of']","['A2Q1YS118AO2BP', 'A3OZ8KF0HWSVWK', 'A2Q1YS118AO2BP', 'A3OZ8KF0HWSVWK']"
stance_tweets_65,neutral,"I am dying laughing over here.

Trump saw #DiaperDon trending and is so outraged he wants to repeal Section 230 for... NATIONAL SECURITY.

Happy Thanksgiving indeed! https://t.co/DwNsGO6GVh",1673425543,1332230354900451329,2020-11-27T07:50:42.000Z,0.0,0.0,1.0,1.0,0.0,0.0,1.0,0.0,1.0,0.0,1.0,1.0,neutral,neutral,"['against', 'neutral', 'against', 'in favor of', 'in favor of', 'neutral']","['A1AZAC9CPBEP6K', 'A2IOT3PCS9G5RK', 'A2Q1YS118AO2BP', 'A3OZ8KF0HWSVWK', 'A2Q1YS118AO2BP', 'A37WDOIQH6JM6V']"
stance_tweets_66,neutral,Ask every Senator what Section 230 is. Don’t ask them if they want to repeal it. Ask them to describe it.,146552379,1343516723069108224,2020-12-28T11:18:42.000Z,0.0,0.0,1.0,1.0,0.0,0.0,1.0,0.0,1.0,0.0,1.0,1.0,neutral,neutral,"['against', 'neutral', 'neutral', 'against', 'against', 'against', 'against', 'neutral', 'neutral', 'in favor of']","['A2Q1YS118AO2BP', 'ACDX50KGPE97I', 'A2FCGEU5RTEWG8', 'A2Q1YS118AO2BP', 'A2JPOXYZM5AJZZ', 'A2Q1YS118AO2BP', 'A2Q1YS118AO2BP', 'A3GUJ6JD25FX7O', 'A2IOT3PCS9G5RK', 'A2Q1YS118AO2BP']"
stance_tweets_67,neutral,"@cmonstah 1. I don't think he knows what that movie's about.
2. Re: social media. Something tells me they all received calls today, whether from legislature or K street fops who are relaying messages from Congress saying, ""Lose this guy or lose Section 230""",273663964,1347714330524069892,2021-01-09T01:18:30.000Z,0.0,0.0,1.0,1.0,0.0,0.0,1.0,0.0,1.0,0.0,1.0,1.0,neutral,neutral,"['in favor of', 'in favor of']","['A2Q1YS118AO2BP', 'A3OZ8KF0HWSVWK']"
stance_tweets_68,neutral,"For the last fucking time Section 230 is not a ""special legal protection afforded to technology companies""

It applies to literally every website. Including the comments section of The Hill, for example. It also protects you from getting sued for retweeting or forwarding an email https://t.co/fG8OkInNdy",306486468,1344161173009264641,2020-12-30T05:59:31.000Z,0.0,0.0,1.0,1.0,0.0,0.0,1.0,0.0,1.0,0.0,1.0,1.0,neutral,neutral,"['in favor of', 'in favor of', 'in favor of', 'against', 'in favor of', 'against', 'in favor of', 'against']","['A2Q1YS118AO2BP', 'A3GUJ6JD25FX7O', 'A2IOT3PCS9G5RK', 'A2Q1YS118AO2BP', 'A2IOT3PCS9G5RK', 'A2Q1YS118AO2BP', 'A2IOT3PCS9G5RK', 'A2Q1YS118AO2BP']"
stance_tweets_69,against,"Joe Biden calls for the repeal of Section 230, part of a U.S. law that protects internet companies from liability for content that their users post online. Via @EricNewcomer https://t.co/XLSO29YgZH",983247178075398144,1218312930384584704,2020-01-17T23:23:32.000Z,0.0,0.0,0.0,0.0,1.0,1.0,1.0,0.0,0.0,1.0,1.0,1.0,against,against,"['in favor of', 'neutral']","['A2Q1YS118AO2BP', 'A3OZ8KF0HWSVWK']"
stance_tweets_70,neutral,"For those of y'all smugly chortling because you think that 45 and the GOP will be the ones most hurt by the repeal of Section 230:

Bear in mind, a weapon is more powerful and dangerous in the hands of those who have no qualms about how they use it and what the consequences are.",181465657,1344777565211267073,2020-12-31T22:48:50.000Z,0.0,0.0,1.0,1.0,0.0,0.0,1.0,0.0,1.0,0.0,1.0,1.0,neutral,neutral,"['in favor of', 'in favor of']","['A2Q1YS118AO2BP', 'A3OZ8KF0HWSVWK']"
stance_tweets_71,against,"Wikipedia, a smear website that bans conservatives and locks out their pages so that only lies remain, would be out of business without Section 230.

Which is why Section 230 should be repealed. https://t.co/4ywJl1f0oV",987830561510129665,1343696816861290497,2020-12-28T23:14:20.000Z,0.0,0.0,0.0,0.0,1.0,1.0,1.0,0.0,0.0,1.0,1.0,1.0,against,against,"['against', 'against']","['A2FCGEU5RTEWG8', 'A2IOT3PCS9G5RK']"
stance_tweets_72,neutral,#WeirdoTrump is now trending 2 in the USA. That took about 10 minutes and oooo I can’t wait for the Section 230 tweet storm coming??,80208000,1335406051877904386,2020-12-06T02:09:48.000Z,0.0,0.0,1.0,1.0,0.0,0.0,1.0,0.0,1.0,0.0,1.0,1.0,neutral,neutral,"['neutral', 'against']","['A2IOT3PCS9G5RK', 'A3OZ8KF0HWSVWK']"
stance_tweets_73,against,PETITION: Repeal Section 230! https://t.co/HOEekifABg,803985726,1348649387250085888,2021-01-11T15:14:05.000Z,0.0,0.0,0.0,0.0,1.0,1.0,1.0,0.0,0.0,1.0,1.0,1.0,against,against,"['against', 'against']","['A2IOT3PCS9G5RK', 'ACDX50KGPE97I']"
stance_tweets_74,against,"Jim Jordan - All Congress has to do is repeal Section 230.  You are the ones who gave Bill Gates all this blocking power.  Call 'blocking' what it really is - ARRESTING. https://t.co/TP19lEbgFB Two years ago, Twitter shadow bans @RepMattGaetz, @MarkMeadows, @DevinNunes, and myself. 

Now they’ve decided to censor @realDonaldTrump. 

What’s next, @jack?",885250307093131269,1266759038127280128,2020-05-30T15:51:04.000Z,0.0,0.0,0.0,0.0,1.0,1.0,1.0,0.0,0.0,1.0,1.0,1.0,against,against,"['against', 'against']","['A2IOT3PCS9G5RK', 'ACDX50KGPE97I']"
stance_tweets_75,neutral,What the FCC can and can’t do to Section 230 https://t.co/zhKJYFd54D via @voxdotcom,3101663805,1318512173606490113,2020-10-20T11:19:33.000Z,0.0,0.0,1.0,1.0,0.0,0.0,1.0,0.0,1.0,0.0,1.0,1.0,neutral,neutral,"['against', 'neutral']","['A2Q1YS118AO2BP', 'A3OZ8KF0HWSVWK']"
stance_tweets_76,neutral,"@MiaFarrow @klp6818 Just saw this: So Trump’s statement today about increasing the stimulus relief to $2,000 (the Dem plan)was actually a way for him to try and re-write the bill to slip in the revocation of Section 230 of the Communication Decency Act because he didn’t like being called Diaper Don?",320981505,1341754046609121281,2020-12-23T14:34:27.000Z,0.0,0.0,1.0,1.0,0.0,0.0,1.0,0.0,1.0,0.0,1.0,1.0,neutral,neutral,"['in favor of', 'neutral']","['A2Q1YS118AO2BP', 'A3OZ8KF0HWSVWK']"
stance_tweets_77,neutral,@MrProudboy777 The 1996 implementation of Section 230 allows tgem to operate with NO liability or accountability. Not how a public company runs their operations. Fact,1018297903784386561,1347916150081007617,2021-01-09T14:40:27.000Z,0.0,0.0,1.0,1.0,0.0,0.0,1.0,0.0,1.0,0.0,1.0,1.0,neutral,neutral,"['against', 'neutral']","['A2FCGEU5RTEWG8', 'A2Q1YS118AO2BP']"
stance_tweets_78,against,"BREAKING: Rep. Matt Gaetz is drafting a bill that would strip social media networks of their legal immunity (Section 230).

This would allow users who have been banned, or had content removed, to sue in court.

These networks must be held accountable!

RT!",825576063463927808,1265879817813061634,2020-05-28T05:37:22.000Z,0.0,0.0,0.0,0.0,1.0,1.0,1.0,0.0,0.0,1.0,1.0,1.0,against,against,"['against', 'in favor of', 'neutral', 'against', 'against', 'in favor of']","['A2FCGEU5RTEWG8', 'A2Q1YS118AO2BP', 'A2IOT3PCS9G5RK', 'A2Q1YS118AO2BP', 'A2FCGEU5RTEWG8', 'A2Q1YS118AO2BP']"
stance_tweets_79,against,".@Google owned @YouTube officially announcing free speech no longer allowed. If you have concerns about election integrity, you must sit down and shut up. Repeal Section 230 and break these companies up https://t.co/EfBfCZHzv2",1047236409533325313,1336711761060360195,2020-12-09T16:38:13.000Z,0.0,0.0,0.0,0.0,1.0,1.0,1.0,0.0,0.0,1.0,1.0,1.0,against,against,"['against', 'against']","['A2IOT3PCS9G5RK', 'A2Q1YS118AO2BP']"
stance_tweets_80,in favor of,"You don’t need to repeal Section 230. You just have to enforce the rules. Facebook, Twitter and Instagram are now publishers, therefore 230 protections get revoked. If smaller tech/social media platforms abide by the rules, they get to keep the protections. Pretty simple.",268338378,1345232197247262721,2021-01-02T04:55:23.000Z,1.0,1.0,0.0,0.0,0.0,0.0,1.0,1.0,0.0,0.0,1.0,1.0,in favor of,in favor of,"['neutral', 'neutral']","['A2IOT3PCS9G5RK', 'A2Q1YS118AO2BP']"
stance_tweets_81,against,@scrowder @tedcruz Is Section 230 still protecting tech companies? Then put this shit away.,225802115,1328760415220768769,2020-11-17T18:02:24.000Z,0.0,0.0,0.0,0.0,1.0,1.0,1.0,0.0,0.0,1.0,1.0,1.0,against,against,"['against', 'in favor of']","['A2IOT3PCS9G5RK', 'A2Q1YS118AO2BP']"
stance_tweets_82,neutral,@Sethiol @ksorbs You should read the TOS. And look into how Section 230 works.,320755649,1317931182563028993,2020-10-18T20:50:54.000Z,0.0,0.0,1.0,1.0,0.0,0.0,1.0,0.0,1.0,0.0,1.0,1.0,neutral,neutral,"['in favor of', 'against']","['A2Q1YS118AO2BP', 'A32CMQGGTSUK6Z']"
stance_tweets_83,neutral,@GreekforTrump @lehighvalley FYI your comment came up as offensive content lol Twitter is taking election meddling to new heights #Section230,1284080442229104640,1322119519792484352,2020-10-30T10:13:51.000Z,0.0,0.0,1.0,1.0,0.0,0.0,1.0,0.0,1.0,0.0,1.0,1.0,neutral,neutral,"['in favor of', 'against']","['A2Q1YS118AO2BP', 'A3GUJ6JD25FX7O']"
stance_tweets_84,neutral,Section 230 what? https://t.co/GqQ23irDPW 306.,954739527628726273,1344330824552951822,2020-12-30T17:13:39.000Z,0.0,0.0,1.0,1.0,0.0,0.0,1.0,0.0,1.0,0.0,1.0,1.0,neutral,neutral,"['neutral', 'neutral']","['A2IOT3PCS9G5RK', 'A32CMQGGTSUK6Z']"
stance_tweets_85,in favor of,"This EO is a reactionary and politicized approach to a landmark law. #Section230 protects American innovation and freedom of expression, and it’s underpinned by democratic values. Attempts to unilaterally erode it threaten the future of online speech and Internet freedoms.",281807752,1266296608519380992,2020-05-29T09:13:32.000Z,1.0,1.0,0.0,0.0,0.0,0.0,1.0,1.0,0.0,0.0,1.0,1.0,in favor of,in favor of,"['in favor of', 'in favor of', 'in favor of', 'in favor of', 'in favor of', 'in favor of', 'in favor of', 'in favor of']","['A3EBUBRYCKB6AF', 'A3OZ8KF0HWSVWK', 'A36H3PO6JZD414', 'A3OZ8KF0HWSVWK', 'A2Q1YS118AO2BP', 'A3OZ8KF0HWSVWK', 'A2IOT3PCS9G5RK', 'A2Q1YS118AO2BP']"
stance_tweets_86,neutral,"With #Section230 back in the news, check out this video of the recent @FedSoc panel discussion I moderated, featuring @josh_hammer and @jrhuddles. We talk about common carriage, NYTimes v. Sullivan, and lots more! 
https://t.co/LmybTGQW9o",38813274,1382417145917677569,2021-04-14T19:35:06.000Z,0.0,0.0,1.0,1.0,0.0,0.0,1.0,0.0,1.0,0.0,1.0,1.0,neutral,neutral,"['neutral', 'against']","['A2IOT3PCS9G5RK', 'A2Q1YS118AO2BP']"
stance_tweets_87,neutral,"Class action against Twitter is going to happen now, it can happen, Section 230 DOES NOT apply.",786608367129141248,1283585367040548864,2020-07-16T02:12:54.000Z,0.0,0.0,1.0,1.0,0.0,0.0,1.0,0.0,1.0,0.0,1.0,1.0,neutral,neutral,"['neutral', 'neutral', 'neutral', 'neutral']","['A2IOT3PCS9G5RK', 'A37WDOIQH6JM6V', 'A2IOT3PCS9G5RK', 'A3OZ8KF0HWSVWK']"
stance_tweets_88,against,@TomFitton @Twitter @realDonaldTrump President Trump will be President for the next 4 years. He must act fast and reform Section 230.,1310986614026514432,1335064847466323969,2020-12-05T03:33:58.000Z,0.0,0.0,0.0,0.0,1.0,1.0,1.0,0.0,0.0,1.0,1.0,1.0,against,against,"['in favor of', 'against']","['A2Q1YS118AO2BP', 'A3EBUBRYCKB6AF']"
stance_tweets_89,neutral,@ColumbiaBugle @westtexaslivin Section 230 disagrees with you.,2750028686,1379475156851113985,2021-04-06T16:44:41.000Z,0.0,0.0,1.0,1.0,0.0,0.0,1.0,0.0,1.0,0.0,1.0,1.0,neutral,neutral,"['neutral', 'against']","['A2IOT3PCS9G5RK', 'A2Q1YS118AO2BP']"
stance_tweets_90,against,TWITTER JUST HANDED AWAY ANY LAST SHRED OF SECTION 230 PROTECTION THEY HAD BY SUSPENDING LIN WOOD @LLinWood. RETWEET. #FightBack ⁦@realDonaldTrump⁩ ⁦@Cernovich⁩ ⁦@RudyGiuliani⁩ ⁦@seanhannity⁩ ⁦@TuckerCarlson⁩ https://t.co/IhmzYcNIBe,2341589400,1300984370673586176,2020-09-02T02:30:19.000Z,0.0,0.0,0.0,0.0,1.0,1.0,1.0,0.0,0.0,1.0,1.0,1.0,against,against,"['against', 'against']","['A3EBUBRYCKB6AF', 'A3OZ8KF0HWSVWK']"
stance_tweets_91,neutral,#BREAKING: Senate Majority Leader Mitch McConnell introduces competing bill for $2K stimulus checks. It would also repeal Section 230 and set up commission to study voter fraud.,169242210,1344114535616061441,2020-12-30T02:54:12.000Z,0.0,0.0,1.0,1.0,0.0,0.0,1.0,0.0,1.0,0.0,1.0,1.0,neutral,neutral,"['neutral', 'against', 'neutral', 'against', 'neutral', 'neutral', 'in favor of', 'neutral', 'neutral', 'in favor of']","['A2FCGEU5RTEWG8', 'A2Q1YS118AO2BP', 'A2FCGEU5RTEWG8', 'A2Q1YS118AO2BP', 'A2FCGEU5RTEWG8', 'A3EBUBRYCKB6AF', 'A2Q1YS118AO2BP', 'A3OZ8KF0HWSVWK', 'A2FCGEU5RTEWG8', 'A2Q1YS118AO2BP']"
stance_tweets_92,neutral,"Serious question - why do Republicans want Section 230 to go away? If social media companies can be held liable for false content on their platforms, that's not going to go well for Republicans. Fake news is an asymmetric problem.",712075843,1344068034139357188,2020-12-29T23:49:25.000Z,0.0,0.0,1.0,1.0,0.0,0.0,1.0,0.0,1.0,0.0,1.0,1.0,neutral,neutral,"['against', 'neutral']","['A2Q1YS118AO2BP', 'A3EBUBRYCKB6AF']"
stance_tweets_93,against,"Just in: Senate Majority Leader Mitch McConnell will combine Trump demand for Section 230 repeal with legislation to increase stimulus checks to $2,000 — poisoning the bill to make it unpassable in the Senate.",1027727549550526464,1344032676420849665,2020-12-29T21:28:55.000Z,0.0,0.0,0.0,0.0,1.0,1.0,1.0,0.0,0.0,1.0,1.0,1.0,against,against,"['against', 'neutral', 'neutral', 'neutral']","['A2Q1YS118AO2BP', 'A3OZ8KF0HWSVWK', 'A2IOT3PCS9G5RK', 'A2Q1YS118AO2BP']"
stance_tweets_94,against,"Commissioner Mike O’Reilly signaled any reform on Section 230 by the @FCC is unlikely, so we’re going to need more than a committee vote. We need action and ligation by the Department of Justice.

https://t.co/5sykwkN7Fm",880754880859840513,1275196043039252481,2020-06-22T22:36:43.000Z,0.0,0.0,0.0,0.0,1.0,1.0,1.0,0.0,0.0,1.0,1.0,1.0,against,against,"['against', 'against']","['A2IOT3PCS9G5RK', 'A2Q1YS118AO2BP']"
stance_tweets_95,against,"Repeal section 230 https://t.co/eOrgwHkzcY .@tedcruz sets a trap for Twitter CEO @jack on the definition of a ""publisher"" and then uses his own answer against him.

Can you tell he used to be an attorney? https://t.co/yCSMtTt169",872068302595477505,1328808534830624773,2020-11-17T21:13:37.000Z,0.0,0.0,0.0,0.0,1.0,1.0,1.0,0.0,0.0,1.0,1.0,1.0,against,against,"['against', 'against']","['A2Q1YS118AO2BP', 'A3OZ8KF0HWSVWK']"
stance_tweets_96,neutral,"My earlier reporting on Jim Jordan is confirmed. 

“Section 230!” is Jordan’s way to slow walking anti trust. https://t.co/WK2hDLcKni https://t.co/fbToQuBkQp",1049810698166038529,1313599535520919552,2020-10-06T21:58:29.000Z,0.0,0.0,1.0,1.0,0.0,0.0,1.0,0.0,1.0,0.0,1.0,1.0,neutral,neutral,"['in favor of', 'against']","['A2Q1YS118AO2BP', 'A3GUJ6JD25FX7O']"
stance_tweets_97,neutral,Section 230 actually eliminates liability for moderation choices. Additionally - there’s no political neutrality (or other bias free moderation) requirement. Sites can moderate how they want and face no liability.,2347475803,1288205271605575680,2020-07-28T20:10:45.000Z,0.0,0.0,1.0,1.0,0.0,0.0,1.0,0.0,1.0,0.0,1.0,1.0,neutral,neutral,"['against', 'neutral']","['A2Q1YS118AO2BP', 'A3EBUBRYCKB6AF']"
stance_tweets_98,neutral,"Anti-trust. 

Section 230. 

Consumer choice. 

The only thing Corporate America understands is dollars. 

It’s time Americans stop sending theirs to companies who participate in cancel culture. https://t.co/zkzskU2MEA",863245744173498370,1348347700937371649,2021-01-10T19:15:17.000Z,0.0,0.0,1.0,1.0,0.0,0.0,1.0,0.0,1.0,0.0,1.0,1.0,neutral,neutral,"['neutral', 'in favor of']","['A2IOT3PCS9G5RK', 'A2Q1YS118AO2BP']"
stance_tweets_99,against,"@realDonaldTrump Congress will vote on additional stimulus checks and repealing Section 230 -- all wins for the American people. 

Well done Mr. President!",2879919117,1343717797235470336,2020-12-29T00:37:42.000Z,0.0,0.0,0.0,0.0,1.0,1.0,1.0,0.0,0.0,1.0,1.0,1.0,against,against,"['against', 'in favor of', 'against', 'in favor of', 'against', 'against', 'against', 'in favor of', 'in favor of', 'against']","['A2JPOXYZM5AJZZ', 'A2Q1YS118AO2BP', 'A2FCGEU5RTEWG8', 'A2Q1YS118AO2BP', 'A2FCGEU5RTEWG8', 'A3GUJ6JD25FX7O', 'A2IOT3PCS9G5RK', 'A2Q1YS118AO2BP', 'A2Q1YS118AO2BP', 'A3EBUBRYCKB6AF']"
stance_tweets_100,against,The NDAA does NOT contain any reform to Section 230 but DOES contain Elizabeth Warren’s social engineering amendment to unilaterally rename bases &amp; war memorials w/ no public input or process. I cannot support it,994397666263085057,1334961412322566144,2020-12-04T20:42:57.000Z,0.0,0.0,0.0,0.0,1.0,1.0,1.0,0.0,0.0,1.0,1.0,1.0,against,against,"['neutral', 'against', 'against', 'in favor of', 'against', 'against', 'against', 'neutral']","['A2IOT3PCS9G5RK', 'A2Q1YS118AO2BP', 'A2JPOXYZM5AJZZ', 'A2Q1YS118AO2BP', 'A37WDOIQH6JM6V', 'A3OZ8KF0HWSVWK', 'A1AZAC9CPBEP6K', 'A2Q1YS118AO2BP']"
stance_tweets_101,neutral,"Can someone tell #DiaperDon that ""terminating"" Section 230 would prob get him kicked off Twitter?",2921577503,1332365300113829890,2020-11-27T16:46:56.000Z,0.0,0.0,1.0,1.0,0.0,0.0,1.0,0.0,1.0,0.0,1.0,1.0,neutral,neutral,"['in favor of', 'in favor of']","['A2Q1YS118AO2BP', 'ACDX50KGPE97I']"
stance_tweets_102,against,"@MarkDice @realDonaldTrump Trump MUST be re-elected. We MUST vote in GOP in the House, keep the Senate and we MUST eliminate Section 230 protections for big tech social media! Social media &amp; Corporate America will kill our free speech! BLM is a Marxist group looking to DESTROY USA!
https://t.co/R37Qi2rlNy",1262215446620549125,1313563743029088256,2020-10-06T19:36:15.000Z,0.0,0.0,0.0,0.0,1.0,1.0,1.0,0.0,0.0,1.0,1.0,1.0,against,against,"['in favor of', 'against']","['A2Q1YS118AO2BP', 'ACDX50KGPE97I']"
stance_tweets_103,against,"MCCONNELL: “Here’s the deal. The senate is not going to split apart the three issues that president trump linked together.”

That’s 2k checks, voter fraud commission and repealing section 230

So that’s where the senate is here today on Dec 30.",1219690611944509440,1344519280851783680,2020-12-31T05:42:31.000Z,0.0,0.0,0.0,0.0,1.0,1.0,1.0,0.0,0.0,1.0,1.0,1.0,against,against,"['in favor of', 'neutral']","['A2Q1YS118AO2BP', 'A3OZ8KF0HWSVWK']"
stance_tweets_104,neutral,"Proposed legislation by @HawleyMO @marcorubio @SenatorBraun @SenTomCotton &amp; @KLoeffler on limiting #Section230 immunity for Big Tech would expose social media services to a wave of new lawsuits, says @castrotech https://t.co/ye4Tk0069q",49508555,1273401762398064641,2020-06-17T23:46:53.000Z,0.0,0.0,1.0,1.0,0.0,0.0,1.0,0.0,1.0,0.0,1.0,1.0,neutral,neutral,"['neutral', 'against']","['A2IOT3PCS9G5RK', 'A2Q1YS118AO2BP']"
stance_tweets_105,neutral,"Listen to sex workers about Section 230 and deplatforming

Listen to sex workers about Section 230 and deplatforming

Listen to sex workers about Section 230 and deplatforming

Listen to sex workers about Section 230 and deplatforming

https://t.co/oDNEPDB7Yi",816476581816242176,1349413159531028482,2021-01-13T17:49:02.000Z,0.0,0.0,1.0,1.0,0.0,0.0,1.0,0.0,1.0,0.0,1.0,1.0,neutral,neutral,"['in favor of', 'neutral']","['A2Q1YS118AO2BP', 'A3OZ8KF0HWSVWK']"
stance_tweets_106,neutral,@disclosetv Section 230!,1249885191553847298,1367550038252126210,2021-03-04T18:58:31.000Z,0.0,0.0,1.0,1.0,0.0,0.0,1.0,0.0,1.0,0.0,1.0,1.0,neutral,neutral,"['neutral', 'neutral']","['A2Q1YS118AO2BP', 'A3EBUBRYCKB6AF']"
stance_tweets_107,neutral,"@CaptSaltee @DesireeAmerica4 @patriotcat77 Section 230 is not what gives tech companies the right to moderate content. As private entities, they’re protected by the First Amendment for their speech, including speech like content labels and fact checking.",1323339234078531584,1344284579243421696,2020-12-30T14:09:53.000Z,0.0,0.0,1.0,1.0,0.0,0.0,1.0,0.0,1.0,0.0,1.0,1.0,neutral,neutral,"['neutral', 'in favor of']","['A2IOT3PCS9G5RK', 'A2Q1YS118AO2BP']"
stance_tweets_108,neutral,"#MitchPlease. If the $2000 standalone bill has ""no easy path"" through your Senate, then you KNOW DAMN WELL combining it with Section 230 repeal and a voter fraud committee is a complete dead end.",17801629,1344380638569377798,2020-12-30T20:31:36.000Z,0.0,0.0,1.0,1.0,0.0,0.0,1.0,0.0,1.0,0.0,1.0,1.0,neutral,neutral,"['in favor of', 'neutral']","['A2Q1YS118AO2BP', 'A3OZ8KF0HWSVWK']"
stance_tweets_109,neutral,Keep an eye on in this case and its legal challenge to the Section 230 immunity protecting social and search giants. Delaware shop owner in Hunter Biden case files $500 million defamation suit against Twitter | Just The News https://t.co/UTC9YhcFaG,2162783491,1344050762708611074,2020-12-29T22:40:47.000Z,0.0,0.0,1.0,1.0,0.0,0.0,1.0,0.0,1.0,0.0,1.0,1.0,neutral,neutral,"['in favor of', 'neutral', 'neutral', 'in favor of', 'neutral', 'neutral']","['A2Q1YS118AO2BP', 'A3OZ8KF0HWSVWK', 'A2IOT3PCS9G5RK', 'A2Q1YS118AO2BP', 'A3EBUBRYCKB6AF', 'A3GUJ6JD25FX7O']"
stance_tweets_110,neutral,"My first analysis of @MarkWarner @maziehirono &amp; @amyklobuchar's bill to ""reform"" Section 230. It's a disaster of epic proportions. We'd almost certainly shut down Techdirt if it becomes law. It undermines everything about the open internet. https://t.co/P5QFiyZs3I",1421521,1357918900961243136,2021-02-06T05:07:49.000Z,0.0,0.0,1.0,1.0,0.0,0.0,1.0,0.0,1.0,0.0,1.0,1.0,neutral,neutral,"['in favor of', 'against']","['A2FCGEU5RTEWG8', 'A2Q1YS118AO2BP']"
stance_tweets_111,neutral,"Ironically, Donald Trump is a big beneficiary of Section 230.

If platforms were not immune under the law, then they would not risk the legal liability that could come with hosting Trump's lies, defamation, and threats.",2503618494,1266019833403097088,2020-05-28T14:53:44.000Z,0.0,0.0,1.0,1.0,0.0,0.0,1.0,0.0,1.0,0.0,1.0,1.0,neutral,neutral,"['against', 'against', 'against', 'in favor of', 'against', 'in favor of']","['A2JPOXYZM5AJZZ', 'A2Q1YS118AO2BP', 'A2Q1YS118AO2BP', 'A3OZ8KF0HWSVWK', 'A2Q1YS118AO2BP', 'A3GUJ6JD25FX7O']"
stance_tweets_112,neutral,"""A dangerous precedent could be set if the FCC implements rulemaking on Section 230 by expanding its oversight over speech."" Great new piece in @TheHillOpinion today by @BNonnecke https://t.co/ShslaJuKma",1323339234078531584,1328353615128518657,2020-11-16T15:05:56.000Z,0.0,0.0,1.0,1.0,0.0,0.0,1.0,0.0,1.0,0.0,1.0,1.0,neutral,neutral,"['in favor of', 'neutral']","['A3OZ8KF0HWSVWK', 'ACDX50KGPE97I']"
stance_tweets_113,neutral,Here's what could happen to Section 230 - the internet law Donald Trump hates - now the Democrats have both Houses https://t.co/WDjPh5J546,2898918799,1348269753203183619,2021-01-10T14:05:33.000Z,0.0,0.0,1.0,1.0,0.0,0.0,1.0,0.0,1.0,0.0,1.0,1.0,neutral,neutral,"['neutral', 'against']","['A2IOT3PCS9G5RK', 'A2Q1YS118AO2BP']"
stance_tweets_114,neutral,"Jack Dorsey: “Our role is to protect the integrity of that conversation.”

WRONG. Either you’re a neutral platform with no editorial role, or you shouldn’t be protected by Section 230. Can’t have it both ways.

 https://t.co/vrwZJy8LYW",1311026759609978880,1349864080614440960,2021-01-14T23:40:50.000Z,0.0,0.0,1.0,1.0,0.0,0.0,1.0,0.0,1.0,0.0,1.0,1.0,neutral,neutral,"['in favor of', 'neutral', 'against', 'against', 'neutral', 'neutral', 'against', 'neutral', 'neutral', 'against', 'neutral', 'neutral', 'in favor of', 'against', 'against', 'in favor of']","['A2Q1YS118AO2BP', 'A37WDOIQH6JM6V', 'A2Q1YS118AO2BP', 'A37WDOIQH6JM6V', 'A32CMQGGTSUK6Z', 'A3OZ8KF0HWSVWK', 'A2Q1YS118AO2BP', 'A3OZ8KF0HWSVWK', 'A32CMQGGTSUK6Z', 'A3OZ8KF0HWSVWK', 'A32CMQGGTSUK6Z', 'A3OZ8KF0HWSVWK', 'A2Q1YS118AO2BP', 'A3GUJ6JD25FX7O', 'A1AZAC9CPBEP6K', 'A2Q1YS118AO2BP']"
stance_tweets_115,neutral,BREAKING: Justice Thomas sends shot across bow of Big Tech -- Suggests Section 230 May Not Protect Dishonest CENSORSHIP!  https://t.co/IjCT6bMbSj,3061972236,1316880427437580288,2020-10-15T23:15:35.000Z,0.0,0.0,1.0,1.0,0.0,0.0,1.0,0.0,1.0,0.0,1.0,1.0,neutral,neutral,"['neutral', 'against', 'in favor of', 'neutral']","['A2IOT3PCS9G5RK', 'A3OZ8KF0HWSVWK', 'A2Q1YS118AO2BP', 'A3EBUBRYCKB6AF']"
stance_tweets_116,against,"Another day. Another blatant and targeted attack from Twitter against Republicans.

It's time to scrap Section 230 and start over. https://t.co/CmR8qiUUxH",65615656,1319140791487348737,2020-10-22T04:57:27.000Z,0.0,0.0,0.0,0.0,1.0,1.0,1.0,0.0,0.0,1.0,1.0,1.0,against,against,"['against', 'against', 'against', 'against', 'against', 'against']","['A2Q1YS118AO2BP', 'A3OZ8KF0HWSVWK', 'A2FCGEU5RTEWG8', 'A2IOT3PCS9G5RK', 'A2IOT3PCS9G5RK', 'A2Q1YS118AO2BP']"
stance_tweets_117,neutral,Trump still doesn't seem to know that he would be kicked off Twitter if Section 230 were repealed. https://t.co/IqzWfVO1tJ,634912541,1321512965804298243,2020-10-28T18:03:38.000Z,0.0,0.0,1.0,1.0,0.0,0.0,1.0,0.0,1.0,0.0,1.0,1.0,neutral,neutral,"['against', 'neutral']","['A2Q1YS118AO2BP', 'A3EBUBRYCKB6AF']"
stance_tweets_118,neutral,"More people on Twitter should read this. And every time @tedcruz says something stupid about Section 230 and ""platforms"" v. ""publishers"", this thread should be sent to him. https://t.co/J3TtUpD7tj",2510918743,1333116966811422722,2020-11-29T18:33:47.000Z,0.0,0.0,1.0,1.0,0.0,0.0,1.0,0.0,1.0,0.0,1.0,1.0,neutral,neutral,"['in favor of', 'against']","['A3OZ8KF0HWSVWK', 'ACDX50KGPE97I']"
stance_tweets_119,in favor of,@LindseyGrahamSC Not for section 230. Repealing that is not good for the people. It puts us in the same place as citizens of China or Korea.,1109627767,1343718105470668802,2020-12-29T00:38:56.000Z,1.0,1.0,0.0,0.0,0.0,0.0,1.0,1.0,0.0,0.0,1.0,1.0,in favor of,in favor of,"['against', 'in favor of']","['A2JPOXYZM5AJZZ', 'A2Q1YS118AO2BP']"
stance_tweets_120,against,"Congress needs to strip Big Tech off of their liability protection provided by Section 230. https://t.co/DG5uFZta10 .@Twitter has suspended The Plot Against The President account, here is statement from producers. #ObamaGateAintGoingAway https://t.co/XCt98FubaJ",1052989319999193088,1332077378210709504,2020-11-26T21:42:50.000Z,0.0,0.0,0.0,0.0,1.0,1.0,1.0,0.0,0.0,1.0,1.0,1.0,against,against,"['in favor of', 'against']","['A2Q1YS118AO2BP', 'A3OZ8KF0HWSVWK']"
stance_tweets_121,neutral,Would u like to post a comment w FCC about Twitter and/or other social media platforms and Section 230 exemptions. Acting like a publisher&amp; restricting comments/postings - File comments for the public hearing - Search for RM-11862 under proceedings https://t.co/r2AgWrFEkD,26989016,1302647606061957120,2020-09-06T16:39:25.000Z,0.0,0.0,1.0,1.0,0.0,0.0,1.0,0.0,1.0,0.0,1.0,1.0,neutral,neutral,"['neutral', 'in favor of']","['A2IOT3PCS9G5RK', 'A2Q1YS118AO2BP']"
stance_tweets_122,neutral,"@BenjaminERogers @SCaladran @blackmj78 @thomasafine @Orchids4ever731 @StevenJR1976 @Google_Comms Section 230 doesn't even apply to their ad service in any substantial degree, why is that relevant?",14085290,1273333519012573188,2020-06-17T19:15:42.000Z,0.0,0.0,1.0,1.0,0.0,0.0,1.0,0.0,1.0,0.0,1.0,1.0,neutral,neutral,"['neutral', 'in favor of']","['A2IOT3PCS9G5RK', 'A2Q1YS118AO2BP']"
stance_tweets_123,neutral,"If the GOP is cooking up a Section 230 poison pill, Dems would do well to explain to Americans in words all can understand what it is and why they want to preserve it.  Right now it is a meaningless MEGO term from inside the Beltway.",29775906,1344040019539886080,2020-12-29T21:58:06.000Z,0.0,0.0,1.0,1.0,0.0,0.0,1.0,0.0,1.0,0.0,1.0,1.0,neutral,neutral,"['in favor of', 'in favor of']","['A2JPOXYZM5AJZZ', 'A2Q1YS118AO2BP']"
stance_tweets_124,neutral,"Censorship is not a zero-sum game. It benefits the historically powerful. Undermining Section 230 will heart the voiceless most of all, and Cruz and Hawley know that.",1257751501386272768,1355971152477368322,2021-01-31T20:08:10.000Z,0.0,0.0,1.0,1.0,0.0,0.0,1.0,0.0,1.0,0.0,1.0,1.0,neutral,neutral,"['in favor of', 'against']","['A2FCGEU5RTEWG8', 'A2Q1YS118AO2BP']"
stance_tweets_125,against,"Amend #Section230 so that the big tech companies can be sued. Stop the nonsense now!
#BigTechCensorship",823121846,1318962774144266241,2020-10-21T17:10:05.000Z,0.0,0.0,0.0,0.0,1.0,1.0,1.0,0.0,0.0,1.0,1.0,1.0,against,against,"['against', 'against']","['A2Q1YS118AO2BP', 'ACDX50KGPE97I']"
stance_tweets_126,neutral,Breaking: Twitter Has Tried to Dismiss Lawsuit Filed by Child Sex Trafficking Survivor Using Section 230 Immunity.,872782286,1370558807160410112,2021-03-13T02:14:18.000Z,0.0,0.0,1.0,1.0,0.0,0.0,1.0,0.0,1.0,0.0,1.0,1.0,neutral,neutral,"['against', 'neutral', 'neutral', 'against']","['A2Q1YS118AO2BP', 'A3EBUBRYCKB6AF', 'A2IOT3PCS9G5RK', 'A2Q1YS118AO2BP']"
stance_tweets_127,neutral,"And we're off with @LindseyGrahamSC misrepresenting #Section230 (though not as badly as I expected). Followed by ""think of the children!"" moral panic stuff about kids using social media a lot.",55104031,1328731828954476544,2020-11-17T16:08:49.000Z,0.0,0.0,1.0,1.0,0.0,0.0,1.0,0.0,1.0,0.0,1.0,1.0,neutral,neutral,"['in favor of', 'against']","['A2FCGEU5RTEWG8', 'A2Q1YS118AO2BP']"
stance_tweets_128,neutral,"I’ll comment on this as I have more time, but a few thoughts on this draft executive order. 1) Most of it is BS background material that has no bearing on orders. 2) Directing DOJ how to interpret section 230 does not change how courts will rule. The judiciary  will decide. 1/5 https://t.co/ssdPiUZOt8",2910458503,1266161511216697344,2020-05-29T00:16:43.000Z,0.0,0.0,1.0,1.0,0.0,0.0,1.0,0.0,1.0,0.0,1.0,1.0,neutral,neutral,"['neutral', 'in favor of', 'neutral', 'against']","['A2IOT3PCS9G5RK', 'A2Q1YS118AO2BP', 'A2IOT3PCS9G5RK', 'A2Q1YS118AO2BP']"
stance_tweets_129,against,Twitter is making the case that they’re a publisher. Section 230 reform is needed. https://t.co/7aTLLBeFph,1271632182776229889,1315036662066339840,2020-10-10T21:09:07.000Z,0.0,0.0,0.0,0.0,1.0,1.0,1.0,0.0,0.0,1.0,1.0,1.0,against,against,"['against', 'against']","['A2IOT3PCS9G5RK', 'A3EBUBRYCKB6AF']"
stance_tweets_130,neutral,"BREAKING: Senate panel plans to issue subpoenas to CEOs of Google, Facebook, Twitter discuss Section 230 immunity.",774682061349220352,1309274955616522242,2020-09-24T23:34:09.000Z,0.0,0.0,1.0,1.0,0.0,0.0,1.0,0.0,1.0,0.0,1.0,1.0,neutral,neutral,"['neutral', 'neutral', 'neutral', 'in favor of', 'in favor of', 'neutral', 'in favor of', 'neutral']","['A2IOT3PCS9G5RK', 'A32CMQGGTSUK6Z', 'A2IOT3PCS9G5RK', 'A2Q1YS118AO2BP', 'A2Q1YS118AO2BP', 'A3OZ8KF0HWSVWK', 'A2Q1YS118AO2BP', 'A3OZ8KF0HWSVWK']"
stance_tweets_131,against,REPEAL SECTION 230!,3241928391,1377685517567938567,2021-04-01T18:13:18.000Z,0.0,0.0,0.0,0.0,1.0,1.0,1.0,0.0,0.0,1.0,1.0,1.0,against,against,"['against', 'against']","['A2FCGEU5RTEWG8', 'A3GUJ6JD25FX7O']"
stance_tweets_132,neutral,@SenTedCruz @AmunetCyra @jack @Twitter Take them to court!!!  Justice Alito has already stated that section 230 won't protect them!,100973954,1336374502406623232,2020-12-08T18:18:04.000Z,0.0,0.0,1.0,1.0,0.0,0.0,1.0,0.0,1.0,0.0,1.0,1.0,neutral,neutral,"['in favor of', 'against']","['A2Q1YS118AO2BP', 'A3OZ8KF0HWSVWK']"
stance_tweets_133,neutral,Yesterday #BigTech conclusively made the case that their monopolies must be broken up and their special sweetheart deal from government ended #Section230,1156212817164414977,1316828882943827970,2020-10-15T19:50:45.000Z,0.0,0.0,1.0,1.0,0.0,0.0,1.0,0.0,1.0,0.0,1.0,1.0,neutral,neutral,"['against', 'against']","['A2IOT3PCS9G5RK', 'A2Q1YS118AO2BP']"
stance_tweets_134,neutral,"The bullshit today from Jim Jordan is why I’m not a partisan. He sold out the country by pretending to care about censorship, an issue he could have handled when GOP controlled the House! 

His Section 230 schtick is to protect Google from antitrust legislation.",1259130000969588737,1313680949549309952,2020-10-07T03:22:00.000Z,0.0,0.0,1.0,1.0,0.0,0.0,1.0,0.0,1.0,0.0,1.0,1.0,neutral,neutral,"['in favor of', 'neutral']","['A2Q1YS118AO2BP', 'A3OZ8KF0HWSVWK']"
stance_tweets_135,neutral,"• July 2020 President Trump established the Hispanic Prosperity Initiative
• July 2020 Trump signed an Executive Order to combat censorship from social media companies who violate section 230
• Aug 2020 announced his admin will advance clean, reliable &amp; affordable Hydropower",50001881,1298169843422830593,2020-08-25T08:06:24.000Z,0.0,0.0,1.0,1.0,0.0,0.0,1.0,0.0,1.0,0.0,1.0,1.0,neutral,neutral,"['neutral', 'in favor of']","['A2IOT3PCS9G5RK', 'A2Q1YS118AO2BP']"
stance_tweets_136,against,"@realikamusume True, but sadly he can't unilaterally terminate section 230, he can limit it but not remove it",1013949657872035841,1332323406658859011,2020-11-27T14:00:28.000Z,0.0,0.0,0.0,0.0,1.0,1.0,1.0,0.0,0.0,1.0,1.0,1.0,against,against,"['against', 'against']","['A2Q1YS118AO2BP', 'A3GUJ6JD25FX7O']"
stance_tweets_137,against,"Electon Interference: @RepAndyBiggsAZ slams Big Tech for suppressing the Hunter Biden scandal, and says it’s way past time for Congress to follow through on @realDonaldTrump’s demand and terminate their Section 230 protections. #MAGA #AmericaFirst #Dobbs https://t.co/tVdF30KdNa",15758529,1344060464142155777,2020-12-29T23:19:20.000Z,0.0,0.0,0.0,0.0,1.0,1.0,1.0,0.0,0.0,1.0,1.0,1.0,against,against,"['in favor of', 'against', 'in favor of', 'against']","['A2Q1YS118AO2BP', 'A3GUJ6JD25FX7O', 'A2Q1YS118AO2BP', 'A3GUJ6JD25FX7O']"
stance_tweets_138,against,Social media platforms claim immunity from law suits because they say they’re neutral platforms....while they clearly engage in editing and censoring material they disagree with. Time to eliminate their Section 230 protections...which NYPost doesn’t have. https://t.co/Gg3Bw9DjEF,2160017030,1316560371440787456,2020-10-15T02:03:47.000Z,0.0,0.0,0.0,0.0,1.0,1.0,1.0,0.0,0.0,1.0,1.0,1.0,against,against,"['against', 'neutral', 'against', 'in favor of']","['A2IOT3PCS9G5RK', 'A2Q1YS118AO2BP', 'A2FCGEU5RTEWG8', 'A2Q1YS118AO2BP']"
stance_tweets_139,neutral,"He’s so upset about #DiaperDon trending number 1, he wants to terminate Section 230 (attached if you, like me, had no clue what that was). 

Don’t make it worse by retweeting #DiaperDon... https://t.co/6eX7ZuYYLK",14956411,1332212127029809153,2020-11-27T06:38:17.000Z,0.0,0.0,1.0,1.0,0.0,0.0,1.0,0.0,1.0,0.0,1.0,1.0,neutral,neutral,"['in favor of', 'in favor of', 'in favor of', 'neutral', 'in favor of', 'against']","['A2JPOXYZM5AJZZ', 'A2Q1YS118AO2BP', 'A2Q1YS118AO2BP', 'A3OZ8KF0HWSVWK', 'A2Q1YS118AO2BP', 'A3GUJ6JD25FX7O']"
stance_tweets_140,neutral,"@realDonaldTrump translation: Section 230 of the Communications Decency Act of 1996, provides immunity to online platforms from civil liability based on third-party content and for the removal of content in certain circumstances. Dear Infected Leader wants to sue twitter over my rude tweeties",1080427519126528005,1313523859132383237,2020-10-06T16:57:46.000Z,0.0,0.0,1.0,1.0,0.0,0.0,1.0,0.0,1.0,0.0,1.0,1.0,neutral,neutral,"['in favor of', 'neutral', 'in favor of', 'neutral']","['A2Q1YS118AO2BP', 'A35BY30TC8WCL4', 'A2Q1YS118AO2BP', 'A35BY30TC8WCL4']"
stance_tweets_141,neutral,.@realDonaldTrump tonight says Senate leadership has promised votes on bills to increase the #covid relief payments to $2000 for working people AND to terminate #Section230. Let’s vote!,1302106607933886470,1343554030757412870,2020-12-28T13:46:57.000Z,0.0,0.0,1.0,1.0,0.0,0.0,1.0,0.0,1.0,0.0,1.0,1.0,neutral,neutral,"['in favor of', 'against', 'in favor of', 'against', 'neutral', 'in favor of', 'neutral', 'in favor of']","['A2Q1YS118AO2BP', 'A37WDOIQH6JM6V', 'A2Q1YS118AO2BP', 'A3GUJ6JD25FX7O', 'A2IOT3PCS9G5RK', 'A2Q1YS118AO2BP', 'A2IOT3PCS9G5RK', 'A2Q1YS118AO2BP']"
stance_tweets_142,neutral,"LOL keep the Senate red! “The bipartisan legislation not only omits language about Section 230, but also includes a provision that Trump opposes and has prompted a separate previous veto threat: renaming military bases which bear a Confederate name.” https://t.co/cuhjjpKIao",1334893818987024385,1334897788778373120,2020-12-04T16:30:08.000Z,0.0,0.0,1.0,1.0,0.0,0.0,1.0,0.0,1.0,0.0,1.0,1.0,neutral,neutral,"['neutral', 'against', 'in favor of', 'neutral', 'neutral', 'against', 'in favor of', 'neutral']","['A2IOT3PCS9G5RK', 'A2Q1YS118AO2BP', 'A2Q1YS118AO2BP', 'A3OZ8KF0HWSVWK', 'A2IOT3PCS9G5RK', 'A2Q1YS118AO2BP', 'A2Q1YS118AO2BP', 'A3OZ8KF0HWSVWK']"
stance_tweets_143,neutral,"Dr. Seuss ... Section 230 ... Cancel Culture ... BIG TECH!

Ignore all the stuff from the fundraising emails and Fox News' evening hours. The new GOP agenda is actually a single issue, and they're laser focused on it:

Rolling back voting rights.

https://t.co/IGqf7vPosn",44831529,1370397792091406342,2021-03-12T15:34:29.000Z,0.0,0.0,1.0,1.0,0.0,0.0,1.0,0.0,1.0,0.0,1.0,1.0,neutral,neutral,"['against', 'neutral']","['A2Q1YS118AO2BP', 'A3EBUBRYCKB6AF']"
stance_tweets_144,neutral,@marauderjoe @Raevenwings @TjhVerboten @SenSchumer @SenSanders Are they? Or are they trying to get the additional $1400 out to Americans NOW. Section 230 does not have the same immediacy except in Trump’s mind. And the impacts of repealing 230 need to be carefully understood and debated. Repealing 230 is not clear cut.,88546064,1344653723906289666,2020-12-31T14:36:44.000Z,0.0,0.0,1.0,1.0,0.0,0.0,1.0,0.0,1.0,0.0,1.0,1.0,neutral,neutral,"['in favor of', 'neutral']","['A2Q1YS118AO2BP', 'A3GUJ6JD25FX7O']"
stance_tweets_145,against,Terminate Section 230!,890939388523425792,1332190306217947136,2020-11-27T05:11:34.000Z,0.0,0.0,0.0,0.0,1.0,1.0,1.0,0.0,0.0,1.0,1.0,1.0,against,against,"['against', 'against', 'neutral', 'against']","['A2FCGEU5RTEWG8', 'A2IOT3PCS9G5RK', 'A2Q1YS118AO2BP', 'A3GUJ6JD25FX7O']"
stance_tweets_146,neutral,"Another speaker for @CatoInstitute's March 10 #Section230 conference confirmed!

@TechFreedom's @Ashkhen 

Register here:

https://t.co/2Hgwmhyios https://t.co/c6KuNe6DmU",49508555,1222202783631388674,2020-01-28T17:00:25.000Z,0.0,0.0,1.0,1.0,0.0,0.0,1.0,0.0,1.0,0.0,1.0,1.0,neutral,neutral,"['neutral', 'in favor of']","['A2IOT3PCS9G5RK', 'A2Q1YS118AO2BP']"
stance_tweets_147,against,Americans are being manipulated. It's outrageous for @Twitter and @Facebook to suppress newsworthy content. This is North Korean level censorship. It's time for Congress to reform Section 230. https://t.co/HQEsCmqZ45,1311131820017225730,1316492470847442946,2020-10-14T21:33:58.000Z,0.0,0.0,0.0,0.0,1.0,1.0,1.0,0.0,0.0,1.0,1.0,1.0,against,against,"['against', 'against']","['A2IOT3PCS9G5RK', 'A32CMQGGTSUK6Z']"
stance_tweets_148,against,My letter to AG Barr urging @TheJusticeDept to investigate  Twitter and Facebook’s censorship and consider removing Section 230 immunity for social media platforms that engage in political content moderation: https://t.co/h8KoYmvlz0,227497567,1316563353599438849,2020-10-15T02:15:38.000Z,0.0,0.0,0.0,0.0,1.0,1.0,1.0,0.0,0.0,1.0,1.0,1.0,against,against,"['against', 'neutral', 'neutral', 'in favor of']","['A2IOT3PCS9G5RK', 'A3OZ8KF0HWSVWK', 'A1AZAC9CPBEP6K', 'A2Q1YS118AO2BP']"
stance_tweets_149,neutral,".@realDonaldTrump signs the $2.3 trillion pandemic relief and spending bill after reaching an agreement with Congress over stimulus checks, Section 230, and voter fraud.

Reporting by @janitakan

https://t.co/VtVxIWKAbh",1181335906625572864,1343564138665033728,2020-12-28T14:27:07.000Z,0.0,0.0,1.0,1.0,0.0,0.0,1.0,0.0,1.0,0.0,1.0,1.0,neutral,neutral,"['neutral', 'neutral']","['A2IOT3PCS9G5RK', 'A3OZ8KF0HWSVWK']"
stance_tweets_150,neutral,@zachdcarter Please explain Section 230 to your followers and what you would have in its place,816139154899668993,1344085123361288192,2020-12-30T00:57:19.000Z,0.0,0.0,1.0,1.0,0.0,0.0,1.0,0.0,1.0,0.0,1.0,1.0,neutral,neutral,"['in favor of', 'neutral']","['A2Q1YS118AO2BP', 'A3EBUBRYCKB6AF']"
stance_tweets_151,neutral,BREAKING: trump just vetoed the National Defense Authorization Act because Section 230 allows people to tweet mean truths about him on Twitter.,4734660252,1341918947197788161,2020-12-24T01:29:43.000Z,0.0,0.0,1.0,1.0,0.0,0.0,1.0,0.0,1.0,0.0,1.0,1.0,neutral,neutral,"['in favor of', 'in favor of', 'in favor of', 'in favor of']","['A2Q1YS118AO2BP', 'A3OZ8KF0HWSVWK', 'A2Q1YS118AO2BP', 'A3OZ8KF0HWSVWK']"
stance_tweets_152,neutral,This Bill to Reform Section 230 Is Bad News for Big Tech. It's Even Worse for the Little Guy https://t.co/6AdKp21Fxj https://t.co/PSz5Nb2Eo9,99328941,1358753583806566404,2021-02-08T12:24:33.000Z,0.0,0.0,1.0,1.0,0.0,0.0,1.0,0.0,1.0,0.0,1.0,1.0,neutral,neutral,"['against', 'in favor of']","['A2JPOXYZM5AJZZ', 'A2Q1YS118AO2BP']"
stance_tweets_153,neutral,"@LindseyGrahamSC Removing Section 230 would cause them to ban people much more aggressively if they were liable for what you terrorist loving people say.

You guys don't even understand that Section 230 is what allowed Trump to keep his account up until this point.",188309751,1347829559706705920,2021-01-09T08:56:23.000Z,0.0,0.0,1.0,1.0,0.0,0.0,1.0,0.0,1.0,0.0,1.0,1.0,neutral,neutral,"['in favor of', 'in favor of']","['A2FCGEU5RTEWG8', 'A2IOT3PCS9G5RK']"
stance_tweets_154,neutral,"@LindseyGrahamSC You don’t even understand what section 230 does.  Lol.   If it got removed and social media sites were legally liable for everything posted, they’d just close.  There is no way to moderate everything. It’d simply kill Facebook, Twitter, Parler, YouTube, and more.",11447732,1347716576074735617,2021-01-09T01:27:25.000Z,0.0,0.0,1.0,1.0,0.0,0.0,1.0,0.0,1.0,0.0,1.0,1.0,neutral,neutral,"['in favor of', 'in favor of']","['A2IOT3PCS9G5RK', 'A3OZ8KF0HWSVWK']"
stance_tweets_155,against,"The Big Tech gatekeepers are still utterly defiant, because they've faced no consequences. They still have Section 230 privileges. They're still monopolies. They spent four years stealing an election and no-one in power stopped them - because the powerful are in this together.",1313669505667784709,1328972881884229635,2020-11-18T08:06:40.000Z,0.0,0.0,0.0,0.0,1.0,1.0,1.0,0.0,0.0,1.0,1.0,1.0,against,against,"['against', 'against', 'in favor of', 'against']","['A2FCGEU5RTEWG8', 'A2Q1YS118AO2BP', 'A2Q1YS118AO2BP', 'A3EBUBRYCKB6AF']"
stance_tweets_156,against,"@joncoopertweets 43 days til Twitter can ban Trump

He's so scared of getting banned by Twitter that he's threatening to DEFUND the MILITARY

@Forbes: ""Trump threatened to veto a defense spending bill if Congress does not act to repeal Section 230,"" a legal shield for tech
https://t.co/YyauuVHFxI https://t.co/ZKhJ6hVFgr",746746178260205569,1336388001509875714,2020-12-08T19:11:43.000Z,0.0,0.0,0.0,0.0,1.0,1.0,1.0,0.0,0.0,1.0,1.0,1.0,against,against,"['against', 'in favor of']","['A2Q1YS118AO2BP', 'A32CMQGGTSUK6Z']"
stance_tweets_157,neutral,"Is there a single anti-230 person on the right who even has a basic understanding of how Section 230 actually works?

Trick question: None of them are even trying to understand it. They just know it's a tool for riling up the rubes and that's all they care about. https://t.co/99ZtMkviWI This entire article is one giant @BadSec230Takes. This is not how any of this works. We have a new top entrant in the worst, most ignorant, backwards, just outright wrong, Section 230 take. @RedState @Hounsizzle should be embarrassed to publish utter trash. https://t.co/S3o2LNwtGj",1027629741287727104,1348748706426748929,2021-01-11T21:48:44.000Z,0.0,0.0,1.0,1.0,0.0,0.0,1.0,0.0,1.0,0.0,1.0,1.0,neutral,neutral,"['in favor of', 'in favor of']","['A2FCGEU5RTEWG8', 'A2Q1YS118AO2BP']"
stance_tweets_158,neutral,"Seems like Trump's #ExecutiveOrder to remove Section 230 protections from social platforms would make it possible to sue sites like Twitter and Facebook for hosting harmful or abusive posts Trump makes.

The safest move for them would be to deplatform Trump before that happens. https://t.co/j8RG5HiHVV",182758866,1266120050160869376,2020-05-28T21:31:57.000Z,0.0,0.0,1.0,1.0,0.0,0.0,1.0,0.0,1.0,0.0,1.0,1.0,neutral,neutral,"['in favor of', 'in favor of']","['A2Q1YS118AO2BP', 'A3GUJ6JD25FX7O']"
stance_tweets_159,against,"@WhatSRGThinks @BizarroCuz @NRSC @Perduesenate @KLoeffler I strongly believe  we should repeal section 230, from what I understand it protects big tech and msm from filings against them, even though they choose what they report on and what they don’t, who to report on and who not to report on. That makes them publishers, right?",1336716508257341441,1345122690072383488,2021-01-01T21:40:15.000Z,0.0,0.0,0.0,0.0,1.0,1.0,1.0,0.0,0.0,1.0,1.0,1.0,against,against,"['against', 'in favor of']","['A2IOT3PCS9G5RK', 'A2Q1YS118AO2BP']"
stance_tweets_160,neutral,"@Smooshkas @RudyGiuliani The big techs are protected under section 230 as public forum.  Therefore, their act as publisher is not allowed.",1270775942445699075,1318593452800643072,2020-10-20T16:42:32.000Z,0.0,0.0,1.0,1.0,0.0,0.0,1.0,0.0,1.0,0.0,1.0,1.0,neutral,neutral,"['against', 'against']","['A2Q1YS118AO2BP', 'ACDX50KGPE97I']"
stance_tweets_161,neutral,Joe Biden Can't Tell The Difference Between The 1st Amendment &amp; Section 230; Still Thinks Video Games Cause Violence https://t.co/0vbJKS0oDr,406485708,1218235234803691520,2020-01-17T18:14:48.000Z,0.0,0.0,1.0,1.0,0.0,0.0,1.0,0.0,1.0,0.0,1.0,1.0,neutral,neutral,"['in favor of', 'neutral']","['A2Q1YS118AO2BP', 'A3OZ8KF0HWSVWK']"
stance_tweets_162,neutral,Trump and McConnell are linking the $2000 relief to a repeal of Section 230 and election fraud investigations. They don't want to help... they want to make the Democrats look bad for voting it down. No one will see this money as long as McConnell is in charge.,1004111918443966464,1344065819161092096,2020-12-29T23:40:37.000Z,0.0,0.0,1.0,1.0,0.0,0.0,1.0,0.0,1.0,0.0,1.0,1.0,neutral,neutral,"['neutral', 'in favor of']","['A2IOT3PCS9G5RK', 'A2Q1YS118AO2BP']"
stance_tweets_163,against,"@TomFitton @Twitter If elected to Congress, I will draft a bill repealing #Section230 within my first 3 months in office.

Our First Amendment rights should not be controlled by Big Tech—they should be controlled by the Constitution.",19895000,1294861705567252480,2020-08-16T05:01:02.000Z,0.0,0.0,0.0,0.0,1.0,1.0,1.0,0.0,0.0,1.0,1.0,1.0,against,against,"['against', 'against']","['A2IOT3PCS9G5RK', 'ACDX50KGPE97I']"
stance_tweets_164,against,"Sen. Lindsey Graham: ""My hope is that we change Section 230 to incentivize social media platforms to come up with standards that are transparent and opaque -- that will allow us to make judgements about their judgements."" https://t.co/R9QUU7MsYF",1891514551,1328743824559116289,2020-11-17T16:56:29.000Z,0.0,0.0,0.0,0.0,1.0,1.0,1.0,0.0,0.0,1.0,1.0,1.0,against,against,"['against', 'in favor of']","['A2JPOXYZM5AJZZ', 'A2Q1YS118AO2BP']"
stance_tweets_165,neutral,"@TomCottonAR @nypost @Twitter Obstructing government communications is a crime... section 230 does not protect this activty, twtter needs to consult its legal immediately. The net result will be a referal to the DOJ for felony obstruction of govenrment officials in their official capacity.",2723456510,1321896755525464066,2020-10-29T19:28:40.000Z,0.0,0.0,1.0,1.0,0.0,0.0,1.0,0.0,1.0,0.0,1.0,1.0,neutral,neutral,"['neutral', 'against']","['A3OZ8KF0HWSVWK', 'ACDX50KGPE97I']"
stance_tweets_166,against,The DOJ proposes legislation to Congress to weaken Section 230 - Business Insider - Business Insider https://t.co/HLMtNVUBVp via @GoogleNews,289147160,1309499137893609472,2020-09-25T14:24:58.000Z,0.0,0.0,0.0,0.0,1.0,1.0,1.0,0.0,0.0,1.0,1.0,1.0,against,against,"['neutral', 'in favor of']","['A2IOT3PCS9G5RK', 'A2Q1YS118AO2BP']"
stance_tweets_167,neutral,"How will this work with Section 230?

Facebook can't be held liable for the posts of others, no? https://t.co/zd0cmcaRmR",2263992044,1309266871967911937,2020-09-24T23:02:01.000Z,0.0,0.0,1.0,1.0,0.0,0.0,1.0,0.0,1.0,0.0,1.0,1.0,neutral,neutral,"['against', 'neutral']","['A2Q1YS118AO2BP', 'A3EBUBRYCKB6AF']"
stance_tweets_168,against,"Every politician who vetoed Trump’s  section 230 abolishment is not on the side of the American people 

While we are limiting in person contact, we are forced to communicate online 

While section 230 stands, tech companies can completely manipulate society against our will",62838415,1345173614660882435,2021-01-02T01:02:36.000Z,0.0,0.0,0.0,0.0,1.0,1.0,1.0,0.0,0.0,1.0,1.0,1.0,against,against,"['in favor of', 'against']","['A2Q1YS118AO2BP', 'A3GUJ6JD25FX7O']"
stance_tweets_169,against,RT if you believe Congress needs to repeal Section 230 immediately.,922217245530513409,1334858445804064768,2020-12-04T13:53:48.000Z,0.0,0.0,0.0,0.0,1.0,1.0,1.0,0.0,0.0,1.0,1.0,1.0,against,against,"['in favor of', 'against']","['A2Q1YS118AO2BP', 'ACDX50KGPE97I']"
stance_tweets_170,against,"I’m glad to see Attorney General Barr taking action to roll back Section 230 immunity. 

Google — along with every other big tech company — shouldn’t be allowed to get away with content filtering or censorship. 

Section 230 must be repealed! https://t.co/EZCOk4GvRh",66778256,1273310209096716289,2020-06-17T17:43:05.000Z,0.0,0.0,0.0,0.0,1.0,1.0,1.0,0.0,0.0,1.0,1.0,1.0,against,against,"['against', 'against']","['A37WDOIQH6JM6V', 'A3OZ8KF0HWSVWK']"
stance_tweets_171,neutral,"Wow, if only there was a Section 230 bill you guys could vote on this week! https://t.co/feHhMmTaBl",1328388128441241600,1345178042294034435,2021-01-02T01:20:12.000Z,0.0,0.0,1.0,1.0,0.0,0.0,1.0,0.0,1.0,0.0,1.0,1.0,neutral,neutral,"['neutral', 'in favor of', 'neutral', 'in favor of', 'neutral', 'in favor of']","['A2IOT3PCS9G5RK', 'A2Q1YS118AO2BP', 'A2IOT3PCS9G5RK', 'A2Q1YS118AO2BP', 'A2IOT3PCS9G5RK', 'A2Q1YS118AO2BP']"
stance_tweets_172,neutral,"Except the end game isn't to actually get rid of Section 230, it's to intimidate platforms into promoting and protecting right-wing partisan speech regardless of veracity, hatefulness, or negative impact on public health or safety. https://t.co/GcJLH4IEKL",17845868,1266176772682346496,2020-05-29T01:17:21.000Z,0.0,0.0,1.0,1.0,0.0,0.0,1.0,0.0,1.0,0.0,1.0,1.0,neutral,neutral,"['in favor of', 'in favor of', 'in favor of', 'neutral']","['A2Q1YS118AO2BP', 'A3OZ8KF0HWSVWK', 'A2JPOXYZM5AJZZ', 'A2Q1YS118AO2BP']"
stance_tweets_173,neutral,"It’s as if the people complaining about Section 230 haven’t read it, because their wild claims about it bear little relation to the law.",1728919638,1316528541165670400,2020-10-14T23:57:18.000Z,0.0,0.0,1.0,1.0,0.0,0.0,1.0,0.0,1.0,0.0,1.0,1.0,neutral,neutral,"['in favor of', 'in favor of']","['A2Q1YS118AO2BP', 'A3OZ8KF0HWSVWK']"
stance_tweets_174,neutral,"@jack Don't censor anything other than what the spirit of section 230 is for. Child porn and such. Everything else, leave alone. We are all grown adults and we can decide if we believe in something or not. We don't need babysitters and hand holders.",774302813572702208,1321480893643542530,2020-10-28T15:56:11.000Z,0.0,0.0,1.0,1.0,0.0,0.0,1.0,0.0,1.0,0.0,1.0,1.0,neutral,neutral,"['in favor of', 'in favor of']","['A2IOT3PCS9G5RK', 'A2Q1YS118AO2BP']"
stance_tweets_175,neutral,"Section 230 of the Communications Decency Act was meant to protect young internet companies from liability. Now that shield is being questioned by lawmakers. 

Here’s why the law has been so consequential and whether it’s really in jeopardy.
https://t.co/Zg6OUZkwmx",1212555910951792640,1322078819625455616,2020-10-30T07:32:08.000Z,0.0,0.0,1.0,1.0,0.0,0.0,1.0,0.0,1.0,0.0,1.0,1.0,neutral,neutral,"['in favor of', 'neutral']","['A2Q1YS118AO2BP', 'A3GUJ6JD25FX7O']"
stance_tweets_176,neutral,"The First Amendment binds the government, not private companies. Private companies enjoy First Amendment protection from the government. The amount of legal disinformation coming from the GOP and populist right on Section 230 is astounding. https://t.co/Syk5GMFp2f",803903767,1274023110942097408,2020-06-19T16:55:54.000Z,0.0,0.0,1.0,1.0,0.0,0.0,1.0,0.0,1.0,0.0,1.0,1.0,neutral,neutral,"['in favor of', 'in favor of']","['A2IOT3PCS9G5RK', 'A2Q1YS118AO2BP']"
stance_tweets_177,against,Lawmakers at Hearing Largely Agree Section 230 Reform Needed https://t.co/ZucfDnb6vH via @epochtimes,2317925598,1333068940155740161,2020-11-29T15:22:57.000Z,0.0,0.0,0.0,0.0,1.0,1.0,1.0,0.0,0.0,1.0,1.0,1.0,against,against,"['against', 'in favor of']","['A1AZAC9CPBEP6K', 'A2Q1YS118AO2BP']"
stance_tweets_178,neutral,"The Section 230 thing is not on the level. The fact that a repeal would harm conservatives, conservative websites, and Trump himself is a fine thing to point out. But I worry we are racing past the threshold question of whether this is a serious lawmaking effort. It is not.",1090067011793764354,1344006447336714245,2020-12-29T19:44:42.000Z,0.0,0.0,1.0,1.0,0.0,0.0,1.0,0.0,1.0,0.0,1.0,1.0,neutral,neutral,"['against', 'neutral']","['A2Q1YS118AO2BP', 'A3OZ8KF0HWSVWK']"
stance_tweets_179,neutral,"Swamp GOP: 

We'll abolish the Department of Education...later.
We'll defund NPR...later. 
We'll secure the borders...later.
We'll repeal Obamacare...later.
We'll repeal Section 230...later.
We'll end voter fraud...later.

We'll fulfill our promises...NEVER. https://t.co/vJ1iEBJn3U",4825019777,1339336805456506881,2020-12-16T22:29:12.000Z,0.0,0.0,1.0,1.0,0.0,0.0,1.0,0.0,1.0,0.0,1.0,1.0,neutral,neutral,"['against', 'against', 'neutral', 'in favor of']","['A2Q1YS118AO2BP', 'A3OZ8KF0HWSVWK', 'A2IOT3PCS9G5RK', 'A2Q1YS118AO2BP']"
stance_tweets_180,neutral,".@TulsiGabbard on big tech:

""Section 230 gives them this legal immunity because the idea is that they're just a neutral platform... This is distinct and different from -- any major media platform that does not have legal immunity because they are publishers."" https://t.co/8IugIbfAA0",1349794155107553280,1349865876456001538,2021-01-14T23:47:58.000Z,0.0,0.0,1.0,1.0,0.0,0.0,1.0,0.0,1.0,0.0,1.0,1.0,neutral,neutral,"['in favor of', 'against']","['A2Q1YS118AO2BP', 'A3GUJ6JD25FX7O']"
stance_tweets_181,neutral,"@BrandonKrueger4 Down to discuss whenever. And maybe you can’t sue them, but they are clearly in violation of section 230 of the Communications Decency Act.",386590459,1324844255991353344,2020-11-06T22:40:59.000Z,0.0,0.0,1.0,1.0,0.0,0.0,1.0,0.0,1.0,0.0,1.0,1.0,neutral,neutral,"['against', 'neutral']","['A2Q1YS118AO2BP', 'A3OZ8KF0HWSVWK']"
stance_tweets_182,against,"@marklevinshow Trump MUST be re-elected. We MUST vote in GOP in the House, keep the Senate and we MUST eliminate Section 230 protections for big tech social media! Social media and big corporate multi-nationals will kill our free speech! Join me as we fight the INFOWAR!
 https://t.co/GBGypiJu13",1183086243514605568,1275237806944608262,2020-06-23T01:22:40.000Z,0.0,0.0,0.0,0.0,1.0,1.0,1.0,0.0,0.0,1.0,1.0,1.0,against,against,"['against', 'against']","['A3GUJ6JD25FX7O', 'A3OZ8KF0HWSVWK']"
stance_tweets_183,neutral,"Blog Post: The EARN IT Act Partially Repeals Section 230, But It Won’t Help Children https://t.co/32GQ6w8iiD 

#CatoTechnology #Section230",27172744,1237444740615933955,2020-03-10T18:26:31.000Z,0.0,0.0,1.0,1.0,0.0,0.0,1.0,0.0,1.0,0.0,1.0,1.0,neutral,neutral,"['against', 'neutral']","['A2Q1YS118AO2BP', 'A3EBUBRYCKB6AF']"
stance_tweets_184,against,I believe this needs to be looked at. Social media is censoring news articles favoring one side of an election. If social media platforms says its because they don't agree or it violates terms and service then they shouldn't have protections under section 230 @marcorubio @Twitter https://t.co/YsFi2L7HvP,855210230703022082,1316726766401015808,2020-10-15T13:04:59.000Z,0.0,0.0,0.0,0.0,1.0,1.0,1.0,0.0,0.0,1.0,1.0,1.0,against,against,"['neutral', 'in favor of']","['A2IOT3PCS9G5RK', 'A2Q1YS118AO2BP']"
stance_tweets_185,against,"As the company expanded in 2019, it has been squarely focused on creating conditions that would challenge section 230 of the communications decency act. The company’s purpose seems to be expressly political and aimed at eroding US social media firms.",89805327,1327309416295768069,2020-11-13T17:56:39.000Z,0.0,0.0,0.0,0.0,1.0,1.0,1.0,0.0,0.0,1.0,1.0,1.0,against,against,"['in favor of', 'in favor of']","['A2Q1YS118AO2BP', 'A3OZ8KF0HWSVWK']"
stance_tweets_186,neutral,"Trump prioritizes social media over the defense funding:

Trump threatens to veto major defense bill unless it repeals Section 230, a legal shield for tech giants
CC: ⁦@votevets⁩  https://t.co/lPHKS7SiRL",843556423548067840,1333976916689375232,2020-12-02T03:30:55.000Z,0.0,0.0,1.0,1.0,0.0,0.0,1.0,0.0,1.0,0.0,1.0,1.0,neutral,neutral,"['against', 'against']","['A2Q1YS118AO2BP', 'A3EBUBRYCKB6AF']"
stance_tweets_187,against,"Twitter censors conservatives, suppresses information on a partisan basis, blocks accurate reporting on Hunter Biden to boost Democrats... and now they flag you at the mere mention of voter fraud evidence

Time for Twitter’s sweetheart Section 230 protections to go https://t.co/N2FnhEqBte",46748165,1343013127336689666,2020-12-27T01:57:36.000Z,0.0,0.0,0.0,0.0,1.0,1.0,1.0,0.0,0.0,1.0,1.0,1.0,against,against,"['against', 'against']","['A2JPOXYZM5AJZZ', 'A2Q1YS118AO2BP']"
stance_tweets_188,in favor of,"i don't know what makes me more depressed, that the Senate Majority Leader actually went on the record in support of repealing Section 230 and ending the open Internet as we know it, or that he only did it to make sure that people starve and get evicted during a pandemic https://t.co/WnZubdsyer",2789017113,1344115549937217538,2020-12-30T02:58:14.000Z,1.0,1.0,0.0,0.0,0.0,0.0,1.0,1.0,0.0,0.0,1.0,1.0,in favor of,in favor of,"['against', 'in favor of']","['A2Q1YS118AO2BP', 'A32CMQGGTSUK6Z']"
stance_tweets_189,against,"A lot of big section 230 talk over the last year, not a lot of action. Actually, no action. 

Too late now. 

Welcome to digital tyranny.",808407437216616448,1347763343696674816,2021-01-09T04:33:16.000Z,0.0,0.0,0.0,0.0,1.0,1.0,1.0,0.0,0.0,1.0,1.0,1.0,against,against,"['against', 'against', 'against', 'against', 'against', 'against', 'against', 'neutral', 'against', 'against', 'against', 'in favor of']","['A2IOT3PCS9G5RK', 'A2Q1YS118AO2BP', 'A2Q1YS118AO2BP', 'A3GUJ6JD25FX7O', 'A2IOT3PCS9G5RK', 'A2Q1YS118AO2BP', 'A2Q1YS118AO2BP', 'ACDX50KGPE97I', 'A2FCGEU5RTEWG8', 'A2Q1YS118AO2BP', 'A2IOT3PCS9G5RK', 'A2Q1YS118AO2BP']"
stance_tweets_190,neutral,"These hearings are not about Section 230 anymore. They're about the right to spread misinformation. One party says it's being silenced, and one party (plus researchers, academics and FB EMPLOYEES) say the platforms are spreading dangerous misinformation. Only one side has proof. https://t.co/0887WiiRw4",34508879,1321478426000302081,2020-10-28T15:46:23.000Z,0.0,0.0,1.0,1.0,0.0,0.0,1.0,0.0,1.0,0.0,1.0,1.0,neutral,neutral,"['against', 'neutral']","['A2Q1YS118AO2BP', 'A32CMQGGTSUK6Z']"
stance_tweets_191,against,"Twitter is a private platform, true, however, it is acting like a media organisation by censoring/selecting its own content. They should be held accountable like other media orgs. Section 230 must be repealed - then you'll see just how passionate Big Tech will be for free speech",3021459484,1347879724408856577,2021-01-09T12:15:43.000Z,0.0,0.0,0.0,0.0,1.0,1.0,1.0,0.0,0.0,1.0,1.0,1.0,against,against,"['against', 'against']","['A2Q1YS118AO2BP', 'A3OZ8KF0HWSVWK']"
stance_tweets_192,against,"Yep. It’s pretty simple: if @Twitter and @Google and the rest are going to editorialize and censor and act like traditional publishers, they should be treated like traditional publishers and stop receiving the special carve out from the federal government in Section 230 https://t.co/qKPE97zG87",1287225810,1265756011400486914,2020-05-27T21:25:24.000Z,0.0,0.0,0.0,0.0,1.0,1.0,1.0,0.0,0.0,1.0,1.0,1.0,against,against,"['in favor of', 'against']","['A2Q1YS118AO2BP', 'A3OZ8KF0HWSVWK']"
stance_tweets_193,neutral,"Schumer makes McConnell an offer: Allow a vote on the House-passed CASH Act and he'll support a vote on Section 230, a voter fraud commission and ""whatever right-wing conspiracy you'd like,"" even one that looks into whether Brad Raffensperger ""has a brother named Ron.""",61527709,1344746790994776064,2020-12-31T20:46:33.000Z,0.0,0.0,1.0,1.0,0.0,0.0,1.0,0.0,1.0,0.0,1.0,1.0,neutral,neutral,"['neutral', 'in favor of']","['A2IOT3PCS9G5RK', 'A2Q1YS118AO2BP']"
stance_tweets_194,against,Trump threatens veto of defense bill unless Congress nixes Section 230 https://t.co/8nrT8H0c76,1172796115449724928,1334020453476790281,2020-12-02T06:23:55.000Z,0.0,0.0,0.0,0.0,1.0,1.0,1.0,0.0,0.0,1.0,1.0,1.0,against,against,"['neutral', 'neutral']","['A2IOT3PCS9G5RK', 'A32CMQGGTSUK6Z']"
stance_tweets_195,neutral,"Here's where we are.

McConnell objected to immediate vote on the $2000 checks.

Sanders, pushing for the checks, then objected to what McConnell wants - a vote tomorrow on NDAA override. Linked the two.

And McConnell may be linking the $2000 checks + section 230 (social media)",71354554,1344024874780647426,2020-12-29T20:57:55.000Z,0.0,0.0,1.0,1.0,0.0,0.0,1.0,0.0,1.0,0.0,1.0,1.0,neutral,neutral,"['neutral', 'neutral']","['A2IOT3PCS9G5RK', 'A3OZ8KF0HWSVWK']"
stance_tweets_196,neutral,"McConnell punts on a firm position on $2k stimulus checks. nothing clean.

instead, he throws in 2 brand new factors to make things way more difficult for Democrats: section 230 and something (?) on election fraud.

if they're linked, who knows how this goes",867410760712040448,1343971997127233537,2020-12-29T17:27:48.000Z,0.0,0.0,1.0,1.0,0.0,0.0,1.0,0.0,1.0,0.0,1.0,1.0,neutral,neutral,"['neutral', 'in favor of']","['A2IOT3PCS9G5RK', 'A2Q1YS118AO2BP']"
stance_tweets_197,neutral,"Trump probably can’t change Section 230 without congressional approval -- and even then, there are serious First Amendment concerns, so don’t expect the debate to be settled any time soon
https://t.co/9ZzNgMcOnY https://t.co/5RbhyKCj32",235081257,1266190035889598465,2020-05-29T02:10:03.000Z,0.0,0.0,1.0,1.0,0.0,0.0,1.0,0.0,1.0,0.0,1.0,1.0,neutral,neutral,"['in favor of', 'neutral']","['A2Q1YS118AO2BP', 'A3GUJ6JD25FX7O']"
stance_tweets_198,neutral,"?????? INBOX: @realDonaldTrump has vetoed the National Defense Authorization Act because it removes names of confederate generals from US bases and does not repeal Section 230. 

It passed with veto-proof majorities, setting up a humiliating override vote next week. https://t.co/dYbBH7dD2v",879812383711080448,1341840846602207237,2020-12-23T20:19:22.000Z,0.0,0.0,1.0,1.0,0.0,0.0,1.0,0.0,1.0,0.0,1.0,1.0,neutral,neutral,"['in favor of', 'in favor of']","['A2Q1YS118AO2BP', 'A3OZ8KF0HWSVWK']"
stance_tweets_199,neutral,".@SenateGOP Why don’t I get many responses to my tweets? #Shadowbanned?? 

#Section230 .@tedcruz .@SenTedCruz .@MarshaBlackburn .@RonJohnsonWI .@SenRickScott .@SenJohnThune .@SenMikeLee .@SenCapito .@SenCoryGardner .@JerryMoran .@SenatorWicker .@SenatorFischer .@senatemajldr https://t.co/xmcQtORo2Y",111800440,1321648144376102912,2020-10-29T03:00:47.000Z,0.0,0.0,1.0,1.0,0.0,0.0,1.0,0.0,1.0,0.0,1.0,1.0,neutral,neutral,"['neutral', 'against']","['A2IOT3PCS9G5RK', 'A2Q1YS118AO2BP']"
stance_tweets_200,neutral,"‼️ ?????????? ??????‼️ Please Share!

??https://t.co/cDiTyxWoys

I sat down w/ the Meme King himself @bennyjohnson in Washington, DC to discuss Big Tech, Social Media Censorship and its impact on the election, Section 230, + more ?? ?? 

PLEASE DO NOT MISS THIS! https://t.co/ETWKY16J8d",54935632,1340973941796593665,2020-12-21T10:54:36.000Z,0.0,0.0,1.0,1.0,0.0,0.0,1.0,0.0,1.0,0.0,1.0,1.0,neutral,neutral,"['neutral', 'neutral']","['A2FCGEU5RTEWG8', 'A2Q1YS118AO2BP']"
stance_tweets_201,against,"The tech overlords aren’t just canceling Trump.

They’re canceling democracy.

You don't get to cry ""but we're a private company!"" &amp; censor with impunity when you're getting special government immunity under Section 230 and responding to explicit Congressional threats.",213871801,1359620275902570502,2021-02-10T21:48:28.000Z,0.0,0.0,0.0,0.0,1.0,1.0,1.0,0.0,0.0,1.0,1.0,1.0,against,against,"['against', 'against']","['A32CMQGGTSUK6Z', 'A37WDOIQH6JM6V']"
stance_tweets_202,neutral,"Instagram just disabled the IG account!

SECTION 230!!!!!!!

Do not worry Patriots, we will prevail. Until the other accounts are fully operational, consider Twitter your PRIMARY SOURCE of John Barron content. 

Here is a picture of an Eagle Carrying An Alligator. https://t.co/eZUwGjLPnO",66114413,1348853871079170048,2021-01-12T04:46:38.000Z,0.0,0.0,1.0,1.0,0.0,0.0,1.0,0.0,1.0,0.0,1.0,1.0,neutral,neutral,"['against', 'against']","['A2Q1YS118AO2BP', 'A3OZ8KF0HWSVWK']"
stance_tweets_203,against,"@AP_Politics Social giants continue to censor and ban users who share information regarding election fraud. They are operating as publishers, not simply a “public forum” - as outlined in section 230. End the protections now!",1276864963915718657,1334767126624825344,2020-12-04T07:50:56.000Z,0.0,0.0,0.0,0.0,1.0,1.0,1.0,0.0,0.0,1.0,1.0,1.0,against,against,"['against', 'in favor of']","['A2FCGEU5RTEWG8', 'A2Q1YS118AO2BP']"
stance_tweets_204,neutral,"The irony, of course, is that if Section 230 were repealed, Trump's account would be one of the first to be suspended, because Twitter could then be held liable for all of the misinformation and defamatory statements he posts. But Republicans haven't thought past owning the libs.",3632161,1339603035115245571,2020-12-17T16:07:06.000Z,0.0,0.0,1.0,1.0,0.0,0.0,1.0,0.0,1.0,0.0,1.0,1.0,neutral,neutral,"['in favor of', 'in favor of']","['A2Q1YS118AO2BP', 'A32CMQGGTSUK6Z']"
stance_tweets_205,in favor of,"You tell me why you’re upset with social media companies, and I’ll explain why Section 230 isn’t the problem.",2414855424,1334624404521684994,2020-12-03T22:23:48.000Z,1.0,1.0,0.0,0.0,0.0,0.0,1.0,1.0,0.0,0.0,1.0,1.0,in favor of,in favor of,"['in favor of', 'against']","['A2FCGEU5RTEWG8', 'A2Q1YS118AO2BP']"
stance_tweets_206,against,"BREAKING: The Department of Justice will be reviewing Section 230 of the Communications Decency Act.

This allows for Facebook and Twitter to have unfettered legal immunity.

It’s time to end social media censorship!",798177403336003585,1273344734493376515,2020-06-17T20:00:16.000Z,0.0,0.0,0.0,0.0,1.0,1.0,1.0,0.0,0.0,1.0,1.0,1.0,against,against,"['against', 'in favor of', 'in favor of', 'against']","['A2IOT3PCS9G5RK', 'A2Q1YS118AO2BP', 'A2Q1YS118AO2BP', 'ACDX50KGPE97I']"
stance_tweets_207,neutral,"The only reason Trump wants to erase Section 230 of the CDA is so he can sue @Twitter when they delete his account after he leaves office.

PERIOD.",807641983736913920,1334811990511017985,2020-12-04T10:49:12.000Z,0.0,0.0,1.0,1.0,0.0,0.0,1.0,0.0,1.0,0.0,1.0,1.0,neutral,neutral,"['neutral', 'in favor of']","['A2Q1YS118AO2BP', 'A3OZ8KF0HWSVWK']"
stance_tweets_208,neutral,AG Barr talks about proposed changes to Section 230 protections for Big Tech companies including requiring platforms to be more clear about violations of their terms of service and having a better process to dispute the violation. https://t.co/4iRpjADmnX,3219919633,1274737471142559746,2020-06-21T16:14:31.000Z,0.0,0.0,1.0,1.0,0.0,0.0,1.0,0.0,1.0,0.0,1.0,1.0,neutral,neutral,"['in favor of', 'neutral']","['A2Q1YS118AO2BP', 'A3EBUBRYCKB6AF']"
stance_tweets_209,against,I would be so god damn happy if section 230 was nuked,1257486118540410881,1344280096698490881,2020-12-30T13:52:05.000Z,0.0,0.0,0.0,0.0,1.0,1.0,1.0,0.0,0.0,1.0,1.0,1.0,against,against,"['against', 'against']","['A2FCGEU5RTEWG8', 'A2Q1YS118AO2BP']"
stance_tweets_210,in favor of,"@realDonaldTrump Newsflash, There is no corruption on Biden. Section 230 was put in place to stop people like you who spread misinformation online. 

Retweet",14175886,1321616869770596354,2020-10-29T00:56:30.000Z,1.0,1.0,0.0,0.0,0.0,0.0,1.0,1.0,0.0,0.0,1.0,1.0,in favor of,in favor of,"['in favor of', 'against']","['A2IOT3PCS9G5RK', 'A2Q1YS118AO2BP']"
stance_tweets_211,in favor of,@EliGarza5 Wow. Yeah that's why things like section 230 exist in the first place. To protect us from shenanigans like this using state power.,18707057,1347415600537030656,2021-01-08T05:31:27.000Z,1.0,1.0,0.0,0.0,0.0,0.0,1.0,1.0,0.0,0.0,1.0,1.0,in favor of,in favor of,"['in favor of', 'in favor of']","['A3EBUBRYCKB6AF', 'A3GUJ6JD25FX7O']"
stance_tweets_212,against,"Today I will be voting NO on the override of @realDonaldTrump's veto of the NDAA.

Here's why:

The act fails to terminate Section 230 and is a gift to our enemies like communist China!",1339795263104409600,1343820282277081093,2020-12-29T07:24:56.000Z,0.0,0.0,0.0,0.0,1.0,1.0,1.0,0.0,0.0,1.0,1.0,1.0,against,against,"['against', 'against', 'against', 'against', 'in favor of', 'against']","['A32CMQGGTSUK6Z', 'ACDX50KGPE97I', 'A2FCGEU5RTEWG8', 'A32CMQGGTSUK6Z', 'A2Q1YS118AO2BP', 'A3GUJ6JD25FX7O']"
stance_tweets_213,against,"@JudiciaryGOP @dbongino @Twitter Time to ReWrite Section 230  ""Platforms"" vs ""Publisher !!!",1303431191941480456,1316535190215421954,2020-10-15T00:23:44.000Z,0.0,0.0,0.0,0.0,1.0,1.0,1.0,0.0,0.0,1.0,1.0,1.0,against,against,"['in favor of', 'against']","['A2Q1YS118AO2BP', 'A3OZ8KF0HWSVWK']"
stance_tweets_214,neutral,"5. we filed amicus briefs in cases involving public accommodations law and Section 230,¹ the CFAA with the @ACLU,² and probabilistic DNA analysis software with @cyberlawclinic.³ 
___
¹ https://t.co/BCrITAW96C 
² https://t.co/mcGgTtaYXS
³ https://t.co/voiW3DoHlt https://t.co/ioiesDqLLm",149027223,1343978346275893248,2020-12-29T17:53:02.000Z,0.0,0.0,1.0,1.0,0.0,0.0,1.0,0.0,1.0,0.0,1.0,1.0,neutral,neutral,"['in favor of', 'neutral']","['A2Q1YS118AO2BP', 'A3OZ8KF0HWSVWK']"
stance_tweets_215,against,"“Our Country can never be safe &amp; secure if we allow it [Section 230] to stand.”

President Trump threatened to veto #Defense legislation unless the #Section230 rules shielding #BigTech companies from most liability lawsuits are changed. https://t.co/8YP6waFGrh",2956500741,1334171944514707460,2020-12-02T16:25:53.000Z,0.0,0.0,0.0,0.0,1.0,1.0,1.0,0.0,0.0,1.0,1.0,1.0,against,against,"['in favor of', 'against']","['A2Q1YS118AO2BP', 'A3OZ8KF0HWSVWK']"
stance_tweets_216,against,The most difficult and important is to overhaul social media. We need federal data ownership legislation mirrored after the CPRA in California. There should be ad-free versions of every platform. Section 230 should be amended to not include content that is amplified by algorithm.,723720381442482176,1348131247898451970,2021-01-10T04:55:11.000Z,0.0,0.0,0.0,0.0,1.0,1.0,1.0,0.0,0.0,1.0,1.0,1.0,against,against,"['in favor of', 'in favor of']","['A2Q1YS118AO2BP', 'A3OZ8KF0HWSVWK']"
stance_tweets_217,neutral,"@realDonaldTrump Section 230 doesn't allow @Twitter to engage in false advertising, commit fraud, deceive investors and public officials under oath. @FTC @SEC_Enforcement, @TheJusticeDept",1259665600214970370,1324703196011548672,2020-11-06T13:20:28.000Z,0.0,0.0,1.0,1.0,0.0,0.0,1.0,0.0,1.0,0.0,1.0,1.0,neutral,neutral,"['in favor of', 'neutral']","['A2Q1YS118AO2BP', 'A3OZ8KF0HWSVWK']"
stance_tweets_218,against,It’s time we examine the need for Section 230 immunity &amp;to what extent these big tech companies are abusing their monopoly power. It’s time these companies stop arbitrarily deciding what speech is acceptable for the country,1125425327004639232,1382143650889670661,2021-04-14T01:28:20.000Z,0.0,0.0,0.0,0.0,1.0,1.0,1.0,0.0,0.0,1.0,1.0,1.0,against,against,"['in favor of', 'against', 'against', 'in favor of']","['A2Q1YS118AO2BP', 'A3OZ8KF0HWSVWK', 'A2FCGEU5RTEWG8', 'A2Q1YS118AO2BP']"
stance_tweets_219,neutral,"Donald Trump's day so far:

- Goes berserk on Twitter
- Looks like his next steroid dose kicked in
- Wants to repeal Section 230 and destroy the internet
- Trump's Coast Guard aide has virus
- Joint Chiefs of Staff quarantined
- Trump is going to prison
- It's still only 2pm",1153452308228902912,1313557057216434177,2020-10-06T19:09:41.000Z,0.0,0.0,1.0,1.0,0.0,0.0,1.0,0.0,1.0,0.0,1.0,1.0,neutral,neutral,"['neutral', 'against', 'in favor of', 'in favor of']","['A2IOT3PCS9G5RK', 'A2Q1YS118AO2BP', 'A2Q1YS118AO2BP', 'A3OZ8KF0HWSVWK']"
stance_tweets_220,neutral,@ezralevant Twitter has been nuking people left and right because of Section 230’s protection. - Devin Nunes,42730368,1351188031680749574,2021-01-18T15:21:45.000Z,0.0,0.0,1.0,1.0,0.0,0.0,1.0,0.0,1.0,0.0,1.0,1.0,neutral,neutral,"['against', 'neutral']","['A2IOT3PCS9G5RK', 'A3EBUBRYCKB6AF']"
stance_tweets_221,neutral,@realDonaldTrump Section 230 prevents the platforms from being sued for the false statement of their users. You would literally be the first person banned by social media if there were no 230. The fact that you have never understood that is the millionth example of how unintelligent you are.,129394351,1332410791480483840,2020-11-27T19:47:42.000Z,0.0,0.0,1.0,1.0,0.0,0.0,1.0,0.0,1.0,0.0,1.0,1.0,neutral,neutral,"['against', 'in favor of']","['A2Q1YS118AO2BP', 'A3OZ8KF0HWSVWK']"
stance_tweets_222,neutral,"*donnie is BIG MAD at twitter

I think his fee-fees got hurty 

Poor *donnie

Did I make his hands too big in my drawing celebrating @MeidasTouch?

#MeidaMighty 

#Section230 ?? https://t.co/xB9FQio7b8",1052012330882482176,1334294818747387904,2020-12-03T00:34:09.000Z,0.0,0.0,1.0,1.0,0.0,0.0,1.0,0.0,1.0,0.0,1.0,1.0,neutral,neutral,"['against', 'neutral']","['A2Q1YS118AO2BP', 'A3EBUBRYCKB6AF']"
stance_tweets_223,neutral,Donald Trump is such a damn softie. I bet he’ll complain about section 230 when he wakes up. #ImpotentTrump,1255690315262054402,1342088503014924293,2020-12-24T12:43:28.000Z,0.0,0.0,1.0,1.0,0.0,0.0,1.0,0.0,1.0,0.0,1.0,1.0,neutral,neutral,"['neutral', 'in favor of']","['A2IOT3PCS9G5RK', 'A2Q1YS118AO2BP']"
stance_tweets_224,neutral,"Most of the arguments for retaining Section 230 boil down to three things: 

(1) You're stupid go and read this confusing rant you stupid person.
(2) We need to be smarter about changing it not stupid and changing it in any way is stupid. 
(3) I have tenure.",175055258,1344093183458873349,2020-12-30T01:29:21.000Z,0.0,0.0,1.0,1.0,0.0,0.0,1.0,0.0,1.0,0.0,1.0,1.0,neutral,neutral,"['against', 'neutral']","['A2Q1YS118AO2BP', 'A3GUJ6JD25FX7O']"
stance_tweets_225,neutral,Section 230 for investors @CNBCPro @lauren_feiner #FAANG $FB $NFLX $GOOGL https://t.co/5TlR7oEjXu,434706682,1367871491283488769,2021-03-05T16:15:52.000Z,0.0,0.0,1.0,1.0,0.0,0.0,1.0,0.0,1.0,0.0,1.0,1.0,neutral,neutral,"['neutral', 'in favor of']","['A2FCGEU5RTEWG8', 'A2Q1YS118AO2BP']"
stance_tweets_226,neutral,"“Twitter may be a private company, but without the government’s gift of Section 230 they would not exist for long. I predicted this would happen. We have been negotiating with various other sites, and",2312293591,1348137433171456007,2021-01-10T05:19:45.000Z,0.0,0.0,1.0,1.0,0.0,0.0,1.0,0.0,1.0,0.0,1.0,1.0,neutral,neutral,"['against', 'against']","['A2Q1YS118AO2BP', 'A3OZ8KF0HWSVWK']"
stance_tweets_227,against,"Twitters admin panel has a button to “blacklist trends.”

So yeah twitter lied, they manually edit trends. The ones advocating violence are kept up. By their choice.

They aren’t a platform. They are a publisher. 

Abolish Section 230.",469332554,1283572068030742530,2020-07-16T01:20:03.000Z,0.0,0.0,0.0,0.0,1.0,1.0,1.0,0.0,0.0,1.0,1.0,1.0,against,against,"['neutral', 'against', 'against', 'against', 'against', 'against', 'against', 'against']","['A2Q1YS118AO2BP', 'ACDX50KGPE97I', 'A2Q1YS118AO2BP', 'A3EBUBRYCKB6AF', 'A2IOT3PCS9G5RK', 'A2Q1YS118AO2BP', 'A2Q1YS118AO2BP', 'A3OZ8KF0HWSVWK']"
stance_tweets_228,neutral,"How do these people not understand that without Section 230, Twitter would just ban most of them because they could be sued for their lunatic content? How hard is this to understand? https://t.co/EWnBfomSd4",1268728766,1347892998995144705,2021-01-09T13:08:28.000Z,0.0,0.0,1.0,1.0,0.0,0.0,1.0,0.0,1.0,0.0,1.0,1.0,neutral,neutral,"['in favor of', 'in favor of', 'in favor of', 'against']","['A2IOT3PCS9G5RK', 'A3GUJ6JD25FX7O', 'A2IOT3PCS9G5RK', 'A2Q1YS118AO2BP']"
stance_tweets_229,neutral,"An aspect of preventing this from reoccurring is those who enabled it cannot slide back into their cable pundit, Davos, Wall St, Aspen Institute circuit. The price for supporting an autocrat is you don’t get to opine on Section 230, or tax rates, or whatever. Go away forever.",281591495,1347188095632990208,2021-01-07T14:27:26.000Z,0.0,0.0,1.0,1.0,0.0,0.0,1.0,0.0,1.0,0.0,1.0,1.0,neutral,neutral,"['neutral', 'against', 'in favor of', 'neutral']","['A2IOT3PCS9G5RK', 'A2Q1YS118AO2BP', 'A2Q1YS118AO2BP', 'A3GUJ6JD25FX7O']"
stance_tweets_230,neutral,"Sir @realDonaldTrump today I am filing and official complaint against Twitter, in violation of Section 230 under FOSTA-SESTA. Twitter allowed my former traffickers to use my name and likeness despite numerous reports for months. I know my rights as a United States citizen. https://t.co/FAmoAsIXLB",2688427028,1290763738442870784,2020-08-04T21:37:11.000Z,0.0,0.0,1.0,1.0,0.0,0.0,1.0,0.0,1.0,0.0,1.0,1.0,neutral,neutral,"['neutral', 'against', 'in favor of', 'neutral']","['A2IOT3PCS9G5RK', 'A2Q1YS118AO2BP', 'A2Q1YS118AO2BP', 'A3OZ8KF0HWSVWK']"
stance_tweets_231,neutral,"This is what makes it an exercise in content moderation-washing. It does nothing substantive to really change the degradation of platforms as spaces of exchange — but it sure will look good to bring it up in front of a Section 230 hearing, say, up on Capitol Hill.",22211613,1312428609483665409,2020-10-03T16:25:38.000Z,0.0,0.0,1.0,1.0,0.0,0.0,1.0,0.0,1.0,0.0,1.0,1.0,neutral,neutral,"['in favor of', 'neutral']","['A2Q1YS118AO2BP', 'A3OZ8KF0HWSVWK']"
stance_tweets_232,in favor of,"You can use this site to write to your lawmakers. Tell them that blowing up Section 230 will do more harm than good. We need lawmakers to respond to Trump's absurd demands by CLEARLY STATING that they will defend Section 230, free speech, and human rights https://t.co/0yNOhrySLv",1279878431463931904,1344290054475313153,2020-12-30T14:31:39.000Z,1.0,1.0,0.0,0.0,0.0,0.0,1.0,1.0,0.0,0.0,1.0,1.0,in favor of,in favor of,"['in favor of', 'in favor of']","['A2IOT3PCS9G5RK', 'A2Q1YS118AO2BP']"
stance_tweets_233,against,"Stop the Censorship Act reforms Section 230 of the Communications Decency Act to:
-Extend free speech online
-Encourage innovation of content filter options
-Empower users to block objectionable content
-Stop the removal of competition and lawful speech
https://t.co/lSYXnpc5xC https://t.co/Fv2Ud3Wuch",909848586782875649,1266065157148549120,2020-05-28T17:53:50.000Z,0.0,0.0,0.0,0.0,1.0,1.0,1.0,0.0,0.0,1.0,1.0,1.0,against,against,"['neutral', 'in favor of']","['A2IOT3PCS9G5RK', 'A2Q1YS118AO2BP']"
stance_tweets_234,against,"@realDonaldTrump Considering the dangerous role they played in the 2020 US election, especially the way they are censoring you, the president of the USA, no other nation's leader or even the common citizens can survive such censorship. For the freedom of the world, section 230 must go soonest.",1213148248224882688,1332211326643539975,2020-11-27T06:35:06.000Z,0.0,0.0,0.0,0.0,1.0,1.0,1.0,0.0,0.0,1.0,1.0,1.0,against,against,"['against', 'against']","['A2Q1YS118AO2BP', 'A3OZ8KF0HWSVWK']"
stance_tweets_235,neutral,"This post from @daphnehk says it all: Under a new law proposed by Sen. Lindsey Graham, platforms would face new legal exposure if they take down Holocaust denial, white supremacist racial theories, and electoral disinformation. https://t.co/faCivyNI1H #Section230",382878093,1312029644527468546,2020-10-02T14:00:18.000Z,0.0,0.0,1.0,1.0,0.0,0.0,1.0,0.0,1.0,0.0,1.0,1.0,neutral,neutral,"['neutral', 'in favor of']","['A2IOT3PCS9G5RK', 'A2Q1YS118AO2BP']"
stance_tweets_236,neutral,"#Section230 lawsuit
SCOTUS Docket #20-632 
I welcome the United States Solicitor General, States Attorney's General, and Congress from either political party to weigh in on my #Section230 Supreme Court Petition for Writ of Certiorari in FYK vs. FACEBOOK #FYK230",1300628656646168577,1329514441893961728,2020-11-19T19:58:38.000Z,0.0,0.0,1.0,1.0,0.0,0.0,1.0,0.0,1.0,0.0,1.0,1.0,neutral,neutral,"['neutral', 'in favor of', 'in favor of', 'neutral']","['A2IOT3PCS9G5RK', 'A2Q1YS118AO2BP', 'A2Q1YS118AO2BP', 'A3EBUBRYCKB6AF']"
stance_tweets_237,neutral,"??O’KEEFE STATEMENT??

“I am suing Twitter for defamation because they said I... ""operated fake accounts."" This is false, this is defamatory, and they will pay. Section 230 may have protected them before, but it will not protect them from me. The complaint will be filed Monday.”",814155290291486720,1382891249674297345,2021-04-16T02:59:01.000Z,0.0,0.0,1.0,1.0,0.0,0.0,1.0,0.0,1.0,0.0,1.0,1.0,neutral,neutral,"['against', 'in favor of']","['A2JPOXYZM5AJZZ', 'A2Q1YS118AO2BP']"
stance_tweets_238,neutral,How fast is Congress gonna want to change Section 230 one President Trump has his own social media site?,1267107878533357568,1374255770099879938,2021-03-23T07:04:42.000Z,0.0,0.0,1.0,1.0,0.0,0.0,1.0,0.0,1.0,0.0,1.0,1.0,neutral,neutral,"['in favor of', 'neutral']","['A2Q1YS118AO2BP', 'A3OZ8KF0HWSVWK']"
stance_tweets_239,neutral,"False. Section 230 applies to everyone on the internet, including traditional media, The Trump Organization, him, you, and me. In fact, it became law before most social media existed. It promotes the freedom of speech by ensuring you’re not liable for things *other* people say. https://t.co/KH2POJc4np",14286536,1334086454784430080,2020-12-02T10:46:11.000Z,0.0,0.0,1.0,1.0,0.0,0.0,1.0,0.0,1.0,0.0,1.0,1.0,neutral,neutral,"['in favor of', 'in favor of']","['A2IOT3PCS9G5RK', 'A32CMQGGTSUK6Z']"
stance_tweets_240,neutral,"JUST IN: McConnell introduces bill that offers $2000 direct-payments, repeals section 230 (immunity for social media companies), and commissions an election fraud study.",817867271750070272,1344043753724514304,2020-12-29T22:12:56.000Z,0.0,0.0,1.0,1.0,0.0,0.0,1.0,0.0,1.0,0.0,1.0,1.0,neutral,neutral,"['neutral', 'in favor of', 'neutral', 'in favor of', 'neutral', 'in favor of']","['A2FCGEU5RTEWG8', 'A2Q1YS118AO2BP', 'A2FCGEU5RTEWG8', 'A2Q1YS118AO2BP', 'A2FCGEU5RTEWG8', 'A2Q1YS118AO2BP']"
stance_tweets_241,neutral,"trump issued an executive order against section 230 a SINGLE day after they fact checked his lies.

Never let him make you believe he's ""too busy"" to take action on something that's important. You know, like a global pandemic.",365524024,1266040152243216389,2020-05-28T16:14:28.000Z,0.0,0.0,1.0,1.0,0.0,0.0,1.0,0.0,1.0,0.0,1.0,1.0,neutral,neutral,"['against', 'neutral', 'neutral', 'in favor of', 'in favor of', 'neutral']","['A2Q1YS118AO2BP', 'A3OZ8KF0HWSVWK', 'A2Q1YS118AO2BP', 'A3OZ8KF0HWSVWK', 'A32CMQGGTSUK6Z', 'A3GUJ6JD25FX7O']"
stance_tweets_242,against,"#Section230 reform is do or die. 

Big Tech is trying to strangle the Right and we must fight back!",4237019654,1347747907215126531,2021-01-09T03:31:55.000Z,0.0,0.0,0.0,0.0,1.0,1.0,1.0,0.0,0.0,1.0,1.0,1.0,against,against,"['against', 'against']","['A2IOT3PCS9G5RK', 'A2Q1YS118AO2BP']"
stance_tweets_243,neutral,@realDonaldTrump Trump doesn’t know what Section 230 of the Communications Decency Act means*.,1225097122569019392,1324657369230450688,2020-11-06T10:18:22.000Z,0.0,0.0,1.0,1.0,0.0,0.0,1.0,0.0,1.0,0.0,1.0,1.0,neutral,neutral,"['against', 'neutral']","['A2Q1YS118AO2BP', 'A3EBUBRYCKB6AF']"
stance_tweets_244,neutral,"@r0b0katie @jack @RubinReport @nypost You are welcome!  Make sure you save the evidence offline.

Both the image, and also, the web page.

LegalShield (or ARAG, or others) is around $30/mo depending on your location, and can help with obtaining justice from Section 230 violations.

Lin Wood also, but, he's busy! ??????",945757655099899907,1316846930383777792,2020-10-15T21:02:28.000Z,0.0,0.0,1.0,1.0,0.0,0.0,1.0,0.0,1.0,0.0,1.0,1.0,neutral,neutral,"['in favor of', 'in favor of']","['A2JPOXYZM5AJZZ', 'A2Q1YS118AO2BP']"
stance_tweets_245,neutral,"“Section 230 may have protected them before, but it will not protect them from me,” O’Keefe said.

#ProjectVeritas Founder #JamesOKeefe said he will sue #Twitter for defamation after the #BigTech platform permanently suspended his account. https://t.co/7tffw8I3T0",2304766592,1383064790294220807,2021-04-16T14:28:36.000Z,0.0,0.0,1.0,1.0,0.0,0.0,1.0,0.0,1.0,0.0,1.0,1.0,neutral,neutral,"['in favor of', 'against', 'in favor of', 'against']","['A2Q1YS118AO2BP', 'A3EBUBRYCKB6AF', 'A2Q1YS118AO2BP', 'A3EBUBRYCKB6AF']"
stance_tweets_246,neutral,#DopeyDon is trending No. 1. That’s why #SoreLoserTrump is holding up relief for Americans — he wants to cancel Section 230. #WorstPresidentEver #WorstPresidentInUSHistory https://t.co/aBj6szWS6T,94348527,1343076959383777284,2020-12-27T06:11:14.000Z,0.0,0.0,1.0,1.0,0.0,0.0,1.0,0.0,1.0,0.0,1.0,1.0,neutral,neutral,"['in favor of', 'in favor of']","['A2Q1YS118AO2BP', 'A3EBUBRYCKB6AF']"
stance_tweets_247,neutral,"'26 words that created the Internet""- Jeff Kosseff 

“No provider or user of an interactive computer service shall be treated as the publisher or speaker of any information provided by another information content provider"". 

#Section230 #CDA",1394403349,1350663905299742720,2021-01-17T04:39:03.000Z,0.0,0.0,1.0,1.0,0.0,0.0,1.0,0.0,1.0,0.0,1.0,1.0,neutral,neutral,"['neutral', 'in favor of']","['A2IOT3PCS9G5RK', 'A2Q1YS118AO2BP']"
stance_tweets_248,against,"@realDonaldTrump Trump MUST be re-elected. We MUST vote in GOP in the House, keep the Senate and we MUST eliminate Section 230 protections for big tech social media! Social media &amp; Corporate America will kill our free speech! BLM is a Marxist group looking to DESTROY USA!
https://t.co/R37Qi2rlNy",47136895,1277111393850920960,2020-06-28T05:27:38.000Z,0.0,0.0,0.0,0.0,1.0,1.0,1.0,0.0,0.0,1.0,1.0,1.0,against,against,"['against', 'against', 'against', 'against']","['A2FCGEU5RTEWG8', 'A2Q1YS118AO2BP', 'A2IOT3PCS9G5RK', 'A3OZ8KF0HWSVWK']"
stance_tweets_249,neutral,"Take a look down Trump's twitter feed and then tell me that his account doesn't violate Section 230 of the Communications Decency Act. 

It's all ad baculum threats, tu quoque (appeals to hypocrisy), and conspiracy. Trump's twitter is an attack on the American public sphere.",62427859,1266047581731332097,2020-05-28T16:44:00.000Z,0.0,0.0,1.0,1.0,0.0,0.0,1.0,0.0,1.0,0.0,1.0,1.0,neutral,neutral,"['in favor of', 'in favor of']","['A2Q1YS118AO2BP', 'A3OZ8KF0HWSVWK']"
stance_tweets_250,against,Parler is now down. We live under techno tyranny. Terms of Service and Section 230 have destroyed our rights. Monopolies need to be broken up. But we must first get rid of the voting machines or we will never have a fair election again.,1227562268,1348617208243638274,2021-01-11T13:06:13.000Z,0.0,0.0,0.0,0.0,1.0,1.0,1.0,0.0,0.0,1.0,1.0,1.0,against,against,"['against', 'against']","['A2IOT3PCS9G5RK', 'ACDX50KGPE97I']"
stance_tweets_251,in favor of,"Section 230 is the most important law protecting your free speech online. Without 230, platforms would become more restrictive overnight and the Internet as we know it would be mangled. https://t.co/ubPPDfFmMf",58995630,1344109453247836161,2020-12-30T02:34:00.000Z,1.0,1.0,0.0,0.0,0.0,0.0,1.0,1.0,0.0,0.0,1.0,1.0,in favor of,in favor of,"['in favor of', 'against']","['A2IOT3PCS9G5RK', 'A2Q1YS118AO2BP']"
stance_tweets_252,against,#NEW Senator Lindsey Graham speaks out against Twitter’s ban of Trump and calls for a repeal of Section 230 https://t.co/xexk19ZsGr,3033453829,1347714817335824386,2021-01-09T01:20:26.000Z,0.0,0.0,0.0,0.0,1.0,1.0,1.0,0.0,0.0,1.0,1.0,1.0,against,against,"['against', 'against']","['A2Q1YS118AO2BP', 'A3OZ8KF0HWSVWK']"
stance_tweets_253,neutral,"Twitter'S devious tricks, your Tweet's still up I can See it but when I try to Retweet it I Get the message 
This Tweet has been Deleted
Can you say: Section 230 @jack btw couldn't you have more respect for the Senate and the American people and at least have combed your Hair? https://t.co/qYteIJZ86i",760913503850856448,1323509819123232768,2020-11-03T06:18:25.000Z,0.0,0.0,1.0,1.0,0.0,0.0,1.0,0.0,1.0,0.0,1.0,1.0,neutral,neutral,"['in favor of', 'against']","['A2Q1YS118AO2BP', 'A3GUJ6JD25FX7O']"
stance_tweets_254,against,"??MAJOR NEWS??

I now have OFFICIAL ACCOUNTS on @instagram and @Facebook!

Big Tech is ""orwellian"" and must be destroyed (SECTION 230!) but also I desperately need them to help me maintain my brand.

IG: realjohnbarron_1946
FB: realjohnbarron

SUBSCRIBE, LIKE AND SHARE! #MABA",1113569515470827520,1348794417155624962,2021-01-12T00:50:23.000Z,0.0,0.0,0.0,0.0,1.0,1.0,1.0,0.0,0.0,1.0,1.0,1.0,against,against,"['against', 'in favor of']","['A2IOT3PCS9G5RK', 'A2Q1YS118AO2BP']"
stance_tweets_255,neutral,"@TeamPelosi Mrs pelosi if y'all choose to play with our lives at least play to win . Make the deal and you will be blessed !! We the people are in trouble now . Please please please !!! Section 230 and election fraud is  not above the american people ok we voted , now it's y'all turn!",1342104470050758663,1344313123558350848,2020-12-30T16:03:19.000Z,0.0,0.0,1.0,1.0,0.0,0.0,1.0,0.0,1.0,0.0,1.0,1.0,neutral,neutral,"['against', 'against']","['A2Q1YS118AO2BP', 'A3OZ8KF0HWSVWK']"
stance_tweets_256,neutral,"@Chris2every @DebbieforFL Changing the names of military bases is one of the reasons: ""fails to respect our veterans and our military history"". Another is it doesn't make changes to Section 230.",1313972765251137536,1341856271213838336,2020-12-23T21:20:40.000Z,0.0,0.0,1.0,1.0,0.0,0.0,1.0,0.0,1.0,0.0,1.0,1.0,neutral,neutral,"['against', 'neutral']","['A3OZ8KF0HWSVWK', 'ACDX50KGPE97I']"
stance_tweets_257,against,@MZHemingway Section 230 shall no longer exist for many.... Direct election influencing....,811356452,1275532347534950401,2020-06-23T20:53:04.000Z,0.0,0.0,0.0,0.0,1.0,1.0,1.0,0.0,0.0,1.0,1.0,1.0,against,against,"['against', 'against']","['A2Q1YS118AO2BP', 'A3OZ8KF0HWSVWK']"
stance_tweets_258,neutral,"@JannieAlexa In 2017, Trump argued that he shouldn't be liable for the content of a retweet he did, because of Section 230. In fact, in court, Trump argued that Section 230 ""should be given an 'expansive' reading"" in order to protect himself from defamation claims. https://t.co/EBE1z6mT8c",1323339234078531584,1336308287948648449,2020-12-08T13:54:57.000Z,0.0,0.0,1.0,1.0,0.0,0.0,1.0,0.0,1.0,0.0,1.0,1.0,neutral,neutral,"['neutral', 'neutral']","['A1AZAC9CPBEP6K', 'A2Q1YS118AO2BP']"
stance_tweets_259,neutral,"We may be witnessing the demolishing of the section 230 protection for @twitter specifically due to violating platform privilege by taking a position on voter fraud. 

Ted Cruz just tore @twitter a new one...watch out below.",2813841211,1328846342656040962,2020-11-17T23:43:51.000Z,0.0,0.0,1.0,1.0,0.0,0.0,1.0,0.0,1.0,0.0,1.0,1.0,neutral,neutral,"['against', 'in favor of']","['A2Q1YS118AO2BP', 'A3OZ8KF0HWSVWK']"
stance_tweets_260,neutral,"@RomanCabanac No, its actions sit pretty much protected by section 230 as a platform don't think wedding venues have that.",8332362,1348613032591683587,2021-01-11T12:49:37.000Z,0.0,0.0,1.0,1.0,0.0,0.0,1.0,0.0,1.0,0.0,1.0,1.0,neutral,neutral,"['neutral', 'neutral']","['A2Q1YS118AO2BP', 'A3OZ8KF0HWSVWK']"
stance_tweets_261,in favor of,"wow. i shouldn't be surprised by this, but I am. AT&amp;T will throw its weight behind Trump's absolutely absurd Executive Order that would gut Section 230 &amp; enable widespread Internet censorship. And they're doing it just to confuse ppl about #netneutrality. https://t.co/58bEEYEoVj",235764604,1300466976997990400,2020-08-31T16:14:23.000Z,1.0,1.0,0.0,0.0,0.0,0.0,1.0,1.0,0.0,0.0,1.0,1.0,in favor of,in favor of,"['in favor of', 'in favor of']","['A2IOT3PCS9G5RK', 'A3OZ8KF0HWSVWK']"
stance_tweets_262,neutral,"@Timcast AGREE, just make who qualified for section 230",1305663806169903109,1332324485467344896,2020-11-27T14:04:45.000Z,0.0,0.0,1.0,1.0,0.0,0.0,1.0,0.0,1.0,0.0,1.0,1.0,neutral,neutral,"['against', 'neutral']","['A2Q1YS118AO2BP', 'A3EBUBRYCKB6AF']"
stance_tweets_263,neutral,"Anybody that blames @SpeakerPelosi for delays in #COVID19 stimulus checks is either ignorant or dishonest

The GOP has always been the reason

If it’s not liability protection, it’s Section 230
If it’s not 230, it’s the debt
If it’s not the debt, it’s “socialism”

THEY. MUST. GO. https://t.co/2chWmHLzxm",1251070734669090817,1342146354844463111,2020-12-24T16:33:21.000Z,0.0,0.0,1.0,1.0,0.0,0.0,1.0,0.0,1.0,0.0,1.0,1.0,neutral,neutral,"['against', 'neutral']","['A2Q1YS118AO2BP', 'A37WDOIQH6JM6V']"
stance_tweets_264,neutral,"If Jack's Twitter is acting in ""good faith"", as Jack says today in a Senate hearing on Section 230, then he can rescind his search ban on my Twitter account @DFBHarvard! ??

Anyone else have gripe?",531244825,1321465152592633858,2020-10-28T14:53:38.000Z,0.0,0.0,1.0,1.0,0.0,0.0,1.0,0.0,1.0,0.0,1.0,1.0,neutral,neutral,"['neutral', 'in favor of']","['A2IOT3PCS9G5RK', 'A2Q1YS118AO2BP']"
stance_tweets_265,neutral,What is Section 230 and why is it so controversial? Ask the lawyer https://t.co/UBgpmuvsMq,1340110231,1353348864355545088,2021-01-24T14:28:07.000Z,0.0,0.0,1.0,1.0,0.0,0.0,1.0,0.0,1.0,0.0,1.0,1.0,neutral,neutral,"['neutral', 'against']","['A2FCGEU5RTEWG8', 'A2Q1YS118AO2BP']"
stance_tweets_266,neutral,@ResurrectKarma @CaliSTOIC Precisely!  If you want to exercise editorial control - you're no longer protected by section 230.  @LindseyPelas has been outspoken about this too - and she's 100% correct.,739994875467161600,1315349505512931328,2020-10-11T17:52:14.000Z,0.0,0.0,1.0,1.0,0.0,0.0,1.0,0.0,1.0,0.0,1.0,1.0,neutral,neutral,"['in favor of', 'neutral']","['A2Q1YS118AO2BP', 'A37WDOIQH6JM6V']"
stance_tweets_267,against,I am also calling on my colleagues in the U.S. Senate to vote immediately to repeal Section 230 to hold Big Tech accountable and cut the pork in the Omnibus spending bill... 2/3,1243153964994121728,1343900247123177472,2020-12-29T12:42:42.000Z,0.0,0.0,0.0,0.0,1.0,1.0,1.0,0.0,0.0,1.0,1.0,1.0,against,against,"['against', 'in favor of', 'in favor of', 'against']","['A2IOT3PCS9G5RK', 'A2Q1YS118AO2BP', 'A2Q1YS118AO2BP', 'A3EBUBRYCKB6AF']"
stance_tweets_268,in favor of,A very well written piece about the freedom to speak on internet platforms - and how much we have to lose if Section 230 is repealed. https://t.co/T5NHrSPEBP,297070008,1220800920918859778,2020-01-24T20:09:55.000Z,1.0,1.0,0.0,0.0,0.0,0.0,1.0,1.0,0.0,0.0,1.0,1.0,in favor of,in favor of,"['in favor of', 'in favor of']","['A2Q1YS118AO2BP', 'A3OZ8KF0HWSVWK']"
stance_tweets_269,neutral,"Trump Calls for an End of Section 230, saying Big Tech is a ‘National Security’ concern
.

Trump called for a repeal of Section 230 back in May...What do you think? 
#Repeal230 ? Yes, or No.... 

https://t.co/FGdqNAauJK",1167449855431794696,1332377521107636225,2020-11-27T17:35:30.000Z,0.0,0.0,1.0,1.0,0.0,0.0,1.0,0.0,1.0,0.0,1.0,1.0,neutral,neutral,"['neutral', 'in favor of', 'neutral', 'in favor of']","['A2IOT3PCS9G5RK', 'A2Q1YS118AO2BP', 'A2FCGEU5RTEWG8', 'A2Q1YS118AO2BP']"
stance_tweets_270,neutral,Blog Post: Lawyer Can’t Sue Google for Bad Client Review–Lewis v Google https://t.co/SofTqPXMxs #Section230 #LawTwitter,14807154,1353018174157938689,2021-01-23T16:34:05.000Z,0.0,0.0,1.0,1.0,0.0,0.0,1.0,0.0,1.0,0.0,1.0,1.0,neutral,neutral,"['against', 'neutral']","['A2Q1YS118AO2BP', 'A32CMQGGTSUK6Z']"
stance_tweets_271,against,"BREAKING;

@realDonaldTrump just declared WAR on Big Tech and Section 230!

UNCENSOR AMERICA!!

RT!!",926240500461469697,1334137068210036737,2020-12-02T14:07:18.000Z,0.0,0.0,0.0,0.0,1.0,1.0,1.0,0.0,0.0,1.0,1.0,1.0,against,against,"['against', 'neutral', 'against', 'against', 'against', 'in favor of']","['A2FCGEU5RTEWG8', 'A2Q1YS118AO2BP', 'A1F1BIPJR11LSR', 'A2Q1YS118AO2BP', 'A2FCGEU5RTEWG8', 'A2Q1YS118AO2BP']"
stance_tweets_272,against,"Graham: ‘I’m more determined than ever’ to strip big tech of section 230 protections

“I’m more determined than ever to strip Section 230 protections from Big Tech (Twitter) that let them be immune from lawsuits.”

What do you think?

https://t.co/z48BpN4Qiz",242302575,1348050655076900869,2021-01-09T23:34:56.000Z,0.0,0.0,0.0,0.0,1.0,1.0,1.0,0.0,0.0,1.0,1.0,1.0,against,against,"['in favor of', 'against']","['A2Q1YS118AO2BP', 'A3GUJ6JD25FX7O']"
stance_tweets_273,in favor of,"Trump REALLY stepped in it calling for repeal of Section 230 of the Communications Decency Act. He doesn't listen to lawyers, so I can see how he made the mistake - a quick thread",24789294,1344124077791834115,2020-12-30T03:32:07.000Z,1.0,1.0,0.0,0.0,0.0,0.0,1.0,1.0,0.0,0.0,1.0,1.0,in favor of,in favor of,"['in favor of', 'in favor of']","['A2Q1YS118AO2BP', 'A3OZ8KF0HWSVWK']"
stance_tweets_274,against,"2/ How on EARTH could you possible justify the censorship of his social media accounts? This is inherent national security risk of the highest order. If there was anyone on the fence about the need to regulate big tech or reform Section 230, this action should erase ALL doubt.",4018091414,1347298209840779264,2021-01-07T21:44:59.000Z,0.0,0.0,0.0,0.0,1.0,1.0,1.0,0.0,0.0,1.0,1.0,1.0,against,against,"['against', 'against']","['A2Q1YS118AO2BP', 'A32CMQGGTSUK6Z']"
stance_tweets_275,against,"@zsixkillerk @LouDobbs @realDonaldTrump And then what? Everybody can sue everybody over twitter, fb...? It makes zero sense. Reform section 230 would be a better idea.",1259080836927930368,1334126412656218113,2020-12-02T13:24:58.000Z,0.0,0.0,0.0,0.0,1.0,1.0,1.0,0.0,0.0,1.0,1.0,1.0,against,against,"['in favor of', 'against']","['A2Q1YS118AO2BP', 'A3OZ8KF0HWSVWK']"
stance_tweets_276,neutral,"Despite Congress's shift to the COVID-19 emergency response, encryption is still a hot topic. @MadelineZick takes a look at where things stand with EARN IT, Encryption, and Section 230 in a new blog.

Read here-- https://t.co/gqtqxFqzXY",955449505461231617,1258086762796253184,2020-05-06T17:30:33.000Z,0.0,0.0,1.0,1.0,0.0,0.0,1.0,0.0,1.0,0.0,1.0,1.0,neutral,neutral,"['in favor of', 'neutral']","['A2Q1YS118AO2BP', 'A3OZ8KF0HWSVWK']"
stance_tweets_277,neutral,"Buried in Graham's quote, yet another hypocrisy.

He wants to repeal Section 230, because he disagrees with what Twitter considers ""inappropriate material"" (Trump's fact-less rants), yet he also wants to ""limit society's exposure"" to what HE thinks it's inappropriate. https://t.co/qQqsSP6f1N",1174733200750448640,1343636144077025280,2020-12-28T19:13:14.000Z,0.0,0.0,1.0,1.0,0.0,0.0,1.0,0.0,1.0,0.0,1.0,1.0,neutral,neutral,"['against', 'in favor of']","['A2Q1YS118AO2BP', 'A3OZ8KF0HWSVWK']"
stance_tweets_278,against,"Dear @Jack:

@twitter really stuck the fork in the light socket.

Your Censorship Department has unified most factions of the Republican Party—even those who were on the fence or even with you before today—around the dire need to reform Section 230.

Thank you,
@The_IAP https://t.co/PjwFBcx0l0",46351475,1316722273764737029,2020-10-15T12:47:08.000Z,0.0,0.0,0.0,0.0,1.0,1.0,1.0,0.0,0.0,1.0,1.0,1.0,against,against,"['against', 'in favor of']","['A2IOT3PCS9G5RK', 'A2Q1YS118AO2BP']"
stance_tweets_279,in favor of,"Big Tech is a problem. Their surveillance based biz model is fundamentally incompatible with democracy &amp; basic rights. And their content moderation practices are shoddy and lack transparency. But blowing up Section 230 of the Communications Decency Act makes it worse, not better.",2446418336,1344041793885638657,2020-12-29T22:05:09.000Z,1.0,1.0,0.0,0.0,0.0,0.0,1.0,1.0,0.0,0.0,1.0,1.0,in favor of,in favor of,"['in favor of', 'in favor of']","['A2IOT3PCS9G5RK', 'A3OZ8KF0HWSVWK']"
stance_tweets_280,neutral,#DirtyDon is trending in the United States on Christmas Day. Cue the Section 230 tweets...,1245334061205327872,1342702476219326464,2020-12-26T05:23:11.000Z,0.0,0.0,1.0,1.0,0.0,0.0,1.0,0.0,1.0,0.0,1.0,1.0,neutral,neutral,"['neutral', 'in favor of', 'in favor of', 'neutral', 'in favor of', 'neutral', 'neutral', 'in favor of']","['A2IOT3PCS9G5RK', 'A2Q1YS118AO2BP', 'A2Q1YS118AO2BP', 'A3OZ8KF0HWSVWK', 'A2Q1YS118AO2BP', 'A3OZ8KF0HWSVWK', 'A1F1BIPJR11LSR', 'A2Q1YS118AO2BP']"
stance_tweets_281,neutral,Trump's executively ordered review on section 230 and social media 'censoring' speech given to US Congress - New Zealand Herald https://t.co/yu7RaAQSBh,95933607,1309461911868563458,2020-09-25T11:57:03.000Z,0.0,0.0,1.0,1.0,0.0,0.0,1.0,0.0,1.0,0.0,1.0,1.0,neutral,neutral,"['neutral', 'neutral']","['A2IOT3PCS9G5RK', 'A3OZ8KF0HWSVWK']"
stance_tweets_282,against,"To be very clear: A former longtime Democratic staffer, now working at @Facebook, is boasting about censoring a reported @nypost story damaging to the Democratic candidate for president.

Section 230 reform — now. https://t.co/jCaRY4GOGV",721809300,1316481971216809984,2020-10-14T20:52:15.000Z,0.0,0.0,0.0,0.0,1.0,1.0,1.0,0.0,0.0,1.0,1.0,1.0,against,against,"['in favor of', 'against']","['A2Q1YS118AO2BP', 'A3OZ8KF0HWSVWK']"
stance_tweets_283,against,"#BigTech has made a conscious decision that they are not going to be neutral public forums by actively censoring, shadow banning, and silencing the voices of those with whom they disagree. There’s no reason Congress should give them special immunity. #Section230 https://t.co/vamrajzoNb",1083157067463098370,1273661744548737025,2020-06-18T16:59:58.000Z,0.0,0.0,0.0,0.0,1.0,1.0,1.0,0.0,0.0,1.0,1.0,1.0,against,against,"['against', 'against']","['A2FCGEU5RTEWG8', 'A3OZ8KF0HWSVWK']"
stance_tweets_284,against,"Pres. @realDonaldTrump is right about revoking Section 230 protections for Big Tech. Stop the Censorship Act revokes #Section230 protections for platforms that censor &amp; editorialize lawful material without user consent. 
Censorship threatens nat security and election integrity!",898301964722819073,1336510003780337664,2020-12-09T03:16:30.000Z,0.0,0.0,0.0,0.0,1.0,1.0,1.0,0.0,0.0,1.0,1.0,1.0,against,against,"['against', 'against']","['A2FCGEU5RTEWG8', 'A2Q1YS118AO2BP']"
stance_tweets_285,neutral,"@davidsirota David Sirota will conveniently leave out McConnells Section 230 poison pill:
https://t.co/0rVu8hh5Gm",882458568590544897,1344649742958157825,2020-12-31T14:20:55.000Z,0.0,0.0,1.0,1.0,0.0,0.0,1.0,0.0,1.0,0.0,1.0,1.0,neutral,neutral,"['against', 'neutral']","['A2Q1YS118AO2BP', 'A3EBUBRYCKB6AF']"
stance_tweets_286,neutral,"@preachdnb @greg_doucette This crazy contradiction (""if you try and make your site moderately pleasant, exposes you to massive legal liability"") is the exact reason Section 230 was passed.",14118834,1344333176039034881,2020-12-30T17:23:00.000Z,0.0,0.0,1.0,1.0,0.0,0.0,1.0,0.0,1.0,0.0,1.0,1.0,neutral,neutral,"['in favor of', 'against']","['A2IOT3PCS9G5RK', 'A2Q1YS118AO2BP']"
stance_tweets_287,against,BREAKING: Trump signed an executive order  that calls for new regulations under Section 230 of the Communications Decency Act of 1996 (CDA) to remove statutory liability protections and cut federal funding for tech companies that engage in censorship and political conduct.,398795946,1266171544679542785,2020-05-29T00:56:35.000Z,0.0,0.0,0.0,0.0,1.0,1.0,1.0,0.0,0.0,1.0,1.0,1.0,against,against,"['neutral', 'in favor of']","['A2FCGEU5RTEWG8', 'A2Q1YS118AO2BP']"
stance_tweets_288,against,Isn’t it fascinating that my Twitter followers went from 1K to 23.9K in a matter of days and now are suddenly starting to decline over the last 48 hours? Big Tech censorship is a clear and present danger to America. Section 230 protection must go away one way or another. #USA,274347607,1303485178946486272,2020-09-09T00:07:38.000Z,0.0,0.0,0.0,0.0,1.0,1.0,1.0,0.0,0.0,1.0,1.0,1.0,against,against,"['against', 'against', 'in favor of', 'against']","['A2IOT3PCS9G5RK', 'A32CMQGGTSUK6Z', 'A2Q1YS118AO2BP', 'A3OZ8KF0HWSVWK']"
stance_tweets_289,neutral,"This piece is spot on. And notably it calls for antitrust enforcement and for the Biden admin to keep Big Tech loyalists out of key positions, rather than more misinformed attacks on Section 230 or other vague ""hold them accountable"" measures that often translate to censorship. https://t.co/xM3WwbiUAh",257547914,1354527193150451716,2021-01-27T20:30:23.000Z,0.0,0.0,1.0,1.0,0.0,0.0,1.0,0.0,1.0,0.0,1.0,1.0,neutral,neutral,"['against', 'in favor of']","['A2Q1YS118AO2BP', 'A3GUJ6JD25FX7O']"
stance_tweets_290,neutral,"@brianschatz @MackHailP Trump wanted it challenged. 

“... Section 230 of the Communications Decency Act of 1996, which provides immunity to online platforms from civil liability based on third-party content and for the removal of content in certain circumstances.”https://t.co/0ZF3nie8nh",1039860396,1343562173428211715,2020-12-28T14:19:18.000Z,0.0,0.0,1.0,1.0,0.0,0.0,1.0,0.0,1.0,0.0,1.0,1.0,neutral,neutral,"['neutral', 'in favor of']","['A2IOT3PCS9G5RK', 'A2Q1YS118AO2BP']"
stance_tweets_291,against,"“For purposes of National Security, Section 230 must be immediately terminated!!!” - @realDonaldTrump",1343252648,1332517994879193090,2020-11-28T02:53:41.000Z,0.0,0.0,0.0,0.0,1.0,1.0,1.0,0.0,0.0,1.0,1.0,1.0,against,against,"['against', 'against', 'against', 'in favor of', 'against', 'against', 'against', 'against', 'against', 'against', 'against', 'against', 'against', 'against', 'against', 'against', 'against', 'against']","['A2IOT3PCS9G5RK', 'A2Q1YS118AO2BP', 'A2JPOXYZM5AJZZ', 'A2Q1YS118AO2BP', 'A2Q1YS118AO2BP', 'A3EBUBRYCKB6AF', 'A2JPOXYZM5AJZZ', 'A2Q1YS118AO2BP', 'A2Q1YS118AO2BP', 'A3EBUBRYCKB6AF', 'A2IOT3PCS9G5RK', 'A3EBUBRYCKB6AF', 'A2Q1YS118AO2BP', 'A3OZ8KF0HWSVWK', 'A2Q1YS118AO2BP', 'A3OZ8KF0HWSVWK', 'A2Q1YS118AO2BP', 'A3EBUBRYCKB6AF']"
stance_tweets_292,against,@DavidLimbaugh Hello David Don't You Think It's Way Long Overdue For Twitter &amp; Facebook To Be Permanently Stripped Of Section 230 Because The Silencing Of We The People's Voice Is Too Much Now,118276457,1332742028267036674,2020-11-28T17:43:55.000Z,0.0,0.0,0.0,0.0,1.0,1.0,1.0,0.0,0.0,1.0,1.0,1.0,against,against,"['neutral', 'against']","['A2IOT3PCS9G5RK', 'A2Q1YS118AO2BP']"
stance_tweets_293,neutral,"Wait, wait - you want to treat the @FDRLST comment section, which they don’t curate, as THEIR speech but simultaneously say the content you directly host and modify IS NOT your speech under Section 230? Wow, this is getting really interesting https://t.co/QEtpCtssco",1078572013130735616,1273124865084702722,2020-06-17T05:26:36.000Z,0.0,0.0,1.0,1.0,0.0,0.0,1.0,0.0,1.0,0.0,1.0,1.0,neutral,neutral,"['in favor of', 'against', 'against', 'neutral', 'against', 'neutral']","['A2Q1YS118AO2BP', 'A3OZ8KF0HWSVWK', 'A1F1BIPJR11LSR', 'A32CMQGGTSUK6Z', 'A2Q1YS118AO2BP', 'A3OZ8KF0HWSVWK']"
stance_tweets_294,against,"Big Tech’s out to get conservatives.

Today a dozen members of @JudiciaryGOP introduced the “Protect Speech Act.”

This bill will hold #BigTech accountable, fix Section 230, and protect freedom on the internet.  

Read it here: https://t.co/zGpxtD2cd2",820421402604032001,1311800907533815808,2020-10-01T22:51:23.000Z,0.0,0.0,0.0,0.0,1.0,1.0,1.0,0.0,0.0,1.0,1.0,1.0,against,against,"['in favor of', 'against']","['A2Q1YS118AO2BP', 'A3OZ8KF0HWSVWK']"
stance_tweets_295,neutral,TRUMP WAS RIGHT - Big Tech - Section 230 https://t.co/IhL8wjMhpb via @YouTube,4166471422,1368474220783693830,2021-03-07T08:10:53.000Z,0.0,0.0,1.0,1.0,0.0,0.0,1.0,0.0,1.0,0.0,1.0,1.0,neutral,neutral,"['against', 'against']","['A32CMQGGTSUK6Z', 'A37WDOIQH6JM6V']"
stance_tweets_296,neutral,"@NathanTankus @musatheredguard @harrycanuck @GeorgeBuilds_ @rohangrey @jimmyjames198 @FOnlyinDreams There is no central entity to sue - not even the EF, which is only tangentially related to the project the bill is trying to regulate. Suing ""Etherum"" because a single smart contract on the network is violating US law is -exactly- what Section 230 stops today in diff context.",453542076,1334674122975141889,2020-12-04T01:41:22.000Z,0.0,0.0,1.0,1.0,0.0,0.0,1.0,0.0,1.0,0.0,1.0,1.0,neutral,neutral,"['against', 'in favor of']","['A2Q1YS118AO2BP', 'A3OZ8KF0HWSVWK']"
stance_tweets_297,neutral,"Big Tech's holy grail--Section 230--is a special provision that protects it from responsibility for its content, allowing it to rake in hundreds of billions of dollars. https://t.co/oTCFv9l1vX",1302995120380407808,1334524763411255296,2020-12-03T15:47:52.000Z,0.0,0.0,1.0,1.0,0.0,0.0,1.0,0.0,1.0,0.0,1.0,1.0,neutral,neutral,"['in favor of', 'against']","['A2Q1YS118AO2BP', 'A3OZ8KF0HWSVWK']"
stance_tweets_298,neutral,"Yep. It was a huge hoax promoted by every media outlet and manually inserted as a “news” trend by Twitter - which takes away section 230 immunity. 

I hope @RudyGiuliani sues them all. 

He has a strong case and they’ll have to pay. https://t.co/cjIKs2lCNv",500512044,1320165272247017472,2020-10-25T00:48:23.000Z,0.0,0.0,1.0,1.0,0.0,0.0,1.0,0.0,1.0,0.0,1.0,1.0,neutral,neutral,"['neutral', 'in favor of']","['A2IOT3PCS9G5RK', 'A2Q1YS118AO2BP']"
stance_tweets_299,against,"The #SCOTUS has officially joined the #DeepState as of Friday, December 11, 2020. #PresidentTrump Please #DestroyTheList &amp; create one of your own for your next Judicial Nominee. I trust your judgement much better than those of the @GOP #Section230 loving class https://t.co/eUTb9UibDl",62090142,1337787628259827713,2020-12-12T15:53:20.000Z,0.0,0.0,0.0,0.0,1.0,1.0,1.0,0.0,0.0,1.0,1.0,1.0,against,against,"['against', 'in favor of']","['A2FCGEU5RTEWG8', 'A2Q1YS118AO2BP']"
stance_tweets_300,neutral,@JimInhofe How about section 230 Jim?,866998631999655936,1335245847391453185,2020-12-05T15:33:12.000Z,0.0,0.0,1.0,1.0,0.0,0.0,1.0,0.0,1.0,0.0,1.0,1.0,neutral,neutral,"['neutral', 'against']","['A2IOT3PCS9G5RK', 'A2Q1YS118AO2BP']"
stance_tweets_301,neutral,The best way to stop #BigTech censorship is also the simplest: let Americans sue! #Section230 https://t.co/9PE3oIwAnW,783368042612948993,1309375637933764608,2020-09-25T06:14:13.000Z,0.0,0.0,1.0,1.0,0.0,0.0,1.0,0.0,1.0,0.0,1.0,1.0,neutral,neutral,"['in favor of', 'against']","['A2Q1YS118AO2BP', 'A3GUJ6JD25FX7O']"
stance_tweets_302,neutral,"@Scaramucci @Cernovich ??JUST RELEASED??
Joe Biden's NEW TAXES for People Making Less Than $400,000 Per Year!

#wednesdaymorning #WednesdayMotivation #WednesdayThoughts #BidenFamilyCorruption #BidenHarris2020 #Trump2020 #Election2020 #Section230 #Breaking #Philadelphia 

https://t.co/H7pdrLAG66",291765027,1321517264236150784,2020-10-28T18:20:43.000Z,0.0,0.0,1.0,1.0,0.0,0.0,1.0,0.0,1.0,0.0,1.0,1.0,neutral,neutral,"['neutral', 'neutral']","['A2IOT3PCS9G5RK', 'A3EBUBRYCKB6AF']"
stance_tweets_303,neutral,"Every aspect of the president’s justification for his veto is a lie. His obsession with Section 230 is not about our security, it’s an attempt to attack social media companies because they refused to endorse his criminal conspiracy to overturn the election that he lost. https://t.co/jYFbXbBCDz",88869834,1343704437739515908,2020-12-28T23:44:37.000Z,0.0,0.0,1.0,1.0,0.0,0.0,1.0,0.0,1.0,0.0,1.0,1.0,neutral,neutral,"['against', 'in favor of', 'in favor of', 'in favor of']","['A2Q1YS118AO2BP', 'A3OZ8KF0HWSVWK', 'A2JPOXYZM5AJZZ', 'A2Q1YS118AO2BP']"
stance_tweets_304,against,"@glamelegance @realDonaldTrump Media are the sheep. BigTech are the wolves herding them, abusing them, and viciously biting any outlier. Let's update #Section230 and take Media out of BigTech's control!!! https://t.co/wZnhpgcsXX",1325549016558530561,1328212596990889984,2020-11-16T05:45:34.000Z,0.0,0.0,0.0,0.0,1.0,1.0,1.0,0.0,0.0,1.0,1.0,1.0,against,against,"['against', 'in favor of']","['A2FCGEU5RTEWG8', 'A2Q1YS118AO2BP']"
stance_tweets_305,neutral,"@look2leap4 @sfpelosi @GOPLeader @senatemajldr He will want Section 230 thrown out ,that's how he will blow it up at the last second and blame democrats.",2736789219,1341765639237742593,2020-12-23T15:20:31.000Z,0.0,0.0,1.0,1.0,0.0,0.0,1.0,0.0,1.0,0.0,1.0,1.0,neutral,neutral,"['against', 'in favor of']","['A2Q1YS118AO2BP', 'A3OZ8KF0HWSVWK']"
stance_tweets_306,neutral,@Beakerlives @marklevinshow You think Trump eliminated section 230? He didn't write the bill.,572004881,1346640818564685825,2021-01-06T02:12:45.000Z,0.0,0.0,1.0,1.0,0.0,0.0,1.0,0.0,1.0,0.0,1.0,1.0,neutral,neutral,"['against', 'neutral']","['A2Q1YS118AO2BP', 'A3OZ8KF0HWSVWK']"
stance_tweets_307,neutral,"""Twitter, Facebook to Send CEOs to Senate Hearing on Section 230 "" https://t.co/m2WzRjlwTt",24093390,1312361555921698816,2020-10-03T11:59:12.000Z,0.0,0.0,1.0,1.0,0.0,0.0,1.0,0.0,1.0,0.0,1.0,1.0,neutral,neutral,"['neutral', 'neutral']","['A2Q1YS118AO2BP', 'A3OZ8KF0HWSVWK']"
stance_tweets_308,neutral,@tysonbrody Biden wants to repeal Section 230? Since when?,103994967,1342646280183570433,2020-12-26T01:39:53.000Z,0.0,0.0,1.0,1.0,0.0,0.0,1.0,0.0,1.0,0.0,1.0,1.0,neutral,neutral,"['neutral', 'in favor of']","['A2IOT3PCS9G5RK', 'A2Q1YS118AO2BP']"
stance_tweets_309,against,@drsimonegold @tedcruz @mattgaetz @BrendanCarrFCC Twitter is a publisher and does not deserve Section 230 protections.,1303138985875824640,1317630904899112965,2020-10-18T00:57:42.000Z,0.0,0.0,0.0,0.0,1.0,1.0,1.0,0.0,0.0,1.0,1.0,1.0,against,against,"['neutral', 'against']","['A2IOT3PCS9G5RK', 'A2Q1YS118AO2BP']"
stance_tweets_310,neutral,"@BradMossEsq A modestly talented lawyer (Saul Goodman, say) could grind out a pretty good living with nuisance lawsuits with Section 230 out of the picture.",127289951,1344096930838827009,2020-12-30T01:44:15.000Z,0.0,0.0,1.0,1.0,0.0,0.0,1.0,0.0,1.0,0.0,1.0,1.0,neutral,neutral,"['in favor of', 'neutral']","['A2Q1YS118AO2BP', 'A3EBUBRYCKB6AF']"
stance_tweets_311,neutral,"I intend to move forward with an @FCC rulemaking to clarify the meaning of #Section230.

Read my full statement below. https://t.co/LhUz5XMdSC",527028666,1317897973192417280,2020-10-18T18:38:56.000Z,0.0,0.0,1.0,1.0,0.0,0.0,1.0,0.0,1.0,0.0,1.0,1.0,neutral,neutral,"['neutral', 'in favor of', 'in favor of', 'neutral']","['A2IOT3PCS9G5RK', 'A2Q1YS118AO2BP', 'A2Q1YS118AO2BP', 'A3OZ8KF0HWSVWK']"
stance_tweets_312,against,"This is absurd.
 
Here's yet another real-time example of the glaring need to reform Section 230 and hold Big Tech accountable for censoring conservative political speech.
 
Big Tech must act as a platform, not a censor. #WheresHunter https://t.co/wQJs9YWjdH",1579620746,1316532715840172032,2020-10-15T00:13:54.000Z,0.0,0.0,0.0,0.0,1.0,1.0,1.0,0.0,0.0,1.0,1.0,1.0,against,against,"['in favor of', 'against']","['A2Q1YS118AO2BP', 'A3OZ8KF0HWSVWK']"
stance_tweets_313,neutral,"RT realDonaldTrump: RT @julie_kelly2: LOL keep the Senate red! “The bipartisan legislation not only omits language about Section 230, but also includes a provision that Trump opposes and has prompted a separate previous veto threat: renaming military bas… https://t.co/u4D574owYW",974961399045722112,1334852052917358593,2020-12-04T13:28:24.000Z,0.0,0.0,1.0,1.0,0.0,0.0,1.0,0.0,1.0,0.0,1.0,1.0,neutral,neutral,"['against', 'neutral']","['A2Q1YS118AO2BP', 'A3OZ8KF0HWSVWK']"
stance_tweets_314,against,"@TeamTrump @Twitter Twitter giving another reason to repeal section 230. Let's make it happen, so everyone can sue their asses accordingly.",2815830651,1334616840493031424,2020-12-03T21:53:45.000Z,0.0,0.0,0.0,0.0,1.0,1.0,1.0,0.0,0.0,1.0,1.0,1.0,against,against,"['against', 'against']","['A2FCGEU5RTEWG8', 'A2IOT3PCS9G5RK']"
stance_tweets_315,against,REPEAL SECTION 230! https://t.co/XiHuuQ5zeE,20072611,1347860211768434688,2021-01-09T10:58:11.000Z,0.0,0.0,0.0,0.0,1.0,1.0,1.0,0.0,0.0,1.0,1.0,1.0,against,against,"['neutral', 'against']","['A2Q1YS118AO2BP', 'A3OZ8KF0HWSVWK']"
stance_tweets_316,against,RETALIATION? Corrupt @Twitter talks how it could ban @RealDonaldTrump -- a few days after he threatens veto over Section 230 reform. https://t.co/W2zz53CGkX,1016654455553617921,1335678131211038721,2020-12-06T20:10:56.000Z,0.0,0.0,0.0,0.0,1.0,1.0,1.0,0.0,0.0,1.0,1.0,1.0,against,against,"['against', 'against']","['A2Q1YS118AO2BP', 'A3OZ8KF0HWSVWK']"
stance_tweets_317,neutral,Dude should have thought of that before he put Section 230 in a trade deal so now it can't be repealed or easily changed by him or anyone https://t.co/1Al8kyXFxo https://t.co/vTBVK2SMaF,752145211489447936,1313561016031236098,2020-10-06T19:25:25.000Z,0.0,0.0,1.0,1.0,0.0,0.0,1.0,0.0,1.0,0.0,1.0,1.0,neutral,neutral,"['in favor of', 'in favor of']","['A2JPOXYZM5AJZZ', 'A2Q1YS118AO2BP']"
stance_tweets_318,neutral,"OMG !!! ARE YOU FREAKING KIDDING ME !!!

You spineless Republicans literally just voted to override Trump’s veto to get rid of section 230, just hours ago. 

You are sincerely disgusting people. https://t.co/hT62PpW5sS",933118765214191616,1345169675571884035,2021-01-02T00:46:57.000Z,0.0,0.0,1.0,1.0,0.0,0.0,1.0,0.0,1.0,0.0,1.0,1.0,neutral,neutral,"['against', 'in favor of']","['A1AZAC9CPBEP6K', 'A2Q1YS118AO2BP']"
stance_tweets_319,against,"@LindseyGrahamSC Section 230 Must Terminated to keep our 
Freedom of Speech alive .  Suppressed ,Silenced
censored and Fears tactics use by big tech upon
All American Peoples ! Is  that  Communist Agenda 
use in????USA ?  Unbelievable !  Lets go get them 
Mr.  Lindsey Graham !!??.",1329953315929481216,1343440457972416513,2020-12-28T06:15:39.000Z,0.0,0.0,0.0,0.0,1.0,1.0,1.0,0.0,0.0,1.0,1.0,1.0,against,against,"['against', 'in favor of']","['A2IOT3PCS9G5RK', 'A2Q1YS118AO2BP']"
stance_tweets_320,neutral,"The Supreme Court handles matters of national importance.

Tomorrow the SCOTUS decides whether to hear Fyk vs Facebook regarding the proper application and interpretation of section 230

Today Facebook silenced the President of the United States.

Important enough for you?",2779554618,1347426398416343041,2021-01-08T06:14:22.000Z,0.0,0.0,1.0,1.0,0.0,0.0,1.0,0.0,1.0,0.0,1.0,1.0,neutral,neutral,"['in favor of', 'neutral', 'in favor of', 'against']","['A2Q1YS118AO2BP', 'A3EBUBRYCKB6AF', 'A2Q1YS118AO2BP', 'A3OZ8KF0HWSVWK']"
stance_tweets_321,neutral,"Senator McConnell is blocking the $2,000 checks. His proposal to add a repeal of Section 230 to the House-passed legislation is nothing more than a poison pill, intended to kill the bill. 
https://t.co/LP1c6526lJ",1144762817347772416,1344316459166687234,2020-12-30T16:16:34.000Z,0.0,0.0,1.0,1.0,0.0,0.0,1.0,0.0,1.0,0.0,1.0,1.0,neutral,neutral,"['neutral', 'neutral']","['A3GUJ6JD25FX7O', 'A3OZ8KF0HWSVWK']"
stance_tweets_322,against,"If we don’t take action now to rein in the #BigTech corporations, they will run this country. That means repealing #Section230 and it means updated antitrust laws for 21st century https://t.co/qT4bgn4KJ2",893110278,1329028762726326273,2020-11-18T11:48:43.000Z,0.0,0.0,0.0,0.0,1.0,1.0,1.0,0.0,0.0,1.0,1.0,1.0,against,against,"['against', 'against', 'against', 'against']","['A2IOT3PCS9G5RK', 'A3OZ8KF0HWSVWK', 'A2Q1YS118AO2BP', 'A3OZ8KF0HWSVWK']"
stance_tweets_323,neutral,"Trump Takes Another Shot at Section 230, Once Again Threatening to Veto Defense Bill https://t.co/IxwFTo4F5F via @politicususa

#SoreLoser #crybabyTrump #military",362149323,1339983373117386753,2020-12-18T17:18:26.000Z,0.0,0.0,1.0,1.0,0.0,0.0,1.0,0.0,1.0,0.0,1.0,1.0,neutral,neutral,"['neutral', 'against']","['A2IOT3PCS9G5RK', 'A2Q1YS118AO2BP']"
stance_tweets_324,against,"Nancy Pelosi tweeted the 2016 election was 'hijacked.'

She was not banned, suspended, or censored.

We all know Big Tech's rules only apply to one side of the aisle.

That's why I will not stop fighting in Congress until Section 230 is REPEALED.",1888951015,1349856095402123264,2021-01-14T23:09:06.000Z,0.0,0.0,0.0,0.0,1.0,1.0,1.0,0.0,0.0,1.0,1.0,1.0,against,against,"['against', 'against']","['A2Q1YS118AO2BP', 'A3OZ8KF0HWSVWK']"
stance_tweets_325,neutral,"“Section 230 facilitates the spread of foreign disinformation online, which is a serious threat to our national security and election integrity,” says @realDonaldTrump, who has been leading a massive domestic disinformation campaign to undermine confidence in election integrity. https://t.co/xgy3pmZ726",846862187431788544,1341889808159764481,2020-12-23T23:33:56.000Z,0.0,0.0,1.0,1.0,0.0,0.0,1.0,0.0,1.0,0.0,1.0,1.0,neutral,neutral,"['in favor of', 'neutral']","['A2Q1YS118AO2BP', 'A3OZ8KF0HWSVWK']"
stance_tweets_326,in favor of,"#Section230 is poorly understood by lawmakers on both sides of the aisle, and it is dangerous for them to use it as a political football. To save online free speech, we must #Protect230

Contact lawmakers: https://t.co/ldSL75knH4",1881869352,1376252814683373570,2021-03-28T19:20:15.000Z,1.0,1.0,0.0,0.0,0.0,0.0,1.0,1.0,0.0,0.0,1.0,1.0,in favor of,in favor of,"['in favor of', 'in favor of']","['A2FCGEU5RTEWG8', 'A32CMQGGTSUK6Z']"
stance_tweets_327,neutral,The Justice Department Unveils Proposed Section 230 Legislation on Behalf of the Administration https://t.co/amrc4Ny1EJ,819960684444160000,1308828095193911297,2020-09-23T17:58:29.000Z,0.0,0.0,1.0,1.0,0.0,0.0,1.0,0.0,1.0,0.0,1.0,1.0,neutral,neutral,"['neutral', 'neutral', 'neutral', 'in favor of', 'in favor of', 'neutral']","['A2FCGEU5RTEWG8', 'A32CMQGGTSUK6Z', 'A2IOT3PCS9G5RK', 'A2Q1YS118AO2BP', 'A2Q1YS118AO2BP', 'A3EBUBRYCKB6AF']"
stance_tweets_328,neutral,@ramon_ware @HeyKnudson Section 230 stand up!,402059915,1220169307558240257,2020-01-23T02:20:07.000Z,0.0,0.0,1.0,1.0,0.0,0.0,1.0,0.0,1.0,0.0,1.0,1.0,neutral,neutral,"['neutral', 'in favor of']","['A2Q1YS118AO2BP', 'A3EBUBRYCKB6AF']"
stance_tweets_329,neutral,"Trump's executive order to curtail Section 230 of the CDA essentially puts the President in charge of regulating 
Social Media.
You wonder how dictatorships form from what seem to be secure democracies?

This is exactly how!!",825091341000572928,1266434506703007744,2020-05-29T18:21:30.000Z,0.0,0.0,1.0,1.0,0.0,0.0,1.0,0.0,1.0,0.0,1.0,1.0,neutral,neutral,"['in favor of', 'in favor of']","['A2Q1YS118AO2BP', 'A3GUJ6JD25FX7O']"
stance_tweets_330,against,Still opposed to Section 230 reforms? https://t.co/9bGSOw07Bt,1045666867,1358439701200437250,2021-02-07T15:37:18.000Z,0.0,0.0,0.0,0.0,1.0,1.0,1.0,0.0,0.0,1.0,1.0,1.0,against,against,"['against', 'neutral']","['A2Q1YS118AO2BP', 'A3EBUBRYCKB6AF']"
stance_tweets_331,neutral,via ⁦@nytimestech⁩. Helpful explanation of #Section230. Though does not get into relationship w #1stAmendment  https://t.co/kftUh9NHQK,1911773426,1266326782518743040,2020-05-29T11:13:26.000Z,0.0,0.0,1.0,1.0,0.0,0.0,1.0,0.0,1.0,0.0,1.0,1.0,neutral,neutral,"['against', 'neutral']","['A2Q1YS118AO2BP', 'A3OZ8KF0HWSVWK']"
stance_tweets_332,against,"@dbongino Trump MUST be re-elected. We MUST vote in GOP in the House, keep the Senate and we MUST eliminate Section 230 protections for big tech social media! Social media and big corporate multi-nationals will kill our free speech! Join me as we fight the INFOWAR!
 https://t.co/GBGypiJu13",2491652876,1274800689328373764,2020-06-21T20:25:43.000Z,0.0,0.0,0.0,0.0,1.0,1.0,1.0,0.0,0.0,1.0,1.0,1.0,against,against,"['against', 'in favor of']","['A2FCGEU5RTEWG8', 'A2Q1YS118AO2BP']"
stance_tweets_333,neutral,@TwitterSafety How about cracking down on antifa and other “trained Marxist” violent groups?  Sounds like being a publisher to me.  Where we go #Section230 we go all!,49227544,1285746863258382343,2020-07-22T01:21:54.000Z,0.0,0.0,1.0,1.0,0.0,0.0,1.0,0.0,1.0,0.0,1.0,1.0,neutral,neutral,"['in favor of', 'against']","['A2Q1YS118AO2BP', 'A3OZ8KF0HWSVWK']"
stance_tweets_334,neutral,"Section 230 gives social media sites legal coverage so they're not held liable for content posted by their users.

Without that provision, social media sites would have to shut down or aggressively censor and terminate the accounts of frequent abusers like Donald Trump. https://t.co/9sYMS1jI3M",1314704599786442753,1316525771922509825,2020-10-14T23:46:18.000Z,0.0,0.0,1.0,1.0,0.0,0.0,1.0,0.0,1.0,0.0,1.0,1.0,neutral,neutral,"['in favor of', 'in favor of']","['A2IOT3PCS9G5RK', 'A2Q1YS118AO2BP']"
stance_tweets_335,neutral,"So Trump’s statement today about increasing the stimulus relief to $2,000 (the Democrat plan) was actually a way for him to try and re-write the bill to slip in the revocation of Section 230 of the Communication Decency Act because he didn’t like being called Diaper Don?",3795085875,1341722582068948997,2020-12-23T12:29:26.000Z,0.0,0.0,1.0,1.0,0.0,0.0,1.0,0.0,1.0,0.0,1.0,1.0,neutral,neutral,"['in favor of', 'in favor of']","['A2Q1YS118AO2BP', 'A32CMQGGTSUK6Z']"
stance_tweets_336,neutral,"Seems odd that, like, half the Senate has apparently never actually read #Section230 before trying to change it. It's as if they don't realize that (e)(1) exists. https://t.co/g0RoT1qFWN",3206254672,1278736401165623296,2020-07-02T17:04:50.000Z,0.0,0.0,1.0,1.0,0.0,0.0,1.0,0.0,1.0,0.0,1.0,1.0,neutral,neutral,"['in favor of', 'in favor of']","['A32CMQGGTSUK6Z', 'A3OZ8KF0HWSVWK']"
stance_tweets_337,neutral,"....well, Section 230 shields companies like Twitter &amp; FB from being liable for content it's users post. President Trump and others say Twitter is censoring them, and the conservative views are often censored, 
-What does that &amp; election security have to do with the $2K checks?",31369265,1344347638385180672,2020-12-30T18:20:28.000Z,0.0,0.0,1.0,1.0,0.0,0.0,1.0,0.0,1.0,0.0,1.0,1.0,neutral,neutral,"['in favor of', 'neutral']","['A2Q1YS118AO2BP', 'A3EBUBRYCKB6AF']"
stance_tweets_338,neutral,"The irony is that without Section 230, Twitter would have to shut down @realDonaldTrump’s account.",45143254,1313541811823087620,2020-10-06T18:09:07.000Z,0.0,0.0,1.0,1.0,0.0,0.0,1.0,0.0,1.0,0.0,1.0,1.0,neutral,neutral,"['in favor of', 'against', 'in favor of', 'in favor of']","['A2JPOXYZM5AJZZ', 'A2Q1YS118AO2BP', 'A2Q1YS118AO2BP', 'A3GUJ6JD25FX7O']"
stance_tweets_339,against,"@pikachuevie @Twitter Section 230 needs to be reformed! It was created before twitter and facebook! If you want to lose your free speech that's on you! A lot of people are losing their rights and if you want to support it, you are part of the problem!",24663975,1324670091477307392,2020-11-06T11:08:55.000Z,0.0,0.0,0.0,0.0,1.0,1.0,1.0,0.0,0.0,1.0,1.0,1.0,against,against,"['against', 'in favor of']","['A2IOT3PCS9G5RK', 'A2Q1YS118AO2BP']"
stance_tweets_340,against,"Americans are tired of Big Tech having all the power. And we're demanding change.

Sen. Hawley's Limiting Section 230 Immunity to Good Samaritans Act would allow Americans to sue Big Tech for censoring political speech or hiding competitor content. https://t.co/a4qFFOCpUk",1184942315409829889,1333732951620665344,2020-12-01T11:21:29.000Z,0.0,0.0,0.0,0.0,1.0,1.0,1.0,0.0,0.0,1.0,1.0,1.0,against,against,"['in favor of', 'against']","['A2Q1YS118AO2BP', 'A3GUJ6JD25FX7O']"
stance_tweets_341,neutral,"The big question is will McConnell lump together section 230 and the checks, making it unpalatable for Dems.",35152213,1344145545791635456,2020-12-30T04:57:25.000Z,0.0,0.0,1.0,1.0,0.0,0.0,1.0,0.0,1.0,0.0,1.0,1.0,neutral,neutral,"['in favor of', 'against']","['A2Q1YS118AO2BP', 'A3OZ8KF0HWSVWK']"
stance_tweets_342,neutral,"Section 230 has protected your fake news, conspiracy theory, innuendo, and lie spreading behind from being sued. No one deserves to be held accountable for disinformation more than you.

And, you can’t arbitrarily ‘regulate’ laws you fon’t like, idiot. https://t.co/BV5X68gVMl",1017081079704907776,1266707754921721856,2020-05-30T12:27:17.000Z,0.0,0.0,1.0,1.0,0.0,0.0,1.0,0.0,1.0,0.0,1.0,1.0,neutral,neutral,"['against', 'in favor of']","['A2Q1YS118AO2BP', 'A32CMQGGTSUK6Z']"
stance_tweets_343,neutral,Section 230 immunity from prosecution may be stripped due to MSM/Facebook and twitter selective banning of users distributing negative Biden tweets/comments   ?????? https://t.co/fmseRvGYYu,3002457954,1316985088861741058,2020-10-16T06:11:28.000Z,0.0,0.0,1.0,1.0,0.0,0.0,1.0,0.0,1.0,0.0,1.0,1.0,neutral,neutral,"['in favor of', 'neutral']","['A2Q1YS118AO2BP', 'A3EBUBRYCKB6AF']"
stance_tweets_344,against,"Facebook censoring one of the largest voices in cable news is totally unacceptable. 

This is publisher behavior, not neutral platform behavior. 

Time to revisit #Section230 https://t.co/2PMMNwiWWF",1230558462507180032,1309607905973460995,2020-09-25T21:37:10.000Z,0.0,0.0,0.0,0.0,1.0,1.0,1.0,0.0,0.0,1.0,1.0,1.0,against,against,"['neutral', 'against']","['A2IOT3PCS9G5RK', 'A2Q1YS118AO2BP']"
stance_tweets_345,against,@SaraCarterDC It is time to end section 230!,1316440624997040134,1332375277717123072,2020-11-27T17:26:35.000Z,0.0,0.0,0.0,0.0,1.0,1.0,1.0,0.0,0.0,1.0,1.0,1.0,against,against,"['neutral', 'against']","['A2Q1YS118AO2BP', 'A3EBUBRYCKB6AF']"
stance_tweets_346,neutral,"Twitch banned @realDonaldTrump's account on the same day Reddit banned his supporter's community.  

It appears there is coordinated political censorship happening in Silicon Valley... 

Time to get serious about protecting free speech. #Section230",23633674,1277754348093800449,2020-06-30T00:02:30.000Z,0.0,0.0,1.0,1.0,0.0,0.0,1.0,0.0,1.0,0.0,1.0,1.0,neutral,neutral,"['against', 'in favor of']","['A2Q1YS118AO2BP', 'A3EBUBRYCKB6AF']"
stance_tweets_347,against,Well tell the other GOP senators including hypocrite @SenMikeLee  - btw who gets lots of money from FB - to grow some BALLS and pass a bill to change #Section230. https://t.co/p2wqhotH1q,822510730624778241,1316498866771054592,2020-10-14T21:59:23.000Z,0.0,0.0,0.0,0.0,1.0,1.0,1.0,0.0,0.0,1.0,1.0,1.0,against,against,"['against', 'against']","['A2IOT3PCS9G5RK', 'A3OZ8KF0HWSVWK']"
stance_tweets_348,against,"These woke liberals in Big Tech continue to think it’s acceptable to censor a President of the United States.

We need to end Uncle Sam’s coddling and huge corporate welfare called Section 230.

They silence the R presidential candidate—but not the D (@JoeBiden).

FEC violation? https://t.co/eah8h3bILS",819394386710630400,1268266019585495041,2020-06-03T19:39:16.000Z,0.0,0.0,0.0,0.0,1.0,1.0,1.0,0.0,0.0,1.0,1.0,1.0,against,against,"['against', 'in favor of']","['A2JPOXYZM5AJZZ', 'A2Q1YS118AO2BP']"
stance_tweets_349,neutral,"@michaelpshipley @MarkDice @robbysoave Section 230 allows social media to be both public platform &amp; an editor. If they were just a public platform without 230, they would not be liable for any postings, so your claim is completely wrong.

Instead they want the power to edit/control content w/o liability. They luv 230.",353428725,1275792413018161152,2020-06-24T14:06:28.000Z,0.0,0.0,1.0,1.0,0.0,0.0,1.0,0.0,1.0,0.0,1.0,1.0,neutral,neutral,"['against', 'against']","['A3GUJ6JD25FX7O', 'A3OZ8KF0HWSVWK']"
stance_tweets_350,neutral,"#Section230 Communications Act @AjitPaiFCC “Social media companies have a First Amendment right to free speech.  But they do not have a First Amendment right to a special immunity denied to other media outlets, such as newspapers and broadcasters.” READ FULL STATEMENT https://t.co/k2kQbyxOIC",224335400,1316911046100193280,2020-10-16T01:17:15.000Z,0.0,0.0,1.0,1.0,0.0,0.0,1.0,0.0,1.0,0.0,1.0,1.0,neutral,neutral,"['in favor of', 'against']","['A2Q1YS118AO2BP', 'A3OZ8KF0HWSVWK']"
stance_tweets_351,neutral,"If Section 230 were repealed entirely, it would throw the Internet into chaos. It would also ironically solidify the monopoly power of the companies everyone is mad at: Facebook and Google. They have the armies of lawyers to figure out how to navigate a world without 230",4491811,1344671888052785154,2020-12-31T15:48:55.000Z,0.0,0.0,1.0,1.0,0.0,0.0,1.0,0.0,1.0,0.0,1.0,1.0,neutral,neutral,"['in favor of', 'in favor of']","['A2FCGEU5RTEWG8', 'A2Q1YS118AO2BP']"
stance_tweets_352,neutral,JOURNALISTS &amp; COMMENTATORS PLS NOTE: If covering Trump's executive order be sure to read this extremely helpful resource written by @ellanso last year: Clearing Up Misinformation about Section 230 https://t.co/u9Fvwke0kP via @CenDemTech,15810890,1265993473200721925,2020-05-28T13:08:59.000Z,0.0,0.0,1.0,1.0,0.0,0.0,1.0,0.0,1.0,0.0,1.0,1.0,neutral,neutral,"['neutral', 'neutral']","['A3EBUBRYCKB6AF', 'A3OZ8KF0HWSVWK']"
stance_tweets_353,against,"“Thank you Mr. President for calling for the immediate repeal of Section 230. If social platforms wish to CENSOR media, then they are “publishers” and should NOT have immunity. Social platforms’ arbitrary rules infringe upon the 1st Amend rights...” ~ Charles P Herring",42461462,1332362373999382529,2020-11-27T16:35:18.000Z,0.0,0.0,0.0,0.0,1.0,1.0,1.0,0.0,0.0,1.0,1.0,1.0,against,against,"['against', 'against']","['A2FCGEU5RTEWG8', 'A2IOT3PCS9G5RK']"
stance_tweets_354,against,"If you are going to opine as to the truth or falsity of that which is put on your platform for the sake of its viewers, you should not get the protections of Section 230.

You are not a platform, you are editorializing.

#TwitterFactCheck",3406532356,1265979329470701570,2020-05-28T12:12:47.000Z,0.0,0.0,0.0,0.0,1.0,1.0,1.0,0.0,0.0,1.0,1.0,1.0,against,against,"['neutral', 'against']","['A2IOT3PCS9G5RK', 'ACDX50KGPE97I']"
stance_tweets_355,neutral,"@Phyrseer @ToonNaughty No, the lawsuit is still taking place. It’s very obvious Twitter will lose because this is one thing where they are exempt from Section 230 protections. It’s still undecided how Twitter will handle the fallout of this case, but since the suit is coming from a notorious —",850087914532986880,1353445111015739394,2021-01-24T20:50:34.000Z,0.0,0.0,1.0,1.0,0.0,0.0,1.0,0.0,1.0,0.0,1.0,1.0,neutral,neutral,"['against', 'neutral']","['A2Q1YS118AO2BP', 'A3OZ8KF0HWSVWK']"
stance_tweets_356,neutral,"and he knows full well that his ignorant base of sycophantic followers will eat this up in the false belief that it actually means something and will somehow ""take away"" Section 230. It doesn't. It can't. It's nonsense.""",1016295990452727809,1266092886975750144,2020-05-28T19:44:01.000Z,0.0,0.0,1.0,1.0,0.0,0.0,1.0,0.0,1.0,0.0,1.0,1.0,neutral,neutral,"['against', 'in favor of']","['A1AZAC9CPBEP6K', 'A2Q1YS118AO2BP']"
stance_tweets_357,against,"NEW: A veto-proof majority in Congress is sending Trump a defense bill that addresses money laundering through anonymous shell companies, ignores his demand for Section 230 repeal, overrides his decision to withdraw troops from Germany, and renames Confederate military bases.",37270422,1334887108792569863,2020-12-04T15:47:42.000Z,0.0,0.0,0.0,0.0,1.0,1.0,1.0,0.0,0.0,1.0,1.0,1.0,against,against,"['neutral', 'in favor of', 'neutral', 'in favor of']","['A2IOT3PCS9G5RK', 'A2Q1YS118AO2BP', 'A1F1BIPJR11LSR', 'A2Q1YS118AO2BP']"
stance_tweets_358,neutral,"The Good Samaritan Clause inside #Section230 is NOT publishing privilege.

If Twitter and Facebook want to make money off the legal structure of a platform then they CANNOT make editorial decisions on user-generated content.

#Politics #Censorship #FreeSpeech #USpolitics #auspol",871162855898349568,1332326815810146309,2020-11-27T14:14:00.000Z,0.0,0.0,1.0,1.0,0.0,0.0,1.0,0.0,1.0,0.0,1.0,1.0,neutral,neutral,"['against', 'against']","['A2Q1YS118AO2BP', 'A3GUJ6JD25FX7O']"
stance_tweets_359,in favor of,Trump's attacks on Section 230 are an existential threat to human rights and Internet freedom. Progressive Democrats should be screaming their heads off about this. How the fuck is Ron Wyden the only member of Congress who seems to understand what this law does?,936032961232809985,1343998066333020160,2020-12-29T19:11:23.000Z,1.0,1.0,0.0,0.0,0.0,0.0,1.0,1.0,0.0,0.0,1.0,1.0,in favor of,in favor of,"['in favor of', 'in favor of']","['A3OZ8KF0HWSVWK', 'ACDX50KGPE97I']"
stance_tweets_360,against,"@realDonaldTrump House’s refusal to wind down Section 230 for Big Tech shows they care more about Big Tech than working Americans.  
 
Will @SpeakerPelosi refuse to allow a vote to repeal Section 230 because Democrats are in Big Tech’s pocket?",1327092974,1341882786702098435,2020-12-23T23:06:01.000Z,0.0,0.0,0.0,0.0,1.0,1.0,1.0,0.0,0.0,1.0,1.0,1.0,against,against,"['against', 'against']","['A2FCGEU5RTEWG8', 'A3OZ8KF0HWSVWK']"
stance_tweets_361,against,".@Google/@YouTube, under false and non-sensical pretenses, doubles down on election intervention and political censorship against @RealDonaldTrump to help Joe Biden -- the day after President Trump officially threatens veto over Section 230 reform. https://t.co/AIkTDqfQVT",761454523751600129,1336723788759752704,2020-12-09T17:26:01.000Z,0.0,0.0,0.0,0.0,1.0,1.0,1.0,0.0,0.0,1.0,1.0,1.0,against,against,"['against', 'neutral']","['A2Q1YS118AO2BP', 'A35BY30TC8WCL4']"
stance_tweets_362,against,"President Trump Goes After Big Tech: ""For Purposes of National Security, Section 230 Must be Immediately Terminated!!!"" https://t.co/VMS3FFTuiC via @gatewaypundit FUCK YOU TWITTER AND FACEBOOK",968662418141450245,1332666663532105731,2020-11-28T12:44:26.000Z,0.0,0.0,0.0,0.0,1.0,1.0,1.0,0.0,0.0,1.0,1.0,1.0,against,against,"['against', 'against']","['A2Q1YS118AO2BP', 'A3OZ8KF0HWSVWK']"
stance_tweets_363,neutral,"@realDonaldTrump Trump signed an EO on Thursday that interprets Section 230 of the Communications Decency Act of 1996 (CDA) as not providing statutory liability protections for tech companies that engage in censorship and political conduct.https://t.co/HcSS4nrava
#230",764105871416700929,1266196054598393857,2020-05-29T02:33:58.000Z,0.0,0.0,1.0,1.0,0.0,0.0,1.0,0.0,1.0,0.0,1.0,1.0,neutral,neutral,"['neutral', 'against']","['A2IOT3PCS9G5RK', 'A2Q1YS118AO2BP']"
stance_tweets_364,against,"House Minority Leader Kevin McCarthy just blasted Facebook and Twitter, saying “Section 230 in its current form is no longer working… time to scrap the law and start over.""",1310062096411885571,1316786211743100928,2020-10-15T17:01:12.000Z,0.0,0.0,0.0,0.0,1.0,1.0,1.0,0.0,0.0,1.0,1.0,1.0,against,against,"['in favor of', 'against']","['A2Q1YS118AO2BP', 'A3GUJ6JD25FX7O']"
stance_tweets_365,neutral,@MaggieL @Kallistos @DavidJFoord @stillgray @RosHariMIA What does section 230 have to do with this? Just curious.,1273237929788309504,1316650517884530688,2020-10-15T08:02:00.000Z,0.0,0.0,1.0,1.0,0.0,0.0,1.0,0.0,1.0,0.0,1.0,1.0,neutral,neutral,"['neutral', 'in favor of']","['A2IOT3PCS9G5RK', 'A2Q1YS118AO2BP']"
stance_tweets_366,against,"@JoeBiden Trump MUST be re-elected. We MUST vote in GOP in the House, keep the Senate and we MUST eliminate Section 230 protections for big tech social media! Social media &amp; Corporate America will kill our free speech! BLM is a Marxist group looking to DESTROY USA!
https://t.co/R37Qi2rlNy",2396804441,1276326885899853824,2020-06-26T01:30:17.000Z,0.0,0.0,0.0,0.0,1.0,1.0,1.0,0.0,0.0,1.0,1.0,1.0,against,against,"['against', 'in favor of']","['A2IOT3PCS9G5RK', 'A2Q1YS118AO2BP']"
stance_tweets_367,neutral,"The subpoenas aim to force Mark Zuckerberg (of Facebook), Sundar Pichai (of Google) and Jack Dorsey (of Twitter) to testify about the legal immunity the law affords tech platforms under Section 230 of the Communications Act of 1934. https://t.co/Gqxm0ZBuVf",1214848589567889408,1312905156606869504,2020-10-04T23:59:16.000Z,0.0,0.0,1.0,1.0,0.0,0.0,1.0,0.0,1.0,0.0,1.0,1.0,neutral,neutral,"['neutral', 'neutral']","['A2IOT3PCS9G5RK', 'A37WDOIQH6JM6V']"
stance_tweets_368,against,Zuckerberg And Facebook Throw The Open Internet Under The Bus; Support Section 230 Reform https://t.co/sHren2LJOu https://t.co/gfgzVSSX39,67657823,1321436873793949696,2020-10-28T13:01:16.000Z,0.0,0.0,0.0,0.0,1.0,1.0,1.0,0.0,0.0,1.0,1.0,1.0,against,against,"['in favor of', 'in favor of']","['A2JPOXYZM5AJZZ', 'A2Q1YS118AO2BP']"
stance_tweets_369,neutral,"If you’d like a good explainer on why you’re wrong about Section 230 (or just want to better understand it), check out @mmasnick’s great piece at @techdirt. https://t.co/rqQs1jGea4",826548437172772866,1334685357720432640,2020-12-04T02:26:01.000Z,0.0,0.0,1.0,1.0,0.0,0.0,1.0,0.0,1.0,0.0,1.0,1.0,neutral,neutral,"['against', 'neutral']","['A2Q1YS118AO2BP', 'A3OZ8KF0HWSVWK']"
stance_tweets_370,neutral,@realDonaldTrump You do know that section 230 is the main reason you are still allowed to be on twitter?,1264262022675550210,1334136942473207813,2020-12-02T14:06:48.000Z,0.0,0.0,1.0,1.0,0.0,0.0,1.0,0.0,1.0,0.0,1.0,1.0,neutral,neutral,"['in favor of', 'against']","['A2IOT3PCS9G5RK', 'A2Q1YS118AO2BP']"
stance_tweets_371,neutral,"@SmilingJocker @SolFx1 @Fxhedgers There is minor issue of section 230 (was it repealed in the latest NDAA ?) and of precedent... Be careful what you whish for, very slippery slope",54266389,1347686945510596608,2021-01-08T23:29:41.000Z,0.0,0.0,1.0,1.0,0.0,0.0,1.0,0.0,1.0,0.0,1.0,1.0,neutral,neutral,"['in favor of', 'neutral']","['A2Q1YS118AO2BP', 'A3OZ8KF0HWSVWK']"
stance_tweets_372,neutral,"Trump is not an ally in the fight for $2,000 checks. He's explicitly tied them to poison pills like a repeal of Section 230 and election fraud investigations that he *knows* won't work for Democrats.

Until he demands a clean bill, he's only looking out for himself.",1099701111416442880,1344014171038347264,2020-12-29T20:15:23.000Z,0.0,0.0,1.0,1.0,0.0,0.0,1.0,0.0,1.0,0.0,1.0,1.0,neutral,neutral,"['in favor of', 'neutral']","['A2Q1YS118AO2BP', 'A3EBUBRYCKB6AF']"
stance_tweets_373,neutral,@josh_hammer We all did. And we can't figure out how to undo it.  Brainless rants about Section 230 don't help -- no answer there.,4892358250,1347622886899658752,2021-01-08T19:15:08.000Z,0.0,0.0,1.0,1.0,0.0,0.0,1.0,0.0,1.0,0.0,1.0,1.0,neutral,neutral,"['neutral', 'neutral']","['A2Q1YS118AO2BP', 'A3GUJ6JD25FX7O']"
stance_tweets_374,against,"@jack, @twitter, and @Facebook allow people to share mainstream news, as long as it fits the liberal narrative, but flags anything that goes against the democrat party.  It is time to remove section 230.",2760886906,1329375862244978690,2020-11-19T10:47:58.000Z,0.0,0.0,0.0,0.0,1.0,1.0,1.0,0.0,0.0,1.0,1.0,1.0,against,against,"['against', 'in favor of']","['A2IOT3PCS9G5RK', 'A2Q1YS118AO2BP']"
stance_tweets_375,against,"Twitter’s decision to ban the president—all while Iran’s Ayatollah Khamenei, China’s propaganda arm, Venezuelan dictator Nicolás Maduro, &amp; many others use the platform to amplify hate &amp; violence—is wrong &amp; further reinforces the urgent need to reform Section 230 exemptions. (1/2)",3224737154,1348370891823063040,2021-01-10T20:47:26.000Z,0.0,0.0,0.0,0.0,1.0,1.0,1.0,0.0,0.0,1.0,1.0,1.0,against,against,"['in favor of', 'against']","['A2Q1YS118AO2BP', 'ACDX50KGPE97I']"
stance_tweets_376,against,"Section 230 must be repealed.

https://t.co/arYSpQzGQE",821273219038584832,1347923939356454912,2021-01-09T15:11:25.000Z,0.0,0.0,0.0,0.0,1.0,1.0,1.0,0.0,0.0,1.0,1.0,1.0,against,against,"['against', 'neutral']","['A2IOT3PCS9G5RK', 'A2Q1YS118AO2BP']"
stance_tweets_377,neutral,"1/ ""I haven't educated myself at all on the details of this, but allow me to stake my point on it anyway"" is not exactly the sign of a thoughtful person. 

But it *is* a good sign you're about to get a bad #Section230 take.

https://t.co/kippGYYKTD https://t.co/gYVA1g1C6M",33221250,1350600553630486528,2021-01-17T00:27:19.000Z,0.0,0.0,1.0,1.0,0.0,0.0,1.0,0.0,1.0,0.0,1.0,1.0,neutral,neutral,"['against', 'neutral']","['A2Q1YS118AO2BP', 'A3OZ8KF0HWSVWK']"
stance_tweets_378,against,@zackfox This is why we need to abolish section 230.,797484673949696000,1340367091904491520,2020-12-19T18:43:12.000Z,0.0,0.0,0.0,0.0,1.0,1.0,1.0,0.0,0.0,1.0,1.0,1.0,against,against,"['against', 'against']","['A2Q1YS118AO2BP', 'A3OZ8KF0HWSVWK']"
stance_tweets_379,against,"@Vote2saveUS @ggreenwald @ryangrim Agreed. The special measure to stop this war on America by global tech companies is to abolish Section 230, and break up the monopolies.",47259148,1348791968751636480,2021-01-12T00:40:39.000Z,0.0,0.0,0.0,0.0,1.0,1.0,1.0,0.0,0.0,1.0,1.0,1.0,against,against,"['against', 'in favor of']","['A2IOT3PCS9G5RK', 'A2Q1YS118AO2BP']"
stance_tweets_380,against,"Section 230 is a gift to tech companies, placing them above the law; furthermore, our adversaries have begun to use its expansive protections to undermine America’s national security. (3/4)",1330175521251012615,1342020228373499904,2020-12-24T08:12:10.000Z,0.0,0.0,0.0,0.0,1.0,1.0,1.0,0.0,0.0,1.0,1.0,1.0,against,against,"['against', 'against']","['A2FCGEU5RTEWG8', 'A2IOT3PCS9G5RK']"
stance_tweets_381,against,"President @realDonaldTrump is right—Big Tech needs to be reined in and I will vote with the President when Section 230 reform is on the Senate floor. Far too many conservative voices have been silenced by tech companies, and we must fight to preserve the First Amendment. (1/2)",1146683604,1345081814159941639,2021-01-01T18:57:49.000Z,0.0,0.0,0.0,0.0,1.0,1.0,1.0,0.0,0.0,1.0,1.0,1.0,against,against,"['against', 'against']","['A2FCGEU5RTEWG8', 'A2IOT3PCS9G5RK']"
stance_tweets_382,against,"Trump Threatens to Veto Defense Bill if Congress Does Not Repeal Section 230

Just think about what #BIGTech has been able to do with impunity... it's a whole new world. 

#stopcensorship 

https://t.co/myqOx323Qs",984565536557289472,1334144711343235074,2020-12-02T14:37:41.000Z,0.0,0.0,0.0,0.0,1.0,1.0,1.0,0.0,0.0,1.0,1.0,1.0,against,against,"['against', 'against']","['A2IOT3PCS9G5RK', 'A2Q1YS118AO2BP']"
stance_tweets_383,against,"I support President @realDonaldTrump's demand to increase direct payments for long-suffering Americans to $2,000 per person.  

And I also support his call to end Section 230 Big Tech legal liability protections.  

Let’s vote.",138959398,1341947449271873537,2020-12-24T03:22:58.000Z,0.0,0.0,0.0,0.0,1.0,1.0,1.0,0.0,0.0,1.0,1.0,1.0,against,against,"['against', 'against', 'against', 'in favor of', 'against', 'in favor of']","['A2Q1YS118AO2BP', 'A3OZ8KF0HWSVWK', 'A2FCGEU5RTEWG8', 'A2Q1YS118AO2BP', 'A2IOT3PCS9G5RK', 'A2Q1YS118AO2BP']"
stance_tweets_384,against,"@MarshaBlackburn  @BillHagertyTN  #Do something about big Tech and section 230 . Or can you only stab the people who helped you in the back ? 
RT if you agree 
@DonaldJTrumpJr  @RepMattGaetz @RudyGiuliani @Jim_Jordan",1267152616846495744,1348836917257916418,2021-01-12T03:39:15.000Z,0.0,0.0,0.0,0.0,1.0,1.0,1.0,0.0,0.0,1.0,1.0,1.0,against,against,"['in favor of', 'against']","['A2Q1YS118AO2BP', 'A3EBUBRYCKB6AF']"
stance_tweets_385,neutral,"In his first big speech as a commissioner at @FSFthinktank, @SimingtonFCC suggests that most major tech reform issues, seemingly Section 230 and net neutrality, should be decided by Congress, ""not the FCC, as a matter of democratic accountability and legitimacy."" https://t.co/ufLyy1poaL https://t.co/EjIocHp6q6 Delighted to appear @FSFthinktank with Randolph May today!  Link to my remarks below: https://t.co/v2Bngvp69C",822242253712322560,1361757674837270534,2021-02-16T19:21:44.000Z,0.0,0.0,1.0,1.0,0.0,0.0,1.0,0.0,1.0,0.0,1.0,1.0,neutral,neutral,"['in favor of', 'against']","['A2JPOXYZM5AJZZ', 'A2Q1YS118AO2BP']"
stance_tweets_386,against,"@JonSCollins Hypocrite!.  I'm happy as a Walkaway, new MAGA member. 
DemocRats so unhinged.  Break up Big Tech!!!  Rescind Section 230.  Trump was cheated.  We, the People, were defrauded by DemocRats, Big Tech, &amp; MSM. The political pendulum will swing the other way; history proves it.",1011259716566020096,1348325908164214785,2021-01-10T17:48:41.000Z,0.0,0.0,0.0,0.0,1.0,1.0,1.0,0.0,0.0,1.0,1.0,1.0,against,against,"['against', 'against']","['A1AZAC9CPBEP6K', 'A2IOT3PCS9G5RK']"
stance_tweets_387,against,@EricTrump @Brenro4 @realDonaldTrump No more $ to foreign entities. Section 230 has to go. Do not cripple the Insurrection Act. I stand with President @realDonaldTrump,1166903576884588544,1341758985603604484,2020-12-23T14:54:05.000Z,0.0,0.0,0.0,0.0,1.0,1.0,1.0,0.0,0.0,1.0,1.0,1.0,against,against,"['against', 'against']","['A32CMQGGTSUK6Z', 'A3EBUBRYCKB6AF']"
stance_tweets_388,neutral,@heather_owen1 @JuddPDeere45 Does Trump realize they repeal Section 230 social media will become liable for the libel he tweets?,326921489,1343392747386974208,2020-12-28T03:06:04.000Z,0.0,0.0,1.0,1.0,0.0,0.0,1.0,0.0,1.0,0.0,1.0,1.0,neutral,neutral,"['in favor of', 'in favor of']","['A2Q1YS118AO2BP', 'A3OZ8KF0HWSVWK']"
stance_tweets_389,neutral,"Noah Hale, ‘Section 230: The Valyrian Steel For Website Operators, And Why A Tax Credit Is The Best Solution To A S https://t.co/cAmJIRCvb2",1080059342609698816,1349374232187252736,2021-01-13T15:14:21.000Z,0.0,0.0,1.0,1.0,0.0,0.0,1.0,0.0,1.0,0.0,1.0,1.0,neutral,neutral,"['neutral', 'in favor of']","['A2IOT3PCS9G5RK', 'A2Q1YS118AO2BP']"
stance_tweets_390,in favor of,"@realDonaldTrump This section 230? The Communications DECENCY Act?
Why does it not surprise me that you would want to repeal Decency?

https://t.co/DqrjHTEjv3",27344379,1313536643102461953,2020-10-06T17:48:34.000Z,1.0,1.0,0.0,0.0,0.0,0.0,1.0,1.0,0.0,0.0,1.0,1.0,in favor of,in favor of,"['in favor of', 'neutral']","['A2IOT3PCS9G5RK', 'A2Q1YS118AO2BP']"
stance_tweets_391,neutral,"What is Section 230?

Section 230 of the 1996 Communications Decency Act, is a law that protects online platforms such as YouTube, Facebook, and Twitter from being held liable for content generated by users, in the way newspapers are liable for articles they publish.

#Section230 https://t.co/MWB6x569MB",1298624540243668995,1332747874807934977,2020-11-28T18:07:09.000Z,0.0,0.0,1.0,1.0,0.0,0.0,1.0,0.0,1.0,0.0,1.0,1.0,neutral,neutral,"['neutral', 'neutral']","['A37WDOIQH6JM6V', 'ACDX50KGPE97I']"
stance_tweets_392,neutral,"Senate GOP: Upholds Section 230

Also Senate GOP: Waaaah Big Tech is censoring us!",286680192,1345137400217911297,2021-01-01T22:38:42.000Z,0.0,0.0,1.0,1.0,0.0,0.0,1.0,0.0,1.0,0.0,1.0,1.0,neutral,neutral,"['neutral', 'neutral']","['A2IOT3PCS9G5RK', 'A2Q1YS118AO2BP']"
stance_tweets_393,neutral,"Do conservatives realize that, without Section 230, tech companies would have to take down their racist hate speech for fear of being sued when one of these white boys goes all mass shooter?
Does @realDonaldTrump get that?",2507431343,1266232517826248704,2020-05-29T04:58:52.000Z,0.0,0.0,1.0,1.0,0.0,0.0,1.0,0.0,1.0,0.0,1.0,1.0,neutral,neutral,"['in favor of', 'against']","['A3OZ8KF0HWSVWK', 'ACDX50KGPE97I']"
stance_tweets_394,neutral,"Section 230 protects anyone who maintains a website with comments, a message boards or newsgroups, or even anyone who forwards email. It's a mistake to say that specific tech companies are the only—or even the majority—of those online services it protects.
https://t.co/77lS0pGW6X",1200565091655192576,1334356579563474945,2020-12-03T04:39:34.000Z,0.0,0.0,1.0,1.0,0.0,0.0,1.0,0.0,1.0,0.0,1.0,1.0,neutral,neutral,"['in favor of', 'in favor of']","['A2IOT3PCS9G5RK', 'A2Q1YS118AO2BP']"
stance_tweets_395,against,"Big Tech is blatantly trying to suppress free speech and prop up Joe Biden's campaign. 

Now is the time to scrap their Section 230 protections and start over. https://t.co/02uzonmRoc",773629373677174784,1320362080327917571,2020-10-25T13:50:25.000Z,0.0,0.0,0.0,0.0,1.0,1.0,1.0,0.0,0.0,1.0,1.0,1.0,against,against,"['against', 'against']","['A2IOT3PCS9G5RK', 'ACDX50KGPE97I']"
stance_tweets_396,neutral,"As I have explained countless times, repealing #Section230 will result in one of two outcomes:

1. NO blocking or filtering, in which case social media will be overwhelmed with porn.

2. WAY tighter blocking and filtering, in which there will be no political discourse at all.",25916881,1344397894238031872,2020-12-30T21:40:10.000Z,0.0,0.0,1.0,1.0,0.0,0.0,1.0,0.0,1.0,0.0,1.0,1.0,neutral,neutral,"['against', 'in favor of']","['A2Q1YS118AO2BP', 'A3GUJ6JD25FX7O']"
stance_tweets_397,against,"""Today, on behalf of the Trump Administration, the Department of Justice sent draft legislation to Congress to reform Section 230 of the Communications Decency Act."" https://t.co/0LYLAMz4pJ The Justice Department Unveils Proposed Section 230 Legislation on Behalf of the Administration https://t.co/amrc4Ny1EJ",1072056308,1308805030619893760,2020-09-23T16:26:50.000Z,0.0,0.0,0.0,0.0,1.0,1.0,1.0,0.0,0.0,1.0,1.0,1.0,against,against,"['neutral', 'in favor of']","['A2IOT3PCS9G5RK', 'A2Q1YS118AO2BP']"
stance_tweets_398,neutral,Let me get this straight. Joe Biden who wants to be POTUS has a crack-addicted son who was the bagman for “the big guy” and evidence of such has just been made available. And that evidence is being kept from the American people by social media who only exist via #Section230.,703832021957619712,1317727673121087489,2020-10-18T07:22:14.000Z,0.0,0.0,1.0,1.0,0.0,0.0,1.0,0.0,1.0,0.0,1.0,1.0,neutral,neutral,"['in favor of', 'against']","['A2Q1YS118AO2BP', 'A3OZ8KF0HWSVWK']"
stance_tweets_399,neutral,"If Section 230 is revoked, then all social media networks would be forced to kick Trump off immediately. Which begs the question... Does @LindseyGrahamSC want @realDonaldTrump kicked off social media?? Bold move Lindsey!!!",753776027709472769,1341832036957511687,2020-12-23T19:44:22.000Z,0.0,0.0,1.0,1.0,0.0,0.0,1.0,0.0,1.0,0.0,1.0,1.0,neutral,neutral,"['in favor of', 'in favor of', 'in favor of', 'in favor of']","['A2Q1YS118AO2BP', 'A3GUJ6JD25FX7O', 'A2Q1YS118AO2BP', 'A3OZ8KF0HWSVWK']"
stance_tweets_400,neutral,"Ted Cruz knows how Section 230 works.  He knows how every court has interpreted it.  He's lying about its provisions, significance, and history.  Stop engaging with him like it's an honest debate.",830886553123700736,1266461812200964098,2020-05-29T20:10:00.000Z,0.0,0.0,1.0,1.0,0.0,0.0,1.0,0.0,1.0,0.0,1.0,1.0,neutral,neutral,"['against', 'against']","['A2Q1YS118AO2BP', 'A3GUJ6JD25FX7O']"
stance_tweets_401,against,"Companies like Facebook and Twitter have special protections in something called #Section230. But Big Tech is abusing those protections and choosing to censor Americans with different political views.

It is time to #Scrap230 and start over. https://t.co/IaX8AZCJ9N",1304841342384734208,1317037473114017793,2020-10-16T09:39:37.000Z,0.0,0.0,0.0,0.0,1.0,1.0,1.0,0.0,0.0,1.0,1.0,1.0,against,against,"['against', 'against', 'against', 'in favor of']","['A3OZ8KF0HWSVWK', 'ACDX50KGPE97I', 'A2IOT3PCS9G5RK', 'A2Q1YS118AO2BP']"
stance_tweets_402,neutral,"Barrage of Section 230 bills, inbound https://t.co/WMXkssHATy",158007643,1266373813958107138,2020-05-29T14:20:19.000Z,0.0,0.0,1.0,1.0,0.0,0.0,1.0,0.0,1.0,0.0,1.0,1.0,neutral,neutral,"['neutral', 'neutral']","['A2IOT3PCS9G5RK', 'A2Q1YS118AO2BP']"
stance_tweets_403,neutral,"I swear this is exhausting. On a daily basis powerful lawmakers misrepresent a relatively simple law. If you don't like the law, say so, but don't imply that it says something it doesn't. And don't imply your issue with with #Section230 when it's actually with the First Amendment https://t.co/vH5Rgak1ng",467216368,1318999636040949768,2020-10-21T19:36:33.000Z,0.0,0.0,1.0,1.0,0.0,0.0,1.0,0.0,1.0,0.0,1.0,1.0,neutral,neutral,"['in favor of', 'against']","['A2JPOXYZM5AJZZ', 'A2Q1YS118AO2BP']"
stance_tweets_404,in favor of,"Facebook and Twitter CEOs warn against demolishing Section 230, the law that shields tech giants https://t.co/CItuLmTTxE by @alexiskweed https://t.co/7Y6eG19YoZ",61612640,1332822720371953666,2020-11-28T23:04:33.000Z,1.0,1.0,0.0,0.0,0.0,0.0,1.0,1.0,0.0,0.0,1.0,1.0,in favor of,in favor of,"['neutral', 'neutral']","['A2FCGEU5RTEWG8', 'A2Q1YS118AO2BP']"
stance_tweets_405,neutral,"In DC, restricting access to public accommodations based on political affiliation is prohibited under the DC Human Rights Act. Does Section 230 exempt @Twitter from this and similar laws?",728255524303740928,1347779308618706944,2021-01-09T05:36:42.000Z,0.0,0.0,1.0,1.0,0.0,0.0,1.0,0.0,1.0,0.0,1.0,1.0,neutral,neutral,"['in favor of', 'neutral', 'in favor of', 'neutral', 'in favor of', 'neutral', 'against', 'neutral', 'in favor of', 'neutral']","['A2Q1YS118AO2BP', 'A3OZ8KF0HWSVWK', 'A2Q1YS118AO2BP', 'A3GUJ6JD25FX7O', 'A2Q1YS118AO2BP', 'A3EBUBRYCKB6AF', 'A2Q1YS118AO2BP', 'A3OZ8KF0HWSVWK', 'A2Q1YS118AO2BP', 'A3OZ8KF0HWSVWK']"
stance_tweets_406,in favor of,"STATEMENT: if Democrats control the Senate they have no excuse. Time to

-restore net neutrality
-ban facial recognition
-end Big Tech data harvesting
-protect Section 230
-end police surveillance
-stop attacking cryptocurrencies
-fix the DMCA
-and more

https://t.co/UfDosRuv65",4464797974,1346850718674771968,2021-01-06T16:06:49.000Z,1.0,1.0,0.0,0.0,0.0,0.0,1.0,1.0,0.0,0.0,1.0,1.0,in favor of,in favor of,"['in favor of', 'in favor of']","['A2FCGEU5RTEWG8', 'A32CMQGGTSUK6Z']"
stance_tweets_407,neutral,"Lindsey Graham seems to be ok with combining the section 230 issue with the stimulus boost. He says if Republicans lose Georgia, Biden will just send through a larger stimulus. https://t.co/pPhQLLqXsx",2655144752,1344114759826694144,2020-12-30T02:55:05.000Z,0.0,0.0,1.0,1.0,0.0,0.0,1.0,0.0,1.0,0.0,1.0,1.0,neutral,neutral,"['neutral', 'in favor of']","['A2IOT3PCS9G5RK', 'A2Q1YS118AO2BP']"
stance_tweets_408,against,"Wildy out of control. To be frank, repealing section 230 isn't enough, but maybe it's the start of what is. https://t.co/QBe1bIVtps .@Twitter has suspended The Plot Against The President account, here is statement from producers. #ObamaGateAintGoingAway https://t.co/XCt98FubaJ",2957834513,1332099391755313152,2020-11-26T23:10:18.000Z,0.0,0.0,0.0,0.0,1.0,1.0,1.0,0.0,0.0,1.0,1.0,1.0,against,against,"['against', 'against']","['A2IOT3PCS9G5RK', 'A2Q1YS118AO2BP']"
stance_tweets_409,against,Trump says he’ll veto defense bill unless Section 230 is terminated https://t.co/nJYRU9PXBh #FoxNews,1112126981003456513,1334225307700752384,2020-12-02T19:57:56.000Z,0.0,0.0,0.0,0.0,1.0,1.0,1.0,0.0,0.0,1.0,1.0,1.0,against,against,"['against', 'neutral']","['A2Q1YS118AO2BP', 'A3OZ8KF0HWSVWK']"
stance_tweets_410,against,Section 230? Get rid of it?,21323832,1332424027156013057,2020-11-27T20:40:17.000Z,0.0,0.0,0.0,0.0,1.0,1.0,1.0,0.0,0.0,1.0,1.0,1.0,against,against,"['neutral', 'neutral']","['A2Q1YS118AO2BP', 'A3EBUBRYCKB6AF']"
stance_tweets_411,neutral,I thought Section 230 was Stacey Abrams’ waistline.,88851341,1334226683793182721,2020-12-02T20:03:24.000Z,0.0,0.0,1.0,1.0,0.0,0.0,1.0,0.0,1.0,0.0,1.0,1.0,neutral,neutral,"['against', 'against']","['A2Q1YS118AO2BP', 'A3OZ8KF0HWSVWK']"
stance_tweets_412,neutral,"This is a win for congressional leaders, especially Pelosi &amp; Schumer. Trump gets a vote Dems wanted anyway. Section 230 will remain intact. A “redlined” document from Trump (that’s not even a real thing) or his rescissions mean nothing since he’s gone on Jan. 20. https://t.co/ybHjtTITUh",62956202,1343383078056710145,2020-12-28T02:27:39.000Z,0.0,0.0,1.0,1.0,0.0,0.0,1.0,0.0,1.0,0.0,1.0,1.0,neutral,neutral,"['neutral', 'in favor of']","['A2IOT3PCS9G5RK', 'A2Q1YS118AO2BP']"
stance_tweets_413,neutral,"""Platforms in the U.S. are currently shielded from similar government-led attacks for third-party content by Section 230 of the Communications Act, though both 2020 presidential candidates have asked for the repeal of the so-called ""First Amendment of the internet.""

Fuck. https://t.co/SVNdK8ZnU6",165111477,1281386509195714560,2020-07-10T00:35:25.000Z,0.0,0.0,1.0,1.0,0.0,0.0,1.0,0.0,1.0,0.0,1.0,1.0,neutral,neutral,"['against', 'in favor of']","['A2JPOXYZM5AJZZ', 'A2Q1YS118AO2BP']"
stance_tweets_414,against,"Canceling conservative speech is hostile to the free speech foundation America was built on.

There is no reason why social media organizations that pick &amp; choose which speech they allow to be protected by the liability protections in 47 US Code Section 230.

230 must be repealed",813849597940482048,1348450391369900032,2021-01-11T02:03:20.000Z,0.0,0.0,0.0,0.0,1.0,1.0,1.0,0.0,0.0,1.0,1.0,1.0,against,against,"['against', 'in favor of']","['A2IOT3PCS9G5RK', 'A2Q1YS118AO2BP']"
stance_tweets_415,against,"@realDonaldTrump Private company owned social media made this election rigged. Veto Section 230

@cctip_io airdrop 200 doge 200 https://t.co/5yTKI4N0JF",1202936346563756032,1337726822935629824,2020-12-12T11:51:43.000Z,0.0,0.0,0.0,0.0,1.0,1.0,1.0,0.0,0.0,1.0,1.0,1.0,against,against,"['against', 'against']","['A2Q1YS118AO2BP', 'A3OZ8KF0HWSVWK']"
stance_tweets_416,against,"@realDonaldTrump We have a Defense Department to protect our liberty, but our liberty is at risk if we don’t change Section 230.",894214978823004160,1334953465852792837,2020-12-04T20:11:23.000Z,0.0,0.0,0.0,0.0,1.0,1.0,1.0,0.0,0.0,1.0,1.0,1.0,against,against,"['against', 'against', 'in favor of', 'against']","['A2FCGEU5RTEWG8', 'A2Q1YS118AO2BP', 'A2Q1YS118AO2BP', 'ACDX50KGPE97I']"
stance_tweets_417,neutral,"In lieu of ACB's ascension to SCOTUS, it appears Justice Thomas is boldly signaling an invitation from the high court for a challenge to Section 230.

CC @realDonaldTrump",4312282894,1316584094780674054,2020-10-15T03:38:03.000Z,0.0,0.0,1.0,1.0,0.0,0.0,1.0,0.0,1.0,0.0,1.0,1.0,neutral,neutral,"['neutral', 'in favor of']","['A2IOT3PCS9G5RK', 'A2Q1YS118AO2BP']"
stance_tweets_418,neutral,ALERT:  IF YOU HEAR that the DEMS have voted down the $2000 KNOW WHY...It's because TRUMP &amp; MITCH now want it TIED IT TO THE REPEAL OF SECTION 230 &amp; why because TRUMP DOESN'T LIKE HAVING HIS LIES POINTED OUT BY SOCIAL MEDIA! HE IS TRYING TO DICTATE HOW THEY SHOULD RUN THEIR SITES https://t.co/KHM93k36di Trump and McConnell are linking the $2000 relief to a repeal of Section 230 and election fraud investigations. They don't want to help... they want to make the Democrats look bad for voting it down. No one will see this money as long as McConnell is in charge.,562518183,1344014065392353283,2020-12-29T20:14:58.000Z,0.0,0.0,1.0,1.0,0.0,0.0,1.0,0.0,1.0,0.0,1.0,1.0,neutral,neutral,"['in favor of', 'in favor of']","['A2Q1YS118AO2BP', 'A3GUJ6JD25FX7O']"
stance_tweets_419,neutral,@kylenabecker Damn how much money did big tech give these politicians to not deal with section 230,1294698406548561922,1343912485066305537,2020-12-29T13:31:19.000Z,0.0,0.0,1.0,1.0,0.0,0.0,1.0,0.0,1.0,0.0,1.0,1.0,neutral,neutral,"['against', 'against']","['A2Q1YS118AO2BP', 'A3GUJ6JD25FX7O']"
stance_tweets_420,against,"good. the Facebook and Twitter censorship in this election is a turning point. but memo to Senators: Section 230 repeal is not enough. especially with Facebook, the problem is dominance - it must be BROKEN UP
#PositivePopulism https://t.co/fC1jljZLhp",856667538637430786,1319361100304048128,2020-10-22T19:32:53.000Z,0.0,0.0,0.0,0.0,1.0,1.0,1.0,0.0,0.0,1.0,1.0,1.0,against,against,"['against', 'against']","['A2Q1YS118AO2BP', 'A3OZ8KF0HWSVWK']"
stance_tweets_421,neutral,"Take your Executive Order and shove it, Trump.

We're going to keep telling the truth about you.

On Twitter &amp; everywhere else.

GET USED TO IT.

#RichMitch #MinneapolisRiots #DeleteFacebook Scott Baio Section 230 Jennifer Fairness Target Pennsylvania Democrats Swalwell Andy Ngo https://t.co/LJUGxfOZu7",48797605,1266065932532752384,2020-05-28T17:56:55.000Z,0.0,0.0,1.0,1.0,0.0,0.0,1.0,0.0,1.0,0.0,1.0,1.0,neutral,neutral,"['neutral', 'against']","['A3OZ8KF0HWSVWK', 'ACDX50KGPE97I']"
stance_tweets_422,neutral,"@OneGravitas @cjane87 @TPCarney Section 230 frees websites from the obligation to censor and moderate their users' speech. That's the whole point.

Getting rid of Section 230 would cause a vast amount of websites to shut down comment sections and message boards because they literally couldn't handle it.",450836562,1268604750506885120,2020-06-04T18:05:16.000Z,0.0,0.0,1.0,1.0,0.0,0.0,1.0,0.0,1.0,0.0,1.0,1.0,neutral,neutral,"['neutral', 'in favor of']","['A2Q1YS118AO2BP', 'A3OZ8KF0HWSVWK']"
stance_tweets_423,against,It's Happening... Bill Barr's DOJ to Propose Rolling Back Big Tech Section 230 Protections - Opening Door to Lawsuits https://t.co/K4mbG8huj8 via @gatewaypundit,16252092,1273369545290338304,2020-06-17T21:38:52.000Z,0.0,0.0,0.0,0.0,1.0,1.0,1.0,0.0,0.0,1.0,1.0,1.0,against,against,"['in favor of', 'in favor of']","['A2Q1YS118AO2BP', 'A3GUJ6JD25FX7O']"
stance_tweets_424,neutral,"Unfortunately for Twitter in this particular case they lose all Section 230 protection because of the FOSTA-SESTA amendment. 

I hope this goes to discovery. https://t.co/iVBSaaKIB4",2820011897,1370499522279903236,2021-03-12T22:18:43.000Z,0.0,0.0,1.0,1.0,0.0,0.0,1.0,0.0,1.0,0.0,1.0,1.0,neutral,neutral,"['neutral', 'against']","['A2IOT3PCS9G5RK', 'A2Q1YS118AO2BP']"
stance_tweets_425,against,I was just Suspended 7 days for no reason other than Supporting President Trump ! Any Republican that doesn’t Support getting ride of section 230 is just a RINO and should get the hell out of our Party ! #StopTheSteaI,706250022678085636,1335042642397245448,2020-12-05T02:05:44.000Z,0.0,0.0,0.0,0.0,1.0,1.0,1.0,0.0,0.0,1.0,1.0,1.0,against,against,"['against', 'against']","['A2Q1YS118AO2BP', 'A3OZ8KF0HWSVWK']"
stance_tweets_426,against,"BREAKING:  Trump is ""Feeling Great"" as his Joint Chiefs of Staff contracts Covid, and he threatens to repeal Section 230 because Facebook and Twitter banned his ""harmful"" disinformation on COVID.

This is Trump's America!

Please Vote!",1309937921558970368,1313545683610337281,2020-10-06T18:24:30.000Z,0.0,0.0,0.0,0.0,1.0,1.0,1.0,0.0,0.0,1.0,1.0,1.0,against,against,"['against', 'in favor of', 'in favor of', 'in favor of']","['A2Q1YS118AO2BP', 'A3GUJ6JD25FX7O', 'A2Q1YS118AO2BP', 'A3OZ8KF0HWSVWK']"
stance_tweets_427,neutral,"You know what? Go ahead. Repeal Section 230 immunity. Please do.

Then I can watch and laugh as all these conservative advocates for it are shocked as they're banished from social media and platforms like Parler dissolve under threat of lawsuits.",888035528,1344089145648541696,2020-12-30T01:13:18.000Z,0.0,0.0,1.0,1.0,0.0,0.0,1.0,0.0,1.0,0.0,1.0,1.0,neutral,neutral,"['in favor of', 'in favor of', 'in favor of', 'in favor of']","['A2Q1YS118AO2BP', 'A3OZ8KF0HWSVWK', 'A2Q1YS118AO2BP', 'A3OZ8KF0HWSVWK']"
stance_tweets_428,neutral,"Remember this when the fools and demagogues try to sow doubt:

The only reason Trump’s Twitter account lasted this long was Section 230.",635841637,1347922730893639680,2021-01-09T15:06:36.000Z,0.0,0.0,1.0,1.0,0.0,0.0,1.0,0.0,1.0,0.0,1.0,1.0,neutral,neutral,"['in favor of', 'against', 'neutral', 'in favor of']","['A2IOT3PCS9G5RK', 'A2Q1YS118AO2BP', 'A2Q1YS118AO2BP', 'A3GUJ6JD25FX7O']"
stance_tweets_429,neutral,@redsteeze No they want a platform where they cannot be held liable for any violence or lawsuits that arise from Lebron’s Tweet. No section 230 means Twitter gets sued for this tweet.,1383124589232812036,1384968532014813188,2021-04-21T20:33:24.000Z,0.0,0.0,1.0,1.0,0.0,0.0,1.0,0.0,1.0,0.0,1.0,1.0,neutral,neutral,"['against', 'in favor of']","['A2Q1YS118AO2BP', 'A3OZ8KF0HWSVWK']"
stance_tweets_430,against,"Seriously, @JudiciaryGOP, going to do anything about this, besides Tweet?

Demand the end to Big Tech’s: 

- Antitrust Amnesty;

- Section 230 Immunity.

Those are 2 main reasons that Big Tech has the enormous power to silence or otherwise censor conservatives.

@The_IAP https://t.co/ppwUtUzYtY",83683140,1321838298592092160,2020-10-29T15:36:23.000Z,0.0,0.0,0.0,0.0,1.0,1.0,1.0,0.0,0.0,1.0,1.0,1.0,against,against,"['against', 'in favor of']","['A2FCGEU5RTEWG8', 'A2Q1YS118AO2BP']"
stance_tweets_431,neutral,"Did you know that Congress released FOUR DIFFERENT BILLS to undermine the open internet and Section 230 *this week*. And that's after 2 other bills (one in Congress, one from the DOJ) came out the prior week. Is this really a priority? https://t.co/afS5VKsLlN",13244772,1312494698888491008,2020-10-03T20:48:15.000Z,0.0,0.0,1.0,1.0,0.0,0.0,1.0,0.0,1.0,0.0,1.0,1.0,neutral,neutral,"['in favor of', 'against']","['A2IOT3PCS9G5RK', 'A2Q1YS118AO2BP']"
stance_tweets_432,neutral,"More headlines in a world without Section 230:

""Reddit moderator loses house in lawsuit after booting transphobe from LGBTQ subreddit."" 

""Wikipedia editor faces massive lawsuit from Dupont for adding environmental concerns to company entry""

""Lil Nas X sued over retweet, again""",19212550,1334008670565306368,2020-12-02T05:37:06.000Z,0.0,0.0,1.0,1.0,0.0,0.0,1.0,0.0,1.0,0.0,1.0,1.0,neutral,neutral,"['against', 'neutral']","['A2Q1YS118AO2BP', 'A3EBUBRYCKB6AF']"
stance_tweets_433,against,"Hey, @Twitter, how are you placing a ""disputed"" banner on this tweet? There is NOTHING DISPUTED about actual evidence of what is going on in the video. Repeal Section 230 now! https://t.co/89kHNekuBY",1323247027581558784,1334598878868467715,2020-12-03T20:42:23.000Z,0.0,0.0,0.0,0.0,1.0,1.0,1.0,0.0,0.0,1.0,1.0,1.0,against,against,"['against', 'against']","['A2Q1YS118AO2BP', 'A3OZ8KF0HWSVWK']"
stance_tweets_434,in favor of,"$2,000 checks, monthly
Restore net neutrality 
Ban facial recognition 
$15 / hr minimum wage 
Real climate action
Medicare for all
Data privacy legislation 
Keep Section 230
Antitrust Enforcement 
Repeal Hyde Amendment 
Decriminalize marijuana 
Defund police surveillance",27927988,1346763207344599041,2021-01-06T10:19:04.000Z,1.0,1.0,0.0,0.0,0.0,0.0,1.0,1.0,0.0,0.0,1.0,1.0,in favor of,in favor of,"['in favor of', 'in favor of']","['A2FCGEU5RTEWG8', 'A2IOT3PCS9G5RK']"
stance_tweets_435,against,"AG Barr joined @POTUS &amp; State Attorneys General at the @WhiteHouse for a discussion on protecting the American people against abuses by online platforms. 
 
Today DOJ also sent proposed Section 230 legislation reforms to Congress.  
 
https://t.co/KKYfM5uCZw https://t.co/Z9MYItShlr",54935632,1308941648802516993,2020-09-24T01:29:42.000Z,0.0,0.0,0.0,0.0,1.0,1.0,1.0,0.0,0.0,1.0,1.0,1.0,against,against,"['neutral', 'neutral']","['A2IOT3PCS9G5RK', 'ACDX50KGPE97I']"
stance_tweets_436,neutral,"@alexsalvinews @OANN Hopefully, Parler can sue Apple. Since Apple is not a social media company, I don't know that Apple benefits from section 230

By the way, how many products has Apple made in China using what amounts to slave labor?",395780014,1348092857987510274,2021-01-10T02:22:38.000Z,0.0,0.0,1.0,1.0,0.0,0.0,1.0,0.0,1.0,0.0,1.0,1.0,neutral,neutral,"['against', 'neutral']","['A2Q1YS118AO2BP', 'A3EBUBRYCKB6AF']"
stance_tweets_437,neutral,"Without Section 230, Twitter would likely shut down @realDonaldTrump over liability concerns. Read the law. https://t.co/L3zZP7AJ1P",497533911,1266719919598518272,2020-05-30T13:15:38.000Z,0.0,0.0,1.0,1.0,0.0,0.0,1.0,0.0,1.0,0.0,1.0,1.0,neutral,neutral,"['in favor of', 'neutral']","['A2IOT3PCS9G5RK', 'A2Q1YS118AO2BP']"
stance_tweets_438,neutral,"It's worth noting that if not for Section 230, Twitter and other social media companies would probably have to take down a lot more of Trump's content. https://t.co/8AEjDUsTEC",121603701,1313558076587347968,2020-10-06T19:13:44.000Z,0.0,0.0,1.0,1.0,0.0,0.0,1.0,0.0,1.0,0.0,1.0,1.0,neutral,neutral,"['in favor of', 'in favor of']","['A2IOT3PCS9G5RK', 'A2Q1YS118AO2BP']"
stance_tweets_439,neutral,"@goundbeans @MerrittChaz @ericowensdc @RolandChang12 @neontaster @ggreenwald @NoahCRothman There is no law that ""protects them as public utilities"" or days they can't be a publisher. Section 230 doesn't say that. Nothing says that.",1039158582430724097,1322003223050334214,2020-10-30T02:31:44.000Z,0.0,0.0,1.0,1.0,0.0,0.0,1.0,0.0,1.0,0.0,1.0,1.0,neutral,neutral,"['neutral', 'neutral']","['A2IOT3PCS9G5RK', 'A3OZ8KF0HWSVWK']"
stance_tweets_440,against,@TomFitton @dbongino @Twitter @realDonaldTrump Repeal section 230 now!,57847917,1337755625745506306,2020-12-12T13:46:10.000Z,0.0,0.0,0.0,0.0,1.0,1.0,1.0,0.0,0.0,1.0,1.0,1.0,against,against,"['against', 'against']","['A2Q1YS118AO2BP', 'A3OZ8KF0HWSVWK']"
stance_tweets_441,against,"EXACTLY how #Communism BEGINS!!
STOP THE MADNESS!
#SUPPRESSION ‼️‼️
#Section230 ABUSED!
Take it away!!
Losing OUR FREEDOMS!!
Add #FISA Also ABUSED!
@RandPaul @MikeLeeforUtah @SenTedCruz 
@HouseGOP @SenateGOP @senatemajldr https://t.co/WgOITdCugD",753462255023456256,1342359232402767872,2020-12-25T06:39:15.000Z,0.0,0.0,0.0,0.0,1.0,1.0,1.0,0.0,0.0,1.0,1.0,1.0,against,against,"['against', 'in favor of']","['A2IOT3PCS9G5RK', 'A2Q1YS118AO2BP']"
stance_tweets_442,neutral,Trump spent Thanksgiving night railing against Section 230 on Twitter as the #DiaperDon hashtag went viral | Business Insider https://t.co/Q3GKQ7Rask,264927909,1332390762097479680,2020-11-27T18:28:06.000Z,0.0,0.0,1.0,1.0,0.0,0.0,1.0,0.0,1.0,0.0,1.0,1.0,neutral,neutral,"['in favor of', 'in favor of']","['A1F1BIPJR11LSR', 'A2Q1YS118AO2BP']"
stance_tweets_443,against,"@GovRonDeSantis @floridachannel Trump MUST be re-elected. We MUST vote in GOP in the House, keep the Senate and we MUST eliminate Section 230 protections for big tech social media! Social media &amp; Corporate America will kill our free speech! BLM is a Marxist group looking to DESTROY USA!
https://t.co/lDvjmS1fXI-",1242363556248469507,1276233359962726401,2020-06-25T19:18:38.000Z,0.0,0.0,0.0,0.0,1.0,1.0,1.0,0.0,0.0,1.0,1.0,1.0,against,against,"['against', 'in favor of']","['A2IOT3PCS9G5RK', 'A2Q1YS118AO2BP']"
stance_tweets_444,neutral,"@LindseyGrahamSC @realDonaldTrump Lindsey, is there anything Trump could do that you WOULDN'T support? What does Section 230 have to do with the Defense bill? Don't be such a f**king pussy, Lindsey! Stand up for what's right!",1136694950488432640,1334929187879137280,2020-12-04T18:34:54.000Z,0.0,0.0,1.0,1.0,0.0,0.0,1.0,0.0,1.0,0.0,1.0,1.0,neutral,neutral,"['neutral', 'in favor of']","['A2Q1YS118AO2BP', 'A3GUJ6JD25FX7O']"
stance_tweets_445,neutral,"Tech titans face Section 230 questions on Capitol Hill, Xbox Series X unboxing video - CNET https://t.co/DIe2CUXVjA",629084145,1321786621394497536,2020-10-29T12:11:02.000Z,0.0,0.0,1.0,1.0,0.0,0.0,1.0,0.0,1.0,0.0,1.0,1.0,neutral,neutral,"['against', 'neutral']","['A2Q1YS118AO2BP', 'A3EBUBRYCKB6AF']"
stance_tweets_446,neutral,"Pres. Trump vetoed the defense spending bill.

The president pledged to veto the legislation if it did not include the nixing of Section 230, a provision protecting internet companies from being held liable for what third parties post on their platforms. https://t.co/kUJJlYikOF",899291946895716352,1342842978637914112,2020-12-26T14:41:29.000Z,0.0,0.0,1.0,1.0,0.0,0.0,1.0,0.0,1.0,0.0,1.0,1.0,neutral,neutral,"['neutral', 'in favor of']","['A2IOT3PCS9G5RK', 'A2Q1YS118AO2BP']"
stance_tweets_447,neutral,"Americans deserve relief without delay &amp; reforming Section 230 deserves its own debate. Making a lifeline for struggling families contingent on a half-baked, meat-axe evisceration of the law is cruel &amp; stupid.
https://t.co/rO8saZTXJB",930387494,1344059947512979461,2020-12-29T23:17:17.000Z,0.0,0.0,1.0,1.0,0.0,0.0,1.0,0.0,1.0,0.0,1.0,1.0,neutral,neutral,"['neutral', 'in favor of']","['A2IOT3PCS9G5RK', 'A2Q1YS118AO2BP']"
stance_tweets_448,against,"@JoeBiden Trump MUST be re-elected. We MUST vote in GOP in the House, keep the Senate and we MUST eliminate Section 230 protections for big tech social media! Social media &amp; Corporate America will kill our free speech! BLM is a Marxist group looking to DESTROY USA!
https://t.co/lf7N2fAEHn",711623943631851521,1318323713885032449,2020-10-19T22:50:41.000Z,0.0,0.0,0.0,0.0,1.0,1.0,1.0,0.0,0.0,1.0,1.0,1.0,against,against,"['in favor of', 'against']","['A2Q1YS118AO2BP', 'A37WDOIQH6JM6V']"
stance_tweets_449,against,I’m more determined than ever to strip Section 230 protections from Big Tech (Twitter) that let them be immune from lawsuits.,28674775,1347736595596783616,2021-01-09T02:46:58.000Z,0.0,0.0,0.0,0.0,1.0,1.0,1.0,0.0,0.0,1.0,1.0,1.0,against,against,"['against', 'in favor of', 'against', 'against']","['A2FCGEU5RTEWG8', 'A2Q1YS118AO2BP', 'A2Q1YS118AO2BP', 'A3GUJ6JD25FX7O']"
stance_tweets_450,against,"Last night, @The_IAP's @rachelbovard &amp; I filed this @FCC public comment in support of the Trump Administration's efforts to hold Big Tech accountable for censoring and silencing conservatives -- and harming small businesses:

https://t.co/4ax3QpHW77

We must reformat Section 230.",1080841688422277122,1301353869121908738,2020-09-03T02:58:35.000Z,0.0,0.0,0.0,0.0,1.0,1.0,1.0,0.0,0.0,1.0,1.0,1.0,against,against,"['in favor of', 'against']","['A2Q1YS118AO2BP', 'A3GUJ6JD25FX7O']"
stance_tweets_451,neutral,It's Unclear What Trump's Section 230 Executive Order Will Do Beyond Bully Social Media Companies | Via BuzzFeed https://t.co/vRMpTnbx3e,449600949,1266434142604050434,2020-05-29T18:20:03.000Z,0.0,0.0,1.0,1.0,0.0,0.0,1.0,0.0,1.0,0.0,1.0,1.0,neutral,neutral,"['against', 'in favor of']","['A2Q1YS118AO2BP', 'A3OZ8KF0HWSVWK']"
stance_tweets_452,neutral,I know in my soul you asked someone what section 230 was https://t.co/odBlH0NYVR,2536064648,1324628816073928706,2020-11-06T08:24:54.000Z,0.0,0.0,1.0,1.0,0.0,0.0,1.0,0.0,1.0,0.0,1.0,1.0,neutral,neutral,"['neutral', 'in favor of']","['A2IOT3PCS9G5RK', 'A2Q1YS118AO2BP']"
stance_tweets_453,neutral,"I don't know exactly how there will be accountability for Twitter for its repeated, open, and arrogant refusal to adhere to the ""good faith"" requirement of 47 USC Section 230(c)(2)(A)... but there will be https://t.co/VzOG2vAouQ",110881155,1332323374547296262,2020-11-27T14:00:20.000Z,0.0,0.0,1.0,1.0,0.0,0.0,1.0,0.0,1.0,0.0,1.0,1.0,neutral,neutral,"['neutral', 'in favor of']","['A2IOT3PCS9G5RK', 'A2Q1YS118AO2BP']"
stance_tweets_454,neutral,"@BFSPencil @dswzlo @ABC In fact this isn’t even a section 230 story, section 230 has nothing to do with whether a company requires you to wear a mask when using their physical services.",97498620,1301646247036624897,2020-09-03T22:20:23.000Z,0.0,0.0,1.0,1.0,0.0,0.0,1.0,0.0,1.0,0.0,1.0,1.0,neutral,neutral,"['neutral', 'neutral']","['A37WDOIQH6JM6V', 'A3OZ8KF0HWSVWK']"
stance_tweets_455,neutral,@KatieHill4CA @BrunoAmato_1 GOP is frantically maneuvering to make it look like Dems are blocking the $2000 by tying its passage to the repeal of Section 230 and demanding investigation into what they are ridiculously terming substantial voter fraud.,1267166285206560768,1343610379302277120,2020-12-28T17:30:52.000Z,0.0,0.0,1.0,1.0,0.0,0.0,1.0,0.0,1.0,0.0,1.0,1.0,neutral,neutral,"['against', 'in favor of']","['A2Q1YS118AO2BP', 'A3OZ8KF0HWSVWK']"
stance_tweets_456,in favor of,"@generativist Section 230 literally exists to remove these liabilities.

The singular ""good point"" I've seen the anti-230 crusaders is to ask why we have the law removing liability if it doesn't actually work to incentivize people to host content for which there might be liability.",1032369783256231936,1348388767032242176,2021-01-10T21:58:28.000Z,1.0,1.0,0.0,0.0,0.0,0.0,1.0,1.0,0.0,0.0,1.0,1.0,in favor of,in favor of,"['in favor of', 'in favor of']","['A2Q1YS118AO2BP', 'A3OZ8KF0HWSVWK']"
stance_tweets_457,neutral,"@chimpvsdog @forthetruth12 @DineshDSouza Win it in a court of law??? ????‍♀️?? it’s already been won, it’s the entire reason they enjoy section 230 protections. Because they are essentially the “public square”, a platform to allow speech, as opposed to a publisher that curates their content and is liable for all content.",213036164,1348131977128521728,2021-01-10T04:58:05.000Z,0.0,0.0,1.0,1.0,0.0,0.0,1.0,0.0,1.0,0.0,1.0,1.0,neutral,neutral,"['against', 'against']","['A2Q1YS118AO2BP', 'A3OZ8KF0HWSVWK']"
stance_tweets_458,in favor of,"dealing with internet censorship by revoking section 230, ironically making the internet far more censorship heavy than what it was to begin with
t-thanks, trump...",707333549850906624,1266431036273147908,2020-05-29T18:07:42.000Z,1.0,1.0,0.0,0.0,0.0,0.0,1.0,1.0,0.0,0.0,1.0,1.0,in favor of,in favor of,"['in favor of', 'in favor of']","['A2Q1YS118AO2BP', 'A3GUJ6JD25FX7O']"
stance_tweets_459,neutral,"2. And though @twitter has section 230 defenses to being sued, @SenateGOP off-the-floor do not. Should the Plaintiff's bar start to punish them for intentional infliction of emotional distress for continuing to advance Trump's insurrection? Is their false speech mail and wire",997262774,1354113401551810560,2021-01-26T17:06:07.000Z,0.0,0.0,1.0,1.0,0.0,0.0,1.0,0.0,1.0,0.0,1.0,1.0,neutral,neutral,"['against', 'neutral']","['A2Q1YS118AO2BP', 'A32CMQGGTSUK6Z']"
stance_tweets_460,neutral,"No @LindseyGrahamSC, you vile ass kissing sycophant, the $2,000 don’t need to be tied with trying to remove Section 230 to make your master feel better. Relief is relief you parasite.",485376798,1341810519846641664,2020-12-23T18:18:52.000Z,0.0,0.0,1.0,1.0,0.0,0.0,1.0,0.0,1.0,0.0,1.0,1.0,neutral,neutral,"['in favor of', 'in favor of']","['A2Q1YS118AO2BP', 'A3GUJ6JD25FX7O']"
stance_tweets_461,neutral,"The hearing will center on Section 230 of the Communications Decency Act, which shields social-media platforms from liability for user content https://t.co/cZ8BroddW7",2404140806,1319379205235347468,2020-10-22T20:44:50.000Z,0.0,0.0,1.0,1.0,0.0,0.0,1.0,0.0,1.0,0.0,1.0,1.0,neutral,neutral,"['neutral', 'neutral']","['A2IOT3PCS9G5RK', 'A3OZ8KF0HWSVWK']"
stance_tweets_462,neutral,@JPairofdice @tonydanza4 @Jlyonjr @BrianKarem Irony at its finest. I have tried several times to explain the 1st amendment &amp; section 230 to people on twitter. No amount of fact provided will steer them from their conviction that I am “a dumb uneducated Karen that needs to get back in the kitchen where I belong”. ??,2952709850,1347950585803231232,2021-01-09T16:57:18.000Z,0.0,0.0,1.0,1.0,0.0,0.0,1.0,0.0,1.0,0.0,1.0,1.0,neutral,neutral,"['in favor of', 'in favor of']","['A2Q1YS118AO2BP', 'A3GUJ6JD25FX7O']"
stance_tweets_463,neutral,"Section 230! Time’s up, @jack. https://t.co/yGG6n4nFSu",1650997728,1316522143996358656,2020-10-14T23:31:53.000Z,0.0,0.0,1.0,1.0,0.0,0.0,1.0,0.0,1.0,0.0,1.0,1.0,neutral,neutral,"['against', 'neutral']","['A2JPOXYZM5AJZZ', 'A2Q1YS118AO2BP']"
stance_tweets_464,against,"President Donald Trump: ""For purposes of National Security, Section 230 must be immediately terminated!!!"" https://t.co/jR6Y1gBDwd",25992933,1332518797052416001,2020-11-28T02:56:52.000Z,0.0,0.0,0.0,0.0,1.0,1.0,1.0,0.0,0.0,1.0,1.0,1.0,against,against,"['in favor of', 'against']","['A2Q1YS118AO2BP', 'A3OZ8KF0HWSVWK']"
stance_tweets_465,neutral,MeidasTouch Legal Analyst @mspopok discusses #DiaperDon and Trump's threats to Section 230 of the Communications Decency Act https://t.co/zM8JJOfgDn,4230383860,1332486981322944519,2020-11-28T00:50:27.000Z,0.0,0.0,1.0,1.0,0.0,0.0,1.0,0.0,1.0,0.0,1.0,1.0,neutral,neutral,"['neutral', 'against']","['A2IOT3PCS9G5RK', 'A2Q1YS118AO2BP']"
stance_tweets_466,neutral,"The attack on the #CapitolBuilding last week heightened the long-standing debate surrounding #FreeSpeech and the moderation of #socialmedia, and the debate continues to swirl around 26 words called #Section230??️

New @Marketplace podcast with @jkosseff⤵️
https://t.co/1KygudOMSf",144853604,1350179711993991172,2021-01-15T20:35:03.000Z,0.0,0.0,1.0,1.0,0.0,0.0,1.0,0.0,1.0,0.0,1.0,1.0,neutral,neutral,"['neutral', 'neutral']","['A2IOT3PCS9G5RK', 'A37WDOIQH6JM6V']"
stance_tweets_467,against,"Now Facebook and Twitter are colluding to censor the President of the United States?

This is absolutely outrageous and exactly why we need to repeal Section 230.
 
Big Tech has become too powerful, and it’s time they are held accountable.
https://t.co/ALCAqza9m3",1206085533111373824,1291582832914161664,2020-08-07T03:51:58.000Z,0.0,0.0,0.0,0.0,1.0,1.0,1.0,0.0,0.0,1.0,1.0,1.0,against,against,"['against', 'in favor of']","['A2JPOXYZM5AJZZ', 'A2Q1YS118AO2BP']"
stance_tweets_468,against,"Congress should vote to Repeal Section 230 as requested by President @realDonaldTrump. 

I will not vote to override presidential veto unless effort is made to wind down Section 230.",477831805,1341958761200627714,2020-12-24T04:07:55.000Z,0.0,0.0,0.0,0.0,1.0,1.0,1.0,0.0,0.0,1.0,1.0,1.0,against,against,"['against', 'against', 'against', 'in favor of']","['A2IOT3PCS9G5RK', 'A2Q1YS118AO2BP', 'A2FCGEU5RTEWG8', 'A2Q1YS118AO2BP']"
stance_tweets_469,in favor of,"BREAKING: Mitch McConnell has filed legislation that attempts to tie $2,000 stimulus checks to a FULL REPEAL of Section 230 of the Communications Decency Act. 

If this passes it would destroy the Internet as we know it, opening the floodgates for widespread censorship and abuse.",4859232004,1345432817597968385,2021-01-02T18:12:35.000Z,1.0,1.0,0.0,0.0,0.0,0.0,1.0,1.0,0.0,0.0,1.0,1.0,in favor of,in favor of,"['in favor of', 'in favor of']","['A2IOT3PCS9G5RK', 'A2Q1YS118AO2BP']"
stance_tweets_470,neutral,"While Section 230 sounds fairly clear—it states that ""No provider or user of an interactive computer service shall be treated as the publisher or speaker of any information provided by another information content provider"" —it is still widely misunderstood.https://t.co/AHX3zeP69m",16425445,1335541601934962688,2020-12-06T11:08:25.000Z,0.0,0.0,1.0,1.0,0.0,0.0,1.0,0.0,1.0,0.0,1.0,1.0,neutral,neutral,"['against', 'neutral']","['A2Q1YS118AO2BP', 'A3OZ8KF0HWSVWK']"
stance_tweets_471,against,"America was built on the freedom of speech. We CANNOT allow Big Tech to compromise our digital marketplace of ideas for their own agendas.

I intro’d the #StopSuppressingSpeech Act to modernize Section 230 with concrete terms to ensure the internet remains free &amp; fair for ALL. https://t.co/BiQnkmZ5bW",77059436,1319074927148896256,2020-10-22T00:35:44.000Z,0.0,0.0,0.0,0.0,1.0,1.0,1.0,0.0,0.0,1.0,1.0,1.0,against,against,"['in favor of', 'against']","['A2Q1YS118AO2BP', 'A32CMQGGTSUK6Z']"
stance_tweets_472,against,BigTech finally went too far censoring conservatives. They have united the movement to change #Section230. Big Tech abuse must end now! https://t.co/uJVQ51Zviq,1191671919084474369,1316498227399720960,2020-10-14T21:56:51.000Z,0.0,0.0,0.0,0.0,1.0,1.0,1.0,0.0,0.0,1.0,1.0,1.0,against,against,"['against', 'in favor of']","['A2IOT3PCS9G5RK', 'A2Q1YS118AO2BP']"
stance_tweets_473,in favor of,"Ideally, keep Section 230 &amp; require Twitter, Facebook &amp; other social media platforms to stop shadow banning via algorithms &amp; censoring via biased fact checkers. Be a Forum or forfeit business license. Big Tech violated antitrust law, now violates their duties under Section 230. https://t.co/nTe6j2gbNm",2509673896,1266302387280506882,2020-05-29T09:36:30.000Z,1.0,1.0,0.0,0.0,0.0,0.0,1.0,1.0,0.0,0.0,1.0,1.0,in favor of,in favor of,"['in favor of', 'against']","['A2IOT3PCS9G5RK', 'A2Q1YS118AO2BP']"
stance_tweets_474,against,"For too long, companies like Twitter and Google have used Section 230 as a shield while unlawfully abusing their users’ First Amendment rights.

It's time to put an end to Big Tech's unlawful actions — and the Stop Censorship Act of 2020 will do just that.
https://t.co/L0uzWHvd3Z",1246019337460289537,1288551289518010369,2020-07-29T19:05:42.000Z,0.0,0.0,0.0,0.0,1.0,1.0,1.0,0.0,0.0,1.0,1.0,1.0,against,against,"['against', 'against']","['A3EBUBRYCKB6AF', 'A3GUJ6JD25FX7O']"
stance_tweets_475,neutral,"Section 230 in federal law protects your right to free speech on the internet. It’s what allows you to criticize @realDonaldTrump or me or the Cleveland @Browns without fear that the post will be taken down.

For example: @POTUS is a jerk for suing to rip your healthcare away. https://t.co/xgx75WzyY0",22665154,1313546838255960064,2020-10-06T18:29:05.000Z,0.0,0.0,1.0,1.0,0.0,0.0,1.0,0.0,1.0,0.0,1.0,1.0,neutral,neutral,"['in favor of', 'in favor of']","['A2IOT3PCS9G5RK', 'A2Q1YS118AO2BP']"
stance_tweets_476,neutral,"‼️Important Video regarding our golfing Fake President from @standforbetter ??‼️

Happy Kwanzaa! In honor of Section 230, FLOTUS ( First Lady Melania ) &amp; Adam Schiff there is one thing to keep in mind:

President Trump is the #LoserOfTheCentury
https://t.co/YavkGOXQAJ",756991376,1342882140288122880,2020-12-26T17:17:06.000Z,0.0,0.0,1.0,1.0,0.0,0.0,1.0,0.0,1.0,0.0,1.0,1.0,neutral,neutral,"['in favor of', 'in favor of']","['A2Q1YS118AO2BP', 'A3OZ8KF0HWSVWK']"
stance_tweets_477,neutral,I'm demanding answers from @AjitPaiFCC about his sudden decision to push forward a #Section230 rulemaking. This raises serious questions. We need to know if this is part of @realDonaldTrump's attempts to dictate how social media platforms moderate content. https://t.co/iy8sfTJgKV,349296947,1321637040266436609,2020-10-29T02:16:39.000Z,0.0,0.0,1.0,1.0,0.0,0.0,1.0,0.0,1.0,0.0,1.0,1.0,neutral,neutral,"['against', 'in favor of']","['A2JPOXYZM5AJZZ', 'A2Q1YS118AO2BP']"
stance_tweets_478,against,".@Twitter is at it again — censoring @realDonaldTrump for enforcing the rule of law.

It’s time to repeal Section 230 once and for all. #StopTheBias https://t.co/i4oI1l01Ed",139159502,1275813106212655104,2020-06-24T15:28:42.000Z,0.0,0.0,0.0,0.0,1.0,1.0,1.0,0.0,0.0,1.0,1.0,1.0,against,against,"['against', 'in favor of']","['A2FCGEU5RTEWG8', 'A2Q1YS118AO2BP']"
stance_tweets_479,against,DeSantis proposes law to fine social media companies for 'censorship' BUT BLM WANT SOCIAL MEDIA TO BE BROKEN UP INTO 1000 SMALLER COMPANIES LIKE AT&amp;T. CUT OFF Section 230 https://t.co/usgoruYfMo,2211300866,1357053996201086993,2021-02-03T19:51:00.000Z,0.0,0.0,0.0,0.0,1.0,1.0,1.0,0.0,0.0,1.0,1.0,1.0,against,against,"['neutral', 'neutral']","['A2Q1YS118AO2BP', 'A3OZ8KF0HWSVWK']"
stance_tweets_480,neutral,"Things that will not fix this:

-More surveillance
-Breaking encryption
-Blowing up Section 230
-More funding for the FBI
-More cops
-More weapons for cops
-A new domestic terrorism law
-A new Patriot Act
-Reinforcing Apple and Google monopoly power
-Silencing dissent&amp; activism",14101418,1349431366040088579,2021-01-13T19:01:23.000Z,0.0,0.0,1.0,1.0,0.0,0.0,1.0,0.0,1.0,0.0,1.0,1.0,neutral,neutral,"['in favor of', 'in favor of']","['A2Q1YS118AO2BP', 'A3OZ8KF0HWSVWK']"
stance_tweets_481,neutral,"If you watched today's Senate hearings on Section 230, the Republicans asked serious questions &amp; the Democrats gave pro-Biden, anti-Trump speeches. 

Several went as far as to request that Twitter block more of Trump's Tweets!

If the Democrats take the Senate, Lord help us!",806347865073315844,1321588410423955456,2020-10-28T23:03:25.000Z,0.0,0.0,1.0,1.0,0.0,0.0,1.0,0.0,1.0,0.0,1.0,1.0,neutral,neutral,"['against', 'against']","['A2Q1YS118AO2BP', 'A3GUJ6JD25FX7O']"
stance_tweets_482,against,"Facebook, Google and Twitter are now de facto the largest publishers in the world but they lack the standards or oversight or transparency that have existed for broadcasting and other media for decades. Section 230 should be modernized to help change that.",4901289076,1321486111777132544,2020-10-28T16:16:55.000Z,0.0,0.0,0.0,0.0,1.0,1.0,1.0,0.0,0.0,1.0,1.0,1.0,against,against,"['against', 'in favor of']","['A2Q1YS118AO2BP', 'A3EBUBRYCKB6AF']"
stance_tweets_483,against,"@davenewworld_2 Trump MUST be re-elected. We MUST vote in GOP in the House, keep the Senate and we MUST eliminate Section 230 protections for big tech social media! Social media &amp; Corporate America will kill our free speech! BLM is a Marxist group looking to DESTROY USA!
https://t.co/R37Qi2rlNy",1272290757265821698,1277221817690861568,2020-06-28T12:46:25.000Z,0.0,0.0,0.0,0.0,1.0,1.0,1.0,0.0,0.0,1.0,1.0,1.0,against,against,"['against', 'against']","['A2FCGEU5RTEWG8', 'A2IOT3PCS9G5RK']"
stance_tweets_484,neutral,"I'm afraid to ask where this is from, because it's like the perfect encapsulation of every major incorrect claim about #Section230 https://t.co/FI9x419YTC I really do give up. https://t.co/Lvd8Z1f3QN",1270191,1320396989947736064,2020-10-25T16:09:08.000Z,0.0,0.0,1.0,1.0,0.0,0.0,1.0,0.0,1.0,0.0,1.0,1.0,neutral,neutral,"['neutral', 'in favor of']","['A1AZAC9CPBEP6K', 'A2Q1YS118AO2BP']"
stance_tweets_485,neutral,"“Ironically, Trump is a big beneficiary of Section 230,” said Kate Ruane of the ACLU. “If platforms were not immune under the law, then they would not risk the legal liability that could come with hosting Trump’s lies, defamation and threats.” https://t.co/ydJqco2XJ5",106491297,1266333002939932672,2020-05-29T11:38:09.000Z,0.0,0.0,1.0,1.0,0.0,0.0,1.0,0.0,1.0,0.0,1.0,1.0,neutral,neutral,"['neutral', 'against']","['A1AZAC9CPBEP6K', 'A2Q1YS118AO2BP']"
stance_tweets_486,neutral,Should we repeal the section 230 protections for Big Tech?,1321639594572550144,1321639995174723587,2020-10-29T02:28:24.000Z,0.0,0.0,1.0,1.0,0.0,0.0,1.0,0.0,1.0,0.0,1.0,1.0,neutral,neutral,"['neutral', 'neutral']","['A2IOT3PCS9G5RK', 'ACDX50KGPE97I']"
stance_tweets_487,against,"Revoke Section 230 now! These people are dirty!
@realDonaldTrump https://t.co/aSzVedWncp BREAKING: YouTube announces they will remove videos critical of the 2020 election, will promote corporate content only https://t.co/tLyQX1VERB",1319371732982038528,1336694995693281282,2020-12-09T15:31:36.000Z,0.0,0.0,0.0,0.0,1.0,1.0,1.0,0.0,0.0,1.0,1.0,1.0,against,against,"['against', 'against']","['A2IOT3PCS9G5RK', 'A2Q1YS118AO2BP']"
stance_tweets_488,in favor of,"Repeal of Section 230 would, ironically, be a doomsday scenario for QAnon accounts and anybody who prints salacious lies on social media.

It could also have a profound chilling effect for legit protest movements. It’d provide incongruous speech levers to the rich and powerful.",1043280707467051008,1344095006374686720,2020-12-30T01:36:36.000Z,1.0,1.0,0.0,0.0,0.0,0.0,1.0,1.0,0.0,0.0,1.0,1.0,in favor of,in favor of,"['in favor of', 'neutral']","['A2Q1YS118AO2BP', 'A3EBUBRYCKB6AF']"
stance_tweets_489,neutral,"@WaysMeansCmte @HouseDemocrats @senatemajldr Why is the $2,000 relief check not a standalone vote? It will fail you know, I know it, America knows it. If placed with the Section 230 &amp; voter fraud items, it will never pass. Why is the $2000 even in there? @realDonaldTrump @senatemajldr @KYGOP",1242449388,1344790711758151681,2020-12-31T23:41:05.000Z,0.0,0.0,1.0,1.0,0.0,0.0,1.0,0.0,1.0,0.0,1.0,1.0,neutral,neutral,"['neutral', 'in favor of']","['A2IOT3PCS9G5RK', 'A2Q1YS118AO2BP']"
stance_tweets_490,against,"Big Tech’s purge of conservatives continues.

1. Congress must reform or repeal outdated Section 230 immunity for trillion-dollar Big Tech monopolists.

2. @JusticeATR, @FTC, and state attorneys general must end antitrust amnesty — and enforce our century-old antitrust laws. https://t.co/YHSekFZEck",80676829,1355133376886398976,2021-01-29T12:39:08.000Z,0.0,0.0,0.0,0.0,1.0,1.0,1.0,0.0,0.0,1.0,1.0,1.0,against,against,"['against', 'in favor of']","['A2IOT3PCS9G5RK', 'A2Q1YS118AO2BP']"
stance_tweets_491,against,"@charliekirk11 @yoshino57 Trump is revoking Section 203 and twtr will not be happy..! M.M.
Trump...They have targeted Republicans, Conservatives &amp; the President of the United States. Section 230 should be revoked by Congress. Until then, it will be regulated!",1927978586,1266693127487647745,2020-05-30T11:29:10.000Z,0.0,0.0,0.0,0.0,1.0,1.0,1.0,0.0,0.0,1.0,1.0,1.0,against,against,"['against', 'against']","['A2FCGEU5RTEWG8', 'A2Q1YS118AO2BP']"
stance_tweets_492,neutral,"@Timodc NOPE, IT IS ALL ABOUT the NDAA shell corporations provisions.

The renaming of military bases from failed treasonous Confederates &amp; Section 230 is for media distraction/propaganda.",788936310161539072,1341855385158885381,2020-12-23T21:17:08.000Z,0.0,0.0,1.0,1.0,0.0,0.0,1.0,0.0,1.0,0.0,1.0,1.0,neutral,neutral,"['neutral', 'in favor of']","['A2IOT3PCS9G5RK', 'A2Q1YS118AO2BP']"
stance_tweets_493,neutral,"@realDonaldTrump If section 230 is repealed then Trump will instantly lose about 50M of his ""followers""

He has no idea what he's talking about",1034935550,1316823039431114753,2020-10-15T19:27:32.000Z,0.0,0.0,1.0,1.0,0.0,0.0,1.0,0.0,1.0,0.0,1.0,1.0,neutral,neutral,"['in favor of', 'against']","['A2Q1YS118AO2BP', 'A36H3PO6JZD414']"
stance_tweets_494,against,Trump looking to repeal Section 230 *and* start a competing social media company is another reason why he is the King of Deals.,16938958,1347761930769821697,2021-01-09T04:27:39.000Z,0.0,0.0,0.0,0.0,1.0,1.0,1.0,0.0,0.0,1.0,1.0,1.0,against,against,"['in favor of', 'against']","['A2Q1YS118AO2BP', 'A3OZ8KF0HWSVWK']"
stance_tweets_495,neutral,I’ve heard @tedcruz and countless other Republicans out down big tech and Section 230 but NOT ONE condemning the terroristic garbage abetted by Parler,85283202,1347607987851055104,2021-01-08T18:15:56.000Z,0.0,0.0,1.0,1.0,0.0,0.0,1.0,0.0,1.0,0.0,1.0,1.0,neutral,neutral,"['against', 'neutral']","['A2Q1YS118AO2BP', 'ACDX50KGPE97I']"
stance_tweets_496,against,"My message to #BigTech: By labeling posts, you’re taking a policy position. When taking a policy position, you’re acting as a publisher (even under current law). You can’t pretend to not be a publisher AND get “corporate welfare” benefits under #Section230. https://t.co/O464uL9a2i",49215309,1333593781657079808,2020-12-01T02:08:29.000Z,0.0,0.0,0.0,0.0,1.0,1.0,1.0,0.0,0.0,1.0,1.0,1.0,against,against,"['in favor of', 'neutral']","['A2Q1YS118AO2BP', 'A3GUJ6JD25FX7O']"
stance_tweets_497,neutral,Serious question: How does Big Tech gain from losing Section 230 protections and falling under federal regulation?,351301867,1316511184405835782,2020-10-14T22:48:20.000Z,0.0,0.0,1.0,1.0,0.0,0.0,1.0,0.0,1.0,0.0,1.0,1.0,neutral,neutral,"['in favor of', 'neutral']","['A2Q1YS118AO2BP', 'A3GUJ6JD25FX7O']"
stance_tweets_498,neutral,"@RBReich Twitter banned the account because they where waiting to see who’s gonna win the election and see if section 230 stays unchanged. Now it’s pay back time for them. Jack is smart, much smarter",3240469761,1347992947460087808,2021-01-09T19:45:37.000Z,0.0,0.0,1.0,1.0,0.0,0.0,1.0,0.0,1.0,0.0,1.0,1.0,neutral,neutral,"['in favor of', 'against']","['A2JPOXYZM5AJZZ', 'A2Q1YS118AO2BP']"
stance_tweets_499,neutral,@briantylercohen How in the heck would the account for @realDonaldTrump survive if Section 230 was removed? Wouldn't the threat of suits for his content be too great for @Twitter especially?,37711670,1344072249616306181,2020-12-30T00:06:10.000Z,0.0,0.0,1.0,1.0,0.0,0.0,1.0,0.0,1.0,0.0,1.0,1.0,neutral,neutral,"['in favor of', 'in favor of']","['A2IOT3PCS9G5RK', 'A3OZ8KF0HWSVWK']"
stance_tweets_500,neutral,"1/ In which @TulsiGabbard, who was only slightly less qualified for president than a rabid squirrel, reveals that she has literally no idea what she's talking about in a discussion about #Section230.

https://t.co/nj4pwKu46c",805072572,1356515415753699331,2021-02-02T08:10:52.000Z,0.0,0.0,1.0,1.0,0.0,0.0,1.0,0.0,1.0,0.0,1.0,1.0,neutral,neutral,"['against', 'neutral']","['A2Q1YS118AO2BP', 'ACDX50KGPE97I']"
stance_tweets_501,neutral,"Section 230 protects Facebook, Google, Twitter from being sued for user content, and they'd do well to honor that freedom. They must stop their arbitrary censorship and editorialization, and become the unbiased platforms the protection enables them to be.
https://t.co/dSjsYIB6DX",623077807,1317191106216513536,2020-10-16T19:50:06.000Z,0.0,0.0,1.0,1.0,0.0,0.0,1.0,0.0,1.0,0.0,1.0,1.0,neutral,neutral,"['in favor of', 'in favor of']","['A2Q1YS118AO2BP', 'A3OZ8KF0HWSVWK']"
stance_tweets_502,in favor of,"if all you know about #Section230 is that trump wants it 'repealed,' that should be reason enough to suggest we shouldn't do that.",59219851,1313518980691357696,2020-10-06T16:38:23.000Z,1.0,1.0,0.0,0.0,0.0,0.0,1.0,1.0,0.0,0.0,1.0,1.0,in favor of,in favor of,"['in favor of', 'neutral']","['A2IOT3PCS9G5RK', 'A2Q1YS118AO2BP']"
stance_tweets_503,against,"These Big Tech companies are not neutral platforms - they are partisan publishers. 

And under section 230 protections, they're currently immune from virtually any accountability for their censorship &amp; manipulation of conversation.

Something must change. Now.

RT if you agree!",111454774,1266189001184219136,2020-05-29T02:05:57.000Z,0.0,0.0,0.0,0.0,1.0,1.0,1.0,0.0,0.0,1.0,1.0,1.0,against,against,"['against', 'against']","['A2IOT3PCS9G5RK', 'A2Q1YS118AO2BP']"
stance_tweets_504,against,"Trump did it ????
He just signed a bill to control how Social Media uses Section 230 to censor conservatives. This is one of the biggest things he's done during his presidency! ????

Twitter, Facebook, Instagram, YouTube, Snapchat, TikTok its time to be neutral.",424478521,1266275097964187649,2020-05-29T07:48:04.000Z,0.0,0.0,0.0,0.0,1.0,1.0,1.0,0.0,0.0,1.0,1.0,1.0,against,against,"['against', 'neutral']","['A2Q1YS118AO2BP', 'ACDX50KGPE97I']"
stance_tweets_505,against,"In case you missed it, @JoeBiden said the same thing in December, to which he’s now backing away from because the President is for it. 

""Section 230 should be revoked immediately"" for tech companies. He continued, ""It should be revoked. It should be revoked."" #Revoke230 https://t.co/zY4mGiFgd2 https://t.co/tUkhkmLEzW",166855904,1266421363147001859,2020-05-29T17:29:16.000Z,0.0,0.0,0.0,0.0,1.0,1.0,1.0,0.0,0.0,1.0,1.0,1.0,against,against,"['in favor of', 'against']","['A2Q1YS118AO2BP', 'A3EBUBRYCKB6AF']"
stance_tweets_506,in favor of,@NudawnLinkshell If section 230 is pulled then any semblance of free speech on Twitter is completely dead. If Twitter can be held responsible for anything illegal done on twitter they're going to be super ban happy to protect themselves.,117543168,1348156750357176320,2021-01-10T06:36:31.000Z,1.0,1.0,0.0,0.0,0.0,0.0,1.0,1.0,0.0,0.0,1.0,1.0,in favor of,in favor of,"['in favor of', 'against']","['A2IOT3PCS9G5RK', 'A2Q1YS118AO2BP']"
stance_tweets_507,against,"DOJ sent draft legislation to Congress to reform Section 230 of the Communications Decency Act.

Its been apparent during the last few months that media platforms are sensoring conservative voices and interfering in the election. It's time for this change!
https://t.co/60BSgxA3UE",1176460734726901760,1308870359215734784,2020-09-23T20:46:25.000Z,0.0,0.0,0.0,0.0,1.0,1.0,1.0,0.0,0.0,1.0,1.0,1.0,against,against,"['in favor of', 'against']","['A2Q1YS118AO2BP', 'A3OZ8KF0HWSVWK']"
stance_tweets_508,neutral,@ChuckGrassley Section 230 doesn’t work that way Sen Sundowner.,169304483,1382028403218411520,2021-04-13T17:50:22.000Z,0.0,0.0,1.0,1.0,0.0,0.0,1.0,0.0,1.0,0.0,1.0,1.0,neutral,neutral,"['neutral', 'in favor of']","['A2Q1YS118AO2BP', 'A3GUJ6JD25FX7O']"
stance_tweets_509,neutral,"President Amash! How’s the campaign? A little slow? Keep after it! Based on your twittering, you don’t have any future as a lawyer. You don’t appear to have spent much time w/ Section 230 case law, but let me summarize for you: https://t.co/2MXz5TVx0A",1139558496192454656,1266183650124525570,2020-05-29T01:44:41.000Z,0.0,0.0,1.0,1.0,0.0,0.0,1.0,0.0,1.0,0.0,1.0,1.0,neutral,neutral,"['neutral', 'in favor of']","['A2IOT3PCS9G5RK', 'A2Q1YS118AO2BP']"
stance_tweets_510,neutral,The First Amendment—not Section 230—is what really stands in the way of Trumpian fantasies about making private internet companies platform whatever messages he wants https://t.co/S3ivr72D6P,3931283419,1317093504095576064,2020-10-16T13:22:16.000Z,0.0,0.0,1.0,1.0,0.0,0.0,1.0,0.0,1.0,0.0,1.0,1.0,neutral,neutral,"['neutral', 'neutral']","['A2IOT3PCS9G5RK', 'A3EBUBRYCKB6AF']"
stance_tweets_511,against,REMOVE SECTION 230 PROTECTIONS FROM TWITTER. NOW.,1254856114270867456,1285867819050164225,2020-07-22T09:22:32.000Z,0.0,0.0,0.0,0.0,1.0,1.0,1.0,0.0,0.0,1.0,1.0,1.0,against,against,"['neutral', 'in favor of']","['A2IOT3PCS9G5RK', 'A2Q1YS118AO2BP']"
stance_tweets_512,in favor of,@LG46776457 You don’t understand what Section 230 does. It allows Twitter to exist for one,851185827472441347,1334231659118555136,2020-12-02T20:23:11.000Z,1.0,1.0,0.0,0.0,0.0,0.0,1.0,1.0,0.0,0.0,1.0,1.0,in favor of,in favor of,"['in favor of', 'in favor of']","['A2IOT3PCS9G5RK', 'A2Q1YS118AO2BP']"
stance_tweets_513,neutral,"* * * WHERE IS A.G. BILL BARR?? * * *

@jack &amp; @Twitter are committing federal crimes w/brazen violations of 1st amend rights conflicting w/Section 230 of Communications Decency Act

DOJ must get immediate court order to cease censorship

@realDonaldTrump
https://t.co/1mHvWbANkK",1197205505476874250,1319685592825942018,2020-10-23T17:02:18.000Z,0.0,0.0,1.0,1.0,0.0,0.0,1.0,0.0,1.0,0.0,1.0,1.0,neutral,neutral,"['against', 'against']","['A1F1BIPJR11LSR', 'A2Q1YS118AO2BP']"
stance_tweets_514,neutral,"@MillennialOther Yep. You can file comments with the FCC expressing your views.

The Section 230 Petition itself can be found here:
https://t.co/hy5sg5FYTE

And you can file your comments here
https://t.co/Dw7eBwiCfC after typing RM-11862 in the “Proceeding(s)” field as indicated below: https://t.co/pVLJYx57t8",134517475,1300883964354203648,2020-09-01T19:51:21.000Z,0.0,0.0,1.0,1.0,0.0,0.0,1.0,0.0,1.0,0.0,1.0,1.0,neutral,neutral,"['neutral', 'neutral']","['A2IOT3PCS9G5RK', 'A3OZ8KF0HWSVWK']"
stance_tweets_515,against,Senator Mitch McConnell. Repeal section 230 tomorrow. Social media platforms damaged President Trump during the election. @realDonaldTrump @senatemajldr @FoxNews @newsmax @seanhannity,244062888,1344283190035439627,2020-12-30T14:04:22.000Z,0.0,0.0,0.0,0.0,1.0,1.0,1.0,0.0,0.0,1.0,1.0,1.0,against,against,"['against', 'against']","['A2FCGEU5RTEWG8', 'A3GUJ6JD25FX7O']"
stance_tweets_516,against,"""If Big Tech persists in coordination with the mainstream media, we must immediately strip them of their Section 230 protection."" - President @realDonaldTrump https://t.co/Gs2RCqAsLM",341194704,1316798511783055360,2020-10-15T17:50:04.000Z,0.0,0.0,0.0,0.0,1.0,1.0,1.0,0.0,0.0,1.0,1.0,1.0,against,against,"['neutral', 'in favor of']","['A2IOT3PCS9G5RK', 'A2Q1YS118AO2BP']"
stance_tweets_517,neutral,"The REAL reason why Trump vetoed the NDAA bill is because of the anti-money laundering and shell company provisions, not Section 230 and confederate bases.",839340336908488705,1344683697753231362,2020-12-31T16:35:51.000Z,0.0,0.0,1.0,1.0,0.0,0.0,1.0,0.0,1.0,0.0,1.0,1.0,neutral,neutral,"['against', 'neutral']","['A2Q1YS118AO2BP', 'A3OZ8KF0HWSVWK']"
stance_tweets_518,against,"FREE SPEECH ALERT: @Twitter and @Facebook are ?? percent wrong to try and block @parler_app from having a free platform for people to post on. 

If they oppose those who do act like a publisher, then they should NOT be exempt from liability under Section 230.",706203995459756032,1347999332058845184,2021-01-09T20:11:00.000Z,0.0,0.0,0.0,0.0,1.0,1.0,1.0,0.0,0.0,1.0,1.0,1.0,against,against,"['neutral', 'against']","['A2IOT3PCS9G5RK', 'A2Q1YS118AO2BP']"
stance_tweets_519,against,"SO IT'S TRUE, THEY ARE A PUBLISHER AND GETTING RID OF  SECTION 230 WOULD HAVE NOT ALLOWED FOR THIS
ANOTHER THINGS TRUMP WAS RIGHT ABOUT https://t.co/Yo9RTwkz4S",814861862915346432,1354071003010273281,2021-01-26T14:17:39.000Z,0.0,0.0,0.0,0.0,1.0,1.0,1.0,0.0,0.0,1.0,1.0,1.0,against,against,"['against', 'in favor of']","['A2JPOXYZM5AJZZ', 'A2Q1YS118AO2BP']"
stance_tweets_520,neutral,"These are editorial guidelines

Time to start suing Youtube as they are now issuing direct guidance on what you can publish outside what is prescribed in Section 230 https://t.co/2TTPVEc0ng",135507594,1336689366622760965,2020-12-09T15:09:14.000Z,0.0,0.0,1.0,1.0,0.0,0.0,1.0,0.0,1.0,0.0,1.0,1.0,neutral,neutral,"['against', 'neutral']","['A2Q1YS118AO2BP', 'A3EBUBRYCKB6AF']"
stance_tweets_521,against,Big tech has decided to interfere with the election. Strip section 230!!!!,96681491,1316724294228086784,2020-10-15T12:55:09.000Z,0.0,0.0,0.0,0.0,1.0,1.0,1.0,0.0,0.0,1.0,1.0,1.0,against,against,"['in favor of', 'against']","['A2Q1YS118AO2BP', 'ACDX50KGPE97I']"
stance_tweets_522,against,"@realDonaldTrump Trump MUST be re-elected. We MUST vote in GOP in the House, keep the Senate and we MUST eliminate Section 230 protections for big tech social media! Social media &amp; Corporate America will kill our free speech! BLM is a Marxist group. JOIN ME NOW FREEDOM!
https://t.co/xPC8UpcwXg",27905695,1314044632460861441,2020-10-08T03:27:08.000Z,0.0,0.0,0.0,0.0,1.0,1.0,1.0,0.0,0.0,1.0,1.0,1.0,against,against,"['against', 'against']","['A2FCGEU5RTEWG8', 'A3EBUBRYCKB6AF']"
stance_tweets_523,neutral,"Once you start making editorial decisions about Tweets this also makes you a publisher instead of a platform, which means you would arguably lose safe haven provisions of Section 230. In short: this is a huge &amp; intractable mess you should care about regardless of your politics.",35808217,1347310826647138304,2021-01-07T22:35:07.000Z,0.0,0.0,1.0,1.0,0.0,0.0,1.0,0.0,1.0,0.0,1.0,1.0,neutral,neutral,"['in favor of', 'against']","['A32CMQGGTSUK6Z', 'A3OZ8KF0HWSVWK']"
stance_tweets_524,against,"'I Will Veto': Trump doubles down his intention to veto Defence Bill over Section 230.
#VoiceOfNations https://t.co/D9lAfIyXMh",1123492944596676608,1335222902099206144,2020-12-05T14:02:01.000Z,0.0,0.0,0.0,0.0,1.0,1.0,1.0,0.0,0.0,1.0,1.0,1.0,against,against,"['in favor of', 'neutral']","['A2Q1YS118AO2BP', 'A3OZ8KF0HWSVWK']"
stance_tweets_525,in favor of,Removing section 230 is a very bad idea.,23234304,1343794329329008640,2020-12-29T05:41:49.000Z,1.0,1.0,0.0,0.0,0.0,0.0,1.0,1.0,0.0,0.0,1.0,1.0,in favor of,in favor of,"['in favor of', 'against']","['A32CMQGGTSUK6Z', 'ACDX50KGPE97I']"
stance_tweets_526,neutral,"Remember, @facebook was the company who ""flipped"" and supported the disastrous FOSTA bill as well. It's disappointing, but not surprising, that they'd sell out the open internet and support even more bad ideas for #Section230 as well. https://t.co/yJME6Yv866",1874836183,1321184977422327811,2020-10-27T20:20:19.000Z,0.0,0.0,1.0,1.0,0.0,0.0,1.0,0.0,1.0,0.0,1.0,1.0,neutral,neutral,"['against', 'in favor of']","['A2JPOXYZM5AJZZ', 'A2Q1YS118AO2BP']"
stance_tweets_527,neutral,Josh Hawley has condemned me more forcefully for disagreeing with him on Section 230. https://t.co/dGALlzVEXh,214428306,1347161576579756037,2021-01-07T12:42:03.000Z,0.0,0.0,1.0,1.0,0.0,0.0,1.0,0.0,1.0,0.0,1.0,1.0,neutral,neutral,"['in favor of', 'against']","['A2JPOXYZM5AJZZ', 'A2Q1YS118AO2BP']"
stance_tweets_528,neutral,"Section 230’s vague protections have allowed Big Tech companies like Amazon to have significant power in dictating and censoring American civil discourse.
 
My colleagues wrote a letter asking for clarification on their editorial decisions and standards.

https://t.co/u3IC2AB7Wy",200371688,1372915602193584133,2021-03-19T14:19:21.000Z,0.0,0.0,1.0,1.0,0.0,0.0,1.0,0.0,1.0,0.0,1.0,1.0,neutral,neutral,"['against', 'against']","['A3OZ8KF0HWSVWK', 'ACDX50KGPE97I']"
stance_tweets_529,neutral,Section 230 Is The Subject of The Most Effective Legal Propaganda I've Ever Seen https://t.co/6x9G80e1P8 (by @Popehat),14165481,1326321305273118722,2020-11-11T00:30:15.000Z,0.0,0.0,1.0,1.0,0.0,0.0,1.0,0.0,1.0,0.0,1.0,1.0,neutral,neutral,"['against', 'neutral']","['A2Q1YS118AO2BP', 'A3OZ8KF0HWSVWK']"
stance_tweets_530,neutral,"State. Run. Social. Media. 

Well on our way to a dictatorship and a dystopian nightmare.

#Section230 
#Dystopia 
#TakeTrumpOffTwitter https://t.co/ZbwBfoX8xi",824407644135976960,1266066207741968390,2020-05-28T17:58:00.000Z,0.0,0.0,1.0,1.0,0.0,0.0,1.0,0.0,1.0,0.0,1.0,1.0,neutral,neutral,"['against', 'in favor of']","['A2JPOXYZM5AJZZ', 'A2Q1YS118AO2BP']"
stance_tweets_531,neutral,"@theactionkat Both voted for SESTA/FOSTA, and continue to want to repeal parts of section 230, which has done a lot of harm to marginalized ability to have online communities, particularly sex workers. Warren also has copyright and antitrust action plans I don't like. https://t.co/nQmkofDgGb",981740181685460993,1235003111284060160,2020-03-04T00:44:21.000Z,0.0,0.0,1.0,1.0,0.0,0.0,1.0,0.0,1.0,0.0,1.0,1.0,neutral,neutral,"['in favor of', 'in favor of']","['A32CMQGGTSUK6Z', 'A3OZ8KF0HWSVWK']"
stance_tweets_532,against,@SenTedCruz @jack @Twitter Revoke Big Tech's protections under Section 230 based on their actions.,534492371,1336079425276940289,2020-12-07T22:45:32.000Z,0.0,0.0,0.0,0.0,1.0,1.0,1.0,0.0,0.0,1.0,1.0,1.0,against,against,"['against', 'in favor of']","['A2FCGEU5RTEWG8', 'A2Q1YS118AO2BP']"
stance_tweets_533,neutral,Anyone who has heard me talk about Section 230 knows that I'm going to start out by talking about bookstores.  You can't understand why we have 230 until you understand the early cases in which bookstores were possibly liable for the books they distributed.,364198504,1333458710983794695,2020-11-30T17:11:45.000Z,0.0,0.0,1.0,1.0,0.0,0.0,1.0,0.0,1.0,0.0,1.0,1.0,neutral,neutral,"['in favor of', 'in favor of']","['A2Q1YS118AO2BP', 'A3GUJ6JD25FX7O']"
stance_tweets_534,neutral,"Sen. Bernie Sanders: ""Do you think that all over America people are saying, 'My God, we have to repeal Section 230 of the 1996 Telecommunications Act, my God, that is a major national priority'

Nobody even knows what that is."" https://t.co/pW3zUI4aIe",1018215312028680192,1344357383884029953,2020-12-30T18:59:11.000Z,0.0,0.0,1.0,1.0,0.0,0.0,1.0,0.0,1.0,0.0,1.0,1.0,neutral,neutral,"['in favor of', 'neutral']","['A2Q1YS118AO2BP', 'A3OZ8KF0HWSVWK']"
stance_tweets_535,against,"@MattWalshBlog @LibertePensador Trump MUST be re-elected. We MUST vote in GOP in the House, keep the Senate and we MUST eliminate Section 230 protections for big tech social media! Social media and big corporate multi-nationals will kill our free speech! Join me as we fight the INFOWAR!
 https://t.co/GBGypiJu13",469652720,1275525551176863745,2020-06-23T20:26:04.000Z,0.0,0.0,0.0,0.0,1.0,1.0,1.0,0.0,0.0,1.0,1.0,1.0,against,against,"['against', 'in favor of']","['A2IOT3PCS9G5RK', 'A2Q1YS118AO2BP']"
stance_tweets_536,against,@drdavidsamadi @Lamed_Vav They are purging Trump supporters because they think Biden is the new President and will do nothing to stop them! They are censoring and eliminating  conservative Trump accounts and they should lose their section 230 status then we can all sue them!,144718771,1325662642715947009,2020-11-09T04:52:58.000Z,0.0,0.0,0.0,0.0,1.0,1.0,1.0,0.0,0.0,1.0,1.0,1.0,against,against,"['against', 'in favor of']","['A2IOT3PCS9G5RK', 'A2Q1YS118AO2BP']"
stance_tweets_537,against,"Facebook has BANNED President @realDonaldTrump for the next two weeks.

We cannot allow Big Tech to SILENCE the leader of the free world.

It's time Congress REPEALS Section 230 once and for all!",448181998,1347239716383502338,2021-01-07T17:52:33.000Z,0.0,0.0,0.0,0.0,1.0,1.0,1.0,0.0,0.0,1.0,1.0,1.0,against,against,"['against', 'against', 'against', 'against']","['A2Q1YS118AO2BP', 'A3OZ8KF0HWSVWK', 'A2IOT3PCS9G5RK', 'A3OZ8KF0HWSVWK']"
stance_tweets_538,against,Regulating Twitter Hinges on Data the Platform Keeps Hidden  https://t.co/2eZeYIYGn2 Actually all they need to do is either revoke Section 230 or change it so it doesn't apply to all social media companies--after they pay a few billion in lawsuits that will end the discrimination,850622184074510336,1298925247572226048,2020-08-27T10:08:06.000Z,0.0,0.0,0.0,0.0,1.0,1.0,1.0,0.0,0.0,1.0,1.0,1.0,against,against,"['against', 'against']","['A2IOT3PCS9G5RK', 'A2Q1YS118AO2BP']"
stance_tweets_539,against,"Trump signs Executive Order for FCC  to regulate censorship under Section 230.
https://t.co/cdAXwMsBWr",970386752429895680,1288934314013384704,2020-07-30T20:27:42.000Z,0.0,0.0,0.0,0.0,1.0,1.0,1.0,0.0,0.0,1.0,1.0,1.0,against,against,"['against', 'neutral']","['A2Q1YS118AO2BP', 'A3OZ8KF0HWSVWK']"
stance_tweets_540,neutral,"McConnell tying 3 items together:

1) $2K
2) Section 230
3) Election Fraud

Silence on Trump's redlining.

Lots at stake (Senate seats). Lots of gamesmanship. Lots of pressure.

But don't forget.

Congress WANTED to pass a pork-laden bill while they reluctantly ""gave"" u $600.",812189094323306496,1344039355732684801,2020-12-29T21:55:28.000Z,0.0,0.0,1.0,1.0,0.0,0.0,1.0,0.0,1.0,0.0,1.0,1.0,neutral,neutral,"['against', 'against']","['A2Q1YS118AO2BP', 'A37WDOIQH6JM6V']"
stance_tweets_541,against,I’ve just gone to the Senate floor to force a vote on stopping #BigTech political censorship. Let Americans sue if they’re discriminated against! #Section230,4893755585,1309225733936615428,2020-09-24T20:18:33.000Z,0.0,0.0,0.0,0.0,1.0,1.0,1.0,0.0,0.0,1.0,1.0,1.0,against,against,"['against', 'against']","['A2Q1YS118AO2BP', 'A3OZ8KF0HWSVWK']"
stance_tweets_542,neutral,"I wasn't able to tweet for hours and one of the TECH COMPANIES put a little ""airplane icon"" at the top of my phone screen! SECTION 230!!!!",2480368867,1349041723171860481,2021-01-12T17:13:05.000Z,0.0,0.0,1.0,1.0,0.0,0.0,1.0,0.0,1.0,0.0,1.0,1.0,neutral,neutral,"['in favor of', 'against']","['A2Q1YS118AO2BP', 'A3OZ8KF0HWSVWK']"
stance_tweets_543,neutral,It is so frustrating to hear Section 230 being a major focus of the competition hearing. One reason that Google has to remove some types of content is because advertisers will go to substitutes if they don't. That's what you call *checks notes* competition.,935658744100384768,1305944702647242754,2020-09-15T19:00:55.000Z,0.0,0.0,1.0,1.0,0.0,0.0,1.0,0.0,1.0,0.0,1.0,1.0,neutral,neutral,"['in favor of', 'in favor of']","['A2Q1YS118AO2BP', 'A3OZ8KF0HWSVWK']"
stance_tweets_544,neutral,"ACTIVE NOW #Section230 ??????✌️??????✌️??????✌️ https://t.co/9OYHdntUIs Sen. Ted Cruz:

“Mr. Dorsey, who the hell elected you? And put you in charge of what the media are allowed to report, and what the American people are allowed to hear... and why do you persist in behaving as a Democratic super PAC?"" https://t.co/lrC9II2MxL",887102582216204288,1321487510489292801,2020-10-28T16:22:29.000Z,0.0,0.0,1.0,1.0,0.0,0.0,1.0,0.0,1.0,0.0,1.0,1.0,neutral,neutral,"['against', 'in favor of']","['A2JPOXYZM5AJZZ', 'ACDX50KGPE97I']"
stance_tweets_545,neutral,"@LionelMedia @realDonaldTrump ""We believe the risks of allowing the President to continue to use our service during this period are simply too great.""

..........and we think he might repeal Section 230 in his last few days in power.

We wouldn't want that, would we ??",1244612773293817856,1347218709258129413,2021-01-07T16:29:05.000Z,0.0,0.0,1.0,1.0,0.0,0.0,1.0,0.0,1.0,0.0,1.0,1.0,neutral,neutral,"['in favor of', 'in favor of']","['A2Q1YS118AO2BP', 'A3OZ8KF0HWSVWK']"
stance_tweets_546,neutral,@LindseyGrahamSC @realDonaldTrump This was NEVER about aid for hurting Americans. #Section230 #TraitorsSupportTraitorTrump,92303881,1343775010406580226,2020-12-29T04:25:03.000Z,0.0,0.0,1.0,1.0,0.0,0.0,1.0,0.0,1.0,0.0,1.0,1.0,neutral,neutral,"['in favor of', 'neutral']","['A2Q1YS118AO2BP', 'A3OZ8KF0HWSVWK']"
stance_tweets_547,neutral,"@shannonpareil Twitter is a publisher. Section 230 no longer applies.

And can I have a side of anti-trust with this too, please?",1152222656441344000,1316495978518769664,2020-10-14T21:47:55.000Z,0.0,0.0,1.0,1.0,0.0,0.0,1.0,0.0,1.0,0.0,1.0,1.0,neutral,neutral,"['against', 'against']","['A2Q1YS118AO2BP', 'A3OZ8KF0HWSVWK']"
stance_tweets_548,against,"For too long #BigTech has gotten away with censoring conservatives. Instead of cats &amp; cannabis, Pelosi must immediately bring up H.R. 7808, bipartisan legislation from @RepGosar which would amend #Section230 and prevent tech companies from baselessly censoring Republicans.",941753751211204608,1334563059088711682,2020-12-03T18:20:02.000Z,0.0,0.0,0.0,0.0,1.0,1.0,1.0,0.0,0.0,1.0,1.0,1.0,against,against,"['against', 'in favor of']","['A1AZAC9CPBEP6K', 'A2Q1YS118AO2BP']"
stance_tweets_549,against,These assholes need to lose their section 230 protections now.  Unreal.,3586843933,1321495877337436160,2020-10-28T16:55:44.000Z,0.0,0.0,0.0,0.0,1.0,1.0,1.0,0.0,0.0,1.0,1.0,1.0,against,against,"['against', 'neutral']","['A2FCGEU5RTEWG8', 'A2IOT3PCS9G5RK']"
stance_tweets_550,against,"Fuck 'em. Vote to kill Section 230.Get the $2,000 out there. Watch the popular rage when social media goes dark for a few weeks, then all posts get reviewed before being allowed up.",1051965121210142721,1344395078316408833,2020-12-30T21:28:58.000Z,0.0,0.0,0.0,0.0,1.0,1.0,1.0,0.0,0.0,1.0,1.0,1.0,against,against,"['against', 'in favor of']","['A2JPOXYZM5AJZZ', 'A3GUJ6JD25FX7O']"
stance_tweets_551,against,"Hopefully, sometime in the future, @realDonaldTrump will invest in a REAL platform. One that DOES NOT take advantage of the Section 230 to censor their users. 
Imagine the huge exodus that will cause this. Everybody wins. ?? https://t.co/hOj1OfwOpK",702229608,1344104153719726080,2020-12-30T02:12:57.000Z,0.0,0.0,0.0,0.0,1.0,1.0,1.0,0.0,0.0,1.0,1.0,1.0,against,against,"['in favor of', 'neutral']","['A2Q1YS118AO2BP', 'A32CMQGGTSUK6Z']"
stance_tweets_552,neutral,What is section 230. Describe please.,2536244335,1343623780611092483,2020-12-28T18:24:07.000Z,0.0,0.0,1.0,1.0,0.0,0.0,1.0,0.0,1.0,0.0,1.0,1.0,neutral,neutral,"['neutral', 'neutral']","['A2IOT3PCS9G5RK', 'A3OZ8KF0HWSVWK']"
stance_tweets_553,neutral,"Wow, Facebook just got spicy

Will ban content that could get them regulated?

How will this impact Section 230 arguments? https://t.co/r5IygLuEEA",469579074,1300800071081119744,2020-09-01T14:17:59.000Z,0.0,0.0,1.0,1.0,0.0,0.0,1.0,0.0,1.0,0.0,1.0,1.0,neutral,neutral,"['against', 'neutral']","['A2Q1YS118AO2BP', 'A3GUJ6JD25FX7O']"
stance_tweets_554,neutral,"BREAKING REPORT: Facebook declined to file a response in SCOTUS CASE Fyk Vs. facebook. The deadline was yesterday. 

@JasonFyk case would fundamentally change Facebooks section 230 protections.",489242008,1337495487453204480,2020-12-11T20:32:28.000Z,0.0,0.0,1.0,1.0,0.0,0.0,1.0,0.0,1.0,0.0,1.0,1.0,neutral,neutral,"['neutral', 'in favor of']","['A2IOT3PCS9G5RK', 'A2Q1YS118AO2BP']"
stance_tweets_555,neutral,"How do we get big tech companies like Twitter to abide by the spirit of the 1st Amendment, or moderate content by a set of clear and definable standards? Canyon Brimhall joins in the third episode of our series on big tech, free speech, and Section 230.

https://t.co/RfoJVuQPEh https://t.co/FheCcceTMr",1331374755962785792,1344313209390391296,2020-12-30T16:03:39.000Z,0.0,0.0,1.0,1.0,0.0,0.0,1.0,0.0,1.0,0.0,1.0,1.0,neutral,neutral,"['in favor of', 'against']","['A2Q1YS118AO2BP', 'ACDX50KGPE97I']"
stance_tweets_556,against,@RealPNavarro Cancel Section 230,1172757380397846528,1341917840081764356,2020-12-24T01:25:19.000Z,0.0,0.0,0.0,0.0,1.0,1.0,1.0,0.0,0.0,1.0,1.0,1.0,against,against,"['against', 'neutral']","['A2FCGEU5RTEWG8', 'A2Q1YS118AO2BP']"
