id,ground_truth,text,status_id,Date,relevant,problem_frame,solution_frame,topic_name_fabio,topic_name_second_fabio,frame_name_primary_fabio,frame_name_secondary_fabio,topic_name_paula,topic_name_secondary_paula,frame_name_primary_paula,frame_name_secondary_paula,mturk_annotation,WorkerId
topic_tweets_0,trump ban,"Post Edited: Short on alternatives, fans trash Twitter's Trump ban – on Twitter https://t.co/kFHbfp2KI4 https://t.co/Qb9Daxy2JG",1348156851825897472,2021-01-10T00:00:00Z,True,True,False,trump ban,,policy prescription and evaluation,,trump ban,,,,"['trump ban', 'trump ban']","['A2YYQJ3JWA2KGD', 'AJAPJJTISC36L']"
topic_tweets_1,section 230,"@DefenseAssange @elizabethmurra SHARE WIDELY-NO TO 230 REPEAL-NO PRICE ON FREE SPEECH-NO TO $2000 TIED TO THIS-SNEAK ATTACK

trump-s-sneak-attack-on-section-230 - compromises our PRICELESS free speech - NO to $2000 used as bait

https://t.co/klBJvGPsaq",1344178595963564032,2020-12-30T00:00:00Z,True,False,False,section 230,,constitutionality and jurisprudency ,,section 230,,policy prescription and evaluation,constitutionality and jurisprudency ,"['section 230', 'section 230']","['A2YYQJ3JWA2KGD', 'AMWIBULQ4S8K3']"
topic_tweets_2,section 230,Yes! Repeal Section 230 and do something about voter fraud! https://t.co/try90UUdbo #BREAKING: Senate Majority Leader Mitch McConnell introduces competing bill for $2K stimulus checks. It would also repeal Section 230 and set up commission to study voter fraud.,1344063670473478144,2020-12-29T00:00:00Z,True,False,False,section 230,,policy prescription and evaluation,,section 230,,policy prescription and evaluation,,"['section 230', 'section 230']","['A2FCGEU5RTEWG8', 'A3JZS32RQUWGJM']"
topic_tweets_3,section 230,Leading Digital Rights Group Warns Section 230 Reform Bill Will Boost Big Tech While Crushing Smaller Sites - https://t.co/zBbpCoSrNm via @commondreams,1357916774851874816,2021-02-06T00:00:00Z,True,False,False,section 230,,policy prescription and evaluation,,section 230,,capacity and resources ,economic ,"['section 230', 'section 230']","['A2Q1YS118AO2BP', 'A3JZS32RQUWGJM']"
topic_tweets_4,complaint,"@PrimRoZLane @jocelynmstanton @SecularLondoner @RickRobb58 @DeanSollinger @MollyJongFast They said as much. They won’t ban hate speech because they‘d have to take down lots of GOP politicians, which they don’t want to do because money. And a Trump donor recently bought shares and wanted to replace Jack as the boss. Trump will be free to continue inciting. 🤷🏼‍♀️🤮",1251376725306589184,2020-04-18T00:00:00Z,True,False,True,general complaint,,security and defense frames,,general complaint,platform policies,policy prescription and evaluation,economic ,"['platform policies', 'complaint']","['A2T5CROJ0FWIJY', 'A3RYI5HXC2MJLN']"
topic_tweets_5,section 230,ACTIVIST JUDGE BLOCKS TRUMP POLICIES...AGAIN!  +SECTION 230/TWITTER https://t.co/f2OdBLEBC6 via @YouTube,1334990699398389760,2020-12-04T00:00:00Z,True,False,False,section 230,,,,section 230,,,,"['section 230', 'section 230']","['A2T5CROJ0FWIJY', 'AMWIBULQ4S8K3']"
topic_tweets_6,trump ban,Twitch temporarily bans President Trump https://t.co/1ZoCMCij2J,1277654826143252480,2020-06-29T00:00:00Z,True,False,False,trump ban,,,,trump ban,,,,"['trump ban', 'trump ban']","['A2Q1YS118AO2BP', 'A3RYI5HXC2MJLN']"
topic_tweets_7,trump ban,Nikki Haley says Trump Twitter ban is 'what happens in China' https://t.co/a0J8vKbM0s #FoxNews,1347958919159816192,2021-01-09T00:00:00Z,True,True,False,trump ban,,other,,trump ban,general complaint,cultural identity,,"['trump ban', 'trump ban']","['A2YYQJ3JWA2KGD', 'A55X502YHPLPL']"
topic_tweets_8,complaint,"What I'm saying is, we need to see this cycle as what it is. When people defend the deplatforming of Sws as ""But they're protecting the children!!"" No they're not._x000D_
_x000D_
corps don't care if they're making money from cp. They only care if they get in trouble for it.",1353514468379136000,2021-01-25T00:00:00Z,True,True,False,general complaint,,economic ,morality ,general complaint,platform policies,security and defense frames,policy prescription and evaluation,"['other', 'platform policies']","['A2Q1YS118AO2BP', 'A2YYQJ3JWA2KGD']"
topic_tweets_9,section 230,"@wqyu @GMA @RebeccaJarvis Parties do not fall into either publisher or non-publisher categories. There is no platform vs publisher distinction in section 230. _x000D_
_x000D_
A private company gets to tell you to sit down and shut up or you don't get to play with their toys.",1347172094338064384,2021-01-07T00:00:00Z,True,False,False,section 230,,policy prescription and evaluation,,section 230,,"law and order, crime and justice frames",,"['section 230', 'section 230']","['A2HM35CWB7IIFM', 'A3RYI5HXC2MJLN']"
topic_tweets_10,complaint,"@KimBoon94 @Twitter @jack @Project_Veritas people are getting tired of loosing followers, shadow banning etc._x000D_
Do you already posses insider info which rules @jack handled to silence common sense?",1216995115664904192,2020-01-14T00:00:00Z,True,True,False,general complaint,,fairness and equality ,,general complaint,platform policies,policy prescription and evaluation,fairness and equality ,"['other', 'twitter support']","['A18DUG8EA8Y766', 'AMWIBULQ4S8K3']"
topic_tweets_11,complaint,"@_wheezus @Apple @amazon While I may not agree with their personal or political stances, the bans, censoring and systematic deplatforming of conservative voices on @Twitter and mixed with @Apple and @amazon deciding to provide them no quarter at every turn // @parler_app // should scare everyone.",1348719215486791680,2021-01-11T00:00:00Z,True,True,False,general complaint,,political,fairness and equality ,general complaint,platform policies,policy prescription and evaluation,political,"['complaint', 'platform policies']","['A2F48NO7AD9VKK', 'AMWIBULQ4S8K3']"
topic_tweets_12,trump ban,"Twitter clarifies suspending Trump's account, says he's permanently banned https://t.co/Zf6Mc2F3sd #SmartNews",1359581719796408320,2021-02-10T00:00:00Z,True,False,False,trump ban,,"law and order, crime and justice frames",,trump ban,,,,"['trump ban', 'trump ban']","['A18DUG8EA8Y766', 'AJAPJJTISC36L']"
topic_tweets_13,section 230,@CodeMonkeyZ Section 230 doesn't need to be removed. It needs to be reworked.,1344093793109364736,2020-12-30T00:00:00Z,True,False,False,section 230,,policy prescription and evaluation,,section 230,,policy prescription and evaluation,,"['section 230', 'section 230']","['A3RYI5HXC2MJLN', 'AMWIBULQ4S8K3']"
topic_tweets_14,trump ban,"@mtgreenee @Twitter Dear Marjorie, The “free market” also allows Twitter to ban Trump &amp; suspend you for breaking rules. It also allows you to delete your account and go to one of the new options with far fewer users. Twitter isn’t going to let Trump tweet again https://t.co/mldNPNQ55d",1351176776123297792,2021-01-18T00:00:00Z,True,False,False,trump ban,,"law and order, crime and justice frames",,trump ban,platform policies,capacity and resources ,,"['trump ban', 'trump ban']","['A2F48NO7AD9VKK', 'A2Q1YS118AO2BP']"
topic_tweets_15,trump ban,I just signed a @commoncause petition to @Facebook: Permanently ban Donald Trump. Sign here: https://t.co/1f5mRfwu2U,1357121257209163776,2021-02-04T00:00:00Z,True,False,True,trump ban,,policy prescription and evaluation,,trump ban,,policy prescription and evaluation,,"['trump ban', 'platform policies']","['A2HM35CWB7IIFM', 'A2Q1YS118AO2BP']"
topic_tweets_16,section 230,"Goldman, Purdue, Berkshire and many more are paying record fines. Google is being pursued on antitrust, section 230 is finally getting a review, and so much more!",1319726787874623488,2020-10-23T00:00:00Z,True,False,False,section 230,,other,,section 230,,economic ,policy prescription and evaluation,"['section 230', 'section 230']","['A2T5CROJ0FWIJY', 'A2YYQJ3JWA2KGD']"
topic_tweets_17,trump ban,"We're so used to Trump blasting his bullshit out to the universe that deplatforming him has left an existential void in the news. 'how do we even know what's going on in the WH?' So they jump to ask questions in the scramble. I say, deplatform him there, too. Impeach and remove. https://t.co/YPnvsOh1C4 There is a kind of belief that powerful people just need to be told they're full of shit, and they'll come around (Scrooge Syndrome?). But Trump isn't that kind of person. No amount of confronting him will change him. You just gotta remove him, now. https://t.co/kOLz3j6lvX",1349032418439663616,2021-01-12T00:00:00Z,True,False,True,trump ban,general complaint,policy prescription and evaluation,,trump ban,,policy prescription and evaluation,,"['platform policies', 'trump ban']","['A2Q1YS118AO2BP', 'AMWIBULQ4S8K3']"
topic_tweets_18,section 230,@mmpadellan Is this why he’s all pissed and screaming section 230? That man needs a section 8 right now.,1332327713386991616,2020-11-27T00:00:00Z,True,False,False,section 230,,policy prescription and evaluation,,section 230,,other,,"['section 230', 'section 230']","['A2F48NO7AD9VKK', 'AMWIBULQ4S8K3']"
topic_tweets_19,trump ban,Fellow free-speech absolutists: How are you feeling about a potential Trump Twitter ban?,1346989912432603136,2021-01-07T00:00:00Z,True,True,False,trump ban,,constitutionality and jurisprudency ,,trump ban,,constitutionality and jurisprudency ,,"['trump ban', 'trump ban']","['A2IOT3PCS9G5RK', 'AJAPJJTISC36L']"
topic_tweets_20,trump ban,"After using Twitter and Facebook to incite a violent coup, it's time to ban @realDonaldTrump permanently. https://t.co/EA1ndAlwwi",1347456183762898944,2021-01-08T00:00:00Z,True,False,True,trump ban,,policy prescription and evaluation,security and defense frames,trump ban,,security and defense frames,policy prescription and evaluation,"['trump ban', 'trump ban']","['A2HM35CWB7IIFM', 'A2IOT3PCS9G5RK']"
topic_tweets_21,platform policies,TechCruch - Facebook says it will ban QAnon across its platforms https://t.co/PTj82MbUmd,1313651264702443520,2020-10-07T00:00:00Z,True,False,False,platform policies,,,,platform policies,,,,"['platform policies', 'platform policies']","['A2Q1YS118AO2BP', 'A3JZS32RQUWGJM']"
topic_tweets_22,section 230,#DiaperDonald #DiaperDon #DiaperDonnie   We know they real reason behind you pushing section 230 https://t.co/cr2d9MPZXV,1332767121433112576,2020-11-28T00:00:00Z,True,False,False,section 230,,policy prescription and evaluation,,section 230,,political,,"['section 230', 'section 230']","['A2Q1YS118AO2BP', 'A3JZS32RQUWGJM']"
topic_tweets_23,trump ban,@jack @realDonaldTrump Your decision to ban Trump was correct.He is a dangerous man.,1349531752025481216,2021-01-14T00:00:00Z,True,False,True,trump ban,,policy prescription and evaluation,security and defense frames,trump ban,,security and defense frames,policy prescription and evaluation,"['trump ban', 'trump ban']","['A2T5CROJ0FWIJY', 'A2YYQJ3JWA2KGD']"
topic_tweets_24,trump ban,"The owner that Runs these Tech Web Hostings are All Democrats. It’s Simple as that. Money Buyes So you can Ban who ever you like? But a President?There will be Court Action Proceedings for been biased towards The President Trump?? I have been Band on Facebook for my Say Rigged https://t.co/hWPLvrAqRf President Trump's steadfast grip on Republicans in Washington is beginning to crumble, leaving him more politically isolated than at any other point in his turbulent administration. https://t.co/QugDuCtVA4",1348521174758608896,2021-01-11T00:00:00Z,True,True,False,trump ban,personal complaint,fairness and equality ,political,trump ban,personal complaint,political,economic ,"['complaint', 'complaint']","['A2F48NO7AD9VKK', 'AMWIBULQ4S8K3']"
topic_tweets_25,section 230,"Section 230 is complicated. Most people don’t know it protects things like comments on websites or forwarded emails... https://t.co/wQPSBSoYrL Section 230 protects anyone who maintains a website with comments, a message boards or newsgroups, or even anyone who forwards email. It's a mistake to say that specific tech companies are the only—or even the majority—of those online services it protects._x000D_
https://t.co/77lS0pGW6X",1334400347452870656,2020-12-03T00:00:00Z,True,False,False,section 230,,policy prescription and evaluation,,section 230,,"law and order, crime and justice frames",,"['section 230', 'section 230']","['A2T5CROJ0FWIJY', 'A2YYQJ3JWA2KGD']"
topic_tweets_26,section 230,Section 230: The Law at the Center of the Big Tech Debate | WSJ https://t.co/aacLcfvEGd,1329131894282219520,2020-11-18T00:00:00Z,True,False,False,section 230,,,,section 230,,,,"['other', 'section 230']","['A2T5CROJ0FWIJY', 'A3RYI5HXC2MJLN']"
topic_tweets_27,platform policies,"Facebook, Twitter CEO’s To Testify Tuesday To US Senate Panel Over Content Moderation Decisions https://t.co/rgX753rFvM via @theijr",1328716214999285760,2020-11-17T00:00:00Z,True,False,False,platform policies,,,,platform policies,,,,"['platform policies', 'platform policies']","['A2YYQJ3JWA2KGD', 'A3JZS32RQUWGJM']"
topic_tweets_28,trump ban,"President Trump may lose all his #socialmedia platforms on January 20th, 2021.  When Mr. Trump is no longer President, he is likely to be banned permanently for #TOS violations, according to the #NYTimes. #Facebook has issued him a lifetime ban already. https://t.co/FN7GzdvLK4",1347667314309795840,2021-01-08T00:00:00Z,True,False,False,trump ban,,,,trump ban,,policy prescription and evaluation,,"['trump ban', 'trump ban']","['A2T5CROJ0FWIJY', 'A3JZS32RQUWGJM']"
topic_tweets_29,trump ban,"@morningmika @Twitter Tweeter is the only waaay to know whats really going on at all times w/Trump. Its his brain child. A reel time running indictment of crime(s). #Needed. _x000D_
_x000D_
No to ban.",1263510346758791168,2020-05-21T00:00:00Z,True,True,False,trump ban,,policy prescription and evaluation,,trump ban,,policy prescription and evaluation,,"['trump ban', 'trump ban']","['A2T5CROJ0FWIJY', 'A2YYQJ3JWA2KGD']"
topic_tweets_30,section 230,dismantle section 230 of the CDA since firms like #facebook aren’t neutral and deciding what we can and can’t see. #FreeSpeech #socialmedia #holdsocialmedialiableforviolatingfreespeechrights #CustomerExperience,1273952246057906176,2020-06-19T00:00:00Z,True,True,False,section 230,,policy prescription and evaluation,constitutionality and jurisprudency ,section 230,general complaint,policy prescription and evaluation,constitutionality and jurisprudency ,"['section 230', 'section 230']","['A2F0X4LN9N4O4C', 'A2HM35CWB7IIFM']"
topic_tweets_31,section 230,@MAGACovfefe711 McConnell just put a bill for the same but repells section 230 .,1344064320678739968,2020-12-29T00:00:00Z,True,False,False,section 230,,,,section 230,,,,"['section 230', 'section 230']","['A2JPOXYZM5AJZZ', 'A2YYQJ3JWA2KGD']"
topic_tweets_32,section 230,"@page88 @JesseEisenberg It is not the job of Social Media to decide what is true or false. If they think they need to fact check and be biased, then they need to lose their immunity from liability created by section 230(c) of the Communications Decency Act.",1266143878849032192,2020-05-28T00:00:00Z,True,True,False,section 230,,policy prescription and evaluation,,section 230,,policy prescription and evaluation,political,"['section 230', 'section 230']","['A22KRF782ELLB0', 'A2JPOXYZM5AJZZ']"
topic_tweets_33,section 230,@the__mrf @fawfulfan @iwantlibertees @RossVerba @kellumdander @Surabees @TrumpWarRoom @Twitter @jack @DonaldJTrumpJr Literally none of section 230 supports this. There quite literally is no debate on this. You have been lied to by hacks.,1288139827578376192,2020-07-28T00:00:00Z,True,False,False,section 230,,other,,section 230,,,,"['section 230', 'section 230']","['AJAPJJTISC36L', 'AMWIBULQ4S8K3']"
topic_tweets_34,trump ban,"Parler jumps to No. 1 on App Store after Facebook and Twitter ban Trump - TechCrunch. Users are surging on small, conservative, social media platforms after President Donald Trump-s ban from the world-s largest social networks, even as those platforms are  https://t.co/WNTAsiwUTh",1348026971037585408,2021-01-09T00:00:00Z,True,False,False,trump ban,,,,trump ban,,,,"['trump ban', 'trump ban']","['A2Q1YS118AO2BP', 'A2YYQJ3JWA2KGD']"
topic_tweets_35,trump ban,"#Youtube joins #facebook, #snapchat, #twitter &amp; #twitch to ban Trump during his final week in office. https://t.co/2ZmTtAatwy #tech #socialmedia",1349367001563725824,2021-01-13T00:00:00Z,True,False,False,trump ban,,,,trump ban,,,,"['trump ban', 'trump ban']","['A3JZS32RQUWGJM', 'AMWIBULQ4S8K3']"
topic_tweets_36,section 230,"Get rid of these #FactCheckers or get rid of #Section230 . _x000D_
_x000D_
#LiberalismIsAMentalDisorder",1366985578336681984,2021-03-03T00:00:00Z,True,True,False,section 230,general complaint,policy prescription and evaluation,,section 230,general complaint,political,policy prescription and evaluation,"['section 230', 'section 230']","['A2T5CROJ0FWIJY', 'AMWIBULQ4S8K3']"
topic_tweets_37,complaint,@HamillHimself MAGAS will claim this is more cancel culture and deplatforming instigated by Antifa and big tech.,1350554074886889472,2021-01-16T00:00:00Z,True,True,False,general complaint,,political,,general complaint,platform policies,political,,"['platform policies', 'platform policies']","['A2YYQJ3JWA2KGD', 'AMWIBULQ4S8K3']"
topic_tweets_38,section 230,"@LostPatriot2020 @Donald09400775 @DataLyfe @phuong0892 @wetsprocket @RitaPanahi That’s the whole point. _x000D_
The first amendment says publishers are as liable as authors, distributors aren’t. _x000D_
Section 230 places tech as distributors but it requires interpretation, if you act as a publisher you clearly cross the line",1316725390547791872,2020-10-15T00:00:00Z,True,False,False,section 230,,constitutionality and jurisprudency ,,section 230,,"law and order, crime and justice frames",,"['section 230', 'section 230']","['A2T5CROJ0FWIJY', 'A3JZS32RQUWGJM']"
topic_tweets_39,platform policies,TikTok plans to do more to tackle hateful content after reports say it has a ‘Nazi problem’ https://t.co/lETWk2PCks,1318802844871499776,2020-10-21T00:00:00Z,True,False,True,platform policies,,capacity and resources ,morality ,platform policies,,,,"['other', 'platform policies']","['A2JPOXYZM5AJZZ', 'A3JZS32RQUWGJM']"
topic_tweets_40,section 230,"I’m not for repealing Section 230_x000D_
_x000D_
I’m for passing a new federal law that holds Twitter to the same First Amendment restrictions that apply to public universities",1266353208450068480,2020-05-29T00:00:00Z,True,False,False,section 230,,policy prescription and evaluation,constitutionality and jurisprudency ,section 230,,fairness and equality ,policy prescription and evaluation,"['section 230', 'section 230']","['A18DUG8EA8Y766', 'A22KRF782ELLB0']"
topic_tweets_41,section 230,"@EmGorse @BarnettforAZ @zev_dr Section 230 was never meant to prevent website owners from determining what kind of content appear on the website property they own._x000D_
_x000D_
The law merely says: If owners allow users to self-publish, under whatever rules, owners cannot usually be sued for the self-published speech.",1315783368622080000,2020-10-12T00:00:00Z,True,False,False,section 230,,"law and order, crime and justice frames",,section 230,,policy prescription and evaluation,"law and order, crime and justice frames","['section 230', 'section 230']","['A2T5CROJ0FWIJY', 'A3JZS32RQUWGJM']"
topic_tweets_42,section 230,@bbmind @CongressmanRaja Section 230 is what lets us have internet porn,1334229642643972096,2020-12-02T00:00:00Z,True,False,False,section 230,,,,section 230,,,,"['section 230', 'section 230']","['A2Q1YS118AO2BP', 'A2T5CROJ0FWIJY']"
topic_tweets_43,section 230,"@ChristopherTerr Good idea. I think they need it. Esp. the lawyers, apparently. BTW, it must be section 230's fault, right?",1347341671638343680,2021-01-08T00:00:00Z,True,False,False,section 230,,,,section 230,,other,,"['section 230', 'section 230']","['A3JZS32RQUWGJM', 'AMWIBULQ4S8K3']"
topic_tweets_44,section 230,"Fighting Hate Speech Online Means Keeping Section 230, Not Burying It https://t.co/nQi04cHJUD via @Techdirt",1300538206308511744,2020-08-31T00:00:00Z,True,False,True,section 230,,"law and order, crime and justice frames",,section 230,,policy prescription and evaluation,morality ,"['section 230', 'section 230']","['A2HM35CWB7IIFM', 'AMWIBULQ4S8K3']"
topic_tweets_45,section 230,"@willchamberlain @RepCawthorn No. Apple is demanding that they moderate calls for violence and hate speech as they are required to by section 230 and Apple’s terms of use._x000D_
Your interpretation is 100% wrong.",1348270144531869696,2021-01-10T00:00:00Z,True,False,True,section 230,platform policies,security and defense frames,policy prescription and evaluation,section 230,,"law and order, crime and justice frames",,"['section 230', 'section 230']","['A3JZS32RQUWGJM', 'A3RYI5HXC2MJLN']"
topic_tweets_46,section 230,@RepMattGaetz But yet you all did nothing when it came to removing section 230. Nice job.,1348674225901473792,2021-01-11T00:00:00Z,True,False,False,section 230,,policy prescription and evaluation,,section 230,,policy prescription and evaluation,,"['section 230', 'section 230']","['A2IOT3PCS9G5RK', 'A2T5CROJ0FWIJY']"
topic_tweets_47,trump ban,"Trump a Twitter rival? After ban, president says he's in talks with other platforms -- or may launch his own

https://t.co/0p2S2rcJYV",1347856578494476288,2021-01-09T00:00:00Z,True,False,False,trump ban,,,,trump ban,,,,"['trump ban', 'trump ban']","['A2F48NO7AD9VKK', 'A2YYQJ3JWA2KGD']"
topic_tweets_48,trump ban,hey @Twitter @jack you should ban trump https://t.co/DABGEs4t7Z Today would be a great day for Twitter to ban Trump.,1346926632272060416,2021-01-06T00:00:00Z,True,False,True,trump ban,,policy prescription and evaluation,,trump ban,,policy prescription and evaluation,,"['trump ban', 'trump ban']","['A2JPOXYZM5AJZZ', 'A2T5CROJ0FWIJY']"
topic_tweets_49,complaint,"Give examples of misplaced priorities.._x000D_
I'll start_x000D_
1.Northern governors clamouring for social media ban_x000D_
#NoToSocialMediaBill",1323731399174688768,2020-11-03T00:00:00Z,True,True,False,general complaint,,policy prescription and evaluation,,general complaint,,policy prescription and evaluation,,"['complaint', 'trump ban']","['A2F48NO7AD9VKK', 'A2YYQJ3JWA2KGD']"
topic_tweets_50,trump ban,Why Jack Dorsey Sees Bitcoin As The Answer To Donald Trump Ban Controversy https://t.co/EITIDURyrh #Bitcoin  #Cryptocurrency #FinTech,1349628550152810496,2021-01-14T00:00:00Z,True,False,False,trump ban,,,,trump ban,,policy prescription and evaluation,,"['trump ban', 'trump ban']","['A2IOT3PCS9G5RK', 'A2T5CROJ0FWIJY']"
topic_tweets_51,section 230,"U R listening to the wrong voices:
@nataliewsj
McConnell says Senate will address Trump’s concerns about the stimulus payments, Section 230, and his  complaints about the election.

“This week the Senate will begin a process to bring these three priorities into focus,” he said, https://t.co/OHezHkdqbC",1343996335922401280,2020-12-29T00:00:00Z,True,False,False,section 230,,political,,section 230,,,,"['section 230', 'section 230']","['A2HM35CWB7IIFM', 'A2YYQJ3JWA2KGD']"
topic_tweets_52,platform policies,"@HarleyGeiger @caseyjohnellis @alexstamos @jeremiahg @Riana_Crypto Frankly, social media companies can probably learn a lot from video game companies around content moderation and banning. _x000D_
_x000D_
Hell hath no fury like a gamer who has now lost all progress in all their games tied to that account...",1347987497196736512,2021-01-09T00:00:00Z,True,False,False,platform policies,,policy prescription and evaluation,,platform policies,,policy prescription and evaluation,quality of life,"['platform policies', 'platform policies']","['A18DUG8EA8Y766', 'A2T5CROJ0FWIJY']"
topic_tweets_53,section 230,"Without the Section 230 protection for decisions to block or remove phishing, spam, adware or malware, it becomes riskier and more expensive to offer these services. So more will get through, and everyone will be less secure.",1273331393792053248,2020-06-17T00:00:00Z,True,False,True,section 230,,policy prescription and evaluation,security and defense frames,section 230,,policy prescription and evaluation,economic ,"['section 230', 'section 230']","['A2IOT3PCS9G5RK', 'AMWIBULQ4S8K3']"
topic_tweets_54,section 230,@lashanasshi @TkKoza @1969tttt @TulsiPress @RepGosar These morons are too dumb to realize removing section 230 is going to put the censorship on steroids.,1336992658586210304,2020-12-10T00:00:00Z,True,False,False,section 230,,policy prescription and evaluation,fairness and equality ,section 230,,policy prescription and evaluation,political,"['section 230', 'section 230']","['A3RYI5HXC2MJLN', 'AJAPJJTISC36L']"
topic_tweets_55,trump ban,"@Twitter CEO Jack Dorsey’s statement regarding last weeks ban on President Trump’s account. The Filthy American has been following and reporting the actions involving tech companies censorship of certain figures. #censorship https://t.co/ijmpYR2fss I do not celebrate or feel pride in our having to ban @realDonaldTrump from Twitter, or how we got here. After a clear warning we’d take this action, we made a decision with the best information we had based on threats to physical safety both on and off Twitter. Was this correct?",1349549214305554432,2021-01-14T00:00:00Z,True,False,True,trump ban,,fairness and equality ,policy prescription and evaluation,trump ban,,,,"['trump ban', 'trump ban']","['A2HM35CWB7IIFM', 'AMWIBULQ4S8K3']"
topic_tweets_56,section 230,@realDonaldTrump Trump was just fine with Section 230 before his Twitter account was flagged.,1336341435608571904,2020-12-08T00:00:00Z,True,False,False,section 230,,other,,section 230,,political,,"['section 230', 'section 230']","['A22KRF782ELLB0', 'A3JZS32RQUWGJM']"
topic_tweets_57,section 230,"They do not want you to understand what section 230 is. In short, section 230 makes it so websites can't be held legally accountable for the ""crimes"" of their users. When they get to choose what is and isn't a crime this quickly leads to soft banning anything they want. https://t.co/5F1rVHevcu So when they tell you they want to give you 2k and repeal section 230, understand they are cutting you a check in exchange for them getting to choose what is and isn't allowed online. With the drop of a hat they can sue/block/ban Twitter if they don't ban certain types of posts. https://t.co/aWGYJDJuAs",1344127902049214464,2020-12-30T00:00:00Z,True,True,False,section 230,,policy prescription and evaluation,,section 230,,constitutionality and jurisprudency ,"law and order, crime and justice frames","['section 230', 'section 230']","['A2T5CROJ0FWIJY', 'A3JZS32RQUWGJM']"
topic_tweets_58,section 230,"@lindsaywise As it stands right now, both Trump and Biden have expressed disapproval of Section 230. Both of them want it revoked._x000D_
_x000D_
Let them revoke it. I'll be happy to watch as social media dies.",1334682117884833792,2020-12-04T00:00:00Z,True,False,False,section 230,,policy prescription and evaluation,,section 230,,policy prescription and evaluation,,"['section 230', 'section 230']","['A2T5CROJ0FWIJY', 'AJAPJJTISC36L']"
topic_tweets_59,section 230,"@magahive @OraProNobis111 @vijaya @senjudiciary 3_x000D_
""Once 230 is removed &amp; they try to censor we can sue them.""_x000D_
If their Section 230 protections are removed, they will filter/ban/block/flag even more, with the excuse ""we don't want to be sued"".  They would be within their rights.  That would be bad for free speech!",1317000460004282368,2020-10-16T00:00:00Z,True,True,False,section 230,,policy prescription and evaluation,constitutionality and jurisprudency ,section 230,,"law and order, crime and justice frames",constitutionality and jurisprudency ,"['complaint', 'section 230']","['A2F48NO7AD9VKK', 'AMWIBULQ4S8K3']"
topic_tweets_60,platform policies,"@LDC0240 @Timcast Deplatforming is not censorship. If I doxxed you tonight and made credible threats to harm you, I would be removed from this platform and rightly so._x000D_
_x000D_
Fascist movements are inherently violent and abusive, ergo.....",1348494733207859200,2021-01-11T00:00:00Z,True,False,True,platform policies,,fairness and equality ,security and defense frames,platform policies,,morality ,policy prescription and evaluation,"['other', 'other']","['A3RYI5HXC2MJLN', 'AMWIBULQ4S8K3']"
topic_tweets_61,trump ban,"@zijital @PalmerReport Twitter can ban Trump when he becomes Ex-President Trump_x000D_
_x000D_
He won't be a ''world leader'' after 20 January 2021",1329137237246705664,2020-11-18T00:00:00Z,True,False,False,trump ban,,policy prescription and evaluation,,trump ban,,policy prescription and evaluation,,"['trump ban', 'trump ban']","['A2IOT3PCS9G5RK', 'A2T5CROJ0FWIJY']"
topic_tweets_62,section 230,GET RID OF SECTION 230 PROTECTIONS!!!,1334277204298043392,2020-12-02T00:00:00Z,True,False,False,section 230,,policy prescription and evaluation,,section 230,,policy prescription and evaluation,,"['section 230', 'section 230']","['A2Q1YS118AO2BP', 'AJAPJJTISC36L']"
topic_tweets_63,section 230,Tweeter is blocking searches for certain individuals I will name later.... I hope in the lawsuit when the Republican party remove section 230....,1326358255048790016,2020-11-11T00:00:00Z,True,True,False,section 230,,"law and order, crime and justice frames",,section 230,,policy prescription and evaluation,fairness and equality ,"['section 230', 'section 230']","['A2T5CROJ0FWIJY', 'AJAPJJTISC36L']"
topic_tweets_64,section 230,"JANUARY 6, 2021. SECTION 230. https://t.co/TIdSoLM6X8",1345499376119005184,2021-01-02T00:00:00Z,True,False,False,section 230,,,,section 230,,,,"['section 230', 'section 230']","['A3JZS32RQUWGJM', 'AJAPJJTISC36L']"
topic_tweets_65,section 230,"Repeal Section 230, $2,000 stimulus checks. 💯🇺🇸",1344188060666355712,2020-12-30T00:00:00Z,True,False,False,section 230,,policy prescription and evaluation,,section 230,,policy prescription and evaluation,,"['section 230', 'section 230']","['A2T5CROJ0FWIJY', 'A3JZS32RQUWGJM']"
topic_tweets_66,trump ban,"YouTube prolongs Trump suspension citing ‘ongoing potential for violence’ as Big Tech dou ...
Source: Russia Today
https://t.co/AxYtDJyR4M",1354366001408831488,2021-01-27T00:00:00Z,True,False,True,trump ban,,security and defense frames,,trump ban,,,,"['trump ban', 'trump ban']","['A2Q1YS118AO2BP', 'A2YYQJ3JWA2KGD']"
topic_tweets_67,section 230,"Republicans seem to loooove creating bogeyman they can use to drum up fear._x000D_
_x000D_
Socialism_x000D_
Atheists_x000D_
The LGBT_x000D_
(just to name a few)_x000D_
and now apparently Section 230_x000D_
_x000D_
This is not a healthy way to hold a dialogue.",1344094305326047232,2020-12-30T00:00:00Z,True,False,False,section 230,,political,,section 230,,political,,"['section 230', 'section 230']","['A2Q1YS118AO2BP', 'A2YYQJ3JWA2KGD']"
topic_tweets_68,section 230,"@capitalkiwi I take your point and I agree. But I understand this was the point with DJT – he was using his account to incite violence and rebellion. Section 230 gives social media broad immunity from what its users post, but they probably feared they didn't have enough cover for this.",1348016627887992832,2021-01-09T00:00:00Z,True,False,False,section 230,,security and defense frames,policy prescription and evaluation,section 230,,policy prescription and evaluation,"law and order, crime and justice frames","['section 230', 'section 230']","['A2F48NO7AD9VKK', 'A2T5CROJ0FWIJY']"
topic_tweets_69,complaint,"In principle I agree with push against cancel culture &amp; for free speech.

But makes me feel uncomfortable that those most vocal in that crowd are racists/homophobes/transphobes/misogynists.

Deplatforming people with offensive views isn't attacking free speech. Arresting them is. https://t.co/nf7Bc63HJe Why else would people like Joanne put on this performance? They may hate the shame but they love the attention and the social currency they accrue in the process of being shamed._x000D_

Shamed for *their* actions, mind. That's what kicked this all off. https://t.co/4eC0QqUNo9",1281659152046198784,2020-07-10T00:00:00Z,True,False,True,general complaint,,constitutionality and jurisprudency ,policy prescription and evaluation,general complaint,,morality ,policy prescription and evaluation,"['other', 'other']","['A2Q1YS118AO2BP', 'A2T5CROJ0FWIJY']"
topic_tweets_70,trump ban,I just signed a @commoncause petition to @Facebook: Permanently ban Donald Trump. Sign here: https://t.co/v2o4GBDC8C,1357153608761020416,2021-02-04T00:00:00Z,True,False,True,trump ban,,policy prescription and evaluation,,trump ban,,policy prescription and evaluation,,"['trump ban', 'trump ban']","['A22KRF782ELLB0', 'A2YYQJ3JWA2KGD']"
topic_tweets_71,trump ban,"@LindseyGrahamSC @VP Many Republicans are more upset by the twitter ban than by Trump’s incitement of a violent insurrection._x000D_
_x000D_
These people are disgraceful.",1349224730180677632,2021-01-13T00:00:00Z,True,False,True,trump ban,,political,,trump ban,,political,,"['trump ban', 'trump ban']","['A2HM35CWB7IIFM', 'A2YYQJ3JWA2KGD']"
topic_tweets_72,section 230,@mmcyc3397 @RyanAFournier Do you understand what section 230 is? Is it going to stop censoring of content? No it probably cause more. Because all 230 is doing is protecting them from lawsuits due the contents of post. So revoke it.,1329746086437720064,2020-11-20T00:00:00Z,True,True,False,section 230,,policy prescription and evaluation,,section 230,,policy prescription and evaluation,,"['section 230', 'section 230']","['A2YYQJ3JWA2KGD', 'AJAPJJTISC36L']"
topic_tweets_73,complaint,RT or like if you can see this. Think Twitter is shadow banning me 😢,1285291434711670784,2020-07-20T00:00:00Z,True,True,False,personal complaint,platform policies,fairness and equality ,,personal complaint,,policy prescription and evaluation,fairness and equality ,"['complaint', 'platform policies']","['A2T5CROJ0FWIJY', 'A2YYQJ3JWA2KGD']"
topic_tweets_74,platform policies,"This seems like a good solution to me, actually. Split the market: those who want strict content moderation and protection from ideas they disagree with can go to Patreon; those who want neither go to Substack. https://t.co/7gG0jzYy68 Just got a shameless email from @Patreon trying to entice me to switch platforms for @JoinPersuasion from @SubstackInc because of their ""policies.""_x000D_

Given the tenor of the email, I have serious doubts about how long independent thinkers will find a hospitable home on Patreon.",1380211141440204800,2021-04-08T00:00:00Z,True,True,False,platform policies,,policy prescription and evaluation,,platform policies,,policy prescription and evaluation,,"['other', 'platform policies']","['A2Q1YS118AO2BP', 'AMWIBULQ4S8K3']"
topic_tweets_75,platform policies,"Conservatives backing President Donald Trump's claims of election malfeasance have sparked a migration to alternative social media sites which have refrained from filtering unverified claims.

https://t.co/H0HctsW7EW",1327827666678910976,2020-11-15T00:00:00Z,True,False,False,platform policies,,fairness and equality ,,platform policies,,,,"['platform policies', 'other']","['A3JZS32RQUWGJM', 'A3RYI5HXC2MJLN']"
topic_tweets_76,trump ban,Facebook targets 'stop the steal' content and says Trump ban may be permanent https://t.co/zqJHuOjyWd NAI(Natural Artificial Intelligence),1348906849110781952,2021-01-12T00:00:00Z,True,False,False,trump ban,,political,,trump ban,platform policies,,,"['trump ban', 'trump ban']","['A2F48NO7AD9VKK', 'A2IOT3PCS9G5RK']"
topic_tweets_77,section 230,How Jack Dorsey will defend Twitter in tomorrow’s Senate hearing on Section 230 https://t.co/3qDC7VAvAC https://t.co/Rwc3vA5hPW,1321192079079493632,2020-10-27T00:00:00Z,True,False,False,section 230,,,,section 230,,,,"['section 230', 'section 230']","['A18DUG8EA8Y766', 'AMWIBULQ4S8K3']"
topic_tweets_78,complaint,"@NS_Voice @aTeXan575 Typical liberal,
Just because she threatens to kill people, they only fire her!

Had a Trump supporter, done what she did,

Not only would they be fired, they be ban from every social media site and be splashed all over CNN, CBS, NBC,CBC CTV and Global

Trump 2020 https://t.co/GcnXKEaS2t",1280001369278054400,2020-07-06T00:00:00Z,True,True,False,general complaint,,fairness and equality ,,general complaint,,political,fairness and equality ,"['complaint', 'other']","['A2JPOXYZM5AJZZ', 'A2Q1YS118AO2BP']"
topic_tweets_79,complaint,"I Just CAUGHT Youtube Shadowbanning My Video, Social Media Will PROTECT ... https://t.co/jcwZ0yyGE5 via @YouTube",1262070980979146752,2020-05-17T00:00:00Z,True,True,False,personal complaint,,fairness and equality ,,personal complaint,,policy prescription and evaluation,fairness and equality ,"['complaint', 'complaint']","['A2YYQJ3JWA2KGD', 'A3JZS32RQUWGJM']"
topic_tweets_80,complaint,"@juanycfhall Are the responses to his tweet that mention  ""bloking"" violations of Twitters TOS? _x000D_
Manipulation &amp; targeted harassment certainly seem to be. _x000D_
Not saying getting blocked by A'holes is bad, _x000D_
It's the method &amp; manipulation for an end run around some well deserved shadow banning",1302498320364064768,2020-09-06T00:00:00Z,True,True,False,general complaint,,fairness and equality ,policy prescription and evaluation,general complaint,platform policies,fairness and equality ,,"['complaint', 'platform policies']","['A2JPOXYZM5AJZZ', 'A2YYQJ3JWA2KGD']"
topic_tweets_81,section 230,"@prageru No it doesn't. This is a lie.

Here's the full text of section 230.

https://t.co/TCOlmvm88i",1270762596778553344,2020-06-10T00:00:00Z,True,False,False,section 230,,other,,section 230,,"law and order, crime and justice frames",,"['section 230', 'section 230']","['A2IOT3PCS9G5RK', 'A2YYQJ3JWA2KGD']"
topic_tweets_82,trump ban,Trump Releases Video on Twitter Ban and Violence https://t.co/hfwDfX7NDD via @YouTube,1349804904760582144,2021-01-14T00:00:00Z,True,False,False,trump ban,,,,trump ban,,,,"['trump ban', 'trump ban']","['A22KRF782ELLB0', 'A3JZS32RQUWGJM']"
topic_tweets_83,section 230,"@Real_QL Actually I think section 230 ironically shields him from some point of this or at least anything not explicitly illegal._x000D_
_x000D_
Irony of ironies",1347762078828916736,2021-01-09T00:00:00Z,True,False,False,section 230,,"law and order, crime and justice frames",,section 230,,"law and order, crime and justice frames",,"['section 230', 'section 230']","['A1IFIK8J49WBER', 'A2Q1YS118AO2BP']"
topic_tweets_84,section 230,"@ImSpeaking13 I trust him as far as I can throw him. It's a ploy and it will fail, leaving us with no stimulus checks at all. _x000D_
It also makes perfect sense that he may use this as a way to get section 230 removed, which isn't going to happen. So, again, no checks for the American people.",1341803794238156800,2020-12-23T00:00:00Z,True,False,False,section 230,,political,economic ,section 230,,economic ,political,"['section 230', 'section 230']","['A3JZS32RQUWGJM', 'AJAPJJTISC36L']"
topic_tweets_85,section 230,"@Bubblebathgirl None of this happened, lies. No one getting 2 grand, it is 6oo. Section 230 was not even in the bill and was not touched. Pork is still in the bill and it is Mitch McConnells pork. Your such a POS liar. Why are you Trump supporters so brainwashed? I know him 35 yrs, con &amp; crook.",1343407673304354816,2020-12-28T00:00:00Z,True,False,False,section 230,,other,,section 230,,political,,"['section 230', 'section 230']","['A2YYQJ3JWA2KGD', 'AMWIBULQ4S8K3']"
topic_tweets_86,section 230,"@CNNnewsroom The Digital oligarchs arbitrarily misusing Section 230 to attack political opponents and dissidents has caused greater shock to the world than the Capitol Hill Riot. Europe has begun to consider enacting special laws to stop such violations. Repeal 230!!
https://t.co/DcVUZ5u0FA",1349056324781432832,2021-01-12T00:00:00Z,True,True,False,section 230,,policy prescription and evaluation,political,section 230,general complaint,policy prescription and evaluation,political,"['section 230', 'section 230']","['A2FCGEU5RTEWG8', 'AJAPJJTISC36L']"
topic_tweets_87,platform policies,"Social media firms must do more to remove hateful content, says UK PM's spokesman - Reuters https://t.co/ovn60MAOk8",1290431238470279168,2020-08-03T00:00:00Z,True,False,True,platform policies,,policy prescription and evaluation,,platform policies,general complaint,morality ,policy prescription and evaluation,"['platform policies', 'platform policies']","['A3JZS32RQUWGJM', 'AJAPJJTISC36L']"
topic_tweets_88,section 230,"They also are trying to remove free speech under section 230 for the Internet. #encryption is math &amp; algorithms, to be afraid 😱 of it is ridiculous.

To allow a governing body to take it away from you, is to allow the fox 🦊 into the hen house.

🧵/2 https://t.co/06FQg1Tty2",1237588681461911552,2020-03-11T00:00:00Z,True,False,False,section 230,,constitutionality and jurisprudency ,,section 230,,constitutionality and jurisprudency ,policy prescription and evaluation,"['section 230', 'section 230']","['A18DUG8EA8Y766', 'A2T5CROJ0FWIJY']"
topic_tweets_89,trump ban,"@Twitter insider leaks tape of CEO @Jack Dorsey telling staff Trump ban is 'bigger than just one account &amp; will go on beyond inauguration day.

No wonder people are leaving Twitter as they are leading a assault on Freedom of Speech.
 https://t.co/VqmXBVfEJB via @MailOnline",1350005897855168512,2021-01-15T00:00:00Z,True,True,False,trump ban,platform policies,policy prescription and evaluation,constitutionality and jurisprudency ,trump ban,general complaint,constitutionality and jurisprudency ,,"['trump ban', 'trump ban']","['A2IOT3PCS9G5RK', 'A2YYQJ3JWA2KGD']"
topic_tweets_90,complaint,"@cenkuygur Killing free speech = fascism. _x000D_
_x000D_
Dems trying to kill free speech (deplatforming, ISPs filtering sites, platforms changing algorithms to favor establishment...so on) = fascists. _x000D_
_x000D_
@AOC @IlhanMN @SenSanders @RoKhanna @JoeBiden @briebriejoy @jimmy_dore @krystalball @PeoplesParty_US",1351962379727364096,2021-01-20T00:00:00Z,True,True,False,general complaint,platform policies,constitutionality and jurisprudency ,political,general complaint,platform policies,constitutionality and jurisprudency ,political,"['complaint', 'platform policies']","['A2Q1YS118AO2BP', 'A2YYQJ3JWA2KGD']"
topic_tweets_91,section 230,"Why aren't we talking about the elephant in the room? Removing section 230 protections will force them to remove MORE content, because of their legal liability. This will hit the right even harder.
https://t.co/HQCTYE7VEG",1317514792685326336,2020-10-17T00:00:00Z,True,True,False,section 230,,policy prescription and evaluation,constitutionality and jurisprudency ,section 230,,"law and order, crime and justice frames",political,"['section 230', 'section 230']","['A2F48NO7AD9VKK', 'A3RYI5HXC2MJLN']"
topic_tweets_92,section 230,"@LucasFoxNews @realDonaldTrump If the veto isn't overruled, the real president can sign it in a few weeks._x000D_
Also he could have vetoed the line items. He was just pouting that Section 230 wasn't appealed so he could control Twitter.. _x000D_
Also he is a jerk.",1342812630474514432,2020-12-26T00:00:00Z,True,False,False,section 230,,political,,section 230,,political,,"['section 230', 'section 230']","['A2IOT3PCS9G5RK', 'A2T5CROJ0FWIJY']"
topic_tweets_93,trump ban,"SNAPCHAT KICKED DONALD TRUMP TO THE CURB Snapchat permanently suspends Trump, saying it is 'in the interest of public safety' after Capitol riots. The American President is now isolated, he is a pariah.
https://t.co/IFJfPrh7Us",1349528650530643968,2021-01-14T00:00:00Z,True,False,True,trump ban,,policy prescription and evaluation,,trump ban,,policy prescription and evaluation,security and defense frames,"['trump ban', 'trump ban']","['A2IOT3PCS9G5RK', 'AMWIBULQ4S8K3']"
topic_tweets_94,platform policies,"@richardmarx @BradleyWhitford @RealJamesWoods James Woods said_x000D_
Reminder: block any twenty accounts a day that have the hashtag “resist” in their profile. It slows them down and offsets Twitter’s shadow-banning of conservative accounts.",1303113292475371520,2020-09-07T00:00:00Z,True,True,False,platform policies,,fairness and equality ,,platform policies,,political,,"['platform policies', 'complaint']","['A2Q1YS118AO2BP', 'A2T5CROJ0FWIJY']"
topic_tweets_95,section 230,@realDerekUtley @Yelp Bro if you get rid of section 230 the internet becomes more moderated because of the fear of being sued. You guys don’t know what you’re talking about 🤣,1314651633964457984,2020-10-09T00:00:00Z,True,False,False,section 230,general complaint,policy prescription and evaluation,,section 230,,"law and order, crime and justice frames",policy prescription and evaluation,"['section 230', 'section 230']","['A2YYQJ3JWA2KGD', 'ABY1RK8H6HC8C']"
topic_tweets_96,section 230,@errollouis Do you think maybe the CTA attachment to the NDAA is as big a reason for his objection as Section 230 is?,1343725765251100672,2020-12-29T00:00:00Z,True,False,False,section 230,,other,,section 230,,policy prescription and evaluation,,"['section 230', 'section 230']","['A2YYQJ3JWA2KGD', 'AMWIBULQ4S8K3']"
topic_tweets_97,trump ban,"Sign the petition to Facebook: Permanently ban Trump:
https://t.co/ZoyVFo43Jq",1359726893696745472,2021-02-11T00:00:00Z,True,False,True,trump ban,,policy prescription and evaluation,,trump ban,,policy prescription and evaluation,,"['trump ban', 'trump ban']","['A1IFIK8J49WBER', 'A3JZS32RQUWGJM']"
topic_tweets_98,section 230,"@LindseyGrahamSC The fact that you call it a “demand” is abhorrent! The American people deserve the support of their government and $2,000 pp is well overdue. The fact it will be held hostage unless Section 230 is addressed is horseshit! #humanroulette #americansaredyingtrumpkeepslying",1342670503476158464,2020-12-26T00:00:00Z,True,False,False,section 230,,economic ,policy prescription and evaluation,section 230,,economic ,policy prescription and evaluation,"['section 230', 'section 230']","['A3GLUDQZGEJL5G', 'A3JZS32RQUWGJM']"
topic_tweets_99,section 230,Worth reviewing the (updated) timeline of The White House's call for a review of Section 230: https://t.co/e9xGaW9K2S #KobmaxQueen,1268804904790958080,2020-06-05T00:00:00Z,True,False,False,section 230,,,,section 230,,,,"['section 230', 'section 230']","['A2IOT3PCS9G5RK', 'A2Q1YS118AO2BP']"
topic_tweets_100,complaint,"@JeannieO20 @JudiciaryGOP @KamalaHarris You see the link below that says ""may contain offensive content"". That's not conservative bias. 🙄🙄_x000D_
_x000D_
You realize that you don't have to follow them? You can even block them if you want. It's a 2nd grader mentality to have to respond with a childish comment.",1356428940609421312,2021-02-02T00:00:00Z,True,False,False,general complaint,,other,,general complaint,,political,,"['complaint', 'other']","['A2YYQJ3JWA2KGD', 'A3RYI5HXC2MJLN']"
topic_tweets_101,section 230,@realDonaldTrump Repeal Section 230. Then Twitter will dump toxic abusers like @realDonaldTrump,1345073798392016896,2021-01-01T00:00:00Z,True,False,True,section 230,trump ban,policy prescription and evaluation,,section 230,general complaint,policy prescription and evaluation,,"['section 230', 'section 230']","['A2T5CROJ0FWIJY', 'A3JZS32RQUWGJM']"
topic_tweets_102,section 230,Section 230 ya heard that @tedcruz? You held the hearings. It’s time for you to do the right thing. No puns intended.,1335384673934057472,2020-12-06T00:00:00Z,True,False,False,section 230,,,,section 230,,morality ,,"['section 230', 'section 230']","['A2Q1YS118AO2BP', 'AMWIBULQ4S8K3']"
topic_tweets_103,complaint,@MollyJongFast @_ReaalAmerican_ Imagine following it with deplatforming right wing disinformation outlets. Peace and sanity would break out in no time.,1352646471980437504,2021-01-22T00:00:00Z,True,False,False,general complaint,,political,,general complaint,,political,security and defense frames,"['other', 'platform policies']","['A2F48NO7AD9VKK', 'A2YYQJ3JWA2KGD']"
topic_tweets_104,platform policies,"@LimaFellipe1 @TamaraSurin @JAMA_current This argument has played out numerous times to the same end. Deplatforming is what works to decrease radicalization, not widespread debate. To understand why, _x000D_
you'd have to recognize that racism isn't rational and rationality cannot convince racists they are wrong.",1367553303387594752,2021-03-04T00:00:00Z,True,False,True,platform policies,,security and defense frames,,platform policies,,policy prescription and evaluation,,"['complaint', 'platform policies']","['A2Q1YS118AO2BP', 'A2YYQJ3JWA2KGD']"
topic_tweets_105,platform policies,"Facebook said it would ban all groups and pages affiliated with the QAnon conspiracy theory, which has continued to spread on the platform. https://t.co/CJTrVydmtA via @HuffPostPol",1313689641233518592,2020-10-07T00:00:00Z,True,False,True,platform policies,,morality ,policy prescription and evaluation,platform policies,,,,"['platform policies', 'platform policies']","['A2HM35CWB7IIFM', 'A55X502YHPLPL']"
topic_tweets_106,section 230,@LindseyGrahamSC For a Senator you sure don't understand what Section 230 is. Repealing it would force them to remove Trump's content or risk a lawsuit for playing a role in his insurrection.,1347802237091729408,2021-01-09T00:00:00Z,True,False,False,section 230,,policy prescription and evaluation,,section 230,,political,"law and order, crime and justice frames","['section 230', 'section 230']","['A18DUG8EA8Y766', 'A2T5CROJ0FWIJY']"
topic_tweets_107,section 230,"This is ridiculous. Even after @jack got raked across the coals by the senate for his blatant censorship and election interference. We MUST repeal section 230 NOW! #Repeal230 #stopbigtechcensorahip #FreedomOfSpeech https://t.co/cpa82KMQVv It's absolutely INSANE that Twitter BLOCKED @marklevinshow's tweet that merely articulated Art. II, §1, cl. 2 of the United States Constitution! _x000D_

Iran's Ayatollah Khamenei can tweet calls for Israeli genocide but Mark Levin cannot cite the U.S. Constitution.

WOW‼️ ⬇️ https://t.co/3RJTIlx5qj",1324817523271892992,2020-11-06T00:00:00Z,True,True,False,section 230,,policy prescription and evaluation,constitutionality and jurisprudency ,section 230,,policy prescription and evaluation,constitutionality and jurisprudency ,"['section 230', 'section 230']","['A2T5CROJ0FWIJY', 'AMWIBULQ4S8K3']"
topic_tweets_108,section 230,DISCLAIMER:-THIS-POST:-SUBJECT-MATTER:CONTENTS-THEREOF:-TEXT:-MEDIA:-OTHERWISE-ARE-WITH:NON-[RE]LATION:VIEWS:-[O]PINIONS:~@benzmuircroft:CLAIMENT:AUTHOR:-POST-IS-WITH-THE-PROTECTION:SECTION-230 https://t.co/BeQfbh8EVo Just in time for Christmas! https://t.co/QSluY4Ml5i,1331896535131582464,2020-11-26T00:00:00Z,True,False,False,section 230,,,,section 230,,,,"['other', 'section 230']","['A2Q1YS118AO2BP', 'A2T5CROJ0FWIJY']"
topic_tweets_109,section 230,"@enzo112283 @marklutchman According to trump the issues are the renaming of bases named after Confederate soldiers and section 230, which protects any domain that allows user content to be published.",1341913771191791616,2020-12-24T00:00:00Z,True,False,False,section 230,,,,section 230,,,,"['section 230', 'section 230']","['A18DUG8EA8Y766', 'A3RYI5HXC2MJLN']"
topic_tweets_110,section 230,"When it comes to the frustrating ""conversation"" around revoking Section 230... it initially seems there is bipartisan support for change..._x000D_
_x000D_
but on a closer look, a divergence in what they'd like that change to be: _x000D_
_x000D_
1/3",1354183460030607360,2021-01-26T00:00:00Z,True,False,False,section 230,,political,,section 230,,political,,"['section 230', 'section 230']","['A18DUG8EA8Y766', 'AMWIBULQ4S8K3']"
topic_tweets_111,trump ban,"Twitter, Facebook Lose $51B Value After Trump Ban; NYC Bars Selling For ... https://t.co/uYSL4h8RkS @YouTubeより",1349912338497896448,2021-01-15T00:00:00Z,True,False,False,trump ban,,,,trump ban,,,,"['platform policies', 'trump ban']","['A2Q1YS118AO2BP', 'A3JZS32RQUWGJM']"
topic_tweets_112,section 230,@olarinde_ayoade @timmymwilson @hodgetwins That can't be more wrong. You legally can't override somebody's rights. Thats why we have the constitution. Thats why section 230 is often considered unconstitutional. With that line of thinking you're also saying businesses can fire you because you voiced support for blm for ex.,1347951118198984704,2021-01-09T00:00:00Z,True,False,False,section 230,general complaint,constitutionality and jurisprudency ,policy prescription and evaluation,section 230,general complaint,constitutionality and jurisprudency ,,"['section 230', 'section 230']","['A2FCGEU5RTEWG8', 'A55X502YHPLPL']"
topic_tweets_113,trump ban,https://t.co/6nvrqUIado Russian dissident Alexei Navalny criticizes Trump Twitter ban,1348287197225615360,2021-01-10T00:00:00Z,True,True,False,trump ban,,,,trump ban,,policy prescription and evaluation,,"['trump ban', 'trump ban']","['A2HM35CWB7IIFM', 'A3JZS32RQUWGJM']"
topic_tweets_114,section 230,@verge Congress would do themselves a favor by reading up on Section 230. Too many politicians don't even know how to use social media let alone all the policies regulating it,1344038821415976960,2020-12-29T00:00:00Z,True,False,False,section 230,,,,section 230,,other,,"['section 230', 'section 230']","['A2YYQJ3JWA2KGD', 'AJAPJJTISC36L']"
topic_tweets_115,section 230,Drop the pork out of the bill.  Money to Americans ONLY.  Remove Section 230 protection for Big Tech!! https://t.co/vkPGVlRhSR I applaud the President’s decision to get billions of dollars of crucial COVID-19 relief out the door and into the hands of American families. I am glad the American people will receive this much-needed assistance as our nation continues battling this pandemic. My full statement: https://t.co/YSPYsPu2ct,1343548180441542656,2020-12-28T00:00:00Z,True,False,False,section 230,,policy prescription and evaluation,,section 230,,policy prescription and evaluation,economic ,"['section 230', 'section 230']","['A2YYQJ3JWA2KGD', 'A3JZS32RQUWGJM']"
topic_tweets_116,section 230,@realDonaldTrump Repeal section 230. You won't have a single social media accounts left. Might be a welcome change! #ByeDon,1345895926427222016,2021-01-04T00:00:00Z,True,False,True,section 230,,policy prescription and evaluation,,section 230,,policy prescription and evaluation,,"['section 230', 'section 230']","['A2YYQJ3JWA2KGD', 'A3JZS32RQUWGJM']"
topic_tweets_117,trump ban,I just signed a @commoncause petition to @Facebook: Permanently ban Donald Trump. Sign here: https://t.co/PZQhFuiamq,1358868537712943104,2021-02-08T00:00:00Z,True,False,True,trump ban,,policy prescription and evaluation,,trump ban,,policy prescription and evaluation,,"['trump ban', 'trump ban']","['A2YYQJ3JWA2KGD', 'AMWIBULQ4S8K3']"
topic_tweets_118,complaint,@RudyGiuliani I told Trump in the beginning to make a dedicated website where Trump could post things so Twitter Facebook and other media could not mess with the content. Or have his own media Trump media! On the web on his own page. So you can have an conservative media out look .,1348157886447243264,2021-01-10T00:00:00Z,True,True,False,general complaint,,policy prescription and evaluation,,general complaint,,fairness and equality ,political,"['other', 'trump ban']","['A2F48NO7AD9VKK', 'A3JZS32RQUWGJM']"
topic_tweets_119,section 230,"If you managed to get section 230 repealed, then companies could be sued for lies that other people post on their sites. If that happens, you can bet, Madison, you will be one of the first users that sites will kick off. You will then cry more. https://t.co/mvIj86U3Bi BREAKING: I am co-sponsoring a bill to amend Section 230 to demand First Amendment protections be applied to big tech platforms! _x000D_

This is a bipartisan issue. If big tech can silence the right, then rest assured that they can silence the left!",1349409670235107328,2021-01-13T00:00:00Z,True,True,False,section 230,,policy prescription and evaluation,,section 230,,policy prescription and evaluation,political,"['section 230', 'section 230']","['A2YYQJ3JWA2KGD', 'A3JZS32RQUWGJM']"
topic_tweets_120,section 230,@rmk476 @realDonaldTrump They are clearly biased and I expect they will lose their section 230 exemption...,1324874705631850496,2020-11-07T00:00:00Z,True,False,False,section 230,,fairness and equality ,,section 230,,political,policy prescription and evaluation,"['section 230', 'section 230']","['A2FCGEU5RTEWG8', 'AJAPJJTISC36L']"
topic_tweets_121,section 230,@realDonaldTrump you have no power when it comes to #Section230,1266204662383796224,2020-05-29T00:00:00Z,True,False,False,section 230,,,,section 230,,capacity and resources ,,"['section 230', 'section 230']","['A2Q1YS118AO2BP', 'A55X502YHPLPL']"
topic_tweets_122,section 230,"@IngrahamAngle Repeal section 230! Supporters of President Trump should commit to refusing to support any advertisers on Twitter,Facebook,Google, YouTube,refuse to use Amazon,Make it known “Hit em where it hurts”! 80+million consumers",1332112625547632640,2020-11-27T00:00:00Z,True,False,False,section 230,,policy prescription and evaluation,,section 230,,policy prescription and evaluation,,"['section 230', 'section 230']","['A3JZS32RQUWGJM', 'AMWIBULQ4S8K3']"
topic_tweets_123,section 230,"Dems don't want because the social media, Big Tech supports them!

Senator Josh Hawley Pushes Vote on Proposed Section 230 Big Tech Censorship Legislation -- Democrats Immediately Block the Vote via @gatewaypundit https://t.co/ihSq7AGsMh",1309329843457126400,2020-09-25T00:00:00Z,True,False,False,section 230,,political,,section 230,,political,fairness and equality ,"['section 230', 'section 230']","['A2F48NO7AD9VKK', 'A3RYI5HXC2MJLN']"
topic_tweets_124,section 230,"@esaagar @Blaugast @Snowden But spreading ""leaked"" information that Trump hates the military is fine, right?_x000D_
_x000D_
Section 230 reform needs to come. Big Tech is meddling way too much.",1316478835148419072,2020-10-14T00:00:00Z,True,True,False,section 230,,policy prescription and evaluation,,section 230,general complaint,policy prescription and evaluation,,"['section 230', 'section 230']","['AJAPJJTISC36L', 'AMWIBULQ4S8K3']"
topic_tweets_125,complaint,"@GensokyoJesus @kappas_forever Well, from what I've read the shadowbanning wont stop if its started repeating already. All of you'd do me a great favor if you just folllowed my alt. Thats all I'm asking for. My bio always says which acc I'm currently using.",1261260707250790400,2020-05-15T00:00:00Z,True,True,False,personal complaint,,fairness and equality ,,personal complaint,,,,"['complaint', 'complaint']","['A2Q1YS118AO2BP', 'A2T5CROJ0FWIJY']"
topic_tweets_126,trump ban,"@sarahcpr There won't have to be people around the clock (I assume) monitoring Trump's Twitter account after January 20th, 2021. They can simply ban him. I assume they'll leave up his previous tweets so that future generations can see how insanely stupid some people were.",1329877250934792192,2020-11-20T00:00:00Z,True,False,True,trump ban,,policy prescription and evaluation,,trump ban,,capacity and resources ,political,"['trump ban', 'twitter support']","['A22KRF782ELLB0', 'A2Q1YS118AO2BP']"
topic_tweets_127,trump ban,"@jack It’s time to ban Trump for hate speech, inciting violence, demeaning others, racism.",1235681277396660224,2020-03-05T00:00:00Z,True,False,True,trump ban,,policy prescription and evaluation,security and defense frames,trump ban,,policy prescription and evaluation,morality ,"['trump ban', 'trump ban']","['A18DUG8EA8Y766', 'A2JPOXYZM5AJZZ']"
topic_tweets_128,trump ban,First and foremost these big tech companies like Twitter are a joke. They ban Trump for being upfront and honest in the midst of all the craziness going on. He did not tell anyone to be destructive! Now Trump supporters will wait for another avenue to connect with him.,1348339605016358912,2021-01-10T00:00:00Z,True,True,False,trump ban,,policy prescription and evaluation,fairness and equality ,trump ban,,policy prescription and evaluation,political,"['trump ban', 'trump ban']","['A2IOT3PCS9G5RK', 'A3N0QZ9ZKUCTCQ']"
topic_tweets_129,trump ban,The Deplatforming of President Trump https://t.co/ODGfSAIZy6,1347877022287208448,2021-01-09T00:00:00Z,True,False,False,trump ban,,,,trump ban,,,,"['trump ban', 'trump ban']","['A2HM35CWB7IIFM', 'A3JZS32RQUWGJM']"
topic_tweets_130,platform policies,"I may be late to the party, but I’ve just discovered/realized that #Twitter does NOT have a report option for pornographic profiles/posts, yet censors political posts it doesn’t agree with?! Social media censorship at its finest. 🤬
Facebook, IG, and Twitter are about to be 💋👋 https://t.co/Dz9r9s6VVN",1363027997041643520,2021-02-20T00:00:00Z,True,True,False,platform policies,general complaint,fairness and equality ,policy prescription and evaluation,platform policies,general complaint,political,fairness and equality ,"['platform policies', 'platform policies']","['A2HM35CWB7IIFM', 'A2T5CROJ0FWIJY']"
topic_tweets_131,complaint,@RantsByDesign 2 yrs ago I was sitting in a communications class. One of my fellow students was arguing in favor of the social media censorship taking place because we needed more puppies &amp; kittens &amp; to ignore everything that was going on in the world. I was livid &amp; never spoke to her again.,1244420000313565184,2020-03-30T00:00:00Z,True,True,True,general complaint,platform policies,fairness and equality ,,general complaint,,political,,"['other', 'complaint']","['A2T5CROJ0FWIJY', 'AMWIBULQ4S8K3']"
topic_tweets_132,platform policies,@westy7278 @RichSementa @RealJamesWoods Google have banned Parler from Playstore as it refuses to ban Trump.,1347957281833545728,2021-01-09T00:00:00Z,True,False,False,platform policies,,,,platform policies,trump ban,,,"['trump ban', 'trump ban']","['A2Q1YS118AO2BP', 'A2T5CROJ0FWIJY']"
topic_tweets_133,section 230,What's national defense got to do with Section 230?  https://t.co/vzye7njZl8,1334059325711650816,2020-12-02T00:00:00Z,True,False,False,section 230,,policy prescription and evaluation,,section 230,,policy prescription and evaluation,,"['section 230', 'section 230']","['A2JPOXYZM5AJZZ', 'A3JZS32RQUWGJM']"
topic_tweets_134,platform policies,"Facebook, Google and Twitter C.E.O.s defended their content moderation at a Senate hearing. October 28, 2020 at 05:29PM   https://t.co/nYM4lLunrK https://t.co/DtnsyXroEU",1321516179333222400,2020-10-28T00:00:00Z,True,False,True,platform policies,,,,platform policies,,,,"['platform policies', 'platform policies']","['A2F48NO7AD9VKK', 'A2T5CROJ0FWIJY']"
topic_tweets_135,trump ban,Twitter should permanently ban #trump. Pass it on. https://t.co/fhv5IuCeEG Twitter should permanently ban @realDonaldTrump. Pass it on.,1327135853509029888,2020-11-13T00:00:00Z,True,False,True,trump ban,,policy prescription and evaluation,,trump ban,,policy prescription and evaluation,,"['trump ban', 'trump ban']","['A2T5CROJ0FWIJY', 'A2YYQJ3JWA2KGD']"
topic_tweets_136,section 230,"@MSNBC @SpeakerPelosi @SenSchumer fight for clean bill to support all taxpayers-reverse McConnell!
Priority:
CASH (Caring for Americans with Supplemental Help) Act

Table until 2021 (waste of time):
Repeal of Section 230
Commission to study election fraud https://t.co/MqkMPhk3tN",1344281484966854656,2020-12-30T00:00:00Z,True,False,False,section 230,,policy prescription and evaluation,,section 230,,policy prescription and evaluation,,"['section 230', 'section 230']","['A2JPOXYZM5AJZZ', 'A3RYI5HXC2MJLN']"
topic_tweets_137,trump ban,"@zoe_samuel @JonahDispatch I actually think his comparison is beyond ridiculous. If a Democrat spoke or behaved the way Trump does, he or she wouldn’t be a Democrat any longer. Why would Twitter ban a Democratic president? For wearing a tan suit? For using the wrong mustard?_x000D_
Absurd.😤",1348074761591652352,2021-01-10T00:00:00Z,True,False,False,trump ban,,policy prescription and evaluation,,trump ban,,political,fairness and equality ,"['trump ban', 'other']","['A2HM35CWB7IIFM', 'A2T5CROJ0FWIJY']"
topic_tweets_138,trump ban,"Twitter CEO defends Trump ban, warns of dangerous precedent https://t.co/wTa04R6QHk",1349613693546409984,2021-01-14T00:00:00Z,True,False,True,trump ban,,policy prescription and evaluation,,trump ban,,policy prescription and evaluation,security and defense frames,"['trump ban', 'trump ban']","['A2T5CROJ0FWIJY', 'A3JZS32RQUWGJM']"
topic_tweets_139,section 230,"@yossarian44 @davewflee @ThomasSowell Then why can't they be sued for what people post on them? Oh, right right retard, they are public platforms and thus protected by section 230. Go learn something moron.",1336461166403596288,2020-12-09T00:00:00Z,True,False,False,section 230,,policy prescription and evaluation,,section 230,,"law and order, crime and justice frames",,"['section 230', 'section 230']","['A2Q1YS118AO2BP', 'A2YYQJ3JWA2KGD']"
topic_tweets_140,section 230,It's time to  strip big tech of section 230 protections!,1348005428228018176,2021-01-09T00:00:00Z,True,False,False,section 230,,policy prescription and evaluation,,section 230,,policy prescription and evaluation,,"['section 230', 'section 230']","['A2IOT3PCS9G5RK', 'A3RYI5HXC2MJLN']"
topic_tweets_141,section 230,@danpionunez @realDonaldTrump Not for the price of section 230,1344275756705320960,2020-12-30T00:00:00Z,True,False,False,section 230,,policy prescription and evaluation,,section 230,,,,"['section 230', 'section 230']","['A2IOT3PCS9G5RK', 'A3RYI5HXC2MJLN']"
topic_tweets_142,section 230,@SJRepublicans It is thanks to the protection they get under Section 230 and it's something that Trump is trying to eliminate.,1336740270201778176,2020-12-09T00:00:00Z,True,False,False,section 230,,policy prescription and evaluation,,section 230,,,,"['section 230', 'section 230']","['A3N0QZ9ZKUCTCQ', 'AJAPJJTISC36L']"
topic_tweets_143,section 230,"Considering that higher rates of censorship would disproportionately affect conservatives, what are Republicans going to do when Democrats jump on board the ""repeal Section 230"" train?

Just going to say, ""Psych!""?

Seems bizarre.

https://t.co/jH5hM2LL3U",1349076668351131648,2021-01-12T00:00:00Z,True,False,False,section 230,,political,fairness and equality ,section 230,general complaint,political,fairness and equality ,"['section 230', 'section 230']","['A2F0X4LN9N4O4C', 'A2Q1YS118AO2BP']"
topic_tweets_144,complaint,"@aaronwalla2000 @Shidcat11 @theserfstv @TeamYouTube @RightWingWatch @slpng_giants I'm not, I'm fighting against corporate censorship. If enemies get hurt while we're in a system we're trying to change  for their mutual benefit, oh well. I'm not gonna cry for nazis getting banned.",1352781976168615936,2021-01-23T00:00:00Z,True,True,True,general complaint,,fairness and equality ,,general complaint,,fairness and equality ,morality ,"['complaint', 'other']","['A2Q1YS118AO2BP', 'A2T5CROJ0FWIJY']"
topic_tweets_145,section 230,I think it is interesting Obama is following Sara Jay. So Mr. President is there something you want to tell the American People? You are a porn fan? If that is the case I hope you are against SISEA and Section 230 being dismantled or being reworked to be really shitty.,1345939219114385408,2021-01-04T00:00:00Z,True,False,False,section 230,general complaint,policy prescription and evaluation,,section 230,platform policies,policy prescription and evaluation,,"['section 230', 'section 230']","['A2F48NO7AD9VKK', 'AJAPJJTISC36L']"
topic_tweets_146,trump ban,Donald Trump Subverts Twitter Ban via @POTUS Account and Gets Deleted Again - POTUS #POTUS -  https://t.co/gGoeWAkgic,1347764241747611648,2021-01-09T00:00:00Z,True,False,False,trump ban,,policy prescription and evaluation,,trump ban,,,,"['other', 'trump ban']","['A2Q1YS118AO2BP', 'AMWIBULQ4S8K3']"
topic_tweets_147,section 230,"@realDonaldTrump Then tell McConnell to remove the bullshit from the bill._x000D_
_x000D_
Section 230 has nothing to do with relief._x000D_
Election investigations have nothing to do with relief._x000D_
_x000D_
#POSPOTUS",1344284812589334528,2020-12-30T00:00:00Z,True,False,False,section 230,,policy prescription and evaluation,political,section 230,,policy prescription and evaluation,,"['section 230', 'section 230']","['A2IOT3PCS9G5RK', 'A2YYQJ3JWA2KGD']"
topic_tweets_148,trump ban,Time for Twitter to ban trump https://t.co/AclRag4Ngv,1314402520555454464,2020-10-09T00:00:00Z,True,False,True,trump ban,,policy prescription and evaluation,,trump ban,,policy prescription and evaluation,,"['trump ban', 'trump ban']","['A2F48NO7AD9VKK', 'A3RYI5HXC2MJLN']"
topic_tweets_149,section 230,"Wait, what does repealing Section 230 mean ??? https://t.co/mR1GUGKrzq JUST IN: Senate Majority Leader Mitch McConnell introduces bill to increase coronavirus relief payments from $600 to $2000, as well as repeal Section 230 and set up a commission to investigate voter fraud.",1344142228294414336,2020-12-30T00:00:00Z,True,False,False,section 230,,policy prescription and evaluation,political,section 230,,,,"['section 230', 'section 230']","['A2JPOXYZM5AJZZ', 'A3JZS32RQUWGJM']"
topic_tweets_150,section 230,"@mtaibbi My layman’s view is that Section 230 may be unconstitutional now given that in reality it provides govt cover to censors. Why wouldn’t that “pierce through” if you will and thus be a 1st amendment violation? https://t.co/l12G7WjZcp In my view, Section 230 became unconstitutional when Twitter, Facebook et al — so-called platforms — began to censor speech and block press. The federal govt indemnifies these platforms. Due to inaction, the govt opposes free speech and press._x000D_

What say you @tedcruz, @HawleyMO?",1330297775670632448,2020-11-21T00:00:00Z,True,True,False,section 230,general complaint,constitutionality and jurisprudency ,policy prescription and evaluation,section 230,,constitutionality and jurisprudency ,,"['section 230', 'section 230']","['A2Q1YS118AO2BP', 'A2YYQJ3JWA2KGD']"
topic_tweets_151,trump ban,@axios And Trump has less than 3 hours left on his Twitter ban. I wish I could be awake for it! Gonna be hilarious 😆,1347102486201393152,2021-01-07T00:00:00Z,True,False,False,trump ban,,other,,trump ban,,policy prescription and evaluation,,"['trump ban', 'trump ban']","['A2F0X4LN9N4O4C', 'A2HM35CWB7IIFM']"
topic_tweets_152,section 230,@realDonaldTrump Section 230 is the only reason they let you remain on this platform. Without the protections of section 230 they would have to delete @realdonaldtrump s account to protect themselves. What a moron.,1313523929869287424,2020-10-06T00:00:00Z,True,False,False,section 230,,policy prescription and evaluation,,section 230,,"law and order, crime and justice frames",policy prescription and evaluation,"['section 230', 'section 230']","['A2Q1YS118AO2BP', 'AMWIBULQ4S8K3']"
topic_tweets_153,trump ban,Twitter is deleting Trump’s attempts to circumvent ban https://t.co/3tMJMu6hTe via @Verge,1347801500295245824,2021-01-09T00:00:00Z,True,False,False,trump ban,,,,trump ban,platform policies,,,"['trump ban', 'trump ban']","['A2Q1YS118AO2BP', 'A3JZS32RQUWGJM']"
topic_tweets_154,complaint,"@TheBarkless @ConceptualJames A few weeks ago I thought it was nuts, too. Then I opposed Trump's Twitter ban from the Left, and quickly discovered how progressives really feel about free speech. They're all for it, just not for you. It was... disheartening☹️",1353030341645099008,2021-01-23T00:00:00Z,True,True,False,general complaint,,fairness and equality ,constitutionality and jurisprudency ,general complaint,trump ban,constitutionality and jurisprudency ,political,"['trump ban', 'trump ban']","['A2Q1YS118AO2BP', 'A2T5CROJ0FWIJY']"
topic_tweets_155,platform policies,"$FB $TWTR #ShadowBanning #BlatantCensorship #SystemicBias #PoliticalTargeting https://t.co/fUYX5yw79V https://t.co/uXXKSsIXJ8 .@Facebook just said @Twitter shouldn't be the ""arbiter of truth online"" by fact-checking Trump's tweets._x000D_

However, Facebook just flagged our page and reduced our reach after using third party fact checkers.

So is it only okay when Facebook does it?

🤔🤔 https://t.co/Gc5jeFDTvf",1265769092515942400,2020-05-27T00:00:00Z,True,True,False,platform policies,,fairness and equality ,,platform policies,general complaint,fairness and equality ,,"['complaint', 'complaint']","['A2T5CROJ0FWIJY', 'AMWIBULQ4S8K3']"
topic_tweets_156,trump ban,"“I do not celebrate or feel pride in our having to ban @realDonaldTrump from Twitter,” Dorsey wrote. But he added: “I believe this was the right decision for Twitter.” https://t.co/AnbOm6HIuY",1349725960799719424,2021-01-14T00:00:00Z,True,False,True,trump ban,,policy prescription and evaluation,,trump ban,,morality ,policy prescription and evaluation,"['trump ban', 'twitter support']","['A2FCGEU5RTEWG8', 'A2Q1YS118AO2BP']"
topic_tweets_157,complaint,"There should be more of an emphasis on deplatforming them, absolutely! I think that it isn’t done enough to be honest, but pointing out TERF rhetoric in tandem with that shouldn’t be a problem.",1288584560981278720,2020-07-29T00:00:00Z,True,False,True,general complaint,,policy prescription and evaluation,,general complaint,,policy prescription and evaluation,,"['complaint', 'other']","['A18DUG8EA8Y766', 'A2T5CROJ0FWIJY']"
topic_tweets_158,section 230,"Publishers enjoy #Section230 protections.

The “publisher” v. “platform” distinction in Section 230 is a fiction. https://t.co/l80lD3lu8j Someone at @twitter copy and pasted this description from someone else at Twitter using the phrase ""this is the dek"". A dek means the a subhead of a news story. Pretty weird for a company who claims to not be a publisher and hides behind section 230 protections! https://t.co/Afm3E2saOv",1314260507424165888,2020-10-08T00:00:00Z,True,False,False,section 230,,policy prescription and evaluation,,section 230,,policy prescription and evaluation,,"['section 230', 'section 230']","['A2IOT3PCS9G5RK', 'A2YYQJ3JWA2KGD']"
topic_tweets_159,trump ban,Celebrities React to Donald Trump's Twitter Ban https://t.co/mXt7CtLn6Q,1348952923284369408,2021-01-12T00:00:00Z,True,False,False,trump ban,,other,,trump ban,,,,"['trump ban', 'trump ban']","['A2JPOXYZM5AJZZ', 'AJAPJJTISC36L']"
topic_tweets_160,complaint,@dbongino I found out Twitter is shadowbanning me and I'm essentially a nobody.  How many other people with viewpoints they don't like and being placed behind a wall?,1320086267720208384,2020-10-24T00:00:00Z,True,True,False,personal complaint,,policy prescription and evaluation,morality ,personal complaint,,fairness and equality ,policy prescription and evaluation,"['complaint', 'complaint']","['A2F48NO7AD9VKK', 'A3RYI5HXC2MJLN']"
topic_tweets_161,trump ban,"Trump's Social media ban should concern you. Twitter, Instagram &amp; Facebo... https://t.co/mrFgJDos8V via @YouTube",1351352672423731200,2021-01-19T00:00:00Z,True,True,False,trump ban,,policy prescription and evaluation,,trump ban,,policy prescription and evaluation,,"['trump ban', 'trump ban']","['A2T5CROJ0FWIJY', 'A3JZS32RQUWGJM']"
topic_tweets_162,trump ban,Trump furious his Twitter ban is keeping him from firing back as Fauci exposes him: report https://t.co/CesrgyJC1c,1353725908348096512,2021-01-25T00:00:00Z,True,True,False,trump ban,,,,trump ban,,fairness and equality ,,"['trump ban', 'trump ban']","['A2Q1YS118AO2BP', 'AMWIBULQ4S8K3']"
topic_tweets_163,complaint,Censored? Shadowbanned? Deleted? Here is a guide for artists on social media https://t.co/8GyYV7SKqd,1375866710394290176,2021-03-27T00:00:00Z,True,True,False,general complaint,,,,general complaint,,,,"['other', 'other']","['A2JPOXYZM5AJZZ', 'A2Q1YS118AO2BP']"
topic_tweets_164,complaint,"Twitter Faces Backlash After 'Shadow-Banning' an Indian Army Account Over Rescue Operation Post..... Another example how biased twitter censorship is. An #IndianArmy twitter
a/c @ChinarcorpsIA being shadow banned. Clear misuse of power by Big Tech 7/n https://t.co/pSd6nwW8Fa",1328766894191505408,2020-11-17T00:00:00Z,True,True,False,general complaint,platform policies,fairness and equality ,policy prescription and evaluation,general complaint,platform policies,policy prescription and evaluation,political,"['platform policies', 'complaint']","['A2YYQJ3JWA2KGD', 'A3JZS32RQUWGJM']"
topic_tweets_165,trump ban,Seeing tons of wild takes on Trump ban. My stance will always be against censorship. This however is a rare different case. His position of power and how he  he abused it is super dangerous. It’s all just for him. Trump only cares about Trump... And his dick.,1348003789446397952,2021-01-09T00:00:00Z,True,True,True,trump ban,,policy prescription and evaluation,fairness and equality ,trump ban,general complaint,policy prescription and evaluation,security and defense frames,"['trump ban', 'trump ban']","['A2FCGEU5RTEWG8', 'A2Q1YS118AO2BP']"
topic_tweets_166,trump ban,Trump Circumvents Twitter Ban With Emergency Alert System https://t.co/u6BzbDZpex via @TheBabylonBee,1347392201354059776,2021-01-08T00:00:00Z,True,False,False,trump ban,,fairness and equality ,,trump ban,,,,"['trump ban', 'trump ban']","['A2IOT3PCS9G5RK', 'A2Q1YS118AO2BP']"
topic_tweets_167,section 230,"The American public gets abuse of power. They get the subversion of democracy. They get official retaliation. They get distraction amid a public-health emergency._x000D_
_x000D_
They don’t get Section 230 of the Communications Decency Act. Or how the First Amendment protects Twitter._x000D_
_x000D_
Focus.",1266033027127431168,2020-05-28T00:00:00Z,True,False,False,section 230,,policy prescription and evaluation,constitutionality and jurisprudency ,section 230,,public opinion,policy prescription and evaluation,"['section 230', 'section 230']","['A2F0X4LN9N4O4C', 'AMWIBULQ4S8K3']"
topic_tweets_168,trump ban,"If you haven't lost twitter followers these few days, you're not in the trending zone, says the Trump ban community 😁",1348230556689920000,2021-01-10T00:00:00Z,True,False,False,trump ban,platform policies,other,,trump ban,,,,"['platform policies', 'trump ban']","['A3JZS32RQUWGJM', 'AMWIBULQ4S8K3']"
topic_tweets_169,section 230,"Dear Governor Fuckwit,

Section 230 is not what allows private companies to choose what is allowed on their platform. That would be the first amendment. You’re letting kissing Trump’s ass make you look even dumber than usual. https://t.co/LOBeNekUi7 Canceling conservative speech is hostile to the free speech foundation America was built on._x000D_

There is no reason why social media organizations that pick &amp; choose which speech they allow to be protected by the liability protections in 47 US Code Section 230.

230 must be repealed",1348340615772319744,2021-01-10T00:00:00Z,True,True,False,section 230,,constitutionality and jurisprudency ,policy prescription and evaluation,section 230,,constitutionality and jurisprudency ,political,"['section 230', 'section 230']","['A2T5CROJ0FWIJY', 'A2YYQJ3JWA2KGD']"
topic_tweets_170,section 230,"@marcorubio  ""Our bipartisan Section 230 bill now has 21 cosponsors. Ask your Senators and Reps to cosponsor &amp; include HR7808 in the NDAA."" Per Congressman Gosar...GET IT DONE!",1334281376535891968,2020-12-02T00:00:00Z,True,False,False,section 230,,,,section 230,,policy prescription and evaluation,,"['section 230', 'section 230']","['A2T5CROJ0FWIJY', 'A3RYI5HXC2MJLN']"
topic_tweets_171,section 230,"""Very simply put, Section 230 is the law that says that, if I post something defamatory on Twitter, the victim can sue me, but not Twitter. It also says, again put simply, that Twitter has the right to moderate stuff on its site as it sees fit."" https://t.co/c17g9b2nhm Section 230 Is The Subject of The Most Effective Legal Propaganda I've Ever Seen_x000D_

Here Are Some Resources On What It Really Means, If You Care

https://t.co/RTMS5tUtHy",1317255610858024960,2020-10-17T00:00:00Z,True,False,False,section 230,,policy prescription and evaluation,,section 230,,"law and order, crime and justice frames",,"['trump ban', 'section 230']","['A2F48NO7AD9VKK', 'A2HM35CWB7IIFM']"
topic_tweets_172,complaint,"@aBIGsuit @petercoffin I'm not sure what you are trying to argue. _x000D_
_x000D_
I doubt he wants to be kicked off Youtube and would not have liked his book unpublished.  _x000D_
_x000D_
Deplatforming doesn't just mean being banned from twitter.",1278878648490229760,2020-07-03T00:00:00Z,True,False,False,general complaint,,fairness and equality ,,general complaint,,policy prescription and evaluation,fairness and equality ,"['complaint', 'platform policies']","['A2T5CROJ0FWIJY', 'A2YYQJ3JWA2KGD']"
topic_tweets_173,section 230,@SomeWalnuts They are not going to terminate section 230 regardless. They've done this before and it didn't pass. He's trying to be fascist to cling onto his power,1334116409752899584,2020-12-02T00:00:00Z,True,False,False,section 230,,policy prescription and evaluation,,section 230,,political,,"['section 230', 'section 230']","['A2T5CROJ0FWIJY', 'A3JZS32RQUWGJM']"
topic_tweets_174,platform policies,Jordan Chariton &amp; Graham Elwood - Youtube Deplatforming! https://t.co/NvAsrK4yiz via @YouTube,1356770669082640384,2021-02-03T00:00:00Z,True,True,False,platform policies,,,,platform policies,,policy prescription and evaluation,,"['complaint', 'platform policies']","['A2JPOXYZM5AJZZ', 'A3RYI5HXC2MJLN']"
topic_tweets_175,section 230,"Hey @Jack: enjoy your section 230 protection while you can!

Come Friday, the party is OVER! https://t.co/Ls0ArE3ijv",1317823169726697472,2020-10-18T00:00:00Z,True,False,False,section 230,,,,section 230,,"law and order, crime and justice frames",,"['section 230', 'section 230']","['A2F48NO7AD9VKK', 'A2YYQJ3JWA2KGD']"
topic_tweets_176,section 230,@ScottforFlorida @NRSC Section 230.  Working out great. Veto override. Genius,1348728709587603456,2021-01-11T00:00:00Z,True,False,False,section 230,,policy prescription and evaluation,political,section 230,,policy prescription and evaluation,,"['section 230', 'section 230']","['A2T5CROJ0FWIJY', 'ABY1RK8H6HC8C']"
topic_tweets_177,trump ban,"Trump has been banned from Snapchat too🤣🤣
https://t.co/UzCpO6ZDPi",1348125177666703360,2021-01-10T00:00:00Z,True,False,False,trump ban,,,,trump ban,,policy prescription and evaluation,,"['trump ban', 'trump ban']","['A2FCGEU5RTEWG8', 'A314XJY8V1YL12']"
topic_tweets_178,section 230,"@kombiz @owillis I would support an exception to Section 230 that allowed lawsuits/sanctions against internet providers like Facebook who use algorithms to enhance/reduce viewership of the free speech of others. In other words, they aren’t neutral so they aren’t protected. https://t.co/SzaZmcpDq9",1323314151460990976,2020-11-02T00:00:00Z,True,True,False,section 230,,policy prescription and evaluation,constitutionality and jurisprudency ,section 230,,constitutionality and jurisprudency ,policy prescription and evaluation,"['section 230', 'section 230']","['A2F48NO7AD9VKK', 'A3RYI5HXC2MJLN']"
topic_tweets_179,section 230,"@TheLeoTerrell should be reminded Section 230 was passed in 1996, long before “big tech” was a phrase OR the companies considered “big tech” today even existed (unless he considers Yahoo and GeoCities big tech). https://t.co/Sqin9DV9gB",1363904132822745088,2021-02-22T00:00:00Z,True,False,False,section 230,,other,,section 230,,"law and order, crime and justice frames",,"['section 230', 'section 230']","['A2IOT3PCS9G5RK', 'A3JZS32RQUWGJM']"
topic_tweets_180,section 230,Kevin McCarthy: ‘It‘s Time to Scrap‘ Section 230 Protections https://t.co/TSPepht24V via @BreitbartNews,1317107763814699008,2020-10-16T00:00:00Z,True,False,False,section 230,,policy prescription and evaluation,,section 230,,policy prescription and evaluation,,"['section 230', 'section 230']","['A2F48NO7AD9VKK', 'A2YYQJ3JWA2KGD']"
topic_tweets_181,complaint,Corporate Censorship and The Left! https://t.co/B7s4YEjf9v via @YouTube,1321249887770521600,2020-10-28T00:00:00Z,True,True,False,general complaint,,fairness and equality ,political,general complaint,,constitutionality and jurisprudency ,political,"['complaint', 'complaint']","['A3JZS32RQUWGJM', 'A3RYI5HXC2MJLN']"
topic_tweets_182,complaint,@Alex_Autistic @RottenInDenmark Disagreeing is what they’re calling for. It’s people opposed to open debate about uncomfortable topics that drive deplatforming efforts.,1281171440646135808,2020-07-09T00:00:00Z,True,True,False,general complaint,,fairness and equality ,,general complaint,platform policies,political,,"['complaint', 'platform policies']","['A2JPOXYZM5AJZZ', 'AMWIBULQ4S8K3']"
topic_tweets_183,complaint,"Amazing, someone gets a perma ban for posting a picture,yet with all the anti-trump garbage that was posted the past 4 years and nothing. The people who cried that Trump was a dictator should be crying about @jack, he'll be coming for you next.",1352607405486596096,2021-01-22T00:00:00Z,True,True,False,general complaint,,policy prescription and evaluation,,general complaint,,fairness and equality ,political,"['complaint', 'trump ban']","['A18DUG8EA8Y766', 'A2YYQJ3JWA2KGD']"
topic_tweets_184,section 230,@SocialClubMSFTS Killer show my dudes. Tryna meet up? Section 230,1212514331503538176,2020-01-01T00:00:00Z,True,False,False,section 230,,,,section 230,,,,"['section 230', 'section 230']","['A2YYQJ3JWA2KGD', 'A3RYI5HXC2MJLN']"
topic_tweets_185,section 230,@AndrewFeinberg @realDonaldTrump Question from a Canadian. Wouldn’t repealing section 230 make it impossible for Parler to exist?,1341884480831762432,2020-12-23T00:00:00Z,True,False,False,section 230,,policy prescription and evaluation,,section 230,,,,"['section 230', 'section 230']","['A2JPOXYZM5AJZZ', 'A3JZS32RQUWGJM']"
topic_tweets_186,section 230,"@julie_kelly2 @seanmdav Removing section 230 will get their attention,  then the public will have ours",1319035005398441984,2020-10-21T00:00:00Z,True,False,False,section 230,,policy prescription and evaluation,,section 230,,policy prescription and evaluation,,"['section 230', 'section 230']","['A2HM35CWB7IIFM', 'A2Q1YS118AO2BP']"
topic_tweets_187,section 230,@calebb2 @SenatorBraun (Twitter being used as an example here; Section 230 does not call out a platform or service.),1343894844515774464,2020-12-29T00:00:00Z,True,False,False,section 230,,,,section 230,,,,"['section 230', 'section 230']","['A22KRF782ELLB0', 'A3JZS32RQUWGJM']"
topic_tweets_188,platform policies,"Twitter decided to ban Mike Lindell, who founded bedding company My Pillow, due to “repeated violations” of its civic integrity policy, a spokesperson said in a statement. The policy was implemented last September and is targeted at fighting disinformation https://t.co/lM2FeHuv3f",1354124828895186944,2021-01-26T00:00:00Z,True,False,True,platform policies,,security and defense frames,,platform policies,,,,"['other', 'platform policies']","['A18DUG8EA8Y766', 'A2IOT3PCS9G5RK']"
topic_tweets_189,section 230,@realDonaldTrump Dude!  This has nothing to do with section 230. Grow up!  You are embarrassing yourself. It’s entertaining as hell.,1324619129987321856,2020-11-06T00:00:00Z,True,False,False,section 230,,other,,section 230,,other,,"['section 230', 'section 230']","['A22KRF782ELLB0', 'A2IOT3PCS9G5RK']"
topic_tweets_190,section 230,"@rickjnewman @RaheemKassam @DonaldJTrumpJr @WarRoomPandemic Section 230._x000D_
Let's remove it for Twitter and they can edit their PRIVATE site all they want",1323813973913817088,2020-11-04T00:00:00Z,True,False,False,section 230,,policy prescription and evaluation,,section 230,,policy prescription and evaluation,,"['other', 'section 230']","['A18DUG8EA8Y766', 'A2FCGEU5RTEWG8']"
topic_tweets_191,section 230,"Thats Section 230 and Social Media companies, yes. For “press outlets” of the media, there’s two remedies. The first, like I said, is coming down on them because they are ostensibly foreign press. 2nd, is credentialing. The “news media” are not “the press” they are activists https://t.co/CSZAHbJRpN",1334561594504740864,2020-12-03T00:00:00Z,True,False,False,section 230,,fairness and equality ,,section 230,,policy prescription and evaluation,,"['section 230', 'section 230']","['A2FCGEU5RTEWG8', 'A2T5CROJ0FWIJY']"
topic_tweets_192,section 230,"Just figured something out. Trump wants Section 230 repealed for simply money. His livelihood is not paying bills and suing people. If section 230 is gone, he will all social media for anything posted bad about him. He is going to need income soon",1344299056839979008,2020-12-30T00:00:00Z,True,False,False,section 230,,economic ,,section 230,,economic ,"law and order, crime and justice frames","['section 230', 'section 230']","['A2F48NO7AD9VKK', 'A3JZS32RQUWGJM']"
topic_tweets_193,section 230,Two can play Section 230 game: Trump’s EO uses key statute against social media censorship https://t.co/riK9pT1Td7 https://t.co/IE6uyE5azd,1266152144526163968,2020-05-28T00:00:00Z,True,False,False,section 230,,fairness and equality ,,section 230,,,,"['section 230', 'section 230']","['A2FCGEU5RTEWG8', 'AMWIBULQ4S8K3']"
topic_tweets_194,section 230,@PSDesertDolphin I’m well aware. Doesn’t change the fact that congress/POTUS should remove their section 230 protections. Just that is a good start. Good night.,1265843388894580736,2020-05-28T00:00:00Z,True,False,False,section 230,,policy prescription and evaluation,,section 230,,policy prescription and evaluation,,"['section 230', 'section 230']","['A2F48NO7AD9VKK', 'AMWIBULQ4S8K3']"
topic_tweets_195,complaint,@finkd My name is oscar Webb and I have not been able to get back on Facebook since October. I was put on what was supposed to be a three-day ban for posting about Donald Trump. Now that he is finally gone. why haven't I be reinstated?,1376253888551124992,2021-03-28T00:00:00Z,True,True,False,personal complaint,trump ban,fairness and equality ,,personal complaint,,fairness and equality ,,"['trump ban', 'complaint']","['A2YYQJ3JWA2KGD', 'A3JZS32RQUWGJM']"
topic_tweets_196,section 230,"@slpng_giants yeah. if/when republicans get power back, they gonna enact section 230",1348407987413639168,2021-01-10T00:00:00Z,True,False,False,section 230,,political,,section 230,,,,"['section 230', 'section 230']","['A3JZS32RQUWGJM', 'AJAPJJTISC36L']"
topic_tweets_197,trump ban,Twitter Reaffirms Trump Ban — Even If He's Elected In 2024 $TWTR,1359602690985136128,2021-02-10T00:00:00Z,True,False,False,trump ban,,,,trump ban,,policy prescription and evaluation,,"['trump ban', 'trump ban']","['A2FCGEU5RTEWG8', 'A3JZS32RQUWGJM']"
topic_tweets_198,trump ban,"After using Twitter and Facebook to incite a violent coup, it's time to ban @realDonaldTrump permanently. https://t.co/UyuUCNbtMk",1347579397822410752,2021-01-08T00:00:00Z,True,False,True,trump ban,,policy prescription and evaluation,security and defense frames,trump ban,,policy prescription and evaluation,,"['trump ban', 'platform policies']","['A2JPOXYZM5AJZZ', 'A2Q1YS118AO2BP']"
topic_tweets_199,section 230,Trump’s latest attack on Section 230 is really about censoring speech https://t.co/UjDif5dTWX,1303640325781704704,2020-09-09T00:00:00Z,True,False,False,section 230,,constitutionality and jurisprudency ,,section 230,,policy prescription and evaluation,constitutionality and jurisprudency ,"['section 230', 'section 230']","['A3RYI5HXC2MJLN', 'AMWIBULQ4S8K3']"
topic_tweets_200,section 230,@NewYorkStateAG @Facebook This I can support you on.....and you should include #Twitter. Why not support the President’s efforts to remove #Section230?,1336866314619523072,2020-12-10T00:00:00Z,True,False,False,section 230,,policy prescription and evaluation,,section 230,,policy prescription and evaluation,,"['section 230', 'section 230']","['A3JZS32RQUWGJM', 'A55X502YHPLPL']"
topic_tweets_201,section 230,"@SamAdamsLPL @minneapolismn52 @Barnes_Law Section 230 protection is GONE

https://t.co/L80xwgciCh",1285770821584093184,2020-07-22T00:00:00Z,True,False,False,section 230,,,,section 230,,policy prescription and evaluation,,"['section 230', 'section 230']","['A2IOT3PCS9G5RK', 'A2YYQJ3JWA2KGD']"
topic_tweets_202,trump ban,"@american2084 I think Twitter should permanently ban Trump.  It would limit him greatly.  I mean, the alternative (parler) is a bomb isn't it?  Ha!",1331522308184436736,2020-11-25T00:00:00Z,True,False,True,trump ban,,policy prescription and evaluation,,trump ban,,policy prescription and evaluation,,"['complaint', 'trump ban']","['A2F48NO7AD9VKK', 'AMWIBULQ4S8K3']"
topic_tweets_203,section 230,"@Some1gee @TheView @AndrewYang Just eliminate section 230, and maybe rewrite it to say if you censor anything that falls under the umbrella of free speech then you lose 230 protections. I'd hate for the government to be in charge of what people can or can't say.",1351615338023165952,2021-01-19T00:00:00Z,True,False,False,section 230,,policy prescription and evaluation,constitutionality and jurisprudency ,section 230,,constitutionality and jurisprudency ,policy prescription and evaluation,"['section 230', 'section 230']","['A2T5CROJ0FWIJY', 'AJAPJJTISC36L']"
topic_tweets_204,complaint,"Like... This case isn’t even censorship, it’s a known pedophile being dropped by a publisher because of a boycott. That’s direct action and deplatforming.",1236151044486434816,2020-03-07T00:00:00Z,True,False,True,general complaint,,other,,general complaint,,policy prescription and evaluation,fairness and equality ,"['complaint', 'complaint']","['A2F48NO7AD9VKK', 'A2T5CROJ0FWIJY']"
topic_tweets_205,section 230,.@CNBC says the @FCC intends to interpret section 230 to reform the liability protections for internet providers. Interpret it so on-line protections track the protections that  other media types enjoy.,1316816481942814720,2020-10-15T00:00:00Z,True,False,False,section 230,,policy prescription and evaluation,,section 230,,policy prescription and evaluation,,"['section 230', 'section 230']","['A2F48NO7AD9VKK', 'A2YYQJ3JWA2KGD']"
topic_tweets_206,section 230,"SHARE WIDELY - NO TO 230 REPEAL -NO PRICE ON FREE SPEECH - NO TO $2000 TIED TO THIS - SNEAK ATTACK

trump-s-sneak-attack-on-section-230 - compromises our PRICELESS free speech - NO to $2000 used as bait

https://t.co/klBJvGPsaq https://t.co/v8DaZOSwRy",1344081587793780736,2020-12-30T00:00:00Z,True,False,False,section 230,,economic ,policy prescription and evaluation,section 230,,policy prescription and evaluation,political,"['section 230', 'section 230']","['A2HM35CWB7IIFM', 'A2T5CROJ0FWIJY']"
topic_tweets_207,section 230,Big Section 230 lesson here.,1325642165922406400,2020-11-09T00:00:00Z,True,False,False,section 230,,policy prescription and evaluation,,section 230,,,,"['section 230', 'section 230']","['A2IOT3PCS9G5RK', 'A2JPOXYZM5AJZZ']"
topic_tweets_208,section 230,What is it going to take to get Section 230 repealed ? https://t.co/LPFAg0MaFJ Sec 230 gives Monopolistic Control over free speech to a handful of Tech Billionaires https://t.co/9rz6VIwaMp,1339638688809164800,2020-12-17T00:00:00Z,True,True,False,section 230,general complaint,constitutionality and jurisprudency ,policy prescription and evaluation,section 230,general complaint,policy prescription and evaluation,constitutionality and jurisprudency ,"['section 230', 'section 230']","['A2Q1YS118AO2BP', 'A2YYQJ3JWA2KGD']"
topic_tweets_209,section 230,Section 230 barely rates a mention in Senate's hasty pre-election flogging of tech CEOs https://t.co/7VsXffyQNj #metabloks,1321721022559772672,2020-10-29T00:00:00Z,True,False,False,section 230,,,,section 230,,,,"['section 230', 'section 230']","['A2Q1YS118AO2BP', 'A3RYI5HXC2MJLN']"
topic_tweets_210,section 230,"@LindseyGrahamSC @realDonaldTrump Its all about Section 230 of the Communications Act of 1934 at 47 U.S.C. § 230, isn't? _x000D_
_x000D_
The move by Trump for $2000 is just to re negotiate section 230. Its not about people.",1341834134851883008,2020-12-23T00:00:00Z,True,False,False,section 230,,morality ,political,section 230,,political,policy prescription and evaluation,"['section 230', 'section 230']","['A2Q1YS118AO2BP', 'A3JZS32RQUWGJM']"
topic_tweets_211,platform policies,"Facebook, Twitter, YouTube Agree on Deal With Advertisers on Steps to Curb Harmful Content https://t.co/43ej8ouqOk",1308747316963274752,2020-09-23T00:00:00Z,True,False,True,platform policies,,health and safety frames,,platform policies,,,,"['other', 'platform policies']","['A2Q1YS118AO2BP', 'A3JZS32RQUWGJM']"
topic_tweets_212,complaint,"Keep fighting, Mr President, for America and its people, against the globalist #BigTech dictators, the mobs they support, the Media they censor and control, &amp; the corrupt politicians they have sponsored and installed!!! Must repeal #Section230 to free USA from #BigTech's grasps!! https://t.co/MUPRM6SARg The Trump Organization responds, calling Mayor de Blasio’s decision “political discrimination.” https://t.co/NWtD758EWD",1349405479194271744,2021-01-13T00:00:00Z,True,True,False,general complaint,section 230,policy prescription and evaluation,morality ,general complaint,section 230,policy prescription and evaluation,political,"['section 230', 'section 230']","['A3JZS32RQUWGJM', 'AMWIBULQ4S8K3']"
topic_tweets_213,section 230,@KamalaHarris Is there anything Congress can do to stop this madman! Last night AP reported that Trump says he will veto the annual national defense fund bill unless Section 230 is terminated. 1/20  cannot come fast enough. Trump is going to make crazy decisions out of spite.,1334207727384616960,2020-12-02T00:00:00Z,True,False,False,section 230,,political,,section 230,,security and defense frames,policy prescription and evaluation,"['section 230', 'section 230']","['A2F48NO7AD9VKK', 'A2T5CROJ0FWIJY']"
topic_tweets_214,section 230,"@SenTedCruz @BreitbartNews You should probably do something about section 230, Ted.",1316525570834919424,2020-10-14T00:00:00Z,True,False,False,section 230,,,,section 230,,policy prescription and evaluation,,"['section 230', 'section 230']","['A2YYQJ3JWA2KGD', 'AJAPJJTISC36L']"
topic_tweets_215,trump ban,Twitter shares drop in first trading day after Trump ban – CNBC https://t.co/EGl7O88Nwl,1348684804473016320,2021-01-11T00:00:00Z,True,False,False,trump ban,,other,,trump ban,,,,"['trump ban', 'trump ban']","['A2IOT3PCS9G5RK', 'A3JZS32RQUWGJM']"
topic_tweets_216,section 230,"@realDonaldTrump

Repeal Section 230

Sign an executive order please https://t.co/90O2EvodYx",1332668090325237760,2020-11-28T00:00:00Z,True,False,False,section 230,,policy prescription and evaluation,,section 230,,policy prescription and evaluation,,"['section 230', 'section 230']","['A18DUG8EA8Y766', 'A2F0X4LN9N4O4C']"
topic_tweets_217,section 230,@SteveScalise But why the house let the ND Bill pass without repeal of section 230? And President Trump can’t veto it because it’s 2/3 of congress?,1336790111250489344,2020-12-09T00:00:00Z,True,False,False,section 230,,policy prescription and evaluation,,section 230,,policy prescription and evaluation,political,"['section 230', 'section 230']","['A2FCGEU5RTEWG8', 'A2IOT3PCS9G5RK']"
topic_tweets_218,section 230,"Today from Garbage FoxBiz Claman_x000D_
_x000D_
Just had a major Twitter stakeholder tell everyone why Drumpf is bad for having an EO on social media and how it should ""be free"". It's anything but. The Statists are Libertarians on this one. Whatever suits them. No principles. Section 230.",1266086792433766400,2020-05-28T00:00:00Z,True,False,False,section 230,,policy prescription and evaluation,,section 230,general complaint,political,fairness and equality ,"['section 230', 'section 230']","['A2Q1YS118AO2BP', 'A2YYQJ3JWA2KGD']"
topic_tweets_219,trump ban,Never forget the left fears President Trump so much they had to ban him.  Cowards.,1379964080983785472,2021-04-08T00:00:00Z,True,True,False,trump ban,,morality ,,trump ban,,political,policy prescription and evaluation,"['trump ban', 'trump ban']","['A3JZS32RQUWGJM', 'A3RYI5HXC2MJLN']"
topic_tweets_220,section 230,"Trump is going after #Section230 .
Our right to comment on the internet. Our Voice. https://t.co/6tIGODipVD",1326217114009690112,2020-11-10T00:00:00Z,True,False,False,section 230,,other,,section 230,,constitutionality and jurisprudency ,political,"['section 230', 'section 230']","['A2YYQJ3JWA2KGD', 'AMWIBULQ4S8K3']"
topic_tweets_221,section 230,And this is not the first public statement from Ghosh based on a complete lack of understanding of what Section 230 is.,1353556388086231040,2021-01-25T00:00:00Z,True,False,False,section 230,,capacity and resources ,,section 230,,other,,"['section 230', 'section 230']","['A2F48NO7AD9VKK', 'A3JZS32RQUWGJM']"
topic_tweets_222,section 230,Here's A Small-Government Solution To Section 230's Big Tech Problem https://t.co/x4ts18XV8v,1228349104692047872,2020-02-14T00:00:00Z,True,False,False,section 230,,,,section 230,,policy prescription and evaluation,,"['section 230', 'section 230']","['A2Q1YS118AO2BP', 'A2YYQJ3JWA2KGD']"
topic_tweets_223,complaint,"@Eugenia_Cooney @Twitter @YouTube you know exactly whats going on here, about time you as a social media platform did something about this, you are allowing someone to constantly make harmful content and get away with it, this needs stopping NOW",1371779483057987584,2021-03-16T00:00:00Z,True,False,True,general complaint,,policy prescription and evaluation,health and safety frames,general complaint,,policy prescription and evaluation,morality ,"['platform policies', 'complaint']","['A2YYQJ3JWA2KGD', 'A3RYI5HXC2MJLN']"
topic_tweets_224,section 230,.@senatemajldr is going to try to kill the $2000 stimulus checks by tying them to the repeal of section 230. That is a poison pill. The issues are completely unrelated and should get voted on separately.,1344069038285058048,2020-12-29T00:00:00Z,True,False,False,section 230,,political,,section 230,,policy prescription and evaluation,,"['section 230', 'section 230']","['A2FCGEU5RTEWG8', 'A2Q1YS118AO2BP']"
topic_tweets_225,trump ban,"Today would be a good day to ban Donald Trump from Twitter, @jack.",1346901615886798848,2021-01-06T00:00:00Z,True,False,True,trump ban,,policy prescription and evaluation,,trump ban,,policy prescription and evaluation,,"['trump ban', 'trump ban']","['A2YYQJ3JWA2KGD', 'A3JZS32RQUWGJM']"
topic_tweets_226,trump ban,"TRUMP IS USING TWITTER TO JUSTIFY CALLING STATE VOTES TOO CONFUSED TO CERTIFY. Anybody else would be banned. @jack now says he can keep doing it while POTUS. @Twitter is giving Trump a loaded weapon. Ban. Trump. Now.

Olbermann Vs. Trump: https://t.co/xG2dMIQu6h
Brief edition: https://t.co/9xisXLBfFP",1329217826809409536,2020-11-19T00:00:00Z,True,False,True,trump ban,platform policies,fairness and equality ,political,trump ban,platform policies,policy prescription and evaluation,,"['other', 'trump ban']","['A2F48NO7AD9VKK', 'A2YYQJ3JWA2KGD']"
topic_tweets_227,section 230,"@Caleb11Lombardo @dramajace @zerohedge Why do private platform have section 230 protections then? Maybe time to repeal that because, you know, capitalism.",1347267833953087488,2021-01-07T00:00:00Z,True,False,False,section 230,,policy prescription and evaluation,,section 230,,policy prescription and evaluation,economic ,"['section 230', 'section 230']","['A18DUG8EA8Y766', 'AMWIBULQ4S8K3']"
topic_tweets_228,complaint,If you haven’t noticed the majority of prominent conservatives are already banned here. Before you know it Twitter is going to be exclusively dull liberal content where everyone  has to think and act the same. What a bore.,1358225597231755264,2021-02-07T00:00:00Z,True,True,False,general complaint,,policy prescription and evaluation,political,general complaint,,policy prescription and evaluation,political,"['complaint', 'complaint']","['A2F48NO7AD9VKK', 'A3JZS32RQUWGJM']"
topic_tweets_229,section 230,"@kylenabecker @dustmagnet2017 It almost looks like twitter is trying to ruin section 230 for all social media competitors by its actions, hoping to influence the replacement policy so only they are capable of complying due to the cost.",1325004430362734592,2020-11-07T00:00:00Z,True,False,False,section 230,general complaint,fairness and equality ,,section 230,,policy prescription and evaluation,capacity and resources ,"['section 230', 'section 230']","['A2T5CROJ0FWIJY', 'A2YYQJ3JWA2KGD']"
topic_tweets_230,complaint,"@seanhannity World's Most Wanted Criminals: Google, YouTube, Facebook, Twitter - Social Media Censorship is a CRIME. https://t.co/pJmkSlg1Xb",1335766181907746816,2020-12-07T00:00:00Z,True,True,False,general complaint,,"law and order, crime and justice frames",,general complaint,,morality ,fairness and equality ,"['complaint', 'complaint']","['A2F48NO7AD9VKK', 'A2T5CROJ0FWIJY']"
topic_tweets_231,section 230,"@SDsmosher @Section_230 @bemc234 @Puppymom3 @Rothbard1776 @SidneyPowell1 With all respect, DOJ under Trump has no respect. So what it says about 230 or really anything isn’t persuasive.",1336686577536413696,2020-12-09T00:00:00Z,True,False,False,section 230,,"law and order, crime and justice frames",,section 230,,political,,"['section 230', 'section 230']","['A2JPOXYZM5AJZZ', 'A2Q1YS118AO2BP']"
topic_tweets_232,complaint,"@69News Calling it a woman is really, really pushing for a Deplatforming.",1369108893280788480,2021-03-09T00:00:00Z,True,False,False,general complaint,,policy prescription and evaluation,,general complaint,,policy prescription and evaluation,political,"['other', 'other']","['A18DUG8EA8Y766', 'AMWIBULQ4S8K3']"
topic_tweets_233,complaint,"Twitter has limited my ability to tweet and respond to tweets, for no reason other than the fact that they enjoy suppressing people’s right to free speech.

This is why stocks are crashing, @jack. Ppl are done with your BS. Repeal Section 230. https://t.co/jNOHF9iJtD Twitter has silenced any notifications to me for this tweet and I don’t know why considering you all can see it.",1322652274443898880,2020-10-31T00:00:00Z,True,True,False,general complaint,section 230,constitutionality and jurisprudency ,policy prescription and evaluation,general complaint,personal complaint,constitutionality and jurisprudency ,policy prescription and evaluation,"['section 230', 'section 230']","['A2Q1YS118AO2BP', 'A2YYQJ3JWA2KGD']"
topic_tweets_234,section 230,"@cupofmice @_LukeCSkywalker @DanCrenshawTX omg you're pro-censorship playbook is boring.... ever heard of section 230, publicly traded companies, no?",1321558523025772544,2020-10-28T00:00:00Z,True,True,False,section 230,,"law and order, crime and justice frames",,section 230,platform policies,"law and order, crime and justice frames",,"['platform policies', 'section 230']","['A1IFIK8J49WBER', 'A2IOT3PCS9G5RK']"
topic_tweets_235,trump ban,"#cnn #NYT trump twitter ban ok-ish maybe, but ban on potus and wh twitter account means that twitter authority supersedes gov authority while still in office for a week and making twitter censorship of the gov, need independent control and regulation likely",1349587066703798272,2021-01-14T00:00:00Z,True,True,True,trump ban,general complaint,policy prescription and evaluation,,trump ban,general complaint,constitutionality and jurisprudency ,policy prescription and evaluation,"['trump ban', 'trump ban']","['A2Q1YS118AO2BP', 'A2YYQJ3JWA2KGD']"
topic_tweets_236,section 230,"@Jesus_is_G_d @VictorS10855858 @DanielLMacy @realDonaldTrump @DrPaulGosar Section 230 isn't for just Social Media Sites... Blogs, review sites, support forums, fan forums and any place online that supports user comments is covered by 230.  Should a Mommy blogger get sued because of what someone else said in her comments section?",1331682485642665984,2020-11-25T00:00:00Z,True,False,False,section 230,,policy prescription and evaluation,,section 230,,"law and order, crime and justice frames",,"['section 230', 'section 230']","['A3GLUDQZGEJL5G', 'A3JZS32RQUWGJM']"
topic_tweets_237,complaint,"You may have agreed or disagreed with JD from NY, but I don't think anyone should celebrate deplatforming.",1312897334762643456,2020-10-04T00:00:00Z,True,False,False,general complaint,,fairness and equality ,,general complaint,,policy prescription and evaluation,,"['platform policies', 'other']","['A2YYQJ3JWA2KGD', 'A3RYI5HXC2MJLN']"
topic_tweets_238,trump ban,"Donald Trump Said to Launch His Own Social Media Platform Following Facebook, Twitter Ban https://t.co/kc1wKikB7M",1373860310008926208,2021-03-22T00:00:00Z,True,False,False,trump ban,,,,trump ban,,,,"['trump ban', 'section 230']","['A2T5CROJ0FWIJY', 'A2YYQJ3JWA2KGD']"
topic_tweets_239,section 230,@jack @realDonaldTrump Too little too late Jack. Censorship is never appropriate. Section 230 needs to be redefined to prevent companies like yours from defining free speech.,1349709960180097024,2021-01-14T00:00:00Z,True,True,False,section 230,general complaint,policy prescription and evaluation,fairness and equality ,section 230,platform policies,policy prescription and evaluation,constitutionality and jurisprudency ,"['section 230', 'section 230']","['A1IFIK8J49WBER', 'A2Q1YS118AO2BP']"
topic_tweets_240,complaint,.@Facebook @YouTube have blood on their hands. I'm demanding these companies ban Donald Trump permanently and suspend all right-wing extremist accounts spreading lies and calling for further attacks. https://t.co/Aevc1X0RkJ,1351673807669399552,2021-01-19T00:00:00Z,True,False,True,general complaint,,policy prescription and evaluation,morality ,general complaint,trump ban,policy prescription and evaluation,political,"['trump ban', 'trump ban']","['A2YYQJ3JWA2KGD', 'A3JZS32RQUWGJM']"
topic_tweets_241,complaint,"@jonnyj771 @JuliansRum Exactly!  I do post some totally original posts, but get only two or three likes.  I can retweet and get 25 to 30.  Last week I had to post something 3 times and beg for a retweet to get an important message out.  They are shadow banning us big time.",1228850062513537024,2020-02-16T00:00:00Z,True,True,False,personal complaint,platform policies,fairness and equality ,,personal complaint,general complaint,fairness and equality ,policy prescription and evaluation,"['complaint', 'complaint']","['A2FCGEU5RTEWG8', 'A2T5CROJ0FWIJY']"
topic_tweets_242,complaint,@LibertyJen Unless they ban all pols. I’ve said this a zillion times on Twitter but 2019 fed court ruled Trump couldn’t block followers b/c public forum 1A. You can Google decision but “ensures different views not excluded.” So Twitter is either a public forum or not. Pick one &amp; stick to it.,1347551897981513728,2021-01-08T00:00:00Z,True,False,False,general complaint,,constitutionality and jurisprudency ,,general complaint,,"law and order, crime and justice frames",,"['complaint', 'platform policies']","['A2JPOXYZM5AJZZ', 'A2YYQJ3JWA2KGD']"
topic_tweets_243,section 230,"New push to kill Section 230 protections for Twitter, Facebook, and Big Tech https://t.co/2OG8YlVDff",1349003982245486592,2021-01-12T00:00:00Z,True,False,False,section 230,,,,section 230,,policy prescription and evaluation,,"['section 230', 'section 230']","['A2FCGEU5RTEWG8', 'A3JZS32RQUWGJM']"
topic_tweets_244,trump ban,"In a 13-tweet thread on the site he founded, Jack Dorsey cited extraordinary and untenable circumstances in the reasoning for permanently banning President Donald Trump from Twitter.

https://t.co/t6pOtlDDfI",1349884504928878592,2021-01-15T00:00:00Z,True,False,True,trump ban,,policy prescription and evaluation,,trump ban,,policy prescription and evaluation,,"['trump ban', 'trump ban']","['A2Q1YS118AO2BP', 'A2T5CROJ0FWIJY']"
topic_tweets_245,section 230,"@SebGorka @stinchfield1776 @newsmax Thank you, Mr President, for fighting for American people, against the powerful #BigTechDictators, the mobs they support, the media they censor and control, &amp; the #CorruptPoliticians they have sponsored and installed! Must repeal #Section230 &amp; free USA from #SiliconValleyCartel!!",1351361660339040256,2021-01-19T00:00:00Z,True,True,False,section 230,general complaint,policy prescription and evaluation,fairness and equality ,section 230,general complaint,policy prescription and evaluation,security and defense frames,"['section 230', 'section 230']","['A2YYQJ3JWA2KGD', 'A3JZS32RQUWGJM']"
topic_tweets_246,complaint,"@DrPaulGosar Social media censorship will have the same result as every other historical censorship. The difference between normal people and Democrat/leftists are that we either had a non left education and already know that, or parents who gave us the intellectual curiosity to seek truth.",1337113789909463040,2020-12-10T00:00:00Z,True,True,False,general complaint,,political,,general complaint,,fairness and equality ,political,"['platform policies', 'complaint']","['A2YYQJ3JWA2KGD', 'A3JZS32RQUWGJM']"
topic_tweets_247,section 230,"Repeal Section 230. https://t.co/kIw3nxeQDZ .@Google owned @YouTube officially announcing free speech no longer allowed. If you have concerns about election integrity, you must sit down and shut up. Repeal Section 230 and break these companies up https://t.co/EfBfCZHzv2",1336707223825895424,2020-12-09T00:00:00Z,True,True,False,section 230,,policy prescription and evaluation,constitutionality and jurisprudency ,section 230,platform policies,policy prescription and evaluation,constitutionality and jurisprudency ,"['section 230', 'section 230']","['A18DUG8EA8Y766', 'A2YYQJ3JWA2KGD']"
topic_tweets_248,section 230,Fuck section 230.,1334096660973150208,2020-12-02T00:00:00Z,True,False,False,section 230,,,,section 230,,policy prescription and evaluation,,"['section 230', 'section 230']","['A2JPOXYZM5AJZZ', 'A3JZS32RQUWGJM']"
topic_tweets_249,trump ban,I think it is disgusting what they are doing to President Trump. We should boycott  every site they ban him,1347767181019381760,2021-01-09T00:00:00Z,True,True,False,trump ban,,policy prescription and evaluation,,trump ban,,policy prescription and evaluation,morality ,"['trump ban', 'trump ban']","['A2Q1YS118AO2BP', 'A3JZS32RQUWGJM']"
topic_tweets_250,complaint,"@m_downey @yonderlow @alittleleader That hasn't really stopped you from trying to argue it repeatedly, also deplatforming is not censorship or ""censorship"" or censorship with a zillion quotes around it whatever, nobody OWES Milo a platform, he's a worthless hateful piece of shit and he got shown the door",1338324204857434112,2020-12-14T00:00:00Z,True,False,True,general complaint,,policy prescription and evaluation,,general complaint,,policy prescription and evaluation,morality ,"['complaint', 'complaint']","['A2F48NO7AD9VKK', 'A2Q1YS118AO2BP']"
topic_tweets_251,section 230,@thebias_news @kate_awakening Repeal section 230,1315354065598132224,2020-10-11T00:00:00Z,True,False,False,section 230,,policy prescription and evaluation,,section 230,,policy prescription and evaluation,,"['section 230', 'section 230']","['A2FCGEU5RTEWG8', 'A2YYQJ3JWA2KGD']"
topic_tweets_252,section 230,"LMAO @realDonaldTrump losing his shit on twitter when 99% of america is in a food coma and gives a rats ass that Fox News and Twitter think you're a c**t, but love that trending (facts not fake) #diaperdon and Section 230, whaaaaaa he got her widdle feewings hurt..",1332177205862883328,2020-11-27T00:00:00Z,True,False,False,section 230,,public opinion,,section 230,,,,"['platform policies', 'section 230']","['A2F48NO7AD9VKK', 'A2YYQJ3JWA2KGD']"
topic_tweets_253,section 230,"@realDonaldTrump @seanhannity @KarlRove Trump MUST be re-elected. We MUST vote in GOP in the House, keep the Senate and we MUST eliminate Section 230 protections for big tech social media! Social media &amp; Corporate America will kill our free speech! BLM is a Marxist group looking to DESTROY USA!
https://t.co/xPC8UpcwXg",1303884452028993536,2020-09-10T00:00:00Z,True,True,False,section 230,,constitutionality and jurisprudency ,,section 230,,policy prescription and evaluation,constitutionality and jurisprudency ,"['section 230', 'section 230']","['A2T5CROJ0FWIJY', 'AMWIBULQ4S8K3']"
topic_tweets_254,trump ban,Trump Jr complains about his Dad being banned from Twitter by comparing him to dictators https://t.co/YWypePS0e2,1348356002417172480,2021-01-10T00:00:00Z,True,True,False,trump ban,,policy prescription and evaluation,,trump ban,,,,"['trump ban', 'trump ban']","['A2YYQJ3JWA2KGD', 'A3JZS32RQUWGJM']"
topic_tweets_255,section 230,"News media @NYTimesPR, @washingtonpost, @thehill journalists get real, section 230 is the bedrock for free and protected digital speech by ANY hosting forum, not just the big guys. https://t.co/GRjtMnh2Y6 Section 230 protects anyone who maintains a website with comments, a message boards or newsgroups, or even anyone who forwards email. It's a mistake to say that specific tech companies are the only—or even the majority—of those online services it protects._x000D_
https://t.co/77lS0pGW6X",1334399702549188608,2020-12-03T00:00:00Z,True,False,False,section 230,,policy prescription and evaluation,constitutionality and jurisprudency ,section 230,,"law and order, crime and justice frames",fairness and equality ,"['section 230', 'section 230']","['A2FCGEU5RTEWG8', 'A2YYQJ3JWA2KGD']"
topic_tweets_256,section 230,"@realDonaldTrump @JimInhofe Moron Trump doesn't understand that without Section 230, most of his tweets would have to be removed because Twitter would otherwise be liable for legal consequences for all of them. Section 230 is what gives him safe haven to use sites like this.",1334836429218779136,2020-12-04T00:00:00Z,True,False,False,section 230,,policy prescription and evaluation,,section 230,,"law and order, crime and justice frames",,"['section 230', 'section 230']","['A2Q1YS118AO2BP', 'A2YYQJ3JWA2KGD']"
topic_tweets_257,trump ban,@NetherRealm You guys getting on that Trump ban train or what? He’s a Sheeva stomp spammer #mk11 #kombatleague,1348326738325983232,2021-01-10T00:00:00Z,True,False,False,trump ban,,policy prescription and evaluation,,trump ban,,policy prescription and evaluation,,"['trump ban', 'trump ban']","['A2F0X4LN9N4O4C', 'A3JZS32RQUWGJM']"
topic_tweets_258,trump ban,"Will banning Donald Trump on social media help stop the spread of far-right and potentially violent material online?

Early evidence suggests it may not. It could end up being counterproductive and could create a myriad of unintended consequences.

https://t.co/W5wttCZcz7",1349651228842721280,2021-01-14T00:00:00Z,True,True,False,trump ban,,policy prescription and evaluation,,trump ban,,security and defense frames,political,"['other', 'trump ban']","['A2Q1YS118AO2BP', 'A2YYQJ3JWA2KGD']"
topic_tweets_259,section 230,A good start for removing section 230 protections would be removing them from sites that let people block acounts from reposting/rting their posts,1313714838640746496,2020-10-07T00:00:00Z,True,True,False,section 230,,policy prescription and evaluation,,section 230,,policy prescription and evaluation,,"['section 230', 'section 230']","['A2HM35CWB7IIFM', 'A3RYI5HXC2MJLN']"
topic_tweets_260,section 230,@Rothbard1776 Get rid of Section 230. He will be spending his money on slander lawsuits.,1332026799224664064,2020-11-26T00:00:00Z,True,False,False,section 230,,policy prescription and evaluation,,section 230,,policy prescription and evaluation,economic ,"['section 230', 'section 230']","['A2JPOXYZM5AJZZ', 'A2T5CROJ0FWIJY']"
topic_tweets_261,platform policies,@realMikeLindell Shadow banning is at pandemic levels on this less than social platform. You’re just too positive for those hosting the site. Welcome to the club,1247208416486895616,2020-04-06T00:00:00Z,True,True,False,platform policies,,fairness and equality ,,platform policies,general complaint,,,"['complaint', 'complaint']","['A3RYI5HXC2MJLN', 'AJAPJJTISC36L']"
topic_tweets_262,section 230,"On Section 230, It's Trump vs. Trump - he is an idiot and cannot understand even simple concepts https://t.co/ajyKQYnkFz",1342881000238370816,2020-12-26T00:00:00Z,True,False,False,section 230,,other,,section 230,,,,"['section 230', 'section 230']","['A3JZS32RQUWGJM', 'A3N0QZ9ZKUCTCQ']"
topic_tweets_263,platform policies,"RT mitchellvii ""WOW THIS WILL BE INTERESTING - President Trump Will Sign Executive Order on Social Media Censorship https://t.co/ZrEpAWhnxB via BreitbartNews""",1265902978013282304,2020-05-28T00:00:00Z,True,False,False,platform policies,,,,platform policies,,,,"['other', 'other']","['A2T5CROJ0FWIJY', 'AMWIBULQ4S8K3']"
topic_tweets_264,section 230,"Tying the vote for 2k to repealing section 230 is a DELIBERATE poison pill to deny people help. Blocking the chance for it to be voted on as a stand alone bill is straight EVIL. https://t.co/lfTbo1zkaI BREAKING: Mitch McConnell has filed legislation that attempts to tie $2,000 stimulus checks to a FULL REPEAL of Section 230 of the Communications Decency Act. _x000D_

If this passes it would destroy the Internet as we know it, opening the floodgates for widespread censorship and abuse.",1344077276086820864,2020-12-30T00:00:00Z,True,True,False,section 230,general complaint,political,policy prescription and evaluation,section 230,,policy prescription and evaluation,political,"['section 230', 'section 230']","['A3JZS32RQUWGJM', 'AJAPJJTISC36L']"
topic_tweets_265,section 230,@JimInhofe END SECTION 230 NOW!!!,1334766962807775232,2020-12-04T00:00:00Z,True,False,False,section 230,,policy prescription and evaluation,,section 230,,policy prescription and evaluation,,"['section 230', 'section 230']","['A2Q1YS118AO2BP', 'AJAPJJTISC36L']"
topic_tweets_266,complaint,'Cancel Culture' is shit like deplatforming someone because they said they like pineapple on pizza. 'Cancel Culture' is NOT rightfully deplatforming violent &amp; dangerous predators in an effort to further protect communities from their influence. That's called facing consequences.,1353505283260051456,2021-01-25T00:00:00Z,True,False,True,general complaint,,fairness and equality ,morality ,general complaint,,policy prescription and evaluation,morality ,"['platform policies', 'platform policies']","['A2Q1YS118AO2BP', 'A2YYQJ3JWA2KGD']"
topic_tweets_267,platform policies,"@Jennyjen010 I do know many women are on fake accounts. I can reply to you, and three fake women private message me. If Twitter gets rid of all those accounts at once, you could be reduced 100 followers. Or else this is shadowbanning.",1264217946441703424,2020-05-23T00:00:00Z,True,True,False,platform policies,,fairness and equality ,,platform policies,general complaint,policy prescription and evaluation,,"['complaint', 'other']","['A3JZS32RQUWGJM', 'AMWIBULQ4S8K3']"
topic_tweets_268,complaint,"@FauseySean @Tali0630 @HABoric @BigBertieT @JoeBiden @KamalaHarris There is so much evidence dude just look around, ask the ppl involved in the cancel culture, deplatforming, virtue signaling, critical race theory and Hollywood and the oscars are all Dem voters and Dem values as they see them. Which is death to America and name calling &amp; hate😢",1305228921072357376,2020-09-13T00:00:00Z,True,True,False,general complaint,,political,,general complaint,,fairness and equality ,political,"['complaint', 'other']","['A18DUG8EA8Y766', 'A2T5CROJ0FWIJY']"
topic_tweets_269,section 230,@Cernovich @PATPmovie Why the f*ck can't our Senators stop talking and actually do something about this crap! Repeal #Section230 and break up #BigTech!,1332048382932742144,2020-11-26T00:00:00Z,True,False,False,section 230,,policy prescription and evaluation,,section 230,general complaint,policy prescription and evaluation,,"['section 230', 'section 230']","['A22KRF782ELLB0', 'A3RYI5HXC2MJLN']"
topic_tweets_270,complaint,"#TwitterStayFair _x000D_
Twitter's policies have been described as subject to manipulation by users who may coordinate to flag politically controversial tweets as allegedly violating the platform's policies, resulting in deplatforming of controversial users....._x000D_
@TheTeamPatriots",1218127577975533568,2020-01-17T00:00:00Z,True,True,False,general complaint,platform policies,fairness and equality ,,general complaint,platform policies,fairness and equality ,policy prescription and evaluation,"['other', 'platform policies']","['A2Q1YS118AO2BP', 'A3JZS32RQUWGJM']"
topic_tweets_271,section 230,"So, in light of the events in the past couples days, and the reaction of financial institutions. Ask yourself, why would there be massive support of repealing Section 230....",1354835929484169216,2021-01-28T00:00:00Z,True,False,False,section 230,,policy prescription and evaluation,,section 230,,economic ,policy prescription and evaluation,"['section 230', 'section 230']","['A18DUG8EA8Y766', 'A2YYQJ3JWA2KGD']"
topic_tweets_272,trump ban,"@B52Malmet Everybody has their ideas on why Trump's fighting to remain president, but consider this: _x000D_
1. 12 noon Jan 20, 2021, Trump et al will be indicted by the State of NY, assets frozen._x000D_
2. Deutsche bank and other creditors will call their loans. _x000D_
3. Twitter will ban him. _x000D_
Ouch!",1327022789363056640,2020-11-12T00:00:00Z,True,False,False,trump ban,,political,,trump ban,,policy prescription and evaluation,,"['trump ban', 'trump ban']","['A2T5CROJ0FWIJY', 'ABY1RK8H6HC8C']"
topic_tweets_273,trump ban,"After using Twitter and Facebook to incite a violent coup, it's time to ban @realDonaldTrump permanently. https://t.co/CXCNscKdf7",1347315072046137344,2021-01-07T00:00:00Z,True,False,True,trump ban,,policy prescription and evaluation,,trump ban,,policy prescription and evaluation,morality ,"['trump ban', 'trump ban']","['A2IOT3PCS9G5RK', 'A2JPOXYZM5AJZZ']"
topic_tweets_274,section 230,"@JohnnysPicks @lporiginalg No, they're just stupid. This bill doesn't remove 230._x000D_
_x000D_
This bill ... while maintaining Section 230 protections for those who provide truly neutral social media platforms or search engines without the use of manipulative algorithms.”",1336928087448166400,2020-12-10T00:00:00Z,True,False,False,section 230,,"law and order, crime and justice frames",,section 230,,policy prescription and evaluation,,"['section 230', 'section 230']","['A2FCGEU5RTEWG8', 'A2JPOXYZM5AJZZ']"
topic_tweets_275,section 230,"@RepCawthorn Omg how does someone this stupid get to be a congressman🤦‍♂️ you actually READ what section 230 is and does? Cuz ya sound like you haven’t. I will say this though, having the govt tell private companies what to do like this IS communism, soooooo....🤷🏼‍♂️",1349901915677593600,2021-01-15T00:00:00Z,True,False,False,section 230,,other,,section 230,,constitutionality and jurisprudency ,political,"['section 230', 'section 230']","['A2T5CROJ0FWIJY', 'A2YYQJ3JWA2KGD']"
topic_tweets_276,trump ban,@realDonaldTrump Ban Trump now,1266380698870591488,2020-05-29T00:00:00Z,True,False,True,trump ban,,policy prescription and evaluation,,trump ban,,policy prescription and evaluation,,"['trump ban', 'trump ban']","['A2YYQJ3JWA2KGD', 'A3JZS32RQUWGJM']"
topic_tweets_277,section 230,@realDonaldTrump If section 230 goes away you will be the first person banned for spreading lies and misinformation,1344046031961526272,2020-12-29T00:00:00Z,True,False,True,section 230,,fairness and equality ,,section 230,,quality of life,,"['section 230', 'section 230']","['A2YYQJ3JWA2KGD', 'A3JZS32RQUWGJM']"
topic_tweets_278,platform policies,"Deplatforming is effective. It's effective on the interwebz and it's effective on TV. https://t.co/61VaAoHHQm Shane Te Pou: Why TVNZ should withdraw its debate invitation to the Advance Party _x000D_
 https://t.co/SS5CCjcmS4",1305597908511678464,2020-09-14T00:00:00Z,True,False,True,platform policies,,policy prescription and evaluation,,platform policies,,policy prescription and evaluation,political,"['platform policies', 'platform policies']","['A2YYQJ3JWA2KGD', 'A3JZS32RQUWGJM']"
topic_tweets_279,trump ban,"Trump banned from Facebook indefinitely, CEO Mark Zuckerberg says https://t.co/ttebLAJt4d #Trump #Facebook #BanTrump",1347307583284015104,2021-01-07T00:00:00Z,True,False,False,trump ban,,,,trump ban,,,,"['trump ban', 'trump ban']","['A2VC1UC5Q0E9PO', 'A2YYQJ3JWA2KGD']"
topic_tweets_280,section 230,"I think it’s time to get rid of section 230.  If big tech wants to act like publishers and not platforms, then they should be treated as such.",1316685871920353280,2020-10-15T00:00:00Z,True,False,False,section 230,,policy prescription and evaluation,,section 230,general complaint,policy prescription and evaluation,,"['section 230', 'section 230']","['A2IOT3PCS9G5RK', 'A2Q1YS118AO2BP']"
topic_tweets_281,trump ban,@realDonaldTrump This is the biggest self-own since Trump supporters voted this crook in. Social media companies (including Parler) would have to ban him and his conspiracy nuts.,1334140773902770176,2020-12-02T00:00:00Z,True,False,False,trump ban,,policy prescription and evaluation,,trump ban,,policy prescription and evaluation,political,"['trump ban', 'trump ban']","['A2YYQJ3JWA2KGD', 'AMWIBULQ4S8K3']"
topic_tweets_282,complaint,"@jack FIX.YOUR.SHIT.

U are complicit in leading us down the road of fascism/authoritarianism.

You put a ""label"" for ""misleading content"".

What about blatant threats of violence+inciting/promoting violence.

His extremist supporters r getting the message &amp; u are HELPING them. https://t.co/51bvmHdHZO",1274042464962314240,2020-06-19T00:00:00Z,True,False,False,general complaint,,policy prescription and evaluation,security and defense frames,general complaint,,morality ,security and defense frames,"['complaint', 'trump ban']","['A2HM35CWB7IIFM', 'AMWIBULQ4S8K3']"
topic_tweets_283,section 230,@lisetica155171 @catturd2 And I Regret NOT Bring ABKEVTO retreive...SECTION 230!,1342904247554215936,2020-12-26T00:00:00Z,True,False,False,section 230,,,,section 230,,policy prescription and evaluation,,"['section 230', 'section 230']","['A18DUG8EA8Y766', 'A2YYQJ3JWA2KGD']"
topic_tweets_284,complaint,"@CARYoungLabour @CardiffUniCons If you advocate deplatforming those you disagree with, you are not tolerant.",1311816588740395008,2020-10-01T00:00:00Z,True,True,False,general complaint,,morality ,,general complaint,,political,morality ,"['platform policies', 'platform policies']","['A2Q1YS118AO2BP', 'A2YYQJ3JWA2KGD']"
topic_tweets_285,section 230,@Policy Section 230 is good but evidently easily exploited by partisan dirtbags like you who use it to further your policies and political party at expense of free speech rights of common people.,1266186504658989056,2020-05-29T00:00:00Z,True,False,False,section 230,,policy prescription and evaluation,constitutionality and jurisprudency ,section 230,,political,constitutionality and jurisprudency ,"['section 230', 'section 230']","['A2F48NO7AD9VKK', 'AJAPJJTISC36L']"
topic_tweets_286,trump ban,"French Politicians ‘Shocked’ by Twitter’s Trump Ban, Call Big Tech ‘One of the Threats’ to Democracy — Faithwire https://t.co/RxcN9MQ9wG",1349042130363277312,2021-01-12T00:00:00Z,True,True,False,trump ban,,policy prescription and evaluation,external regulation and reputation,trump ban,general complaint,policy prescription and evaluation,morality ,"['trump ban', 'trump ban']","['A2YYQJ3JWA2KGD', 'A3MZ9RQJX9T656']"
topic_tweets_287,platform policies,"And yet won't ban Trump's account, I'm sure. https://t.co/6jGtGCahIF Twitter expands hateful conduct rules to ban dehumanizing speech around age, disability and now, disease https://t.co/3dEW5XZIkM via @techcrunch",1235667474995179520,2020-03-05T00:00:00Z,True,False,True,platform policies,trump ban,morality ,fairness and equality ,platform policies,trump ban,morality ,fairness and equality ,"['trump ban', 'trump ban']","['A2F48NO7AD9VKK', 'AMWIBULQ4S8K3']"
topic_tweets_288,section 230,@MarkDice @SusanWojcicki Repeal #Section230,1336772265468448768,2020-12-09T00:00:00Z,True,False,False,section 230,,,,section 230,,policy prescription and evaluation,,"['section 230', 'section 230']","['A2YYQJ3JWA2KGD', 'A3RYI5HXC2MJLN']"
topic_tweets_289,section 230,"@realDonaldTrump President Trump,u need help us !!!!!!_x000D_
_x000D_
Section 230 must be repealed, and YouTube began to delete videos related to election fraud",1336754217516613632,2020-12-09T00:00:00Z,True,True,False,section 230,,policy prescription and evaluation,,section 230,general complaint,policy prescription and evaluation,political,"['section 230', 'section 230']","['A2T5CROJ0FWIJY', 'AMWIBULQ4S8K3']"
topic_tweets_290,trump ban,Twitter says Trump’s account is locked and he’s facing a ban #SmartNews  https://t.co/k03uMx15SQ,1346977436538433536,2021-01-07T00:00:00Z,True,False,False,trump ban,,,,trump ban,,,,"['trump ban', 'trump ban']","['A2T5CROJ0FWIJY', 'A2YYQJ3JWA2KGD']"
topic_tweets_291,trump ban,I just signed a @commoncause petition to @Facebook: Permanently ban Donald Trump. Sign here: https://t.co/DJbl8QIVML,1360379686296109056,2021-02-13T00:00:00Z,True,False,True,trump ban,,policy prescription and evaluation,,trump ban,,policy prescription and evaluation,,"['trump ban', 'trump ban']","['A2HM35CWB7IIFM', 'ABY1RK8H6HC8C']"
topic_tweets_292,trump ban,"Russian-made #Telegram messenger shoots to top of US app charts, amid fears of wider social media crackdown following Trump ban — RT Russia &amp; Former Soviet Union https://t.co/3HGLCNNJ2T",1348995734704705536,2021-01-12T00:00:00Z,True,False,False,trump ban,,,,trump ban,,,,"['trump ban', 'trump ban']","['A2JPOXYZM5AJZZ', 'A3RYI5HXC2MJLN']"
topic_tweets_293,platform policies,Facebook is finally banning all Qanon accounts from the platform https://t.co/NHWBoilPVp,1314264345019330560,2020-10-08T00:00:00Z,True,False,True,platform policies,,policy prescription and evaluation,,platform policies,,policy prescription and evaluation,,"['platform policies', 'platform policies']","['A2YYQJ3JWA2KGD', 'A3JZS32RQUWGJM']"
topic_tweets_294,section 230,"🇺🇸🙏🇺🇸🙏🇺🇸🙏🇺🇸🙏🇺🇸🙏🇺🇸🙏🇺🇸🙏🇺🇸🙏President Donald Trump:  For purposes of National Security, Section 230 must be immediately terminated!!!
https://t.co/r2DB4jEf9l",1332328584204197888,2020-11-27T00:00:00Z,True,False,False,section 230,,policy prescription and evaluation,,section 230,,policy prescription and evaluation,,"['section 230', 'section 230']","['A22KRF782ELLB0', 'A2JPOXYZM5AJZZ']"
topic_tweets_295,section 230,Section 230 Any updates??? GET IT DONE! https://t.co/M4cWfJaW7E,1336710160610365440,2020-12-09T00:00:00Z,True,False,False,section 230,,policy prescription and evaluation,,section 230,,policy prescription and evaluation,,"['section 230', 'section 230']","['A3RYI5HXC2MJLN', 'AMWIBULQ4S8K3']"
topic_tweets_296,section 230,"Twitter, Facebook and Google CEOs testify before Senate on Section 230 https://t.co/OifBffNR39 via @YouTube",1348176829832519680,2021-01-10T00:00:00Z,True,False,False,section 230,,,,section 230,,,,"['section 230', 'section 230']","['A3JZS32RQUWGJM', 'AMWIBULQ4S8K3']"
topic_tweets_297,trump ban,@michael_kubik @CNN There is no limitation to online rights of free speech. But there is also no law requiring any platform to carry content it finds objectionable. Trump has not been silenced - his office is steps away from the White House briefing room where he can spew his bullshit all day.,1348454532372697088,2021-01-11T00:00:00Z,True,False,True,trump ban,,constitutionality and jurisprudency ,morality ,trump ban,,"law and order, crime and justice frames",constitutionality and jurisprudency ,"['platform policies', 'trump ban']","['A2T5CROJ0FWIJY', 'A2YYQJ3JWA2KGD']"
topic_tweets_298,section 230,@realDonaldTrump You're an idiot.  Section 230 is the thing that allows you to have an account on Twitter at all.,1342283819664039936,2020-12-25T00:00:00Z,True,False,False,section 230,,policy prescription and evaluation,,section 230,,"law and order, crime and justice frames",,"['section 230', 'section 230']","['A2T5CROJ0FWIJY', 'AMWIBULQ4S8K3']"
topic_tweets_299,section 230,"McConnell’s attempt to tie stimulus checks to a Section 230 repeal is political hostage-taking, gambling with millions of Americans’ lives and livelihoods.
https://t.co/vN1rEgBcyf",1344304564426723328,2020-12-30T00:00:00Z,True,False,False,section 230,,political,morality ,section 230,,policy prescription and evaluation,economic ,"['section 230', 'section 230']","['A2Q1YS118AO2BP', 'AMWIBULQ4S8K3']"
topic_tweets_300,section 230,"@dubby14u @therealtrump110 @Darylmatla @Bison2277 @Strandjunker @realDonaldTrump @Twitter No. Editorial functions, including blocking post, do not disqualifie sites from receiving section 230. See zeran v american online, the case that istablished that broad reading and has been upheald since the 1997. https://t.co/3XEYZZ8X44",1291839839889915904,2020-08-07T00:00:00Z,True,False,False,section 230,,,,section 230,,"law and order, crime and justice frames",,"['section 230', 'section 230']","['A22KRF782ELLB0', 'A2F48NO7AD9VKK']"
topic_tweets_301,section 230,"@realDonaldTrump With no section 230 your fucked mate !_x000D_
What would you do 24 hours a day ?",1321646968192573440,2020-10-29T00:00:00Z,True,False,False,section 230,,other,,section 230,,"law and order, crime and justice frames",,"['section 230', 'section 230']","['A3JZS32RQUWGJM', 'A55X502YHPLPL']"
topic_tweets_302,section 230,Section 230 Gotta Go ! No more blocking the truth from America 🇺🇸 MUST WE HIT THE STREETS ?,1317447597112655872,2020-10-17T00:00:00Z,True,True,False,section 230,,policy prescription and evaluation,,section 230,,policy prescription and evaluation,,"['section 230', 'section 230']","['A22KRF782ELLB0', 'A2YYQJ3JWA2KGD']"
topic_tweets_303,section 230,How Jack Dorsey will defend Twitter in tomorrow’s Senate hearing on Section 230 https://t.co/wZaJqVtoXF,1321205041491894272,2020-10-27T00:00:00Z,True,False,False,section 230,,,,section 230,,,,"['platform policies', 'section 230']","['A3RYI5HXC2MJLN', 'AMWIBULQ4S8K3']"
topic_tweets_304,trump ban,@BobGeze @yoyoel he inadvertently singlehandedly started the beginning of the end of social media censorship. This is going to change everything. We should be thanking him for being dumb enough to censor the President of the United States.,1265927948617613312,2020-05-28T00:00:00Z,True,False,False,trump ban,,policy prescription and evaluation,,trump ban,general complaint,fairness and equality ,policy prescription and evaluation,"['platform policies', 'trump ban']","['A2YYQJ3JWA2KGD', 'A3JZS32RQUWGJM']"
topic_tweets_305,trump ban,"BREAKING: Twitter bans Trump permanently.
https://t.co/4KxJ8D18t8",1347688164547293184,2021-01-08T00:00:00Z,True,False,False,trump ban,,,,trump ban,,,,"['trump ban', 'trump ban']","['A2F48NO7AD9VKK', 'A2YYQJ3JWA2KGD']"
topic_tweets_306,trump ban,Twitter Reportedly Says They Could Ban Trump After Inauguration Day For Repeated Violations,1338538839711895552,2020-12-14T00:00:00Z,True,False,True,trump ban,,security and defense frames,,trump ban,platform policies,policy prescription and evaluation,,"['complaint', 'trump ban']","['A2Q1YS118AO2BP', 'AMWIBULQ4S8K3']"
topic_tweets_307,section 230,"So by Executive Order DT doesn't want to be censored at all for his mean tweets and lies, &amp; he wants to 86 Section 230 so Twitter can be held accountable for mean comments or ""alleged"" lies about #BiggestLoserTrump. So he wants to have cake &amp; also shove it into his chew hole. https://t.co/OFhOv0Afh1",1334043186746904576,2020-12-02T00:00:00Z,True,False,False,section 230,,policy prescription and evaluation,,section 230,,political,,"['section 230', 'section 230']","['A2Q1YS118AO2BP', 'A3JZS32RQUWGJM']"
topic_tweets_308,trump ban,A censure of tRump by congress would be useless. He doesn't care. A total ban by Twitter though....,1347022887857909760,2021-01-07T00:00:00Z,True,False,True,trump ban,,policy prescription and evaluation,,trump ban,,policy prescription and evaluation,,"['trump ban', 'trump ban']","['A2F48NO7AD9VKK', 'A2YYQJ3JWA2KGD']"
topic_tweets_309,section 230,"@MoscowColtrane @pablo_honey1 @realDonaldTrump @HawleyMO @MarshaBlackburn Without section 230 the internet would not exist, every website would be liable for every single comment, and post put on their website.  No free speech can be had online without section 230, it should disturb you that the president wants this gone",1303588865186226176,2020-09-09T00:00:00Z,True,False,False,section 230,,policy prescription and evaluation,,section 230,,constitutionality and jurisprudency ,policy prescription and evaluation,"['section 230', 'section 230']","['A2HM35CWB7IIFM', 'AMWIBULQ4S8K3']"
topic_tweets_310,section 230,"@RightWingWatch Taking full advantage of Section 230 protections, I see.",1382029452083798016,2021-04-13T00:00:00Z,True,False,False,section 230,,other,,section 230,,"law and order, crime and justice frames",,"['section 230', 'section 230']","['A2YYQJ3JWA2KGD', 'AJAPJJTISC36L']"
topic_tweets_311,trump ban,@georgeegirl Can't wait to Ban Trump !,1302429093586112512,2020-09-06T00:00:00Z,True,False,True,trump ban,,policy prescription and evaluation,,trump ban,,policy prescription and evaluation,,"['trump ban', 'trump ban']","['A2HM35CWB7IIFM', 'A55X502YHPLPL']"
topic_tweets_312,section 230,"Tulsi Gabbard Introduces Section 230 Reform With ""Break Up Big Tech"" Act https://t.co/ElZO7AYy7G via @YouTube",1337602138227187712,2020-12-12T00:00:00Z,True,False,False,section 230,,policy prescription and evaluation,,section 230,,policy prescription and evaluation,,"['section 230', 'section 230']","['A2Q1YS118AO2BP', 'A2YYQJ3JWA2KGD']"
topic_tweets_313,trump ban,Twitter banned Trump -- and misinformation dropped 73% the following week: report https://t.co/4FK1XzLyLy,1350563911364472832,2021-01-16T00:00:00Z,True,False,False,trump ban,,policy prescription and evaluation,,trump ban,,,,"['trump ban', 'trump ban']","['A2IOT3PCS9G5RK', 'A3JZS32RQUWGJM']"
topic_tweets_314,section 230,"@RaymondMeicke @ThePubliusUSA @PressSec But section 230 IS a 1st Amendment rights issue. Thats what it is fundamentally at its core. But you continue talking as it's entertaining for the rest of us as well. At least it made me cackle when I read ''isn't about the 1st Amendment"" when that's fundamentally at stake.",1316765569341894656,2020-10-15T00:00:00Z,True,False,False,section 230,,constitutionality and jurisprudency ,,section 230,,constitutionality and jurisprudency ,,"['section 230', 'section 230']","['A2YYQJ3JWA2KGD', 'A3JZS32RQUWGJM']"
topic_tweets_315,complaint,@winniejane80 @BTSARMYKitchen Hence why you gotta unclench sharing a video of him with no harmful words is not disrespecting. You came under their tweet to regulate their content cuz it doesn’t appeal to YOU and you alone. You took it too serious like I said take a breather is not that deep ✌🏼 you’re muted,1331277829233893376,2020-11-24T00:00:00Z,True,True,False,personal complaint,,morality ,,personal complaint,,quality of life,,"['platform policies', 'other']","['A3RYI5HXC2MJLN', 'AMWIBULQ4S8K3']"
topic_tweets_316,section 230,"@jacobinmag Except for Big Tech._x000D_
_x000D_
Every progressive, liberal, libertarian and socialist will tell you- Them companies got rights!_x000D_
_x000D_
#Section230",1335163212665393152,2020-12-05T00:00:00Z,True,False,False,section 230,,fairness and equality ,,section 230,,"law and order, crime and justice frames",,"['section 230', 'section 230']","['AJAPJJTISC36L', 'AMWIBULQ4S8K3']"
topic_tweets_317,section 230,@Andrea_DTX @parlertakes Or if somehow Republicans get section 230 repealed...,1346223051852181504,2021-01-04T00:00:00Z,True,False,False,section 230,,,,section 230,,,,"['section 230', 'section 230']","['A2F48NO7AD9VKK', 'A2YYQJ3JWA2KGD']"
topic_tweets_318,section 230,@TwitterSupport Very soon section 230. Very soon.,1315571648859439104,2020-10-12T00:00:00Z,True,False,False,section 230,,,,section 230,,policy prescription and evaluation,,"['section 230', 'section 230']","['A2Q1YS118AO2BP', 'A55X502YHPLPL']"
topic_tweets_319,section 230,@skrymir42 @TomFitton @Twitter Not so quick. Is Twitter a publisher or a platform? Twitter is publically traded and not private. Section 230 exemption applies only if Twitter is a platform. Publishers can't discriminate.,1348852117738549248,2021-01-12T00:00:00Z,True,False,False,section 230,,,,section 230,,"law and order, crime and justice frames",,"['section 230', 'section 230']","['A2F48NO7AD9VKK', 'A2YYQJ3JWA2KGD']"
topic_tweets_320,trump ban,"@Wakcedout @RussPalmer @TomiLahren If someone I liked did what Trump did, I’d stop liking them well before they got banned, and I’d cheer the ban, just like I am now with Trump.",1348053910347526144,2021-01-09T00:00:00Z,True,False,True,trump ban,,fairness and equality ,,trump ban,,policy prescription and evaluation,morality ,"['trump ban', 'trump ban']","['A3JZS32RQUWGJM', 'A3MZ9RQJX9T656']"
topic_tweets_321,complaint,"@MahyarTousi @IsRowden One of my most admired connections on Linked in eloquently and strongly represented her disgust at the defacing of war memorials during protests. LinkedIn rewarded her views by deplatforming her.  _x000D_
The global elite have this sewn up I think. We are rotten to the core.",1270086686366711808,2020-06-08T00:00:00Z,True,True,False,general complaint,,fairness and equality ,,general complaint,,fairness and equality ,political,"['other', 'complaint']","['A2Q1YS118AO2BP', 'A3JZS32RQUWGJM']"
topic_tweets_322,section 230,@MattWalshBlog President Trump tried but Congress voted against rescinding Section 230.,1349124046361915392,2021-01-12T00:00:00Z,True,False,False,section 230,,political,,section 230,,policy prescription and evaluation,,"['section 230', 'section 230']","['A2T5CROJ0FWIJY', 'A2VC1UC5Q0E9PO']"
topic_tweets_323,section 230,"Let’s see what section 230 says if the social media giants lose it...

https://t.co/AZg2DMR6aF",1316834067338326016,2020-10-15T00:00:00Z,True,False,False,section 230,,"law and order, crime and justice frames",,section 230,,"law and order, crime and justice frames",,"['section 230', 'section 230']","['A2FCGEU5RTEWG8', 'AJAPJJTISC36L']"
topic_tweets_324,trump ban,"@mh4oh https://t.co/CtfhTnfupC

Sign my petition to #BanDonaldTrump from Twitter for inciting violence and hate speech!!",1266880465702514688,2020-05-30T00:00:00Z,True,False,True,trump ban,,policy prescription and evaluation,security and defense frames,trump ban,,policy prescription and evaluation,morality ,"['trump ban', 'trump ban']","['A2T5CROJ0FWIJY', 'A2YYQJ3JWA2KGD']"
topic_tweets_325,section 230,@Stickballruss @PartyTimeAustin Section 230 doesn't and shouldn't require sites to be open forums to get protection.,1321688305201745920,2020-10-29T00:00:00Z,True,False,False,section 230,,policy prescription and evaluation,,section 230,,policy prescription and evaluation,,"['section 230', 'section 230']","['A2T5CROJ0FWIJY', 'A3RYI5HXC2MJLN']"
topic_tweets_326,section 230,Big Tech Monitors and Pulls ‘Fake News’ - So They Don’t Need Section 230 https://t.co/2GVjENKO3t‘fake-news’-so-they-don’t-need-section-230/,1227231575445843968,2020-02-11T00:00:00Z,True,False,False,section 230,,policy prescription and evaluation,,section 230,,policy prescription and evaluation,,"['section 230', 'section 230']","['A2F48NO7AD9VKK', 'A3JZS32RQUWGJM']"
topic_tweets_327,section 230,"Repeal   47 USC 230 (Section 230)
Section 230 has two key provisions: §230(c)(1) provides that websites are not liable for third-party content, while §230(c)(2) indictates websites are not liable for their filtering decisions. https://t.co/v9uN5LQWoD Twitter actually locked Ric Grenell's account after he posted a photo of ballots mailed to a California couple that has been dead for 10 years._x000D_

This is unbelievable.",1314564949788839936,2020-10-09T00:00:00Z,True,False,False,section 230,,policy prescription and evaluation,,section 230,,policy prescription and evaluation,"law and order, crime and justice frames","['section 230', 'section 230']","['A22KRF782ELLB0', 'A2T5CROJ0FWIJY']"
topic_tweets_328,platform policies,FCC chairman to move forward on proposal to weaken liability protections for social media companies that fact-check the president's posts https://t.co/krMYz4ghkY,1317530828033896448,2020-10-17T00:00:00Z,True,True,False,platform policies,,policy prescription and evaluation,,platform policies,,policy prescription and evaluation,,"['other', 'platform policies']","['A2Q1YS118AO2BP', 'A2YYQJ3JWA2KGD']"
topic_tweets_329,section 230,@realDonaldTrump End section 230 NOW!,1321507504392704000,2020-10-28T00:00:00Z,True,False,False,section 230,,policy prescription and evaluation,,section 230,,policy prescription and evaluation,,"['section 230', 'section 230']","['A2F48NO7AD9VKK', 'A2FCGEU5RTEWG8']"
topic_tweets_330,section 230,"@shoofrey @JWesleyWalsh Unless they wanna prove that they're biased, that there's no fairness in their actions, and they wanna provide more ammo to the section 230 reform that will stop them from getting sued over user actions",1298420127768223744,2020-08-26T00:00:00Z,True,False,False,section 230,,fairness and equality ,,section 230,general complaint,fairness and equality ,policy prescription and evaluation,"['section 230', 'section 230']","['A2T5CROJ0FWIJY', 'A3JZS32RQUWGJM']"
topic_tweets_331,complaint,tiktok got exposed for shadow banning creators that post about blm and now my entire fyp is blm KSKDKKS,1267987665011515392,2020-06-03T00:00:00Z,True,True,False,general complaint,,policy prescription and evaluation,,general complaint,platform policies,policy prescription and evaluation,fairness and equality ,"['complaint', 'complaint']","['A2JPOXYZM5AJZZ', 'AJAPJJTISC36L']"
topic_tweets_332,section 230,"@realDonaldTrump Veto it, repeal section 230._x000D_
_x000D_
Why does the GOP establishment help our enemies in Big Tech that censors conservatives?_x000D_
_x000D_
VETO!",1336319521615802368,2020-12-08T00:00:00Z,True,True,False,section 230,,policy prescription and evaluation,,section 230,,policy prescription and evaluation,political,"['section 230', 'section 230']","['A2HM35CWB7IIFM', 'A3JZS32RQUWGJM']"
topic_tweets_333,section 230,"Tune in to discuss the fallout of Silicon Valley companies and how #Section230, antitrust laws &amp; the Digital Bill of Rights protect free speech and digital privacy in the era of #BigTech censorship.

Friday, 03/05 @ 2 pm ET on Clubhouse! See you there 👉 https://t.co/tg4ooD0VWp https://t.co/Ha86Xbei1E",1366840878233493504,2021-03-02T00:00:00Z,True,True,False,section 230,,constitutionality and jurisprudency ,policy prescription and evaluation,section 230,,fairness and equality ,constitutionality and jurisprudency ,"['other', 'section 230']","['A2F48NO7AD9VKK', 'A2YYQJ3JWA2KGD']"
topic_tweets_334,section 230,@RepMattGaetz Revoke section 230 protection and we will take care of the rest in court,1316620623238459392,2020-10-15T00:00:00Z,True,False,False,section 230,,policy prescription and evaluation,,section 230,,policy prescription and evaluation,,"['section 230', 'section 230']","['A22KRF782ELLB0', 'A2T5CROJ0FWIJY']"
topic_tweets_335,section 230,"@FoxNews They rule the world, Monopoly!! I so hope the section 230 is stripped from these people that are in control our first amendment. They block our voices and they should be be encouraging every voices to be heard. #censorship",1348028024927744000,2021-01-09T00:00:00Z,True,True,False,section 230,general complaint,policy prescription and evaluation,constitutionality and jurisprudency ,section 230,general complaint,constitutionality and jurisprudency ,policy prescription and evaluation,"['section 230', 'section 230']","['A2Q1YS118AO2BP', 'A3N0QZ9ZKUCTCQ']"
topic_tweets_336,trump ban,"@MeghanChavalier @jack Or, crazy thought....ban Trump for doing the same things that other people get banned for. Hold him to the same standards",1265415545882505216,2020-05-26T00:00:00Z,True,False,True,trump ban,,policy prescription and evaluation,,trump ban,,fairness and equality ,policy prescription and evaluation,"['trump ban', 'trump ban']","['A2F0X4LN9N4O4C', 'A2Q1YS118AO2BP']"
topic_tweets_337,section 230,@GOP national defense extension and reward to tech section 230 immunity and unlimited greencards ensures that we all stay isolated and never reach the other side with facts and information,1338130919081844736,2020-12-13T00:00:00Z,True,True,False,section 230,,policy prescription and evaluation,,section 230,,policy prescription and evaluation,,"['section 230', 'section 230']","['AJAPJJTISC36L', 'AMWIBULQ4S8K3']"
topic_tweets_338,trump ban,"@ZTPetrizzo @Twitter : save #Democracy, ban Trump",1294444389050093568,2020-08-15T00:00:00Z,True,False,True,trump ban,,policy prescription and evaluation,constitutionality and jurisprudency ,trump ban,,policy prescription and evaluation,,"['trump ban', 'trump ban']","['A22KRF782ELLB0', 'A2Q1YS118AO2BP']"
topic_tweets_339,complaint,"@carney This is something that every Trump troll has long ago learned and come to grips with. The social media moderators are anti-Trump partisans. When you trigger a mod they delete posts, ban accounts, block urls. But really, that just makes it more fun.",1317081250860044288,2020-10-16T00:00:00Z,True,True,False,general complaint,,,,general complaint,,political,,"['trump ban', 'complaint']","['A2JPOXYZM5AJZZ', 'A3JZS32RQUWGJM']"
topic_tweets_340,trump ban,"@sarin5x_x No, I'm talking about making a site just as pozzed as twitter, but you don't ban Trump from it.",1348734507768295424,2021-01-11T00:00:00Z,True,True,False,trump ban,,policy prescription and evaluation,,trump ban,,fairness and equality ,policy prescription and evaluation,"['trump ban', 'trump ban']","['A2F48NO7AD9VKK', 'A2YYQJ3JWA2KGD']"
topic_tweets_341,trump ban,Jack Dorsey: 1Million to ban Donald J. Trump from Twitter. - Sign the Petition! https://t.co/SLnmGc6UsL via @Change,1266547763803611136,2020-05-30T00:00:00Z,True,False,True,trump ban,,policy prescription and evaluation,,trump ban,,policy prescription and evaluation,,"['trump ban', 'trump ban']","['A2F48NO7AD9VKK', 'A2YYQJ3JWA2KGD']"
topic_tweets_342,trump ban,"@Twitter for real, it's time to ban Trump._x000D_
_x000D_
Or just shut down the whole site. You're making the world a worse place.",1214720126085414912,2020-01-08T00:00:00Z,True,False,True,trump ban,general complaint,policy prescription and evaluation,,trump ban,,policy prescription and evaluation,,"['complaint', 'trump ban']","['A2F0X4LN9N4O4C', 'A3RYI5HXC2MJLN']"
topic_tweets_343,section 230,"It makes me mad because I broke the story that a version of Section 230 was going into the new NAFTA, in July 2018, WELL OVER A YEAR before the trade agreement got approved, and nobody gave a damn. Now Section 230 is a problem? Where were you all?

https://t.co/O7hJTCeNQS",1313561856083017728,2020-10-06T00:00:00Z,True,False,False,section 230,,policy prescription and evaluation,,section 230,,political,policy prescription and evaluation,"['section 230', 'section 230']","['A18DUG8EA8Y766', 'A2Q1YS118AO2BP']"
topic_tweets_344,trump ban,@Breaking911 @VaushV I hope they ban Trump. It would be hilarious.,1265991418683838464,2020-05-28T00:00:00Z,True,False,True,trump ban,,policy prescription and evaluation,,trump ban,,policy prescription and evaluation,,"['trump ban', 'trump ban']","['A2IOT3PCS9G5RK', 'A3JZS32RQUWGJM']"
topic_tweets_345,section 230,"@anshublog @balajis @joelgrus After removing section 230 protection, yes.",1347936194856771584,2021-01-09T00:00:00Z,True,False,False,section 230,,policy prescription and evaluation,,section 230,,,,"['section 230', 'section 230']","['A2T5CROJ0FWIJY', 'AMWIBULQ4S8K3']"
topic_tweets_346,complaint,"@RtmTweets @1Swinging_Voter @zdaniel @Twitter the protections under law already exist provided big tech play by the rules. All they have to do is stop messing with people on a political basis as they have been doing._x000D_
_x000D_
What Jack has done was just absurdly foolish and even more memorable than shadow banning WikiLeaks.",1266308384623489024,2020-05-29T00:00:00Z,True,True,False,general complaint,,policy prescription and evaluation,,general complaint,platform policies,political,"law and order, crime and justice frames","['twitter support', 'complaint']","['A2YYQJ3JWA2KGD', 'A3JZS32RQUWGJM']"
topic_tweets_347,trump ban,Texas AG Launches Investigation Into Big Tech’s ‘Biased Policies’ After Trump’s Twitter Ban https://t.co/FI40b0Vp9M,1349906671116627968,2021-01-15T00:00:00Z,True,True,False,trump ban,,"law and order, crime and justice frames",,trump ban,,fairness and equality ,,"['trump ban', 'trump ban']","['A2T5CROJ0FWIJY', 'AMWIBULQ4S8K3']"
topic_tweets_348,complaint,@kunst_of_kunde They are coming because .@YouTube .@Facebook and Twitter are knowingly allowing only these violent attacks and pandemic lies while deleting and shadowbanning anyone from showing their fraud.,1268834466413199360,2020-06-05T00:00:00Z,True,True,False,general complaint,,policy prescription and evaluation,fairness and equality ,general complaint,platform policies,fairness and equality ,,"['complaint', 'complaint']","['AJAPJJTISC36L', 'AMWIBULQ4S8K3']"
topic_tweets_349,section 230,"@ewenclark92 Section 230 provides special protection for service providers under the assumption that they're not editorially controlling what's said on their platform. If they do impose editorial control, then why they should have that special protection?",1266907489490079744,2020-05-31T00:00:00Z,True,False,False,section 230,,policy prescription and evaluation,,section 230,,"law and order, crime and justice frames",policy prescription and evaluation,"['other', 'section 230']","['A2F48NO7AD9VKK', 'AMWIBULQ4S8K3']"
topic_tweets_350,trump ban,I just signed a @commoncause petition to @Facebook: Permanently ban Donald Trump. Sign here: https://t.co/jw4bFiCyvc,1357142646230114304,2021-02-04T00:00:00Z,True,False,True,trump ban,,policy prescription and evaluation,,trump ban,,policy prescription and evaluation,,"['platform policies', 'trump ban']","['A2Q1YS118AO2BP', 'A2YYQJ3JWA2KGD']"
topic_tweets_351,trump ban,Trump Social Media Ban Shows How Ignorant Americans Really Are https://t.co/zBEN4hh6A1 via @YouTube People need to LEARN about what “Free Speech” is AND its limits.,1349817858163957760,2021-01-14T00:00:00Z,True,True,False,trump ban,,constitutionality and jurisprudency ,,trump ban,general complaint,constitutionality and jurisprudency ,,"['trump ban', 'trump ban']","['A2F48NO7AD9VKK', 'A2HM35CWB7IIFM']"
topic_tweets_352,trump ban,"@LarrySchweikart @GeigerSchwab How will Twitter, Facebook, YouTube justify their Trump ban after he’s cleared by the Senate of inciting a riot?",1355389583610023936,2021-01-30T00:00:00Z,True,True,False,trump ban,,policy prescription and evaluation,fairness and equality ,trump ban,,"law and order, crime and justice frames",,"['trump ban', 'trump ban']","['A18DUG8EA8Y766', 'A314XJY8V1YL12']"
topic_tweets_353,section 230,"@janaya7987 @LindseyGrahamSC @realDonaldTrump Indeed, it will be a mass banning /exodus of social media platforms, the CEO's will not risk being held reliable for what some racist asshat says._x000D_
_x000D_
90% of these republicans would be banned on all social media platforms as soon as section 230 is repealed.",1343707824648548352,2020-12-28T00:00:00Z,True,False,False,section 230,,political,fairness and equality ,section 230,platform policies,political,"law and order, crime and justice frames","['section 230', 'section 230']","['A22KRF782ELLB0', 'A3RYI5HXC2MJLN']"
topic_tweets_354,trump ban,Nikki Haley says Trump Twitter ban is 'what happens in China' https://t.co/LWo5h3PCFm #FoxNews Where do you think we all will be living for the next 2 years.,1348055162116591616,2021-01-09T00:00:00Z,True,False,False,trump ban,,policy prescription and evaluation,external regulation and reputation,trump ban,,cultural identity,,"['trump ban', 'trump ban']","['A55X502YHPLPL', 'AMWIBULQ4S8K3']"
topic_tweets_355,complaint,@carolmswain Simply more Conservative Censorship.  It's disgusting and competely UNCONSTITUTIONAL.  Time to pull the plug on their exemption to lawsuits afforded to them through Section 230 of the Communications Decency Act.,1373841376408956928,2021-03-22T00:00:00Z,True,True,False,general complaint,section 230,political,constitutionality and jurisprudency ,general complaint,section 230,constitutionality and jurisprudency ,political,"['section 230', 'section 230']","['A2JPOXYZM5AJZZ', 'A2YYQJ3JWA2KGD']"
topic_tweets_356,trump ban,Snapchat permanently bans President Trump - CNN https://t.co/g7cHiHrcWW via @GoogleNews,1349615790241288192,2021-01-14T00:00:00Z,True,False,False,trump ban,,,,trump ban,,,,"['trump ban', 'trump ban']","['A2T5CROJ0FWIJY', 'A55X502YHPLPL']"
topic_tweets_357,complaint,"@MarkDice So why don't they ban the stuff that says worse things about Trump or Republicans? _x000D_
_x000D_
Oh right, bias.",1296236431371837440,2020-08-20T00:00:00Z,True,True,False,general complaint,,fairness and equality ,policy prescription and evaluation,general complaint,,fairness and equality ,political,"['trump ban', 'trump ban']","['A18DUG8EA8Y766', 'AMWIBULQ4S8K3']"
topic_tweets_358,trump ban,"Social media’s Trump ban is a good start, but online’s hooligan element is still out there | The New Daily https://t.co/1IkgheQvVs",1355619168406499328,2021-01-30T00:00:00Z,True,False,True,trump ban,general complaint,policy prescription and evaluation,,trump ban,platform policies,policy prescription and evaluation,,"['trump ban', 'trump ban']","['A2F48NO7AD9VKK', 'A2T5CROJ0FWIJY']"
topic_tweets_359,trump ban,Raise your hand if you'd pay a modest monthly fee for @twitter if they would only hold Trump accountable and ban his ass. 🙋‍♀️,1265722477440729088,2020-05-27T00:00:00Z,True,False,True,trump ban,platform policies,policy prescription and evaluation,fairness and equality ,trump ban,,policy prescription and evaluation,,"['trump ban', 'trump ban']","['A2IOT3PCS9G5RK', 'A2Q1YS118AO2BP']"
topic_tweets_360,trump ban,"#twitter #TwitterCensorship _x000D_
You need to ban #Trump from twitter. Tweeting false, divisive statements on important issues violates your standards.  Not once, but 100’s of times.  Do the right thing for once.  It’s a decency move not a political move. #BanTrump",1327983628161347584,2020-11-15T00:00:00Z,True,False,True,trump ban,,policy prescription and evaluation,,trump ban,,policy prescription and evaluation,morality ,"['trump ban', 'trump ban']","['A2IOT3PCS9G5RK', 'A2T5CROJ0FWIJY']"
topic_tweets_361,section 230,"@realDonaldTrump Leave it to @Twitter to label an obvious joke ""Manipulated media."" Time to repeal Section 230 protections for social media giants. https://t.co/Wtla694CKs",1273801060012851200,2020-06-19T00:00:00Z,True,True,False,section 230,,policy prescription and evaluation,,section 230,general complaint,policy prescription and evaluation,,"['section 230', 'trump ban']","['A2FCGEU5RTEWG8', 'A2YYQJ3JWA2KGD']"
topic_tweets_362,trump ban,Trump protest outside Twitter HQ over ban flops https://t.co/gPRl7z6g1X,1348980834435555328,2021-01-12T00:00:00Z,True,False,False,trump ban,,,,trump ban,,,,"['trump ban', 'trump ban']","['A2Q1YS118AO2BP', 'A3JZS32RQUWGJM']"
topic_tweets_363,complaint,"Want to see what shadow banning looks like? Find someone with 10-200 followers, they will tweet something &amp; get 200-2000 likes, &amp; some of the folks like the President will get thousands. People in the middle like me w/ 40+K followers get 1, 2, 3, 10. Keeping the masses down. SAD",1249341779805114368,2020-04-12T00:00:00Z,True,True,False,general complaint,,fairness and equality ,,general complaint,,fairness and equality ,,"['complaint', 'complaint']","['A2Q1YS118AO2BP', 'A3JZS32RQUWGJM']"
topic_tweets_364,section 230,@NRSC @Perduesenate @KLoeffler Then why the eff didn't you do your part today to get rid of section 230? You can't have it both ways. You don't get to feign offense at Facebook's action. Do your job!!!,1345135003357777920,2021-01-01T00:00:00Z,True,False,False,section 230,,policy prescription and evaluation,,section 230,,policy prescription and evaluation,morality ,"['section 230', 'section 230']","['A3JZS32RQUWGJM', 'AMWIBULQ4S8K3']"
topic_tweets_365,section 230,"The Big Tech Tyrants are working in concert with the demorats, censoring and deleting the voices of the people and their 1st Amendment rights. They are doing the dirty work for the demorats. Need to remove Section 230 shielding them from liability. https://t.co/YRZbKYQ68C Even though the lies from CNN  that were uncovered by James O’Keefe at Veritas &amp; also the fake news story about the bounties from Russia on American Soldiers from NY Times but it’s still getting suppressed to the public. How does this get out to the masses to uncover the lies?",1383202556789264384,2021-04-16T00:00:00Z,True,True,False,section 230,general complaint,political,constitutionality and jurisprudency ,section 230,general complaint,political,policy prescription and evaluation,"['section 230', 'section 230']","['A2Q1YS118AO2BP', 'A3RYI5HXC2MJLN']"
topic_tweets_366,trump ban,"Twitter will never ban Trump. He's their cash cow. Without him, all we'd have to whine about are the Kardashians and Karen.",1265985138883809280,2020-05-28T00:00:00Z,True,False,False,trump ban,,policy prescription and evaluation,economic ,trump ban,,economic ,,"['trump ban', 'trump ban']","['A2YYQJ3JWA2KGD', 'A3JZS32RQUWGJM']"
topic_tweets_367,section 230,@Lancegooden @realDonaldTrump When and if Section 230 is repealed all social media will cease to exist in the USA.,1347450879528595456,2021-01-08T00:00:00Z,True,False,False,section 230,,policy prescription and evaluation,,section 230,,"law and order, crime and justice frames",,"['section 230', 'section 230']","['A2T5CROJ0FWIJY', 'A3RYI5HXC2MJLN']"
topic_tweets_368,section 230,This was a plan between @senatemajldr and @realDonaldTrump the whole time. Don’t be fooled. They want to repeal section 230 and investigate “voter fraud” which there is no evidence of for their own gain. This isn’t about us to them. #trump #McConnell #MitchMcConnel #Stimulus,1344097774237843456,2020-12-30T00:00:00Z,True,False,False,section 230,,political,,section 230,,political,,"['section 230', 'section 230']","['A2YYQJ3JWA2KGD', 'AMWIBULQ4S8K3']"
topic_tweets_369,complaint,"@LivePDDave1 Honestly, I don't know how twitter gets away with this, it's pure harassment, censorship and violation of our 1stA rights- like what IRS did to conservatives. This whole hashtag #ObamaGate is proof positive PLUS the shadowbanning going on. They'd love to kill everyone of us!",1259842719851048960,2020-05-11T00:00:00Z,True,True,False,general complaint,,fairness and equality ,constitutionality and jurisprudency ,general complaint,,political,constitutionality and jurisprudency ,"['complaint', 'complaint']","['A2T5CROJ0FWIJY', 'A3JZS32RQUWGJM']"
topic_tweets_370,platform policies,Twitter Confirms it Will Only Ban “Harmful” Deepfakes: Social site will otherwise allow manipulated content on its site https://t.co/jx9twdLQUo https://t.co/TUdzvOrVHz,1225358606712758272,2020-02-06T00:00:00Z,True,False,True,platform policies,,policy prescription and evaluation,,platform policies,,policy prescription and evaluation,fairness and equality ,"['platform policies', 'other']","['A2HM35CWB7IIFM', 'A2Q1YS118AO2BP']"
topic_tweets_371,trump ban,"Man after my own heart! #Twitter ban #Trump https://t.co/zoJEAYDQ9A There are many legitimate debates about Twitter's ban of Trump, for example, and we are lucky to be free to have them. But none of them should include whether they should have the right to do so.",1348854655481241600,2021-01-12T00:00:00Z,True,True,False,trump ban,,morality ,policy prescription and evaluation,trump ban,general complaint,"law and order, crime and justice frames",morality ,"['trump ban', 'trump ban']","['A2T5CROJ0FWIJY', 'A3N0QZ9ZKUCTCQ']"
topic_tweets_372,trump ban,"Trump has a 12hr Twitter ban, is he moving himself over to Parler? Who’s on there",1346978777566310400,2021-01-07T00:00:00Z,True,False,False,trump ban,,,,trump ban,,,,"['trump ban', 'section 230']","['A2IOT3PCS9G5RK', 'A2JPOXYZM5AJZZ']"
topic_tweets_373,platform policies,"@Kmair9 I know they shouldn't and I'm never saying she should stop praising them, but if there's an ongoing problem we should all be doing everything we can to avoid children seeing harmful content.",1280928661038870528,2020-07-08T00:00:00Z,True,False,True,platform policies,general complaint,policy prescription and evaluation,,platform policies,,health and safety frames,morality ,"['platform policies', 'other']","['A2YYQJ3JWA2KGD', 'A3RYI5HXC2MJLN']"
topic_tweets_374,platform policies,"Mozilla, Firefox planning to censor conservatives at the browser; deplatforming isn’t enough 45.89.97.6",1349602198825496576,2021-01-14T00:00:00Z,True,True,False,platform policies,general complaint,,,platform policies,,policy prescription and evaluation,political,"['platform policies', 'platform policies']","['A2Q1YS118AO2BP', 'A3JZS32RQUWGJM']"
topic_tweets_375,complaint,@WildBillWellman Guess I would see a problem if that actually resulted in deplatforming. Have you called anyone a fascist who clearly wasn’t only to see that accusation in and of itself lead to a permaban / deplatforming?,1348487701763301376,2021-01-11T00:00:00Z,True,False,False,general complaint,,fairness and equality ,,general complaint,platform policies,policy prescription and evaluation,fairness and equality ,"['complaint', 'complaint']","['A2F48NO7AD9VKK', 'AMWIBULQ4S8K3']"
topic_tweets_376,section 230,Section 230 needs be checked an balance for sensoring an cancel culture!,1347921296575836160,2021-01-09T00:00:00Z,True,True,False,section 230,,policy prescription and evaluation,,section 230,,policy prescription and evaluation,political,"['section 230', 'section 230']","['A2YYQJ3JWA2KGD', 'AJAPJJTISC36L']"
topic_tweets_377,section 230,@chadfelixg @jihadwatchRS @jack Bye bye section 230,1317217774372966400,2020-10-16T00:00:00Z,True,False,False,section 230,,,,section 230,,policy prescription and evaluation,,"['section 230', 'section 230']","['A2Q1YS118AO2BP', 'AJAPJJTISC36L']"
topic_tweets_378,trump ban,"@timrsilver @DineshDSouza @gregkellyusa So is Trump.

And @twitter is COMPLICIT. Time to ban @realDonaldTrump.

@jack, where are you?

#JackWhereAreYou https://t.co/TW5KbFmM4s",1340328899599884288,2020-12-19T00:00:00Z,True,False,True,trump ban,,policy prescription and evaluation,,trump ban,,policy prescription and evaluation,,"['trump ban', 'twitter support']","['A2IOT3PCS9G5RK', 'A2Q1YS118AO2BP']"
topic_tweets_379,platform policies,"Free speech vs hateful content: Should tech firms have the last word?
Senior advocate #SanjayHegde and senior journalist @Profdilipmandal
share their thoughts: https://t.co/6VrlJdWHOM",1354806860344254464,2021-01-28T00:00:00Z,True,False,False,platform policies,,constitutionality and jurisprudency ,morality ,platform policies,,,,"['other', 'other']","['A2Q1YS118AO2BP', 'A2T5CROJ0FWIJY']"
topic_tweets_380,section 230,Trump vetoes $740 billion defense bill after Section 230 complaints  The Verge https://t.co/nZnNCZIely,1342588940419657728,2020-12-25T00:00:00Z,True,False,False,section 230,,,,section 230,,policy prescription and evaluation,,"['section 230', 'section 230']","['A2YYQJ3JWA2KGD', 'AJAPJJTISC36L']"
topic_tweets_381,complaint,@MorningsMaria An about face when VLAD PUTIN can lecture America on CORPORATE CENSORSHIP!,1354750718314487808,2021-01-28T00:00:00Z,True,False,False,general complaint,,external regulation and reputation,,general complaint,,political,fairness and equality ,"['complaint', 'complaint']","['A2F48NO7AD9VKK', 'A3JZS32RQUWGJM']"
topic_tweets_382,section 230,"make no mistake, this is not a Section 230 hearing_x000D_
_x000D_
this is a NY Post/2020 election hearing dressed up as Section 230",1321452904914575360,2020-10-28T00:00:00Z,True,False,False,section 230,,political,,section 230,,other,,"['section 230', 'section 230']","['A2F48NO7AD9VKK', 'A2Q1YS118AO2BP']"
topic_tweets_383,section 230,@thehill @jack @JeffBezos and Mark Zuckerberg saw how they were gonna lose 100s of millions since Section 230 excepts federal criminal liability. It became “Every man for himself” at that point.,1349687440567640064,2021-01-14T00:00:00Z,True,False,False,section 230,,"law and order, crime and justice frames",,section 230,,economic ,,"['section 230', 'section 230']","['A2YYQJ3JWA2KGD', 'A55X502YHPLPL']"
topic_tweets_384,section 230,"@LindseyGrahamSC @realDonaldTrump Vote yes on additional stimulus funds, vote no on repealing Section 230.",1343701559205654528,2020-12-28T00:00:00Z,True,False,False,section 230,,political,,section 230,,policy prescription and evaluation,,"['section 230', 'section 230']","['A2YYQJ3JWA2KGD', 'A3JZS32RQUWGJM']"
topic_tweets_385,section 230,"@Maxtropolitan @TheAtlantic @danteramos The internet is entering a free-speech dark age, despite and largely because of Section 230. /fin",1345889396038524928,2021-01-04T00:00:00Z,True,True,False,section 230,,policy prescription and evaluation,,section 230,,constitutionality and jurisprudency ,,"['section 230', 'section 230']","['A2IOT3PCS9G5RK', 'A3RYI5HXC2MJLN']"
topic_tweets_386,section 230,"@C_Burch67 @TwitterSafety @Facebook ""The reason that Section 230 does not require political neutrality, and was never intended to do so, is that it would enforce homogeneity: every website would have the same “neutral” point of view. This is the opposite of true diversity."" - @RonWyden &amp; Chris Cox, authors of 230",1347269506566139904,2021-01-07T00:00:00Z,True,True,False,section 230,,policy prescription and evaluation,,section 230,,"law and order, crime and justice frames",political,"['section 230', 'section 230']","['A2YYQJ3JWA2KGD', 'AJAPJJTISC36L']"
topic_tweets_387,complaint,Parler CEO says surge in users shows people 'tired' of social media censorship https://t.co/iSTDatv1Tk #FoxNews,1327713258292187136,2020-11-14T00:00:00Z,True,True,False,general complaint,,public opinion,,general complaint,,fairness and equality ,,"['other', 'platform policies']","['A2Q1YS118AO2BP', 'A2YYQJ3JWA2KGD']"
topic_tweets_388,complaint,"@WhiteHouse Doesn’t mention Biden, again it’s just “a transition of power”, doesn’t take responsibility for anything, reads words that aren’t his, takes credit for the National Guard presence, whines about social media ban, tries to cover his own ass, lets down the fools who believed in him.",1349501241332785152,2021-01-13T00:00:00Z,True,False,False,general complaint,,other,,general complaint,,political,,"['other', 'other']","['A2T5CROJ0FWIJY', 'AMWIBULQ4S8K3']"
topic_tweets_389,section 230,"HahahHhahHHh.  I mean section 230 is bad but not for that reason https://t.co/E4o4EJPA52 On Fox &amp; Friends before his first #SCSen campaign stop of the weekend in Florence, @LindseyGrahamSC vows to eliminate Section 230 and let people sue social media platforms. _x000D_

“The biggest threat to conservatism is the social media companies censoring information.”",1322522049047367680,2020-10-31T00:00:00Z,True,True,False,section 230,,policy prescription and evaluation,,section 230,,policy prescription and evaluation,political,"['section 230', 'section 230']","['A2IOT3PCS9G5RK', 'A3JZS32RQUWGJM']"
topic_tweets_390,section 230,"The American People to Trump for holding the stimulus checks hostage over Section 230: https://t.co/SehpaL5Sgt 🎄😲😂 _x000D_

That's Constance Ford slapping Sandra Dee in ""A Summer Place"" (1959)

via classic.age/amysedaris/IG https://t.co/VrCzKKMe4F",1342654750832160768,2020-12-26T00:00:00Z,True,False,False,section 230,,economic ,,section 230,,policy prescription and evaluation,,"['section 230', 'section 230']","['A2F48NO7AD9VKK', 'A2HM35CWB7IIFM']"
topic_tweets_391,complaint,@DickDelingpole This company is part of the social media censorship team across the board blocking political opinions &amp; scientists challenging 2020 issues. Retweet  https://t.co/DtaiPU6yhX,1338230129550647296,2020-12-13T00:00:00Z,True,True,False,general complaint,,,,general complaint,,political,,"['platform policies', 'platform policies']","['A2YYQJ3JWA2KGD', 'A3JZS32RQUWGJM']"
topic_tweets_392,complaint,"#iBullshitYouNot

This is why Americans are so uninformed.

Add to this social media censorship and we got a whole bunch of sheeple lining up to vote for someone they know nothing about.

#Election2020
#VOTE https://t.co/ohurQB1dHO",1317541551099269120,2020-10-17T00:00:00Z,True,True,False,general complaint,,fairness and equality ,,general complaint,,political,fairness and equality ,"['trump ban', 'complaint']","['A2T5CROJ0FWIJY', 'A2YYQJ3JWA2KGD']"
topic_tweets_393,complaint,“I can excuse eugenics but I draw the line at deplatforming” https://t.co/QyRSKw3nC9,1279295373870317568,2020-07-04T00:00:00Z,True,True,False,general complaint,,fairness and equality ,,general complaint,,morality ,,"['complaint', 'platform policies']","['A2T5CROJ0FWIJY', 'A2YYQJ3JWA2KGD']"
topic_tweets_394,complaint,COME ON #twitter Stop the #ShadowBanning,1270076503263531008,2020-06-08T00:00:00Z,True,True,False,general complaint,,fairness and equality ,policy prescription and evaluation,general complaint,platform policies,policy prescription and evaluation,fairness and equality ,"['complaint', 'complaint']","['A2F48NO7AD9VKK', 'A2YYQJ3JWA2KGD']"
topic_tweets_395,trump ban,Do it Twitter. DO IT NOW!!!!!! BAN TRUMP FROM TWITTER!!!!!!!!! https://t.co/B6hxNKkwtr Twitter should permanently ban @realDonaldTrump. Pass it on.,1327269865481265152,2020-11-13T00:00:00Z,True,False,True,trump ban,,policy prescription and evaluation,,trump ban,,policy prescription and evaluation,,"['trump ban', 'trump ban']","['A18DUG8EA8Y766', 'A2Q1YS118AO2BP']"
topic_tweets_396,section 230,Now let’s talk about all the Bernie bros that were championing Bernie filibustering the senate for a bill that was going to repeal section 230 and all pornography because they wanted $2k in stimulus lol https://t.co/3DKVgRDNDy,1353439553751814144,2021-01-24T00:00:00Z,True,False,False,section 230,,political,policy prescription and evaluation,section 230,,political,policy prescription and evaluation,"['section 230', 'section 230']","['A2T5CROJ0FWIJY', 'A2YYQJ3JWA2KGD']"
topic_tweets_397,trump ban,They shouldn't have ban Trump.,1347812094801022976,2021-01-09T00:00:00Z,True,False,False,trump ban,,policy prescription and evaluation,,trump ban,,policy prescription and evaluation,,"['trump ban', 'trump ban']","['A2IOT3PCS9G5RK', 'A2YYQJ3JWA2KGD']"
topic_tweets_398,trump ban,et tu @Twitter Failure to ban Trump will be morally reprehensible.,1347219684039553024,2021-01-07T00:00:00Z,True,False,True,trump ban,,morality ,,trump ban,,morality ,,"['trump ban', 'trump ban']","['A3JZS32RQUWGJM', 'AJAPJJTISC36L']"
topic_tweets_399,section 230,"@RepKenBuck @pnjaban blame your leader @senatemajldr he didn't work to repeal section 230! YOU should now oust him as minority leader! We have a bunch of spineless, useless RINOS in congress that are worst than corrupt dems, at least they show their true colors RINOS exploit us for votes &amp; do Zero!!",1348376895201677312,2021-01-10T00:00:00Z,True,False,False,section 230,,political,,section 230,,political,policy prescription and evaluation,"['section 230', 'section 230']","['A2YYQJ3JWA2KGD', 'A3GLUDQZGEJL5G']"
topic_tweets_400,section 230,YES YES YES VETO VETO VETO IF THE DEFENSE BILL DOES NOT INCLUDE TERMINATION CLAUSE SECTION 230 https://t.co/dBECaI5I0a,1334731007044554752,2020-12-04T00:00:00Z,True,False,False,section 230,,political,policy prescription and evaluation,section 230,,policy prescription and evaluation,,"['section 230', 'section 230']","['A2YYQJ3JWA2KGD', 'A3RYI5HXC2MJLN']"
topic_tweets_401,trump ban,.@Facebook @YouTube have blood on their hands. I'm demanding these companies ban Donald Trump permanently and suspend all right-wing extremist accounts spreading lies and calling for further attacks. https://t.co/86fUVvAD8v,1354574020063109120,2021-01-27T00:00:00Z,True,False,True,trump ban,,policy prescription and evaluation,,trump ban,general complaint,policy prescription and evaluation,morality ,"['trump ban', 'platform policies']","['A22KRF782ELLB0', 'A2Q1YS118AO2BP']"
topic_tweets_402,trump ban,"TRUMP SUGGESTS BUILDING MICRO-BLOGGING SITE
Following his permanent Twitter ban, the president floats a new digital megaphone for his hate-speech.
https://t.co/dpIN6oXRXA",1347833160634085376,2021-01-09T00:00:00Z,True,False,False,trump ban,,other,,trump ban,other,,,"['other', 'trump ban']","['A2T5CROJ0FWIJY', 'AMWIBULQ4S8K3']"
topic_tweets_403,complaint,"@BrendanNyhan @KevinMKruse And they are not making them for twitter. They are making those videos for @facebook, cause Trump cronies who are working as high-level executives at Facebook will block any ban or suspension on them.",1300526956648128512,2020-08-31T00:00:00Z,True,False,False,general complaint,platform policies,fairness and equality ,,general complaint,,fairness and equality ,political,"['trump ban', 'platform policies']","['A2YYQJ3JWA2KGD', 'AMWIBULQ4S8K3']"
topic_tweets_404,trump ban,Facebook / Instagram Ban President Trump 'Indefinitely' After Capitol Riot! - https://t.co/XbsXuotYtO via @Worldstar #WSHH #WORLDSTAR,1347311007350353920,2021-01-07T00:00:00Z,True,False,False,trump ban,,,,trump ban,,,,"['trump ban', 'trump ban']","['A2FCGEU5RTEWG8', 'A3JZS32RQUWGJM']"
topic_tweets_405,complaint,"@RealJamesWoods Social Media Censorship And Bias Is Increasing Every Day As We Approach The 2020 Election.

It is even worse than you may think.

How do we stop it?

Read @ToddJCefaratti and @floydbrown
shocking new book https://t.co/QFKe3DshR8

#Censorship",1263166633888976896,2020-05-20T00:00:00Z,True,True,False,general complaint,,fairness and equality ,,general complaint,,fairness and equality ,policy prescription and evaluation,"['complaint', 'complaint']","['A2YYQJ3JWA2KGD', 'AMWIBULQ4S8K3']"
topic_tweets_406,section 230,"This is why you and the @GOP need to do something about it when you get back to DC...Section 230 needs revised. https://t.co/0A2ezXvd7f Twitter Bans:_x000D_

-U.S. Border Patrol Chief from tweeting about the southern border.

-The New York Post from tweeting about Hunter Biden.

Twitter Allows:

-Iran’s Ayatollah to threaten American citizens.

-Malaysia’s Prime Minister to encourage terrorism.",1321858183724331008,2020-10-29T00:00:00Z,True,False,False,section 230,platform policies,policy prescription and evaluation,,section 230,,policy prescription and evaluation,fairness and equality ,"['section 230', 'section 230']","['A2IOT3PCS9G5RK', 'A3JZS32RQUWGJM']"
topic_tweets_407,trump ban,"Mr Trump's Twitter account has been permanently suspended. And I am glad.

https://t.co/2Sucamel0Q",1347845541921607680,2021-01-09T00:00:00Z,True,False,True,trump ban,,policy prescription and evaluation,,trump ban,,policy prescription and evaluation,,"['trump ban', 'trump ban']","['A3JZS32RQUWGJM', 'A3RYI5HXC2MJLN']"
topic_tweets_408,complaint,I see the deplatforming everyone is trying so hard to do is working wonders. https://t.co/OBknCKOw0F,1275405019043573760,2020-06-23T00:00:00Z,True,False,False,general complaint,,policy prescription and evaluation,,general complaint,,policy prescription and evaluation,,"['complaint', 'platform policies']","['A2JPOXYZM5AJZZ', 'A2YYQJ3JWA2KGD']"
topic_tweets_409,section 230,"@nighatdad It’s time to #Repeal230._x000D_
_x000D_
Social media platform (FB, YT, etc) must be completely “content-neutral” or control the content and risk being sued if the content offends. They rely on Telecomm Act, Section 230 exemption from content-litigation. _x000D_
_x000D_
Now they want to censor. _x000D_
_x000D_
 #Repeal230",1258882814054891520,2020-05-08T00:00:00Z,True,False,False,section 230,,policy prescription and evaluation,,section 230,,policy prescription and evaluation,fairness and equality ,"['section 230', 'section 230']","['A2Q1YS118AO2BP', 'AMWIBULQ4S8K3']"
topic_tweets_410,trump ban,"Trump’s blanket ban from social media proves the information war is over. If you’re reading this, you’ve lost. — RT Op-ed https://t.co/a7nNTbKLgN",1348229781884645376,2021-01-10T00:00:00Z,True,False,True,trump ban,,other,,trump ban,,quality of life,,"['trump ban', 'trump ban']","['A2HM35CWB7IIFM', 'AMWIBULQ4S8K3']"
topic_tweets_411,section 230,@BillyTesch @SteveScalise But they are supposed to be open forums protected by Section 230 of Title V of Telecommunications Act with no censorship,1329464643434258432,2020-11-19T00:00:00Z,True,False,False,section 230,,fairness and equality ,,section 230,,fairness and equality ,,"['section 230', 'section 230']","['A2Q1YS118AO2BP', 'A2YYQJ3JWA2KGD']"
topic_tweets_412,section 230,"""..what we would have is companies starting to become more careful and concerned over the emergence of hateful content, disinformation, misinformation"" #Section230 #Twitter #Facebook",1353784887464005632,2021-01-25T00:00:00Z,True,False,False,section 230,,health and safety frames,,section 230,platform policies,policy prescription and evaluation,"law and order, crime and justice frames","['platform policies', 'section 230']","['A2Q1YS118AO2BP', 'A3JZS32RQUWGJM']"
topic_tweets_413,section 230,"@LindseyGrahamSC You're really bad at this, aren't you. Were it not for Section 230, he would've been removed long ago. If online service providers become liable, the family of the murdered officer can sue Parler for every seditious threat made on that platform which led to his death.",1347790032975798272,2021-01-09T00:00:00Z,True,False,False,section 230,,"law and order, crime and justice frames",policy prescription and evaluation,section 230,,"law and order, crime and justice frames",political,"['section 230', 'section 230']","['A22KRF782ELLB0', 'AMWIBULQ4S8K3']"
topic_tweets_414,section 230,"@realDonaldTrump That makes no sense._x000D_
_x000D_
Are you trying to say that China is happy that repeal of Section 230 is not in the bill?_x000D_
_x000D_
Seriously, WTF does China have to do with your vendetta against Twitter users? China cares about monuments?_x000D_
_x000D_
You are a little, little man.",1339652660274876416,2020-12-17T00:00:00Z,True,False,False,section 230,general complaint,external regulation and reputation,,section 230,,external regulation and reputation,,"['section 230', 'section 230']","['A2F48NO7AD9VKK', 'A2YYQJ3JWA2KGD']"
topic_tweets_415,trump ban,@Twitter just ban Trump and be done with it. You've banned us normal folks. Why is he held to a lower standard?,1266351347177336832,2020-05-29T00:00:00Z,True,False,True,trump ban,general complaint,policy prescription and evaluation,fairness and equality ,trump ban,,fairness and equality ,,"['trump ban', 'trump ban']","['A2YYQJ3JWA2KGD', 'AMWIBULQ4S8K3']"
topic_tweets_416,section 230,"@TulsiGabbard @realDonaldTrump False. Section 230 applies to everyone on the internet, including traditional media, The Trump Organization, him, you, and me. In fact, it became law before most social media existed. It promotes the freedom of speech by ensuring you’re not liable for things *other* people say.",1334444819918295040,2020-12-03T00:00:00Z,True,False,False,section 230,,policy prescription and evaluation,constitutionality and jurisprudency ,section 230,,"law and order, crime and justice frames",,"['section 230', 'section 230']","['A2F48NO7AD9VKK', 'A3JZS32RQUWGJM']"
topic_tweets_417,complaint,We’re how many months into this global pandemic and @Twitter STILL doesn’t have a way to report false or misleading information about said pandemic?!!,1257727831758516224,2020-05-05T00:00:00Z,True,False,True,general complaint,platform policies,policy prescription and evaluation,,general complaint,platform policies,policy prescription and evaluation,morality ,"['platform policies', 'twitter support']","['A3JZS32RQUWGJM', 'A3RYI5HXC2MJLN']"
topic_tweets_418,platform policies,"Social media companies “didn’t have any good options.""

Media &amp; Disinfo Fellow Bret Schafer spoke to @tyadkisson @Newsy about platforms' attempts to stop false information around a New York Post story.  https://t.co/Z0PdMO673I",1319675806939975680,2020-10-23T00:00:00Z,True,False,False,platform policies,,,,platform policies,,policy prescription and evaluation,,"['platform policies', 'other']","['A2YYQJ3JWA2KGD', 'A3RYI5HXC2MJLN']"
topic_tweets_419,trump ban,Facebook CEO corrects confused congressman over Trump Jr. Twitter ban - Mashable https://t.co/7lwcjJADTG https://t.co/POAh4EiZD0,1288779881774329856,2020-07-30T00:00:00Z,True,False,False,trump ban,,,,trump ban,,,,"['other', 'platform policies']","['A2T5CROJ0FWIJY', 'AMWIBULQ4S8K3']"
topic_tweets_420,section 230,@realDonaldTrump 230 is such a disaster.  So bad. We are looking very strongly at 230. We hate section 230 don't we folks?,1321491880882982912,2020-10-28T00:00:00Z,True,False,False,section 230,,policy prescription and evaluation,,section 230,,policy prescription and evaluation,,"['section 230', 'section 230']","['A2IOT3PCS9G5RK', 'AMWIBULQ4S8K3']"
topic_tweets_421,section 230,"@vijaya So, you're a publisher, and can't rely on Section 230.",1316973778535055360,2020-10-16T00:00:00Z,True,False,False,section 230,,policy prescription and evaluation,,section 230,,,,"['section 230', 'section 230']","['A18DUG8EA8Y766', 'A2Q1YS118AO2BP']"
topic_tweets_422,platform policies,Doesn't the #Twitter voice tweet feature take #FactCheck and #contentmoderation challenges to a whole new level?,1274177329061933056,2020-06-20T00:00:00Z,True,False,False,platform policies,,policy prescription and evaluation,,platform policies,,policy prescription and evaluation,fairness and equality ,"['other', 'twitter support']","['A2F48NO7AD9VKK', 'A2Q1YS118AO2BP']"
topic_tweets_423,section 230,"@RudyGiuliani @GOPChairwoman @JaySekulow @CletaMitchell  @LLinWood @SidneyPowell1
Can someone tell Zuck this is factual?
#Section230  @TomCottonAR  @HawleyMO  @seanhannity Zuck says No https://t.co/M0iQs3Oz0M",1326626763825246208,2020-11-11T00:00:00Z,True,False,False,section 230,,,,section 230,,,,"['section 230', 'section 230']","['A2Q1YS118AO2BP', 'AJAPJJTISC36L']"
topic_tweets_424,platform policies,"Just posted to YouTube on the deplatforming of Richard Dawkins!

#richarddawkins #therationallayman #christianity #islam

https://t.co/Ai8cgjHJW5",1312217183527661568,2020-10-03T00:00:00Z,True,True,False,platform policies,,,,platform policies,,,,"['other', 'platform policies']","['A2Q1YS118AO2BP', 'A3JZS32RQUWGJM']"
topic_tweets_425,section 230,@tedlieu @realDonaldTrump As irrelevant as Section 230 itself is to defense.,1334884300018290688,2020-12-04T00:00:00Z,True,False,False,section 230,,policy prescription and evaluation,,section 230,,policy prescription and evaluation,,"['section 230', 'section 230']","['A2T5CROJ0FWIJY', 'A55X502YHPLPL']"
topic_tweets_426,section 230,"Facebook, Google, Twitter CEOs' prepared statements defend Section 230 https://t.co/kQCxAMk1W2",1321239661394550784,2020-10-27T00:00:00Z,True,False,False,section 230,,"law and order, crime and justice frames",,section 230,,"law and order, crime and justice frames",,"['section 230', 'section 230']","['A2YYQJ3JWA2KGD', 'A55X502YHPLPL']"
topic_tweets_427,section 230,"@DailyCaller It’s not yes/no, it’s yes if there are offsets - it’s half a trillion dollars added to deficit. At least get them to rescind section 230 like Senate is trying to do",1344128995722481664,2020-12-30T00:00:00Z,True,False,False,section 230,,policy prescription and evaluation,,section 230,,economic ,policy prescription and evaluation,"['section 230', 'section 230']","['A2Q1YS118AO2BP', 'AMWIBULQ4S8K3']"
topic_tweets_428,trump ban,Social media and free speech: Trump's 'deplatforming' explained - National Post https://t.co/Iq5LGnqzh2,1348445830227890176,2021-01-11T00:00:00Z,True,False,False,trump ban,,,,trump ban,,,,"['trump ban', 'trump ban']","['A3JZS32RQUWGJM', 'AMWIBULQ4S8K3']"
topic_tweets_429,complaint,"USA - Report - Free Expression, Harmful Speech and Censorship in a Digital World by @knightfdn
https://t.co/uH824riqjt https://t.co/gsYMAZwB5z Americans want transparency in content moderation decisions on social media https://t.co/lAF0b2zmjA by @RebeccaBellan",1274239340609245184,2020-06-20T00:00:00Z,True,False,False,general complaint,,policy prescription and evaluation,,general complaint,,policy prescription and evaluation,fairness and equality ,"['platform policies', 'platform policies']","['A2T5CROJ0FWIJY', 'A2YYQJ3JWA2KGD']"
topic_tweets_430,complaint,"@FemaleProducer IG removed my music feature for stories _x000D_
_x000D_
that was my favorite part i already got the racist vybez from the shadowbanning anyway",1269470744209211392,2020-06-07T00:00:00Z,True,True,False,personal complaint,platform policies,cultural identity,fairness and equality ,personal complaint,,policy prescription and evaluation,,"['complaint', 'complaint']","['AJAPJJTISC36L', 'AMWIBULQ4S8K3']"
topic_tweets_431,complaint,"Big Tech is waging war &amp; leveraging all their might to silence ALL of the right, not just the far right, but anyone, any organization, any platform that steps right of center. They've found Section 230 is going to protect them under the new administration &amp; they are going all-in.",1347770188708671488,2021-01-09T00:00:00Z,True,True,False,general complaint,section 230,political,,general complaint,section 230,political,fairness and equality ,"['section 230', 'section 230']","['A2IOT3PCS9G5RK', 'A55X502YHPLPL']"
topic_tweets_432,platform policies,"@awscloud’s Acceptable Use Policy pretty clearly bans hosting content or services “that may be harmful to others”.

You’d Think a social media service that advertises their lack of moderation, and is used for planning insurrection and violent extremist acts, qualifies. https://t.co/fhvGGGQxPP To be clear on the Parler on AWS issue, if I were still at the company I would still be raising hell about this. And no, it isn’t censoring freedom of speech, it is insisting that AWS stops empowering a platform to engage in sedition and treason.",1347779251416678400,2021-01-09T00:00:00Z,True,False,True,platform policies,,policy prescription and evaluation,,platform policies,personal complaint,policy prescription and evaluation,morality ,"['platform policies', 'complaint']","['A2YYQJ3JWA2KGD', 'A3RYI5HXC2MJLN']"
topic_tweets_433,section 230,Hawley Proposes Bill to Scale Back Section 230 Protections for Tech Companies with Large Audiences https://t.co/C0D6uW2KG3,1273542151893405696,2020-06-18T00:00:00Z,True,False,False,section 230,,policy prescription and evaluation,,section 230,,,,"['section 230', 'section 230']","['A2FCGEU5RTEWG8', 'A3RYI5HXC2MJLN']"
topic_tweets_434,section 230,@neal_katyal Like he would even know what dafuq a section 230 actually is. Bwahahahahahaha. 😭It’s his load from the belt up.,1347762887184420864,2021-01-09T00:00:00Z,True,False,False,section 230,,other,,section 230,,,,"['section 230', 'section 230']","['A18DUG8EA8Y766', 'AMWIBULQ4S8K3']"
topic_tweets_435,trump ban,Donald Trump: social media ban shows corporate responsibility can win out over profit https://t.co/LUuOJlp8l8 via @ConversationUK,1372148591029067776,2021-03-17T00:00:00Z,True,False,True,trump ban,platform policies,morality ,,trump ban,,morality ,economic ,"['trump ban', 'trump ban']","['A2F48NO7AD9VKK', 'A2T5CROJ0FWIJY']"
topic_tweets_436,trump ban,"Thanks @Twitter for blocking Trump for 12 hours, but that is NOT enough. He should be banned permanently for inciting #insurrection _x000D_
_x000D_
Ban Trump FOREVER @Twitter _x000D_
_x000D_
Ban Trump FOREVER @Twitter _x000D_
_x000D_
Ban Trump FOREVER @Twitter _x000D_
_x000D_
Ban Trump FOREVER @Twitter _x000D_
_x000D_
Ban Trump FOREVER @Twitter",1346977418763005952,2021-01-07T00:00:00Z,True,False,True,trump ban,,policy prescription and evaluation,,trump ban,,policy prescription and evaluation,morality ,"['trump ban', 'trump ban']","['A2JPOXYZM5AJZZ', 'A2YYQJ3JWA2KGD']"
topic_tweets_437,platform policies,Hackers Reveal Twitter’s Shadowbanning Tool Is Manual and Not Accidental Exposes Tech Giant’s Massive Censorship Operation https://t.co/aYYFGcqVyN,1283799741965512704,2020-07-16T00:00:00Z,True,True,False,platform policies,general complaint,policy prescription and evaluation,fairness and equality ,platform policies,general complaint,policy prescription and evaluation,fairness and equality ,"['complaint', 'complaint']","['A2Q1YS118AO2BP', 'A2T5CROJ0FWIJY']"
topic_tweets_438,trump ban,"""Trump is obviously too toxic for Twitter. But he's also too toxic for the White House. And the real complaint shouldn't be about Twitter or Facebook acting too late, but about Congress failing to do their job and remove the mad man from power.""

https://t.co/tzBhd9lITF",1347774260190785536,2021-01-09T00:00:00Z,True,False,False,trump ban,,political,,trump ban,,political,,"['trump ban', 'trump ban']","['A2T5CROJ0FWIJY', 'A2YYQJ3JWA2KGD']"
topic_tweets_439,section 230,"@Winklestink1 @chima_akunwata @Corey_412 @SenTedCruz @Twitter @Facebook @nypost Clearly not, if you think censorship makes them a publisher._x000D_
_x000D_
Section 230 literally protects them from liability for NOT censoring all the potentially damaging content that their users post. Repeal 230, and they will have to censor a whole lot more than they voluntarily do, now.",1316761579082350592,2020-10-15T00:00:00Z,True,False,False,section 230,,policy prescription and evaluation,,section 230,,policy prescription and evaluation,"law and order, crime and justice frames","['other', 'section 230']","['A2Q1YS118AO2BP', 'A2YYQJ3JWA2KGD']"
topic_tweets_440,section 230,@PS__Patriot Smoke some pot and that fuggily “section 230” wanna-be will go away.,1328768077740335104,2020-11-17T00:00:00Z,True,False,False,section 230,,other,,section 230,,,,"['section 230', 'section 230']","['A2T5CROJ0FWIJY', 'A3RYI5HXC2MJLN']"
topic_tweets_441,twitter support,"This post has been up 24 minutes and has 12 impressions @Twitter @TwitterSupport. I have 3800 followers. This number is about 95% off where it should be

Why are you secretly shadow banning me? https://t.co/l1oF7lqraJ",1290688051304378368,2020-08-04T00:00:00Z,True,True,False,twitter support,,fairness and equality ,,twitter support,personal complaint,policy prescription and evaluation,fairness and equality ,"['complaint', 'twitter support']","['A2JPOXYZM5AJZZ', 'A3JZS32RQUWGJM']"
topic_tweets_442,trump ban,"Twitter bans President Trump permanently
https://t.co/BbnHN0OFU3.  The wisest decision Twitter has made regarding 45! Take away his megaphone to amplify lies and stoke violence and he's a nobody! Return the favor! Kick thecscumbag while he's down! This is how that fat pig fights!",1348064683350253568,2021-01-10T00:00:00Z,True,False,True,trump ban,,policy prescription and evaluation,,trump ban,,policy prescription and evaluation,,"['trump ban', 'trump ban']","['AJAPJJTISC36L', 'AMWIBULQ4S8K3']"
topic_tweets_443,trump ban,@YourAnonCentral Hack Twitter and Ban Trump,1267137730686918656,2020-05-31T00:00:00Z,True,False,True,trump ban,,policy prescription and evaluation,,trump ban,,policy prescription and evaluation,,"['trump ban', 'trump ban']","['A18DUG8EA8Y766', 'A2T5CROJ0FWIJY']"
topic_tweets_444,section 230,"@Chosencreative @pastorlocke Honest question, have you read section 230 in its entirety, and can you explain what it does and why it should be removed? Also, have you thought about the actual ramifications of removing it?",1343963005583843328,2020-12-29T00:00:00Z,True,False,False,section 230,,policy prescription and evaluation,,section 230,,,,"['section 230', 'section 230']","['A2F0X4LN9N4O4C', 'AMWIBULQ4S8K3']"
topic_tweets_445,platform policies,Social media organisations must do more to ban hateful and violent content on their platforms. https://t.co/PDpoHikbiY,1293852305482293248,2020-08-13T00:00:00Z,True,False,True,platform policies,general complaint,policy prescription and evaluation,,platform policies,,policy prescription and evaluation,morality ,"['platform policies', 'platform policies']","['A2T5CROJ0FWIJY', 'A2YYQJ3JWA2KGD']"
topic_tweets_446,complaint,FUCKING SHADOWBANNING IS PISSING ME OFF!!!!,1267114893997735936,2020-05-31T00:00:00Z,True,True,False,personal complaint,,fairness and equality ,,personal complaint,,policy prescription and evaluation,,"['complaint', 'complaint']","['A2T5CROJ0FWIJY', 'A3JZS32RQUWGJM']"
topic_tweets_447,platform policies,"Facebook, Twitter face British fines if fail on harmful content https://t.co/ujraEHNmEk https://t.co/TWYBp9KOkW",1338735827212513280,2020-12-15T00:00:00Z,True,False,True,platform policies,,,,platform policies,,,,"['platform policies', 'platform policies']","['A2T5CROJ0FWIJY', 'A3JZS32RQUWGJM']"
topic_tweets_448,complaint,"@realDonaldTrump @HerschelWalker Biden called the president a White supremacist's and when i post about Joes 50 year history my twitter goes down so im not Shure if my tweets are posting or of my voice is being silenced. Used to be a thing called shadow banning
https://t.co/QCff7hcc6c White supremacy has no place in America._x000D_

We shouldn’t have to beg the President of the United States to say that.",1311679351688179712,2020-10-01T00:00:00Z,True,True,False,general complaint,,morality ,,general complaint,personal complaint,fairness and equality ,,"['platform policies', 'complaint']","['A2YYQJ3JWA2KGD', 'A3JZS32RQUWGJM']"
topic_tweets_449,trump ban,"@MartinSLewis now that Twitter has banned Trump, they should also start to ban people like Nigel Farage and all the Brexiters who lie and post false propaganda, including Gove and BoJo",1348935920939118592,2021-01-12T00:00:00Z,True,False,True,trump ban,general complaint,policy prescription and evaluation,,trump ban,platform policies,policy prescription and evaluation,political,"['trump ban', 'platform policies']","['A2Q1YS118AO2BP', 'A2T5CROJ0FWIJY']"
topic_tweets_450,section 230,"@Gizmodo I'm gonna apologize like Section 230 obv said whatever algorithms can whatever however because there is was no current standard for ""cradl[ing] violent extremist"" before there was an instance of freedom of speech or whatever.  #notime42sections https://t.co/mrVr6j94US",1318638125774741504,2020-10-20T00:00:00Z,True,False,False,section 230,,constitutionality and jurisprudency ,,section 230,,constitutionality and jurisprudency ,,"['section 230', 'section 230']","['A110KENBXU7SUJ', 'A22KRF782ELLB0']"
topic_tweets_451,complaint,"I think most of us know that deplatforming is bound to escalate sooner rather than later. You can find other places to follow me and my work here:

https://t.co/LLd1edbhUS",1323648292824166400,2020-11-03T00:00:00Z,True,False,False,general complaint,,policy prescription and evaluation,,general complaint,,fairness and equality ,,"['complaint', 'platform policies']","['A2HM35CWB7IIFM', 'A2YYQJ3JWA2KGD']"
topic_tweets_452,section 230,"@ZackryPaul @Lex_Jurgen @reason What is the fundamental difference between @reason and Twitter? Both have open commenting systems. If anything, Reason has less moderation, which means they're open to huge liabilities without Section 230._x000D_
_x000D_
My personal blog will shut down as well without Section 230.",1313869099051614208,2020-10-07T00:00:00Z,True,False,False,section 230,platform policies,policy prescription and evaluation,,section 230,,"law and order, crime and justice frames",policy prescription and evaluation,"['section 230', 'section 230']","['A2T5CROJ0FWIJY', 'A3JZS32RQUWGJM']"
topic_tweets_453,complaint,"This is actually a BIG W for us! If this happens, then social media companies won't ban people for having different opinions or saying something they hate out of spite. This is REALLY fucking based for Donald Trump to do this. https://t.co/AFYc5Ud1dN",1266342527654940672,2020-05-29T00:00:00Z,True,True,False,general complaint,,policy prescription and evaluation,,general complaint,,fairness and equality ,policy prescription and evaluation,"['complaint', 'complaint']","['A2YYQJ3JWA2KGD', 'A3RYI5HXC2MJLN']"
topic_tweets_454,complaint,"me: amazon is truly evil and nothing can sway my opinion on the matter_x000D_
amazon: we’re deplatforming the nazi website_x000D_
me: amazon is still truly evil and will do the bare minimum to trick you into thinking they arent",1349651316654661632,2021-01-14T00:00:00Z,True,False,True,general complaint,,policy prescription and evaluation,,general complaint,,policy prescription and evaluation,,"['complaint', 'platform policies']","['A2JPOXYZM5AJZZ', 'A2Q1YS118AO2BP']"
topic_tweets_455,complaint,@SpeechUnion This company is part of the social media censorship team across the board blocking political opinions &amp; scientists challenging 2020 issues. Retweet  https://t.co/DtaiPU6yhX,1338233823004385280,2020-12-13T00:00:00Z,True,True,False,general complaint,,morality ,,general complaint,platform policies,political,,"['other', 'platform policies']","['A2IOT3PCS9G5RK', 'A2YYQJ3JWA2KGD']"
topic_tweets_456,section 230,"@realDonaldTrump Trump MUST be re-elected. We MUST vote in GOP in the House, keep the Senate and we MUST eliminate Section 230 protections for big tech social media! Social media &amp; Corporate America will kill our free speech! BLM is a Marxist group looking to DESTROY USA!",1277129352577273856,2020-06-28T00:00:00Z,True,True,False,section 230,general complaint,policy prescription and evaluation,political,section 230,general complaint,policy prescription and evaluation,constitutionality and jurisprudency ,"['section 230', 'section 230']","['A18DUG8EA8Y766', 'A3JZS32RQUWGJM']"
topic_tweets_457,platform policies,"RT #FightExtremism ""On Friday, Twitter reportedly removed more than 50 white nationalist accounts from the platform. Only after renewed criticism over extremist content. https://t.co/AMDbSr110A""",1282935445098311680,2020-07-14T00:00:00Z,True,False,True,platform policies,,security and defense frames,,platform policies,,security and defense frames,policy prescription and evaluation,"['platform policies', 'platform policies']","['A2YYQJ3JWA2KGD', 'AMWIBULQ4S8K3']"
topic_tweets_458,platform policies,"Twitter To Introduce This New Feature To Curb The Spread Of Fake, Harmful Content. https://t.co/TqHeINqeQz https://t.co/SrwaCC5fdL So many #cherries to choose from this season! Choose your favourite or get them all on https://t.co/gAhHib40nQ.

CherrySeason #FreshFruits #superplum #FarmFresh #VocalForLocal #StellaCherries #OrderOnline #HomeDelivery #BlackCherries #MerchantCherries https://t.co/WNpIDh72p3",1271112734617137152,2020-06-11T00:00:00Z,True,False,True,platform policies,,security and defense frames,health and safety frames,platform policies,,security and defense frames,,"['other', 'platform policies']","['A2T5CROJ0FWIJY', 'A2YYQJ3JWA2KGD']"
topic_tweets_459,section 230,@issielapowsky But how many little guys actually have section 230-level problems? I feel like being a massive unwieldy platform that can’t keep track of what’s going on is when you actually start to need those protections,1309257049696600064,2020-09-24T00:00:00Z,True,False,False,section 230,,policy prescription and evaluation,,section 230,,"law and order, crime and justice frames",,"['section 230', 'section 230']","['A2IOT3PCS9G5RK', 'A2JPOXYZM5AJZZ']"
topic_tweets_460,trump ban,"Trump and the ideology he represents will require significantly much more than a Twitter ban to defeat, but you have to see this as an immense win because you know he's just so *furious* about this lol",1347690633222356992,2021-01-08T00:00:00Z,True,False,True,trump ban,,capacity and resources ,policy prescription and evaluation,trump ban,,policy prescription and evaluation,political,"['section 230', 'trump ban']","['A2F48NO7AD9VKK', 'A2FCGEU5RTEWG8']"
topic_tweets_461,complaint,Social Media Censorship is anti democratic. https://t.co/MwGDO3C1t3,1233217766204809216,2020-02-28T00:00:00Z,True,True,False,general complaint,,fairness and equality ,constitutionality and jurisprudency ,general complaint,,constitutionality and jurisprudency ,,"['other', 'complaint']","['A2Q1YS118AO2BP', 'A3RYI5HXC2MJLN']"
topic_tweets_462,section 230,"@TrumpWarRoom Section 230 is BS. If you act as a publisher, you are a publisher, plain and simple.",1347923923967610880,2021-01-09T00:00:00Z,True,False,False,section 230,,policy prescription and evaluation,,section 230,,"law and order, crime and justice frames",,"['section 230', 'section 230']","['A2IOT3PCS9G5RK', 'A2YYQJ3JWA2KGD']"
topic_tweets_463,complaint,"Biden hasn't even been inaugurated yet and there's already censorship of content being undertaken for his benefit. This will only get worse as his term goes on. We are witnessing a liberal democracy transform into a totalitarian dictatorship. America - no longer Land of the Free https://t.co/2b9iAwFQQq 1. Due to the disturbing events that transpired yesterday, and given that the election results have now been certified, starting today *any* channels posting new videos with false claims in violation of our policies will now receive a strike. https://t.co/aq3AVugzL7",1347321633388826624,2021-01-07T00:00:00Z,True,True,False,general complaint,,constitutionality and jurisprudency ,fairness and equality ,general complaint,platform policies,political,constitutionality and jurisprudency ,"['complaint', 'complaint']","['A3JZS32RQUWGJM', 'AMWIBULQ4S8K3']"
topic_tweets_464,trump ban,@cnnbrk It’s about time they locked Trump out of Twitter and they should permanently ban him!,1347002574940086272,2021-01-07T00:00:00Z,True,False,True,trump ban,,policy prescription and evaluation,,trump ban,,policy prescription and evaluation,,"['trump ban', 'trump ban']","['A2YYQJ3JWA2KGD', 'AMWIBULQ4S8K3']"
topic_tweets_465,trump ban,@PedroCh47899844 @RedEaglePatriot @HeloProcurement Until they ban him and wipe him out just like they did President Trump.,1347693724059447296,2021-01-08T00:00:00Z,True,True,False,trump ban,,policy prescription and evaluation,,trump ban,,,,"['trump ban', 'trump ban']","['A2T5CROJ0FWIJY', 'A2YYQJ3JWA2KGD']"
topic_tweets_466,trump ban,"@JonahDispatch If a Democratic President pulled the same stuff trump has, gotten away with as much as he has, hurt as many people as he has, incited and even enjoyed violence, I'd say a twitter ban should be the least of his or her problems.",1348028563904028672,2021-01-09T00:00:00Z,True,False,False,trump ban,general complaint,morality ,fairness and equality ,trump ban,,fairness and equality ,political,"['trump ban', 'platform policies']","['A2FCGEU5RTEWG8', 'A2Q1YS118AO2BP']"
topic_tweets_467,trump ban,"ACLU Breaks with Liberal Establishment, Warns America of Big Tech's 'Unchecked Power' After Ban of Trump and Conservatives https://t.co/mwEpCRXxF5",1348480184274583552,2021-01-11T00:00:00Z,True,True,False,trump ban,general complaint,,,trump ban,platform policies,political,,"['trump ban', 'trump ban']","['A2T5CROJ0FWIJY', 'AMWIBULQ4S8K3']"
topic_tweets_468,section 230,"""$TWTR, $FB, $GOOGL control a very large amount of our public conversation and I think it's very scary to live in a democracy where you have the public square effectively being censored,"" says @JTLonsdale. ""Therefore I say modify Section 230."" https://t.co/8l3fuA9YZ4",1321440848979046400,2020-10-28T00:00:00Z,True,True,False,section 230,platform policies,policy prescription and evaluation,fairness and equality ,section 230,general complaint,policy prescription and evaluation,constitutionality and jurisprudency ,"['section 230', 'section 230']","['A3JZS32RQUWGJM', 'A3RYI5HXC2MJLN']"
topic_tweets_469,trump ban,Germany's Chancellor Angela Merkel calls Trump Twitter ban 'problematic' https://t.co/yeJtbml0Di,1348686110399066112,2021-01-11T00:00:00Z,True,True,False,trump ban,,policy prescription and evaluation,,trump ban,,policy prescription and evaluation,,"['trump ban', 'trump ban']","['A2FCGEU5RTEWG8', 'AMWIBULQ4S8K3']"
topic_tweets_470,trump ban,@realTuckFrumper @Twitter should ban Trump now. It should have banned candidate Trump and never allowed him back on.,1334990533937262592,2020-12-04T00:00:00Z,True,False,True,trump ban,,policy prescription and evaluation,,trump ban,,policy prescription and evaluation,political,"['trump ban', 'trump ban']","['A3JZS32RQUWGJM', 'A55X502YHPLPL']"
topic_tweets_471,section 230,@Jim_Jordan simple repeal section 230 protections,1286006412837978112,2020-07-22T00:00:00Z,True,False,False,section 230,,policy prescription and evaluation,,section 230,,policy prescription and evaluation,,"['section 230', 'section 230']","['A2F48NO7AD9VKK', 'A2T5CROJ0FWIJY']"
topic_tweets_472,section 230,"@TA_Yonts As I understand section 230, yes. However, layman, and ultimately courts tend to decide that.",1266026522370027520,2020-05-28T00:00:00Z,True,False,False,section 230,,,,section 230,,,,"['section 230', 'section 230']","['A22KRF782ELLB0', 'AMWIBULQ4S8K3']"
topic_tweets_473,complaint,@CTVNews Online censorship HERE WE COME!!!!,1378965726808190976,2021-04-05T00:00:00Z,True,True,False,general complaint,,other,,general complaint,,fairness and equality ,,"['complaint', 'other']","['A2JPOXYZM5AJZZ', 'AMWIBULQ4S8K3']"
topic_tweets_474,trump ban,Donald Trump being banned from social media is a dangerous distraction https://t.co/F2znSyYxxt,1348978333690654720,2021-01-12T00:00:00Z,True,False,False,trump ban,,policy prescription and evaluation,,trump ban,,security and defense frames,,"['trump ban', 'trump ban']","['A2F48NO7AD9VKK', 'AMWIBULQ4S8K3']"
topic_tweets_475,complaint,"Facebook blocked me and now Twitter is shadow banning me all the while the media is pumping out propaganda in support of the CCP,WHO and any anti American outlet that is determined to destroy our Republic and remove President Trump from office! #Trump2020 https://t.co/w4rebuGbSv",1261070585498685440,2020-05-14T00:00:00Z,True,True,False,personal complaint,general complaint,security and defense frames,,personal complaint,general complaint,political,,"['trump ban', 'trump ban']","['A2Q1YS118AO2BP', 'A2YYQJ3JWA2KGD']"
topic_tweets_476,trump ban,"It will be a while before any Republican can declare the end of the Trump party. It will help if @Twitter @Facebook &amp; other platforms make his ban permanent (so would removing him as @POTUS), but he still has raised a couple hundred million which can help him get his rantings out https://t.co/ei3KO3Ueyw “I think it’s probably the end of the Trump party as of yesterday,” another ex Trump chief of staff, @MickMulvaney, told Bloomberg._x000D_

“The level of embarrassment and shame is hard to describe.”

https://t.co/HvJttgjAl7",1347314040796708864,2021-01-07T00:00:00Z,True,False,True,trump ban,,policy prescription and evaluation,,trump ban,,policy prescription and evaluation,political,"['other', 'trump ban']","['A2Q1YS118AO2BP', 'AMWIBULQ4S8K3']"
topic_tweets_477,section 230,Is it me or are all these tech companies just demonstrating what #Section230 would cause? This isn’t about blocking #FreedomOfSpeech but trying to retain it using #Trump as an example! The irony is so amusing to me!,1348277301033762816,2021-01-10T00:00:00Z,True,False,False,section 230,,policy prescription and evaluation,constitutionality and jurisprudency ,section 230,,constitutionality and jurisprudency ,"law and order, crime and justice frames","['section 230', 'section 230']","['A3JZS32RQUWGJM', 'A3N0QZ9ZKUCTCQ']"
topic_tweets_478,complaint,"This!!! This episode.
I tried to plant a seed for critical thinking about social media censorship with my US students last week by bringing up recent censorship of PressTV amidst specific global political developments. We’ll see what happens this week. https://t.co/UTW0GhGwtu For this episode, @RaniaKhalek and @kgosztola discuss how major technology companies have ramped up censorship against content on Iran. They also cover CNN's effort to sow discord among Democrats this past week._x000D_
https://t.co/o2YAMEGxwR",1219750828333887488,2020-01-21T00:00:00Z,True,True,False,general complaint,,fairness and equality ,,general complaint,platform policies,constitutionality and jurisprudency ,political,"['other', 'other']","['A18DUG8EA8Y766', 'A3RYI5HXC2MJLN']"
topic_tweets_479,trump ban,Trump Social Media Ban Shows How Ignorant Americans Really Are https://t.co/TOnM1vRH1M via @YouTube,1349899823244304384,2021-01-15T00:00:00Z,True,False,False,trump ban,,policy prescription and evaluation,public opinion,trump ban,,policy prescription and evaluation,,"['trump ban', 'trump ban']","['A2T5CROJ0FWIJY', 'AMWIBULQ4S8K3']"
topic_tweets_480,trump ban,Social Media Ban: President Trump Addresses Capitol Hill Chaos &amp; Social ... https://t.co/Z37f3GArpV via @YouTube,1349033320517169152,2021-01-12T00:00:00Z,True,False,False,trump ban,,,,trump ban,,,,"['trump ban', 'complaint']","['A2JPOXYZM5AJZZ', 'A2Q1YS118AO2BP']"
topic_tweets_481,twitter support,"@KJoonTR @Twitter @TwitterSupport Hi @Twitter and @TwitterSupport._x000D_
@KJoonTR is a fan page for BTS and does not share any political / misleading information as you said. Please check the Case# 0204706875 situation again and help us to solve. Sincerely of yours.",1386668939871199232,2021-04-26T00:00:00Z,True,True,False,twitter support,,policy prescription and evaluation,,twitter support,,fairness and equality ,,"['other', 'twitter support']","['A2T5CROJ0FWIJY', 'A2YYQJ3JWA2KGD']"
topic_tweets_482,twitter support,"@YourAnonCentral @TwitterSupport @JuliansRum Anonymous, do us a favor, would ya? Seek and destroy the scumbag pedos. _x000D_
_x000D_
They deserve the deplatforming gig Twitter is on. _x000D_
_x000D_
Oh, and don’t be a jerkoff.",1286110379106537472,2020-07-23T00:00:00Z,True,False,True,twitter support,,morality ,,twitter support,general complaint,morality ,,"['platform policies', 'platform policies']","['A2Q1YS118AO2BP', 'A2YYQJ3JWA2KGD']"
topic_tweets_483,complaint,"Incredibly biased corporate news plus rampant social media censorship only breeds more conspiracy theorists.

Remember, a whistleblower was needed to show that ABC wouldn’t run an Epstein story. https://t.co/6SXXtectoT There’s a QAnon/Pizzagate protest in Hollywood right now. The signs are absolutely wild. And no masks. Something is deeply wrong with this country._x000D_

🎥: @williamg1

https://t.co/CqT1LMF6zv",1289720600806612992,2020-08-02T00:00:00Z,True,True,False,general complaint,,morality ,fairness and equality ,general complaint,,security and defense frames,political,"['other', 'other']","['A2T5CROJ0FWIJY', 'A3JZS32RQUWGJM']"
topic_tweets_484,complaint,"@RichSementa @nypost ONLY after many of us stood up last night &amp; sold #shares in @Twitter stock !! Down 20+% today.. due to #Censoring 50% of its (#conservative) audience, #election tampering, &amp; mis-management!!
@SenateGOP #Vote ASAP on #Section230!! https://t.co/5AVefVDT2c",1322336390869385216,2020-10-31T00:00:00Z,True,True,False,general complaint,,political,policy prescription and evaluation,general complaint,section 230,political,fairness and equality ,"['section 230', 'section 230']","['A2YYQJ3JWA2KGD', 'AJAPJJTISC36L']"
topic_tweets_485,section 230,"Trump's vow to veto defense spending bill without revoking Section 230 is political theater
https://t.co/K4aRGSz0xB...
https://t.co/xQfLwuOeMw",1342209628856328192,2020-12-24T00:00:00Z,True,False,False,section 230,,political,,section 230,,political,,"['section 230', 'section 230']","['A2YYQJ3JWA2KGD', 'A3JZS32RQUWGJM']"
topic_tweets_486,section 230,"Dysfunctional @senatemajldr knows 2K checks would pass as a stand alone, but refused to bring the HB to the floor.  He also knows adding repeal of section 230 will sink further aid.   There is no sign that a bill on $2,000 checks is going to get a vote https://t.co/NSMijFTy32",1344321845483474944,2020-12-30T00:00:00Z,True,False,False,section 230,,political,economic ,section 230,,policy prescription and evaluation,political,"['section 230', 'section 230']","['A2JPOXYZM5AJZZ', 'AJAPJJTISC36L']"
topic_tweets_487,trump ban,Trump gets Twitter account back - but could soon be permanently banned https://t.co/eKUus3NpjX,1347154429057900544,2021-01-07T00:00:00Z,True,False,False,trump ban,,,,trump ban,,,,"['trump ban', 'trump ban']","['A2F48NO7AD9VKK', 'A2IOT3PCS9G5RK']"
topic_tweets_488,section 230,"ICYMI: My blog post explaining the @FCC's authority to interpret #Section230 of the Communications Act of 1934 and clarify the scope of its immunity protections. https://t.co/mktQg9x28C Today, as the @FCC's General Counsel, I explain why the Commission has authority to interpret #Section230 and clarify the scope of the immunity protections accorded to social media companies and other websites. Read my full analysis:_x000D_

https://t.co/vwjcnSzl5q",1319630701587779584,2020-10-23T00:00:00Z,True,False,False,section 230,,policy prescription and evaluation,,section 230,,"law and order, crime and justice frames",,"['section 230', 'section 230']","['A2YYQJ3JWA2KGD', 'AJAPJJTISC36L']"
topic_tweets_489,complaint,@wingjoyce1 @rickygervais I’d better watch it before the inevitable deplatforming “forces” @netflix to take it down.,1214013637733470208,2020-01-06T00:00:00Z,True,True,False,general complaint,,policy prescription and evaluation,,general complaint,,other,,"['platform policies', 'other']","['A2Q1YS118AO2BP', 'A3RYI5HXC2MJLN']"
topic_tweets_490,section 230,Section 230: How Social Media Companies Get Away with Censorship - Liberty Planet https://t.co/SYNS3K0V7p,1337125542173270016,2020-12-10T00:00:00Z,True,True,False,section 230,,fairness and equality ,policy prescription and evaluation,section 230,platform policies,fairness and equality ,,"['section 230', 'section 230']","['A2FCGEU5RTEWG8', 'AJAPJJTISC36L']"
topic_tweets_491,section 230,SECTION 230: Trump demands repeal of the liability shield for ‘big tech’ https://t.co/wp4lGQFBmK https://t.co/2402Q4qA6Y,1334865057323376640,2020-12-04T00:00:00Z,True,False,False,section 230,,policy prescription and evaluation,,section 230,,policy prescription and evaluation,,"['other', 'section 230']","['A18DUG8EA8Y766', 'AMWIBULQ4S8K3']"
topic_tweets_492,trump ban,Hopefully they ban trump from all social media. I'm so tired of seeing this dude + tweets thats coming up about him lol.,1348139374731522048,2021-01-10T00:00:00Z,True,False,True,trump ban,,policy prescription and evaluation,,trump ban,,policy prescription and evaluation,,"['trump ban', 'trump ban']","['A2T5CROJ0FWIJY', 'AMWIBULQ4S8K3']"
topic_tweets_493,section 230,"@molmccann indeed, starting with repealing Section 230! @Jim_Jordan @RepMattGaetz",1316422299092955136,2020-10-14T00:00:00Z,True,False,False,section 230,,policy prescription and evaluation,,section 230,,policy prescription and evaluation,,"['section 230', 'section 230']","['A22KRF782ELLB0', 'A3JZS32RQUWGJM']"
topic_tweets_494,trump ban,"@Jolly_Jack @realDonaldTrump Trump fucked up big time &amp; the entire establishment turned against him. Social media will likely auto ban anything claiming to be affiliated with him._x000D_
It will be practically impossible for him to communicate with &amp; coordinate his cultish followers.",1347826846906384384,2021-01-09T00:00:00Z,True,False,True,trump ban,,,,trump ban,,,,"['trump ban', 'trump ban']","['A2T5CROJ0FWIJY', 'AMWIBULQ4S8K3']"
topic_tweets_495,complaint,Ngl deplatforming and banning those right wing social apps does nothing to solve problems. Only isolates miscreants and makes the problem worse via isolation. Mfers acting like fourchan hasn’t been harboring neo-nazis and psychos for years.,1348291638771245056,2021-01-10T00:00:00Z,True,True,False,general complaint,,policy prescription and evaluation,,general complaint,,security and defense frames,policy prescription and evaluation,"['platform policies', 'platform policies']","['A2Q1YS118AO2BP', 'A2T5CROJ0FWIJY']"
topic_tweets_496,section 230,What really happens if Republicans get rid of Section 230 https://t.co/wOjHWkBgXc https://t.co/kTXNuzCTCu,1322044065928523776,2020-10-30T00:00:00Z,True,False,False,section 230,,policy prescription and evaluation,,section 230,,,,"['section 230', 'section 230']","['A2JPOXYZM5AJZZ', 'AJAPJJTISC36L']"
topic_tweets_497,complaint,"Im not blaming social media for the division, but the ability to post ridiculous, hateful and damaging content does allow complete nonsense to thrive and did contributed to Jan 6.  _x000D_
_x000D_
So how do we continue to enjoy these platforms without destroying the braincells of so many?",1351522011974086656,2021-01-19T00:00:00Z,True,False,True,general complaint,,health and safety frames,,general complaint,,morality ,policy prescription and evaluation,"['complaint', 'other']","['A2F48NO7AD9VKK', 'A2Q1YS118AO2BP']"
topic_tweets_498,section 230,"@oostaboosta @JaniceClaire14 @bridget_joy_ It's not just social media. Section 230 also applies to things like the comment section of a news website, or literally anywhere else a user can post something on a website they don't own. Repealing 230 would fundamentally change the modern internet for the worse.",1344438673455030272,2020-12-31T00:00:00Z,True,False,False,section 230,,policy prescription and evaluation,,section 230,,policy prescription and evaluation,,"['section 230', 'section 230']","['A2IOT3PCS9G5RK', 'A2YYQJ3JWA2KGD']"
topic_tweets_499,section 230,"A must read for EO and 2”section 230. https://t.co/sFgZ4wzmo5 (1) Long threat alert: yesterday, I laid low about the EO on “online censorship” because I didn’t want to be lured into, and be trolled by, absurd distortion of Section 230 and ultra vires nonsense. I have written about and worked on 230 reform for too long and too hard.",1266406360486301696,2020-05-29T00:00:00Z,True,False,False,section 230,,policy prescription and evaluation,,section 230,,policy prescription and evaluation,,"['section 230', 'section 230']","['A2IOT3PCS9G5RK', 'A3JZS32RQUWGJM']"
topic_tweets_500,section 230,"@Newsweek No, he wouldn't. Without Section 230, Trump would be banned because of all the stupid 💩 he says.",1341727875112714240,2020-12-23T00:00:00Z,True,False,True,section 230,,policy prescription and evaluation,,section 230,,other,,"['section 230', 'section 230']","['A3JZS32RQUWGJM', 'A55X502YHPLPL']"
topic_tweets_501,section 230,@TangledUpInDead @soupmaned @jkosseff @jenniferm_q The referenced case has absolutely nothing to do with Section 230.,1331962683042779136,2020-11-26T00:00:00Z,True,False,False,section 230,,other,,section 230,,other,,"['section 230', 'section 230']","['A2YYQJ3JWA2KGD', 'AMWIBULQ4S8K3']"
topic_tweets_502,complaint,It includes #Shadowbanning! Laura needs donations but she plans to go elsewhere to get others to install this anti-tech bias bill!,1219666770568478720,2020-01-21T00:00:00Z,True,False,False,general complaint,,other,,general complaint,,political,fairness and equality ,"['complaint', 'platform policies']","['A2T5CROJ0FWIJY', 'A2YYQJ3JWA2KGD']"
topic_tweets_503,trump ban,Michelle Obama Urges Social Media Companies To Permanently Ban Trump https://t.co/AlXLKU5DYS,1347605556580610048,2021-01-08T00:00:00Z,True,False,True,trump ban,,policy prescription and evaluation,,trump ban,,policy prescription and evaluation,,"['trump ban', 'trump ban']","['A2JPOXYZM5AJZZ', 'AMWIBULQ4S8K3']"
topic_tweets_504,platform policies,"Thank you @amazon!

""The company, founded by Jeff Bezos, said Parler's lack of content moderation lead to its removal from its web hosting service, calling it a ""Very real risk to public safety,"" according to The Wall Street Journal."" https://t.co/3Nn5CfVzUP #BREAKING: Amazon becomes the latest tech giant to suspend Parler reports https://t.co/mOuSo7GPI9 https://t.co/929yf11l4E",1348143808303702016,2021-01-10T00:00:00Z,True,False,False,platform policies,,security and defense frames,,platform policies,,policy prescription and evaluation,security and defense frames,"['other', 'other']","['A2T5CROJ0FWIJY', 'A3JZS32RQUWGJM']"
topic_tweets_505,trump ban,@DonaldJTrumpJr If ur that stupid then u deserve for someone else to ban u. The reason is a BIG flashing red sign across America..u tell lies and promote conspiracies..just trump being banned has lowered the temp emensly. We are all for that..come back to reality and ull do fine. Djt lost.,1367621265620676608,2021-03-04T00:00:00Z,True,False,True,trump ban,,policy prescription and evaluation,,trump ban,,security and defense frames,policy prescription and evaluation,"['trump ban', 'trump ban']","['A18DUG8EA8Y766', 'A2T5CROJ0FWIJY']"
topic_tweets_506,platform policies,P&amp;G's Marc Pritchard Says Platforms Need Long-Term Plans to Remove Hateful Content  https://t.co/aobvMuZKxl,1319683696534827008,2020-10-23T00:00:00Z,True,False,True,platform policies,,policy prescription and evaluation,morality ,platform policies,,morality ,,"['platform policies', 'platform policies']","['A3JZS32RQUWGJM', 'AMWIBULQ4S8K3']"
topic_tweets_507,section 230,@HawleyMO I demand heads to roll. Break up these tech monopolies. Change #Section230,1316777167603355648,2020-10-15T00:00:00Z,True,False,False,section 230,,policy prescription and evaluation,,section 230,general complaint,policy prescription and evaluation,,"['section 230', 'section 230']","['A2F48NO7AD9VKK', 'A2HM35CWB7IIFM']"
topic_tweets_508,section 230,"Trump vetoes $740B defense bill, citing “failure to terminate” Section 230 https://t.co/GjtZYqT4zb",1341910592488046592,2020-12-24T00:00:00Z,True,False,False,section 230,,,,section 230,,policy prescription and evaluation,,"['section 230', 'section 230']","['A2Q1YS118AO2BP', 'A3JZS32RQUWGJM']"
topic_tweets_509,trump ban,Twitter coming in at the 11th hour to ban Trump’s account is performative activism at best,1347689282580803584,2021-01-08T00:00:00Z,True,False,False,trump ban,,morality ,political,trump ban,,political,,"['trump ban', 'trump ban']","['A2YYQJ3JWA2KGD', 'A3JZS32RQUWGJM']"
topic_tweets_510,section 230,"Repeal Section 230.
Regulate Regulate Regulate. Now! https://t.co/0gAypY5wL2 To clear up confusion about fluctuations in follower counts:_x000D_

In order to prevent spam, we regularly challenge accounts to confirm details like email and phone number. Until that info is confirmed, these accounts aren’t included in follower counts. https://t.co/8BYcBCmxxA",1347916547474518016,2021-01-09T00:00:00Z,True,False,False,section 230,,policy prescription and evaluation,,section 230,,policy prescription and evaluation,,"['section 230', 'section 230']","['A2F48NO7AD9VKK', 'A2Q1YS118AO2BP']"
topic_tweets_511,complaint,"@MichelleYesudas Censorship is not a good thing but thanks to #DonaldTrump constant lying and deceit, he has open the pandora box of corporate censorship.",1347817166003789824,2021-01-09T00:00:00Z,True,True,False,general complaint,,policy prescription and evaluation,,general complaint,,morality ,political,"['trump ban', 'complaint']","['A2Q1YS118AO2BP', 'AMWIBULQ4S8K3']"
topic_tweets_512,platform policies,"Part Two_x000D_
_x000D_
Parler accepts your right to express your thoughts, opinions and ideals online. No “throttling.” No shadow banning. Just Free Speech—our God-given, Constitutional Right.",1277512823292256256,2020-06-29T00:00:00Z,True,True,False,platform policies,,constitutionality and jurisprudency ,,platform policies,,constitutionality and jurisprudency ,morality ,"['platform policies', 'platform policies']","['A2YYQJ3JWA2KGD', 'AMWIBULQ4S8K3']"
topic_tweets_513,section 230,Dear @SenTedCruz: Twitter is a private company. Please stop acting like they are a government entity. #Section230,1321475594773688320,2020-10-28T00:00:00Z,True,False,False,section 230,,policy prescription and evaluation,,section 230,,constitutionality and jurisprudency ,policy prescription and evaluation,"['complaint', 'section 230']","['A2F48NO7AD9VKK', 'AMWIBULQ4S8K3']"
topic_tweets_514,section 230,"(@hugolowell) 3 hours ago_x000D_
_x000D_
Just in: Senate Majority Leader Mitch McConnell will combine Trump demand for Section 230 repeal with legislation to increase stimulus checks to $2,000 — poisoning the bill to make it unpassable in the Senate.",1344086686607794176,2020-12-30T00:00:00Z,True,False,False,section 230,,political,,section 230,,policy prescription and evaluation,,"['section 230', 'section 230']","['A55X502YHPLPL', 'AJAPJJTISC36L']"
topic_tweets_515,section 230,@jayshee0325 @JeffersonMetz @realjunsonchan @realDonaldTrump You don't mind that removing Section 230 would give significant advantage to *foreign* platforms?,1334571501761294336,2020-12-03T00:00:00Z,True,False,False,section 230,,policy prescription and evaluation,,section 230,,capacity and resources ,external regulation and reputation,"['section 230', 'section 230']","['A18DUG8EA8Y766', 'A2F0X4LN9N4O4C']"
topic_tweets_516,section 230,"@tonyhuyyo @ogpaul Yes. Rewrite Section 230 to make operators of quasi-public forums responsible for applying the same rules as apply to free speech in the public square. No prior restraint. No blanket censorship of people. _x000D_
1/2",1347991541369880576,2021-01-09T00:00:00Z,True,True,False,section 230,,policy prescription and evaluation,quality of life,section 230,,policy prescription and evaluation,fairness and equality ,"['section 230', 'section 230']","['A2F48NO7AD9VKK', 'A2T5CROJ0FWIJY']"
topic_tweets_517,platform policies,@GregCrennan To have moderation policies in place to prevent the spread of violent rhetoric.,1347802117050916864,2021-01-09T00:00:00Z,True,False,True,platform policies,,policy prescription and evaluation,security and defense frames,platform policies,,security and defense frames,morality ,"['platform policies', 'complaint']","['A2F48NO7AD9VKK', 'AMWIBULQ4S8K3']"
topic_tweets_518,trump ban,Been laughing at the concept of Trump ban evading once his terms ends and Twitter gets rid of him.,1330268463764529152,2020-11-21T00:00:00Z,True,False,False,trump ban,,policy prescription and evaluation,,trump ban,,policy prescription and evaluation,,"['trump ban', 'trump ban']","['A2YYQJ3JWA2KGD', 'A3JZS32RQUWGJM']"
topic_tweets_519,section 230,@NRSC @Perduesenate @KLoeffler What is section 230?,1345184266330595328,2021-01-02T00:00:00Z,True,False,False,section 230,,,,section 230,,,,"['section 230', 'section 230']","['A2F0X4LN9N4O4C', 'A2Q1YS118AO2BP']"
topic_tweets_520,section 230,"Once we repeal/amend Section 230, these jackwagons can finally be held accountable for their actions... https://t.co/83dy3Eg108 It is now fact that Twitter and Facebook suppressed a groundbreaking political scandal that is confirmed by numerous sources _x000D_

The scale of this scandal is beyond historic",1319275055717642240,2020-10-22T00:00:00Z,True,True,False,section 230,,policy prescription and evaluation,morality ,section 230,general complaint,"law and order, crime and justice frames",policy prescription and evaluation,"['section 230', 'section 230']","['A2T5CROJ0FWIJY', 'A3JZS32RQUWGJM']"
topic_tweets_521,section 230,@krunklebenj @keepitreal953 @Ratify_The_ERA @FoxNews Section 230!,1317127308600315904,2020-10-16T00:00:00Z,True,False,False,section 230,,,,section 230,,,,"['section 230', 'section 230']","['A2T5CROJ0FWIJY', 'AMWIBULQ4S8K3']"
topic_tweets_522,section 230,"@FiveRights Not at all. Repealing section 230 would mean that platforms would be responsible for everything posted on them by users. This will likely result in more censorship, not less.",1344024588485849088,2020-12-29T00:00:00Z,True,False,False,section 230,,policy prescription and evaluation,,section 230,,policy prescription and evaluation,fairness and equality ,"['section 230', 'section 230']","['A2T5CROJ0FWIJY', 'A3JZS32RQUWGJM']"
topic_tweets_523,platform policies,"I DO know who needs to hear this, but:_x000D_
_x000D_
If you are upset about the Qanon Twitter ban, you are part of the problem and not the solution",1285755702695415808,2020-07-22T00:00:00Z,True,False,True,platform policies,general complaint,constitutionality and jurisprudency ,,platform policies,general complaint,policy prescription and evaluation,,"['complaint', 'other']","['A2YYQJ3JWA2KGD', 'A3RYI5HXC2MJLN']"
topic_tweets_524,platform policies,Facebook CEO says backs regulation of harmful online content - https://t.co/ZqNBgVMM2H https://t.co/kGJ1PVeqXe,1228720308279898112,2020-02-15T00:00:00Z,True,False,True,platform policies,,,,platform policies,,,,"['platform policies', 'platform policies']","['A2F48NO7AD9VKK', 'A3JZS32RQUWGJM']"
topic_tweets_525,trump ban,CEO Jack Dorsey says Twitter had to ban Trump to protect safety https://t.co/eHv18jRbGx via @nbcnews,1349537809695182848,2021-01-14T00:00:00Z,True,False,True,trump ban,,security and defense frames,,trump ban,,security and defense frames,,"['trump ban', 'trump ban']","['A2F48NO7AD9VKK', 'A2T5CROJ0FWIJY']"
topic_tweets_526,complaint,@Rolyab44 @Tamaranis @shaun_vids What about capitalists deplatforming socialists and communists from their social media websites because they view their ideas as harmful to society?...,1280725897251819520,2020-07-08T00:00:00Z,True,True,False,general complaint,,political,,general complaint,,political,,"['complaint', 'complaint']","['A2JPOXYZM5AJZZ', 'A2T5CROJ0FWIJY']"
topic_tweets_527,complaint,"@sfmnemonic The difference is that technically a system of ""content moderation"" is the same as ""censorship.""_x000D_
_x000D_
I did not accuse anyone of corruption. What I'm saying for is jobs at Facebook and Google doing ""content moderation"" and ""AI ethics"" whitewash their behavior. What else do they do?",1384237790343299072,2021-04-19T00:00:00Z,True,True,False,general complaint,,fairness and equality ,morality ,general complaint,platform policies,fairness and equality ,morality ,"['complaint', 'platform policies']","['A2JPOXYZM5AJZZ', 'A2YYQJ3JWA2KGD']"
topic_tweets_528,platform policies,"Twitter, Inc: Ask Facebook and Twitter to remove hateful, Islamophobic content on their platforms https://t.co/gdmPLUdy7N via @Change",1378542970115387392,2021-04-04T00:00:00Z,True,False,True,platform policies,,policy prescription and evaluation,,platform policies,,policy prescription and evaluation,morality ,"['complaint', 'platform policies']","['A2F48NO7AD9VKK', 'A2YYQJ3JWA2KGD']"
topic_tweets_529,complaint,"@HamEggsnSam @YouTube All these social media platforms are a joke. Bots/Scams/over the top scensorship/Shadow banning/no recourse account removals.. Now this, no surprise.",1260559158358704128,2020-05-13T00:00:00Z,True,True,False,general complaint,,other,,general complaint,platform policies,fairness and equality ,,"['complaint', 'complaint']","['A2Q1YS118AO2BP', 'A2T5CROJ0FWIJY']"
topic_tweets_530,trump ban,"@theallinpod Since trump was acquitted by the senate, what does it say on the ban imposed by Facebook &amp; Twitter? If the law makers couldn’t place charges, what gives FB &amp; TWTR the right to keep his accounts blocked. They are not lawmakers or judges.",1360803496468045824,2021-02-14T00:00:00Z,True,True,False,trump ban,,"law and order, crime and justice frames",,trump ban,general complaint,"law and order, crime and justice frames",policy prescription and evaluation,"['trump ban', 'trump ban']","['A2JPOXYZM5AJZZ', 'A3JZS32RQUWGJM']"
topic_tweets_531,section 230,I support the President and I support the removal of section 230 shielding big tech. Since the big the tech has decided to choose winners and losers in information dissemination. https://t.co/1lf5K5wV6p,1334150085001744384,2020-12-02T00:00:00Z,True,True,False,section 230,,policy prescription and evaluation,fairness and equality ,section 230,,policy prescription and evaluation,fairness and equality ,"['section 230', 'section 230']","['A2HM35CWB7IIFM', 'A55X502YHPLPL']"
topic_tweets_532,platform policies,Facebook says it will ban groups that openly support QAnon https://t.co/1JOV4iknsa https://t.co/KZ5o0vOPUO,1313746728462569472,2020-10-07T00:00:00Z,True,False,False,platform policies,,policy prescription and evaluation,"law and order, crime and justice frames",platform policies,,,,"['platform policies', 'platform policies']","['A2F48NO7AD9VKK', 'A2HM35CWB7IIFM']"
topic_tweets_533,section 230,"Senate Majority Leader McConnell has introduced a new bill that would combine $2,000 stimulus checks with two of Pres. Trump’s unrelated priorities:

-The creation of a commission to study election fraud
-Repealing of Section 230 -- shielding social media companies from lawsuits https://t.co/Z5Ezx70nkx",1344398044100513792,2020-12-30T00:00:00Z,True,False,False,section 230,,political,,section 230,,,,"['section 230', 'section 230']","['A2Q1YS118AO2BP', 'A2T5CROJ0FWIJY']"
topic_tweets_534,section 230,"FCC commissioner says Trump’s Section 230 plan ‘does not work’
The FCC is divided over the draft order https://t.co/DWNB5BBQZf",1266129310030589952,2020-05-28T00:00:00Z,True,False,False,section 230,,policy prescription and evaluation,,section 230,,,,"['section 230', 'section 230']","['A2IOT3PCS9G5RK', 'A2YYQJ3JWA2KGD']"
topic_tweets_535,section 230,"Trump vetoes $740 billion defense bill after Section 230 complaints...
https://t.co/32BVeoOngH",1341978881675255808,2020-12-24T00:00:00Z,True,False,False,section 230,,,,section 230,,,,"['section 230', 'section 230']","['A2FCGEU5RTEWG8', 'A3JZS32RQUWGJM']"
topic_tweets_536,section 230,"The Trump administration’s “Executive Order on Preventing Online Censorship” may overhaul social media, with the help of the Federal Communications Commission. https://t.co/NBbGDBGTzq White House HITS BACK at Big Tech, Calls on FCC to Clarify Section 230 via @AlaxandairH https://t.co/NWDuBWt9AI",1288665114481012736,2020-07-30T00:00:00Z,True,True,False,section 230,,political,fairness and equality ,section 230,,"law and order, crime and justice frames",fairness and equality ,"['section 230', 'section 230']","['A2F48NO7AD9VKK', 'A3RYI5HXC2MJLN']"
topic_tweets_537,section 230,@brithume End Section 230 for all social media platforms that censor and editorialize.,1306604140064313344,2020-09-17T00:00:00Z,True,True,False,section 230,,policy prescription and evaluation,,section 230,,policy prescription and evaluation,,"['section 230', 'section 230']","['A2FCGEU5RTEWG8', 'A2YYQJ3JWA2KGD']"
topic_tweets_538,trump ban,Use #FairnessDoctrine! Banning Trump won't fix social media: 10 ideas to rebuild our broken internet – by experts https://t.co/hBRIuy9XbA,1350447053831340032,2021-01-16T00:00:00Z,True,False,False,trump ban,,fairness and equality ,quality of life,trump ban,platform policies,fairness and equality ,policy prescription and evaluation,"['complaint', 'trump ban']","['A2JPOXYZM5AJZZ', 'A3JZS32RQUWGJM']"
topic_tweets_539,platform policies,"@ajcdeane @FraserMyers @BBCr4today Dawn went on to argue that deplatforming people was actually a *defence* of free speech._x000D_
_x000D_
Which was special.",1232255650811564032,2020-02-25T00:00:00Z,True,True,False,platform policies,,constitutionality and jurisprudency ,,platform policies,,constitutionality and jurisprudency ,,"['other', 'platform policies']","['A2JPOXYZM5AJZZ', 'AMWIBULQ4S8K3']"
topic_tweets_540,section 230,Repeal section 230! https://t.co/yjVec67sYN,1334527288017350656,2020-12-03T00:00:00Z,True,False,False,section 230,,policy prescription and evaluation,,section 230,,policy prescription and evaluation,,"['section 230', 'section 230']","['A3JZS32RQUWGJM', 'A3N0QZ9ZKUCTCQ']"
topic_tweets_541,trump ban,"Reddit bans r/donaldtrump following violence at the U.S. Capitol
https://t.co/CF9g7isSDf
Days after a mob broke into the U.S. Capitol amid protests against Donald Trump’s 2020 election loss, another major social media platform has banned a popular pro-Trump forum. Reddit this mor",1347614441165099008,2021-01-08T00:00:00Z,True,False,True,trump ban,,,,trump ban,,,,"['trump ban', 'trump ban']","['A2HM35CWB7IIFM', 'A314XJY8V1YL12']"
topic_tweets_542,section 230,Many people who purport to be experts on Section 230 don't recognize that Stratton Oakmont v. Prodigy was wrongly decided. https://t.co/adkl26Wsw7,1292107974631202816,2020-08-08T00:00:00Z,True,False,False,section 230,,policy prescription and evaluation,,section 230,,"law and order, crime and justice frames",,"['section 230', 'section 230']","['A2HM35CWB7IIFM', 'A2IOT3PCS9G5RK']"
topic_tweets_543,trump ban,"@411JML @AngrierWHStaff He should buy Twitter, then ban Trump",1226333682614534144,2020-02-09T00:00:00Z,True,False,True,trump ban,,policy prescription and evaluation,,trump ban,,policy prescription and evaluation,,"['trump ban', 'trump ban']","['A2IOT3PCS9G5RK', 'A2JPOXYZM5AJZZ']"
topic_tweets_544,platform policies,"TikTok says it removed 104M videos in H1 2020, proposes harmful content coalition with other social apps https://t.co/2GEn6sKfET",1308663225962188800,2020-09-23T00:00:00Z,True,False,True,platform policies,,health and safety frames,,platform policies,,,,"['platform policies', 'other']","['A2T5CROJ0FWIJY', 'A3RYI5HXC2MJLN']"
topic_tweets_545,complaint,Yep instagram is def shadow banning my post. F** instagram,1375626755915067392,2021-03-27T00:00:00Z,True,True,False,personal complaint,,other,,personal complaint,,fairness and equality ,policy prescription and evaluation,"['complaint', 'complaint']","['A2F48NO7AD9VKK', 'A3JZS32RQUWGJM']"
topic_tweets_546,section 230,@MarkDice @realDonaldTrump The repeal of section 230 would be weaponized far more against conservatives then it would be against liberals. Free speech would suffer far worse than it is now. Platforms like Parler would no longer allow free speech. We need to really think about this.,1333967670937436160,2020-12-02T00:00:00Z,True,True,False,section 230,,political,constitutionality and jurisprudency ,section 230,,political,constitutionality and jurisprudency ,"['section 230', 'section 230']","['A2IOT3PCS9G5RK', 'A2YYQJ3JWA2KGD']"
topic_tweets_547,section 230,@rmiddl5474 @mike_hamm @RonPaul @Facebook Section 230 doesn’t have anything to do with it. Maybe try reading instead of listening to right-wing propaganda.,1348834072978731008,2021-01-12T00:00:00Z,True,False,False,section 230,,policy prescription and evaluation,political,section 230,,political,,"['section 230', 'section 230']","['A2T5CROJ0FWIJY', 'A3JZS32RQUWGJM']"
topic_tweets_548,platform policies,"If tech companies want to get to grips with tackling harmful content and behaviours, they must do the following:
https://t.co/ko2FCXjQD7",1327217160930922496,2020-11-13T00:00:00Z,True,False,False,platform policies,,health and safety frames,,platform policies,,morality ,policy prescription and evaluation,"['platform policies', 'platform policies']","['A2YYQJ3JWA2KGD', 'AMWIBULQ4S8K3']"
topic_tweets_549,section 230,@NEWS_MAKER Kill Section 230 too.,1341590193631969280,2020-12-23T00:00:00Z,True,False,False,section 230,,policy prescription and evaluation,,section 230,,policy prescription and evaluation,,"['section 230', 'section 230']","['A2Q1YS118AO2BP', 'AMWIBULQ4S8K3']"
topic_tweets_550,complaint,"@BobDobb15029165 @RACurtisSanche1 @pablo_honey1 @realDonaldTrump @Twitter I keep hearing the left say he's attacking the constitution, meanwhile claiming exaggerated gun death numbers and demand the 2nd amendment be infringed upon, advocating for hate speech laws, the deplatforming of all of their political rivals, impeaching 45 over a false conspiracy",1266129458110423040,2020-05-28T00:00:00Z,True,True,False,general complaint,,constitutionality and jurisprudency ,,general complaint,,political,,"['complaint', 'other']","['A2F48NO7AD9VKK', 'AMWIBULQ4S8K3']"
topic_tweets_551,section 230,"@CNNPolitics The Digital oligarchs arbitrarily misusing Section 230 to attack political opponents and dissidents has caused greater shock to the world than the Capitol Hill Riot. Europe has begun to consider enacting special laws to stop such violations. Repeal 230!!
https://t.co/DcVUZ5u0FA",1349399993023655936,2021-01-13T00:00:00Z,True,False,False,section 230,,"law and order, crime and justice frames",policy prescription and evaluation,section 230,,political,policy prescription and evaluation,"['section 230', 'section 230']","['A2T5CROJ0FWIJY', 'A2YYQJ3JWA2KGD']"
topic_tweets_552,trump ban,"After using Twitter and Facebook to incite a violent coup, it's time to ban @realDonaldTrump permanently. https://t.co/65PLz4IG0s",1347265743889588224,2021-01-07T00:00:00Z,True,False,True,trump ban,,policy prescription and evaluation,security and defense frames,trump ban,,policy prescription and evaluation,,"['trump ban', 'trump ban']","['A2YYQJ3JWA2KGD', 'AJAPJJTISC36L']"
topic_tweets_553,section 230,"Trillion-dollar Big Tech monopolies claim they need Uncle Sam’s coddling &amp; protection from lawsuits, in the form of an out-of-date statute called Section 230 (from 1996).

And then these Big Tech bullies target &amp; silence conservatives.

@The_IAP says it’s time to reboot Big Tech.",1293654797967454208,2020-08-12T00:00:00Z,True,True,False,section 230,general complaint,"law and order, crime and justice frames",constitutionality and jurisprudency ,section 230,general complaint,"law and order, crime and justice frames",political,"['section 230', 'section 230']","['A2YYQJ3JWA2KGD', 'A3JZS32RQUWGJM']"
topic_tweets_554,section 230,@Caskon2 @truthseeker_sw @SeattlePD Twitter censored this post.  Rescind section 230 protection now!!,1332565286776520704,2020-11-28T00:00:00Z,True,True,False,section 230,,policy prescription and evaluation,,section 230,personal complaint,policy prescription and evaluation,,"['section 230', 'section 230']","['A3JZS32RQUWGJM', 'A3RYI5HXC2MJLN']"
topic_tweets_555,section 230,"Sadly Big Tech continues down a path that will see them stripped of Section 230 protections of CDA. One way or another they're going to have to change their practices, whether they like it or not. Better to do it willingly than have it legislated.",1273285691850416128,2020-06-17T00:00:00Z,True,False,False,section 230,general complaint,policy prescription and evaluation,,section 230,platform policies,policy prescription and evaluation,"law and order, crime and justice frames","['section 230', 'section 230']","['A2YYQJ3JWA2KGD', 'A3JZS32RQUWGJM']"
topic_tweets_556,complaint,"@TargetedIllino1 @SenDuckworth @PSardonicus @FBI Very dubious that I got 2 likes for this tweet, and there are no shares. This is shadow banning.",1321146682382422016,2020-10-27T00:00:00Z,True,False,False,personal complaint,platform policies,fairness and equality ,,personal complaint,platform policies,,,"['platform policies', 'complaint']","['A2YYQJ3JWA2KGD', 'A3JZS32RQUWGJM']"
topic_tweets_557,trump ban,Sign the petition to the Facebook Oversight Board: Permanently ban Trump: https://t.co/n99zvaNdDb,1359608166825275392,2021-02-10T00:00:00Z,True,False,True,trump ban,,policy prescription and evaluation,,trump ban,,policy prescription and evaluation,,"['trump ban', 'trump ban']","['A2IOT3PCS9G5RK', 'A3MZ9RQJX9T656']"
topic_tweets_558,section 230,The Justice Department Unveils Proposed Section 230 Legislation on Behalf of the Administration | OPA | Department of Justice https://t.co/GqQcEyzVN6,1308875882916974592,2020-09-23T00:00:00Z,True,False,False,section 230,,,,section 230,,,,"['section 230', 'section 230']","['A2F0X4LN9N4O4C', 'A2VC1UC5Q0E9PO']"
topic_tweets_559,section 230,#Zuckerbergintrouble He just played the Fire in the Theatre card. Revoke section 230!,1321490301484208128,2020-10-28T00:00:00Z,True,False,False,section 230,,policy prescription and evaluation,,section 230,,policy prescription and evaluation,,"['section 230', 'section 230']","['A2FCGEU5RTEWG8', 'A2YYQJ3JWA2KGD']"
topic_tweets_560,trump ban,petition for twitter to ban trump,1325202306552324096,2020-11-07T00:00:00Z,True,False,True,trump ban,,policy prescription and evaluation,,trump ban,,policy prescription and evaluation,,"['trump ban', 'trump ban']","['A2Q1YS118AO2BP', 'A2T5CROJ0FWIJY']"
topic_tweets_561,section 230,It's a direct attack on privacy and encryption. It was introduced 3/05/2020. It is co-sponsored by senators Lindsey Graham (R-SC) / Richard Blumenthal (D-CT) &amp; plans to strip Section 230 protections away.,1240459569387769856,2020-03-19T00:00:00Z,True,False,False,section 230,,political,,section 230,,security and defense frames,,"['section 230', 'section 230']","['A2JPOXYZM5AJZZ', 'A2T5CROJ0FWIJY']"
topic_tweets_562,trump ban,Shut down Trump's twitter capabilities. Ban him,1346952389048164352,2021-01-06T00:00:00Z,True,False,True,trump ban,,policy prescription and evaluation,,trump ban,,policy prescription and evaluation,,"['trump ban', 'trump ban']","['A3JZS32RQUWGJM', 'A3RYI5HXC2MJLN']"
topic_tweets_563,trump ban,"@Twitter, it's time to put your big boy pants on &amp; ban Trump on twitter.  He is dangerous.  Always has been.  This is total madness. #BanTrumpNow",1346934361103376384,2021-01-06T00:00:00Z,True,False,True,trump ban,,policy prescription and evaluation,,trump ban,,policy prescription and evaluation,security and defense frames,"['complaint', 'trump ban']","['A2Q1YS118AO2BP', 'A2T5CROJ0FWIJY']"
topic_tweets_564,complaint,"@SpringSteps People are getting tired of shadow banning, and censorship. They are moving to other platforms.",1353497827205242880,2021-01-25T00:00:00Z,True,True,False,general complaint,,policy prescription and evaluation,,general complaint,,policy prescription and evaluation,fairness and equality ,"['complaint', 'platform policies']","['A22KRF782ELLB0', 'A2IOT3PCS9G5RK']"
topic_tweets_565,trump ban,Twitter Chief Says Trump Ban Sets ‘Dangerous’ Precedent https://t.co/QJzjVidjin,1349646467980521472,2021-01-14T00:00:00Z,True,True,False,trump ban,,policy prescription and evaluation,,trump ban,,security and defense frames,policy prescription and evaluation,"['trump ban', 'trump ban']","['A2T5CROJ0FWIJY', 'A3JZS32RQUWGJM']"
topic_tweets_566,complaint,"Every Republican who bemoaned the supposed deplatforming of ""intellectuals"" on college campuses as the biggest 1st amendment problem in the US, but doesn't speak up about the President gassing peaceful protestors for a photo-op..._x000D_
_x000D_
We see you..._x000D_
_x000D_
#BlackLivesMatter",1267619918666543104,2020-06-02T00:00:00Z,True,False,False,general complaint,platform policies,fairness and equality ,morality ,general complaint,,fairness and equality ,political,"['complaint', 'other']","['A2T5CROJ0FWIJY', 'AMWIBULQ4S8K3']"
topic_tweets_567,section 230,"@realDonaldTrump @GOPLeader

11 years on Twitter never violated a rule once but my tweet's are shadow banned/suppressed because I'm a Trump supporter who tweets out the truth. Take away leftist twitter's section 230 gov. protection NOW!

https://t.co/ln5RPJRQED https://t.co/Zvq9bwMHHX",1317566997375352832,2020-10-17T00:00:00Z,True,True,False,section 230,,policy prescription and evaluation,political,section 230,general complaint,policy prescription and evaluation,political,"['section 230', 'section 230']","['A3RYI5HXC2MJLN', 'AMWIBULQ4S8K3']"
topic_tweets_568,section 230,Gutting #Section230 or even adjusting the wording opens the door to censorship and is a very slippery slope. // Trump to sign executive order on social media amid Twitter furor https://t.co/qKXi1O6SDu via @politico #smm #socialmedia,1265994477136687104,2020-05-28T00:00:00Z,True,True,False,section 230,,political,fairness and equality ,section 230,,policy prescription and evaluation,fairness and equality ,"['section 230', 'section 230']","['A2JPOXYZM5AJZZ', 'A2YYQJ3JWA2KGD']"
topic_tweets_569,section 230,"@seanhannity Although, we still need to repeal Section 230. Big Tech can influence our youth.",1317177077460848640,2020-10-16T00:00:00Z,True,False,False,section 230,,health and safety frames,policy prescription and evaluation,section 230,,policy prescription and evaluation,health and safety frames,"['section 230', 'section 230']","['A3JZS32RQUWGJM', 'AMWIBULQ4S8K3']"
topic_tweets_570,section 230,"@HawleyMO @Twitter @jack @Facebook Thank you so much. And the chairman of FCC just issued the following statement to clarify section 230.

""Social media has the first right Amendment, but it does not give first right amendment to deny media broadcast such as newspaper and magazine."" https://t.co/6IkZZKAdhY",1316900383265095680,2020-10-16T00:00:00Z,True,False,False,section 230,,"law and order, crime and justice frames",,section 230,,"law and order, crime and justice frames",constitutionality and jurisprudency ,"['twitter support', 'section 230']","['A2Q1YS118AO2BP', 'A3JZS32RQUWGJM']"
topic_tweets_571,trump ban,"Facebook blocks Trump for remainder of term while Twitter sets permanent ban

https://t.co/K2eDQry8Kb",1351907691816509440,2021-01-20T00:00:00Z,True,False,False,trump ban,,,,trump ban,,,,"['trump ban', 'trump ban']","['A2F0X4LN9N4O4C', 'A2F48NO7AD9VKK']"
topic_tweets_572,section 230,"@realDonaldTrump So this is the current list of topics ""trending"" on Twitter.
Want to hazard a guess which one has Trumpy screaming about Section 230? https://t.co/nRWqxRRZvl",1333971908484882432,2020-12-02T00:00:00Z,True,False,False,section 230,,other,,section 230,,other,,"['section 230', 'section 230']","['A2YYQJ3JWA2KGD', 'AMWIBULQ4S8K3']"
topic_tweets_573,section 230,"Section 230: Mend It, Don’t End It by @DavidSacks https://t.co/GJLD7vRYTu // this is thoughtful and I think very good, and importantly can be operationalized without advantaging scale incumbents.",1348062269100367872,2021-01-10T00:00:00Z,True,False,False,section 230,,policy prescription and evaluation,,section 230,,policy prescription and evaluation,fairness and equality ,"['section 230', 'other']","['A2HM35CWB7IIFM', 'A3RYI5HXC2MJLN']"
topic_tweets_574,trump ban,Jim Cramer: Twitter in Trouble After Trump Ban.  https://t.co/kqWBBWeySe,1348866438472347648,2021-01-12T00:00:00Z,True,False,False,trump ban,,,,trump ban,,,,"['trump ban', 'trump ban']","['AJAPJJTISC36L', 'AMWIBULQ4S8K3']"
topic_tweets_575,section 230,"Missed the @Pelicans_tech panel on free speech &amp; #Section230 yesterday? Don't worry, you can still watch @PatHedger18 here: https://t.co/nCdeQOFkdk",1317120467010899968,2020-10-16T00:00:00Z,True,False,False,section 230,,,,section 230,platform policies,,,"['other', 'section 230']","['A2Q1YS118AO2BP', 'A3JZS32RQUWGJM']"
topic_tweets_576,section 230,Trump vs. Twitter: Is there a silver lining in the Section 230 fight?: https://t.co/QOsyTrjWk5,1266626834751520768,2020-05-30T00:00:00Z,True,False,False,section 230,,,,section 230,,,,"['section 230', 'section 230']","['A2HM35CWB7IIFM', 'A2Q1YS118AO2BP']"
topic_tweets_577,complaint,"i get that banning the president was more about policy or whatever than about actually pushing the button, but this implies that @twitter had a ""ban 70,000 qanon accounts"" button Ready To Go that they also were not pushing for some reason https://t.co/B48sO9jWmW NEW: Twitter removed 70,000 QAnon accounts this weekend. For some users, this caused noticeable drops in their follower counts. https://t.co/SPvkJXSg7O",1348823524115415040,2021-01-12T00:00:00Z,True,False,False,general complaint,,policy prescription and evaluation,,general complaint,trump ban,fairness and equality ,policy prescription and evaluation,"['trump ban', 'complaint']","['A2Q1YS118AO2BP', 'AVWU9JDY5G81E']"
topic_tweets_578,trump ban,"@Rogue_Martin https://t.co/CtfhTnfupC

Sign my petition to #BanDonaldTrump from Twitter for inciting violence and hate speech against protestors!!",1266888196853395456,2020-05-31T00:00:00Z,True,False,True,trump ban,,security and defense frames,,trump ban,,policy prescription and evaluation,morality ,"['trump ban', 'trump ban']","['A2YYQJ3JWA2KGD', 'A3RYI5HXC2MJLN']"
topic_tweets_579,complaint,"@bonesprouts Twitter is going through a thing. Supposedly restricting and shadowbanning accounts due to the election and some other stuff. Trust me, I've been losing too and many others.",1337175708586663936,2020-12-10T00:00:00Z,True,True,False,general complaint,,fairness and equality ,,general complaint,platform policies,fairness and equality ,political,"['complaint', 'complaint']","['A2FCGEU5RTEWG8', 'A2JPOXYZM5AJZZ']"
topic_tweets_580,section 230,Lindsey Graham Says He’s Done Taking It Easy On Section 230 https://t.co/JqllXDVfVb,1348281832375152640,2021-01-10T00:00:00Z,True,False,False,section 230,,,,section 230,,policy prescription and evaluation,,"['section 230', 'section 230']","['A22KRF782ELLB0', 'AMWIBULQ4S8K3']"
topic_tweets_581,trump ban,@jack God bless you. Please do the right thing and ban Trump from Twitter.,1265739232888455168,2020-05-27T00:00:00Z,True,False,True,trump ban,,policy prescription and evaluation,morality ,trump ban,,policy prescription and evaluation,morality ,"['trump ban', 'trump ban']","['A2T5CROJ0FWIJY', 'A2YYQJ3JWA2KGD']"
topic_tweets_582,complaint,"@petercoffin once someone, like Milo, Alex Jones, or gun girl, gets enough attention or money, it's damn near impossible to fully stop them. Deplatforming from major platforms still makes it harder to spread their message, and slows its reach. But it's not a steak to the heart",1279137628378615808,2020-07-03T00:00:00Z,True,False,False,general complaint,,policy prescription and evaluation,,general complaint,,policy prescription and evaluation,security and defense frames,"['complaint', 'other']","['A2HM35CWB7IIFM', 'AMWIBULQ4S8K3']"
topic_tweets_583,complaint,"Bill Mitchell:my Twitter ban is PERMANENT??
Regardless, to wipe out on of the top Trump accounts months before the election is utterly preposterous and censorship in the extreme.
https://t.co/lVS9pGaKPO”",1294444758379769856,2020-08-15T00:00:00Z,True,True,False,personal complaint,,policy prescription and evaluation,,personal complaint,general complaint,fairness and equality ,political,"['trump ban', 'trump ban']","['A22KRF782ELLB0', 'A2T5CROJ0FWIJY']"
topic_tweets_584,trump ban,"Mark Zuckerberg defends Twitter's decision to ban Donald Trump Jr over a posts video claiming masks are unnecessary.
Click on the link in our bio or access the link below to get the full story.… https://t.co/1nHYUFN7UD",1288590298109505536,2020-07-29T00:00:00Z,True,False,True,trump ban,,policy prescription and evaluation,,trump ban,,policy prescription and evaluation,,"['trump ban', 'trump ban']","['A2Q1YS118AO2BP', 'A2YYQJ3JWA2KGD']"
topic_tweets_585,trump ban,"@DaleGeldart @DoYouEvenLif @realDonaldTrump You're disgusted that your president gets to speak?? It isn't difficult. If he claims signatures are the problem, get them audited properly and prove him wrong. But requiring Twitter to ban free speech because you don't agree with it. Isn't that the fascism you accuse Trump of?",1330494705998688256,2020-11-22T00:00:00Z,True,True,False,trump ban,,policy prescription and evaluation,morality ,trump ban,,constitutionality and jurisprudency ,policy prescription and evaluation,"['platform policies', 'other']","['A2T5CROJ0FWIJY', 'AMWIBULQ4S8K3']"
topic_tweets_586,trump ban,"But I'll bet they'll find a way to let him back on,"" says @BillGates on President Trump's social media ban. https://t.co/N7QuEL9pfM #usa #viralvideos #viralinUS #VIRALNEWS",1363337753975545856,2021-02-21T00:00:00Z,True,False,False,trump ban,,policy prescription and evaluation,,trump ban,,,,"['trump ban', 'trump ban']","['A3JZS32RQUWGJM', 'A3RYI5HXC2MJLN']"
topic_tweets_587,complaint,"What is “best” about this is the general “you know what I am talking about” thing. I have talked to relatives where I would bet them $100 to explain to me *how* Twitter or FB are “censoring” conservatives. They have no idea. (One just said “shadowbanning.”) https://t.co/gpQsu1Z1FJ Trump on Twitter/FB: ""They have points of view &amp; if we go by that, it's actually amazing there was a success in 2016, but we can't let this continue to happen. It's very unfair. You look at the statistics &amp; you look at what is going on."" (Russia used social media to help Trump!) https://t.co/me9Ah8eMDB",1266158945707495424,2020-05-29T00:00:00Z,True,False,False,general complaint,,other,,general complaint,,fairness and equality ,political,"['twitter support', 'trump ban']","['A2Q1YS118AO2BP', 'AMWIBULQ4S8K3']"
topic_tweets_588,trump ban,Trump really about to be the first American president to be kicked off of damn near every social media platform (or get the ones that don’t ban him shut down). #TrumpBanned #TrumpTwitterBan #TrumpSuspended #TrumpSuspendedParty https://t.co/edJHfChV3v,1347772798824013824,2021-01-09T00:00:00Z,True,False,False,trump ban,,,,trump ban,,,,"['trump ban', 'trump ban']","['A2T5CROJ0FWIJY', 'A2VC1UC5Q0E9PO']"
topic_tweets_589,section 230,"Only this SOB!
Section 230 of the Communications Decency Act
 47 U.S.C. § 230, a Provision of the Communication Decency Act! https://t.co/hHIpNwXNal",1266495819638648832,2020-05-29T00:00:00Z,True,False,False,section 230,,,,section 230,,,,"['section 230', 'section 230']","['A18DUG8EA8Y766', 'A2HM35CWB7IIFM']"
topic_tweets_590,trump ban,"Donald Trump Jr. says 'the world is laughing at America' as he rails against his dad's Twitter ban, saying 'free speech is dead' https://t.co/xstMQ7JERU via @Yahoo NO the world is laughing at the Dumb Ass ""TRUMP's.",1348290040112312320,2021-01-10T00:00:00Z,True,True,False,trump ban,,constitutionality and jurisprudency ,,trump ban,,policy prescription and evaluation,,"['trump ban', 'trump ban']","['A3JZS32RQUWGJM', 'AJAPJJTISC36L']"
topic_tweets_591,complaint,I didn't realize shadowbanning was a thing on Tumblr too. No wonder I had very little engagement.,1316890895623438336,2020-10-15T00:00:00Z,True,True,False,personal complaint,,fairness and equality ,,personal complaint,,fairness and equality ,,"['other', 'other']","['A2Q1YS118AO2BP', 'AMWIBULQ4S8K3']"
topic_tweets_592,section 230,Repeal Section 230! https://t.co/jTMVw84JHT,1321682723480678400,2020-10-29T00:00:00Z,True,False,False,section 230,,policy prescription and evaluation,,section 230,,policy prescription and evaluation,,"['section 230', 'section 230']","['A2F0X4LN9N4O4C', 'A2T5CROJ0FWIJY']"
topic_tweets_593,section 230,"@RonDonahoe @NYCritix @thunderhoof172 @realDonaldTrump Might be strange, but it's within Twitter's right; revoking Section 230 would not eliminate that right.",1332261595494363136,2020-11-27T00:00:00Z,True,False,False,section 230,,policy prescription and evaluation,,section 230,,"law and order, crime and justice frames",,"['section 230', 'section 230']","['A22KRF782ELLB0', 'A2YYQJ3JWA2KGD']"
topic_tweets_594,section 230,"@W7VOA @OverUnderClover Section 230 should stay. No oppressing the free speech of  Americans, by that petty, little martinet.",1344066329356070912,2020-12-29T00:00:00Z,True,False,False,section 230,,constitutionality and jurisprudency ,policy prescription and evaluation,section 230,,policy prescription and evaluation,constitutionality and jurisprudency ,"['section 230', 'section 230']","['A2YYQJ3JWA2KGD', 'A3GLUDQZGEJL5G']"
topic_tweets_595,twitter support,"@jack @Twitter @TwitterSupport
Hello, Jack and Twitter!
Twitter Japan said, 'We've never done shadow banning now and past.' But, they did! After I wrote my opinions toward JPN, anybody couldn't get not only my replys but also tweets  though I didn't write rants or harassments. https://t.co/JhaTg5JfYY https://t.co/mWYcFkhXYL Twitterがシャドウバンを行っていると指摘されますが、現在も過去にも行ったこともありません。ただ、利用者の皆さんがより快適に利用できるように、ツイートのランク付けを行っています（トップツイート表示の場合）。なお、皆さんがフォローしているアカウントのツイートは常に表示されます。",1273632825212690432,2020-06-18T00:00:00Z,True,True,False,twitter support,platform policies,fairness and equality ,,twitter support,personal complaint,fairness and equality ,,"['twitter support', 'platform policies']","['A2Q1YS118AO2BP', 'A3JZS32RQUWGJM']"
topic_tweets_596,section 230,"""Trump says he’ll veto defense bill unless Section 230 is terminated""

[via @FoxNews]
https://t.co/1Kk03fNDE9",1334101254914465792,2020-12-02T00:00:00Z,True,False,False,section 230,,political,,section 230,,policy prescription and evaluation,,"['section 230', 'section 230']","['A2T5CROJ0FWIJY', 'A2YYQJ3JWA2KGD']"
topic_tweets_597,section 230,"@DineshDSouza @The_Dmac_Show Repealing section 230 would not end tech censorship. It would, in effect, require it.",1348061459637538816,2021-01-10T00:00:00Z,True,False,False,section 230,,policy prescription and evaluation,,section 230,,policy prescription and evaluation,,"['section 230', 'section 230']","['ABY1RK8H6HC8C', 'AMWIBULQ4S8K3']"
topic_tweets_598,trump ban,Will Twitter Ban Trump? - The Atlantic https://t.co/D2WLcOuFZt,1328089400417284096,2020-11-15T00:00:00Z,True,False,False,trump ban,,,,trump ban,,,,"['trump ban', 'trump ban']","['A2Q1YS118AO2BP', 'AMWIBULQ4S8K3']"
topic_tweets_599,section 230,"@realDonaldTrump i oppose stimulus checks and repeal Section 230. stimulus checks will bring long-term harm to the economy, and the latter will increase government powers. i think loan interest rate should be lowered and an independent department can be established to deal with media corruption.",1345088389972783104,2021-01-01T00:00:00Z,True,False,False,section 230,,policy prescription and evaluation,,section 230,,policy prescription and evaluation,constitutionality and jurisprudency ,"['other', 'section 230']","['A1IFIK8J49WBER', 'A3RYI5HXC2MJLN']"
topic_tweets_600,section 230,"A co-creator of Section 230 that enabled the rise of Big Tech, Senator @RonWyden is now pushing for accountability. “Sen. Ron Wyden is ready to send the CEO of @Facebook to prison, and he has the bill to do it.”

https://t.co/YW4VAypzpO",1292924682010628096,2020-08-10T00:00:00Z,True,False,False,section 230,,other,,section 230,,policy prescription and evaluation,,"['section 230', 'section 230']","['A22KRF782ELLB0', 'AJAPJJTISC36L']"
topic_tweets_601,section 230,Strengthening #Section230 instead of repealing it is good for America.,1343390061346369536,2020-12-28T00:00:00Z,True,False,False,section 230,,policy prescription and evaluation,,section 230,,policy prescription and evaluation,,"['section 230', 'section 230']","['A2IOT3PCS9G5RK', 'A2YYQJ3JWA2KGD']"
topic_tweets_602,platform policies,"Will deplatforming make Trump and the far-right vanish, move — or radicalize further? https://t.co/dKV7cY9ivm",1349287828014952448,2021-01-13T00:00:00Z,True,False,False,platform policies,,,,platform policies,,policy prescription and evaluation,,"['platform policies', 'trump ban']","['A2YYQJ3JWA2KGD', 'A3JZS32RQUWGJM']"
topic_tweets_603,section 230,Wait and see how this looks on Nov 4th... short the hell outta this after Trump decimates section 230.... https://t.co/YqRJuKb3n0,1322490284727566336,2020-10-31T00:00:00Z,True,False,False,section 230,,policy prescription and evaluation,,section 230,,policy prescription and evaluation,,"['section 230', 'section 230']","['A2IOT3PCS9G5RK', 'AMWIBULQ4S8K3']"
topic_tweets_604,section 230,"@senatemajldr Mc. Bill 2000.00 for adults 600 for children 17 under, no money for dependent plus he added section 230 to the bill and liability https://t.co/fJXEjdKLoW",1344093659852115968,2020-12-30T00:00:00Z,True,False,False,section 230,general complaint,economic ,political,section 230,,policy prescription and evaluation,,"['section 230', 'section 230']","['A18DUG8EA8Y766', 'A2T5CROJ0FWIJY']"
topic_tweets_605,twitter support,Using a criminal's picture insulting our history and culture this is where I should report this user to @Twitter @TwitterSupport for hateful content  and threatening #CyberSecurity https://t.co/KdIinpgMXf,1218819838262435840,2020-01-19T00:00:00Z,True,False,True,twitter support,,morality ,,twitter support,,morality ,,"['twitter support', 'twitter support']","['A3JZS32RQUWGJM', 'AMWIBULQ4S8K3']"
topic_tweets_606,twitter support,"OMG! Thank you @Twitter for taking action on an acct i reported as violating rules. In your reply, you acknowledged that the account contained hateful content that violated twitter rules &amp; that you took action as per.",1216530965880877056,2020-01-13T00:00:00Z,True,False,True,twitter support,,morality ,,twitter support,,morality ,,"['platform policies', 'twitter support']","['A2YYQJ3JWA2KGD', 'AMWIBULQ4S8K3']"
topic_tweets_607,trump ban,It really took yesterday for Zuckerburg to ban Trump from FB and Twitter to suspend his account. Shit it took the election for Twitter to finally fact check his tweets. Beyond enablement here,1347245019892232192,2021-01-07T00:00:00Z,True,False,True,trump ban,,policy prescription and evaluation,,trump ban,,policy prescription and evaluation,morality ,"['trump ban', 'trump ban']","['A22KRF782ELLB0', 'A2T5CROJ0FWIJY']"
topic_tweets_608,section 230,"At the moment, #Section230 protections provide a level playing field to those seeking to compete against Facebook, YouTube, Twitter, etc. Changes to the law that make complying with Section 230 more difficult are anticompetitive.",1321430891332276224,2020-10-28T00:00:00Z,True,False,False,section 230,,policy prescription and evaluation,fairness and equality ,section 230,,fairness and equality ,capacity and resources ,"['section 230', 'section 230']","['A2Q1YS118AO2BP', 'AMWIBULQ4S8K3']"
topic_tweets_609,section 230,"‘If Twitter was a private publisher, this would be annoying but unavoidable. But it isn’t. It’s a “platform” that, thanks to Section 230, faces no responsibility for what is tweeted.’ https://t.co/CPC79G1aer",1347854954581602304,2021-01-09T00:00:00Z,True,False,False,section 230,,other,,section 230,,"law and order, crime and justice frames",,"['section 230', 'section 230']","['A2T5CROJ0FWIJY', 'A2YYQJ3JWA2KGD']"
topic_tweets_610,section 230,"@NationalAssemb1 If there was censorship, you wouldn't get stories like this. But if you repeal section 230, people could sue Twitter into oblivion for what other people are saying, get it now?

https://t.co/zwFeDKoVap",1343109041191587840,2020-12-27T00:00:00Z,True,False,False,section 230,,"law and order, crime and justice frames",policy prescription and evaluation,section 230,,"law and order, crime and justice frames",,"['section 230', 'section 230']","['A2JPOXYZM5AJZZ', 'A2T5CROJ0FWIJY']"
